request_id,span,slo,latency
492973053,SayHello,10000,2104
798607042,SayHello,10000,2138
609548172,SayHello,10000,2716
421713424,SayHello,10000,3066
787103298,SayHello,10000,2624
306910377,SayHello,10000,2516
340554586,SayHello,10000,3973
415935302,SayHello,10000,2538
475723031,SayHello,10000,2001
914791043,SayHello,10000,2289
477074279,SayHello,10000,2890
335586473,SayHello,10000,5133
703765453,SayHello,10000,5220
980228758,SayHello,10000,7664
359532233,SayHello,10000,7454
432768515,SayHello,10000,8835
294146921,SayHello,10000,12243
631011217,SayHello,10000,7608
164510544,SayHello,10000,8674
228583379,SayHello,10000,7537
722535104,SayHello,10000,8666
595864919,SayHello,10000,13999
749556300,SayHello,10000,9294
481389140,SayHello,10000,9889
865388213,SayHello,10000,8129
310473867,SayHello,10000,13410
975388968,SayHello,10000,19855
681899919,SayHello,10000,17720
35112318,SayHello,10000,10668
924374738,SayHello,10000,12956
805777640,SayHello,10000,10722
304024712,SayHello,10000,18175
663346854,SayHello,10000,19931
690582853,SayHello,10000,19931
129302639,SayHello,10000,19882
81786195,SayHello,10000,18147
837001502,SayHello,10000,15861
685305887,SayHello,10000,21958
895766723,SayHello,10000,24829
578691929,SayHello,10000,29741
433176372,SayHello,10000,23640
841080155,SayHello,10000,22522
836870931,SayHello,10000,28606
953790231,SayHello,10000,22539
949508233,SayHello,10000,23741
279865776,SayHello,10000,23668
155670538,SayHello,10000,24969
258371073,SayHello,10000,24928
858519024,SayHello,10000,23604
541770018,SayHello,10000,24966
805830900,SayHello,10000,29760
45751403,SayHello,10000,25106
495350774,SayHello,10000,28476
431576662,SayHello,10000,29567
982274393,SayHello,10000,29836
891984088,SayHello,10000,22511
969736619,SayHello,10000,27403
142540631,SayHello,10000,26285
65403764,SayHello,10000,27514
461672429,SayHello,10000,17755
49396315,SayHello,10000,17758
564421493,SayHello,10000,22704
386722697,SayHello,10000,23721
585527493,SayHello,10000,21851
309605966,SayHello,10000,34809
358757104,SayHello,10000,22009
66636609,SayHello,10000,23985
222398207,SayHello,10000,19258
612896205,SayHello,10000,20485
744380618,SayHello,10000,19474
427606432,SayHello,10000,20650
580015682,SayHello,10000,21821
370150692,SayHello,10000,19501
25622195,SayHello,10000,19482
870666223,SayHello,10000,9386
896180616,SayHello,10000,18535
384797512,SayHello,10000,11262
238675980,SayHello,10000,28545
515744732,SayHello,10000,20970
409498847,SayHello,10000,21604
187088431,SayHello,10000,12415
922506648,SayHello,10000,14106
896636451,SayHello,10000,13236
766100736,SayHello,10000,13263
239104340,SayHello,10000,15952
48210385,SayHello,10000,15962
916092699,SayHello,10000,15276
159123380,SayHello,10000,19914
15976227,SayHello,10000,19930
651621098,SayHello,10000,19928
225106657,SayHello,10000,21749
388635585,SayHello,10000,16259
369980278,SayHello,10000,17389
364088769,SayHello,10000,21833
240276114,SayHello,10000,17118
544088986,SayHello,10000,25815
383085822,SayHello,10000,17743
317009054,SayHello,10000,17330
594897971,SayHello,10000,22201
134843276,SayHello,10000,17152
216769899,SayHello,10000,24332
377791012,SayHello,10000,18354
982211762,SayHello,10000,21623
837614375,SayHello,10000,17144
831579936,SayHello,10000,22329
254647603,SayHello,10000,15640
434226398,SayHello,10000,15541
1370558,SayHello,10000,18735
620594128,SayHello,10000,15664
337434418,SayHello,10000,15578
804928004,SayHello,10000,11479
537377203,SayHello,10000,11476
62551621,SayHello,10000,16580
843770199,SayHello,10000,11620
161096571,SayHello,10000,12782
569877045,SayHello,10000,9876
45911821,SayHello,10000,17951
540820402,SayHello,10000,12861
367334355,SayHello,10000,12934
906298380,SayHello,10000,14101
43581168,SayHello,10000,9346
26603549,SayHello,10000,12965
789865414,SayHello,10000,12819
812209510,SayHello,10000,9423
219607421,SayHello,10000,9507
922465185,SayHello,10000,9516
976096690,SayHello,10000,16854
722715362,SayHello,10000,14636
476388626,SayHello,10000,13968
909279580,SayHello,10000,14511
107151568,SayHello,10000,14615
608247797,SayHello,10000,20517
19324604,SayHello,10000,14579
22082055,SayHello,10000,14559
686989042,SayHello,10000,16358
377573882,SayHello,10000,18384
84746905,SayHello,10000,20856
443628051,SayHello,10000,16434
442128965,SayHello,10000,19994
584292620,SayHello,10000,18018
147469737,SayHello,10000,23458
5383323,SayHello,10000,19037
385097370,SayHello,10000,17919
234255706,SayHello,10000,21251
143457040,SayHello,10000,17950
406176459,SayHello,10000,18011
888529677,SayHello,10000,18379
142117897,SayHello,10000,23967
150950687,SayHello,10000,20367
207224053,SayHello,10000,17420
234578166,SayHello,10000,16294
638505208,SayHello,10000,15158
586006704,SayHello,10000,19625
588812255,SayHello,10000,14174
542499149,SayHello,10000,14185
826210285,SayHello,10000,12930
717532708,SayHello,10000,18588
867661427,SayHello,10000,14275
237296282,SayHello,10000,14066
542253982,SayHello,10000,27175
665781908,SayHello,10000,18599
1489571,SayHello,10000,12446
235502617,SayHello,10000,19337
337433324,SayHello,10000,17037
332158741,SayHello,10000,16693
237056284,SayHello,10000,15661
974953985,SayHello,10000,21348
417689976,SayHello,10000,20111
746967319,SayHello,10000,13530
622723905,SayHello,10000,22426
371413793,SayHello,10000,18589
592691604,SayHello,10000,15840
126291408,SayHello,10000,17164
299648462,SayHello,10000,18746
943816493,SayHello,10000,16363
343484370,SayHello,10000,13328
91106547,SayHello,10000,16086
299834374,SayHello,10000,16450
487765749,SayHello,10000,15399
127826464,SayHello,10000,18730
339055944,SayHello,10000,26063
775457387,SayHello,10000,16689
21586353,SayHello,10000,17911
946052912,SayHello,10000,24878
442394729,SayHello,10000,19232
184609121,SayHello,10000,15398
279606532,SayHello,10000,17266
203163218,SayHello,10000,14209
846283496,SayHello,10000,17189
88613895,SayHello,10000,25996
727160810,SayHello,10000,24122
21124686,SayHello,10000,24591
411239031,SayHello,10000,25883
543525684,SayHello,10000,22082
861916293,SayHello,10000,24436
275939474,SayHello,10000,22124
665493117,SayHello,10000,16967
457426085,SayHello,10000,21655
136827596,SayHello,10000,22125
232898699,SayHello,10000,25928
555833950,SayHello,10000,25969
153232313,SayHello,10000,16978
10183490,SayHello,10000,23346
144878495,SayHello,10000,25969
742145410,SayHello,10000,22166
289733893,SayHello,10000,25644
427300314,SayHello,10000,14875
94685690,SayHello,10000,27723
233133221,SayHello,10000,20293
543065360,SayHello,10000,20330
639501075,SayHello,10000,18999
679689140,SayHello,10000,12190
146945361,SayHello,10000,18976
333814587,SayHello,10000,15583
614291400,SayHello,10000,20251
54973085,SayHello,10000,20299
41999047,SayHello,10000,17898
687833453,SayHello,10000,19064
213023603,SayHello,10000,15771
358191875,SayHello,10000,23590
10886768,SayHello,10000,22611
268531181,SayHello,10000,14376
905232915,SayHello,10000,21290
213116821,SayHello,10000,14150
657838852,SayHello,10000,20096
599434591,SayHello,10000,16061
838153014,SayHello,10000,14964
647369983,SayHello,10000,25059
137053553,SayHello,10000,13805
751990446,SayHello,10000,16095
98896595,SayHello,10000,13854
636258952,SayHello,10000,25427
363935915,SayHello,10000,23206
140062497,SayHello,10000,24983
660463531,SayHello,10000,25079
967147761,SayHello,10000,27237
928659071,SayHello,10000,28705
619686965,SayHello,10000,36335
90170925,SayHello,10000,30746
512509384,SayHello,10000,27489
3638960,SayHello,10000,28744
248844587,SayHello,10000,30759
950294891,SayHello,10000,28758
766550171,SayHello,10000,28446
881723859,SayHello,10000,29792
548780723,SayHello,10000,29249
399289603,SayHello,10000,29302
657532927,SayHello,10000,31682
805307007,SayHello,10000,24724
211479032,SayHello,10000,23573
610188027,SayHello,10000,24737
218799039,SayHello,10000,23573
183142402,SayHello,10000,26927
399677505,SayHello,10000,26934
464775803,SayHello,10000,29368
201348440,SayHello,10000,26747
696034420,SayHello,10000,26776
597082885,SayHello,10000,35875
896648835,SayHello,10000,33847
734315355,SayHello,10000,30934
305912555,SayHello,10000,33890
572052640,SayHello,10000,32182
44059030,SayHello,10000,30977
781334405,SayHello,10000,29885
902487752,SayHello,10000,29938
68834890,SayHello,10000,33432
348393808,SayHello,10000,32277
449734720,SayHello,10000,24078
223541223,SayHello,10000,25320
24061733,SayHello,10000,21991
929982643,SayHello,10000,25430
838344683,SayHello,10000,29864
554933411,SayHello,10000,29895
642313688,SayHello,10000,27683
286338724,SayHello,10000,30448
174861264,SayHello,10000,30504
868377031,SayHello,10000,33729
864757009,SayHello,10000,33803
646212131,SayHello,10000,31659
438541504,SayHello,10000,35146
3256730,SayHello,10000,33851
365023172,SayHello,10000,30520
270164705,SayHello,10000,36008
445461279,SayHello,10000,35149
248997886,SayHello,10000,35174
595577217,SayHello,10000,22881
332900404,SayHello,10000,22777
886750900,SayHello,10000,36128
27673822,SayHello,10000,33892
240002563,SayHello,10000,26467
415916539,SayHello,10000,24123
427473995,SayHello,10000,39083
912328997,SayHello,10000,39255
232368851,SayHello,10000,30086
995840352,SayHello,10000,30339
98406070,SayHello,10000,27018
505043047,SayHello,10000,30628
220601016,SayHello,10000,30678
303095139,SayHello,10000,30566
249748762,SayHello,10000,32009
490103529,SayHello,10000,35146
837743190,SayHello,10000,25278
660448328,SayHello,10000,30598
872511368,SayHello,10000,29452
636246101,SayHello,10000,22767
1297802,SayHello,10000,35184
39784152,SayHello,10000,23992
321437191,SayHello,10000,22808
491050773,SayHello,10000,25240
175162668,SayHello,10000,32813
89908915,SayHello,10000,25319
322471935,SayHello,10000,25276
548163174,SayHello,10000,22376
368176635,SayHello,10000,24771
379330093,SayHello,10000,22473
388927961,SayHello,10000,30462
477244788,SayHello,10000,30447
380998038,SayHello,10000,21238
839167144,SayHello,10000,20133
570305136,SayHello,10000,21291
645578631,SayHello,10000,25013
599870367,SayHello,10000,20660
160950844,SayHello,10000,25491
294622310,SayHello,10000,19542
670420242,SayHello,10000,24880
696237162,SayHello,10000,18312
59905701,SayHello,10000,21928
812901268,SayHello,10000,21924
194427391,SayHello,10000,17142
281698288,SayHello,10000,17154
125525649,SayHello,10000,22065
127445872,SayHello,10000,25631
520036746,SayHello,10000,27236
591446181,SayHello,10000,23078
221334500,SayHello,10000,19633
938477206,SayHello,10000,23107
622640315,SayHello,10000,24411
521379183,SayHello,10000,20826
918443454,SayHello,10000,20836
343424388,SayHello,10000,24393
217043711,SayHello,10000,23694
635769481,SayHello,10000,22840
128059257,SayHello,10000,24106
794948220,SayHello,10000,24103
941340601,SayHello,10000,26432
304387858,SayHello,10000,28784
824162361,SayHello,10000,23978
669500697,SayHello,10000,24398
825749318,SayHello,10000,21547
694808889,SayHello,10000,25506
149433035,SayHello,10000,24234
776029918,SayHello,10000,26993
76702695,SayHello,10000,25525
989671822,SayHello,10000,25549
854666885,SayHello,10000,31093
324973049,SayHello,10000,23011
739320816,SayHello,10000,27971
423700830,SayHello,10000,25572
65521363,SayHello,10000,19289
19971357,SayHello,10000,23043
589685466,SayHello,10000,20444
780311677,SayHello,10000,23033
30302564,SayHello,10000,23032
370530591,SayHello,10000,21628
9053111,SayHello,10000,21680
874886019,SayHello,10000,21700
298198687,SayHello,10000,24719
30775572,SayHello,10000,23470
464205546,SayHello,10000,23576
338514316,SayHello,10000,18861
962824695,SayHello,10000,23809
725045230,SayHello,10000,18419
879015824,SayHello,10000,23541
179814503,SayHello,10000,18407
951650481,SayHello,10000,20132
692649434,SayHello,10000,16447
113610336,SayHello,10000,17606
71415469,SayHello,10000,17254
307116973,SayHello,10000,31562
926963364,SayHello,10000,17889
531245646,SayHello,10000,19336
154023407,SayHello,10000,17949
189545268,SayHello,10000,17381
764038047,SayHello,10000,16240
473872977,SayHello,10000,29371
211119588,SayHello,10000,20880
513501060,SayHello,10000,16235
735248154,SayHello,10000,17395
181929382,SayHello,10000,17418
658248974,SayHello,10000,30934
592648100,SayHello,10000,17408
621628788,SayHello,10000,21651
480112112,SayHello,10000,15456
981803115,SayHello,10000,14304
574141901,SayHello,10000,24859
116058602,SayHello,10000,22232
77513452,SayHello,10000,23720
480522253,SayHello,10000,20993
709755401,SayHello,10000,22401
341968647,SayHello,10000,24203
194302559,SayHello,10000,25353
840789617,SayHello,10000,21097
290046145,SayHello,10000,24130
936291887,SayHello,10000,24201
604830842,SayHello,10000,25595
990946685,SayHello,10000,24206
300012636,SayHello,10000,21846
290414785,SayHello,10000,24998
679961082,SayHello,10000,21877
922577970,SayHello,10000,34810
837012392,SayHello,10000,26790
360576306,SayHello,10000,26887
502999342,SayHello,10000,25677
682906544,SayHello,10000,25692
339559319,SayHello,10000,28195
382959662,SayHello,10000,30231
745494384,SayHello,10000,28412
90449596,SayHello,10000,24024
497361952,SayHello,10000,30668
410825071,SayHello,10000,25291
245048672,SayHello,10000,24047
532612350,SayHello,10000,25279
494700920,SayHello,10000,31802
828334005,SayHello,10000,22599
956593416,SayHello,10000,23956
791598029,SayHello,10000,25135
7393921,SayHello,10000,29137
666028619,SayHello,10000,26680
970763786,SayHello,10000,22859
390521997,SayHello,10000,35212
521188066,SayHello,10000,25082
262813502,SayHello,10000,21381
545677483,SayHello,10000,21389
652811255,SayHello,10000,20091
940989740,SayHello,10000,26962
722665350,SayHello,10000,21435
134050351,SayHello,10000,17989
499561448,SayHello,10000,23272
331256901,SayHello,10000,29243
32787483,SayHello,10000,20581
832930920,SayHello,10000,27502
879747229,SayHello,10000,19398
676572001,SayHello,10000,26033
929177838,SayHello,10000,30681
796992277,SayHello,10000,27214
514143808,SayHello,10000,31788
805728563,SayHello,10000,29600
872612289,SayHello,10000,27380
629251661,SayHello,10000,27038
105859839,SayHello,10000,28234
872670069,SayHello,10000,22369
866465876,SayHello,10000,24963
292974643,SayHello,10000,23502
305434570,SayHello,10000,23549
379201860,SayHello,10000,26354
168921065,SayHello,10000,17727
652795249,SayHello,10000,23743
475214234,SayHello,10000,24978
816993789,SayHello,10000,23786
641366620,SayHello,10000,22531
33248039,SayHello,10000,22529
220475515,SayHello,10000,25027
553649459,SayHello,10000,22575
22459048,SayHello,10000,19093
941298368,SayHello,10000,23182
127149923,SayHello,10000,29138
804659083,SayHello,10000,18787
740941032,SayHello,10000,18795
629525277,SayHello,10000,15286
292059535,SayHello,10000,11901
415907843,SayHello,10000,23515
39693378,SayHello,10000,18672
657693067,SayHello,10000,14176
540908687,SayHello,10000,14378
167524608,SayHello,10000,12155
307072925,SayHello,10000,21056
251181795,SayHello,10000,15749
688266593,SayHello,10000,13211
464549438,SayHello,10000,8694
409990824,SayHello,10000,14551
270955489,SayHello,10000,7828
664270089,SayHello,10000,4729
118355751,SayHello,10000,10136
594716796,SayHello,10000,9504
577100054,SayHello,10000,7117
479418758,SayHello,10000,8895
532205748,SayHello,10000,10493
13394291,SayHello,10000,9539
831533038,SayHello,10000,10722
300877985,SayHello,10000,18650
955754360,SayHello,10000,14101
789683252,SayHello,10000,15465
813616575,SayHello,10000,16831
501015975,SayHello,10000,24625
642899753,SayHello,10000,25500
48900360,SayHello,10000,23200
605216043,SayHello,10000,22167
373672993,SayHello,10000,30189
755458247,SayHello,10000,23247
724083998,SayHello,10000,37525
872600100,SayHello,10000,21037
727419463,SayHello,10000,24026
694406036,SayHello,10000,19354
871178764,SayHello,10000,22891
458033201,SayHello,10000,22923
973569374,SayHello,10000,21809
201928073,SayHello,10000,22950
956091761,SayHello,10000,23109
753211565,SayHello,10000,24389
325589490,SayHello,10000,23003
666167517,SayHello,10000,23315
927393533,SayHello,10000,22555
843784559,SayHello,10000,24742
698358668,SayHello,10000,18590
103749180,SayHello,10000,20784
164633539,SayHello,10000,24036
47338737,SayHello,10000,25092
567730214,SayHello,10000,20835
738833351,SayHello,10000,20375
608040339,SayHello,10000,17955
872393693,SayHello,10000,24861
679804045,SayHello,10000,21580
998429334,SayHello,10000,22823
620408495,SayHello,10000,21611
59571905,SayHello,10000,30364
239209991,SayHello,10000,35108
338203897,SayHello,10000,22792
550395784,SayHello,10000,21629
704026790,SayHello,10000,24033
284813590,SayHello,10000,24069
906324310,SayHello,10000,20546
770874327,SayHello,10000,24574
800677090,SayHello,10000,24013
639556360,SayHello,10000,21428
710570490,SayHello,10000,21399
348024112,SayHello,10000,22647
197574787,SayHello,10000,24097
189601105,SayHello,10000,22698
736685674,SayHello,10000,24147
464409310,SayHello,10000,22661
286504156,SayHello,10000,18739
585181778,SayHello,10000,26739
727471044,SayHello,10000,17859
715618672,SayHello,10000,21413
580930509,SayHello,10000,20066
857635804,SayHello,10000,22687
429045599,SayHello,10000,16676
688770607,SayHello,10000,23028
737068783,SayHello,10000,24204
992260600,SayHello,10000,24027
881210699,SayHello,10000,18690
777038012,SayHello,10000,15014
512849831,SayHello,10000,19936
104711201,SayHello,10000,14885
544961833,SayHello,10000,17549
287909335,SayHello,10000,14924
672363179,SayHello,10000,16375
876914013,SayHello,10000,16139
516052989,SayHello,10000,28255
88103351,SayHello,10000,19097
405798402,SayHello,10000,19129
360700900,SayHello,10000,20562
859310065,SayHello,10000,17572
74493091,SayHello,10000,16329
950358303,SayHello,10000,16451
830933914,SayHello,10000,26552
521884689,SayHello,10000,17313
20088399,SayHello,10000,21923
706131119,SayHello,10000,14415
764484787,SayHello,10000,18587
905162110,SayHello,10000,17374
186113956,SayHello,10000,24706
571447179,SayHello,10000,19786
120338536,SayHello,10000,23597
133082762,SayHello,10000,18598
720766767,SayHello,10000,20454
715973297,SayHello,10000,18621
830888008,SayHello,10000,23589
218979290,SayHello,10000,22525
460607742,SayHello,10000,28263
875928686,SayHello,10000,26424
485984352,SayHello,10000,22542
593688125,SayHello,10000,21348
631197550,SayHello,10000,26481
790621600,SayHello,10000,27700
588797674,SayHello,10000,22202
166713758,SayHello,10000,26859
176193417,SayHello,10000,23240
603043687,SayHello,10000,25658
189772655,SayHello,10000,23294
184251049,SayHello,10000,25653
300953101,SayHello,10000,24496
504228731,SayHello,10000,24481
822720143,SayHello,10000,19657
650471936,SayHello,10000,28209
2591936,SayHello,10000,32781
779618128,SayHello,10000,29352
231156797,SayHello,10000,33127
513547160,SayHello,10000,29369
665863237,SayHello,10000,28273
660058770,SayHello,10000,30618
902130349,SayHello,10000,28252
512523841,SayHello,10000,29563
654825790,SayHello,10000,32168
150461658,SayHello,10000,29543
290724569,SayHello,10000,28451
532521883,SayHello,10000,40379
192150409,SayHello,10000,32044
749592416,SayHello,10000,36383
765916366,SayHello,10000,33274
699243950,SayHello,10000,38285
154561831,SayHello,10000,38281
793612148,SayHello,10000,29596
728511252,SayHello,10000,31835
990412892,SayHello,10000,35225
755264663,SayHello,10000,32933
481464915,SayHello,10000,32949
138208439,SayHello,10000,33645
126112608,SayHello,10000,36002
940171988,SayHello,10000,44741
980530352,SayHello,10000,33872
35492286,SayHello,10000,33913
108359749,SayHello,10000,33908
872410556,SayHello,10000,32622
418608221,SayHello,10000,36071
982014395,SayHello,10000,32637
69196216,SayHello,10000,32239
493246096,SayHello,10000,31145
538970349,SayHello,10000,32276
718634689,SayHello,10000,31293
716853424,SayHello,10000,30128
332524964,SayHello,10000,36395
628841390,SayHello,10000,30225
905381606,SayHello,10000,32513
597451483,SayHello,10000,28916
31324674,SayHello,10000,28934
466832174,SayHello,10000,30254
729179579,SayHello,10000,32552
605441144,SayHello,10000,24649
663686386,SayHello,10000,27380
720575321,SayHello,10000,24785
39822435,SayHello,10000,28480
259778207,SayHello,10000,22706
579657537,SayHello,10000,27457
620272321,SayHello,10000,21725
807771880,SayHello,10000,27303
923880906,SayHello,10000,23946
726414410,SayHello,10000,21798
200521413,SayHello,10000,26080
367009361,SayHello,10000,21608
338762588,SayHello,10000,26096
536986300,SayHello,10000,19258
232677624,SayHello,10000,27898
661888487,SayHello,10000,22830
632387252,SayHello,10000,20417
592384086,SayHello,10000,18010
740454428,SayHello,10000,19287
123929494,SayHello,10000,17997
722083242,SayHello,10000,19258
594961885,SayHello,10000,25491
968049451,SayHello,10000,14608
84538898,SayHello,10000,25493
388114867,SayHello,10000,24290
344728046,SayHello,10000,19062
165598695,SayHello,10000,21257
537487560,SayHello,10000,21394
771585083,SayHello,10000,15639
717858341,SayHello,10000,15657
875537053,SayHello,10000,16935
249118124,SayHello,10000,15754
614006138,SayHello,10000,15641
11844430,SayHello,10000,15653
207803124,SayHello,10000,17009
459689533,SayHello,10000,12500
111159575,SayHello,10000,17960
910599373,SayHello,10000,12554
242598882,SayHello,10000,23360
337369905,SayHello,10000,22075
477606446,SayHello,10000,17529
203228331,SayHello,10000,14680
257034786,SayHello,10000,17533
460911935,SayHello,10000,20462
954405148,SayHello,10000,13633
984224861,SayHello,10000,17555
666053338,SayHello,10000,15529
495532111,SayHello,10000,14771
912788993,SayHello,10000,32361
310430409,SayHello,10000,17559
319347191,SayHello,10000,11855
392865073,SayHello,10000,14079
521719413,SayHello,10000,11852
465016150,SayHello,10000,16522
377391066,SayHello,10000,11983
807012697,SayHello,10000,21392
194032750,SayHello,10000,19286
616382542,SayHello,10000,15513
948753054,SayHello,10000,11157
968611569,SayHello,10000,12062
679382470,SayHello,10000,11163
805047626,SayHello,10000,15502
808558197,SayHello,10000,9296
799160430,SayHello,10000,11513
356410241,SayHello,10000,9401
944517593,SayHello,10000,11138
148060724,SayHello,10000,12441
563467296,SayHello,10000,7636
141069192,SayHello,10000,9436
894644070,SayHello,10000,3687
108891496,SayHello,10000,8155
603788239,SayHello,10000,5037
118339267,SayHello,10000,3245
546882012,SayHello,10000,950
121697488,SayHello,10000,3574
515401908,SayHello,10000,10647
784308767,SayHello,10000,5663
583711006,SayHello,10000,870
709330776,SayHello,10000,6305
401520003,SayHello,10000,1977
203140580,SayHello,10000,3961
464671839,SayHello,10000,6555
56153020,SayHello,10000,2010
913680101,SayHello,10000,2514
969705069,SayHello,10000,1167
718950490,SayHello,10000,3191
254110218,SayHello,10000,1843
972084398,SayHello,10000,6037
64441476,SayHello,10000,7304
157398868,SayHello,10000,9586
588680061,SayHello,10000,7156
956392964,SayHello,10000,12418
185303959,SayHello,10000,14369
903267836,SayHello,10000,13137
151575004,SayHello,10000,11993
443148669,SayHello,10000,13127
247700144,SayHello,10000,12039
153919282,SayHello,10000,9560
390029037,SayHello,10000,8982
890418301,SayHello,10000,9184
378039128,SayHello,10000,8699
775707509,SayHello,10000,12011
30232606,SayHello,10000,14217
984668876,SayHello,10000,15428
3656849,SayHello,10000,15903
732310474,SayHello,10000,13858
450651160,SayHello,10000,13839
275306782,SayHello,10000,17303
248327543,SayHello,10000,16760
638818069,SayHello,10000,13970
614732676,SayHello,10000,15564
245786747,SayHello,10000,16805
363058190,SayHello,10000,14009
252047592,SayHello,10000,15204
912676147,SayHello,10000,15273
639434081,SayHello,10000,14157
399603743,SayHello,10000,16481
856593096,SayHello,10000,13004
597882028,SayHello,10000,11817
381449991,SayHello,10000,26098
817122848,SayHello,10000,16168
528767576,SayHello,10000,16022
330438041,SayHello,10000,11497
373514177,SayHello,10000,11529
482041210,SayHello,10000,13733
892428262,SayHello,10000,11715
355944775,SayHello,10000,15951
420354913,SayHello,10000,18132
369122730,SayHello,10000,12075
836035168,SayHello,10000,8548
303918230,SayHello,10000,5447
769093912,SayHello,10000,16301
703585738,SayHello,10000,9929
565442965,SayHello,10000,20096
778229397,SayHello,10000,16584
267783394,SayHello,10000,15451
986502616,SayHello,10000,15097
543328450,SayHello,10000,12127
943001953,SayHello,10000,16086
652793767,SayHello,10000,24372
731025579,SayHello,10000,26342
352097760,SayHello,10000,21430
505048078,SayHello,10000,22634
526488618,SayHello,10000,21466
629393446,SayHello,10000,25205
505319417,SayHello,10000,25191
773670992,SayHello,10000,28554
695181239,SayHello,10000,25220
355827904,SayHello,10000,22647
956067948,SayHello,10000,28815
525296970,SayHello,10000,25090
976424456,SayHello,10000,25871
323866145,SayHello,10000,24653
974844785,SayHello,10000,30291
640233632,SayHello,10000,31444
51224096,SayHello,10000,27734
504266984,SayHello,10000,41388
604799761,SayHello,10000,39013
722993465,SayHello,10000,34279
920466554,SayHello,10000,33151
58788086,SayHello,10000,35468
695441123,SayHello,10000,24432
336337308,SayHello,10000,28889
570653361,SayHello,10000,26524
515813225,SayHello,10000,26605
741062548,SayHello,10000,26596
861954050,SayHello,10000,26617
551453444,SayHello,10000,26698
181845558,SayHello,10000,31131
815840483,SayHello,10000,22280
987230221,SayHello,10000,23384
575113701,SayHello,10000,27767
689179779,SayHello,10000,24621
854752906,SayHello,10000,32293
359071025,SayHello,10000,22066
181716732,SayHello,10000,24642
765271107,SayHello,10000,23516
229448797,SayHello,10000,30843
856617085,SayHello,10000,26809
121727119,SayHello,10000,26819
252469060,SayHello,10000,23491
51488152,SayHello,10000,26849
298120217,SayHello,10000,24645
207118029,SayHello,10000,26837
279263999,SayHello,10000,54844
960596037,SayHello,10000,22389
899319865,SayHello,10000,34608
833188129,SayHello,10000,21978
558864819,SayHello,10000,33538
922324972,SayHello,10000,30182
114659615,SayHello,10000,30176
707283589,SayHello,10000,26700
520261119,SayHello,10000,27886
979487666,SayHello,10000,25347
421781493,SayHello,10000,24307
446570794,SayHello,10000,26829
997088221,SayHello,10000,29688
350764618,SayHello,10000,27146
819667899,SayHello,10000,34942
370654566,SayHello,10000,27173
251006659,SayHello,10000,25976
760777644,SayHello,10000,28383
16793296,SayHello,10000,33619
359121203,SayHello,10000,36042
564217013,SayHello,10000,34843
55249853,SayHello,10000,29272
994820133,SayHello,10000,31431
552486455,SayHello,10000,34869
83814976,SayHello,10000,34866
126588494,SayHello,10000,36082
88420818,SayHello,10000,37212
847515680,SayHello,10000,33670
86737914,SayHello,10000,29293
609790473,SayHello,10000,28157
621631411,SayHello,10000,32590
177581560,SayHello,10000,24681
491293890,SayHello,10000,29058
520950157,SayHello,10000,26856
199040964,SayHello,10000,35312
557871587,SayHello,10000,29002
926440781,SayHello,10000,31020
529737545,SayHello,10000,30000
826342091,SayHello,10000,30091
327268185,SayHello,10000,34278
78421127,SayHello,10000,35370
885950871,SayHello,10000,37901
556186677,SayHello,10000,37895
867476468,SayHello,10000,35486
489962472,SayHello,10000,35380
831529448,SayHello,10000,30893
262296807,SayHello,10000,32030
371151356,SayHello,10000,36781
623170901,SayHello,10000,33366
745807571,SayHello,10000,32225
409037860,SayHello,10000,32251
972364562,SayHello,10000,32230
717457387,SayHello,10000,31120
981978186,SayHello,10000,28446
855389570,SayHello,10000,29779
599381279,SayHello,10000,24013
525673162,SayHello,10000,29768
181126109,SayHello,10000,26168
222881818,SayHello,10000,32362
587911664,SayHello,10000,29820
182587361,SayHello,10000,29070
647556072,SayHello,10000,23488
770986756,SayHello,10000,34553
839374207,SayHello,10000,29102
515875909,SayHello,10000,37003
621794310,SayHello,10000,25895
471794315,SayHello,10000,28004
769110638,SayHello,10000,33559
865124117,SayHello,10000,28591
879759486,SayHello,10000,34901
303000854,SayHello,10000,33745
653478830,SayHello,10000,32259
35521819,SayHello,10000,29933
567864047,SayHello,10000,32285
531170324,SayHello,10000,26019
992227261,SayHello,10000,28241
709032111,SayHello,10000,28317
348711053,SayHello,10000,25040
380894722,SayHello,10000,23866
383203957,SayHello,10000,35216
405328745,SayHello,10000,25478
18527650,SayHello,10000,31285
104893709,SayHello,10000,25496
536132542,SayHello,10000,26730
125212362,SayHello,10000,29369
753651851,SayHello,10000,32930
935909812,SayHello,10000,32898
562221315,SayHello,10000,35696
704214328,SayHello,10000,35753
369131432,SayHello,10000,32113
170344862,SayHello,10000,38655
372281135,SayHello,10000,29709
463792183,SayHello,10000,33469
237401329,SayHello,10000,33427
932270092,SayHello,10000,35820
109028697,SayHello,10000,32144
337898188,SayHello,10000,35954
692263116,SayHello,10000,35967
351374822,SayHello,10000,33553
498877152,SayHello,10000,39629
931952001,SayHello,10000,31970
74850932,SayHello,10000,43067
22842703,SayHello,10000,39654
640974923,SayHello,10000,45509
635084164,SayHello,10000,36479
606522346,SayHello,10000,34333
221148293,SayHello,10000,41833
392716869,SayHello,10000,35502
576941992,SayHello,10000,50254
852566835,SayHello,10000,35493
527596880,SayHello,10000,44739
627388545,SayHello,10000,43445
50642475,SayHello,10000,40947
835949750,SayHello,10000,43437
373302638,SayHello,10000,42202
123131368,SayHello,10000,43460
381548982,SayHello,10000,46061
470000396,SayHello,10000,43933
18953261,SayHello,10000,46115
880390192,SayHello,10000,43942
863928879,SayHello,10000,44815
203808587,SayHello,10000,41474
110632795,SayHello,10000,44876
435554274,SayHello,10000,44838
711137230,SayHello,10000,48176
250975958,SayHello,10000,57400
660796830,SayHello,10000,44469
970598575,SayHello,10000,42001
53428999,SayHello,10000,61636
169931619,SayHello,10000,42040
629478559,SayHello,10000,43443
902253983,SayHello,10000,45738
181439059,SayHello,10000,43911
787164561,SayHello,10000,47221
807233115,SayHello,10000,42708
216142561,SayHello,10000,47225
482452003,SayHello,10000,42625
544667817,SayHello,10000,50701
770446538,SayHello,10000,50688
377349740,SayHello,10000,47325
589487709,SayHello,10000,46290
767034520,SayHello,10000,44098
449529366,SayHello,10000,40662
687991351,SayHello,10000,47448
449555159,SayHello,10000,40267
502233666,SayHello,10000,42148
9371226,SayHello,10000,40261
848448089,SayHello,10000,40338
227399806,SayHello,10000,44403
742140481,SayHello,10000,47595
389977153,SayHello,10000,43111
317593028,SayHello,10000,44330
184316389,SayHello,10000,43150
9219937,SayHello,10000,47603
797909571,SayHello,10000,43118
196322211,SayHello,10000,42001
463948370,SayHello,10000,42041
553907325,SayHello,10000,39787
532690528,SayHello,10000,47665
513372388,SayHello,10000,39802
6329217,SayHello,10000,36013
383244497,SayHello,10000,43163
444683655,SayHello,10000,39335
970962900,SayHello,10000,47753
47711607,SayHello,10000,39433
636336705,SayHello,10000,42087
411110941,SayHello,10000,52678
26344474,SayHello,10000,39696
81999174,SayHello,10000,34860
119842148,SayHello,10000,37104
809514378,SayHello,10000,39676
355893454,SayHello,10000,38537
770539296,SayHello,10000,34923
472449223,SayHello,10000,33425
86729078,SayHello,10000,33440
652860627,SayHello,10000,38523
532009971,SayHello,10000,53889
69469376,SayHello,10000,34990
726047780,SayHello,10000,38662
117845406,SayHello,10000,33695
372278182,SayHello,10000,40697
219269042,SayHello,10000,42206
907724128,SayHello,10000,37364
655919368,SayHello,10000,38529
729554364,SayHello,10000,37247
714358686,SayHello,10000,42214
534383963,SayHello,10000,51896
631030335,SayHello,10000,39727
70641788,SayHello,10000,40899
676786391,SayHello,10000,37293
168029308,SayHello,10000,36166
77389191,SayHello,10000,36200
605704455,SayHello,10000,36190
379296742,SayHello,10000,37449
446594938,SayHello,10000,39949
890808916,SayHello,10000,37674
300184419,SayHello,10000,45673
1019314,SayHello,10000,46877
155683474,SayHello,10000,42441
150817181,SayHello,10000,45749
873192801,SayHello,10000,51199
546966398,SayHello,10000,43669
647135997,SayHello,10000,57368
710020162,SayHello,10000,42480
295922343,SayHello,10000,46932
836942378,SayHello,10000,46958
12973791,SayHello,10000,49354
272959868,SayHello,10000,48113
925724482,SayHello,10000,42513
513786751,SayHello,10000,45819
923254898,SayHello,10000,54242
961616908,SayHello,10000,54249
968251324,SayHello,10000,48872
916284205,SayHello,10000,47741
84095444,SayHello,10000,50089
690671814,SayHello,10000,52943
268948261,SayHello,10000,52570
251021675,SayHello,10000,49135
565506242,SayHello,10000,46782
875049705,SayHello,10000,55869
803658088,SayHello,10000,47962
624915457,SayHello,10000,52646
505871083,SayHello,10000,50389
647860394,SayHello,10000,49194
739100901,SayHello,10000,54709
287357863,SayHello,10000,55235
74755645,SayHello,10000,52607
905296589,SayHello,10000,48131
894045974,SayHello,10000,60832
640323602,SayHello,10000,50408
541915757,SayHello,10000,51599
954474278,SayHello,10000,51611
294945803,SayHello,10000,54291
245487494,SayHello,10000,45209
953604241,SayHello,10000,54843
562838574,SayHello,10000,54918
861611927,SayHello,10000,65732
383629262,SayHello,10000,52692
583403601,SayHello,10000,53873
785282285,SayHello,10000,55032
487042860,SayHello,10000,59656
693306811,SayHello,10000,57380
436894045,SayHello,10000,56607
606078114,SayHello,10000,48844
989618490,SayHello,10000,54328
832534765,SayHello,10000,51115
743595736,SayHello,10000,54327
399451577,SayHello,10000,53240
294503273,SayHello,10000,56680
17197723,SayHello,10000,47777
863460537,SayHello,10000,48949
249015749,SayHello,10000,47826
161662710,SayHello,10000,47774
291875797,SayHello,10000,50171
897912687,SayHello,10000,47887
291359615,SayHello,10000,52770
874469890,SayHello,10000,56212
718798846,SayHello,10000,58568
7367473,SayHello,10000,53952
48876798,SayHello,10000,64133
805765484,SayHello,10000,56714
322557409,SayHello,10000,57896
935771117,SayHello,10000,53193
111996384,SayHello,10000,60131
643872837,SayHello,10000,60113
207132886,SayHello,10000,64190
786771487,SayHello,10000,53239
382896451,SayHello,10000,52031
988785478,SayHello,10000,52050
96442565,SayHello,10000,52073
107711513,SayHello,10000,54614
739543371,SayHello,10000,50940
687020817,SayHello,10000,61455
273102234,SayHello,10000,57535
980202426,SayHello,10000,56247
582176951,SayHello,10000,61480
872011788,SayHello,10000,54010
332447721,SayHello,10000,52895
244167380,SayHello,10000,54066
254670871,SayHello,10000,55240
140533260,SayHello,10000,50813
240040808,SayHello,10000,63812
964864433,SayHello,10000,55788
457499165,SayHello,10000,55802
253089010,SayHello,10000,56962
810890060,SayHello,10000,56949
558778967,SayHello,10000,68589
563559627,SayHello,10000,56952
137467760,SayHello,10000,58176
555631940,SayHello,10000,67787
213662120,SayHello,10000,61669
853947858,SayHello,10000,66618
415558478,SayHello,10000,55882
648747035,SayHello,10000,57036
549819820,SayHello,10000,61702
497526155,SayHello,10000,54529
55307399,SayHello,10000,61678
275760626,SayHello,10000,58236
1101093,SayHello,10000,53381
176910231,SayHello,10000,51396
143021918,SayHello,10000,62961
123550858,SayHello,10000,57082
710350527,SayHello,10000,55937
15730164,SayHello,10000,53434
890010652,SayHello,10000,55941
717283949,SayHello,10000,69400
979557711,SayHello,10000,60134
788968485,SayHello,10000,58900
151425018,SayHello,10000,60162
721320448,SayHello,10000,58914
752493265,SayHello,10000,56655
437704659,SayHello,10000,56682
844960606,SayHello,10000,60189
479781807,SayHello,10000,66001
227899610,SayHello,10000,56687
782693330,SayHello,10000,54270
157656516,SayHello,10000,59988
326915758,SayHello,10000,58805
611309795,SayHello,10000,62436
871265606,SayHello,10000,50711
414104528,SayHello,10000,58695
3742139,SayHello,10000,51917
466091104,SayHello,10000,53123
886924483,SayHello,10000,53116
958288120,SayHello,10000,55515
875095118,SayHello,10000,50723
168663924,SayHello,10000,64722
668087811,SayHello,10000,61380
794056665,SayHello,10000,64825
338527321,SayHello,10000,58669
311756558,SayHello,10000,55363
403659215,SayHello,10000,54205
596955485,SayHello,10000,57521
885918674,SayHello,10000,58819
210949387,SayHello,10000,54256
312261717,SayHello,10000,60230
328519199,SayHello,10000,57611
587829439,SayHello,10000,65396
60457611,SayHello,10000,70111
651581794,SayHello,10000,74662
317532171,SayHello,10000,63136
317407740,SayHello,10000,65443
454314445,SayHello,10000,60861
767586322,SayHello,10000,63257
465273298,SayHello,10000,62136
30766638,SayHello,10000,64457
380754783,SayHello,10000,68707
333078667,SayHello,10000,67496
857950483,SayHello,10000,62858
421171755,SayHello,10000,64166
791538658,SayHello,10000,63001
262376042,SayHello,10000,60690
69272864,SayHello,10000,66518
469175656,SayHello,10000,60722
797401762,SayHello,10000,59493
776274334,SayHello,10000,55892
204639401,SayHello,10000,60716
190943661,SayHello,10000,58293
815146917,SayHello,10000,64226
229321371,SayHello,10000,55870
342604859,SayHello,10000,59511
963013091,SayHello,10000,55890
218125518,SayHello,10000,58292
269666015,SayHello,10000,57109
787744410,SayHello,10000,54300
958989189,SayHello,10000,64769
277710166,SayHello,10000,64853
742095773,SayHello,10000,72068
391218907,SayHello,10000,73267
441234566,SayHello,10000,67075
852943535,SayHello,10000,75277
167985366,SayHello,10000,75285
48589453,SayHello,10000,69537
89706093,SayHello,10000,75280
454215517,SayHello,10000,71713
292421847,SayHello,10000,75300
181429617,SayHello,10000,75330
709174783,SayHello,10000,71725
976121953,SayHello,10000,80514
604566030,SayHello,10000,72885
79542450,SayHello,10000,75323
302239433,SayHello,10000,69593
771608950,SayHello,10000,78315
762835749,SayHello,10000,71746
242468273,SayHello,10000,68369
91367343,SayHello,10000,69606
38312869,SayHello,10000,71749
82768482,SayHello,10000,68363
260829795,SayHello,10000,79373
176831261,SayHello,10000,75155
511695779,SayHello,10000,78312
701175312,SayHello,10000,75170
53212874,SayHello,10000,77457
652217729,SayHello,10000,76377
309526393,SayHello,10000,74012
280919702,SayHello,10000,79430
667875131,SayHello,10000,72521
612943733,SayHello,10000,74030
394384384,SayHello,10000,72550
902466104,SayHello,10000,72526
359141857,SayHello,10000,72536
305484504,SayHello,10000,70678
453090142,SayHello,10000,72540
651760139,SayHello,10000,72590
279389940,SayHello,10000,74096
851782954,SayHello,10000,72614
616955969,SayHello,10000,74135
67767270,SayHello,10000,80741
461200652,SayHello,10000,82903
862902835,SayHello,10000,82916
818551685,SayHello,10000,82950
264485390,SayHello,10000,82973
20512707,SayHello,10000,86535
507858093,SayHello,10000,80348
617147354,SayHello,10000,79163
262249991,SayHello,10000,95396
705463325,SayHello,10000,79193
577629476,SayHello,10000,83859
459334410,SayHello,10000,76946
820661132,SayHello,10000,74714
723236671,SayHello,10000,78086
917517414,SayHello,10000,83863
12677072,SayHello,10000,74715
661906389,SayHello,10000,73643
430884887,SayHello,10000,79253
69968868,SayHello,10000,81583
408112631,SayHello,10000,76931
594793400,SayHello,10000,69211
33471817,SayHello,10000,81613
191381096,SayHello,10000,69236
920729889,SayHello,10000,79255
443435597,SayHello,10000,70394
525951448,SayHello,10000,71558
569887210,SayHello,10000,65802
56645086,SayHello,10000,65815
684303953,SayHello,10000,86337
956657078,SayHello,10000,79514
391803386,SayHello,10000,81732
929446001,SayHello,10000,79602
567471919,SayHello,10000,94170
200773914,SayHello,10000,92897
603930870,SayHello,10000,87365
614370390,SayHello,10000,84878
867460041,SayHello,10000,78158
634113490,SayHello,10000,76040
224858431,SayHello,10000,78167
976741672,SayHello,10000,84921
817220804,SayHello,10000,84924
724482152,SayHello,10000,72918
77191385,SayHello,10000,72938
337694908,SayHello,10000,81401
265809204,SayHello,10000,82538
113983551,SayHello,10000,83748
203084260,SayHello,10000,72947
592064752,SayHello,10000,76083
338826877,SayHello,10000,82574
263606691,SayHello,10000,72971
22328925,SayHello,10000,89703
158933942,SayHello,10000,96067
950621271,SayHello,10000,80246
34456714,SayHello,10000,85805
880228688,SayHello,10000,82653
11695784,SayHello,10000,82683
829148662,SayHello,10000,81500
206033760,SayHello,10000,81496
943058045,SayHello,10000,79172
450595611,SayHello,10000,80293
617365191,SayHello,10000,78026
210248494,SayHello,10000,82064
538706787,SayHello,10000,95768
587731093,SayHello,10000,83416
392839550,SayHello,10000,88830
391821892,SayHello,10000,88831
190919206,SayHello,10000,83296
745636209,SayHello,10000,76713
787375706,SayHello,10000,83491
972336231,SayHello,10000,83346
199041738,SayHello,10000,84722
111453973,SayHello,10000,91472
125518615,SayHello,10000,86824
218216677,SayHello,10000,87977
759028810,SayHello,10000,94691
702577853,SayHello,10000,95785
725166865,SayHello,10000,86796
124605532,SayHello,10000,86782
103323365,SayHello,10000,88041
250602576,SayHello,10000,83547
822586473,SayHello,10000,86802
696442894,SayHello,10000,86894
173564448,SayHello,10000,83539
550555055,SayHello,10000,83580
347425920,SayHello,10000,86837
146812232,SayHello,10000,78164
575418109,SayHello,10000,79300
818848384,SayHello,10000,82458
61078876,SayHello,10000,83630
977598615,SayHello,10000,82485
355347988,SayHello,10000,86978
892598903,SayHello,10000,84813
924932157,SayHello,10000,75993
482619379,SayHello,10000,94635
156860355,SayHello,10000,95870
646629582,SayHello,10000,95843
148884098,SayHello,10000,97050
190198336,SayHello,10000,97044
623529239,SayHello,10000,99185
137584245,SayHello,10000,94665
430741967,SayHello,10000,105745
67732878,SayHello,10000,100469
268886680,SayHello,10000,110132
929558437,SayHello,10000,111242
286562948,SayHello,10000,114959
513308622,SayHello,10000,110144
80636062,SayHello,10000,111265
661282613,SayHello,10000,108924
166494822,SayHello,10000,111259
257017305,SayHello,10000,112759
220676315,SayHello,10000,108922
689885135,SayHello,10000,104298
181649426,SayHello,10000,110173
70742179,SayHello,10000,107827
216999051,SayHello,10000,106655
327596319,SayHello,10000,105496
995598550,SayHello,10000,107877
457288414,SayHello,10000,105519
57889810,SayHello,10000,108991
821428531,SayHello,10000,103212
422479519,SayHello,10000,104328
228002707,SayHello,10000,101079
816916788,SayHello,10000,104335
818338939,SayHello,10000,109034
643555294,SayHello,10000,96587
315023986,SayHello,10000,111411
671096123,SayHello,10000,97734
757072825,SayHello,10000,97772
109148905,SayHello,10000,97749
992303153,SayHello,10000,95473
339339962,SayHello,10000,104417
293542423,SayHello,10000,94209
633886429,SayHello,10000,95473
626798401,SayHello,10000,94341
266925385,SayHello,10000,95632
274551179,SayHello,10000,105670
36906022,SayHello,10000,102099
315508740,SayHello,10000,102127
527110976,SayHello,10000,114723
738745871,SayHello,10000,110016
359598199,SayHello,10000,99565
589636292,SayHello,10000,105611
794867341,SayHello,10000,102297
353613918,SayHello,10000,107977
204402451,SayHello,10000,110424
662421696,SayHello,10000,109280
117948258,SayHello,10000,101117
367859212,SayHello,10000,103487
839336109,SayHello,10000,101140
1432312,SayHello,10000,106884
514271537,SayHello,10000,106903
489933864,SayHello,10000,109298
363930993,SayHello,10000,111932
870418606,SayHello,10000,98889
528760853,SayHello,10000,108049
626926437,SayHello,10000,100053
155966995,SayHello,10000,111988
432261883,SayHello,10000,106942
273881460,SayHello,10000,105804
530530574,SayHello,10000,99690
813427605,SayHello,10000,103386
325524650,SayHello,10000,102243
66179234,SayHello,10000,94311
840581418,SayHello,10000,94397
110049074,SayHello,10000,94412
574086631,SayHello,10000,101024
287352755,SayHello,10000,110484
868102745,SayHello,10000,96596
915664698,SayHello,10000,101048
549836775,SayHello,10000,93359
363663905,SayHello,10000,91095
784919859,SayHello,10000,101281
389098128,SayHello,10000,90499
198690147,SayHello,10000,95941
556863639,SayHello,10000,95932
431383503,SayHello,10000,103624
668943506,SayHello,10000,101341
328344489,SayHello,10000,102495
976081963,SayHello,10000,107776
628402353,SayHello,10000,101382
614562455,SayHello,10000,100226
896671765,SayHello,10000,102556
398291944,SayHello,10000,114413
526277173,SayHello,10000,100650
130173008,SayHello,10000,96212
106311282,SayHello,10000,100672
233329189,SayHello,10000,97395
489736246,SayHello,10000,102905
839054029,SayHello,10000,92831
421336252,SayHello,10000,92826
874741236,SayHello,10000,96259
714229441,SayHello,10000,92821
282293469,SayHello,10000,100711
19552721,SayHello,10000,97424
786800010,SayHello,10000,94010
141286775,SayHello,10000,98574
316565484,SayHello,10000,91742
18228720,SayHello,10000,91758
884167901,SayHello,10000,95174
620658308,SayHello,10000,89416
943283132,SayHello,10000,88276
647578063,SayHello,10000,86173
847182979,SayHello,10000,102964
781509919,SayHello,10000,92909
611554651,SayHello,10000,89436
835987443,SayHello,10000,86215
987532054,SayHello,10000,83036
934778780,SayHello,10000,90592
902856464,SayHello,10000,86234
734190121,SayHello,10000,90829
760553287,SayHello,10000,90849
291256051,SayHello,10000,93343
540219391,SayHello,10000,92068
167772963,SayHello,10000,109944
760491091,SayHello,10000,92053
549497024,SayHello,10000,92077
368182653,SayHello,10000,93369
350027338,SayHello,10000,94598
76658431,SayHello,10000,92052
125035649,SayHello,10000,92082
770064259,SayHello,10000,86684
130080187,SayHello,10000,86692
962788855,SayHello,10000,105410
442631127,SayHello,10000,81270
23129222,SayHello,10000,86732
450539306,SayHello,10000,86756
662008295,SayHello,10000,80085
765630261,SayHello,10000,80084
522986514,SayHello,10000,80249
585688334,SayHello,10000,77857
529492474,SayHello,10000,82670
23852523,SayHello,10000,80387
839011060,SayHello,10000,76767
113786114,SayHello,10000,85564
157725902,SayHello,10000,99261
739383699,SayHello,10000,86766
194458207,SayHello,10000,90118
542655090,SayHello,10000,88954
35816991,SayHello,10000,110482
880334261,SayHello,10000,82077
292487847,SayHello,10000,92621
169186073,SayHello,10000,83404
647722346,SayHello,10000,79724
603775316,SayHello,10000,79707
956151905,SayHello,10000,89022
121017513,SayHello,10000,83421
23675136,SayHello,10000,77360
413370699,SayHello,10000,83420
961523232,SayHello,10000,80970
65876744,SayHello,10000,78581
551168569,SayHello,10000,78600
90199818,SayHello,10000,79766
56249940,SayHello,10000,86977
766933154,SayHello,10000,76919
596942414,SayHello,10000,82568
594367016,SayHello,10000,80021
766401825,SayHello,10000,83787
478202023,SayHello,10000,81466
878543740,SayHello,10000,80266
401943527,SayHello,10000,80055
735303616,SayHello,10000,76829
330773409,SayHello,10000,76825
184360868,SayHello,10000,86809
365841736,SayHello,10000,80321
650788988,SayHello,10000,100021
495127209,SayHello,10000,92644
390560963,SayHello,10000,98723
204582127,SayHello,10000,92668
167850410,SayHello,10000,87291
861386428,SayHello,10000,88472
854900971,SayHello,10000,107535
506382117,SayHello,10000,97007
8115572,SayHello,10000,98489
355797429,SayHello,10000,98477
118964330,SayHello,10000,94839
758936298,SayHello,10000,91157
980195019,SayHello,10000,92334
877873135,SayHello,10000,94875
512319256,SayHello,10000,93732
572679780,SayHello,10000,97057
986054532,SayHello,10000,88814
759298487,SayHello,10000,98545
512118116,SayHello,10000,87586
738632741,SayHello,10000,93657
650902096,SayHello,10000,91214
281322505,SayHello,10000,88827
457851880,SayHello,10000,93796
213094614,SayHello,10000,87628
136163538,SayHello,10000,87615
728933149,SayHello,10000,83296
580329914,SayHello,10000,91267
48743963,SayHello,10000,93857
899858393,SayHello,10000,86549
623428,SayHello,10000,83299
648906816,SayHello,10000,87704
444776182,SayHello,10000,82776
21262277,SayHello,10000,82781
56966384,SayHello,10000,95411
382177983,SayHello,10000,98489
44382206,SayHello,10000,96633
601313164,SayHello,10000,95443
179042047,SayHello,10000,92081
96011507,SayHello,10000,92074
119774750,SayHello,10000,95482
867827230,SayHello,10000,92100
102257289,SayHello,10000,92069
226134543,SayHello,10000,92108
629350758,SayHello,10000,93310
681500470,SayHello,10000,90802
877487386,SayHello,10000,90902
137011620,SayHello,10000,88756
570938979,SayHello,10000,113411
68392959,SayHello,10000,104212
168648101,SayHello,10000,98546
936522985,SayHello,10000,108812
500593033,SayHello,10000,98573
647503546,SayHello,10000,98573
695719465,SayHello,10000,102797
393559259,SayHello,10000,94687
733039543,SayHello,10000,97009
328470152,SayHello,10000,97037
139677669,SayHello,10000,98639
665285576,SayHello,10000,95870
527591373,SayHello,10000,93479
695184562,SayHello,10000,94745
822700075,SayHello,10000,91199
381648630,SayHello,10000,89133
417363089,SayHello,10000,89185
605419927,SayHello,10000,98870
275303451,SayHello,10000,92558
578997401,SayHello,10000,88134
3369857,SayHello,10000,94966
550119586,SayHello,10000,92821
564427801,SayHello,10000,90724
961145285,SayHello,10000,84862
161791577,SayHello,10000,82282
105119743,SayHello,10000,84860
53455413,SayHello,10000,89512
618472323,SayHello,10000,88285
447055824,SayHello,10000,84861
32577185,SayHello,10000,84896
782024620,SayHello,10000,81195
756910894,SayHello,10000,99709
844958883,SayHello,10000,81207
304830935,SayHello,10000,87186
462990580,SayHello,10000,88353
550927979,SayHello,10000,89595
940362920,SayHello,10000,82348
608037979,SayHello,10000,99929
730765048,SayHello,10000,94714
473093577,SayHello,10000,90544
424010559,SayHello,10000,90560
112987278,SayHello,10000,90660
473225110,SayHello,10000,96241
545331312,SayHello,10000,90743
745937598,SayHello,10000,89569
310857759,SayHello,10000,95016
26085428,SayHello,10000,96079
753287135,SayHello,10000,94957
627755623,SayHello,10000,91825
499368590,SayHello,10000,84191
474698416,SayHello,10000,98218
561771294,SayHello,10000,85309
874779677,SayHello,10000,88682
159571524,SayHello,10000,86435
868008593,SayHello,10000,91843
582273888,SayHello,10000,96154
621053727,SayHello,10000,85314
695745168,SayHello,10000,81938
659648205,SayHello,10000,81939
466497677,SayHello,10000,83097
915085454,SayHello,10000,83108
95506935,SayHello,10000,85447
25354975,SayHello,10000,88827
106711983,SayHello,10000,98018
22413126,SayHello,10000,84370
628825511,SayHello,10000,84384
868879700,SayHello,10000,79834
179482432,SayHello,10000,78738
303387519,SayHello,10000,81057
981586927,SayHello,10000,86596
144340234,SayHello,10000,87925
386806277,SayHello,10000,76641
827530032,SayHello,10000,79942
84676736,SayHello,10000,87933
773391406,SayHello,10000,86620
128480330,SayHello,10000,82234
270030052,SayHello,10000,78803
225839660,SayHello,10000,79953
857425461,SayHello,10000,84461
988472280,SayHello,10000,76700
648264815,SayHello,10000,84500
914459078,SayHello,10000,82254
720593331,SayHello,10000,87572
946519003,SayHello,10000,89781
808819215,SayHello,10000,85440
81074674,SayHello,10000,87628
353159466,SayHello,10000,87631
636512233,SayHello,10000,87603
806919143,SayHello,10000,82107
772129502,SayHello,10000,83313
494170173,SayHello,10000,85519
646298314,SayHello,10000,85528
209965422,SayHello,10000,83334
901438742,SayHello,10000,85545
800027180,SayHello,10000,79986
448912516,SayHello,10000,83482
499626303,SayHello,10000,82282
603868099,SayHello,10000,83231
472087378,SayHello,10000,77588
181916915,SayHello,10000,85344
154419139,SayHello,10000,71043
685959891,SayHello,10000,100874
914687899,SayHello,10000,83252
729933200,SayHello,10000,80972
14535686,SayHello,10000,73197
85791969,SayHello,10000,85462
83977301,SayHello,10000,85472
276921139,SayHello,10000,70034
695438622,SayHello,10000,85461
278643325,SayHello,10000,77646
871846597,SayHello,10000,86736
197520650,SayHello,10000,82151
643123129,SayHello,10000,78840
710051716,SayHello,10000,85487
951503794,SayHello,10000,75523
289880004,SayHello,10000,78846
574710616,SayHello,10000,84544
765654561,SayHello,10000,81067
911588746,SayHello,10000,86299
827320467,SayHello,10000,84596
862858834,SayHello,10000,84661
595646868,SayHello,10000,90629
825382170,SayHello,10000,94301
645448004,SayHello,10000,84524
172037986,SayHello,10000,99366
355620418,SayHello,10000,82001
429595220,SayHello,10000,83410
250463971,SayHello,10000,99367
751523499,SayHello,10000,79733
171272657,SayHello,10000,92325
303307293,SayHello,10000,83373
362448420,SayHello,10000,83411
263085283,SayHello,10000,91164
952287432,SayHello,10000,86735
415300751,SayHello,10000,83386
284135191,SayHello,10000,86791
194016537,SayHello,10000,78582
61184124,SayHello,10000,78599
392480048,SayHello,10000,78626
619768194,SayHello,10000,78416
487856971,SayHello,10000,95545
197698120,SayHello,10000,80849
553400260,SayHello,10000,82050
749820430,SayHello,10000,84489
799384882,SayHello,10000,86023
192862940,SayHello,10000,94388
382401894,SayHello,10000,88555
371843390,SayHello,10000,76549
411508167,SayHello,10000,80913
813774030,SayHello,10000,84552
295978185,SayHello,10000,78738
301785390,SayHello,10000,82091
814351490,SayHello,10000,82170
170931533,SayHello,10000,82166
807814569,SayHello,10000,82110
394712470,SayHello,10000,76621
281688628,SayHello,10000,78788
672721624,SayHello,10000,76652
227314225,SayHello,10000,76605
288394953,SayHello,10000,86133
807427953,SayHello,10000,98465
643712275,SayHello,10000,95736
911219171,SayHello,10000,91380
861924200,SayHello,10000,86906
678871370,SayHello,10000,89203
724721642,SayHello,10000,97243
6284122,SayHello,10000,91509
104586353,SayHello,10000,89240
582929735,SayHello,10000,94796
801175950,SayHello,10000,105439
476439519,SayHello,10000,93655
457093113,SayHello,10000,91540
97902746,SayHello,10000,93692
970259038,SayHello,10000,88148
897534216,SayHello,10000,89281
295584147,SayHello,10000,95952
767086257,SayHello,10000,86156
862495489,SayHello,10000,81762
594963349,SayHello,10000,88384
331835389,SayHello,10000,83960
168050391,SayHello,10000,88378
9184364,SayHello,10000,85106
791209917,SayHello,10000,90805
381333871,SayHello,10000,89580
202367907,SayHello,10000,83997
1494816,SayHello,10000,89594
389532635,SayHello,10000,92079
292966841,SayHello,10000,92047
15671339,SayHello,10000,84032
22258012,SayHello,10000,84012
668105014,SayHello,10000,90861
78730691,SayHello,10000,95903
957443105,SayHello,10000,89633
905562608,SayHello,10000,88475
318593210,SayHello,10000,80688
571588299,SayHello,10000,79563
913966991,SayHello,10000,104641
254293992,SayHello,10000,95653
665960022,SayHello,10000,91316
924604341,SayHello,10000,90170
85431060,SayHello,10000,92655
613841991,SayHello,10000,97871
105002044,SayHello,10000,85707
372569384,SayHello,10000,88037
956993410,SayHello,10000,83485
46983133,SayHello,10000,88042
30268208,SayHello,10000,81412
299633214,SayHello,10000,86911
213570906,SayHello,10000,92852
332034464,SayHello,10000,85874
979740469,SayHello,10000,81585
852516787,SayHello,10000,84769
726376316,SayHello,10000,83650
803443003,SayHello,10000,80245
836031282,SayHello,10000,77827
106461555,SayHello,10000,82656
120320562,SayHello,10000,81455
578203583,SayHello,10000,81485
559835949,SayHello,10000,96353
516120543,SayHello,10000,80299
69018474,SayHello,10000,79083
238693310,SayHello,10000,77897
772659179,SayHello,10000,77849
319579029,SayHello,10000,79177
231750787,SayHello,10000,85992
813182980,SayHello,10000,82289
901956241,SayHello,10000,72537
912351187,SayHello,10000,76794
870206946,SayHello,10000,88405
96099361,SayHello,10000,77969
261802531,SayHello,10000,79084
760659595,SayHello,10000,79077
482680393,SayHello,10000,79263
430822572,SayHello,10000,79115
893105501,SayHello,10000,71397
776424311,SayHello,10000,79104
87950219,SayHello,10000,71428
168678634,SayHello,10000,76837
232997720,SayHello,10000,80461
511568561,SayHello,10000,70216
366819069,SayHello,10000,69034
21481312,SayHello,10000,65687
577989760,SayHello,10000,70288
37495660,SayHello,10000,67941
404869624,SayHello,10000,65771
565016829,SayHello,10000,69212
627772478,SayHello,10000,78791
491903089,SayHello,10000,78773
275265208,SayHello,10000,77580
571124559,SayHello,10000,74152
773495638,SayHello,10000,78669
515156528,SayHello,10000,78706
100124888,SayHello,10000,86153
714982487,SayHello,10000,73065
333627123,SayHello,10000,78703
209374781,SayHello,10000,86173
489746245,SayHello,10000,71887
680164441,SayHello,10000,78762
270343524,SayHello,10000,66334
44725691,SayHello,10000,73121
259933514,SayHello,10000,71900
820893246,SayHello,10000,76362
429014051,SayHello,10000,69682
367387010,SayHello,10000,71975
952533110,SayHello,10000,71972
845268345,SayHello,10000,78786
315394358,SayHello,10000,67531
834088386,SayHello,10000,63214
654216808,SayHello,10000,71939
429063439,SayHello,10000,59801
823597835,SayHello,10000,63255
100224693,SayHello,10000,62043
287005712,SayHello,10000,66416
201044762,SayHello,10000,71970
584626700,SayHello,10000,73183
469614897,SayHello,10000,71577
609456214,SayHello,10000,63068
778792925,SayHello,10000,79325
490613246,SayHello,10000,61944
178138581,SayHello,10000,68642
673594488,SayHello,10000,64221
479925888,SayHello,10000,68672
180963027,SayHello,10000,59519
892542797,SayHello,10000,79925
989505356,SayHello,10000,69702
263658212,SayHello,10000,65119
712104066,SayHello,10000,68439
573934664,SayHello,10000,70891
269336090,SayHello,10000,70921
151242802,SayHello,10000,73194
922267269,SayHello,10000,64141
461827085,SayHello,10000,69940
885475395,SayHello,10000,63038
261871544,SayHello,10000,69987
800211736,SayHello,10000,63072
619582693,SayHello,10000,68728
565969836,SayHello,10000,76862
112821370,SayHello,10000,82598
440181370,SayHello,10000,83962
627339039,SayHello,10000,78337
898432431,SayHello,10000,82610
88092667,SayHello,10000,83947
25360106,SayHello,10000,79510
38058278,SayHello,10000,76072
437504178,SayHello,10000,83985
897696260,SayHello,10000,77247
986949568,SayHello,10000,82646
760894452,SayHello,10000,76101
488610007,SayHello,10000,84005
898635961,SayHello,10000,76060
661491966,SayHello,10000,85437
426798217,SayHello,10000,73483
315803857,SayHello,10000,82687
279176945,SayHello,10000,76164
816043423,SayHello,10000,74591
420734208,SayHello,10000,77083
12576613,SayHello,10000,76710
442268493,SayHello,10000,72332
252369882,SayHello,10000,81398
399631210,SayHello,10000,71174
856832331,SayHello,10000,72345
54414577,SayHello,10000,71195
50628358,SayHello,10000,71193
821398326,SayHello,10000,68879
543909954,SayHello,10000,81426
792679299,SayHello,10000,68881
233717542,SayHello,10000,70024
322395299,SayHello,10000,67723
979632700,SayHello,10000,71341
169234433,SayHello,10000,67885
414715889,SayHello,10000,74829
907372764,SayHello,10000,76214
382935736,SayHello,10000,75092
776108447,SayHello,10000,73968
628483363,SayHello,10000,68561
54926760,SayHello,10000,66390
323846569,SayHello,10000,64114
859771725,SayHello,10000,69821
415103714,SayHello,10000,64127
423099631,SayHello,10000,66471
614616652,SayHello,10000,66478
339437398,SayHello,10000,70960
733101901,SayHello,10000,65379
553315714,SayHello,10000,65420
156475258,SayHello,10000,71024
104312091,SayHello,10000,76123
834600965,SayHello,10000,81306
429177194,SayHello,10000,70230
639301915,SayHello,10000,76826
60915144,SayHello,10000,75061
540924148,SayHello,10000,70122
932822497,SayHello,10000,71457
940999284,SayHello,10000,67983
885406504,SayHello,10000,66810
988406428,SayHello,10000,67967
703975731,SayHello,10000,75061
555122757,SayHello,10000,73847
472501342,SayHello,10000,63296
19432707,SayHello,10000,72672
278788215,SayHello,10000,74172
310698487,SayHello,10000,70661
933837190,SayHello,10000,70686
904697444,SayHello,10000,67287
160943601,SayHello,10000,74241
261673606,SayHello,10000,67254
912036628,SayHello,10000,74221
956717361,SayHello,10000,67249
662598686,SayHello,10000,68573
582136303,SayHello,10000,67359
35166418,SayHello,10000,72908
324786845,SayHello,10000,76676
180674651,SayHello,10000,65993
392351857,SayHello,10000,79621
612170166,SayHello,10000,72655
431603935,SayHello,10000,79520
822195511,SayHello,10000,76174
620401413,SayHello,10000,75016
8192342,SayHello,10000,72643
759312341,SayHello,10000,77651
457532481,SayHello,10000,68347
70904720,SayHello,10000,68327
57020761,SayHello,10000,73890
440792666,SayHello,10000,67174
618889725,SayHello,10000,76248
969340746,SayHello,10000,69571
133589061,SayHello,10000,65763
251142947,SayHello,10000,76353
899250455,SayHello,10000,65946
66658923,SayHello,10000,72908
142499331,SayHello,10000,79463
731750231,SayHello,10000,78321
710987582,SayHello,10000,80567
743011616,SayHello,10000,80662
401007336,SayHello,10000,78334
136324196,SayHello,10000,74873
75872358,SayHello,10000,71578
773779417,SayHello,10000,70376
606239382,SayHello,10000,78348
527978024,SayHello,10000,71610
981970565,SayHello,10000,77254
533932620,SayHello,10000,70478
246763199,SayHello,10000,76126
4832471,SayHello,10000,76147
207727796,SayHello,10000,68336
395296824,SayHello,10000,70546
216719975,SayHello,10000,82226
436170212,SayHello,10000,75925
455580988,SayHello,10000,81078
792263324,SayHello,10000,72112
213969120,SayHello,10000,74395
507624635,SayHello,10000,74395
518444153,SayHello,10000,75954
134648427,SayHello,10000,75976
351979684,SayHello,10000,72176
372354652,SayHello,10000,75963
232424731,SayHello,10000,72167
181872336,SayHello,10000,73326
88846755,SayHello,10000,77122
940118175,SayHello,10000,72174
470733836,SayHello,10000,80448
588633938,SayHello,10000,84369
808882084,SayHello,10000,77626
184527054,SayHello,10000,75080
996549523,SayHello,10000,78975
847721856,SayHello,10000,80540
917807545,SayHello,10000,79004
460120655,SayHello,10000,75087
342278831,SayHello,10000,76295
534298702,SayHello,10000,77591
358281871,SayHello,10000,76293
995900875,SayHello,10000,89414
538333188,SayHello,10000,74689
397131239,SayHello,10000,81389
556096963,SayHello,10000,92027
695340291,SayHello,10000,75973
377872177,SayHello,10000,79223
211598217,SayHello,10000,74723
269364487,SayHello,10000,79267
510699424,SayHello,10000,72564
215296157,SayHello,10000,72584
222769410,SayHello,10000,72556
512305705,SayHello,10000,84802
623324796,SayHello,10000,84575
4986782,SayHello,10000,74668
971379273,SayHello,10000,71235
832228604,SayHello,10000,80491
231998126,SayHello,10000,71270
460566959,SayHello,10000,78373
62217691,SayHello,10000,81255
885127403,SayHello,10000,71280
44385835,SayHello,10000,74839
977558747,SayHello,10000,73639
795112582,SayHello,10000,77153
973577752,SayHello,10000,78404
384199829,SayHello,10000,76027
91717866,SayHello,10000,78465
274474481,SayHello,10000,74879
423046597,SayHello,10000,78461
144796237,SayHello,10000,73310
25012913,SayHello,10000,84015
786117870,SayHello,10000,81701
434120857,SayHello,10000,82898
174922468,SayHello,10000,74580
876708287,SayHello,10000,73403
449370202,SayHello,10000,69925
13766606,SayHello,10000,75793
798646428,SayHello,10000,71281
983880178,SayHello,10000,66974
728787321,SayHello,10000,72160
9148894,SayHello,10000,80183
82859004,SayHello,10000,66708
459619762,SayHello,10000,72111
31147251,SayHello,10000,74454
540166414,SayHello,10000,63509
861595731,SayHello,10000,66785
811907961,SayHello,10000,80175
939717808,SayHello,10000,80260
508957646,SayHello,10000,72222
182754362,SayHello,10000,61198
317884637,SayHello,10000,70034
1073622,SayHello,10000,72167
523427437,SayHello,10000,61210
58000133,SayHello,10000,63664
664111694,SayHello,10000,68748
161006955,SayHello,10000,78667
605489843,SayHello,10000,67652
602188210,SayHello,10000,66028
976361983,SayHello,10000,70319
824462936,SayHello,10000,65187
628852123,SayHello,10000,63011
994530158,SayHello,10000,59701
516603505,SayHello,10000,61893
626693255,SayHello,10000,56257
302654229,SayHello,10000,57439
264366991,SayHello,10000,74199
33501562,SayHello,10000,58572
143810772,SayHello,10000,65743
158698,SayHello,10000,63457
391376421,SayHello,10000,61820
278247135,SayHello,10000,61809
257008303,SayHello,10000,49984
50450738,SayHello,10000,52295
852799247,SayHello,10000,51191
522376456,SayHello,10000,51186
967043393,SayHello,10000,60585
442508849,SayHello,10000,61956
369932488,SayHello,10000,50152
675473789,SayHello,10000,54633
543612825,SayHello,10000,50267
709715358,SayHello,10000,53785
233585833,SayHello,10000,50302
323946468,SayHello,10000,51516
836628647,SayHello,10000,57660
132140892,SayHello,10000,52660
844540021,SayHello,10000,56121
426093090,SayHello,10000,54971
326650398,SayHello,10000,44282
963870441,SayHello,10000,49841
861284508,SayHello,10000,52097
80344390,SayHello,10000,49840
809737932,SayHello,10000,59664
218128322,SayHello,10000,52107
655829899,SayHello,10000,54778
616060623,SayHello,10000,52135
899789263,SayHello,10000,48722
641454538,SayHello,10000,53307
721029807,SayHello,10000,53339
525990634,SayHello,10000,56483
312416143,SayHello,10000,45029
53826323,SayHello,10000,51959
170552326,SayHello,10000,45088
394468620,SayHello,10000,54338
525297577,SayHello,10000,44972
421444570,SayHello,10000,49677
366959191,SayHello,10000,45017
357286278,SayHello,10000,46305
678089186,SayHello,10000,43999
358669759,SayHello,10000,52093
784293932,SayHello,10000,54320
183140147,SayHello,10000,50678
372521575,SayHello,10000,47066
869405390,SayHello,10000,49439
393936441,SayHello,10000,47133
629624379,SayHello,10000,47145
47319678,SayHello,10000,53613
33072451,SayHello,10000,49452
961461042,SayHello,10000,44856
431314118,SayHello,10000,50720
231936241,SayHello,10000,42899
680868121,SayHello,10000,47112
644921713,SayHello,10000,54825
98988075,SayHello,10000,49517
627122862,SayHello,10000,55977
971394210,SayHello,10000,47716
851706170,SayHello,10000,48903
519806090,SayHello,10000,47731
350984514,SayHello,10000,52161
377453429,SayHello,10000,52194
781508950,SayHello,10000,55373
308943762,SayHello,10000,57633
304940714,SayHello,10000,53418
340901919,SayHello,10000,54866
938123885,SayHello,10000,58172
760887322,SayHello,10000,51011
824471304,SayHello,10000,52163
773262484,SayHello,10000,51014
582212122,SayHello,10000,48731
295900151,SayHello,10000,49901
534881908,SayHello,10000,57084
380382432,SayHello,10000,48694
375372332,SayHello,10000,48724
313628879,SayHello,10000,48787
483708966,SayHello,10000,53784
375687491,SayHello,10000,47705
897746846,SayHello,10000,48907
618026653,SayHello,10000,52337
233293453,SayHello,10000,47751
566196466,SayHello,10000,45960
344414983,SayHello,10000,60560
392439721,SayHello,10000,51359
886236073,SayHello,10000,45913
113371308,SayHello,10000,50232
828857410,SayHello,10000,47056
315985701,SayHello,10000,50236
744508338,SayHello,10000,49134
354721042,SayHello,10000,46757
468047100,SayHello,10000,45576
66260942,SayHello,10000,55051
700780499,SayHello,10000,44418
480263563,SayHello,10000,44427
33279737,SayHello,10000,46807
718339084,SayHello,10000,44440
700061426,SayHello,10000,44430
469291346,SayHello,10000,49188
283933457,SayHello,10000,48003
240985484,SayHello,10000,42688
34088603,SayHello,10000,47111
945232082,SayHello,10000,41358
763548939,SayHello,10000,50268
770426388,SayHello,10000,47235
192696274,SayHello,10000,44252
120822469,SayHello,10000,44286
743027874,SayHello,10000,53292
848988568,SayHello,10000,43134
667951641,SayHello,10000,48561
596788259,SayHello,10000,43154
797964832,SayHello,10000,52436
713045678,SayHello,10000,49144
695098255,SayHello,10000,44919
796616316,SayHello,10000,40567
273354132,SayHello,10000,42732
207974631,SayHello,10000,47262
353374074,SayHello,10000,42740
251258509,SayHello,10000,46119
119543294,SayHello,10000,40598
359459157,SayHello,10000,38336
471645769,SayHello,10000,46223
406172383,SayHello,10000,39538
105072045,SayHello,10000,40694
400645962,SayHello,10000,50461
162391116,SayHello,10000,36933
326352281,SayHello,10000,42591
583783841,SayHello,10000,46439
13514617,SayHello,10000,42618
171655395,SayHello,10000,40266
133059836,SayHello,10000,51983
597728983,SayHello,10000,55135
447145173,SayHello,10000,48910
525839110,SayHello,10000,48939
738937709,SayHello,10000,51296
483951606,SayHello,10000,45447
54777516,SayHello,10000,45557
191366466,SayHello,10000,45582
952557155,SayHello,10000,47735
513310017,SayHello,10000,45599
458900667,SayHello,10000,48649
148585139,SayHello,10000,46088
282787316,SayHello,10000,44799
334636906,SayHello,10000,47316
568688804,SayHello,10000,47317
680662709,SayHello,10000,44876
844481767,SayHello,10000,46218
629520808,SayHello,10000,46251
704541770,SayHello,10000,54746
279184765,SayHello,10000,61424
319832845,SayHello,10000,55965
403128004,SayHello,10000,54753
7470931,SayHello,10000,68117
899076604,SayHello,10000,62401
515858957,SayHello,10000,64960
897684923,SayHello,10000,60089
564040633,SayHello,10000,60064
350295177,SayHello,10000,60126
980046227,SayHello,10000,57636
717997648,SayHello,10000,60098
419460422,SayHello,10000,60124
449678684,SayHello,10000,57639
966956511,SayHello,10000,63709
345064269,SayHello,10000,57736
112640268,SayHello,10000,57666
282711063,SayHello,10000,60144
756035944,SayHello,10000,62488
38902621,SayHello,10000,59448
952626346,SayHello,10000,59477
177147772,SayHello,10000,61883
543968916,SayHello,10000,65459
391892425,SayHello,10000,60673
776494670,SayHello,10000,59505
338468005,SayHello,10000,59537
764408068,SayHello,10000,59517
641911990,SayHello,10000,65550
551282578,SayHello,10000,61927
635237228,SayHello,10000,68580
443076887,SayHello,10000,74357
711836621,SayHello,10000,73531
950000634,SayHello,10000,71142
981108521,SayHello,10000,68877
216519413,SayHello,10000,70124
839496995,SayHello,10000,86004
26152686,SayHello,10000,72951
61217747,SayHello,10000,72981
623364084,SayHello,10000,70603
539968271,SayHello,10000,67294
373314927,SayHello,10000,71849
191140502,SayHello,10000,72986
997733563,SayHello,10000,70726
974031380,SayHello,10000,68440
538237960,SayHello,10000,74337
962307149,SayHello,10000,70649
498765894,SayHello,10000,67426
499157338,SayHello,10000,64510
520568943,SayHello,10000,70862
257753559,SayHello,10000,73253
151589258,SayHello,10000,71267
842146640,SayHello,10000,73355
152628456,SayHello,10000,73353
28550839,SayHello,10000,75642
756853973,SayHello,10000,79738
580811205,SayHello,10000,75624
499206546,SayHello,10000,72217
901024978,SayHello,10000,82044
698871035,SayHello,10000,74545
978787056,SayHello,10000,69242
613220639,SayHello,10000,73341
690691932,SayHello,10000,80920
20164143,SayHello,10000,66647
8811621,SayHello,10000,74415
953846082,SayHello,10000,68933
948065827,SayHello,10000,75608
207235901,SayHello,10000,74462
825785729,SayHello,10000,79818
712038103,SayHello,10000,68811
797225180,SayHello,10000,64445
694422143,SayHello,10000,66748
456043623,SayHello,10000,69079
934661891,SayHello,10000,74510
493612761,SayHello,10000,72453
293985310,SayHello,10000,65904
67610890,SayHello,10000,77988
229099525,SayHello,10000,65736
749809459,SayHello,10000,70231
92551357,SayHello,10000,68063
806016579,SayHello,10000,71547
763755101,SayHello,10000,71535
474595883,SayHello,10000,77852
938539775,SayHello,10000,70296
269991421,SayHello,10000,71541
668667702,SayHello,10000,66957
927121443,SayHello,10000,64630
783413141,SayHello,10000,69370
136320214,SayHello,10000,70748
231312411,SayHello,10000,69518
746105717,SayHello,10000,70809
252649012,SayHello,10000,69585
355895967,SayHello,10000,84437
415876947,SayHello,10000,82266
126536293,SayHello,10000,75024
204545986,SayHello,10000,93618
937961258,SayHello,10000,77602
790396599,SayHello,10000,78860
253930085,SayHello,10000,76215
607950234,SayHello,10000,73913
631655354,SayHello,10000,71557
421775727,SayHello,10000,77641
2060305,SayHello,10000,73940
312984156,SayHello,10000,69334
930817108,SayHello,10000,77645
471610012,SayHello,10000,67036
290767691,SayHello,10000,72757
808992052,SayHello,10000,67053
52170864,SayHello,10000,78909
864044380,SayHello,10000,68247
967932142,SayHello,10000,71537
93881779,SayHello,10000,76304
112226861,SayHello,10000,77628
292252661,SayHello,10000,69435
924157492,SayHello,10000,68258
405134294,SayHello,10000,64040
394630319,SayHello,10000,64025
760377666,SayHello,10000,71654
258721138,SayHello,10000,62857
673225200,SayHello,10000,64138
898196292,SayHello,10000,62889
621766893,SayHello,10000,74182
815659522,SayHello,10000,74574
862320808,SayHello,10000,76010
333529643,SayHello,10000,73508
572900745,SayHello,10000,74583
411955101,SayHello,10000,71358
882463094,SayHello,10000,64004
909634572,SayHello,10000,59564
422254591,SayHello,10000,66212
595075968,SayHello,10000,75094
805073021,SayHello,10000,53863
305123537,SayHello,10000,58474
833998840,SayHello,10000,70677
133053547,SayHello,10000,70685
835895088,SayHello,10000,69574
676244443,SayHello,10000,67445
654683217,SayHello,10000,61797
184233402,SayHello,10000,67439
702852642,SayHello,10000,67452
704941017,SayHello,10000,72085
8037384,SayHello,10000,55141
322241740,SayHello,10000,56559
352331380,SayHello,10000,55194
601885518,SayHello,10000,51758
624751871,SayHello,10000,58931
423086575,SayHello,10000,58962
901743741,SayHello,10000,54098
517601914,SayHello,10000,71168
525713532,SayHello,10000,55262
688944046,SayHello,10000,56638
143523411,SayHello,10000,52948
326992374,SayHello,10000,58937
45070631,SayHello,10000,61064
286390230,SayHello,10000,51673
802706707,SayHello,10000,65336
44495074,SayHello,10000,56619
328191381,SayHello,10000,48686
91225567,SayHello,10000,59901
998654833,SayHello,10000,62916
86835684,SayHello,10000,57786
888959411,SayHello,10000,56592
1114100,SayHello,10000,52084
247060693,SayHello,10000,56632
169072198,SayHello,10000,52114
749437738,SayHello,10000,57815
894415448,SayHello,10000,53326
753025645,SayHello,10000,53364
396682537,SayHello,10000,52225
230252660,SayHello,10000,50992
3780017,SayHello,10000,51801
638088948,SayHello,10000,53989
347685302,SayHello,10000,50616
631148555,SayHello,10000,50621
783338901,SayHello,10000,55452
564568170,SayHello,10000,45906
702361362,SayHello,10000,49190
971969640,SayHello,10000,50618
708327460,SayHello,10000,55441
878712907,SayHello,10000,50631
12468150,SayHello,10000,45951
574014794,SayHello,10000,49231
284761313,SayHello,10000,55811
65466980,SayHello,10000,67263
221730611,SayHello,10000,60359
898052468,SayHello,10000,55891
955740628,SayHello,10000,54706
904378873,SayHello,10000,62494
807851798,SayHello,10000,58134
251886111,SayHello,10000,68575
462875398,SayHello,10000,74424
5461207,SayHello,10000,73097
50068446,SayHello,10000,71935
234967589,SayHello,10000,74498
342354038,SayHello,10000,63977
93391509,SayHello,10000,73132
610150436,SayHello,10000,71958
611242455,SayHello,10000,68647
187701628,SayHello,10000,67334
30298203,SayHello,10000,66181
117983149,SayHello,10000,60961
774927673,SayHello,10000,70858
374080451,SayHello,10000,62222
547798196,SayHello,10000,58706
157196818,SayHello,10000,68687
606527761,SayHello,10000,64037
517007913,SayHello,10000,80057
438185289,SayHello,10000,63888
167482611,SayHello,10000,66322
463990706,SayHello,10000,66339
383971048,SayHello,10000,66352
836164656,SayHello,10000,69067
991060011,SayHello,10000,60629
253344556,SayHello,10000,66491
644730750,SayHello,10000,67791
828109791,SayHello,10000,62245
159085977,SayHello,10000,73476
378721681,SayHello,10000,60063
729220969,SayHello,10000,77053
328208923,SayHello,10000,75759
727812387,SayHello,10000,60072
687921155,SayHello,10000,65384
58454966,SayHello,10000,66540
599511780,SayHello,10000,60094
76122593,SayHello,10000,60130
976481245,SayHello,10000,70228
200211509,SayHello,10000,60137
690718537,SayHello,10000,73589
503044246,SayHello,10000,68869
29559877,SayHello,10000,76108
549495532,SayHello,10000,74861
210541989,SayHello,10000,82711
960481470,SayHello,10000,70392
436559052,SayHello,10000,73657
554563809,SayHello,10000,74937
581468159,SayHello,10000,73541
832672294,SayHello,10000,74776
407742865,SayHello,10000,79827
284387698,SayHello,10000,74784
315808847,SayHello,10000,74823
566903818,SayHello,10000,77458
682631162,SayHello,10000,77438
252203925,SayHello,10000,82489
308308680,SayHello,10000,77476
439603042,SayHello,10000,78750
957243666,SayHello,10000,76262
356529583,SayHello,10000,77532
982552344,SayHello,10000,76265
11821369,SayHello,10000,69114
183934075,SayHello,10000,76293
808420658,SayHello,10000,77525
937054509,SayHello,10000,71463
942961491,SayHello,10000,70283
975427416,SayHello,10000,71469
536487763,SayHello,10000,73727
93840757,SayHello,10000,78772
582450889,SayHello,10000,82624
476908118,SayHello,10000,72649
85141809,SayHello,10000,78845
469470617,SayHello,10000,73766
68856880,SayHello,10000,91080
461221350,SayHello,10000,86648
104940929,SayHello,10000,92305
333435396,SayHello,10000,86797
23142810,SayHello,10000,86791
143309608,SayHello,10000,84330
694227543,SayHello,10000,84342
967133023,SayHello,10000,82422
827748860,SayHello,10000,89882
393181510,SayHello,10000,80165
246157299,SayHello,10000,83572
919055665,SayHello,10000,79022
11248272,SayHello,10000,74583
678331591,SayHello,10000,73365
512519815,SayHello,10000,81373
811045660,SayHello,10000,79058
803044737,SayHello,10000,75931
984676174,SayHello,10000,71217
461685493,SayHello,10000,72446
608013999,SayHello,10000,90170
599502538,SayHello,10000,79305
274659597,SayHello,10000,71351
460304939,SayHello,10000,94564
349502023,SayHello,10000,88208
420812990,SayHello,10000,93383
727070063,SayHello,10000,82734
836583273,SayHello,10000,83949
463516049,SayHello,10000,82899
702811975,SayHello,10000,91236
67926581,SayHello,10000,84188
440463262,SayHello,10000,87415
446806884,SayHello,10000,98259
625615674,SayHello,10000,88922
691828314,SayHello,10000,85527
924689288,SayHello,10000,89018
456186052,SayHello,10000,84422
486458604,SayHello,10000,86673
730404251,SayHello,10000,84442
465472881,SayHello,10000,87827
639895697,SayHello,10000,84452
434093026,SayHello,10000,82211
262789212,SayHello,10000,82230
451894410,SayHello,10000,84461
49828908,SayHello,10000,86725
243042551,SayHello,10000,82256
309769697,SayHello,10000,85602
870395742,SayHello,10000,83402
95217406,SayHello,10000,81040
103814466,SayHello,10000,81063
574928501,SayHello,10000,102243
448350772,SayHello,10000,106308
542348702,SayHello,10000,102272
593021683,SayHello,10000,99084
291707864,SayHello,10000,105118
426537616,SayHello,10000,95829
2816665,SayHello,10000,103443
598363591,SayHello,10000,90429
844663667,SayHello,10000,91705
660739534,SayHello,10000,99135
551023670,SayHello,10000,91696
813123863,SayHello,10000,97020
495900274,SayHello,10000,89187
930035017,SayHello,10000,87475
754329498,SayHello,10000,89201
155830432,SayHello,10000,87473
189216765,SayHello,10000,90613
330522838,SayHello,10000,91888
577814655,SayHello,10000,89480
907064330,SayHello,10000,85487
272610565,SayHello,10000,98043
517661804,SayHello,10000,100257
325585110,SayHello,10000,95819
401337349,SayHello,10000,100358
629477459,SayHello,10000,95881
214975581,SayHello,10000,101549
419331455,SayHello,10000,97090
656396330,SayHello,10000,110819
640803009,SayHello,10000,107162
976112933,SayHello,10000,105802
633341479,SayHello,10000,103246
902002696,SayHello,10000,109423
535335155,SayHello,10000,103266
826282883,SayHello,10000,105779
305346818,SayHello,10000,103413
105103618,SayHello,10000,109432
646640034,SayHello,10000,102157
198763477,SayHello,10000,103266
60201081,SayHello,10000,100927
878634365,SayHello,10000,103277
96484531,SayHello,10000,98624
923723729,SayHello,10000,105838
773284775,SayHello,10000,100961
523857155,SayHello,10000,99822
999912380,SayHello,10000,102231
74839955,SayHello,10000,107248
735508704,SayHello,10000,96486
426730832,SayHello,10000,96472
918841974,SayHello,10000,107257
476695927,SayHello,10000,102252
793868682,SayHello,10000,92300
738113344,SayHello,10000,96473
476627332,SayHello,10000,95209
640517181,SayHello,10000,96297
644735938,SayHello,10000,96509
1599195,SayHello,10000,91182
340847971,SayHello,10000,98901
384756891,SayHello,10000,96714
757131044,SayHello,10000,98073
455980613,SayHello,10000,98067
734287993,SayHello,10000,112473
797396121,SayHello,10000,98065
253129597,SayHello,10000,95622
619732861,SayHello,10000,99000
648056211,SayHello,10000,92136
2387231,SayHello,10000,94486
7595497,SayHello,10000,88743
551439596,SayHello,10000,93321
251115342,SayHello,10000,83384
242693680,SayHello,10000,89967
281926809,SayHello,10000,98104
535294256,SayHello,10000,87601
693781746,SayHello,10000,93328
978319917,SayHello,10000,95818
769335567,SayHello,10000,82219
372066416,SayHello,10000,83405
211142072,SayHello,10000,77937
279319022,SayHello,10000,79066
799082019,SayHello,10000,76523
265312447,SayHello,10000,82230
980319099,SayHello,10000,73121
285061313,SayHello,10000,77935
585422674,SayHello,10000,87730
268346354,SayHello,10000,76709
585847062,SayHello,10000,70840
520917366,SayHello,10000,72065
812936092,SayHello,10000,76661
758128760,SayHello,10000,90778
917499490,SayHello,10000,81336
963850888,SayHello,10000,102008
472637062,SayHello,10000,82736
22318580,SayHello,10000,82779
759523111,SayHello,10000,82755
862322687,SayHello,10000,84046
488074284,SayHello,10000,88093
22293076,SayHello,10000,85700
347982984,SayHello,10000,96997
352877918,SayHello,10000,92049
857166936,SayHello,10000,90623
345769935,SayHello,10000,89342
228026039,SayHello,10000,85582
881577762,SayHello,10000,84492
982905612,SayHello,10000,90629
211029232,SayHello,10000,88212
65838827,SayHello,10000,85746
590285348,SayHello,10000,84506
948286529,SayHello,10000,86940
871131798,SayHello,10000,89416
300329728,SayHello,10000,97422
879914300,SayHello,10000,89472
29739429,SayHello,10000,91751
732127679,SayHello,10000,92979
201529258,SayHello,10000,88323
522163114,SayHello,10000,89468
550095096,SayHello,10000,88348
815082308,SayHello,10000,88329
6130264,SayHello,10000,85817
549318777,SayHello,10000,96366
676775712,SayHello,10000,91842
329659229,SayHello,10000,87021
527082844,SayHello,10000,94236
156755050,SayHello,10000,82174
149968553,SayHello,10000,85886
342189234,SayHello,10000,81849
58172403,SayHello,10000,84529
165709447,SayHello,10000,83354
746362643,SayHello,10000,87042
177985606,SayHello,10000,85865
824373443,SayHello,10000,81874
142705220,SayHello,10000,93559
370278155,SayHello,10000,86742
966478713,SayHello,10000,86746
855559173,SayHello,10000,92302
683765181,SayHello,10000,86759
271599451,SayHello,10000,84508
366545795,SayHello,10000,87961
842674541,SayHello,10000,86777
727318165,SayHello,10000,82259
378032381,SayHello,10000,90134
657205480,SayHello,10000,92365
999189814,SayHello,10000,83404
437844798,SayHello,10000,85691
860164479,SayHello,10000,78857
979860187,SayHello,10000,81191
15446319,SayHello,10000,81185
187072107,SayHello,10000,80037
944123893,SayHello,10000,83463
524762090,SayHello,10000,76141
650198167,SayHello,10000,77385
885771361,SayHello,10000,80035
112875295,SayHello,10000,71766
427673373,SayHello,10000,75041
726853800,SayHello,10000,82475
251893379,SayHello,10000,73060
225063647,SayHello,10000,86898
262467153,SayHello,10000,71912
759672461,SayHello,10000,70753
703882963,SayHello,10000,91905
927157821,SayHello,10000,77719
541619922,SayHello,10000,77706
420183445,SayHello,10000,81234
221785716,SayHello,10000,80084
814895784,SayHello,10000,74328
295890420,SayHello,10000,70802
188854605,SayHello,10000,74289
138500726,SayHello,10000,75528
724810507,SayHello,10000,74366
601520420,SayHello,10000,78929
666487799,SayHello,10000,74348
324852976,SayHello,10000,85754
446120009,SayHello,10000,77437
451025021,SayHello,10000,67615
426326380,SayHello,10000,70794
650733662,SayHello,10000,76992
614999503,SayHello,10000,77478
555444572,SayHello,10000,77510
640550083,SayHello,10000,72944
179385613,SayHello,10000,67637
735460484,SayHello,10000,67951
313588864,SayHello,10000,73781
26207936,SayHello,10000,84490
567531138,SayHello,10000,59027
895963750,SayHello,10000,72440
185006028,SayHello,10000,71252
7196858,SayHello,10000,74620
196763153,SayHello,10000,68023
28172959,SayHello,10000,84043
993642219,SayHello,10000,63497
374917835,SayHello,10000,79226
212179564,SayHello,10000,71618
254497224,SayHello,10000,64765
330033053,SayHello,10000,67992
732249821,SayHello,10000,79406
741706662,SayHello,10000,69210
958571676,SayHello,10000,76826
386486020,SayHello,10000,62827
481507711,SayHello,10000,71225
114397203,SayHello,10000,62833
249709022,SayHello,10000,62869
533443606,SayHello,10000,62856
13908639,SayHello,10000,63012
883811667,SayHello,10000,63192
945191339,SayHello,10000,56325
188513291,SayHello,10000,59956
258370508,SayHello,10000,54169
886166405,SayHello,10000,57583
81171468,SayHello,10000,60878
99559985,SayHello,10000,78516
373113693,SayHello,10000,63170
43756384,SayHello,10000,59785
763948450,SayHello,10000,63202
714924708,SayHello,10000,63223
229671297,SayHello,10000,65427
28619862,SayHello,10000,72899
620361035,SayHello,10000,58694
82710842,SayHello,10000,69476
546071015,SayHello,10000,66881
363431279,SayHello,10000,64321
244319585,SayHello,10000,63160
333930108,SayHello,10000,66885
720807792,SayHello,10000,61030
284768672,SayHello,10000,59928
70132666,SayHello,10000,61041
512737922,SayHello,10000,71847
532466450,SayHello,10000,57579
592818481,SayHello,10000,64368
918736725,SayHello,10000,59957
158770545,SayHello,10000,58818
657304617,SayHello,10000,63071
597142985,SayHello,10000,67287
327582550,SayHello,10000,64267
236719471,SayHello,10000,59639
357545823,SayHello,10000,67304
516829658,SayHello,10000,59643
132401091,SayHello,10000,59690
630386655,SayHello,10000,61925
12204937,SayHello,10000,75456
369858767,SayHello,10000,59767
613861987,SayHello,10000,73258
468988509,SayHello,10000,71245
309214209,SayHello,10000,68131
67060719,SayHello,10000,72456
361255692,SayHello,10000,72460
786141995,SayHello,10000,82721
140200227,SayHello,10000,71309
451336934,SayHello,10000,74090
814704537,SayHello,10000,71328
229501321,SayHello,10000,70184
101942086,SayHello,10000,70177
224122572,SayHello,10000,67865
179167725,SayHello,10000,72444
190757552,SayHello,10000,75238
743797499,SayHello,10000,66878
78274681,SayHello,10000,68035
161383143,SayHello,10000,66908
740741837,SayHello,10000,71542
543739443,SayHello,10000,69267
727959976,SayHello,10000,77872
481652300,SayHello,10000,72066
178287941,SayHello,10000,77941
567639980,SayHello,10000,77871
93416603,SayHello,10000,76739
531074602,SayHello,10000,74386
483767082,SayHello,10000,74366
681050014,SayHello,10000,79011
931923503,SayHello,10000,76496
476712921,SayHello,10000,81994
158942272,SayHello,10000,79044
905161355,SayHello,10000,74185
244223414,SayHello,10000,75358
72085778,SayHello,10000,79054
995444,SayHello,10000,72998
534309431,SayHello,10000,71845
466705814,SayHello,10000,79070
87519040,SayHello,10000,70655
908982995,SayHello,10000,85558
807231270,SayHello,10000,67189
485457242,SayHello,10000,70680
745245633,SayHello,10000,73062
923545612,SayHello,10000,71899
517094490,SayHello,10000,70680
127982736,SayHello,10000,68380
635513646,SayHello,10000,70738
33177159,SayHello,10000,72237
926605780,SayHello,10000,74824
670767171,SayHello,10000,70124
935382135,SayHello,10000,67760
863470290,SayHello,10000,67721
847481523,SayHello,10000,72309
717560377,SayHello,10000,72271
633555604,SayHello,10000,65478
719182942,SayHello,10000,76043
259027554,SayHello,10000,69040
755108726,SayHello,10000,67803
199195571,SayHello,10000,69037
285208204,SayHello,10000,64384
663977756,SayHello,10000,65612
358675286,SayHello,10000,61624
21437653,SayHello,10000,81975
479484050,SayHello,10000,74593
738973087,SayHello,10000,74621
859706163,SayHello,10000,75798
56036576,SayHello,10000,73489
85182026,SayHello,10000,74581
670827368,SayHello,10000,74590
232207545,SayHello,10000,78215
496556155,SayHello,10000,82072
344627992,SayHello,10000,84937
541094445,SayHello,10000,77472
156083016,SayHello,10000,80923
964631813,SayHello,10000,80861
206792508,SayHello,10000,76323
400899947,SayHello,10000,87297
465874739,SayHello,10000,75169
316322434,SayHello,10000,71727
761478625,SayHello,10000,82118
419349273,SayHello,10000,74011
826225498,SayHello,10000,77499
765382890,SayHello,10000,80911
513254080,SayHello,10000,76341
832555698,SayHello,10000,74157
800263880,SayHello,10000,79840
231694720,SayHello,10000,73088
105745792,SayHello,10000,81593
527997995,SayHello,10000,85834
164671694,SayHello,10000,84974
448570910,SayHello,10000,88174
188886891,SayHello,10000,95586
717578448,SayHello,10000,91886
672529248,SayHello,10000,91873
110251055,SayHello,10000,89639
596188942,SayHello,10000,93444
621666007,SayHello,10000,89680
720800874,SayHello,10000,99020
286493067,SayHello,10000,84244
192942507,SayHello,10000,89722
570833542,SayHello,10000,83086
130727629,SayHello,10000,89719
502660596,SayHello,10000,84276
186319501,SayHello,10000,87572
603047717,SayHello,10000,84195
549453849,SayHello,10000,92019
774166277,SayHello,10000,78630
25195047,SayHello,10000,79825
862511618,SayHello,10000,81015
686148690,SayHello,10000,81108
633045409,SayHello,10000,77596
526682881,SayHello,10000,86615
956504444,SayHello,10000,93817
597016395,SayHello,10000,91492
384947996,SayHello,10000,97124
638466677,SayHello,10000,90303
864174803,SayHello,10000,90330
540756270,SayHello,10000,85660
232868813,SayHello,10000,90302
741095912,SayHello,10000,90301
95960085,SayHello,10000,91665
639431871,SayHello,10000,87880
720062930,SayHello,10000,90355
901009692,SayHello,10000,91553
678286346,SayHello,10000,85687
131170240,SayHello,10000,85710
741855211,SayHello,10000,96633
308865244,SayHello,10000,96704
292987580,SayHello,10000,92140
143832355,SayHello,10000,97898
779935274,SayHello,10000,89835
301191466,SayHello,10000,89877
970648088,SayHello,10000,89841
207458062,SayHello,10000,89883
264320993,SayHello,10000,99802
128446846,SayHello,10000,89899
834593205,SayHello,10000,95639
25555804,SayHello,10000,92209
421839858,SayHello,10000,89904
243995522,SayHello,10000,89321
249636612,SayHello,10000,94532
927286912,SayHello,10000,93398
872478015,SayHello,10000,97916
731359027,SayHello,10000,95619
222002961,SayHello,10000,103295
327444338,SayHello,10000,99132
727762730,SayHello,10000,101530
261962525,SayHello,10000,97984
479939114,SayHello,10000,95669
797878449,SayHello,10000,93273
47819491,SayHello,10000,95656
391604341,SayHello,10000,93303
973031744,SayHello,10000,94454
622075310,SayHello,10000,91091
232330508,SayHello,10000,89853
760234010,SayHello,10000,83756
48010103,SayHello,10000,88698
334582854,SayHello,10000,86545
254196405,SayHello,10000,85406
305176954,SayHello,10000,93366
101670595,SayHello,10000,91092
299436971,SayHello,10000,96930
878205262,SayHello,10000,100125
614108382,SayHello,10000,100140
515431749,SayHello,10000,101511
990813649,SayHello,10000,100196
650003238,SayHello,10000,101512
54964382,SayHello,10000,96643
329988114,SayHello,10000,100226
312580676,SayHello,10000,96651
355214234,SayHello,10000,97840
226715827,SayHello,10000,101570
279725962,SayHello,10000,110221
666525242,SayHello,10000,97873
832565648,SayHello,10000,98210
91383968,SayHello,10000,102643
418912134,SayHello,10000,94578
904540582,SayHello,10000,93404
97501924,SayHello,10000,100692
629748847,SayHello,10000,98273
923043058,SayHello,10000,92160
502068938,SayHello,10000,98272
717552417,SayHello,10000,94620
594955171,SayHello,10000,89752
798900615,SayHello,10000,92182
396804897,SayHello,10000,96841
761507883,SayHello,10000,98278
382288314,SayHello,10000,88623
723751435,SayHello,10000,89774
114830667,SayHello,10000,91032
340153035,SayHello,10000,82766
388728441,SayHello,10000,84116
629926516,SayHello,10000,91014
32024408,SayHello,10000,86416
949076239,SayHello,10000,86414
57462875,SayHello,10000,93444
914059564,SayHello,10000,86527
474701120,SayHello,10000,81682
191889493,SayHello,10000,84305
225387037,SayHello,10000,81770
235235318,SayHello,10000,82950
339063882,SayHello,10000,101880
856790329,SayHello,10000,92339
46805664,SayHello,10000,96828
37254260,SayHello,10000,95695
525647567,SayHello,10000,92391
361505055,SayHello,10000,92370
535367477,SayHello,10000,99383
77443619,SayHello,10000,98048
944411304,SayHello,10000,93593
223067392,SayHello,10000,99064
731959466,SayHello,10000,89956
445132452,SayHello,10000,96746
838926691,SayHello,10000,88772
645476631,SayHello,10000,100354
821739118,SayHello,10000,84210
399033361,SayHello,10000,98991
858977682,SayHello,10000,92264
707963363,SayHello,10000,100365
12955820,SayHello,10000,104017
9739309,SayHello,10000,101661
763542709,SayHello,10000,94616
549785469,SayHello,10000,101643
14232186,SayHello,10000,86593
948405459,SayHello,10000,87703
874242168,SayHello,10000,99146
600174140,SayHello,10000,94662
434017112,SayHello,10000,84290
14014175,SayHello,10000,97963
126947351,SayHello,10000,84311
38022606,SayHello,10000,90052
233422093,SayHello,10000,84303
348326701,SayHello,10000,100448
797567543,SayHello,10000,93476
126960342,SayHello,10000,85770
427583963,SayHello,10000,103099
301928476,SayHello,10000,91246
979160834,SayHello,10000,94732
435129387,SayHello,10000,90236
522569599,SayHello,10000,94624
444595606,SayHello,10000,96077
131970499,SayHello,10000,93543
241195966,SayHello,10000,100422
392237229,SayHello,10000,86852
373903314,SayHello,10000,86837
286285233,SayHello,10000,89102
123429746,SayHello,10000,85437
152162624,SayHello,10000,85603
748220515,SayHello,10000,84212
741390473,SayHello,10000,89098
739291117,SayHello,10000,76494
21414185,SayHello,10000,85667
993341950,SayHello,10000,91527
974921375,SayHello,10000,79763
39885037,SayHello,10000,76536
415959954,SayHello,10000,87050
775242050,SayHello,10000,87440
970286395,SayHello,10000,86264
96285935,SayHello,10000,99940
422829102,SayHello,10000,82839
730861988,SayHello,10000,109040
878516184,SayHello,10000,88643
518048851,SayHello,10000,97748
845144981,SayHello,10000,98960
383906327,SayHello,10000,93121
669556889,SayHello,10000,101071
236400533,SayHello,10000,93155
201293437,SayHello,10000,91916
183257452,SayHello,10000,88713
19462635,SayHello,10000,86648
962752049,SayHello,10000,82249
37124461,SayHello,10000,86658
202228429,SayHello,10000,83386
350823215,SayHello,10000,85470
144921743,SayHello,10000,86666
69333117,SayHello,10000,81153
589743321,SayHello,10000,82252
598434854,SayHello,10000,89900
255981204,SayHello,10000,78837
35351305,SayHello,10000,78839
145560485,SayHello,10000,81174
403612030,SayHello,10000,79991
821043519,SayHello,10000,79981
808544207,SayHello,10000,75485
844317107,SayHello,10000,77701
3203822,SayHello,10000,85564
509995655,SayHello,10000,81219
898463432,SayHello,10000,77722
213062489,SayHello,10000,76796
616562517,SayHello,10000,77924
549904435,SayHello,10000,75756
148495102,SayHello,10000,87066
121041198,SayHello,10000,85866
496533219,SayHello,10000,88217
871273240,SayHello,10000,84745
247937192,SayHello,10000,83570
990069186,SayHello,10000,88226
237001117,SayHello,10000,86037
450928563,SayHello,10000,88368
865145601,SayHello,10000,83732
23978484,SayHello,10000,86083
160701486,SayHello,10000,89588
777883906,SayHello,10000,95288
185390889,SayHello,10000,95271
504928457,SayHello,10000,86765
534219593,SayHello,10000,84431
51886108,SayHello,10000,94321
331454362,SayHello,10000,84451
258495230,SayHello,10000,78896
792207020,SayHello,10000,84374
746121092,SayHello,10000,76622
634301692,SayHello,10000,85653
367026789,SayHello,10000,92954
613716741,SayHello,10000,83131
668292816,SayHello,10000,77764
811351831,SayHello,10000,86815
501037003,SayHello,10000,75200
245361339,SayHello,10000,75221
454170765,SayHello,10000,76809
902497418,SayHello,10000,75244
122636903,SayHello,10000,95288
258491057,SayHello,10000,88946
848934979,SayHello,10000,101971
31133496,SayHello,10000,91325
412645611,SayHello,10000,90210
584283595,SayHello,10000,88990
858761679,SayHello,10000,89092
558397782,SayHello,10000,89106
817256441,SayHello,10000,85680
370687009,SayHello,10000,82211
509190159,SayHello,10000,82213
719026477,SayHello,10000,83371
874507656,SayHello,10000,84553
891645051,SayHello,10000,81045
624289545,SayHello,10000,81056
173148802,SayHello,10000,84569
600125770,SayHello,10000,84575
978604807,SayHello,10000,86927
329909301,SayHello,10000,91548
443347502,SayHello,10000,91545
490299923,SayHello,10000,98481
256743561,SayHello,10000,90435
577083878,SayHello,10000,83675
521945868,SayHello,10000,90478
968180854,SayHello,10000,95039
684357376,SayHello,10000,89132
274933616,SayHello,10000,83675
1941031,SayHello,10000,79257
441154956,SayHello,10000,90468
163821193,SayHello,10000,89149
450187081,SayHello,10000,84873
633480301,SayHello,10000,78102
771574802,SayHello,10000,83689
16534675,SayHello,10000,84891
751390179,SayHello,10000,81574
770463195,SayHello,10000,89157
929388123,SayHello,10000,91630
66907934,SayHello,10000,96063
772582032,SayHello,10000,80847
849702094,SayHello,10000,80848
928477951,SayHello,10000,91703
458583764,SayHello,10000,89560
555117331,SayHello,10000,88404
162081924,SayHello,10000,82066
154244712,SayHello,10000,80900
985430332,SayHello,10000,82058
723234435,SayHello,10000,91725
451967527,SayHello,10000,87314
459718922,SayHello,10000,86230
418570431,SayHello,10000,95963
393456032,SayHello,10000,95962
539907562,SayHello,10000,95806
216371601,SayHello,10000,94706
174807009,SayHello,10000,91354
120118733,SayHello,10000,91374
313988993,SayHello,10000,106962
513930394,SayHello,10000,91390
366680030,SayHello,10000,91374
45630946,SayHello,10000,97644
963569131,SayHello,10000,93393
164534653,SayHello,10000,87730
37021092,SayHello,10000,92226
600835956,SayHello,10000,102438
857775793,SayHello,10000,87721
963801470,SayHello,10000,87775
442412450,SayHello,10000,85150
452629980,SayHello,10000,103691
802232218,SayHello,10000,89073
242880349,SayHello,10000,97793
333232486,SayHello,10000,89103
73324960,SayHello,10000,95689
801196754,SayHello,10000,87799
954992443,SayHello,10000,86369
630054844,SayHello,10000,93514
709939150,SayHello,10000,82872
773134795,SayHello,10000,95698
783212751,SayHello,10000,87846
882378616,SayHello,10000,82886
268304068,SayHello,10000,99926
663108942,SayHello,10000,104286
890373574,SayHello,10000,93623
860833138,SayHello,10000,90159
941512994,SayHello,10000,117058
848919090,SayHello,10000,91311
268403300,SayHello,10000,90192
241726146,SayHello,10000,92504
964778822,SayHello,10000,103303
412576703,SayHello,10000,95837
3120492,SayHello,10000,102131
491172433,SayHello,10000,100385
865105390,SayHello,10000,100360
976617426,SayHello,10000,92137
652849728,SayHello,10000,96941
184578093,SayHello,10000,96961
559798958,SayHello,10000,103781
179222501,SayHello,10000,82202
642684450,SayHello,10000,96956
630760135,SayHello,10000,89954
81444824,SayHello,10000,98118
158282241,SayHello,10000,88847
723757956,SayHello,10000,92199
253467761,SayHello,10000,90029
160089031,SayHello,10000,81047
177154519,SayHello,10000,94402
279918245,SayHello,10000,81045
219110488,SayHello,10000,87665
239958862,SayHello,10000,90020
351722274,SayHello,10000,79870
862774816,SayHello,10000,87707
358090964,SayHello,10000,96056
630052114,SayHello,10000,86512
447723033,SayHello,10000,84075
191234068,SayHello,10000,86558
387364061,SayHello,10000,84127
35459308,SayHello,10000,89743
966631974,SayHello,10000,98227
973658638,SayHello,10000,81771
447225261,SayHello,10000,82903
696636765,SayHello,10000,83013
2988461,SayHello,10000,84308
725000441,SayHello,10000,85580
295609925,SayHello,10000,102422
551885266,SayHello,10000,95996
684468610,SayHello,10000,96044
396261300,SayHello,10000,93827
463516191,SayHello,10000,92676
611126470,SayHello,10000,89333
923024097,SayHello,10000,92691
250852065,SayHello,10000,93889
917566394,SayHello,10000,93890
897407769,SayHello,10000,88223
900812889,SayHello,10000,94305
323042102,SayHello,10000,84991
513801910,SayHello,10000,101988
604115204,SayHello,10000,87375
156446101,SayHello,10000,83958
579434888,SayHello,10000,95527
685329361,SayHello,10000,81765
382505016,SayHello,10000,88597
618802506,SayHello,10000,83996
778329116,SayHello,10000,91793
255077733,SayHello,10000,87376
176423094,SayHello,10000,82912
219586389,SayHello,10000,79607
711855640,SayHello,10000,91835
147513046,SayHello,10000,87395
384133325,SayHello,10000,85118
233246775,SayHello,10000,86227
146473406,SayHello,10000,79650
490773618,SayHello,10000,80761
542612751,SayHello,10000,78464
739949223,SayHello,10000,79657
830434893,SayHello,10000,79864
949196993,SayHello,10000,93261
994577552,SayHello,10000,78725
126633239,SayHello,10000,76448
653642982,SayHello,10000,87772
303388616,SayHello,10000,78793
890383943,SayHello,10000,93684
581977641,SayHello,10000,89696
950829371,SayHello,10000,87468
874565950,SayHello,10000,93693
533712606,SayHello,10000,87484
505345133,SayHello,10000,83117
541736071,SayHello,10000,89710
284494162,SayHello,10000,88640
464468052,SayHello,10000,88638
141746455,SayHello,10000,85372
733335223,SayHello,10000,78217
622728182,SayHello,10000,76000
201977680,SayHello,10000,93871
316103734,SayHello,10000,78289
547402986,SayHello,10000,93885
851570796,SayHello,10000,89225
226319735,SayHello,10000,89272
795012470,SayHello,10000,74855
907483918,SayHello,10000,98359
237083233,SayHello,10000,78348
415022897,SayHello,10000,85928
456955310,SayHello,10000,82775
162134669,SayHello,10000,81588
618484019,SayHello,10000,81611
946600468,SayHello,10000,85975
913399228,SayHello,10000,73767
939011756,SayHello,10000,89291
731879709,SayHello,10000,89398
154531875,SayHello,10000,87198
294288927,SayHello,10000,87173
386932602,SayHello,10000,90834
445362276,SayHello,10000,84041
112908072,SayHello,10000,79665
434708471,SayHello,10000,84039
541227653,SayHello,10000,88955
124080545,SayHello,10000,79793
105995696,SayHello,10000,85664
456451447,SayHello,10000,81035
746424734,SayHello,10000,85724
725272813,SayHello,10000,90202
336890498,SayHello,10000,89925
13442180,SayHello,10000,84029
921981781,SayHello,10000,88867
469588014,SayHello,10000,84066
411288668,SayHello,10000,85299
442046465,SayHello,10000,78302
558565324,SayHello,10000,86504
870776784,SayHello,10000,87757
120613133,SayHello,10000,75347
547430645,SayHello,10000,81872
883472513,SayHello,10000,84281
565769388,SayHello,10000,80681
944104785,SayHello,10000,87898
94954173,SayHello,10000,77742
412776811,SayHello,10000,92835
373015985,SayHello,10000,98621
29954265,SayHello,10000,82229
998754480,SayHello,10000,88632
927624108,SayHello,10000,73673
497391837,SayHello,10000,76459
929928003,SayHello,10000,81086
398749553,SayHello,10000,82248
715205590,SayHello,10000,88667
635424009,SayHello,10000,79987
677511865,SayHello,10000,88663
84400952,SayHello,10000,88734
715487370,SayHello,10000,77748
632549921,SayHello,10000,86464
707381649,SayHello,10000,77758
392398981,SayHello,10000,90773
338985522,SayHello,10000,80632
965643527,SayHello,10000,85648
530719795,SayHello,10000,85579
45322361,SayHello,10000,80642
77601811,SayHello,10000,83240
202279590,SayHello,10000,84374
148900740,SayHello,10000,83236
904036009,SayHello,10000,76511
16129494,SayHello,10000,81856
744868379,SayHello,10000,81839
252211939,SayHello,10000,96393
249986248,SayHello,10000,88302
190612385,SayHello,10000,89664
46563427,SayHello,10000,89661
784210508,SayHello,10000,87105
439733262,SayHello,10000,87090
398313471,SayHello,10000,87118
306414994,SayHello,10000,96441
903876165,SayHello,10000,87118
915226370,SayHello,10000,84921
722151351,SayHello,10000,89720
587250599,SayHello,10000,75887
910947180,SayHello,10000,77084
562201669,SayHello,10000,80446
293867020,SayHello,10000,79245
991350619,SayHello,10000,84797
175788544,SayHello,10000,79280
975358394,SayHello,10000,74800
253775735,SayHello,10000,81643
739369763,SayHello,10000,79318
903877903,SayHello,10000,84952
842612576,SayHello,10000,76081
970844386,SayHello,10000,71044
523751740,SayHello,10000,81595
1330555,SayHello,10000,82779
242642391,SayHello,10000,83958
178148392,SayHello,10000,82819
33352393,SayHello,10000,81626
584398058,SayHello,10000,79453
322212975,SayHello,10000,97670
88449168,SayHello,10000,89992
336331980,SayHello,10000,91935
242359687,SayHello,10000,83575
374568380,SayHello,10000,90067
958768389,SayHello,10000,86737
219231407,SayHello,10000,83517
793251498,SayHello,10000,90060
446353029,SayHello,10000,86778
441837744,SayHello,10000,83546
704260810,SayHello,10000,88943
919626833,SayHello,10000,90080
60783611,SayHello,10000,81305
591542618,SayHello,10000,81324
134869103,SayHello,10000,81303
26341447,SayHello,10000,77928
849609508,SayHello,10000,82489
80900436,SayHello,10000,77922
506360451,SayHello,10000,81452
943098487,SayHello,10000,77614
898158599,SayHello,10000,79250
606802181,SayHello,10000,75200
500914634,SayHello,10000,78109
689865373,SayHello,10000,87662
265795357,SayHello,10000,92103
650578194,SayHello,10000,86495
630396008,SayHello,10000,90988
971460128,SayHello,10000,84161
678659770,SayHello,10000,93362
60597197,SayHello,10000,91015
553471756,SayHello,10000,91029
964133006,SayHello,10000,84184
27740083,SayHello,10000,83002
392239559,SayHello,10000,84172
795127918,SayHello,10000,94658
296403965,SayHello,10000,96396
299103508,SayHello,10000,94019
625623931,SayHello,10000,103209
265672686,SayHello,10000,94038
878543167,SayHello,10000,91664
843520399,SayHello,10000,94028
630796552,SayHello,10000,89233
543998585,SayHello,10000,90429
553085047,SayHello,10000,88087
736559098,SayHello,10000,85925
336829195,SayHello,10000,83710
678370880,SayHello,10000,90464
545417416,SayHello,10000,89199
63873763,SayHello,10000,91681
696706318,SayHello,10000,85823
93731667,SayHello,10000,89251
496705535,SayHello,10000,82547
811473388,SayHello,10000,81356
750594546,SayHello,10000,79923
556309762,SayHello,10000,85877
992722594,SayHello,10000,81346
341688364,SayHello,10000,75974
213633749,SayHello,10000,79824
923992423,SayHello,10000,77175
942033189,SayHello,10000,74739
318189366,SayHello,10000,75952
43237871,SayHello,10000,81371
848185280,SayHello,10000,73566
261424978,SayHello,10000,105037
255405704,SayHello,10000,87904
452486893,SayHello,10000,95060
562634416,SayHello,10000,90291
937855549,SayHello,10000,87913
130407260,SayHello,10000,89055
403877589,SayHello,10000,91507
994928442,SayHello,10000,87949
569848523,SayHello,10000,90331
388714650,SayHello,10000,86785
462735864,SayHello,10000,89206
353326197,SayHello,10000,94166
910192072,SayHello,10000,94103
360751410,SayHello,10000,96422
513798533,SayHello,10000,94198
833407983,SayHello,10000,100274
123450312,SayHello,10000,88889
862240252,SayHello,10000,87670
857547699,SayHello,10000,93087
509758601,SayHello,10000,94173
237547749,SayHello,10000,86471
134964864,SayHello,10000,94206
555141034,SayHello,10000,84885
16106453,SayHello,10000,84895
702075953,SayHello,10000,100614
694702923,SayHello,10000,98234
990586058,SayHello,10000,92547
37686557,SayHello,10000,93931
43484171,SayHello,10000,92531
269839259,SayHello,10000,92559
267241035,SayHello,10000,92553
190866489,SayHello,10000,89329
483411447,SayHello,10000,93975
662338461,SayHello,10000,94030
938619993,SayHello,10000,106077
118553379,SayHello,10000,91495
631382718,SayHello,10000,95207
370097280,SayHello,10000,86057
602907118,SayHello,10000,88206
412423150,SayHello,10000,86048
802694268,SayHello,10000,86021
15153366,SayHello,10000,89363
893603280,SayHello,10000,86070
728086535,SayHello,10000,89363
661996738,SayHello,10000,86048
118751882,SayHello,10000,94079
598820505,SayHello,10000,84722
377447396,SayHello,10000,101725
869964270,SayHello,10000,92979
827316068,SayHello,10000,93001
817298845,SayHello,10000,98378
657771213,SayHello,10000,99554
573853418,SayHello,10000,100769
670097823,SayHello,10000,98479
452767980,SayHello,10000,112807
707807542,SayHello,10000,102910
420324337,SayHello,10000,97996
686960873,SayHello,10000,108244
812025462,SayHello,10000,102908
449344544,SayHello,10000,97978
565928649,SayHello,10000,102940
145054007,SayHello,10000,93289
535634787,SayHello,10000,102960
133949600,SayHello,10000,94477
591297627,SayHello,10000,100393
456532653,SayHello,10000,96779
620085433,SayHello,10000,96777
473190238,SayHello,10000,96773
836567919,SayHello,10000,99258
498478238,SayHello,10000,92146
620328805,SayHello,10000,92063
48151810,SayHello,10000,88522
232574220,SayHello,10000,90942
899177096,SayHello,10000,84319
369826721,SayHello,10000,96854
395287069,SayHello,10000,88526
854681128,SayHello,10000,86289
231545698,SayHello,10000,94566
365521898,SayHello,10000,89804
905365137,SayHello,10000,83075
552875995,SayHello,10000,103117
534322432,SayHello,10000,84478
695435910,SayHello,10000,89971
830321436,SayHello,10000,97995
862799864,SayHello,10000,106885
160540008,SayHello,10000,94609
837000755,SayHello,10000,99172
694662087,SayHello,10000,94633
694312704,SayHello,10000,101412
530333828,SayHello,10000,102668
440506212,SayHello,10000,93481
157571894,SayHello,10000,102708
836830049,SayHello,10000,91715
568813583,SayHello,10000,96920
822790597,SayHello,10000,93496
187346659,SayHello,10000,95840
797751858,SayHello,10000,101590
361499583,SayHello,10000,93640
400230713,SayHello,10000,93666
544540182,SayHello,10000,90741
436391049,SayHello,10000,99906
5723248,SayHello,10000,101124
912707229,SayHello,10000,102556
969966346,SayHello,10000,99968
452974145,SayHello,10000,102596
841285457,SayHello,10000,98791
59018741,SayHello,10000,99964
629335666,SayHello,10000,101154
15020078,SayHello,10000,96412
498154394,SayHello,10000,89659
342096110,SayHello,10000,96455
727521119,SayHello,10000,94112
921216485,SayHello,10000,95302
365839905,SayHello,10000,102722
633860813,SayHello,10000,98857
27864665,SayHello,10000,97681
278838615,SayHello,10000,86522
997046029,SayHello,10000,95496
977333809,SayHello,10000,91130
171640718,SayHello,10000,95789
715772939,SayHello,10000,101045
764008496,SayHello,10000,91343
235936982,SayHello,10000,97713
266601470,SayHello,10000,94732
609930300,SayHello,10000,93539
275647845,SayHello,10000,87986
147536061,SayHello,10000,85610
525281520,SayHello,10000,89289
697373006,SayHello,10000,93630
154340116,SayHello,10000,86881
202453808,SayHello,10000,88139
272407464,SayHello,10000,86915
424905265,SayHello,10000,86907
865416518,SayHello,10000,85803
519512240,SayHello,10000,88344
246554256,SayHello,10000,96957
95548628,SayHello,10000,95777
646200439,SayHello,10000,98145
563156113,SayHello,10000,99298
244133921,SayHello,10000,110183
251198498,SayHello,10000,95784
171718394,SayHello,10000,102551
940609924,SayHello,10000,117359
417725290,SayHello,10000,103235
446407155,SayHello,10000,103261
999282748,SayHello,10000,108389
257755553,SayHello,10000,100547
459253581,SayHello,10000,103296
329885217,SayHello,10000,98145
710616989,SayHello,10000,116266
412501418,SayHello,10000,100546
736280451,SayHello,10000,100479
926295582,SayHello,10000,100555
938516935,SayHello,10000,105451
485014889,SayHello,10000,103294
90943890,SayHello,10000,101776
515729442,SayHello,10000,91686
258390581,SayHello,10000,99364
109588540,SayHello,10000,96055
69396392,SayHello,10000,90536
431238321,SayHello,10000,86105
16563189,SayHello,10000,86079
380576807,SayHello,10000,87318
60649316,SayHello,10000,85099
733728883,SayHello,10000,94025
992508992,SayHello,10000,110380
584343462,SayHello,10000,99006
479974542,SayHello,10000,95363
23885570,SayHello,10000,99059
247111537,SayHello,10000,101673
270778465,SayHello,10000,99182
807781609,SayHello,10000,92284
861169070,SayHello,10000,95619
798269750,SayHello,10000,99440
300032870,SayHello,10000,98064
688594974,SayHello,10000,104228
299376509,SayHello,10000,96899
810759801,SayHello,10000,92423
644840918,SayHello,10000,93627
208657911,SayHello,10000,104999
526037191,SayHello,10000,101873
488264551,SayHello,10000,103039
732237468,SayHello,10000,100648
911701962,SayHello,10000,108312
581152209,SayHello,10000,96995
516419001,SayHello,10000,90632
713840791,SayHello,10000,100701
54005270,SayHello,10000,88391
302074340,SayHello,10000,88458
193762237,SayHello,10000,100759
668945650,SayHello,10000,93863
646069873,SayHello,10000,97193
429140423,SayHello,10000,85108
730235045,SayHello,10000,85095
701875917,SayHello,10000,100755
420746087,SayHello,10000,85099
743034890,SayHello,10000,98508
164653706,SayHello,10000,87493
913474810,SayHello,10000,88644
562551445,SayHello,10000,90449
642348785,SayHello,10000,85925
223910601,SayHello,10000,91627
121376764,SayHello,10000,88080
282440120,SayHello,10000,89252
499200834,SayHello,10000,90403
904929210,SayHello,10000,75686
103381173,SayHello,10000,81072
688831195,SayHello,10000,85982
327111739,SayHello,10000,81637
545895760,SayHello,10000,93363
84355136,SayHello,10000,96653
971103951,SayHello,10000,106207
951247665,SayHello,10000,96751
785442192,SayHello,10000,97980
38163927,SayHello,10000,109896
761389829,SayHello,10000,106321
134162926,SayHello,10000,107556
141565444,SayHello,10000,105150
419697013,SayHello,10000,100221
155750003,SayHello,10000,104703
338531847,SayHello,10000,105141
136636091,SayHello,10000,102625
447100194,SayHello,10000,96608
968184784,SayHello,10000,97923
874853614,SayHello,10000,100304
478537545,SayHello,10000,97728
105011857,SayHello,10000,101504
757905323,SayHello,10000,93078
299750568,SayHello,10000,96647
960349099,SayHello,10000,95432
147744279,SayHello,10000,90674
450272389,SayHello,10000,91918
60529490,SayHello,10000,94285
257125508,SayHello,10000,95474
804659085,SayHello,10000,90725
871097413,SayHello,10000,90685
401695953,SayHello,10000,105229
299304518,SayHello,10000,90713
398464736,SayHello,10000,95489
330832487,SayHello,10000,89272
206025920,SayHello,10000,97984
821435729,SayHello,10000,90746
356119551,SayHello,10000,86779
814610545,SayHello,10000,86761
310152787,SayHello,10000,89327
225929083,SayHello,10000,84062
557729798,SayHello,10000,89291
223358145,SayHello,10000,83845
159227178,SayHello,10000,84074
319750537,SayHello,10000,83882
879367361,SayHello,10000,80641
116213094,SayHello,10000,80637
280892758,SayHello,10000,84124
604380873,SayHello,10000,89379
999932906,SayHello,10000,86839
681078523,SayHello,10000,90006
226015034,SayHello,10000,88709
843541703,SayHello,10000,92187
732019844,SayHello,10000,88897
882254612,SayHello,10000,93339
142959246,SayHello,10000,88737
129750688,SayHello,10000,88886
434800950,SayHello,10000,101597
488631243,SayHello,10000,93461
687261007,SayHello,10000,96993
33644499,SayHello,10000,93477
766147398,SayHello,10000,96986
615622353,SayHello,10000,93497
517963522,SayHello,10000,96966
901696495,SayHello,10000,94649
433434111,SayHello,10000,90147
47159877,SayHello,10000,99455
404626997,SayHello,10000,109478
108623016,SayHello,10000,85705
730690609,SayHello,10000,92368
127883490,SayHello,10000,84592
150092252,SayHello,10000,84691
422224876,SayHello,10000,97236
816432103,SayHello,10000,88097
863085379,SayHello,10000,82785
689576987,SayHello,10000,94339
805746232,SayHello,10000,87894
510407731,SayHello,10000,90021
466156721,SayHello,10000,92392
717683022,SayHello,10000,85591
522321718,SayHello,10000,98859
156487147,SayHello,10000,86770
312594055,SayHello,10000,85612
350134619,SayHello,10000,90052
838127690,SayHello,10000,86787
672042504,SayHello,10000,85627
198371033,SayHello,10000,83409
797704811,SayHello,10000,90061
237402367,SayHello,10000,81305
640013654,SayHello,10000,83467
574142664,SayHello,10000,83480
119769404,SayHello,10000,79480
459704704,SayHello,10000,81333
218030880,SayHello,10000,90086
124520233,SayHello,10000,90430
300111401,SayHello,10000,93811
672288381,SayHello,10000,89240
566992368,SayHello,10000,90544
662496711,SayHello,10000,89198
956095968,SayHello,10000,102434
306784197,SayHello,10000,86784
925984894,SayHello,10000,101643
975138959,SayHello,10000,105198
605697259,SayHello,10000,93685
14502180,SayHello,10000,93696
460326067,SayHello,10000,92623
59589340,SayHello,10000,98081
381771370,SayHello,10000,94939
66472053,SayHello,10000,91500
187175160,SayHello,10000,88385
60744285,SayHello,10000,83759
407775767,SayHello,10000,93834
14528196,SayHello,10000,88428
228036252,SayHello,10000,79372
108819027,SayHello,10000,85054
926571282,SayHello,10000,85069
760865333,SayHello,10000,85093
108903792,SayHello,10000,93812
970946297,SayHello,10000,79403
144346145,SayHello,10000,78256
766214011,SayHello,10000,82581
765677571,SayHello,10000,88530
989988195,SayHello,10000,78328
596676828,SayHello,10000,98529
912120941,SayHello,10000,102937
844593164,SayHello,10000,91539
424303002,SayHello,10000,86150
252322111,SayHello,10000,94967
246335282,SayHello,10000,91534
255790262,SayHello,10000,86143
148313436,SayHello,10000,94989
967062934,SayHello,10000,103010
760939277,SayHello,10000,95038
164104702,SayHello,10000,86269
492402849,SayHello,10000,95184
18904382,SayHello,10000,88516
402111855,SayHello,10000,95144
658490940,SayHello,10000,114975
258825186,SayHello,10000,99309
700813170,SayHello,10000,100633
179244593,SayHello,10000,100637
190581113,SayHello,10000,96976
584907181,SayHello,10000,96983
908039164,SayHello,10000,99335
139924121,SayHello,10000,94606
166201334,SayHello,10000,95880
258814430,SayHello,10000,94746
88704353,SayHello,10000,94615
360963506,SayHello,10000,90353
710682831,SayHello,10000,97022
617542703,SayHello,10000,100811
608873953,SayHello,10000,102009
970762877,SayHello,10000,98369
457207935,SayHello,10000,108476
144841458,SayHello,10000,104707
119892595,SayHello,10000,105898
924821696,SayHello,10000,103556
753170787,SayHello,10000,108475
723351360,SayHello,10000,103583
948269462,SayHello,10000,102142
636562908,SayHello,10000,104742
850372996,SayHello,10000,111674
81618752,SayHello,10000,103555
843310795,SayHello,10000,104779
447685901,SayHello,10000,103589
242422480,SayHello,10000,99721
370060665,SayHello,10000,99760
364905863,SayHello,10000,105956
977917696,SayHello,10000,101013
335281790,SayHello,10000,98678
900583090,SayHello,10000,98676
187543705,SayHello,10000,99787
777917390,SayHello,10000,97547
473900735,SayHello,10000,96431
282432938,SayHello,10000,99946
641796815,SayHello,10000,101112
189020671,SayHello,10000,94762
251582960,SayHello,10000,122981
202772381,SayHello,10000,112186
792696055,SayHello,10000,117826
115512590,SayHello,10000,114395
309994505,SayHello,10000,112217
436769927,SayHello,10000,117865
806980444,SayHello,10000,110969
730934969,SayHello,10000,117895
599126865,SayHello,10000,112137
391311797,SayHello,10000,108826
502642816,SayHello,10000,109032
878069937,SayHello,10000,117870
378057183,SayHello,10000,111331
662316951,SayHello,10000,117909
503782042,SayHello,10000,111334
818636406,SayHello,10000,111339
20289486,SayHello,10000,113674
984549287,SayHello,10000,111382
586413066,SayHello,10000,104544
116292297,SayHello,10000,109002
834578419,SayHello,10000,109019
817240527,SayHello,10000,106888
568704501,SayHello,10000,104619
662683855,SayHello,10000,112630
318592665,SayHello,10000,105755
971658610,SayHello,10000,101274
268489565,SayHello,10000,101279
458248866,SayHello,10000,102500
880583922,SayHello,10000,106946
709179319,SayHello,10000,101216
837727096,SayHello,10000,99017
481475906,SayHello,10000,102525
127459479,SayHello,10000,101254
680715512,SayHello,10000,100247
188949827,SayHello,10000,101355
591900629,SayHello,10000,100311
128331137,SayHello,10000,119005
751043222,SayHello,10000,112359
60044205,SayHello,10000,112355
174719462,SayHello,10000,119043
513104469,SayHello,10000,117856
215808095,SayHello,10000,116694
6413434,SayHello,10000,110114
956640103,SayHello,10000,121412
417752408,SayHello,10000,111290
736953249,SayHello,10000,120249
401531593,SayHello,10000,115588
321437998,SayHello,10000,125766
753331708,SayHello,10000,131151
347611482,SayHello,10000,125231
540798159,SayHello,10000,129701
654099364,SayHello,10000,127385
412970067,SayHello,10000,128581
845238166,SayHello,10000,117554
886669991,SayHello,10000,140049
231948527,SayHello,10000,127460
290757766,SayHello,10000,128618
956109207,SayHello,10000,120930
312189101,SayHello,10000,122077
278998670,SayHello,10000,120969
197123247,SayHello,10000,124231
658781699,SayHello,10000,125355
97707441,SayHello,10000,115328
970170237,SayHello,10000,115347
296319021,SayHello,10000,116503
791689721,SayHello,10000,121005
970624661,SayHello,10000,120999
547962296,SayHello,10000,115374
213017792,SayHello,10000,124280
692177124,SayHello,10000,114245
481896780,SayHello,10000,117676
709805718,SayHello,10000,113072
472172818,SayHello,10000,119833
859620942,SayHello,10000,128284
55007220,SayHello,10000,121187
501172850,SayHello,10000,130593
364476707,SayHello,10000,121229
343121563,SayHello,10000,126027
715111349,SayHello,10000,113042
913493522,SayHello,10000,119894
413374608,SayHello,10000,126042
725021613,SayHello,10000,118550
492348833,SayHello,10000,119890
597513028,SayHello,10000,117376
232095476,SayHello,10000,117402
364969962,SayHello,10000,124639
697444207,SayHello,10000,113065
809182838,SayHello,10000,123457
180453157,SayHello,10000,109771
850105457,SayHello,10000,113070
970529351,SayHello,10000,113044
649088791,SayHello,10000,119944
928723703,SayHello,10000,116267
600295713,SayHello,10000,108460
138412855,SayHello,10000,111966
605438363,SayHello,10000,109794
74904440,SayHello,10000,108452
68501217,SayHello,10000,107468
793970159,SayHello,10000,104142
421429990,SayHello,10000,121332
637477331,SayHello,10000,104171
481139544,SayHello,10000,95863
429835255,SayHello,10000,95856
258178895,SayHello,10000,109879
620955931,SayHello,10000,108497
778715274,SayHello,10000,120169
809398356,SayHello,10000,119008
602730852,SayHello,10000,123759
951109187,SayHello,10000,120186
590272192,SayHello,10000,117848
576928092,SayHello,10000,115389
577026993,SayHello,10000,130239
679686461,SayHello,10000,115394
766676300,SayHello,10000,117867
493566319,SayHello,10000,117893
540244448,SayHello,10000,114265
70337674,SayHello,10000,120166
246359311,SayHello,10000,113121
705118426,SayHello,10000,121751
954873064,SayHello,10000,116660
63460619,SayHello,10000,116658
580888303,SayHello,10000,113127
549573507,SayHello,10000,109916
2626042,SayHello,10000,103612
234363849,SayHello,10000,113163
40130450,SayHello,10000,113179
91134031,SayHello,10000,107821
429439253,SayHello,10000,100391
3980545,SayHello,10000,113175
771447947,SayHello,10000,117970
874457144,SayHello,10000,113177
835734398,SayHello,10000,103659
412300098,SayHello,10000,103651
78868616,SayHello,10000,100403
471117146,SayHello,10000,99194
621709475,SayHello,10000,98171
629765057,SayHello,10000,99213
405026772,SayHello,10000,112127
249405000,SayHello,10000,97077
479739205,SayHello,10000,95859
578329759,SayHello,10000,99316
822657654,SayHello,10000,99342
466808988,SayHello,10000,114428
442449400,SayHello,10000,112752
487769995,SayHello,10000,132517
210119390,SayHello,10000,110315
349323856,SayHello,10000,111533
760581455,SayHello,10000,112764
883138545,SayHello,10000,111463
544755829,SayHello,10000,114044
185364088,SayHello,10000,123058
270237946,SayHello,10000,133018
822706395,SayHello,10000,128506
792228180,SayHello,10000,121894
636983594,SayHello,10000,127283
165992212,SayHello,10000,128553
802265134,SayHello,10000,121894
518754356,SayHello,10000,123111
20058397,SayHello,10000,120687
667172340,SayHello,10000,127326
648348996,SayHello,10000,134339
54033308,SayHello,10000,113157
597426245,SayHello,10000,119483
225837866,SayHello,10000,129731
120123348,SayHello,10000,109892
53444492,SayHello,10000,120734
617136394,SayHello,10000,120715
761661125,SayHello,10000,108725
835846551,SayHello,10000,118348
665219439,SayHello,10000,112023
848401664,SayHello,10000,118476
166777048,SayHello,10000,108891
101429527,SayHello,10000,108930
882231675,SayHello,10000,123723
839449764,SayHello,10000,124959
76600653,SayHello,10000,117968
555964587,SayHello,10000,119169
93377729,SayHello,10000,117960
497459271,SayHello,10000,116812
94667880,SayHello,10000,120331
95732307,SayHello,10000,116802
6879832,SayHello,10000,128263
907593307,SayHello,10000,117984
605631337,SayHello,10000,110026
234148308,SayHello,10000,110043
465411688,SayHello,10000,118016
558606604,SayHello,10000,116842
109747783,SayHello,10000,114555
687157720,SayHello,10000,113407
107707164,SayHello,10000,108883
683025259,SayHello,10000,107781
170041280,SayHello,10000,105639
42562071,SayHello,10000,103316
448998472,SayHello,10000,105660
958215360,SayHello,10000,103356
698641151,SayHello,10000,101144
904135112,SayHello,10000,101123
642360599,SayHello,10000,108953
450579477,SayHello,10000,104514
357226680,SayHello,10000,103353
769715787,SayHello,10000,101169
829803151,SayHello,10000,101140
36480120,SayHello,10000,98371
14264249,SayHello,10000,96194
887372948,SayHello,10000,115898
111161472,SayHello,10000,95201
847407705,SayHello,10000,101217
269359983,SayHello,10000,135770
495067566,SayHello,10000,118418
44618005,SayHello,10000,118449
261019709,SayHello,10000,116083
622705229,SayHello,10000,114920
11410649,SayHello,10000,117298
200732036,SayHello,10000,110491
188330213,SayHello,10000,110617
342213729,SayHello,10000,116251
272514348,SayHello,10000,113951
758713645,SayHello,10000,115173
904358830,SayHello,10000,123909
675238449,SayHello,10000,119830
950680512,SayHello,10000,119873
127135315,SayHello,10000,112269
448671956,SayHello,10000,131930
807878348,SayHello,10000,114440
271797411,SayHello,10000,115574
334403436,SayHello,10000,116773
306945155,SayHello,10000,115617
153128718,SayHello,10000,115608
286472241,SayHello,10000,109955
250921506,SayHello,10000,111213
300566739,SayHello,10000,112324
239290089,SayHello,10000,108730
442777151,SayHello,10000,107516
372816644,SayHello,10000,110006
237404720,SayHello,10000,110098
970209752,SayHello,10000,108765
594836888,SayHello,10000,110030
659669513,SayHello,10000,105306
2166776,SayHello,10000,107581
336781921,SayHello,10000,108827
706183964,SayHello,10000,106468
693371810,SayHello,10000,103974
142897262,SayHello,10000,98537
215370517,SayHello,10000,106478
883241997,SayHello,10000,120024
844942931,SayHello,10000,105359
342575166,SayHello,10000,100711
283127464,SayHello,10000,98576
710722778,SayHello,10000,122283
974150450,SayHello,10000,121125
714921295,SayHello,10000,120990
188262618,SayHello,10000,121014
632138557,SayHello,10000,122336
365128655,SayHello,10000,121153
943964960,SayHello,10000,131298
505647200,SayHello,10000,118935
842808976,SayHello,10000,139705
56704930,SayHello,10000,132964
170168509,SayHello,10000,127671
357009934,SayHello,10000,132985
637991179,SayHello,10000,128787
774789596,SayHello,10000,122140
105301533,SayHello,10000,124522
888208538,SayHello,10000,127663
794523245,SayHello,10000,122118
165552254,SayHello,10000,117694
767646572,SayHello,10000,122139
596134494,SayHello,10000,123366
742880284,SayHello,10000,114410
650173463,SayHello,10000,116569
130292355,SayHello,10000,120977
860492151,SayHello,10000,113227
365320734,SayHello,10000,113241
523279854,SayHello,10000,121019
848319430,SayHello,10000,111001
983949933,SayHello,10000,124593
629694884,SayHello,10000,111033
851335065,SayHello,10000,109599
192482942,SayHello,10000,114480
327242398,SayHello,10000,107239
683182995,SayHello,10000,128899
366409987,SayHello,10000,121078
736373219,SayHello,10000,126649
116134990,SayHello,10000,132972
628713256,SayHello,10000,126721
178771751,SayHello,10000,130375
279484541,SayHello,10000,127908
441829400,SayHello,10000,126754
310137473,SayHello,10000,122199
27229505,SayHello,10000,125533
297217046,SayHello,10000,119921
175999264,SayHello,10000,126785
141432518,SayHello,10000,125530
326010779,SayHello,10000,129211
451304220,SayHello,10000,122281
10537416,SayHello,10000,113875
959910790,SayHello,10000,142413
868706864,SayHello,10000,139118
571223095,SayHello,10000,129549
907104444,SayHello,10000,130908
131270431,SayHello,10000,124679
122427136,SayHello,10000,129223
826284323,SayHello,10000,128119
803337056,SayHello,10000,125938
67667396,SayHello,10000,124687
694432145,SayHello,10000,130913
663067337,SayHello,10000,122514
619379557,SayHello,10000,125933
888260758,SayHello,10000,129286
989709090,SayHello,10000,121256
558139468,SayHello,10000,122535
442036123,SayHello,10000,121307
296503405,SayHello,10000,118063
628834501,SayHello,10000,120217
777420345,SayHello,10000,121362
799685786,SayHello,10000,129682
808083382,SayHello,10000,116936
722716845,SayHello,10000,129779
488147509,SayHello,10000,116131
293716858,SayHello,10000,121597
579365665,SayHello,10000,116172
123964783,SayHello,10000,121587
874996189,SayHello,10000,134978
441593394,SayHello,10000,135575
464547958,SayHello,10000,136562
675723492,SayHello,10000,133902
513237043,SayHello,10000,130458
493030225,SayHello,10000,133920
887595736,SayHello,10000,132765
556986459,SayHello,10000,130465
60194570,SayHello,10000,131590
969584481,SayHello,10000,127053
804639554,SayHello,10000,131606
159484153,SayHello,10000,122803
375590860,SayHello,10000,133951
740763089,SayHello,10000,130510
603478105,SayHello,10000,120665
248012578,SayHello,10000,116059
366149279,SayHello,10000,131624
794428137,SayHello,10000,118388
494460470,SayHello,10000,119548
864020259,SayHello,10000,118414
78007120,SayHello,10000,116058
964167802,SayHello,10000,127150
27307151,SayHello,10000,112798
387599900,SayHello,10000,128352
996648764,SayHello,10000,117266
926177477,SayHello,10000,112947
150490810,SayHello,10000,115059
764151199,SayHello,10000,137622
471184942,SayHello,10000,141905
304361316,SayHello,10000,137680
47090971,SayHello,10000,143100
588657583,SayHello,10000,136329
589330208,SayHello,10000,135015
916216232,SayHello,10000,136375
191807024,SayHello,10000,134907
715085261,SayHello,10000,130575
518969289,SayHello,10000,130577
890475268,SayHello,10000,127931
109289048,SayHello,10000,128065
785035556,SayHello,10000,137733
768993565,SayHello,10000,136352
305194576,SayHello,10000,129239
286985106,SayHello,10000,126866
260416742,SayHello,10000,130649
540863547,SayHello,10000,132849
553646622,SayHello,10000,134967
153799927,SayHello,10000,137792
753063255,SayHello,10000,127987
223525768,SayHello,10000,129275
383667676,SayHello,10000,129309
694330238,SayHello,10000,123016
890896477,SayHello,10000,123018
436581715,SayHello,10000,125759
151739075,SayHello,10000,118695
802814117,SayHello,10000,115554
429720466,SayHello,10000,120864
947724930,SayHello,10000,138610
414656265,SayHello,10000,127255
530744331,SayHello,10000,128419
271012153,SayHello,10000,124747
757449782,SayHello,10000,125913
936054141,SayHello,10000,126089
867163404,SayHello,10000,120188
457457861,SayHello,10000,126133
758982881,SayHello,10000,126123
204349537,SayHello,10000,123641
859887684,SayHello,10000,121367
515251608,SayHello,10000,120193
586823808,SayHello,10000,120205
611697463,SayHello,10000,120034
397872418,SayHello,10000,116466
910983843,SayHello,10000,123682
521291971,SayHello,10000,126011
734602592,SayHello,10000,118962
39510698,SayHello,10000,126000
773190449,SayHello,10000,117711
599901813,SayHello,10000,120257
102003287,SayHello,10000,115358
280814112,SayHello,10000,116506
215985449,SayHello,10000,114190
654788441,SayHello,10000,111755
344384525,SayHello,10000,117781
177077371,SayHello,10000,112969
651467653,SayHello,10000,111801
424891547,SayHello,10000,111192
591997801,SayHello,10000,118015
883031025,SayHello,10000,111227
622276962,SayHello,10000,122901
445511748,SayHello,10000,112300
315690905,SayHello,10000,143668
569370027,SayHello,10000,133962
639936095,SayHello,10000,138329
994826418,SayHello,10000,132778
158735451,SayHello,10000,129209
303747171,SayHello,10000,130403
446087790,SayHello,10000,133974
945992322,SayHello,10000,139530
286510926,SayHello,10000,132929
794767957,SayHello,10000,136343
9862955,SayHello,10000,148355
983654375,SayHello,10000,144280
527350372,SayHello,10000,144302
477184307,SayHello,10000,141063
4497732,SayHello,10000,144313
155932725,SayHello,10000,143232
912415960,SayHello,10000,147322
964023592,SayHello,10000,136943
215563564,SayHello,10000,135754
116622720,SayHello,10000,135767
286803554,SayHello,10000,134620
897598818,SayHello,10000,144371
962293224,SayHello,10000,133472
503947428,SayHello,10000,133459
637400821,SayHello,10000,136987
537909068,SayHello,10000,131392
581329377,SayHello,10000,133487
113273125,SayHello,10000,133486
977745028,SayHello,10000,129217
123788791,SayHello,10000,135871
563324400,SayHello,10000,133514
121588408,SayHello,10000,124812
549945110,SayHello,10000,123619
128912249,SayHello,10000,126954
862773707,SayHello,10000,133569
78894362,SayHello,10000,123656
65219547,SayHello,10000,123631
101878777,SayHello,10000,123657
704765295,SayHello,10000,122679
313769946,SayHello,10000,134862
290811704,SayHello,10000,119500
322530941,SayHello,10000,129425
539824899,SayHello,10000,140420
607798978,SayHello,10000,144976
831304107,SayHello,10000,129606
732785675,SayHello,10000,132043
224628460,SayHello,10000,129613
439437227,SayHello,10000,130819
422569247,SayHello,10000,129613
987904814,SayHello,10000,136287
529702700,SayHello,10000,130845
181841884,SayHello,10000,129469
532913242,SayHello,10000,126226
873868054,SayHello,10000,122910
340151913,SayHello,10000,128403
655190060,SayHello,10000,128400
946373942,SayHello,10000,132149
741845598,SayHello,10000,124145
669132223,SayHello,10000,126281
102617231,SayHello,10000,122919
517586534,SayHello,10000,124145
822238897,SayHello,10000,129707
360485383,SayHello,10000,152637
59212158,SayHello,10000,157478
399221715,SayHello,10000,155994
281010090,SayHello,10000,156002
471240018,SayHello,10000,157528
981708179,SayHello,10000,154866
497506757,SayHello,10000,151546
259463208,SayHello,10000,149407
4426236,SayHello,10000,147225
911976288,SayHello,10000,156052
560006031,SayHello,10000,138563
580292653,SayHello,10000,145102
724242670,SayHello,10000,140969
866079319,SayHello,10000,139778
920925923,SayHello,10000,157443
433632545,SayHello,10000,138605
540395730,SayHello,10000,139813
113151978,SayHello,10000,153052
679311376,SayHello,10000,146550
657984177,SayHello,10000,142983
501182354,SayHello,10000,149946
24640427,SayHello,10000,146570
855296330,SayHello,10000,144190
119418253,SayHello,10000,144193
249335570,SayHello,10000,146562
304153432,SayHello,10000,143023
133270046,SayHello,10000,141721
527956098,SayHello,10000,139372
501399618,SayHello,10000,144209
401324662,SayHello,10000,140533
11329668,SayHello,10000,143060
65070128,SayHello,10000,141753
864211725,SayHello,10000,138263
758550853,SayHello,10000,137129
816634199,SayHello,10000,135817
166953556,SayHello,10000,137134
833418392,SayHello,10000,131248
971371907,SayHello,10000,146696
942744166,SayHello,10000,134664
179666895,SayHello,10000,139454
66963432,SayHello,10000,134691
138181785,SayHello,10000,137163
449298652,SayHello,10000,130060
205967249,SayHello,10000,124411
873594392,SayHello,10000,131296
865976303,SayHello,10000,130103
211057971,SayHello,10000,141740
581301964,SayHello,10000,135909
2993893,SayHello,10000,137196
493490620,SayHello,10000,127842
762156753,SayHello,10000,127857
768360794,SayHello,10000,124445
30320883,SayHello,10000,132536
974456861,SayHello,10000,130165
701811323,SayHello,10000,122924
629880035,SayHello,10000,122905
880081348,SayHello,10000,118372
519936989,SayHello,10000,134820
362172630,SayHello,10000,119557
481833722,SayHello,10000,119566
710279873,SayHello,10000,126708
104995452,SayHello,10000,143557
990992935,SayHello,10000,155553
257456619,SayHello,10000,146031
499696097,SayHello,10000,142352
269217658,SayHello,10000,146032
437686465,SayHello,10000,142366
33233316,SayHello,10000,139651
688601317,SayHello,10000,147262
749365572,SayHello,10000,141213
788337433,SayHello,10000,141191
564381913,SayHello,10000,150681
855602286,SayHello,10000,142427
873436942,SayHello,10000,167258
963786240,SayHello,10000,160875
856636378,SayHello,10000,159728
293883051,SayHello,10000,159770
27025215,SayHello,10000,159758
438154450,SayHello,10000,158616
705832682,SayHello,10000,161441
711395142,SayHello,10000,160897
708352125,SayHello,10000,153352
556832460,SayHello,10000,150089
972299484,SayHello,10000,153356
671378707,SayHello,10000,154517
773354096,SayHello,10000,152238
862089786,SayHello,10000,158682
299422496,SayHello,10000,148965
428005289,SayHello,10000,146706
761683816,SayHello,10000,148985
8169622,SayHello,10000,146727
149300865,SayHello,10000,150085
591292885,SayHello,10000,150103
635690249,SayHello,10000,144337
953104523,SayHello,10000,144356
41089376,SayHello,10000,145505
378995585,SayHello,10000,146751
958253792,SayHello,10000,147900
391908341,SayHello,10000,139727
682420000,SayHello,10000,137414
814693469,SayHello,10000,141931
437158168,SayHello,10000,144153
143514673,SayHello,10000,144407
520871150,SayHello,10000,133979
306766429,SayHello,10000,138613
122611723,SayHello,10000,139783
210756594,SayHello,10000,136312
829106343,SayHello,10000,132859
523803917,SayHello,10000,144435
329203287,SayHello,10000,131695
96588879,SayHello,10000,143119
411534861,SayHello,10000,151424
220144027,SayHello,10000,145451
541976677,SayHello,10000,147980
265141001,SayHello,10000,145465
270249424,SayHello,10000,145514
750948078,SayHello,10000,139643
918264349,SayHello,10000,138544
544841305,SayHello,10000,143116
346682833,SayHello,10000,145516
187309639,SayHello,10000,140829
247441268,SayHello,10000,137307
835574378,SayHello,10000,138502
465264738,SayHello,10000,146774
398183403,SayHello,10000,142004
235169334,SayHello,10000,134935
82896898,SayHello,10000,144300
234853211,SayHello,10000,133474
531332273,SayHello,10000,133512
323377638,SayHello,10000,139738
35934600,SayHello,10000,134984
909618460,SayHello,10000,133501
900805972,SayHello,10000,146845
275879761,SayHello,10000,135001
797442573,SayHello,10000,138586
970300585,SayHello,10000,133501
92493284,SayHello,10000,127723
761431652,SayHello,10000,133542
887373524,SayHello,10000,130914
116710498,SayHello,10000,132533
740113192,SayHello,10000,132544
605638959,SayHello,10000,135044
189683461,SayHello,10000,125457
135722976,SayHello,10000,136267
139427314,SayHello,10000,155594
410298191,SayHello,10000,156764
395390639,SayHello,10000,155625
49162614,SayHello,10000,160151
977638621,SayHello,10000,161325
640555806,SayHello,10000,158982
935703158,SayHello,10000,158991
973368498,SayHello,10000,152401
556498792,SayHello,10000,156832
580790431,SayHello,10000,152467
832899516,SayHello,10000,152419
44441678,SayHello,10000,154674
824738477,SayHello,10000,152490
434627304,SayHello,10000,151409
796756147,SayHello,10000,159126
370564839,SayHello,10000,160260
30028913,SayHello,10000,162792
350761232,SayHello,10000,155626
157017370,SayHello,10000,157992
408769275,SayHello,10000,159158
285985258,SayHello,10000,153530
30716867,SayHello,10000,160321
548340781,SayHello,10000,159198
993348796,SayHello,10000,160305
5675086,SayHello,10000,151267
871719199,SayHello,10000,152424
532514151,SayHello,10000,149041
423953212,SayHello,10000,151271
35274693,SayHello,10000,156868
534189511,SayHello,10000,149027
549870272,SayHello,10000,147879
332241340,SayHello,10000,149011
167060188,SayHello,10000,145510
194879025,SayHello,10000,143282
941912453,SayHello,10000,146666
709928183,SayHello,10000,142143
571775314,SayHello,10000,144429
220284068,SayHello,10000,137516
386701261,SayHello,10000,143303
893540765,SayHello,10000,147975
423971908,SayHello,10000,155813
309017808,SayHello,10000,144486
237388765,SayHello,10000,151381
533158099,SayHello,10000,142113
960665585,SayHello,10000,139993
252359027,SayHello,10000,136201
146331988,SayHello,10000,160472
486616360,SayHello,10000,136358
864420044,SayHello,10000,136366
722984697,SayHello,10000,140004
539472865,SayHello,10000,148044
638631732,SayHello,10000,138798
721690820,SayHello,10000,137624
14303109,SayHello,10000,130905
581850018,SayHello,10000,129677
391694739,SayHello,10000,138831
214316178,SayHello,10000,130926
660725626,SayHello,10000,133202
963911548,SayHello,10000,130945
427730720,SayHello,10000,132064
931078290,SayHello,10000,124762
448990837,SayHello,10000,137690
470629826,SayHello,10000,130980
50847490,SayHello,10000,123602
507119835,SayHello,10000,129738
22116261,SayHello,10000,120270
764000383,SayHello,10000,124777
986639263,SayHello,10000,117906
894703519,SayHello,10000,129777
810960889,SayHello,10000,126546
523743624,SayHello,10000,120422
726734551,SayHello,10000,122589
269258419,SayHello,10000,120434
474111448,SayHello,10000,140619
327416814,SayHello,10000,136173
463164868,SayHello,10000,137361
543210986,SayHello,10000,157337
699414146,SayHello,10000,154572
293557404,SayHello,10000,148053
336196239,SayHello,10000,155683
911896287,SayHello,10000,148082
703425411,SayHello,10000,148078
200642480,SayHello,10000,145839
943864170,SayHello,10000,148082
45032565,SayHello,10000,153495
650299574,SayHello,10000,155746
313167464,SayHello,10000,142555
430105217,SayHello,10000,147020
522152420,SayHello,10000,139396
783188311,SayHello,10000,142574
293512615,SayHello,10000,137210
281193184,SayHello,10000,139422
267623790,SayHello,10000,151385
439965794,SayHello,10000,145909
583326860,SayHello,10000,137247
977682788,SayHello,10000,137316
790567164,SayHello,10000,135163
586954976,SayHello,10000,155825
801686592,SayHello,10000,132927
822728178,SayHello,10000,128610
130277705,SayHello,10000,134088
583159578,SayHello,10000,128630
653392977,SayHello,10000,161774
624647160,SayHello,10000,140775
181886976,SayHello,10000,148724
621690459,SayHello,10000,143261
494005139,SayHello,10000,139662
350043311,SayHello,10000,137390
740503857,SayHello,10000,143310
885811272,SayHello,10000,143273
215556529,SayHello,10000,138546
740936095,SayHello,10000,137342
998817615,SayHello,10000,140837
313692683,SayHello,10000,137350
181832854,SayHello,10000,143350
646291943,SayHello,10000,144554
146092340,SayHello,10000,126478
184672567,SayHello,10000,132996
336183455,SayHello,10000,131847
324742177,SayHello,10000,126368
393163730,SayHello,10000,130703
729338841,SayHello,10000,131881
85178428,SayHello,10000,126434
971564952,SayHello,10000,134228
678737667,SayHello,10000,136369
195502001,SayHello,10000,119351
322296485,SayHello,10000,134239
776750707,SayHello,10000,125356
605610529,SayHello,10000,119450
981882273,SayHello,10000,119457
547492941,SayHello,10000,142257
723508448,SayHello,10000,136034
606508972,SayHello,10000,150781
986695966,SayHello,10000,145318
73226395,SayHello,10000,132599
241786351,SayHello,10000,131426
425530345,SayHello,10000,131331
357059511,SayHello,10000,136095
450224638,SayHello,10000,131456
429439073,SayHello,10000,129064
42757593,SayHello,10000,130375
239654747,SayHello,10000,133907
857686368,SayHello,10000,128076
878081945,SayHello,10000,140593
895824941,SayHello,10000,148723
965128968,SayHello,10000,142839
453448369,SayHello,10000,137543
299682613,SayHello,10000,138742
784470272,SayHello,10000,130656
727305174,SayHello,10000,134198
505283195,SayHello,10000,122965
167831100,SayHello,10000,134182
179148600,SayHello,10000,132867
208390804,SayHello,10000,134176
549361335,SayHello,10000,125271
424439427,SayHello,10000,121834
508301152,SayHello,10000,125260
941057465,SayHello,10000,121864
948478881,SayHello,10000,137654
382454031,SayHello,10000,117486
15073355,SayHello,10000,120723
168362158,SayHello,10000,117524
527244023,SayHello,10000,116226
485248166,SayHello,10000,113880
448249100,SayHello,10000,115037
427074087,SayHello,10000,108254
851597845,SayHello,10000,126505
516152664,SayHello,10000,108290
502807494,SayHello,10000,109462
261148399,SayHello,10000,107083
368507688,SayHello,10000,116269
746409180,SayHello,10000,110622
804391330,SayHello,10000,106226
422770390,SayHello,10000,107222
684951785,SayHello,10000,111958
630632818,SayHello,10000,124440
440021976,SayHello,10000,151706
659429433,SayHello,10000,126641
417260871,SayHello,10000,129963
702565602,SayHello,10000,123521
5374540,SayHello,10000,121191
302687605,SayHello,10000,122367
839910002,SayHello,10000,128852
783224314,SayHello,10000,126701
4698667,SayHello,10000,128850
192011183,SayHello,10000,134621
933272218,SayHello,10000,134649
554814718,SayHello,10000,137799
709485119,SayHello,10000,134648
107649309,SayHello,10000,132323
299445607,SayHello,10000,137770
178617301,SayHello,10000,131108
653200562,SayHello,10000,134682
123574329,SayHello,10000,129982
305780109,SayHello,10000,131228
311221087,SayHello,10000,127748
154357307,SayHello,10000,126636
989976835,SayHello,10000,120301
582418463,SayHello,10000,128870
477173960,SayHello,10000,126652
34098725,SayHello,10000,132414
165727626,SayHello,10000,119209
837355566,SayHello,10000,120326
952766977,SayHello,10000,128927
967996065,SayHello,10000,117100
600235665,SayHello,10000,123499
598046421,SayHello,10000,123509
797621650,SayHello,10000,119222
510041491,SayHello,10000,115984
84219193,SayHello,10000,114209
153650995,SayHello,10000,137913
559970026,SayHello,10000,114328
117973834,SayHello,10000,119415
563052585,SayHello,10000,116261
745145995,SayHello,10000,153271
321023473,SayHello,10000,133185
423593379,SayHello,10000,138517
724872263,SayHello,10000,139628
781905708,SayHello,10000,139648
161278515,SayHello,10000,129983
483829190,SayHello,10000,129977
784599565,SayHello,10000,126786
620926922,SayHello,10000,140814
239341562,SayHello,10000,132118
665469165,SayHello,10000,135423
611177536,SayHello,10000,126789
362764680,SayHello,10000,126812
985021081,SayHello,10000,126880
849741025,SayHello,10000,123481
758935459,SayHello,10000,124599
610196880,SayHello,10000,132140
823217336,SayHello,10000,123487
276693263,SayHello,10000,123483
415846380,SayHello,10000,123512
64291751,SayHello,10000,125772
511008419,SayHello,10000,124627
594619001,SayHello,10000,118672
522378450,SayHello,10000,121299
359134745,SayHello,10000,124650
130885659,SayHello,10000,118682
964031645,SayHello,10000,116560
394830966,SayHello,10000,133378
87763277,SayHello,10000,138127
371640424,SayHello,10000,138142
613711021,SayHello,10000,132637
827535631,SayHello,10000,135826
299672492,SayHello,10000,138165
612072380,SayHello,10000,135809
676706307,SayHello,10000,136991
178692452,SayHello,10000,135849
916658656,SayHello,10000,135863
254262211,SayHello,10000,132521
855839385,SayHello,10000,132538
245597100,SayHello,10000,130244
928429953,SayHello,10000,142584
291992555,SayHello,10000,132755
1011693,SayHello,10000,131460
549877874,SayHello,10000,132782
156162009,SayHello,10000,130272
920372875,SayHello,10000,128083
32907954,SayHello,10000,126915
834827967,SayHello,10000,130313
796702972,SayHello,10000,135963
60504748,SayHello,10000,126925
622868988,SayHello,10000,131503
117089797,SayHello,10000,125753
810773191,SayHello,10000,142025
478866831,SayHello,10000,145577
168893497,SayHello,10000,139684
999875105,SayHello,10000,136015
359493581,SayHello,10000,139707
5052029,SayHello,10000,137257
471789654,SayHello,10000,138531
163520141,SayHello,10000,140940
635083356,SayHello,10000,138536
133058288,SayHello,10000,136087
26185679,SayHello,10000,138558
26225611,SayHello,10000,133693
157605670,SayHello,10000,134861
792076961,SayHello,10000,143276
835357083,SayHello,10000,132532
383791823,SayHello,10000,133707
986506002,SayHello,10000,128218
363049520,SayHello,10000,125530
24224473,SayHello,10000,129378
932393376,SayHello,10000,123202
130810542,SayHello,10000,125559
592668992,SayHello,10000,144601
632749791,SayHello,10000,133659
277306387,SayHello,10000,129420
948871419,SayHello,10000,121908
385237237,SayHello,10000,136329
769423083,SayHello,10000,135141
169568727,SayHello,10000,142889
799678149,SayHello,10000,139504
12823814,SayHello,10000,142973
230442070,SayHello,10000,142897
272379139,SayHello,10000,136349
622848397,SayHello,10000,140617
656444340,SayHello,10000,136343
347352971,SayHello,10000,163522
591280927,SayHello,10000,158150
833097991,SayHello,10000,168212
911391558,SayHello,10000,156982
335263062,SayHello,10000,152323
525247319,SayHello,10000,154635
536753506,SayHello,10000,150115
201737581,SayHello,10000,150132
481138476,SayHello,10000,147737
798550512,SayHello,10000,157059
157842303,SayHello,10000,153521
979136066,SayHello,10000,147744
677793405,SayHello,10000,149004
988393663,SayHello,10000,153536
225339689,SayHello,10000,147904
805010640,SayHello,10000,147916
19340692,SayHello,10000,146696
467034304,SayHello,10000,144568
997434586,SayHello,10000,143431
773263292,SayHello,10000,147947
679738272,SayHello,10000,151298
793856299,SayHello,10000,141163
520070912,SayHello,10000,154720
18244583,SayHello,10000,142319
442977266,SayHello,10000,132702
63600347,SayHello,10000,136818
644520714,SayHello,10000,142328
647914532,SayHello,10000,141197
623691699,SayHello,10000,141224
519225515,SayHello,10000,130278
497880754,SayHello,10000,142362
56154315,SayHello,10000,131629
804543449,SayHello,10000,141230
31380714,SayHello,10000,132767
709604705,SayHello,10000,136884
396287571,SayHello,10000,130284
670718079,SayHello,10000,129068
795386788,SayHello,10000,167471
141187398,SayHello,10000,165129
201830600,SayHello,10000,166259
44910332,SayHello,10000,165055
596745830,SayHello,10000,167521
335076216,SayHello,10000,161633
521135946,SayHello,10000,174118
967126566,SayHello,10000,161672
181077488,SayHello,10000,160505
344699094,SayHello,10000,165169
908859266,SayHello,10000,158148
612666651,SayHello,10000,159331
513831699,SayHello,10000,165131
258812511,SayHello,10000,156940
617683696,SayHello,10000,156954
286939412,SayHello,10000,158199
209142266,SayHello,10000,153628
410156113,SayHello,10000,152466
29393340,SayHello,10000,157030
404170577,SayHello,10000,154760
553821890,SayHello,10000,162945
186666979,SayHello,10000,164129
259800280,SayHello,10000,152522
992107895,SayHello,10000,158232
135719508,SayHello,10000,152564
876775744,SayHello,10000,154858
999792199,SayHello,10000,153779
898324972,SayHello,10000,178163
710127615,SayHello,10000,171503
85214088,SayHello,10000,171040
446552290,SayHello,10000,171520
647369368,SayHello,10000,166736
780330253,SayHello,10000,169963
476237764,SayHello,10000,171562
713852726,SayHello,10000,166740
8783853,SayHello,10000,171568
72051308,SayHello,10000,166741
321997615,SayHello,10000,171553
574881730,SayHello,10000,164238
190116794,SayHello,10000,165453
47868479,SayHello,10000,156434
814924622,SayHello,10000,166838
929400064,SayHello,10000,156345
834192537,SayHello,10000,158631
720517904,SayHello,10000,164310
280860562,SayHello,10000,159804
958342936,SayHello,10000,166843
251384282,SayHello,10000,155143
616864721,SayHello,10000,158658
797704801,SayHello,10000,163135
338069573,SayHello,10000,156493
457522524,SayHello,10000,155161
171793005,SayHello,10000,145428
51492676,SayHello,10000,154069
712423303,SayHello,10000,147630
832138756,SayHello,10000,149811
652639680,SayHello,10000,145479
187006922,SayHello,10000,156544
150347637,SayHello,10000,145424
396231025,SayHello,10000,143654
280483597,SayHello,10000,145475
62581932,SayHello,10000,145473
571580988,SayHello,10000,162086
914972672,SayHello,10000,142572
950036388,SayHello,10000,143710
86536999,SayHello,10000,178154
781945702,SayHello,10000,163355
582016672,SayHello,10000,165486
102348418,SayHello,10000,158037
69430354,SayHello,10000,165528
561829724,SayHello,10000,163391
669332341,SayHello,10000,156905
427902615,SayHello,10000,158054
935089013,SayHello,10000,159238
766724887,SayHello,10000,167725
527844483,SayHello,10000,158062
799448200,SayHello,10000,154692
254775014,SayHello,10000,150026
77356518,SayHello,10000,152376
568945295,SayHello,10000,154691
447116605,SayHello,10000,154833
228387594,SayHello,10000,154716
137722188,SayHello,10000,150034
247153602,SayHello,10000,151264
459207483,SayHello,10000,150074
280981848,SayHello,10000,157021
776068626,SayHello,10000,150061
185462224,SayHello,10000,144993
207305813,SayHello,10000,148959
498015169,SayHello,10000,145028
574166083,SayHello,10000,168949
527311184,SayHello,10000,174427
571394944,SayHello,10000,180665
472047480,SayHello,10000,175588
438437743,SayHello,10000,176808
498913434,SayHello,10000,170164
690892642,SayHello,10000,167779
269716570,SayHello,10000,167815
34281560,SayHello,10000,166491
504783476,SayHello,10000,174482
572949059,SayHello,10000,161879
8843170,SayHello,10000,163343
930152291,SayHello,10000,159760
590448894,SayHello,10000,172388
801001484,SayHello,10000,163346
982214709,SayHello,10000,159893
440937887,SayHello,10000,166768
177914455,SayHello,10000,158054
348162844,SayHello,10000,163549
194277954,SayHello,10000,189421
687305972,SayHello,10000,189450
782248070,SayHello,10000,182541
342402424,SayHello,10000,182540
741307263,SayHello,10000,183960
608039565,SayHello,10000,176839
353197037,SayHello,10000,181432
339235451,SayHello,10000,179125
78409816,SayHello,10000,183683
556098509,SayHello,10000,180298
322919659,SayHello,10000,177998
681766039,SayHello,10000,179143
289900505,SayHello,10000,175785
889077067,SayHello,10000,175764
92143151,SayHello,10000,175779
395640768,SayHello,10000,175795
528975962,SayHello,10000,184077
122129948,SayHello,10000,184059
428707089,SayHello,10000,171420
789626024,SayHello,10000,173666
752692392,SayHello,10000,172585
931131040,SayHello,10000,167251
831107688,SayHello,10000,175828
571302010,SayHello,10000,165055
966776927,SayHello,10000,178089
781502587,SayHello,10000,175822
981437659,SayHello,10000,163922
10846721,SayHello,10000,162831
391667544,SayHello,10000,160943
401374606,SayHello,10000,162920
986367495,SayHello,10000,165261
834352510,SayHello,10000,165292
288384970,SayHello,10000,167541
594773993,SayHello,10000,178378
231940238,SayHello,10000,161112
212313998,SayHello,10000,204988
962327171,SayHello,10000,192026
303678735,SayHello,10000,193203
178455894,SayHello,10000,194310
585541895,SayHello,10000,194314
948093041,SayHello,10000,183279
310508329,SayHello,10000,184374
257310691,SayHello,10000,192064
609071577,SayHello,10000,190870
885094307,SayHello,10000,184450
955079121,SayHello,10000,189728
883133094,SayHello,10000,178808
288376869,SayHello,10000,185626
483498083,SayHello,10000,182101
794163130,SayHello,10000,183320
13805178,SayHello,10000,180995
886444702,SayHello,10000,184501
341796673,SayHello,10000,183328
431601843,SayHello,10000,184434
901399826,SayHello,10000,175532
408445959,SayHello,10000,190939
432597826,SayHello,10000,183378
247289235,SayHello,10000,175461
73607998,SayHello,10000,202778
873099706,SayHello,10000,197530
765800147,SayHello,10000,181785
708531063,SayHello,10000,192015
654980503,SayHello,10000,197514
181376035,SayHello,10000,184160
549111513,SayHello,10000,186474
396008204,SayHello,10000,176056
36713061,SayHello,10000,176043
404038431,SayHello,10000,188824
109325366,SayHello,10000,179586
462911667,SayHello,10000,188854
521450039,SayHello,10000,172725
934865603,SayHello,10000,178447
210070261,SayHello,10000,178439
627313229,SayHello,10000,183039
696777700,SayHello,10000,185382
734860483,SayHello,10000,186525
538574328,SayHello,10000,170424
511146989,SayHello,10000,197650
739034808,SayHello,10000,176091
330337673,SayHello,10000,177288
73015876,SayHello,10000,186702
970968790,SayHello,10000,176095
771507028,SayHello,10000,169243
777517125,SayHello,10000,165652
880272915,SayHello,10000,179690
70634569,SayHello,10000,172666
386389571,SayHello,10000,170440
77467594,SayHello,10000,169261
645931318,SayHello,10000,169259
551731301,SayHello,10000,163196
88193697,SayHello,10000,165672
490149864,SayHello,10000,169305
617910829,SayHello,10000,169263
228023007,SayHello,10000,163207
344608975,SayHello,10000,174018
801574855,SayHello,10000,165701
574677729,SayHello,10000,161987
93233114,SayHello,10000,159508
423530677,SayHello,10000,164423
803882876,SayHello,10000,165820
378003445,SayHello,10000,161786
138342561,SayHello,10000,158529
344776594,SayHello,10000,158547
842564760,SayHello,10000,163458
83704213,SayHello,10000,193518
806571202,SayHello,10000,189898
777307375,SayHello,10000,191091
800605439,SayHello,10000,184999
665444731,SayHello,10000,192307
881392539,SayHello,10000,189923
355513281,SayHello,10000,186228
408503908,SayHello,10000,196858
891318576,SayHello,10000,192320
350326977,SayHello,10000,187404
985488557,SayHello,10000,179885
487580354,SayHello,10000,179860
290930875,SayHello,10000,185078
88464657,SayHello,10000,188616
717516839,SayHello,10000,189987
213889790,SayHello,10000,178731
616568797,SayHello,10000,185046
440958654,SayHello,10000,200954
265764109,SayHello,10000,202105
359517571,SayHello,10000,202132
320808740,SayHello,10000,200970
953490409,SayHello,10000,198487
855899994,SayHello,10000,214908
389855087,SayHello,10000,197286
443225002,SayHello,10000,198520
919719390,SayHello,10000,200999
96569172,SayHello,10000,198534
835320334,SayHello,10000,199743
216179881,SayHello,10000,203386
315584276,SayHello,10000,194932
781915336,SayHello,10000,194901
594654078,SayHello,10000,194927
317733761,SayHello,10000,197361
693732719,SayHello,10000,196178
685776123,SayHello,10000,191577
495963146,SayHello,10000,191559
865912651,SayHello,10000,191595
258723089,SayHello,10000,188910
888497279,SayHello,10000,193847
715802601,SayHello,10000,191658
415411094,SayHello,10000,187614
876125475,SayHello,10000,186424
68483156,SayHello,10000,190168
885441548,SayHello,10000,188950
600962741,SayHello,10000,188762
845932175,SayHello,10000,185266
114886943,SayHello,10000,201183
685045919,SayHello,10000,181935
585038420,SayHello,10000,179741
232061025,SayHello,10000,176763
306560863,SayHello,10000,195081
723844885,SayHello,10000,179727
943765932,SayHello,10000,187708
210546381,SayHello,10000,176845
413525269,SayHello,10000,174558
904856555,SayHello,10000,178060
463316406,SayHello,10000,173476
714433538,SayHello,10000,176893
113824716,SayHello,10000,173516
597035588,SayHello,10000,176953
814727378,SayHello,10000,200377
999187988,SayHello,10000,218815
512241456,SayHello,10000,206685
706047093,SayHello,10000,198046
773851358,SayHello,10000,195832
230554684,SayHello,10000,206744
774449760,SayHello,10000,207913
961048093,SayHello,10000,199261
326529791,SayHello,10000,207944
428701411,SayHello,10000,193434
57182286,SayHello,10000,194671
196960273,SayHello,10000,193457
611032628,SayHello,10000,195920
94944944,SayHello,10000,193472
485526594,SayHello,10000,193506
68220002,SayHello,10000,187679
101190907,SayHello,10000,192308
558405734,SayHello,10000,191124
147096972,SayHello,10000,200530
181433381,SayHello,10000,185530
810559986,SayHello,10000,200512
619433786,SayHello,10000,185521
971193590,SayHello,10000,184536
868724918,SayHello,10000,191211
610943988,SayHello,10000,229935
42626708,SayHello,10000,220003
792845391,SayHello,10000,218835
717898222,SayHello,10000,216607
621525837,SayHello,10000,221205
672377734,SayHello,10000,216605
644081282,SayHello,10000,214352
778978566,SayHello,10000,212239
650095906,SayHello,10000,216645
884477812,SayHello,10000,214364
182083031,SayHello,10000,204457
223067047,SayHello,10000,207737
144416709,SayHello,10000,211077
270077099,SayHello,10000,207753
331047640,SayHello,10000,208953
201583746,SayHello,10000,208945
548696886,SayHello,10000,207794
128048786,SayHello,10000,203341
688757934,SayHello,10000,212341
262643602,SayHello,10000,207772
657926654,SayHello,10000,202236
404701007,SayHello,10000,199891
577344514,SayHello,10000,201091
469681911,SayHello,10000,199929
265474944,SayHello,10000,203379
877548960,SayHello,10000,203484
428819496,SayHello,10000,198881
4327468,SayHello,10000,198893
853489961,SayHello,10000,198931
643449382,SayHello,10000,230295
707458255,SayHello,10000,228579
702936494,SayHello,10000,228614
408020716,SayHello,10000,230315
557692466,SayHello,10000,223751
856878089,SayHello,10000,222593
459990523,SayHello,10000,224956
198179520,SayHello,10000,228622
760226769,SayHello,10000,223824
460493831,SayHello,10000,221414
751876450,SayHello,10000,227304
452460735,SayHello,10000,221457
724372727,SayHello,10000,228647
639322068,SayHello,10000,213793
497700920,SayHello,10000,227347
904256656,SayHello,10000,227331
558790419,SayHello,10000,219136
583946040,SayHello,10000,213804
666605627,SayHello,10000,220323
350683350,SayHello,10000,213814
712217410,SayHello,10000,212584
43226585,SayHello,10000,212519
447769365,SayHello,10000,210163
470581750,SayHello,10000,215052
61120480,SayHello,10000,209033
718259921,SayHello,10000,221491
827657114,SayHello,10000,203743
494188588,SayHello,10000,212540
244470516,SayHello,10000,203744
784627728,SayHello,10000,211383
691671720,SayHello,10000,209088
379320285,SayHello,10000,202586
971479221,SayHello,10000,201432
151411990,SayHello,10000,221618
840980182,SayHello,10000,199278
62661933,SayHello,10000,205972
582268929,SayHello,10000,210248
601306872,SayHello,10000,202581
888938686,SayHello,10000,201484
672630756,SayHello,10000,197045
571184729,SayHello,10000,197079
283854121,SayHello,10000,192757
120649788,SayHello,10000,197048
604471468,SayHello,10000,195109
455734978,SayHello,10000,202691
252161929,SayHello,10000,195149
154583329,SayHello,10000,239276
555554154,SayHello,10000,233832
270412545,SayHello,10000,234988
12812485,SayHello,10000,232701
596925555,SayHello,10000,230405
439895072,SayHello,10000,227294
300883665,SayHello,10000,227196
333037226,SayHello,10000,224854
868804572,SayHello,10000,227297
447854265,SayHello,10000,237168
663212577,SayHello,10000,226091
662208477,SayHello,10000,224846
220603108,SayHello,10000,221616
835388173,SayHello,10000,227205
664579961,SayHello,10000,241674
577443507,SayHello,10000,218147
423960832,SayHello,10000,230503
290177129,SayHello,10000,218182
251935029,SayHello,10000,213027
467149506,SayHello,10000,220536
824688409,SayHello,10000,218183
640034627,SayHello,10000,221652
325313983,SayHello,10000,231671
441477427,SayHello,10000,215261
987358695,SayHello,10000,224946
420425944,SayHello,10000,226304
799985952,SayHello,10000,219565
807361089,SayHello,10000,215504
791480740,SayHello,10000,226399
227530651,SayHello,10000,215553
31161364,SayHello,10000,243735
527380187,SayHello,10000,249276
126867748,SayHello,10000,249280
235639529,SayHello,10000,242645
922054722,SayHello,10000,248070
634644496,SayHello,10000,240260
804071378,SayHello,10000,239098
894335738,SayHello,10000,242653
133711325,SayHello,10000,237949
755404713,SayHello,10000,243799
857621755,SayHello,10000,243802
78057885,SayHello,10000,239148
224118268,SayHello,10000,236854
948617504,SayHello,10000,242713
605387654,SayHello,10000,235756
695374921,SayHello,10000,243876
780529352,SayHello,10000,230445
52543555,SayHello,10000,232655
421382006,SayHello,10000,229352
395268598,SayHello,10000,231559
814859985,SayHello,10000,241511
550058433,SayHello,10000,228234
814336081,SayHello,10000,225154
348117874,SayHello,10000,238066
471288672,SayHello,10000,224036
912326631,SayHello,10000,224038
187412489,SayHello,10000,222680
458930512,SayHello,10000,222711
65516122,SayHello,10000,224036
495436998,SayHello,10000,246122
297590645,SayHello,10000,224061
303517804,SayHello,10000,222732
864966949,SayHello,10000,229447
432902520,SayHello,10000,222719
313982887,SayHello,10000,224071
843106035,SayHello,10000,220609
188205948,SayHello,10000,229452
35850621,SayHello,10000,222738
637294888,SayHello,10000,222764
464359776,SayHello,10000,222756
285658024,SayHello,10000,218773
692035683,SayHello,10000,220641
164521047,SayHello,10000,217625
929567264,SayHello,10000,220659
184094337,SayHello,10000,217661
940818639,SayHello,10000,216615
917297666,SayHello,10000,218970
259368898,SayHello,10000,219737
986637352,SayHello,10000,251817
634346077,SayHello,10000,250639
674906308,SayHello,10000,252993
181888755,SayHello,10000,255182
289095033,SayHello,10000,250661
418534580,SayHello,10000,253040
917793431,SayHello,10000,250704
164892336,SayHello,10000,244592
775405321,SayHello,10000,245772
249284196,SayHello,10000,248191
592821529,SayHello,10000,246957
270690266,SayHello,10000,246976
527099014,SayHello,10000,241308
151809119,SayHello,10000,243471
563954847,SayHello,10000,248247
548966840,SayHello,10000,250717
680106811,SayHello,10000,245816
916125445,SayHello,10000,240088
483567626,SayHello,10000,243496
945318566,SayHello,10000,237926
325146516,SayHello,10000,237848
90623877,SayHello,10000,241360
787552897,SayHello,10000,237955
272974271,SayHello,10000,235609
211074725,SayHello,10000,236788
307482324,SayHello,10000,233420
356389992,SayHello,10000,250820
2731579,SayHello,10000,235610
512999994,SayHello,10000,248340
561314287,SayHello,10000,231832
838409148,SayHello,10000,229895
461239746,SayHello,10000,233444
977390020,SayHello,10000,227669
368620010,SayHello,10000,229907
427746509,SayHello,10000,228940
250404504,SayHello,10000,226789
772692413,SayHello,10000,230139
961571825,SayHello,10000,227901
39380970,SayHello,10000,238280
81627637,SayHello,10000,230160
529846998,SayHello,10000,273339
956269492,SayHello,10000,264147
813967687,SayHello,10000,264190
663207921,SayHello,10000,267535
560865080,SayHello,10000,257266
705092250,SayHello,10000,266461
176540881,SayHello,10000,262999
488272836,SayHello,10000,261867
918134348,SayHello,10000,261761
921296619,SayHello,10000,261771
133335566,SayHello,10000,265381
104653295,SayHello,10000,255032
22752675,SayHello,10000,256165
94867088,SayHello,10000,260696
747843915,SayHello,10000,261792
527794653,SayHello,10000,258534
209705416,SayHello,10000,252831
576522071,SayHello,10000,257345
77329419,SayHello,10000,252849
772501357,SayHello,10000,252839
234593377,SayHello,10000,247371
620841170,SayHello,10000,247385
843886259,SayHello,10000,251780
880184762,SayHello,10000,247409
877336091,SayHello,10000,244941
360896318,SayHello,10000,250677
233079912,SayHello,10000,258604
436055595,SayHello,10000,246147
876636598,SayHello,10000,246156
245490903,SayHello,10000,252922
19330379,SayHello,10000,247429
515320272,SayHello,10000,243732
189216131,SayHello,10000,243715
769282986,SayHello,10000,261917
892933032,SayHello,10000,239627
926464225,SayHello,10000,243744
920470185,SayHello,10000,237485
459372691,SayHello,10000,245056
305300156,SayHello,10000,243750
924798066,SayHello,10000,236299
468372102,SayHello,10000,235909
549972939,SayHello,10000,248673
956841064,SayHello,10000,235936
802461014,SayHello,10000,229995
217813364,SayHello,10000,234444
758213796,SayHello,10000,237566
612336837,SayHello,10000,237573
831865716,SayHello,10000,233405
815583148,SayHello,10000,232203
125153816,SayHello,10000,234613
667194251,SayHello,10000,259602
607159982,SayHello,10000,278066
526038259,SayHello,10000,255340
413695585,SayHello,10000,260846
392750262,SayHello,10000,255349
654724127,SayHello,10000,256493
999527736,SayHello,10000,260861
12846930,SayHello,10000,265202
353803104,SayHello,10000,251984
806894718,SayHello,10000,263044
142758328,SayHello,10000,247493
796656322,SayHello,10000,254272
730236790,SayHello,10000,252026
903198402,SayHello,10000,253153
350527589,SayHello,10000,252021
328439777,SayHello,10000,249806
583713626,SayHello,10000,256575
807575307,SayHello,10000,247522
907259908,SayHello,10000,260946
760879134,SayHello,10000,246415
482490176,SayHello,10000,243163
561026280,SayHello,10000,243185
471451306,SayHello,10000,243193
956522259,SayHello,10000,240981
643284370,SayHello,10000,239831
906240303,SayHello,10000,239819
979764924,SayHello,10000,251022
221364554,SayHello,10000,239832
783460853,SayHello,10000,248770
894819475,SayHello,10000,234259
611155068,SayHello,10000,237549
531563036,SayHello,10000,236410
156883880,SayHello,10000,246487
966867945,SayHello,10000,247622
227304011,SayHello,10000,232131
947658098,SayHello,10000,234273
435600895,SayHello,10000,242175
61114543,SayHello,10000,234292
696233408,SayHello,10000,229737
568112995,SayHello,10000,252205
491523834,SayHello,10000,238759
881404010,SayHello,10000,231046
23408889,SayHello,10000,239928
913478735,SayHello,10000,231071
174947121,SayHello,10000,223521
218946894,SayHello,10000,231076
945342639,SayHello,10000,224687
524888032,SayHello,10000,220217
427055924,SayHello,10000,229824
726291543,SayHello,10000,221387
660887821,SayHello,10000,229073
817396597,SayHello,10000,258567
231186232,SayHello,10000,254447
948858869,SayHello,10000,258582
581878167,SayHello,10000,250917
570488089,SayHello,10000,252154
508258942,SayHello,10000,259786
291433366,SayHello,10000,249807
699258419,SayHello,10000,245425
403253671,SayHello,10000,243141
389391585,SayHello,10000,253355
748773868,SayHello,10000,260984
950779672,SayHello,10000,246550
623024500,SayHello,10000,243161
823737736,SayHello,10000,252218
540733365,SayHello,10000,247721
852592343,SayHello,10000,252230
893191151,SayHello,10000,242067
489453969,SayHello,10000,258709
426636082,SayHello,10000,232349
26369134,SayHello,10000,232358
417337612,SayHello,10000,244401
130223917,SayHello,10000,246753
775354480,SayHello,10000,241148
859338784,SayHello,10000,242290
152812372,SayHello,10000,234705
182563036,SayHello,10000,266225
400466202,SayHello,10000,266217
670633075,SayHello,10000,266229
722856277,SayHello,10000,263856
989206196,SayHello,10000,262705
665419296,SayHello,10000,259553
711077499,SayHello,10000,266413
53434689,SayHello,10000,271768
573382428,SayHello,10000,262744
377404269,SayHello,10000,258349
770636419,SayHello,10000,257100
688443209,SayHello,10000,258351
760240782,SayHello,10000,265093
33631551,SayHello,10000,258466
985744554,SayHello,10000,253943
952373727,SayHello,10000,263957
618962066,SayHello,10000,252691
431902650,SayHello,10000,253975
723294601,SayHello,10000,250360
882646710,SayHello,10000,253960
475652417,SayHello,10000,241972
722879872,SayHello,10000,258429
617110845,SayHello,10000,248202
174589225,SayHello,10000,240873
813384218,SayHello,10000,236316
252365696,SayHello,10000,251593
263252725,SayHello,10000,242008
606379637,SayHello,10000,242042
790223921,SayHello,10000,252759
155473764,SayHello,10000,240892
633136611,SayHello,10000,231090
734205094,SayHello,10000,237502
567643180,SayHello,10000,228754
378981652,SayHello,10000,229911
212413819,SayHello,10000,237511
200643982,SayHello,10000,250486
138201987,SayHello,10000,248281
397858757,SayHello,10000,242112
273453794,SayHello,10000,229972
840910110,SayHello,10000,226188
771070963,SayHello,10000,234329
192466988,SayHello,10000,238769
334370761,SayHello,10000,228843
482897742,SayHello,10000,227799
12234225,SayHello,10000,274753
578638286,SayHello,10000,274742
556371108,SayHello,10000,271253
355969186,SayHello,10000,272515
559589756,SayHello,10000,271265
51109746,SayHello,10000,274786
408838276,SayHello,10000,270067
970160367,SayHello,10000,272490
683250456,SayHello,10000,270051
829160385,SayHello,10000,262352
734341824,SayHello,10000,277026
223338519,SayHello,10000,262430
867965901,SayHello,10000,279741
173435279,SayHello,10000,257812
487580245,SayHello,10000,261275
997321492,SayHello,10000,260154
167073811,SayHello,10000,270100
265429122,SayHello,10000,254667
138486208,SayHello,10000,259001
461251693,SayHello,10000,261315
218189368,SayHello,10000,257815
720680624,SayHello,10000,257841
80696405,SayHello,10000,254613
981659262,SayHello,10000,252226
561761217,SayHello,10000,252239
194234089,SayHello,10000,246706
279539491,SayHello,10000,253486
318141851,SayHello,10000,262505
519919487,SayHello,10000,250914
14903239,SayHello,10000,246748
306551574,SayHello,10000,246737
458921497,SayHello,10000,246623
895422680,SayHello,10000,246749
839675207,SayHello,10000,246615
74855823,SayHello,10000,252338
433818367,SayHello,10000,245500
633521489,SayHello,10000,246640
841948248,SayHello,10000,242263
938041249,SayHello,10000,243635
49394656,SayHello,10000,245525
350662274,SayHello,10000,243638
228055866,SayHello,10000,243766
944911998,SayHello,10000,278468
821960850,SayHello,10000,246870
705972247,SayHello,10000,275989
159630697,SayHello,10000,280920
293129128,SayHello,10000,277268
807749904,SayHello,10000,279611
945332271,SayHello,10000,278448
168467451,SayHello,10000,274715
811929587,SayHello,10000,272413
322846506,SayHello,10000,276057
311447953,SayHello,10000,277281
946445760,SayHello,10000,280963
291723824,SayHello,10000,272372
909742712,SayHello,10000,271260
24268864,SayHello,10000,274775
469903951,SayHello,10000,273610
466111714,SayHello,10000,272378
531470459,SayHello,10000,273632
863385219,SayHello,10000,270152
239141232,SayHello,10000,265601
552505516,SayHello,10000,266773
431678914,SayHello,10000,272427
524179628,SayHello,10000,266725
717592990,SayHello,10000,276146
212963652,SayHello,10000,268004
908226522,SayHello,10000,262425
422176799,SayHello,10000,266789
999514983,SayHello,10000,272556
341303002,SayHello,10000,252543
90990787,SayHello,10000,261314
969458377,SayHello,10000,259140
234167455,SayHello,10000,262473
711977324,SayHello,10000,253704
386576684,SayHello,10000,265697
320765779,SayHello,10000,256985
395478488,SayHello,10000,252572
842641432,SayHello,10000,248969
637283443,SayHello,10000,251303
280734758,SayHello,10000,253766
358904767,SayHello,10000,253803
50664385,SayHello,10000,245780
597454235,SayHello,10000,245624
891342396,SayHello,10000,252615
21008241,SayHello,10000,244560
327357189,SayHello,10000,244555
91563184,SayHello,10000,242459
110784913,SayHello,10000,245843
574066000,SayHello,10000,241665
187579843,SayHello,10000,251393
17001516,SayHello,10000,242512
378326809,SayHello,10000,245706
893462165,SayHello,10000,240592
387683436,SayHello,10000,241722
405303167,SayHello,10000,238310
718220170,SayHello,10000,239442
257035663,SayHello,10000,239469
148792313,SayHello,10000,237193
215229170,SayHello,10000,237195
848903750,SayHello,10000,241759
315678985,SayHello,10000,250311
366330995,SayHello,10000,259340
403008021,SayHello,10000,233793
557208450,SayHello,10000,234958
16252395,SayHello,10000,232721
278404478,SayHello,10000,229539
53269637,SayHello,10000,229665
331579716,SayHello,10000,236238
655897375,SayHello,10000,228546
94969123,SayHello,10000,233998
387117193,SayHello,10000,271703
566010679,SayHello,10000,279413
332479136,SayHello,10000,277156
569065375,SayHello,10000,273881
106776563,SayHello,10000,270609
763749044,SayHello,10000,267208
148660429,SayHello,10000,271723
178096082,SayHello,10000,266027
450942684,SayHello,10000,275048
221305287,SayHello,10000,266032
424843043,SayHello,10000,269478
174536284,SayHello,10000,266030
436016215,SayHello,10000,266021
734590188,SayHello,10000,266029
105978820,SayHello,10000,273935
505474088,SayHello,10000,263933
563317758,SayHello,10000,269512
41850167,SayHello,10000,263941
788645459,SayHello,10000,266048
642099907,SayHello,10000,275116
398435196,SayHello,10000,259280
492456090,SayHello,10000,262821
33207148,SayHello,10000,259287
96251385,SayHello,10000,262830
773550082,SayHello,10000,260554
353284193,SayHello,10000,256892
172115062,SayHello,10000,258083
978217420,SayHello,10000,256860
953820583,SayHello,10000,266149
718732521,SayHello,10000,256908
529920712,SayHello,10000,260587
318440655,SayHello,10000,255769
495282851,SayHello,10000,269616
423768258,SayHello,10000,256890
760210315,SayHello,10000,255782
511933654,SayHello,10000,258152
88323769,SayHello,10000,255787
243201952,SayHello,10000,266219
367959771,SayHello,10000,253714
945178478,SayHello,10000,251004
786320644,SayHello,10000,252787
428518551,SayHello,10000,251031
594095969,SayHello,10000,262972
867415200,SayHello,10000,251150
38290706,SayHello,10000,251137
963746278,SayHello,10000,278535
244957482,SayHello,10000,278582
281878841,SayHello,10000,280987
664867829,SayHello,10000,278563
625204260,SayHello,10000,277176
796836746,SayHello,10000,278586
717366552,SayHello,10000,276040
852297928,SayHello,10000,279831
561210334,SayHello,10000,276035
909693485,SayHello,10000,273734
457725279,SayHello,10000,269165
28909538,SayHello,10000,270320
274218480,SayHello,10000,271466
385101821,SayHello,10000,271464
170981708,SayHello,10000,269133
344951456,SayHello,10000,269129
576894701,SayHello,10000,272626
373529877,SayHello,10000,274938
558932656,SayHello,10000,268056
92361166,SayHello,10000,264587
180192349,SayHello,10000,264606
65733175,SayHello,10000,261128
128651385,SayHello,10000,264603
56376557,SayHello,10000,265780
90736575,SayHello,10000,262453
283717712,SayHello,10000,262469
223224343,SayHello,10000,259958
518507352,SayHello,10000,259981
492204310,SayHello,10000,259938
162616854,SayHello,10000,266952
543215930,SayHello,10000,268143
93327416,SayHello,10000,254299
368947785,SayHello,10000,259992
747813380,SayHello,10000,254312
80946250,SayHello,10000,255508
230281101,SayHello,10000,254297
729050741,SayHello,10000,258800
973696635,SayHello,10000,253057
397968755,SayHello,10000,262562
506644374,SayHello,10000,247107
209253894,SayHello,10000,262539
767762466,SayHello,10000,247139
196360436,SayHello,10000,251937
702240704,SayHello,10000,254340
902529605,SayHello,10000,250310
972804783,SayHello,10000,253092
235052285,SayHello,10000,245989
651317705,SayHello,10000,251975
110754269,SayHello,10000,246003
759194700,SayHello,10000,250362
479616447,SayHello,10000,242608
845787164,SayHello,10000,241398
937642702,SayHello,10000,244838
608785125,SayHello,10000,241328
765489802,SayHello,10000,244841
210962314,SayHello,10000,241347
273272980,SayHello,10000,257870
920143864,SayHello,10000,241576
855165192,SayHello,10000,241492
464676106,SayHello,10000,285668
535491133,SayHello,10000,293145
703885044,SayHello,10000,285669
971535187,SayHello,10000,287993
704738406,SayHello,10000,294254
292244417,SayHello,10000,286854
467247238,SayHello,10000,283336
483199256,SayHello,10000,275522
910047339,SayHello,10000,285700
144732190,SayHello,10000,278830
771883115,SayHello,10000,288066
348391300,SayHello,10000,283300
381788137,SayHello,10000,280992
345042581,SayHello,10000,284537
459744231,SayHello,10000,274353
893532286,SayHello,10000,272001
625924302,SayHello,10000,270887
233422726,SayHello,10000,282214
892466563,SayHello,10000,268742
766202428,SayHello,10000,268721
490926548,SayHello,10000,273254
599794285,SayHello,10000,267342
194420517,SayHello,10000,267381
293851367,SayHello,10000,267355
195467548,SayHello,10000,272049
982436845,SayHello,10000,273274
120507819,SayHello,10000,273305
153837305,SayHello,10000,265786
304404926,SayHello,10000,274529
43717341,SayHello,10000,265806
808117783,SayHello,10000,276813
13645826,SayHello,10000,268809
358209098,SayHello,10000,264878
777977007,SayHello,10000,262183
947225796,SayHello,10000,267449
370960232,SayHello,10000,264493
118706828,SayHello,10000,267454
368571453,SayHello,10000,264512
896366695,SayHello,10000,265869
350041465,SayHello,10000,263512
36725433,SayHello,10000,261203
670988780,SayHello,10000,260072
470595115,SayHello,10000,301337
505234473,SayHello,10000,302580
417147691,SayHello,10000,301395
523181532,SayHello,10000,298994
804252263,SayHello,10000,296892
70993943,SayHello,10000,309244
307149335,SayHello,10000,301418
570878890,SayHello,10000,302631
335241328,SayHello,10000,294669
476750234,SayHello,10000,294645
482216736,SayHello,10000,300202
413246282,SayHello,10000,296929
327990284,SayHello,10000,291405
844572670,SayHello,10000,294689
756923073,SayHello,10000,290219
880692445,SayHello,10000,290263
681007566,SayHello,10000,291412
142484503,SayHello,10000,289019
38482943,SayHello,10000,301509
540186069,SayHello,10000,287768
527939926,SayHello,10000,291458
6179983,SayHello,10000,294779
969351804,SayHello,10000,289077
752273397,SayHello,10000,287785
827075989,SayHello,10000,299199
206010202,SayHello,10000,284387
124031688,SayHello,10000,285580
694694771,SayHello,10000,289103
214231713,SayHello,10000,284407
635497188,SayHello,10000,280919
438326888,SayHello,10000,284453
16565934,SayHello,10000,291553
216655009,SayHello,10000,278742
668893303,SayHello,10000,278744
364078730,SayHello,10000,282136
220870532,SayHello,10000,278639
748885051,SayHello,10000,278631
154602272,SayHello,10000,277550
8031971,SayHello,10000,285793
568469750,SayHello,10000,278654
231825770,SayHello,10000,280984
738898900,SayHello,10000,277571
76045163,SayHello,10000,270510
441072961,SayHello,10000,284537
255879913,SayHello,10000,275464
868399598,SayHello,10000,270559
427565052,SayHello,10000,267000
930283947,SayHello,10000,278703
987499578,SayHello,10000,270543
35158017,SayHello,10000,266999
47427964,SayHello,10000,277631
764579192,SayHello,10000,267019
837474242,SayHello,10000,264746
218865034,SayHello,10000,261401
258600700,SayHello,10000,272857
975349428,SayHello,10000,262678
236288738,SayHello,10000,269358
921623819,SayHello,10000,264976
541098016,SayHello,10000,308245
862394263,SayHello,10000,309420
284382554,SayHello,10000,307058
675634128,SayHello,10000,305898
434150124,SayHello,10000,301585
999823479,SayHello,10000,303759
806467478,SayHello,10000,305901
308356309,SayHello,10000,300405
654202190,SayHello,10000,308279
265121195,SayHello,10000,293606
507624247,SayHello,10000,294914
912812303,SayHello,10000,296067
12440822,SayHello,10000,294817
43538805,SayHello,10000,300439
48898200,SayHello,10000,291461
939297396,SayHello,10000,290272
942445942,SayHello,10000,312888
87562018,SayHello,10000,288997
268619903,SayHello,10000,294831
155747036,SayHello,10000,288910
232198637,SayHello,10000,289024
557933394,SayHello,10000,287827
499531708,SayHello,10000,289014
166382414,SayHello,10000,287818
602630983,SayHello,10000,300501
378982775,SayHello,10000,289046
441598539,SayHello,10000,284453
445581508,SayHello,10000,284432
40855980,SayHello,10000,299364
600377105,SayHello,10000,282065
517914055,SayHello,10000,283316
18435698,SayHello,10000,284429
325697912,SayHello,10000,290334
686211614,SayHello,10000,284457
58004451,SayHello,10000,283316
623137847,SayHello,10000,279666
218083912,SayHello,10000,289019
447937314,SayHello,10000,282008
803671197,SayHello,10000,274960
41512731,SayHello,10000,277351
747814341,SayHello,10000,274964
484880363,SayHello,10000,280857
368597531,SayHello,10000,274986
553589853,SayHello,10000,278521
274961000,SayHello,10000,270569
661001285,SayHello,10000,273899
27121854,SayHello,10000,276210
336661029,SayHello,10000,268797
751133112,SayHello,10000,270572
848212845,SayHello,10000,271789
289615364,SayHello,10000,270593
751671721,SayHello,10000,268821
372024551,SayHello,10000,268834
967326982,SayHello,10000,283463
428877210,SayHello,10000,266512
753424819,SayHello,10000,275040
261354937,SayHello,10000,270192
326798549,SayHello,10000,266754
240486880,SayHello,10000,265691
665063999,SayHello,10000,328467
867040255,SayHello,10000,301731
74724327,SayHello,10000,296212
440574004,SayHello,10000,292935
720633203,SayHello,10000,301774
74741692,SayHello,10000,301769
974192096,SayHello,10000,298533
322324334,SayHello,10000,292950
618856956,SayHello,10000,308144
32115571,SayHello,10000,292940
701863516,SayHello,10000,297399
834447033,SayHello,10000,289167
969844448,SayHello,10000,297426
662811584,SayHello,10000,292865
269235858,SayHello,10000,306999
595917763,SayHello,10000,294158
411907637,SayHello,10000,289219
482349109,SayHello,10000,287888
429945497,SayHello,10000,289184
350940693,SayHello,10000,290400
535111325,SayHello,10000,287958
332646174,SayHello,10000,284519
893285893,SayHello,10000,294223
904769629,SayHello,10000,287966
561003620,SayHello,10000,284516
572146295,SayHello,10000,283244
323331298,SayHello,10000,283240
1427635,SayHello,10000,284544
758216840,SayHello,10000,285726
418023364,SayHello,10000,280960
376762427,SayHello,10000,280958
341451023,SayHello,10000,279777
114039038,SayHello,10000,278614
109539303,SayHello,10000,278619
103258964,SayHello,10000,291664
424339560,SayHello,10000,279804
965162740,SayHello,10000,280995
601210672,SayHello,10000,281063
299762916,SayHello,10000,280997
582871689,SayHello,10000,276427
807221658,SayHello,10000,278645
374152487,SayHello,10000,274456
486460648,SayHello,10000,278663
66042504,SayHello,10000,274427
944206992,SayHello,10000,283480
76292335,SayHello,10000,272332
957431734,SayHello,10000,274589
29687760,SayHello,10000,277732
875372959,SayHello,10000,275472
368123716,SayHello,10000,303839
361892304,SayHello,10000,299449
742568693,SayHello,10000,288453
594429620,SayHello,10000,303878
674601722,SayHello,10000,295168
505044457,SayHello,10000,290842
533016180,SayHello,10000,284786
633815416,SayHello,10000,285977
270285610,SayHello,10000,294020
90667568,SayHello,10000,288456
151675420,SayHello,10000,302691
51391136,SayHello,10000,284802
195356564,SayHello,10000,288489
399877972,SayHello,10000,306219
119704681,SayHello,10000,289686
564966107,SayHello,10000,290830
551527477,SayHello,10000,296412
508982605,SayHello,10000,303870
898753754,SayHello,10000,284894
953177682,SayHello,10000,284857
522947918,SayHello,10000,290919
742351087,SayHello,10000,282306
953731738,SayHello,10000,284894
264080368,SayHello,10000,283508
906577294,SayHello,10000,274360
977527040,SayHello,10000,281174
721745764,SayHello,10000,284875
474513151,SayHello,10000,277821
28742088,SayHello,10000,273196
671122302,SayHello,10000,281166
56170069,SayHello,10000,271043
884612417,SayHello,10000,277869
297568706,SayHello,10000,277869
408880119,SayHello,10000,268734
639048008,SayHello,10000,267590
697645915,SayHello,10000,287311
281176406,SayHello,10000,269942
650338389,SayHello,10000,273293
69038850,SayHello,10000,281246
797906382,SayHello,10000,264268
521929311,SayHello,10000,265461
599370055,SayHello,10000,260653
887185465,SayHello,10000,258514
395422410,SayHello,10000,263143
760639859,SayHello,10000,276680
961478413,SayHello,10000,265503
486328651,SayHello,10000,257480
808128821,SayHello,10000,256278
442177695,SayHello,10000,263170
797340770,SayHello,10000,265666
824127827,SayHello,10000,262047
1899730,SayHello,10000,262043
597376821,SayHello,10000,256364
396617876,SayHello,10000,256378
833941120,SayHello,10000,314588
396845239,SayHello,10000,317858
160786062,SayHello,10000,313456
221256335,SayHello,10000,303725
727572352,SayHello,10000,311318
159487061,SayHello,10000,305031
802665215,SayHello,10000,313498
645649278,SayHello,10000,314693
446666580,SayHello,10000,311273
235694442,SayHello,10000,305070
82636779,SayHello,10000,319199
133639003,SayHello,10000,302528
896654643,SayHello,10000,305087
239122262,SayHello,10000,297137
416516210,SayHello,10000,302548
377390614,SayHello,10000,299329
376413218,SayHello,10000,302540
864585282,SayHello,10000,292853
399822101,SayHello,10000,291675
558746388,SayHello,10000,299281
165077750,SayHello,10000,303837
485439071,SayHello,10000,291692
145608924,SayHello,10000,319455
789142150,SayHello,10000,291712
423447100,SayHello,10000,286044
554133687,SayHello,10000,292892
276683718,SayHello,10000,299336
762333546,SayHello,10000,296062
996594830,SayHello,10000,296133
278067908,SayHello,10000,303979
236881831,SayHello,10000,291868
407766246,SayHello,10000,320095
928122311,SayHello,10000,321379
63731152,SayHello,10000,320109
995620536,SayHello,10000,321398
132991074,SayHello,10000,318910
99378606,SayHello,10000,323714
489064633,SayHello,10000,318942
878115906,SayHello,10000,324634
881467092,SayHello,10000,310916
675420023,SayHello,10000,314191
549135140,SayHello,10000,315387
824906354,SayHello,10000,317679
609939764,SayHello,10000,318940
966514072,SayHello,10000,314214
233718636,SayHello,10000,313125
694832773,SayHello,10000,322698
682575557,SayHello,10000,320181
678349135,SayHello,10000,306355
754289669,SayHello,10000,308559
38171574,SayHello,10000,314277
807586397,SayHello,10000,306387
775418525,SayHello,10000,314300
925181921,SayHello,10000,317752
724283238,SayHello,10000,316631
145748060,SayHello,10000,306434
581202442,SayHello,10000,309774
699434960,SayHello,10000,311026
850234621,SayHello,10000,305140
330983040,SayHello,10000,300495
959177775,SayHello,10000,302918
779080349,SayHello,10000,301655
791954591,SayHello,10000,302918
286114223,SayHello,10000,301676
538600897,SayHello,10000,305232
984808200,SayHello,10000,299407
571180140,SayHello,10000,297217
162179840,SayHello,10000,302959
967892218,SayHello,10000,296041
834592979,SayHello,10000,311115
550241503,SayHello,10000,299453
682466782,SayHello,10000,297247
210475999,SayHello,10000,321685
863906296,SayHello,10000,293719
600087102,SayHello,10000,289474
642030715,SayHello,10000,296084
1058029,SayHello,10000,288334
227211566,SayHello,10000,294907
237180965,SayHello,10000,303047
593258797,SayHello,10000,294929
765328036,SayHello,10000,285033
190621525,SayHello,10000,293779
226462233,SayHello,10000,285061
367102219,SayHello,10000,291632
389166144,SayHello,10000,280502
369614271,SayHello,10000,280543
81314686,SayHello,10000,281812
912286608,SayHello,10000,280550
930563767,SayHello,10000,288428
531676307,SayHello,10000,279271
333157816,SayHello,10000,280420
954542451,SayHello,10000,275867
282663837,SayHello,10000,281874
677240297,SayHello,10000,279325
847854700,SayHello,10000,279334
919864770,SayHello,10000,278075
88255924,SayHello,10000,287334
991543752,SayHello,10000,275915
859558951,SayHello,10000,281921
197609016,SayHello,10000,271830
193743304,SayHello,10000,273744
668766005,SayHello,10000,268879
393933594,SayHello,10000,271817
199981901,SayHello,10000,279381
400425082,SayHello,10000,265517
723495671,SayHello,10000,273769
415347596,SayHello,10000,271872
419848633,SayHello,10000,267768
586558710,SayHello,10000,264332
954545693,SayHello,10000,271451
227820049,SayHello,10000,260869
209771461,SayHello,10000,265611
443328487,SayHello,10000,263177
214390694,SayHello,10000,265574
458894824,SayHello,10000,263191
170203973,SayHello,10000,270186
841818130,SayHello,10000,314151
466500565,SayHello,10000,314183
640297826,SayHello,10000,316477
403029190,SayHello,10000,313032
970578068,SayHello,10000,310774
471839822,SayHello,10000,317612
705308386,SayHello,10000,308639
526339312,SayHello,10000,312975
841108321,SayHello,10000,304238
280351185,SayHello,10000,303116
383725596,SayHello,10000,308656
784577289,SayHello,10000,301912
722406718,SayHello,10000,313025
569158050,SayHello,10000,300741
384593579,SayHello,10000,301944
980237898,SayHello,10000,313052
792658192,SayHello,10000,299550
616181121,SayHello,10000,298353
388172181,SayHello,10000,298409
530843863,SayHello,10000,308704
548302835,SayHello,10000,305473
2104477,SayHello,10000,296023
723811012,SayHello,10000,292459
363773108,SayHello,10000,292439
18583527,SayHello,10000,298420
763582234,SayHello,10000,293692
327815519,SayHello,10000,291167
468018892,SayHello,10000,303149
97837867,SayHello,10000,297272
888428278,SayHello,10000,291157
785055298,SayHello,10000,291254
908213028,SayHello,10000,282394
747759287,SayHello,10000,291165
506615516,SayHello,10000,291162
476088619,SayHello,10000,290069
860849711,SayHello,10000,291273
297028057,SayHello,10000,280529
700223877,SayHello,10000,293788
35127180,SayHello,10000,277943
784099887,SayHello,10000,286638
727497988,SayHello,10000,297331
922261729,SayHello,10000,279169
943869336,SayHello,10000,276853
878162173,SayHello,10000,273547
969757666,SayHello,10000,277992
807567424,SayHello,10000,272395
259928366,SayHello,10000,274755
944370995,SayHello,10000,295056
909653305,SayHello,10000,273586
201551947,SayHello,10000,278081
792748010,SayHello,10000,308351
828607799,SayHello,10000,312786
116874725,SayHello,10000,311650
285113387,SayHello,10000,313951
565738494,SayHello,10000,308366
62430568,SayHello,10000,304897
211671423,SayHello,10000,307254
763769831,SayHello,10000,315095
459897156,SayHello,10000,306122
433055699,SayHello,10000,302797
7780797,SayHello,10000,309573
414914964,SayHello,10000,316248
955215796,SayHello,10000,306155
7579345,SayHello,10000,302816
516911597,SayHello,10000,301585
663112215,SayHello,10000,298521
409092653,SayHello,10000,301613
441912668,SayHello,10000,302849
817096288,SayHello,10000,297405
641387329,SayHello,10000,297437
651128053,SayHello,10000,295152
184710197,SayHello,10000,297302
836261056,SayHello,10000,293904
867940733,SayHello,10000,301688
241021604,SayHello,10000,295186
766548357,SayHello,10000,293925
882277951,SayHello,10000,309715
576490910,SayHello,10000,292707
34398469,SayHello,10000,291597
675001581,SayHello,10000,290445
249471120,SayHello,10000,289282
740008906,SayHello,10000,301750
343498275,SayHello,10000,290380
493917874,SayHello,10000,295235
822031937,SayHello,10000,297405
483572122,SayHello,10000,287075
29897267,SayHello,10000,285938
285336229,SayHello,10000,288220
912592766,SayHello,10000,290465
638915590,SayHello,10000,290475
420306869,SayHello,10000,291695
233959065,SayHello,10000,281479
925828613,SayHello,10000,284830
712390035,SayHello,10000,277128
174640514,SayHello,10000,280420
88780352,SayHello,10000,281572
486229416,SayHello,10000,277144
319383730,SayHello,10000,283715
571494078,SayHello,10000,280434
934066916,SayHello,10000,289420
399088250,SayHello,10000,277175
785942390,SayHello,10000,275467
847014059,SayHello,10000,273093
243155607,SayHello,10000,279540
548312565,SayHello,10000,276732
889766879,SayHello,10000,274529
35266930,SayHello,10000,276754
624528991,SayHello,10000,290942
598582892,SayHello,10000,284157
226237162,SayHello,10000,306351
432766398,SayHello,10000,305225
962063444,SayHello,10000,305225
462004589,SayHello,10000,307520
396552291,SayHello,10000,302782
176293423,SayHello,10000,307538
125863138,SayHello,10000,303953
140133061,SayHello,10000,300448
414515498,SayHello,10000,302824
909298300,SayHello,10000,302799
567804065,SayHello,10000,299337
351123680,SayHello,10000,305280
241041338,SayHello,10000,301694
879286422,SayHello,10000,298176
909143023,SayHello,10000,295864
690937334,SayHello,10000,295890
768193530,SayHello,10000,295900
146707679,SayHello,10000,301746
194464395,SayHello,10000,297050
551310894,SayHello,10000,306502
359025883,SayHello,10000,305322
923212575,SayHello,10000,293499
210039358,SayHello,10000,293493
743579296,SayHello,10000,289359
361546628,SayHello,10000,297103
524410189,SayHello,10000,289356
815697770,SayHello,10000,294666
101447048,SayHello,10000,282823
431992735,SayHello,10000,284982
63215569,SayHello,10000,287282
79294415,SayHello,10000,286151
961587904,SayHello,10000,295984
223750503,SayHello,10000,282838
338553947,SayHello,10000,298323
365649185,SayHello,10000,280354
223578181,SayHello,10000,280450
116008498,SayHello,10000,282848
913469898,SayHello,10000,289438
152028916,SayHello,10000,289436
755084825,SayHello,10000,281701
97456721,SayHello,10000,280409
107547646,SayHello,10000,281712
122918237,SayHello,10000,277172
65638127,SayHello,10000,274823
277895440,SayHello,10000,276004
807871875,SayHello,10000,281714
656761648,SayHello,10000,277181
781466402,SayHello,10000,272477
701952570,SayHello,10000,272526
904153881,SayHello,10000,278373
226172860,SayHello,10000,280560
778619350,SayHello,10000,266549
180457804,SayHello,10000,273721
752254459,SayHello,10000,269310
803107508,SayHello,10000,269304
931114049,SayHello,10000,264170
782436068,SayHello,10000,265414
763677921,SayHello,10000,273744
282693254,SayHello,10000,264194
151534033,SayHello,10000,259711
384272469,SayHello,10000,269349
683438388,SayHello,10000,261920
42048942,SayHello,10000,271496
364650474,SayHello,10000,263175
40785033,SayHello,10000,320676
72769196,SayHello,10000,322858
697653593,SayHello,10000,317377
127412298,SayHello,10000,311057
852126628,SayHello,10000,318549
726537046,SayHello,10000,305576
640885367,SayHello,10000,308892
488001126,SayHello,10000,312261
850415277,SayHello,10000,305586
285600117,SayHello,10000,307740
143835481,SayHello,10000,305630
967659862,SayHello,10000,326502
329175688,SayHello,10000,308967
712629756,SayHello,10000,317449
640496360,SayHello,10000,305620
194356442,SayHello,10000,303213
334545354,SayHello,10000,300857
443558339,SayHello,10000,300865
28247066,SayHello,10000,299680
859079625,SayHello,10000,302089
755970573,SayHello,10000,302078
776996276,SayHello,10000,299729
600889068,SayHello,10000,299638
417329322,SayHello,10000,299703
564312843,SayHello,10000,307864
410315034,SayHello,10000,296548
68935618,SayHello,10000,299683
252258007,SayHello,10000,296574
227632280,SayHello,10000,295322
11125114,SayHello,10000,295318
544481842,SayHello,10000,299718
879459851,SayHello,10000,299797
59622260,SayHello,10000,293034
959766745,SayHello,10000,296602
720994762,SayHello,10000,298844
82085657,SayHello,10000,294317
451473954,SayHello,10000,304592
67016295,SayHello,10000,319954
992028463,SayHello,10000,321139
421520761,SayHello,10000,321137
657718155,SayHello,10000,319978
698403803,SayHello,10000,324434
449582206,SayHello,10000,314226
659103435,SayHello,10000,316615
981818644,SayHello,10000,317783
989266138,SayHello,10000,314245
682198430,SayHello,10000,314266
861398748,SayHello,10000,320027
970533675,SayHello,10000,313099
463369106,SayHello,10000,310611
882018705,SayHello,10000,315516
766130959,SayHello,10000,324557
569397328,SayHello,10000,311921
380292079,SayHello,10000,308506
585342081,SayHello,10000,307305
494828019,SayHello,10000,310663
450441706,SayHello,10000,311979
544525149,SayHello,10000,306181
432852006,SayHello,10000,305118
720013029,SayHello,10000,300769
483141364,SayHello,10000,308565
24489481,SayHello,10000,305130
744427122,SayHello,10000,301927
545123569,SayHello,10000,304036
884245273,SayHello,10000,301937
92594285,SayHello,10000,298498
612817987,SayHello,10000,315700
541228892,SayHello,10000,308615
807966759,SayHello,10000,306303
31741989,SayHello,10000,315711
780037665,SayHello,10000,298435
37964909,SayHello,10000,299711
810938868,SayHello,10000,298451
26560935,SayHello,10000,299735
722255486,SayHello,10000,296399
742982617,SayHello,10000,295179
962246464,SayHello,10000,291943
190170434,SayHello,10000,290777
484480131,SayHello,10000,289444
644107835,SayHello,10000,295225
97204241,SayHello,10000,290811
206815186,SayHello,10000,289446
386632034,SayHello,10000,290579
911577541,SayHello,10000,290584
401869906,SayHello,10000,296463
180044978,SayHello,10000,298694
756408281,SayHello,10000,286105
615295416,SayHello,10000,289511
71953412,SayHello,10000,287261
495823062,SayHello,10000,280770
511742131,SayHello,10000,280790
905973031,SayHello,10000,278605
416686144,SayHello,10000,280787
894878070,SayHello,10000,277461
904310000,SayHello,10000,278627
202978094,SayHello,10000,280832
399172499,SayHello,10000,276309
358530832,SayHello,10000,290987
273514617,SayHello,10000,283077
103132070,SayHello,10000,268562
651959267,SayHello,10000,270697
103219796,SayHello,10000,280764
154326368,SayHello,10000,275190
66568511,SayHello,10000,270728
674745602,SayHello,10000,272885
622355913,SayHello,10000,287404
981816576,SayHello,10000,267461
8850121,SayHello,10000,264556
417072247,SayHello,10000,266638
574179416,SayHello,10000,267462
896035508,SayHello,10000,267475
873313609,SayHello,10000,274091
285429174,SayHello,10000,257936
574437183,SayHello,10000,259070
804892595,SayHello,10000,260228
327193693,SayHello,10000,261409
427657127,SayHello,10000,257957
119792990,SayHello,10000,291124
54788584,SayHello,10000,257978
586463835,SayHello,10000,257992
17676684,SayHello,10000,251405
306022048,SayHello,10000,254869
496652812,SayHello,10000,254892
725943864,SayHello,10000,253736
196277870,SayHello,10000,252595
533788112,SayHello,10000,305779
668320447,SayHello,10000,303538
543907669,SayHello,10000,306980
841518404,SayHello,10000,302326
550124126,SayHello,10000,303537
15781548,SayHello,10000,305810
983951667,SayHello,10000,305853
849414733,SayHello,10000,308144
313109321,SayHello,10000,300173
683313877,SayHello,10000,309306
864072184,SayHello,10000,297863
540256102,SayHello,10000,296704
707764088,SayHello,10000,299051
78131008,SayHello,10000,302417
328087429,SayHello,10000,300242
307772878,SayHello,10000,305930
248192736,SayHello,10000,304823
364290078,SayHello,10000,293474
101677357,SayHello,10000,297961
355497492,SayHello,10000,293518
296348,SayHello,10000,289992
135660105,SayHello,10000,290095
268024288,SayHello,10000,293508
255812885,SayHello,10000,298004
471869732,SayHello,10000,293542
464777807,SayHello,10000,288946
999086801,SayHello,10000,290074
62533838,SayHello,10000,295696
34095947,SayHello,10000,295686
737872814,SayHello,10000,290069
383752392,SayHello,10000,284257
716708473,SayHello,10000,284177
797801129,SayHello,10000,286438
425669261,SayHello,10000,279707
690272159,SayHello,10000,280819
283044506,SayHello,10000,283016
573809822,SayHello,10000,283029
125680540,SayHello,10000,322638
164411709,SayHello,10000,326034
793308187,SayHello,10000,321540
226601832,SayHello,10000,326070
587665343,SayHello,10000,318150
514341598,SayHello,10000,320387
157946497,SayHello,10000,311872
17492765,SayHello,10000,323836
224887578,SayHello,10000,314007
152405344,SayHello,10000,308559
211540175,SayHello,10000,320422
456112475,SayHello,10000,311915
417645737,SayHello,10000,314045
797552963,SayHello,10000,323859
291186959,SayHello,10000,322722
575830295,SayHello,10000,308589
697285373,SayHello,10000,307462
142803764,SayHello,10000,310777
686577306,SayHello,10000,301441
288451496,SayHello,10000,304966
597108329,SayHello,10000,306186
128293407,SayHello,10000,302699
527214673,SayHello,10000,307512
405532685,SayHello,10000,301478
952185918,SayHello,10000,307542
844287377,SayHello,10000,300319
17896923,SayHello,10000,307543
787430255,SayHello,10000,300326
528205025,SayHello,10000,299203
372441990,SayHello,10000,320581
459191457,SayHello,10000,299235
695791475,SayHello,10000,298113
107572015,SayHello,10000,292572
420469928,SayHello,10000,305039
544781783,SayHello,10000,293915
313113073,SayHello,10000,292566
24215231,SayHello,10000,289347
379217672,SayHello,10000,290493
197566956,SayHello,10000,302806
171295740,SayHello,10000,292767
584399245,SayHello,10000,289395
807329608,SayHello,10000,289390
396582509,SayHello,10000,290528
29476907,SayHello,10000,292639
181424975,SayHello,10000,300440
132135178,SayHello,10000,283647
103089472,SayHello,10000,288190
27974054,SayHello,10000,284802
254635000,SayHello,10000,282537
999786388,SayHello,10000,283661
141973169,SayHello,10000,282546
901756010,SayHello,10000,276769
136214501,SayHello,10000,282557
324338003,SayHello,10000,275642
481824751,SayHello,10000,286027
48400824,SayHello,10000,288268
28028654,SayHello,10000,276931
106816989,SayHello,10000,300573
277216812,SayHello,10000,288268
682322582,SayHello,10000,276905
407738412,SayHello,10000,275791
591250800,SayHello,10000,276961
639647932,SayHello,10000,314282
52919102,SayHello,10000,309672
49896120,SayHello,10000,313130
904637095,SayHello,10000,308527
121617680,SayHello,10000,313157
615632293,SayHello,10000,304188
317192614,SayHello,10000,306438
427328142,SayHello,10000,298629
869448698,SayHello,10000,306354
52282210,SayHello,10000,302005
813025803,SayHello,10000,308569
8638512,SayHello,10000,306389
783034516,SayHello,10000,306380
488150412,SayHello,10000,296351
850164026,SayHello,10000,295177
765157599,SayHello,10000,302079
506886563,SayHello,10000,300916
856263453,SayHello,10000,294038
117915752,SayHello,10000,296394
790612255,SayHello,10000,291668
607140825,SayHello,10000,296565
584974014,SayHello,10000,292874
209419938,SayHello,10000,311001
743128093,SayHello,10000,286948
220352680,SayHello,10000,294098
870688245,SayHello,10000,290489
969941165,SayHello,10000,288192
504899048,SayHello,10000,284702
356169496,SayHello,10000,290553
674175921,SayHello,10000,295343
403742495,SayHello,10000,287006
848984401,SayHello,10000,287037
10558540,SayHello,10000,285875
236549566,SayHello,10000,285877
414723056,SayHello,10000,283600
276568566,SayHello,10000,283591
369385573,SayHello,10000,282399
356273023,SayHello,10000,278928
250099169,SayHello,10000,281270
130251931,SayHello,10000,294241
40801013,SayHello,10000,278654
447299293,SayHello,10000,276335
38570865,SayHello,10000,289513
640566056,SayHello,10000,278679
434107208,SayHello,10000,278969
738126549,SayHello,10000,282468
102688558,SayHello,10000,280176
729194588,SayHello,10000,274076
990635584,SayHello,10000,279016
105446670,SayHello,10000,272839
355089735,SayHello,10000,277599
797829535,SayHello,10000,276392
76011941,SayHello,10000,276397
876798603,SayHello,10000,272886
678786378,SayHello,10000,271144
314160931,SayHello,10000,275323
494282250,SayHello,10000,272524
406752961,SayHello,10000,276475
593021610,SayHello,10000,272528
723097066,SayHello,10000,267509
876001584,SayHello,10000,272525
484556511,SayHello,10000,269961
239049101,SayHello,10000,268725
418615945,SayHello,10000,272978
240333792,SayHello,10000,272554
282515656,SayHello,10000,267566
212401802,SayHello,10000,270052
258292434,SayHello,10000,325935
688954358,SayHello,10000,327097
36161606,SayHello,10000,329340
376776580,SayHello,10000,325840
471441177,SayHello,10000,318984
164821029,SayHello,10000,323615
288178079,SayHello,10000,321312
858083517,SayHello,10000,322488
485405369,SayHello,10000,323665
51116628,SayHello,10000,327131
81098576,SayHello,10000,318999
859801089,SayHello,10000,316508
538395844,SayHello,10000,330561
752547534,SayHello,10000,323648
301855027,SayHello,10000,320220
929060793,SayHello,10000,321401
615828280,SayHello,10000,308765
982960260,SayHello,10000,317697
68527730,SayHello,10000,320202
139116480,SayHello,10000,314125
4785215,SayHello,10000,308812
97546689,SayHello,10000,312009
390718800,SayHello,10000,320268
769122175,SayHello,10000,314160
836046111,SayHello,10000,302113
908860151,SayHello,10000,315447
994460904,SayHello,10000,315448
96959212,SayHello,10000,302029
136368423,SayHello,10000,306548
85342895,SayHello,10000,319036
292083434,SayHello,10000,307766
717424600,SayHello,10000,308860
761876552,SayHello,10000,303369
927410876,SayHello,10000,315491
104422731,SayHello,10000,306605
204806454,SayHello,10000,302203
121558751,SayHello,10000,303436
161379731,SayHello,10000,301038
924277833,SayHello,10000,302214
222237373,SayHello,10000,326230
132966380,SayHello,10000,329752
118321859,SayHello,10000,334636
751437544,SayHello,10000,326258
822853766,SayHello,10000,327466
495757769,SayHello,10000,331940
138731497,SayHello,10000,322931
548713957,SayHello,10000,334707
924491188,SayHello,10000,321813
790114893,SayHello,10000,328668
801679946,SayHello,10000,332041
639578125,SayHello,10000,321841
989399371,SayHello,10000,319723
584620731,SayHello,10000,324178
69667297,SayHello,10000,315303
722291836,SayHello,10000,323007
590786006,SayHello,10000,313022
954965320,SayHello,10000,310934
959888766,SayHello,10000,317598
708605873,SayHello,10000,323024
696028459,SayHello,10000,319776
761159406,SayHello,10000,310990
365402664,SayHello,10000,314264
27912208,SayHello,10000,313140
545833237,SayHello,10000,307489
885108728,SayHello,10000,308664
483399902,SayHello,10000,316535
210216190,SayHello,10000,309806
779592732,SayHello,10000,307539
800151154,SayHello,10000,307537
880181530,SayHello,10000,304150
977099355,SayHello,10000,306296
649930957,SayHello,10000,317712
757437236,SayHello,10000,304156
581921623,SayHello,10000,306321
221627513,SayHello,10000,300895
269087638,SayHello,10000,300902
80421449,SayHello,10000,299692
493813275,SayHello,10000,298555
840229224,SayHello,10000,299698
85976047,SayHello,10000,295270
994890501,SayHello,10000,295217
659169946,SayHello,10000,309922
810405527,SayHello,10000,295207
882448612,SayHello,10000,295313
972671052,SayHello,10000,294126
999476029,SayHello,10000,291804
32300707,SayHello,10000,300958
41658906,SayHello,10000,303138
578422407,SayHello,10000,291846
15734590,SayHello,10000,290752
564202318,SayHello,10000,286307
140580491,SayHello,10000,294184
650550265,SayHello,10000,286430
197610217,SayHello,10000,286329
277025215,SayHello,10000,286307
858974908,SayHello,10000,297557
622340720,SayHello,10000,295314
427259084,SayHello,10000,283076
374472799,SayHello,10000,293102
128310009,SayHello,10000,285246
319751106,SayHello,10000,286354
854297482,SayHello,10000,286373
195757038,SayHello,10000,276616
96889562,SayHello,10000,285249
762762614,SayHello,10000,280949
844677850,SayHello,10000,289657
823684212,SayHello,10000,275506
670789892,SayHello,10000,291951
937138152,SayHello,10000,275513
607609213,SayHello,10000,274281
855760747,SayHello,10000,276703
595150168,SayHello,10000,275520
966846771,SayHello,10000,278847
614140347,SayHello,10000,275404
130366550,SayHello,10000,278838
344551508,SayHello,10000,270465
818858623,SayHello,10000,273492
217982414,SayHello,10000,268234
229118615,SayHello,10000,271639
321615489,SayHello,10000,275472
869320142,SayHello,10000,264903
979896714,SayHello,10000,270516
972851123,SayHello,10000,263759
235106317,SayHello,10000,266079
729316190,SayHello,10000,263760
204712307,SayHello,10000,268320
841084479,SayHello,10000,264951
309306332,SayHello,10000,266122
528605145,SayHello,10000,263525
641847118,SayHello,10000,263794
434498187,SayHello,10000,263809
43068820,SayHello,10000,269489
149468183,SayHello,10000,255044
868707895,SayHello,10000,270585
821627368,SayHello,10000,263830
851595357,SayHello,10000,259493
572555017,SayHello,10000,252775
565154567,SayHello,10000,259489
157547287,SayHello,10000,254020
414094919,SayHello,10000,255226
789801827,SayHello,10000,257434
794272144,SayHello,10000,308730
464901328,SayHello,10000,303132
942846619,SayHello,10000,307580
993193559,SayHello,10000,307573
374054909,SayHello,10000,303167
217876320,SayHello,10000,309897
497771727,SayHello,10000,308760
317162333,SayHello,10000,307602
73830812,SayHello,10000,311110
413184891,SayHello,10000,304376
770963834,SayHello,10000,301982
895252272,SayHello,10000,301978
750933662,SayHello,10000,300705
503498115,SayHello,10000,299721
43691299,SayHello,10000,298278
257267816,SayHello,10000,303221
160317898,SayHello,10000,301804
532015647,SayHello,10000,296761
107465990,SayHello,10000,307646
554764435,SayHello,10000,301814
571610388,SayHello,10000,302017
653011080,SayHello,10000,326081
943629593,SayHello,10000,332722
269949347,SayHello,10000,326124
779978141,SayHello,10000,323683
641261031,SayHello,10000,326112
238891126,SayHello,10000,327374
166384330,SayHello,10000,322587
225737662,SayHello,10000,333922
596607573,SayHello,10000,324859
905399237,SayHello,10000,318170
272217718,SayHello,10000,331592
547733036,SayHello,10000,318177
968143364,SayHello,10000,315961
922437562,SayHello,10000,320527
414098,SayHello,10000,315968
652665817,SayHello,10000,327466
227009842,SayHello,10000,332830
133456716,SayHello,10000,324942
551377668,SayHello,10000,319405
219256533,SayHello,10000,326242
863265289,SayHello,10000,310429
206126813,SayHello,10000,320573
547120559,SayHello,10000,314823
595214235,SayHello,10000,309172
813425604,SayHello,10000,310452
689580828,SayHello,10000,318272
497585786,SayHello,10000,310338
538576189,SayHello,10000,308011
296927101,SayHello,10000,308032
969660885,SayHello,10000,312600
615433901,SayHello,10000,314861
538626772,SayHello,10000,313727
533546769,SayHello,10000,310352
913803137,SayHello,10000,306907
827277296,SayHello,10000,306918
668870359,SayHello,10000,306904
151641061,SayHello,10000,302602
17134339,SayHello,10000,304859
242134086,SayHello,10000,298329
498872703,SayHello,10000,308117
328609897,SayHello,10000,309292
27935595,SayHello,10000,306970
883960300,SayHello,10000,297218
636525506,SayHello,10000,301532
247325311,SayHello,10000,303782
185810184,SayHello,10000,294843
458265166,SayHello,10000,296109
112774141,SayHello,10000,294849
728153654,SayHello,10000,301481
690196600,SayHello,10000,301567
841804527,SayHello,10000,296126
986973688,SayHello,10000,298392
468373693,SayHello,10000,294858
98057625,SayHello,10000,308168
123499692,SayHello,10000,296137
793707174,SayHello,10000,291133
393293793,SayHello,10000,294885
471933781,SayHello,10000,293623
134571769,SayHello,10000,293612
144072312,SayHello,10000,291144
208382796,SayHello,10000,288919
33567671,SayHello,10000,291165
591578331,SayHello,10000,284506
529304160,SayHello,10000,283360
272622817,SayHello,10000,290098
370882340,SayHello,10000,292387
75322879,SayHello,10000,291205
743067052,SayHello,10000,280070
467096675,SayHello,10000,287865
360132407,SayHello,10000,283357
252479500,SayHello,10000,286728
190560019,SayHello,10000,275000
640517500,SayHello,10000,277395
680167665,SayHello,10000,280094
166901996,SayHello,10000,307156
9576029,SayHello,10000,275010
698888589,SayHello,10000,271688
165678375,SayHello,10000,275058
734137239,SayHello,10000,271680
491398496,SayHello,10000,270422
661527821,SayHello,10000,283427
145181839,SayHello,10000,276253
940524481,SayHello,10000,270449
697545284,SayHello,10000,270547
957864795,SayHello,10000,271908
194741170,SayHello,10000,328392
329399,SayHello,10000,330707
630827247,SayHello,10000,328401
688436171,SayHello,10000,323951
810006011,SayHello,10000,320481
297095371,SayHello,10000,327239
457346897,SayHello,10000,329598
299786053,SayHello,10000,322851
24529814,SayHello,10000,327265
209601574,SayHello,10000,322873
518170739,SayHello,10000,325135
497683188,SayHello,10000,319343
550775103,SayHello,10000,318159
408809059,SayHello,10000,319341
630773816,SayHello,10000,328477
858358597,SayHello,10000,318144
345538663,SayHello,10000,318137
864345502,SayHello,10000,320536
870242760,SayHello,10000,331908
485667459,SayHello,10000,321721
120614383,SayHello,10000,318217
665981480,SayHello,10000,312520
364321502,SayHello,10000,316825
788329517,SayHello,10000,307813
785193562,SayHello,10000,313649
999439869,SayHello,10000,313670
610854714,SayHello,10000,318187
913998680,SayHello,10000,310376
396578942,SayHello,10000,318212
33323403,SayHello,10000,303540
630426343,SayHello,10000,309232
166128542,SayHello,10000,302211
549153278,SayHello,10000,302373
896448538,SayHello,10000,304684
395328856,SayHello,10000,309194
622619587,SayHello,10000,302401
49681785,SayHello,10000,303585
671452255,SayHello,10000,300035
620991160,SayHello,10000,300043
815494299,SayHello,10000,296712
292433620,SayHello,10000,304747
229889956,SayHello,10000,309319
904533044,SayHello,10000,302282
243673112,SayHello,10000,296752
125124523,SayHello,10000,301206
301723354,SayHello,10000,295700
111923566,SayHello,10000,298958
124338765,SayHello,10000,301204
191647301,SayHello,10000,295733
74435011,SayHello,10000,295727
700449261,SayHello,10000,294369
404162983,SayHello,10000,309312
36405654,SayHello,10000,294339
467928906,SayHello,10000,302506
79376571,SayHello,10000,338678
742991770,SayHello,10000,336435
569554838,SayHello,10000,337599
540874670,SayHello,10000,334048
179919707,SayHello,10000,335310
935671288,SayHello,10000,331649
218014963,SayHello,10000,338732
495139397,SayHello,10000,335299
994488119,SayHello,10000,329067
127382450,SayHello,10000,336475
478627640,SayHello,10000,332904
201763079,SayHello,10000,330233
468322973,SayHello,10000,338727
496114698,SayHello,10000,331686
909157039,SayHello,10000,331691
543834953,SayHello,10000,336489
295385830,SayHello,10000,335349
727019727,SayHello,10000,331742
887214064,SayHello,10000,325795
706954449,SayHello,10000,325842
211527279,SayHello,10000,324643
908072817,SayHello,10000,329125
267229836,SayHello,10000,329140
818588502,SayHello,10000,329121
230354698,SayHello,10000,325832
110315294,SayHello,10000,322068
141259752,SayHello,10000,327073
403589270,SayHello,10000,323351
297983325,SayHello,10000,323369
683404257,SayHello,10000,323355
996466424,SayHello,10000,320933
54239238,SayHello,10000,320959
562337671,SayHello,10000,324733
930052549,SayHello,10000,324703
862663105,SayHello,10000,314525
43407814,SayHello,10000,325870
126835153,SayHello,10000,322093
50340621,SayHello,10000,323373
627960221,SayHello,10000,311216
847095682,SayHello,10000,322143
106290616,SayHello,10000,315741
321492871,SayHello,10000,313397
418644944,SayHello,10000,322193
713194035,SayHello,10000,309942
603189839,SayHello,10000,313429
270718706,SayHello,10000,309963
713463829,SayHello,10000,310061
3821974,SayHello,10000,319905
141727232,SayHello,10000,304512
404079256,SayHello,10000,304529
420568430,SayHello,10000,307760
622540442,SayHello,10000,303444
746536799,SayHello,10000,309978
785507942,SayHello,10000,311285
814387407,SayHello,10000,301065
697158452,SayHello,10000,301011
676663613,SayHello,10000,302589
17600910,SayHello,10000,304585
333272545,SayHello,10000,298827
638404793,SayHello,10000,310015
127383211,SayHello,10000,299957
764231091,SayHello,10000,297675
408739546,SayHello,10000,297674
690902624,SayHello,10000,301062
416234145,SayHello,10000,289060
749881274,SayHello,10000,291205
376101375,SayHello,10000,292322
504125381,SayHello,10000,295573
445913538,SayHello,10000,289088
112313307,SayHello,10000,289085
854261697,SayHello,10000,298879
844239459,SayHello,10000,293534
277473980,SayHello,10000,309225
868939707,SayHello,10000,288039
951928291,SayHello,10000,324627
214474551,SayHello,10000,323394
530439300,SayHello,10000,320052
307035722,SayHello,10000,321134
206123803,SayHello,10000,326784
186044807,SayHello,10000,321163
196670654,SayHello,10000,324646
26206834,SayHello,10000,330189
774741718,SayHello,10000,321246
79377281,SayHello,10000,318932
115440640,SayHello,10000,318930
528554266,SayHello,10000,313580
674006745,SayHello,10000,321178
342976230,SayHello,10000,317849
387218536,SayHello,10000,309219
231391558,SayHello,10000,316723
775598258,SayHello,10000,304665
503677945,SayHello,10000,324706
921314824,SayHello,10000,305835
735157839,SayHello,10000,318983
231832908,SayHello,10000,309288
720375314,SayHello,10000,310459
889659060,SayHello,10000,292986
346069546,SayHello,10000,304703
159752431,SayHello,10000,308156
891946194,SayHello,10000,295145
20710596,SayHello,10000,309280
640209184,SayHello,10000,309275
873456718,SayHello,10000,297288
935175820,SayHello,10000,319038
574969924,SayHello,10000,307046
11430195,SayHello,10000,293026
864874988,SayHello,10000,316832
942822443,SayHello,10000,291776
80150435,SayHello,10000,282317
382548316,SayHello,10000,283451
839632472,SayHello,10000,293039
401660576,SayHello,10000,287595
211115831,SayHello,10000,305934
640502089,SayHello,10000,277525
341568721,SayHello,10000,287643
438215191,SayHello,10000,287628
76264387,SayHello,10000,287593
590560879,SayHello,10000,303657
695333781,SayHello,10000,301555
451918039,SayHello,10000,275022
212026186,SayHello,10000,278753
948483205,SayHello,10000,272796
847052842,SayHello,10000,283524
227182448,SayHello,10000,276388
761351315,SayHello,10000,272828
221982596,SayHello,10000,276413
5338147,SayHello,10000,276405
582254546,SayHello,10000,270469
516325940,SayHello,10000,293250
896609344,SayHello,10000,272965
351595206,SayHello,10000,319961
518162281,SayHello,10000,317708
862656097,SayHello,10000,318845
228234165,SayHello,10000,314533
694119269,SayHello,10000,313231
351491500,SayHello,10000,314562
334035575,SayHello,10000,313331
31128884,SayHello,10000,322354
826535950,SayHello,10000,323724
878499749,SayHello,10000,310724
271982628,SayHello,10000,313365
943923068,SayHello,10000,313342
722019929,SayHello,10000,313385
508773188,SayHello,10000,308440
792335343,SayHello,10000,305099
765728164,SayHello,10000,305099
222281003,SayHello,10000,305127
846553912,SayHello,10000,313399
245965129,SayHello,10000,305124
517310146,SayHello,10000,301599
326708127,SayHello,10000,300378
149189225,SayHello,10000,300441
846835647,SayHello,10000,308410
827531200,SayHello,10000,298170
21699892,SayHello,10000,313434
423550159,SayHello,10000,298174
354720504,SayHello,10000,296987
565578804,SayHello,10000,309686
714417666,SayHello,10000,305231
554433591,SayHello,10000,300464
697322729,SayHello,10000,295493
262994055,SayHello,10000,294359
819723589,SayHello,10000,294370
690572951,SayHello,10000,303944
194559621,SayHello,10000,296557
771105838,SayHello,10000,295631
361398995,SayHello,10000,338520
75955221,SayHello,10000,328978
426686815,SayHello,10000,331336
689427505,SayHello,10000,328980
715540206,SayHello,10000,328999
43156776,SayHello,10000,330207
624464521,SayHello,10000,324512
384109521,SayHello,10000,324514
54610108,SayHello,10000,322264
552478380,SayHello,10000,321116
517055747,SayHello,10000,329021
190424944,SayHello,10000,330245
70460032,SayHello,10000,317801
766129217,SayHello,10000,316619
979016944,SayHello,10000,329068
759026409,SayHello,10000,308695
583934619,SayHello,10000,323464
2265431,SayHello,10000,313354
996875896,SayHello,10000,326746
729022312,SayHello,10000,309894
971278295,SayHello,10000,316700
538786838,SayHello,10000,319039
826356240,SayHello,10000,306476
972068461,SayHello,10000,308723
855099762,SayHello,10000,313407
878906105,SayHello,10000,300802
289633086,SayHello,10000,302157
197544166,SayHello,10000,305342
411266396,SayHello,10000,302187
50314578,SayHello,10000,302180
387930788,SayHello,10000,296341
360191935,SayHello,10000,309983
861040918,SayHello,10000,307707
670021867,SayHello,10000,313448
281951985,SayHello,10000,311183
585561305,SayHello,10000,295214
145700591,SayHello,10000,295225
165233445,SayHello,10000,295198
405785902,SayHello,10000,297563
692653262,SayHello,10000,292803
64163412,SayHello,10000,292863
777018735,SayHello,10000,290571
266958906,SayHello,10000,296436
583303272,SayHello,10000,288411
548079942,SayHello,10000,299784
616787842,SayHello,10000,295262
946935056,SayHello,10000,281509
801376646,SayHello,10000,285969
33393205,SayHello,10000,283763
453394625,SayHello,10000,283776
647600886,SayHello,10000,294092
207789270,SayHello,10000,285979
560494386,SayHello,10000,285892
576973275,SayHello,10000,272964
803695611,SayHello,10000,288447
357875915,SayHello,10000,282694
888646632,SayHello,10000,272871
138742408,SayHello,10000,271806
999232769,SayHello,10000,272902
39915995,SayHello,10000,287203
828933826,SayHello,10000,277448
171905482,SayHello,10000,329993
550237269,SayHello,10000,324630
15388482,SayHello,10000,324620
585456504,SayHello,10000,329994
849037894,SayHello,10000,330011
629227086,SayHello,10000,319351
658888677,SayHello,10000,328870
337732890,SayHello,10000,336367
59024163,SayHello,10000,313660
37389731,SayHello,10000,320508
883458148,SayHello,10000,312544
905673122,SayHello,10000,318232
614033562,SayHello,10000,315972
76204965,SayHello,10000,338574
843185236,SayHello,10000,312575
599314673,SayHello,10000,313707
847613982,SayHello,10000,335251
253008814,SayHello,10000,317133
912192782,SayHello,10000,324652
554156709,SayHello,10000,311421
718207755,SayHello,10000,311441
783901972,SayHello,10000,330058
6722434,SayHello,10000,304645
793962265,SayHello,10000,306983
32984794,SayHello,10000,311485
293775084,SayHello,10000,304626
237794917,SayHello,10000,314921
26101388,SayHello,10000,305849
973654588,SayHello,10000,304656
321337170,SayHello,10000,304671
520228762,SayHello,10000,304677
641724622,SayHello,10000,308234
112909599,SayHello,10000,333832
283769964,SayHello,10000,339864
378223381,SayHello,10000,330671
280845291,SayHello,10000,329516
1497042,SayHello,10000,328348
292922058,SayHello,10000,329522
649461408,SayHello,10000,327074
176870668,SayHello,10000,337529
393005509,SayHello,10000,330729
169752277,SayHello,10000,328369
578116698,SayHello,10000,328396
105536092,SayHello,10000,321656
326482659,SayHello,10000,321686
749562179,SayHello,10000,321698
540510427,SayHello,10000,330770
884245329,SayHello,10000,320492
793042699,SayHello,10000,330713
678009528,SayHello,10000,319378
579453013,SayHello,10000,318246
844829987,SayHello,10000,327177
47630400,SayHello,10000,317127
758593828,SayHello,10000,321750
898050440,SayHello,10000,315990
82383209,SayHello,10000,313745
215801974,SayHello,10000,326071
777311405,SayHello,10000,312651
149990135,SayHello,10000,319445
651647896,SayHello,10000,320600
6909038,SayHello,10000,311513
73020011,SayHello,10000,313790
435874342,SayHello,10000,309247
295695086,SayHello,10000,313790
703746535,SayHello,10000,313801
741170645,SayHello,10000,316077
789376712,SayHello,10000,310401
581833780,SayHello,10000,314945
407358991,SayHello,10000,325000
411869734,SayHello,10000,312727
264058150,SayHello,10000,304796
205792167,SayHello,10000,304788
53905443,SayHello,10000,308138
541683629,SayHello,10000,303681
89620299,SayHello,10000,298229
147818534,SayHello,10000,308158
988241024,SayHello,10000,296020
869539341,SayHello,10000,298236
642179574,SayHello,10000,298239
948080706,SayHello,10000,306025
818384023,SayHello,10000,293723
226485315,SayHello,10000,292593
721802094,SayHello,10000,296046
310885379,SayHello,10000,294885
407932204,SayHello,10000,285968
769532058,SayHello,10000,288260
604578636,SayHello,10000,302596
958189157,SayHello,10000,288293
699904229,SayHello,10000,285979
140998596,SayHello,10000,289461
232759486,SayHello,10000,285946
279884194,SayHello,10000,286002
832276053,SayHello,10000,287187
367793189,SayHello,10000,286025
282626823,SayHello,10000,301506
827219404,SayHello,10000,284892
700190505,SayHello,10000,285973
233305645,SayHello,10000,286024
696481231,SayHello,10000,284931
59729672,SayHello,10000,286036
925307335,SayHello,10000,283739
233415004,SayHello,10000,280331
94093424,SayHello,10000,283750
779498995,SayHello,10000,317522
37095216,SayHello,10000,279054
301359275,SayHello,10000,280369
814731271,SayHello,10000,279099
257278646,SayHello,10000,283822
489105300,SayHello,10000,280393
904882250,SayHello,10000,279103
108312310,SayHello,10000,281578
48188080,SayHello,10000,275844
843291275,SayHello,10000,277018
527955750,SayHello,10000,283873
204368245,SayHello,10000,270749
594196688,SayHello,10000,279152
495794517,SayHello,10000,269608
405022907,SayHello,10000,277047
809300778,SayHello,10000,268461
171708285,SayHello,10000,263018
352653247,SayHello,10000,267356
543801511,SayHello,10000,265310
261001160,SayHello,10000,263177
281799661,SayHello,10000,263202
965086926,SayHello,10000,280653
204755707,SayHello,10000,311260
623021997,SayHello,10000,320061
636029761,SayHello,10000,311308
330774394,SayHello,10000,305858
665928441,SayHello,10000,311313
574534620,SayHello,10000,307108
318936168,SayHello,10000,302501
551360395,SayHello,10000,305896
854478165,SayHello,10000,304808
4055590,SayHello,10000,305959
848302228,SayHello,10000,298213
353312181,SayHello,10000,298201
621514132,SayHello,10000,293898
504607487,SayHello,10000,301389
67824318,SayHello,10000,297097
419701530,SayHello,10000,303699
643560299,SayHello,10000,305930
134377943,SayHello,10000,311397
299039146,SayHello,10000,293918
676892090,SayHello,10000,291789
380917316,SayHello,10000,289513
674270694,SayHello,10000,298257
805176723,SayHello,10000,298287
317850336,SayHello,10000,287247
659175529,SayHello,10000,285116
88668477,SayHello,10000,285135
933792341,SayHello,10000,285122
706284835,SayHello,10000,293996
642741712,SayHello,10000,290710
124911758,SayHello,10000,283992
724152914,SayHello,10000,288433
863292793,SayHello,10000,284002
494721960,SayHello,10000,294024
126533762,SayHello,10000,284006
687863851,SayHello,10000,282999
796590035,SayHello,10000,337023
41820419,SayHello,10000,342464
440468180,SayHello,10000,337035
392230183,SayHello,10000,341396
665601463,SayHello,10000,340255
876934009,SayHello,10000,330261
321274113,SayHello,10000,331629
812889863,SayHello,10000,334944
869879466,SayHello,10000,329127
75001255,SayHello,10000,331616
389473653,SayHello,10000,331653
267840474,SayHello,10000,327972
434067554,SayHello,10000,327961
457703592,SayHello,10000,327949
287763855,SayHello,10000,342542
252332307,SayHello,10000,332833
417866143,SayHello,10000,325794
416129701,SayHello,10000,330313
751200368,SayHello,10000,325835
576234030,SayHello,10000,319231
350996473,SayHello,10000,325844
167295946,SayHello,10000,337113
778719434,SayHello,10000,317083
729067578,SayHello,10000,320405
86627376,SayHello,10000,317063
138842498,SayHello,10000,317096
516222675,SayHello,10000,322683
471202185,SayHello,10000,317102
409344551,SayHello,10000,313817
222350329,SayHello,10000,313714
156626190,SayHello,10000,311423
942707510,SayHello,10000,312580
917289630,SayHello,10000,311445
703425592,SayHello,10000,309064
54538327,SayHello,10000,307909
729016418,SayHello,10000,307922
382538292,SayHello,10000,306636
182793732,SayHello,10000,310272
925381993,SayHello,10000,331792
531718959,SayHello,10000,319340
481980486,SayHello,10000,303381
683211036,SayHello,10000,309126
386789986,SayHello,10000,322752
891395589,SayHello,10000,307776
918839642,SayHello,10000,304591
216173864,SayHello,10000,306700
355360496,SayHello,10000,303408
739327172,SayHello,10000,301850
80691114,SayHello,10000,302295
846974306,SayHello,10000,301944
580096898,SayHello,10000,303577
887713961,SayHello,10000,310505
271678913,SayHello,10000,302478
727593010,SayHello,10000,333886
143476997,SayHello,10000,339170
281669208,SayHello,10000,332661
492651328,SayHello,10000,330421
930200321,SayHello,10000,335079
445016288,SayHello,10000,333950
125039490,SayHello,10000,332694
936220497,SayHello,10000,332688
430342419,SayHello,10000,331605
561448008,SayHello,10000,320915
57934680,SayHello,10000,328358
273996844,SayHello,10000,333983
931748362,SayHello,10000,326256
873790442,SayHello,10000,328373
421819896,SayHello,10000,336497
588381198,SayHello,10000,326272
961617929,SayHello,10000,330523
956295260,SayHello,10000,317614
823999918,SayHello,10000,322081
407331399,SayHello,10000,318750
980404530,SayHello,10000,319894
714247976,SayHello,10000,332786
42624882,SayHello,10000,319919
519991669,SayHello,10000,318785
114232315,SayHello,10000,315445
601314043,SayHello,10000,326353
41313633,SayHello,10000,315457
920948330,SayHello,10000,314311
747366683,SayHello,10000,316610
39805313,SayHello,10000,311131
819319387,SayHello,10000,310051
559833714,SayHello,10000,315512
897492106,SayHello,10000,305858
813412963,SayHello,10000,324355
726316852,SayHello,10000,313262
394171451,SayHello,10000,304777
475023399,SayHello,10000,313283
66015271,SayHello,10000,304727
248032785,SayHello,10000,306999
500179636,SayHello,10000,302523
472747043,SayHello,10000,300342
745494195,SayHello,10000,304763
797348470,SayHello,10000,300347
124142837,SayHello,10000,304764
112974832,SayHello,10000,304771
2033978,SayHello,10000,314469
706993472,SayHello,10000,298205
843994195,SayHello,10000,294902
798025674,SayHello,10000,300399
657438189,SayHello,10000,296004
532307460,SayHello,10000,297125
88065246,SayHello,10000,293805
341894561,SayHello,10000,293809
198593709,SayHello,10000,298253
644996073,SayHello,10000,293817
591495962,SayHello,10000,300466
200763465,SayHello,10000,291636
764882019,SayHello,10000,288406
3805996,SayHello,10000,316873
991560216,SayHello,10000,287314
47515788,SayHello,10000,291677
403385978,SayHello,10000,302688
257376430,SayHello,10000,287325
139196473,SayHello,10000,289592
134738729,SayHello,10000,296094
480293124,SayHello,10000,286260
167008316,SayHello,10000,285963
963760625,SayHello,10000,287364
458214561,SayHello,10000,284750
980883496,SayHello,10000,285991
653427151,SayHello,10000,280460
553707198,SayHello,10000,276970
151468665,SayHello,10000,289676
350814287,SayHello,10000,282622
19960079,SayHello,10000,276975
656980260,SayHello,10000,276977
838969101,SayHello,10000,274709
988640020,SayHello,10000,279345
865798143,SayHello,10000,273643
505801753,SayHello,10000,279395
13140034,SayHello,10000,273661
941876931,SayHello,10000,292928
484606953,SayHello,10000,278399
22920801,SayHello,10000,279542
4057248,SayHello,10000,272713
476012143,SayHello,10000,332456
582339117,SayHello,10000,335954
212278296,SayHello,10000,333707
274123431,SayHello,10000,329228
100582542,SayHello,10000,333732
550513835,SayHello,10000,334873
244147186,SayHello,10000,327900
861892050,SayHello,10000,332498
373171049,SayHello,10000,329261
975315852,SayHello,10000,330422
382586959,SayHello,10000,342704
677290217,SayHello,10000,326727
557659536,SayHello,10000,329277
119874265,SayHello,10000,326826
173984620,SayHello,10000,329292
703909117,SayHello,10000,326750
600761424,SayHello,10000,326760
593277363,SayHello,10000,327981
567319017,SayHello,10000,325675
768917111,SayHello,10000,324575
476369081,SayHello,10000,322293
901301566,SayHello,10000,325711
86503085,SayHello,10000,321162
376764955,SayHello,10000,333840
510204282,SayHello,10000,323473
324712985,SayHello,10000,337222
238770827,SayHello,10000,326834
847627792,SayHello,10000,325742
354245591,SayHello,10000,323523
754693665,SayHello,10000,321207
390310720,SayHello,10000,318866
866629180,SayHello,10000,311509
646044397,SayHello,10000,310328
1837820,SayHello,10000,315808
266122633,SayHello,10000,310502
197761295,SayHello,10000,310511
208554502,SayHello,10000,320254
155747875,SayHello,10000,319131
429412294,SayHello,10000,344550
181844328,SayHello,10000,344551
732634131,SayHello,10000,343260
108971055,SayHello,10000,342139
530546357,SayHello,10000,344566
327231663,SayHello,10000,343293
807295241,SayHello,10000,342155
60985391,SayHello,10000,339883
895671602,SayHello,10000,335672
463209688,SayHello,10000,342163
751836421,SayHello,10000,331515
788787824,SayHello,10000,340997
447590728,SayHello,10000,336805
378509149,SayHello,10000,335695
901131603,SayHello,10000,329173
413061626,SayHello,10000,333628
404677962,SayHello,10000,344626
241771411,SayHello,10000,330438
76135831,SayHello,10000,330431
289101754,SayHello,10000,328081
824225171,SayHello,10000,317411
964671357,SayHello,10000,320638
556498842,SayHello,10000,330472
695359633,SayHello,10000,326959
317339619,SayHello,10000,317436
284086235,SayHello,10000,315339
162721866,SayHello,10000,320689
39222065,SayHello,10000,311990
135088764,SayHello,10000,318555
365150302,SayHello,10000,313210
629468105,SayHello,10000,310835
939609201,SayHello,10000,310862
353328369,SayHello,10000,315387
467036050,SayHello,10000,309470
947529161,SayHello,10000,310569
992659157,SayHello,10000,308378
524579992,SayHello,10000,341175
623830650,SayHello,10000,310894
710361652,SayHello,10000,310895
966956874,SayHello,10000,310909
940261530,SayHello,10000,313264
673059489,SayHello,10000,309482
863019515,SayHello,10000,309516
695340526,SayHello,10000,308431
490017146,SayHello,10000,302967
621020965,SayHello,10000,324952
497604639,SayHello,10000,308431
119853870,SayHello,10000,309552
723153124,SayHello,10000,301859
548803505,SayHello,10000,305114
866509138,SayHello,10000,300718
667675108,SayHello,10000,299568
518407424,SayHello,10000,306271
272725906,SayHello,10000,309599
647832682,SayHello,10000,303039
126424694,SayHello,10000,301923
137344476,SayHello,10000,298328
138811036,SayHello,10000,294024
858507728,SayHello,10000,299632
571113314,SayHello,10000,292833
437969543,SayHello,10000,299646
264606410,SayHello,10000,292771
203778431,SayHello,10000,298377
456437538,SayHello,10000,294069
84612281,SayHello,10000,290168
15619438,SayHello,10000,291591
244931285,SayHello,10000,291610
184987570,SayHello,10000,291613
847035400,SayHello,10000,288046
974725737,SayHello,10000,291647
106087173,SayHello,10000,285727
444036815,SayHello,10000,295295
260647945,SayHello,10000,299723
362507485,SayHello,10000,286918
19597561,SayHello,10000,283036
178536896,SayHello,10000,283044
592012684,SayHello,10000,281810
163312180,SayHello,10000,281808
313014394,SayHello,10000,277444
832660955,SayHello,10000,283077
231195193,SayHello,10000,281844
927126818,SayHello,10000,286873
136862304,SayHello,10000,281831
862443491,SayHello,10000,279576
113519920,SayHello,10000,286968
640265144,SayHello,10000,325199
711381712,SayHello,10000,327452
771897335,SayHello,10000,321986
265939004,SayHello,10000,317482
48290094,SayHello,10000,323132
750838210,SayHello,10000,326362
913164867,SayHello,10000,318656
990448170,SayHello,10000,315145
604632412,SayHello,10000,316384
112224371,SayHello,10000,319813
3754031,SayHello,10000,315144
169176212,SayHello,10000,315138
171544830,SayHello,10000,320917
236725085,SayHello,10000,314041
906191015,SayHello,10000,316400
776200116,SayHello,10000,317546
533815058,SayHello,10000,314046
471519932,SayHello,10000,319845
16357243,SayHello,10000,314030
577745849,SayHello,10000,317582
884527984,SayHello,10000,331970
763568325,SayHello,10000,314079
164764680,SayHello,10000,314086
290505584,SayHello,10000,312669
592501790,SayHello,10000,314118
740490352,SayHello,10000,312680
42849328,SayHello,10000,306172
249754114,SayHello,10000,306158
373078229,SayHello,10000,307355
797968668,SayHello,10000,303911
221848758,SayHello,10000,306234
196864082,SayHello,10000,302203
963604955,SayHello,10000,318870
264710663,SayHello,10000,309590
497739454,SayHello,10000,306261
811424518,SayHello,10000,302238
686379655,SayHello,10000,306284
169658077,SayHello,10000,303294
461523237,SayHello,10000,296640
296397029,SayHello,10000,296652
319132879,SayHello,10000,308513
271977184,SayHello,10000,295595
405114477,SayHello,10000,295604
67640573,SayHello,10000,299136
540256999,SayHello,10000,370276
448468420,SayHello,10000,351437
115080206,SayHello,10000,348130
569347366,SayHello,10000,345839
679457056,SayHello,10000,344700
664956180,SayHello,10000,343562
851325035,SayHello,10000,342428
130623058,SayHello,10000,342431
502657549,SayHello,10000,351256
576145052,SayHello,10000,342368
687816388,SayHello,10000,341227
96937595,SayHello,10000,347038
236124113,SayHello,10000,334961
506510174,SayHello,10000,337091
42629466,SayHello,10000,331749
214866246,SayHello,10000,331757
568727348,SayHello,10000,329439
995649452,SayHello,10000,330610
836233628,SayHello,10000,341287
749637133,SayHello,10000,325976
278141958,SayHello,10000,357295
495393624,SayHello,10000,329454
7015187,SayHello,10000,324846
918668358,SayHello,10000,320520
989284756,SayHello,10000,329460
659268983,SayHello,10000,354031
141290549,SayHello,10000,327153
597974076,SayHello,10000,320438
297834076,SayHello,10000,322676
995849024,SayHello,10000,316589
307136505,SayHello,10000,319124
863856565,SayHello,10000,320484
352134396,SayHello,10000,317955
70821956,SayHello,10000,344903
310532434,SayHello,10000,315387
218049017,SayHello,10000,315402
247774041,SayHello,10000,317977
925062476,SayHello,10000,314248
442043489,SayHello,10000,316583
192497856,SayHello,10000,320534
173056345,SayHello,10000,313088
804208239,SayHello,10000,309685
201756972,SayHello,10000,337285
482975837,SayHello,10000,318064
245293030,SayHello,10000,309622
643273626,SayHello,10000,314331
930783681,SayHello,10000,310938
627930391,SayHello,10000,309633
461457036,SayHello,10000,304644
224487710,SayHello,10000,309776
8354231,SayHello,10000,307382
347193696,SayHello,10000,313178
890326484,SayHello,10000,308551
231877146,SayHello,10000,304659
102354371,SayHello,10000,303141
491385766,SayHello,10000,309775
717743856,SayHello,10000,304671
87191663,SayHello,10000,304677
824311246,SayHello,10000,300881
418034882,SayHello,10000,304714
850162576,SayHello,10000,301054
777165950,SayHello,10000,308785
57420320,SayHello,10000,332189
48234412,SayHello,10000,333505
322664175,SayHello,10000,328867
71180335,SayHello,10000,333524
660221768,SayHello,10000,333538
581837455,SayHello,10000,331065
682081614,SayHello,10000,332222
190072174,SayHello,10000,324547
659385256,SayHello,10000,326737
686756263,SayHello,10000,326720
346222815,SayHello,10000,333571
562240390,SayHello,10000,321264
176757331,SayHello,10000,320121
224328234,SayHello,10000,317996
399707687,SayHello,10000,322423
985491978,SayHello,10000,336915
353473574,SayHello,10000,322434
189849319,SayHello,10000,320147
627782425,SayHello,10000,318037
29326111,SayHello,10000,315636
361791379,SayHello,10000,315722
466338341,SayHello,10000,316845
507997491,SayHello,10000,315660
815101700,SayHello,10000,315732
469301279,SayHello,10000,313310
822874817,SayHello,10000,318098
461501753,SayHello,10000,315690
306676949,SayHello,10000,324692
722319578,SayHello,10000,314472
509820505,SayHello,10000,313332
352949453,SayHello,10000,314467
4245434,SayHello,10000,311001
399243059,SayHello,10000,309869
7028569,SayHello,10000,313334
768783287,SayHello,10000,308650
628359245,SayHello,10000,307497
585713998,SayHello,10000,335902
848713608,SayHello,10000,309747
104287736,SayHello,10000,312245
108439932,SayHello,10000,316931
611496660,SayHello,10000,307535
180273781,SayHello,10000,307543
661118910,SayHello,10000,312257
982479390,SayHello,10000,304146
478310444,SayHello,10000,303006
573177869,SayHello,10000,309945
100606134,SayHello,10000,301901
823006387,SayHello,10000,303014
810816140,SayHello,10000,300743
524626612,SayHello,10000,306370
909490188,SayHello,10000,300753
345249764,SayHello,10000,306377
146776317,SayHello,10000,301877
981546789,SayHello,10000,306406
905825306,SayHello,10000,300781
942015493,SayHello,10000,299506
740534666,SayHello,10000,301905
714797595,SayHello,10000,298386
345468786,SayHello,10000,303119
303220202,SayHello,10000,293969
409378404,SayHello,10000,295144
456168183,SayHello,10000,293972
923694081,SayHello,10000,285348
589130518,SayHello,10000,295155
501078594,SayHello,10000,297303
88818707,SayHello,10000,295157
740868744,SayHello,10000,293978
179800633,SayHello,10000,286520
78172480,SayHello,10000,284259
536841353,SayHello,10000,283133
418291462,SayHello,10000,282004
839099769,SayHello,10000,288818
480338066,SayHello,10000,278911
203035681,SayHello,10000,287705
532728969,SayHello,10000,300905
352144445,SayHello,10000,278917
131309658,SayHello,10000,282012
905619779,SayHello,10000,285434
59977329,SayHello,10000,276877
295568441,SayHello,10000,275739
911987748,SayHello,10000,280254
460505244,SayHello,10000,346790
659623074,SayHello,10000,345619
625652453,SayHello,10000,345609
192628297,SayHello,10000,335434
875674836,SayHello,10000,346823
938257488,SayHello,10000,334303
457965144,SayHello,10000,332093
491832294,SayHello,10000,330936
336987974,SayHello,10000,350143
198673982,SayHello,10000,347991
220244274,SayHello,10000,330954
69778867,SayHello,10000,335472
981649535,SayHello,10000,328780
623087239,SayHello,10000,327597
490482811,SayHello,10000,322344
345038445,SayHello,10000,327630
849854793,SayHello,10000,334363
416213355,SayHello,10000,320535
120921927,SayHello,10000,327636
378523953,SayHello,10000,331029
711983265,SayHello,10000,316025
707832911,SayHello,10000,334396
918052645,SayHello,10000,319465
685007135,SayHello,10000,318297
388352977,SayHello,10000,328810
349175582,SayHello,10000,321673
474317609,SayHello,10000,318323
45642001,SayHello,10000,342618
409135327,SayHello,10000,343778
964187023,SayHello,10000,333946
984018392,SayHello,10000,343793
767545357,SayHello,10000,348455
396121432,SayHello,10000,340501
155410286,SayHello,10000,333809
539144420,SayHello,10000,336213
129521655,SayHello,10000,345049
401331127,SayHello,10000,332633
243325597,SayHello,10000,333833
778714470,SayHello,10000,333998
903320651,SayHello,10000,332650
708608921,SayHello,10000,345082
940982877,SayHello,10000,338428
926172676,SayHello,10000,328211
120517811,SayHello,10000,330413
202451173,SayHello,10000,325753
425852567,SayHello,10000,328225
496490919,SayHello,10000,331581
670866557,SayHello,10000,325780
245925766,SayHello,10000,326993
435926018,SayHello,10000,323354
430105317,SayHello,10000,323369
706551261,SayHello,10000,321136
837947679,SayHello,10000,325805
641496986,SayHello,10000,336356
302679160,SayHello,10000,323394
287892502,SayHello,10000,325815
519056957,SayHello,10000,328339
487857154,SayHello,10000,317675
706749322,SayHello,10000,319994
209245362,SayHello,10000,321167
38809540,SayHello,10000,324612
251270610,SayHello,10000,320013
687321384,SayHello,10000,316538
109959364,SayHello,10000,316514
643964626,SayHello,10000,315022
282575394,SayHello,10000,315301
960139702,SayHello,10000,315043
970750697,SayHello,10000,322377
369081345,SayHello,10000,312716
152326471,SayHello,10000,313859
846028504,SayHello,10000,312716
713078871,SayHello,10000,320095
373110780,SayHello,10000,312760
642840917,SayHello,10000,315385
50054371,SayHello,10000,308145
343001686,SayHello,10000,308267
523443203,SayHello,10000,310427
262847152,SayHello,10000,305892
919916917,SayHello,10000,312800
764049330,SayHello,10000,301345
25946275,SayHello,10000,303760
878843451,SayHello,10000,305920
292673286,SayHello,10000,302586
205429754,SayHello,10000,308316
116858736,SayHello,10000,308205
803669969,SayHello,10000,315440
500169091,SayHello,10000,295535
399918380,SayHello,10000,296706
301636350,SayHello,10000,297855
689195888,SayHello,10000,308252
21195527,SayHello,10000,300208
258750615,SayHello,10000,301468
369085888,SayHello,10000,297918
33320858,SayHello,10000,293322
834573574,SayHello,10000,293257
313853936,SayHello,10000,299107
180413792,SayHello,10000,293316
888496237,SayHello,10000,297917
856438007,SayHello,10000,288909
855887517,SayHello,10000,293254
932046439,SayHello,10000,288937
756781206,SayHello,10000,287748
633183626,SayHello,10000,293256
862387476,SayHello,10000,290145
281387535,SayHello,10000,288956
788085096,SayHello,10000,282120
686110400,SayHello,10000,281002
118779008,SayHello,10000,277722
821088537,SayHello,10000,286186
895160671,SayHello,10000,284389
68770109,SayHello,10000,275631
871164411,SayHello,10000,278887
952518489,SayHello,10000,275638
704967494,SayHello,10000,274385
73327951,SayHello,10000,287882
514297342,SayHello,10000,273274
749915208,SayHello,10000,272113
542722980,SayHello,10000,294708
785704364,SayHello,10000,272187
676864592,SayHello,10000,274511
58269940,SayHello,10000,275788
70527037,SayHello,10000,267732
505177352,SayHello,10000,268892
523303360,SayHello,10000,271021
254147999,SayHello,10000,336771
533609338,SayHello,10000,319713
150342630,SayHello,10000,319894
210845572,SayHello,10000,318620
982858133,SayHello,10000,309774
638180528,SayHello,10000,315353
678084288,SayHello,10000,319765
591846405,SayHello,10000,308706
885868149,SayHello,10000,309986
134164106,SayHello,10000,309997
63030865,SayHello,10000,318677
645947509,SayHello,10000,308723
19467374,SayHello,10000,309817
370491868,SayHello,10000,318676
157161368,SayHello,10000,304274
102827863,SayHello,10000,308873
401147312,SayHello,10000,305484
214224322,SayHello,10000,306679
976990491,SayHello,10000,307831
925968714,SayHello,10000,305533
962001964,SayHello,10000,320234
90569930,SayHello,10000,306704
24854995,SayHello,10000,366526
453332413,SayHello,10000,348520
804351670,SayHello,10000,350861
33889865,SayHello,10000,352191
312867661,SayHello,10000,349733
956880156,SayHello,10000,346226
79235104,SayHello,10000,344120
231434263,SayHello,10000,348544
378306949,SayHello,10000,352190
486814639,SayHello,10000,346240
27301449,SayHello,10000,344153
564322702,SayHello,10000,347462
104292619,SayHello,10000,347456
487143434,SayHello,10000,342941
490380240,SayHello,10000,338479
306257183,SayHello,10000,341734
279287526,SayHello,10000,344186
543358321,SayHello,10000,342969
998441203,SayHello,10000,338500
379540931,SayHello,10000,348624
832293412,SayHello,10000,342983
62138391,SayHello,10000,339657
912015176,SayHello,10000,335397
37552043,SayHello,10000,329801
468624148,SayHello,10000,333106
351615078,SayHello,10000,331962
93375269,SayHello,10000,328658
616935944,SayHello,10000,347560
941774388,SayHello,10000,328686
251084567,SayHello,10000,338550
384174838,SayHello,10000,325418
797868469,SayHello,10000,329856
858864586,SayHello,10000,328711
639003102,SayHello,10000,323021
244594582,SayHello,10000,321899
689314815,SayHello,10000,325332
557744141,SayHello,10000,313580
916921275,SayHello,10000,312458
934030925,SayHello,10000,327610
633015790,SayHello,10000,324212
845932359,SayHello,10000,311358
74281387,SayHello,10000,311371
745448816,SayHello,10000,324208
867453207,SayHello,10000,309233
470884387,SayHello,10000,308148
184183577,SayHello,10000,307063
965827472,SayHello,10000,309285
719156515,SayHello,10000,308190
990959990,SayHello,10000,334438
54946019,SayHello,10000,301096
344385552,SayHello,10000,304836
371696489,SayHello,10000,305968
409801229,SayHello,10000,304827
605679894,SayHello,10000,318855
476425959,SayHello,10000,342891
45461916,SayHello,10000,347090
61584276,SayHello,10000,335575
363827369,SayHello,10000,339939
393455430,SayHello,10000,333131
253981075,SayHello,10000,333165
837650533,SayHello,10000,331973
822370746,SayHello,10000,342428
479826427,SayHello,10000,330825
821741227,SayHello,10000,330819
871143378,SayHello,10000,338815
786842635,SayHello,10000,340018
104420454,SayHello,10000,329508
476116775,SayHello,10000,334449
89767865,SayHello,10000,334430
176923382,SayHello,10000,321702
527050572,SayHello,10000,330906
758451540,SayHello,10000,325118
691560225,SayHello,10000,321718
477341588,SayHello,10000,322860
994416902,SayHello,10000,326355
654695861,SayHello,10000,325173
289393350,SayHello,10000,321738
752971777,SayHello,10000,324011
321103437,SayHello,10000,319309
917981247,SayHello,10000,313575
753078080,SayHello,10000,315941
338562348,SayHello,10000,321545
470014069,SayHello,10000,311973
415500399,SayHello,10000,309590
97626485,SayHello,10000,313634
130145892,SayHello,10000,317138
531840343,SayHello,10000,313590
819570838,SayHello,10000,321588
79820456,SayHello,10000,313620
126947228,SayHello,10000,314835
961245857,SayHello,10000,313639
613678096,SayHello,10000,310843
924563313,SayHello,10000,307062
344262849,SayHello,10000,310837
684879354,SayHello,10000,308257
755214907,SayHello,10000,310860
895751302,SayHello,10000,303438
739462320,SayHello,10000,303468
891683981,SayHello,10000,317246
370234700,SayHello,10000,303526
282592733,SayHello,10000,303504
500098294,SayHello,10000,300754
88441542,SayHello,10000,300828
519069573,SayHello,10000,303463
390972918,SayHello,10000,300858
796254752,SayHello,10000,300795
216148980,SayHello,10000,309715
861718494,SayHello,10000,292762
625312985,SayHello,10000,309713
356783181,SayHello,10000,295078
69101115,SayHello,10000,292764
828242749,SayHello,10000,299721
851719384,SayHello,10000,293980
965364949,SayHello,10000,302094
806596711,SayHello,10000,298543
77978212,SayHello,10000,291627
137513616,SayHello,10000,296321
982145420,SayHello,10000,292798
441996199,SayHello,10000,288090
907066353,SayHello,10000,291640
376454423,SayHello,10000,290439
176200462,SayHello,10000,291647
820855258,SayHello,10000,292821
53350828,SayHello,10000,298557
694850339,SayHello,10000,284140
228812267,SayHello,10000,282976
913635665,SayHello,10000,287445
407806594,SayHello,10000,287477
698083052,SayHello,10000,286937
110164382,SayHello,10000,286944
123879677,SayHello,10000,290584
374320343,SayHello,10000,283072
664701815,SayHello,10000,287005
879025977,SayHello,10000,289427
232452709,SayHello,10000,352481
331536222,SayHello,10000,349040
61763060,SayHello,10000,344288
43591176,SayHello,10000,349051
589449373,SayHello,10000,340907
941409696,SayHello,10000,353700
206589023,SayHello,10000,342130
436527653,SayHello,10000,351366
279162349,SayHello,10000,350235
702956078,SayHello,10000,336733
740579141,SayHello,10000,350234
61127624,SayHello,10000,336760
55186335,SayHello,10000,347864
915226021,SayHello,10000,347876
803058007,SayHello,10000,347945
767315182,SayHello,10000,346526
645688843,SayHello,10000,340964
108005451,SayHello,10000,347926
733047098,SayHello,10000,331973
150424804,SayHello,10000,333175
150202656,SayHello,10000,340964
608153145,SayHello,10000,330832
265667966,SayHello,10000,353814
479047886,SayHello,10000,341054
121004075,SayHello,10000,328540
726084653,SayHello,10000,335590
247387128,SayHello,10000,333233
117137649,SayHello,10000,334436
847369633,SayHello,10000,335617
604733960,SayHello,10000,341069
169187521,SayHello,10000,330880
916775597,SayHello,10000,332034
467801781,SayHello,10000,332087
106266609,SayHello,10000,332092
775170956,SayHello,10000,336940
238052397,SayHello,10000,327455
658318845,SayHello,10000,329774
766201802,SayHello,10000,328618
52942749,SayHello,10000,325270
695164874,SayHello,10000,324451
495868534,SayHello,10000,329810
21851356,SayHello,10000,346185
522758279,SayHello,10000,340728
570231437,SayHello,10000,343078
775663434,SayHello,10000,337153
99138075,SayHello,10000,338435
737823093,SayHello,10000,341934
206476744,SayHello,10000,347344
574090602,SayHello,10000,338471
200974526,SayHello,10000,347363
536163041,SayHello,10000,336064
907845209,SayHello,10000,336075
929795292,SayHello,10000,337210
865863619,SayHello,10000,339689
358882357,SayHello,10000,334781
265409891,SayHello,10000,347426
970907654,SayHello,10000,336102
188624417,SayHello,10000,333686
369532247,SayHello,10000,332565
597722714,SayHello,10000,334843
157828853,SayHello,10000,338586
89003148,SayHello,10000,329254
563524266,SayHello,10000,324153
591734629,SayHello,10000,332605
638884154,SayHello,10000,320905
436219834,SayHello,10000,333805
320941093,SayHello,10000,320915
623827869,SayHello,10000,333837
833260069,SayHello,10000,319845
538084698,SayHello,10000,330565
404038594,SayHello,10000,319881
832148391,SayHello,10000,317554
357482679,SayHello,10000,320989
298327449,SayHello,10000,318722
125838762,SayHello,10000,329436
933219302,SayHello,10000,317569
181610704,SayHello,10000,318746
626047114,SayHello,10000,316379
911314813,SayHello,10000,318773
549808563,SayHello,10000,316383
542992459,SayHello,10000,306981
873551588,SayHello,10000,315272
343102737,SayHello,10000,314125
153531934,SayHello,10000,323242
363091131,SayHello,10000,316431
482461598,SayHello,10000,302680
433157144,SayHello,10000,299357
195472550,SayHello,10000,314115
144041284,SayHello,10000,300526
961821804,SayHello,10000,303903
911247770,SayHello,10000,303915
560788014,SayHello,10000,299384
433855299,SayHello,10000,298209
596228079,SayHello,10000,295963
880025607,SayHello,10000,298232
571381523,SayHello,10000,295932
302413957,SayHello,10000,314196
479828304,SayHello,10000,293599
168432058,SayHello,10000,293599
126913944,SayHello,10000,300633
490100901,SayHello,10000,297157
216620129,SayHello,10000,289078
654653907,SayHello,10000,298257
736938104,SayHello,10000,289090
393425279,SayHello,10000,290273
347105589,SayHello,10000,293675
935022659,SayHello,10000,294827
847726612,SayHello,10000,286871
559951657,SayHello,10000,291479
374110693,SayHello,10000,291472
150472404,SayHello,10000,286885
497548629,SayHello,10000,288047
946551053,SayHello,10000,285638
388698583,SayHello,10000,286892
796003429,SayHello,10000,282303
186155256,SayHello,10000,280064
919369341,SayHello,10000,281202
709092159,SayHello,10000,275744
586097467,SayHello,10000,283412
889392696,SayHello,10000,276899
800787550,SayHello,10000,273410
756198857,SayHello,10000,285746
886454795,SayHello,10000,275796
961033135,SayHello,10000,273392
971302030,SayHello,10000,270212
558241826,SayHello,10000,277994
331338958,SayHello,10000,284616
578551984,SayHello,10000,289271
401997098,SayHello,10000,270134
833805625,SayHello,10000,275814
782980812,SayHello,10000,273433
546796709,SayHello,10000,270114
964459268,SayHello,10000,267873
722205902,SayHello,10000,275905
585836222,SayHello,10000,267903
54326643,SayHello,10000,269121
583775997,SayHello,10000,289410
790704583,SayHello,10000,265729
844219664,SayHello,10000,269390
74261748,SayHello,10000,263633
70508862,SayHello,10000,269428
740844148,SayHello,10000,310930
603759305,SayHello,10000,310796
457391028,SayHello,10000,310944
8387368,SayHello,10000,313341
250890585,SayHello,10000,320755
51238294,SayHello,10000,314575
284566506,SayHello,10000,309766
816164866,SayHello,10000,322097
772629154,SayHello,10000,304002
493832765,SayHello,10000,312188
738834437,SayHello,10000,305185
699132297,SayHello,10000,304024
159231281,SayHello,10000,304042
352115018,SayHello,10000,308637
690700302,SayHello,10000,298082
14023104,SayHello,10000,303797
208238292,SayHello,10000,299256
723223209,SayHello,10000,296879
631320968,SayHello,10000,306390
383989993,SayHello,10000,325562
755468755,SayHello,10000,307551
400079696,SayHello,10000,302901
516049347,SayHello,10000,342872
678934792,SayHello,10000,340601
740804477,SayHello,10000,340617
494779284,SayHello,10000,341807
670261720,SayHello,10000,342975
887139285,SayHello,10000,337198
278060803,SayHello,10000,341822
126750916,SayHello,10000,338360
343253824,SayHello,10000,336084
425956932,SayHello,10000,339520
89522141,SayHello,10000,331939
645983229,SayHello,10000,327490
274842043,SayHello,10000,327510
978041954,SayHello,10000,339554
976552232,SayHello,10000,326372
573883443,SayHello,10000,331983
689722591,SayHello,10000,329702
344619803,SayHello,10000,336088
377593560,SayHello,10000,325256
483059753,SayHello,10000,327544
54972497,SayHello,10000,321942
796001721,SayHello,10000,323108
104421502,SayHello,10000,320798
311776910,SayHello,10000,330883
402479503,SayHello,10000,316233
936455918,SayHello,10000,323183
136345717,SayHello,10000,319692
572563313,SayHello,10000,318550
998559024,SayHello,10000,306578
412308640,SayHello,10000,315122
286735746,SayHello,10000,317405
231706879,SayHello,10000,320877
352488451,SayHello,10000,304317
140532768,SayHello,10000,311816
568352066,SayHello,10000,303154
220149909,SayHello,10000,306629
929593349,SayHello,10000,302066
305593674,SayHello,10000,304343
7435049,SayHello,10000,303170
221624745,SayHello,10000,304347
861055808,SayHello,10000,315227
506388965,SayHello,10000,313045
818159497,SayHello,10000,303207
471568259,SayHello,10000,298865
378420454,SayHello,10000,297680
388439588,SayHello,10000,296426
899358906,SayHello,10000,305577
94923840,SayHello,10000,303307
265079863,SayHello,10000,300091
980461151,SayHello,10000,294316
904891420,SayHello,10000,297791
941006849,SayHello,10000,297810
99191695,SayHello,10000,294438
973279924,SayHello,10000,341954
372695445,SayHello,10000,336324
674697013,SayHello,10000,334018
885700363,SayHello,10000,335185
364067132,SayHello,10000,332866
875549260,SayHello,10000,335188
796657228,SayHello,10000,332876
336120415,SayHello,10000,331719
426470095,SayHello,10000,330504
651087293,SayHello,10000,334043
536033731,SayHello,10000,331746
295852305,SayHello,10000,330519
552770950,SayHello,10000,336423
19784643,SayHello,10000,330514
351651362,SayHello,10000,329433
565856871,SayHello,10000,335241
301535009,SayHello,10000,328281
341346348,SayHello,10000,322832
23614939,SayHello,10000,340572
401635795,SayHello,10000,330640
7487199,SayHello,10000,322837
975777264,SayHello,10000,327169
773914669,SayHello,10000,325028
190165667,SayHello,10000,321646
513623726,SayHello,10000,325025
734055254,SayHello,10000,319391
937100107,SayHello,10000,314811
509834028,SayHello,10000,315966
683352182,SayHello,10000,314824
865429651,SayHello,10000,320579
295971917,SayHello,10000,319416
640821573,SayHello,10000,320579
927380403,SayHello,10000,313629
559428926,SayHello,10000,321768
314328930,SayHello,10000,318270
818137506,SayHello,10000,312518
171698815,SayHello,10000,313721
378229134,SayHello,10000,304914
173574738,SayHello,10000,313633
881649970,SayHello,10000,322942
155114673,SayHello,10000,312536
585465474,SayHello,10000,307046
290396922,SayHello,10000,317176
784056033,SayHello,10000,301487
845958689,SayHello,10000,307058
794324237,SayHello,10000,301487
919331786,SayHello,10000,313677
70842009,SayHello,10000,298852
404769385,SayHello,10000,299987
718832829,SayHello,10000,311447
458563699,SayHello,10000,301534
479887195,SayHello,10000,301516
381015115,SayHello,10000,298760
70718872,SayHello,10000,307117
313017043,SayHello,10000,296510
572652943,SayHello,10000,308282
723358449,SayHello,10000,300012
904838789,SayHello,10000,301555
350170243,SayHello,10000,296522
483991553,SayHello,10000,294391
728045476,SayHello,10000,297646
142846490,SayHello,10000,294377
860182639,SayHello,10000,298812
525593469,SayHello,10000,293192
328690983,SayHello,10000,300071
694689725,SayHello,10000,293216
231457858,SayHello,10000,292066
129039065,SayHello,10000,353252
664931598,SayHello,10000,356748
503941542,SayHello,10000,359250
724126535,SayHello,10000,355565
745227448,SayHello,10000,357941
476655158,SayHello,10000,353300
163847758,SayHello,10000,351173
906413719,SayHello,10000,355581
32179269,SayHello,10000,344431
438777107,SayHello,10000,346588
622046158,SayHello,10000,354472
943322319,SayHello,10000,359292
380519211,SayHello,10000,354498
588246005,SayHello,10000,343234
469563857,SayHello,10000,355598
997270866,SayHello,10000,360513
38129081,SayHello,10000,340118
15018718,SayHello,10000,344490
276485186,SayHello,10000,338945
936626408,SayHello,10000,337792
337856502,SayHello,10000,343307
253501748,SayHello,10000,347824
815127523,SayHello,10000,335562
84926151,SayHello,10000,335578
570508117,SayHello,10000,335542
92150953,SayHello,10000,350127
527546833,SayHello,10000,344527
872983702,SayHello,10000,335603
25522969,SayHello,10000,349025
15747138,SayHello,10000,326788
204839290,SayHello,10000,331058
392990418,SayHello,10000,332230
27033460,SayHello,10000,333393
921597197,SayHello,10000,323288
867708394,SayHello,10000,322146
49415160,SayHello,10000,326817
188386243,SayHello,10000,324513
155368665,SayHello,10000,325732
87198798,SayHello,10000,329018
641390516,SayHello,10000,322240
864183181,SayHello,10000,319709
649602901,SayHello,10000,325740
766328581,SayHello,10000,319735
269828580,SayHello,10000,316562
793411937,SayHello,10000,345483
685883996,SayHello,10000,354996
469309120,SayHello,10000,338035
769521050,SayHello,10000,336819
582652088,SayHello,10000,334418
409909053,SayHello,10000,334437
557776433,SayHello,10000,339198
873674644,SayHello,10000,338056
510873719,SayHello,10000,340354
145805053,SayHello,10000,330012
423785153,SayHello,10000,330012
950449316,SayHello,10000,332325
511624646,SayHello,10000,335730
857571566,SayHello,10000,335745
929368535,SayHello,10000,330065
14166552,SayHello,10000,328752
765649393,SayHello,10000,328763
608885071,SayHello,10000,326421
957958194,SayHello,10000,325306
502786737,SayHello,10000,327580
401180573,SayHello,10000,327579
814935113,SayHello,10000,324141
582869534,SayHello,10000,325326
385748442,SayHello,10000,324166
298940958,SayHello,10000,339341
709837153,SayHello,10000,319844
586268837,SayHello,10000,331306
12649158,SayHello,10000,314202
51776267,SayHello,10000,324213
401015761,SayHello,10000,324167
241838449,SayHello,10000,318679
97181496,SayHello,10000,323063
453489535,SayHello,10000,318699
479770501,SayHello,10000,316420
500981205,SayHello,10000,314237
63512403,SayHello,10000,323081
325000294,SayHello,10000,308819
320745620,SayHello,10000,317574
105878948,SayHello,10000,330202
318324722,SayHello,10000,313104
224491029,SayHello,10000,307669
26418524,SayHello,10000,308792
495707231,SayHello,10000,307693
274796142,SayHello,10000,301169
613025257,SayHello,10000,303307
205445777,SayHello,10000,311009
251496433,SayHello,10000,300071
727170441,SayHello,10000,308805
817209482,SayHello,10000,297923
938222914,SayHello,10000,318790
190113524,SayHello,10000,306503
66734176,SayHello,10000,297928
378155787,SayHello,10000,301228
533702296,SayHello,10000,296858
616765253,SayHello,10000,294673
895431218,SayHello,10000,296893
157852095,SayHello,10000,290212
862982963,SayHello,10000,313249
118622917,SayHello,10000,307808
99699837,SayHello,10000,293504
930180631,SayHello,10000,289085
677867817,SayHello,10000,291382
344650445,SayHello,10000,294715
512741802,SayHello,10000,288004
2127385,SayHello,10000,287961
568992952,SayHello,10000,291409
186528268,SayHello,10000,286708
562118707,SayHello,10000,286709
222893572,SayHello,10000,285463
130810245,SayHello,10000,285445
605005545,SayHello,10000,285459
371900643,SayHello,10000,287989
855455857,SayHello,10000,288021
231029500,SayHello,10000,284123
970006500,SayHello,10000,281734
108959551,SayHello,10000,284144
266143925,SayHello,10000,288045
58449227,SayHello,10000,276314
452374544,SayHello,10000,283995
103448670,SayHello,10000,284000
573813763,SayHello,10000,279616
169023492,SayHello,10000,277468
703624994,SayHello,10000,298165
178303619,SayHello,10000,276320
654130722,SayHello,10000,274133
551650879,SayHello,10000,284012
121428008,SayHello,10000,273097
764743666,SayHello,10000,273111
755086522,SayHello,10000,271985
612883116,SayHello,10000,273112
973108191,SayHello,10000,268371
780526024,SayHello,10000,270730
821742880,SayHello,10000,274214
615198119,SayHello,10000,263800
327638177,SayHello,10000,270787
152168289,SayHello,10000,266202
505624712,SayHello,10000,272067
751024409,SayHello,10000,266267
135067103,SayHello,10000,261687
28420406,SayHello,10000,265175
131632404,SayHello,10000,261896
890555244,SayHello,10000,260692
768653951,SayHello,10000,269883
998115981,SayHello,10000,283334
222036991,SayHello,10000,334409
328863454,SayHello,10000,318603
869640433,SayHello,10000,316170
433796543,SayHello,10000,318611
267752367,SayHello,10000,312838
15564156,SayHello,10000,312845
313739739,SayHello,10000,318656
965056772,SayHello,10000,312884
463004804,SayHello,10000,322848
266960790,SayHello,10000,317407
903011635,SayHello,10000,314066
173850806,SayHello,10000,311696
490714863,SayHello,10000,311751
682654116,SayHello,10000,350692
170244241,SayHello,10000,352166
627911307,SayHello,10000,350035
91786660,SayHello,10000,352192
138468008,SayHello,10000,345595
757848801,SayHello,10000,348971
602792172,SayHello,10000,350068
614924350,SayHello,10000,344192
18792456,SayHello,10000,345649
692809225,SayHello,10000,345615
973934604,SayHello,10000,350767
98526562,SayHello,10000,352209
972114820,SayHello,10000,346836
973659090,SayHello,10000,339682
725405468,SayHello,10000,343006
206818449,SayHello,10000,338452
770705944,SayHello,10000,350814
776026186,SayHello,10000,337218
582993725,SayHello,10000,345683
269803162,SayHello,10000,337250
602090458,SayHello,10000,336014
623220809,SayHello,10000,343064
894891164,SayHello,10000,333864
268575811,SayHello,10000,343096
121377562,SayHello,10000,337374
305201335,SayHello,10000,338516
977589862,SayHello,10000,339779
772844838,SayHello,10000,339808
32820112,SayHello,10000,326287
828777356,SayHello,10000,332754
429985714,SayHello,10000,327414
125604776,SayHello,10000,327421
530295552,SayHello,10000,329635
404354534,SayHello,10000,326269
131227310,SayHello,10000,326333
647259639,SayHello,10000,323876
173261155,SayHello,10000,326340
282521985,SayHello,10000,343205
40360524,SayHello,10000,327491
713563008,SayHello,10000,319385
943932460,SayHello,10000,321490
695638549,SayHello,10000,323911
440148722,SayHello,10000,322761
377373881,SayHello,10000,326378
676251036,SayHello,10000,321573
439602966,SayHello,10000,337430
519702769,SayHello,10000,322784
759275874,SayHello,10000,321620
428407823,SayHello,10000,318275
410324779,SayHello,10000,321630
574482258,SayHello,10000,317160
493333926,SayHello,10000,319446
274191791,SayHello,10000,317161
614007164,SayHello,10000,314906
816911209,SayHello,10000,310776
696319936,SayHello,10000,318340
282071371,SayHello,10000,316030
679493441,SayHello,10000,303565
674789520,SayHello,10000,303571
117968418,SayHello,10000,308713
406346255,SayHello,10000,300054
938172346,SayHello,10000,303582
641426624,SayHello,10000,303582
617463487,SayHello,10000,302434
121561156,SayHello,10000,300060
924164257,SayHello,10000,300075
103335527,SayHello,10000,301260
798597701,SayHello,10000,302452
305897182,SayHello,10000,298845
184174436,SayHello,10000,298839
460096243,SayHello,10000,297661
893329214,SayHello,10000,296544
234715801,SayHello,10000,301325
913457266,SayHello,10000,296561
909287484,SayHello,10000,293430
891948638,SayHello,10000,297780
637072138,SayHello,10000,291741
366525025,SayHello,10000,291753
665598170,SayHello,10000,290596
351255019,SayHello,10000,289478
654674394,SayHello,10000,290611
980905604,SayHello,10000,289520
326781213,SayHello,10000,286231
464213299,SayHello,10000,289497
889462209,SayHello,10000,289513
983456984,SayHello,10000,316383
382500716,SayHello,10000,286311
648704845,SayHello,10000,297964
330055951,SayHello,10000,291939
227631739,SayHello,10000,288516
358179021,SayHello,10000,331982
863030749,SayHello,10000,332020
214525397,SayHello,10000,331993
548714152,SayHello,10000,330847
208504193,SayHello,10000,330809
204358639,SayHello,10000,327546
281894403,SayHello,10000,327559
817911967,SayHello,10000,333207
942810860,SayHello,10000,330884
964376519,SayHello,10000,328742
716918267,SayHello,10000,318856
517069961,SayHello,10000,330930
520000093,SayHello,10000,317706
597277893,SayHello,10000,323313
694888794,SayHello,10000,322103
381734302,SayHello,10000,314497
281705732,SayHello,10000,318896
481130400,SayHello,10000,317716
717277767,SayHello,10000,323343
735193968,SayHello,10000,325513
202785263,SayHello,10000,311346
254312700,SayHello,10000,317763
985725775,SayHello,10000,316669
169358994,SayHello,10000,330979
590615035,SayHello,10000,304662
118281496,SayHello,10000,322182
956668441,SayHello,10000,310247
814650211,SayHello,10000,305851
353148510,SayHello,10000,309148
381788758,SayHello,10000,310276
636930814,SayHello,10000,311430
19586545,SayHello,10000,305876
23505377,SayHello,10000,301415
14785675,SayHello,10000,308049
776601212,SayHello,10000,304738
445995182,SayHello,10000,304713
891579641,SayHello,10000,304728
863552434,SayHello,10000,303631
103914582,SayHello,10000,294916
348389557,SayHello,10000,301448
34517210,SayHello,10000,297056
393617017,SayHello,10000,297148
823675535,SayHello,10000,300390
362419467,SayHello,10000,299311
297362461,SayHello,10000,300396
292684046,SayHello,10000,294977
494105630,SayHello,10000,297139
454759135,SayHello,10000,293848
703175821,SayHello,10000,297198
475578216,SayHello,10000,292760
60675501,SayHello,10000,291752
162522989,SayHello,10000,300572
449023082,SayHello,10000,292973
984072994,SayHello,10000,348274
987261490,SayHello,10000,338207
834227014,SayHello,10000,339308
355808411,SayHello,10000,339490
734924114,SayHello,10000,332911
641264874,SayHello,10000,341653
297327369,SayHello,10000,332918
918776052,SayHello,10000,338261
32556237,SayHello,10000,331822
97244647,SayHello,10000,331847
419467184,SayHello,10000,339522
110194516,SayHello,10000,329623
188782804,SayHello,10000,338278
997943045,SayHello,10000,332969
162655736,SayHello,10000,329642
470493700,SayHello,10000,326514
688546156,SayHello,10000,337192
558538858,SayHello,10000,341723
941834023,SayHello,10000,329652
216411353,SayHello,10000,330788
890317296,SayHello,10000,318969
125812271,SayHello,10000,323314
58328564,SayHello,10000,324426
24590369,SayHello,10000,321102
483828035,SayHello,10000,311584
75793480,SayHello,10000,322243
755403735,SayHello,10000,339635
425617385,SayHello,10000,316878
503498970,SayHello,10000,333083
85879605,SayHello,10000,314779
924662501,SayHello,10000,302041
694989340,SayHello,10000,302031
263848162,SayHello,10000,302044
568261813,SayHello,10000,316906
708788259,SayHello,10000,295646
687320849,SayHello,10000,319063
143119913,SayHello,10000,302085
261321758,SayHello,10000,299961
333199193,SayHello,10000,294469
317195497,SayHello,10000,305240
293116932,SayHello,10000,307402
585296142,SayHello,10000,292213
992669584,SayHello,10000,295594
477646307,SayHello,10000,295871
844595998,SayHello,10000,344361
921410962,SayHello,10000,309744
818580741,SayHello,10000,294737
453365429,SayHello,10000,315490
693416215,SayHello,10000,312190
208767630,SayHello,10000,316652
497431033,SayHello,10000,314366
540319091,SayHello,10000,301544
111531334,SayHello,10000,312191
173494075,SayHello,10000,309835
746871571,SayHello,10000,312214
955520581,SayHello,10000,312195
335982096,SayHello,10000,300405
624233525,SayHello,10000,311948
886255323,SayHello,10000,308712
147106039,SayHello,10000,292657
671461861,SayHello,10000,316740
382122580,SayHello,10000,299257
826325870,SayHello,10000,299251
257281041,SayHello,10000,294985
40539875,SayHello,10000,312273
36233641,SayHello,10000,293846
314638421,SayHello,10000,300460
615558827,SayHello,10000,309928
849157548,SayHello,10000,295052
859442070,SayHello,10000,291535
518564451,SayHello,10000,288151
327039464,SayHello,10000,291565
146136415,SayHello,10000,299318
524460390,SayHello,10000,288157
503629042,SayHello,10000,290437
180489579,SayHello,10000,290419
60791950,SayHello,10000,295086
118610818,SayHello,10000,291607
416158339,SayHello,10000,283526
35440957,SayHello,10000,295140
667993658,SayHello,10000,289347
578888312,SayHello,10000,287033
100399073,SayHello,10000,277868
745270393,SayHello,10000,287037
600802464,SayHello,10000,280400
639144074,SayHello,10000,277879
938724391,SayHello,10000,280400
80970239,SayHello,10000,277891
767269486,SayHello,10000,287079
867334302,SayHello,10000,277929
10285085,SayHello,10000,273346
556845714,SayHello,10000,283623
854321259,SayHello,10000,273356
986346422,SayHello,10000,275535
930099052,SayHello,10000,272107
926782814,SayHello,10000,285869
686449504,SayHello,10000,275572
451685254,SayHello,10000,264830
773942695,SayHello,10000,272150
729036141,SayHello,10000,262606
872543076,SayHello,10000,264864
576530618,SayHello,10000,272160
376196785,SayHello,10000,272184
815588842,SayHello,10000,265986
224571864,SayHello,10000,272221
571632671,SayHello,10000,266035
641006266,SayHello,10000,259104
981073575,SayHello,10000,260254
358416783,SayHello,10000,261489
430031647,SayHello,10000,259128
759192732,SayHello,10000,261483
527225992,SayHello,10000,290662
875942065,SayHello,10000,255814
690780872,SayHello,10000,263832
182784808,SayHello,10000,260303
736169481,SayHello,10000,251282
884593972,SayHello,10000,252708
389766507,SayHello,10000,258049
119553467,SayHello,10000,248622
234166539,SayHello,10000,245465
430062518,SayHello,10000,311200
14903527,SayHello,10000,311145
965216244,SayHello,10000,300171
290997998,SayHello,10000,331897
846674530,SayHello,10000,309982
561014564,SayHello,10000,306470
488333574,SayHello,10000,307680
83010629,SayHello,10000,307662
61711688,SayHello,10000,305361
201367655,SayHello,10000,296829
226887694,SayHello,10000,299158
402437919,SayHello,10000,306626
754976406,SayHello,10000,309006
199441218,SayHello,10000,298217
494083621,SayHello,10000,323671
209431552,SayHello,10000,321383
516314661,SayHello,10000,324386
217153881,SayHello,10000,324423
793595297,SayHello,10000,312604
382576523,SayHello,10000,320229
716194799,SayHello,10000,315699
638962645,SayHello,10000,315694
549461514,SayHello,10000,320246
466815644,SayHello,10000,311510
283577645,SayHello,10000,315791
479213409,SayHello,10000,316961
162931946,SayHello,10000,321452
409751383,SayHello,10000,311512
170662244,SayHello,10000,322559
511196498,SayHello,10000,305071
511514068,SayHello,10000,306270
53832599,SayHello,10000,311523
252123613,SayHello,10000,305116
279758445,SayHello,10000,301841
272437956,SayHello,10000,319175
498930677,SayHello,10000,301848
171436174,SayHello,10000,301804
405631947,SayHello,10000,315816
714979538,SayHello,10000,301855
185668450,SayHello,10000,301830
95132507,SayHello,10000,301837
59701410,SayHello,10000,300755
289876018,SayHello,10000,298647
168902450,SayHello,10000,296483
756277512,SayHello,10000,298675
591532846,SayHello,10000,301918
406528136,SayHello,10000,296516
83238589,SayHello,10000,298678
393921327,SayHello,10000,288931
426783210,SayHello,10000,294249
225662107,SayHello,10000,286822
837806662,SayHello,10000,291107
956223918,SayHello,10000,296575
898494574,SayHello,10000,291127
661269770,SayHello,10000,286834
417208922,SayHello,10000,294277
989448233,SayHello,10000,282252
122247467,SayHello,10000,284440
71399000,SayHello,10000,281134
674843125,SayHello,10000,275978
637158989,SayHello,10000,304192
209031814,SayHello,10000,284475
101168086,SayHello,10000,271220
102168740,SayHello,10000,285735
286966786,SayHello,10000,285746
899579398,SayHello,10000,276028
765629459,SayHello,10000,276031
466975586,SayHello,10000,276027
546420150,SayHello,10000,270109
25838490,SayHello,10000,274637
550463429,SayHello,10000,270145
63584547,SayHello,10000,272481
528799946,SayHello,10000,285823
111808580,SayHello,10000,270129
803258594,SayHello,10000,270188
698431758,SayHello,10000,265642
878852658,SayHello,10000,267852
723442620,SayHello,10000,267849
829459480,SayHello,10000,263437
378029460,SayHello,10000,262229
30694907,SayHello,10000,276176
825010680,SayHello,10000,262254
943385139,SayHello,10000,255375
582419433,SayHello,10000,259582
912895643,SayHello,10000,262372
981734159,SayHello,10000,262364
384001969,SayHello,10000,274813
340819281,SayHello,10000,251736
635424255,SayHello,10000,254184
440684700,SayHello,10000,255287
518601188,SayHello,10000,252933
894217281,SayHello,10000,245526
50744574,SayHello,10000,254240
668267339,SayHello,10000,245573
388991571,SayHello,10000,245721
838165440,SayHello,10000,255475
672177952,SayHello,10000,264812
84555967,SayHello,10000,262665
331703330,SayHello,10000,297878
713435358,SayHello,10000,295596
233578448,SayHello,10000,295615
777367459,SayHello,10000,297890
739413874,SayHello,10000,300104
400282324,SayHello,10000,296800
193208538,SayHello,10000,294440
113964724,SayHello,10000,294415
712703093,SayHello,10000,280827
840517368,SayHello,10000,291194
509414198,SayHello,10000,284403
129827216,SayHello,10000,288018
2237884,SayHello,10000,288045
416631125,SayHello,10000,278440
839122719,SayHello,10000,286868
243880582,SayHello,10000,285658
574744667,SayHello,10000,282133
278707760,SayHello,10000,282117
516106239,SayHello,10000,278437
248038521,SayHello,10000,280888
110308732,SayHello,10000,280949
845824918,SayHello,10000,284522
505765310,SayHello,10000,277340
136785951,SayHello,10000,286949
147057501,SayHello,10000,277399
778419227,SayHello,10000,277379
161436429,SayHello,10000,275775
201205872,SayHello,10000,278559
319194119,SayHello,10000,273061
761100872,SayHello,10000,278589
552532552,SayHello,10000,326172
83774680,SayHello,10000,326180
467145260,SayHello,10000,317347
757283327,SayHello,10000,321661
615387673,SayHello,10000,324892
86247235,SayHello,10000,316194
47028571,SayHello,10000,326217
446197327,SayHello,10000,316200
110152739,SayHello,10000,324933
958032920,SayHello,10000,329005
763105066,SayHello,10000,311769
642541024,SayHello,10000,312931
413140169,SayHello,10000,322813
770244538,SayHello,10000,318573
611536895,SayHello,10000,315089
700247575,SayHello,10000,310633
959726353,SayHello,10000,310671
61653732,SayHello,10000,311841
289017922,SayHello,10000,313028
125016233,SayHello,10000,306390
629676207,SayHello,10000,306399
975858054,SayHello,10000,308588
545433105,SayHello,10000,296639
421703178,SayHello,10000,304151
801835902,SayHello,10000,310717
501353486,SayHello,10000,298855
473621721,SayHello,10000,311906
93105018,SayHello,10000,294340
173094572,SayHello,10000,298879
466087682,SayHello,10000,304165
646297780,SayHello,10000,310775
790034744,SayHello,10000,311925
224464315,SayHello,10000,293156
46289569,SayHello,10000,294519
667918918,SayHello,10000,306503
879978218,SayHello,10000,288562
87259584,SayHello,10000,296710
126955357,SayHello,10000,290926
696071668,SayHello,10000,294433
572673232,SayHello,10000,289755
780874957,SayHello,10000,306469
632173565,SayHello,10000,292094
266030225,SayHello,10000,287194
984790390,SayHello,10000,288603
858473516,SayHello,10000,288612
876564973,SayHello,10000,304330
997073178,SayHello,10000,287215
679225351,SayHello,10000,287235
33010190,SayHello,10000,285813
682602627,SayHello,10000,288503
335242386,SayHello,10000,284670
491395637,SayHello,10000,284657
987883308,SayHello,10000,283563
422732691,SayHello,10000,287323
856133611,SayHello,10000,284686
313895767,SayHello,10000,284693
830908570,SayHello,10000,283590
377687422,SayHello,10000,277429
16332793,SayHello,10000,284686
18237694,SayHello,10000,280595
668723655,SayHello,10000,280605
892621410,SayHello,10000,276312
850433102,SayHello,10000,272993
932595539,SayHello,10000,271857
59135625,SayHello,10000,275157
272607837,SayHello,10000,277506
340076417,SayHello,10000,270730
874836316,SayHello,10000,270677
15502768,SayHello,10000,272013
552963941,SayHello,10000,280796
317305566,SayHello,10000,308803
152281055,SayHello,10000,307658
983734398,SayHello,10000,310980
9546223,SayHello,10000,308815
683586238,SayHello,10000,305344
298290661,SayHello,10000,306498
217839301,SayHello,10000,308831
974087052,SayHello,10000,304208
213819703,SayHello,10000,306499
879462802,SayHello,10000,307696
249675876,SayHello,10000,312214
810837290,SayHello,10000,303048
154178459,SayHello,10000,303097
397982104,SayHello,10000,298667
805095320,SayHello,10000,303056
65984549,SayHello,10000,303120
361069639,SayHello,10000,298691
379785669,SayHello,10000,304292
507228249,SayHello,10000,297528
837621128,SayHello,10000,296312
564964816,SayHello,10000,303128
128300745,SayHello,10000,298720
993344614,SayHello,10000,296392
430533407,SayHello,10000,295263
513124226,SayHello,10000,295267
30918245,SayHello,10000,295268
984479962,SayHello,10000,307821
788045384,SayHello,10000,291817
559692843,SayHello,10000,297607
148663326,SayHello,10000,295176
984570709,SayHello,10000,296400
831441424,SayHello,10000,292970
806796170,SayHello,10000,288710
574188347,SayHello,10000,294141
265302287,SayHello,10000,288707
159782904,SayHello,10000,296422
11672081,SayHello,10000,287420
368120678,SayHello,10000,291898
212007931,SayHello,10000,296507
733332009,SayHello,10000,286255
626709768,SayHello,10000,293038
44413469,SayHello,10000,287453
235299343,SayHello,10000,286288
519985218,SayHello,10000,284122
996062280,SayHello,10000,284098
10149149,SayHello,10000,279833
485953135,SayHello,10000,279840
267449685,SayHello,10000,284151
653593496,SayHello,10000,283050
773942866,SayHello,10000,287509
650508871,SayHello,10000,288844
816492499,SayHello,10000,279865
874467342,SayHello,10000,277408
592961781,SayHello,10000,282008
313857681,SayHello,10000,278706
536985223,SayHello,10000,275094
474207740,SayHello,10000,278743
130509121,SayHello,10000,271589
110680233,SayHello,10000,277328
497262964,SayHello,10000,288919
511163712,SayHello,10000,273947
505128473,SayHello,10000,270393
460777621,SayHello,10000,272797
911737846,SayHello,10000,277376
651410197,SayHello,10000,270392
264288189,SayHello,10000,270722
133082548,SayHello,10000,270409
546638892,SayHello,10000,276302
302824633,SayHello,10000,270415
382649643,SayHello,10000,268587
303636630,SayHello,10000,268605
54369366,SayHello,10000,267465
207869041,SayHello,10000,267460
249103406,SayHello,10000,266045
427980429,SayHello,10000,267605
156893432,SayHello,10000,264933
316046767,SayHello,10000,268736
230360198,SayHello,10000,323463
403717611,SayHello,10000,315387
83125482,SayHello,10000,319941
239363567,SayHello,10000,317557
810768521,SayHello,10000,321116
891809101,SayHello,10000,318761
185694448,SayHello,10000,319954
141733925,SayHello,10000,328318
463735075,SayHello,10000,309630
428130423,SayHello,10000,315306
802635281,SayHello,10000,321117
602822345,SayHello,10000,315322
715855485,SayHello,10000,314205
627010169,SayHello,10000,309660
533750066,SayHello,10000,310872
990056639,SayHello,10000,303945
551236971,SayHello,10000,322383
766097480,SayHello,10000,303948
384538999,SayHello,10000,336102
384356523,SayHello,10000,312040
797983449,SayHello,10000,309646
970199793,SayHello,10000,309683
213034762,SayHello,10000,309373
108083117,SayHello,10000,300624
720138156,SayHello,10000,302812
6207997,SayHello,10000,329562
665900999,SayHello,10000,351437
713088987,SayHello,10000,348135
731960195,SayHello,10000,335405
977116177,SayHello,10000,331903
691779592,SayHello,10000,340033
361914495,SayHello,10000,327691
452187647,SayHello,10000,335526
470023078,SayHello,10000,326543
92620200,SayHello,10000,334279
32612532,SayHello,10000,326431
374472353,SayHello,10000,335515
215817306,SayHello,10000,333122
944645891,SayHello,10000,340087
261129249,SayHello,10000,321780
836669702,SayHello,10000,322987
240267231,SayHello,10000,324155
694998363,SayHello,10000,319620
579124501,SayHello,10000,326477
117596163,SayHello,10000,318417
705976796,SayHello,10000,325328
966237414,SayHello,10000,317163
745793621,SayHello,10000,318438
678029910,SayHello,10000,335522
289827455,SayHello,10000,312550
515772035,SayHello,10000,314772
337508825,SayHello,10000,315952
711743814,SayHello,10000,319701
374571307,SayHello,10000,312556
577909001,SayHello,10000,312530
506023094,SayHello,10000,309386
280522827,SayHello,10000,314812
986062410,SayHello,10000,309390
745394172,SayHello,10000,303684
659505529,SayHello,10000,307085
15292723,SayHello,10000,312571
278075613,SayHello,10000,305916
794256723,SayHello,10000,312599
53641473,SayHello,10000,305915
690171366,SayHello,10000,303696
910768575,SayHello,10000,302375
28609053,SayHello,10000,299022
183464985,SayHello,10000,317296
361585821,SayHello,10000,303698
519950884,SayHello,10000,308304
966056409,SayHello,10000,295716
298571364,SayHello,10000,292331
737266999,SayHello,10000,335763
648250302,SayHello,10000,286744
682995749,SayHello,10000,295745
875367754,SayHello,10000,299120
924821583,SayHello,10000,293508
549346329,SayHello,10000,285658
430836737,SayHello,10000,296931
900689546,SayHello,10000,291193
477647104,SayHello,10000,291228
584353206,SayHello,10000,288025
131685561,SayHello,10000,286790
758382066,SayHello,10000,280963
939655695,SayHello,10000,284481
729746127,SayHello,10000,288045
247659853,SayHello,10000,293573
925423666,SayHello,10000,282157
93307344,SayHello,10000,282152
284662764,SayHello,10000,285725
551541637,SayHello,10000,286865
187879980,SayHello,10000,300383
41357762,SayHello,10000,286950
722457840,SayHello,10000,284536
486639223,SayHello,10000,274013
856253906,SayHello,10000,283375
120337051,SayHello,10000,271183
356214398,SayHello,10000,277968
8828098,SayHello,10000,274037
64016779,SayHello,10000,277926
277190160,SayHello,10000,275244
363688230,SayHello,10000,274033
283448277,SayHello,10000,274051
336656066,SayHello,10000,272513
659919613,SayHello,10000,274204
591833944,SayHello,10000,278102
421164168,SayHello,10000,324041
451531493,SayHello,10000,325351
299987291,SayHello,10000,324079
71498509,SayHello,10000,318357
876024633,SayHello,10000,324076
672151728,SayHello,10000,322942
109175169,SayHello,10000,314901
797027858,SayHello,10000,325333
34775191,SayHello,10000,319537
37337600,SayHello,10000,321821
738468415,SayHello,10000,311600
145540791,SayHello,10000,317099
273826594,SayHello,10000,310419
725792833,SayHello,10000,313825
39463019,SayHello,10000,318374
858765931,SayHello,10000,310527
50967299,SayHello,10000,308160
317352997,SayHello,10000,328710
546181942,SayHello,10000,320796
165356232,SayHello,10000,305464
713662963,SayHello,10000,318429
174642492,SayHello,10000,305459
165191883,SayHello,10000,309359
388726993,SayHello,10000,359700
169105644,SayHello,10000,351674
688865275,SayHello,10000,343958
490713033,SayHello,10000,348273
291111686,SayHello,10000,349525
898147627,SayHello,10000,348274
259107342,SayHello,10000,345121
777627226,SayHello,10000,342837
367039592,SayHello,10000,343980
621187479,SayHello,10000,341704
712774080,SayHello,10000,342854
511689479,SayHello,10000,349564
397648513,SayHello,10000,341734
62323201,SayHello,10000,340614
372708370,SayHello,10000,340580
93295661,SayHello,10000,340590
570779022,SayHello,10000,338370
91821311,SayHello,10000,338374
247180067,SayHello,10000,338380
390445316,SayHello,10000,337308
136907029,SayHello,10000,337316
362858970,SayHello,10000,349667
60614587,SayHello,10000,339565
302283538,SayHello,10000,338437
714331714,SayHello,10000,337317
242349293,SayHello,10000,336238
231001258,SayHello,10000,330590
268452964,SayHello,10000,345283
556330305,SayHello,10000,332786
473091662,SayHello,10000,333973
726819074,SayHello,10000,332721
932269862,SayHello,10000,338499
146467246,SayHello,10000,332801
976524668,SayHello,10000,328101
638564897,SayHello,10000,335182
897501284,SayHello,10000,325747
467646458,SayHello,10000,322645
470735829,SayHello,10000,332828
773639902,SayHello,10000,332791
733533105,SayHello,10000,329434
96423975,SayHello,10000,332901
167643816,SayHello,10000,327078
704379305,SayHello,10000,332835
386115193,SayHello,10000,330705
102394086,SayHello,10000,328234
801059628,SayHello,10000,325937
724100239,SayHello,10000,316199
89471796,SayHello,10000,325849
845646738,SayHello,10000,322771
121764036,SayHello,10000,320496
257679184,SayHello,10000,329514
664270069,SayHello,10000,307673
984207242,SayHello,10000,329528
572171712,SayHello,10000,314107
721090523,SayHello,10000,310006
673335454,SayHello,10000,319377
760347070,SayHello,10000,308861
4107688,SayHello,10000,314125
496418465,SayHello,10000,319395
902640412,SayHello,10000,307712
61969323,SayHello,10000,303256
130577478,SayHello,10000,307729
940563576,SayHello,10000,306584
526139931,SayHello,10000,319428
8352529,SayHello,10000,304435
424738351,SayHello,10000,297056
471068020,SayHello,10000,301007
813797379,SayHello,10000,302195
949806391,SayHello,10000,298820
455911568,SayHello,10000,301041
384318427,SayHello,10000,303340
624569214,SayHello,10000,297065
165157580,SayHello,10000,298839
947794181,SayHello,10000,297064
758196400,SayHello,10000,295666
721173684,SayHello,10000,297083
521540426,SayHello,10000,295663
700147728,SayHello,10000,295672
48340724,SayHello,10000,294566
134027713,SayHello,10000,295831
848864820,SayHello,10000,297325
938270789,SayHello,10000,295864
77039517,SayHello,10000,292370
935205999,SayHello,10000,378984
839136415,SayHello,10000,342505
50538052,SayHello,10000,335795
420101068,SayHello,10000,341351
830087147,SayHello,10000,334672
666176502,SayHello,10000,339206
436772663,SayHello,10000,343752
50351259,SayHello,10000,330525
648866438,SayHello,10000,339211
774987152,SayHello,10000,335918
652041759,SayHello,10000,338072
161187797,SayHello,10000,342553
314673210,SayHello,10000,326913
310181766,SayHello,10000,334717
799629481,SayHello,10000,329419
453303927,SayHello,10000,342610
792553183,SayHello,10000,322757
969046065,SayHello,10000,326956
524635342,SayHello,10000,326863
809689929,SayHello,10000,330602
14768136,SayHello,10000,326960
707207473,SayHello,10000,321615
573947698,SayHello,10000,321652
73787820,SayHello,10000,328217
358249420,SayHello,10000,314894
450645871,SayHello,10000,328235
222111703,SayHello,10000,317200
370672903,SayHello,10000,318367
706973765,SayHello,10000,310497
282849747,SayHello,10000,311667
937547727,SayHello,10000,316092
915578135,SayHello,10000,309327
61339978,SayHello,10000,319585
401571447,SayHello,10000,312821
192939786,SayHello,10000,310564
996225108,SayHello,10000,306023
280931499,SayHello,10000,303491
198294303,SayHello,10000,306070
179788973,SayHello,10000,318474
805039968,SayHello,10000,329621
701133709,SayHello,10000,307246
979351206,SayHello,10000,304791
996805106,SayHello,10000,299059
173856792,SayHello,10000,306077
29642334,SayHello,10000,302345
393617398,SayHello,10000,304793
886517282,SayHello,10000,301229
801664943,SayHello,10000,315061
192428649,SayHello,10000,304821
993044716,SayHello,10000,310628
580123581,SayHello,10000,302379
529418112,SayHello,10000,297916
715805637,SayHello,10000,299100
121977237,SayHello,10000,297937
853619841,SayHello,10000,298009
985648906,SayHello,10000,303678
746474924,SayHello,10000,299218
95578398,SayHello,10000,343360
886337558,SayHello,10000,343361
175678102,SayHello,10000,336745
852346640,SayHello,10000,339084
115492644,SayHello,10000,342246
995567631,SayHello,10000,343389
53591103,SayHello,10000,335608
368456297,SayHello,10000,336795
411329436,SayHello,10000,336781
210111073,SayHello,10000,331155
223098808,SayHello,10000,342272
994324555,SayHello,10000,336779
476045828,SayHello,10000,339130
810542058,SayHello,10000,331188
430077656,SayHello,10000,330036
761546561,SayHello,10000,334512
265581096,SayHello,10000,325507
782000990,SayHello,10000,345751
845370900,SayHello,10000,334516
698286051,SayHello,10000,328938
841298936,SayHello,10000,338036
224530326,SayHello,10000,322086
854985137,SayHello,10000,323257
73347806,SayHello,10000,328978
446944916,SayHello,10000,334548
252540648,SayHello,10000,326708
341197378,SayHello,10000,319846
899624135,SayHello,10000,317474
3791665,SayHello,10000,322120
478585194,SayHello,10000,316327
242149880,SayHello,10000,327875
864625397,SayHello,10000,318688
880232253,SayHello,10000,311953
119412557,SayHello,10000,315182
296291841,SayHello,10000,322023
881226262,SayHello,10000,308493
597240205,SayHello,10000,306271
481564609,SayHello,10000,306254
613224743,SayHello,10000,317566
979502910,SayHello,10000,325634
184703717,SayHello,10000,312017
15132315,SayHello,10000,306081
735206774,SayHello,10000,312044
320129257,SayHello,10000,309702
681823134,SayHello,10000,304706
376852194,SayHello,10000,303625
565933768,SayHello,10000,312044
71448829,SayHello,10000,309736
783945874,SayHello,10000,299281
671784326,SayHello,10000,302431
926732308,SayHello,10000,344280
224625119,SayHello,10000,340922
814392934,SayHello,10000,349820
982996197,SayHello,10000,337402
752378621,SayHello,10000,343127
121916635,SayHello,10000,340972
497191692,SayHello,10000,337445
21656208,SayHello,10000,337471
84708291,SayHello,10000,339830
552246020,SayHello,10000,333943
328190502,SayHello,10000,345553
576303690,SayHello,10000,337444
983228240,SayHello,10000,336168
999167282,SayHello,10000,328501
417165179,SayHello,10000,327320
19343035,SayHello,10000,324904
648532252,SayHello,10000,332869
303996766,SayHello,10000,337555
710261849,SayHello,10000,343304
278373056,SayHello,10000,334069
560672862,SayHello,10000,326181
523047330,SayHello,10000,322799
7086830,SayHello,10000,334066
255068879,SayHello,10000,338805
17209561,SayHello,10000,322742
962062,SayHello,10000,313025
164515744,SayHello,10000,322856
63903971,SayHello,10000,336312
644012366,SayHello,10000,313032
496787715,SayHello,10000,318536
539829252,SayHello,10000,313064
272534015,SayHello,10000,307146
561700475,SayHello,10000,317248
93041873,SayHello,10000,331817
357474314,SayHello,10000,311806
237056789,SayHello,10000,322842
697525420,SayHello,10000,308366
971473943,SayHello,10000,326257
893523464,SayHello,10000,307146
538243375,SayHello,10000,305970
160952304,SayHello,10000,303802
271436403,SayHello,10000,303835
810857797,SayHello,10000,311876
156596812,SayHello,10000,318618
341349727,SayHello,10000,300425
49191231,SayHello,10000,301586
746646003,SayHello,10000,299327
40947497,SayHello,10000,299339
393190122,SayHello,10000,309660
135331070,SayHello,10000,296029
556335054,SayHello,10000,302734
80022411,SayHello,10000,297239
1499015,SayHello,10000,295964
998574951,SayHello,10000,312057
328314548,SayHello,10000,293880
698509836,SayHello,10000,303920
944797740,SayHello,10000,296099
107849963,SayHello,10000,301663
653118960,SayHello,10000,301675
467795386,SayHello,10000,352678
706429285,SayHello,10000,355086
556405108,SayHello,10000,355062
265335009,SayHello,10000,344912
709698090,SayHello,10000,352695
125169153,SayHello,10000,350560
820447585,SayHello,10000,357265
292398061,SayHello,10000,355112
593894521,SayHello,10000,348276
617194215,SayHello,10000,357292
554802721,SayHello,10000,355126
800493711,SayHello,10000,348320
473811198,SayHello,10000,349472
532144884,SayHello,10000,357324
203306854,SayHello,10000,345015
44823737,SayHello,10000,343661
906687928,SayHello,10000,347193
820817460,SayHello,10000,340316
461288430,SayHello,10000,340315
494952756,SayHello,10000,342533
71088552,SayHello,10000,340318
414989572,SayHello,10000,336599
447481648,SayHello,10000,337775
410445335,SayHello,10000,350710
937869317,SayHello,10000,339106
58649951,SayHello,10000,345070
772575302,SayHello,10000,336615
905762438,SayHello,10000,339108
566785533,SayHello,10000,335447
849446564,SayHello,10000,333291
563365749,SayHello,10000,335459
600421780,SayHello,10000,337828
131004789,SayHello,10000,333311
732472456,SayHello,10000,330973
439737030,SayHello,10000,327631
605125409,SayHello,10000,330978
273106812,SayHello,10000,333319
850769212,SayHello,10000,325463
399527865,SayHello,10000,331006
951154821,SayHello,10000,328802
187832002,SayHello,10000,325479
447267923,SayHello,10000,332164
591540821,SayHello,10000,327668
503487054,SayHello,10000,321946
14069985,SayHello,10000,340465
722404044,SayHello,10000,321956
992925369,SayHello,10000,317479
546329655,SayHello,10000,315281
657862084,SayHello,10000,320866
409884379,SayHello,10000,315319
552887177,SayHello,10000,323442
143044567,SayHello,10000,320883
961767303,SayHello,10000,322011
307744581,SayHello,10000,315328
35233973,SayHello,10000,324385
868515909,SayHello,10000,324384
502089329,SayHello,10000,322025
855707915,SayHello,10000,318727
208277086,SayHello,10000,358864
727338448,SayHello,10000,361632
45144130,SayHello,10000,360062
636697347,SayHello,10000,355617
340564363,SayHello,10000,357799
91763184,SayHello,10000,354419
885142103,SayHello,10000,353338
931120550,SayHello,10000,358933
958508726,SayHello,10000,354546
627140101,SayHello,10000,354457
404953324,SayHello,10000,348942
429455463,SayHello,10000,351250
664448393,SayHello,10000,350110
358631920,SayHello,10000,361737
168954931,SayHello,10000,361768
197654492,SayHello,10000,348955
855479238,SayHello,10000,350143
512961822,SayHello,10000,351274
412116488,SayHello,10000,345538
732126621,SayHello,10000,345536
253054359,SayHello,10000,343444
7416777,SayHello,10000,343457
95247672,SayHello,10000,346746
932319740,SayHello,10000,339007
781307911,SayHello,10000,340208
873574992,SayHello,10000,355833
521257987,SayHello,10000,354714
971503748,SayHello,10000,337917
481633732,SayHello,10000,340229
589563506,SayHello,10000,333819
584822451,SayHello,10000,332592
102366070,SayHello,10000,328013
814965994,SayHello,10000,348003
187062656,SayHello,10000,333854
49962828,SayHello,10000,332641
927939682,SayHello,10000,329191
995668173,SayHello,10000,326842
449916980,SayHello,10000,339131
894827635,SayHello,10000,331499
406367939,SayHello,10000,333924
378465099,SayHello,10000,320183
626217601,SayHello,10000,323719
198609345,SayHello,10000,323696
506037327,SayHello,10000,321385
765410097,SayHello,10000,315949
433663739,SayHello,10000,321379
880789921,SayHello,10000,330434
340098740,SayHello,10000,326946
979004859,SayHello,10000,322561
421192428,SayHello,10000,313792
297189812,SayHello,10000,313876
470955896,SayHello,10000,320254
186278821,SayHello,10000,313800
195161797,SayHello,10000,313882
314707305,SayHello,10000,310371
957142925,SayHello,10000,319151
843709843,SayHello,10000,313826
641295249,SayHello,10000,309195
284839358,SayHello,10000,309192
491006053,SayHello,10000,305783
182367354,SayHello,10000,305804
671386471,SayHello,10000,305833
254762449,SayHello,10000,308027
810441997,SayHello,10000,331686
252782402,SayHello,10000,305815
730465077,SayHello,10000,299008
402837381,SayHello,10000,301173
937949629,SayHello,10000,298878
190020542,SayHello,10000,303376
428855606,SayHello,10000,298915
256868547,SayHello,10000,305939
588879114,SayHello,10000,298999
852908803,SayHello,10000,301282
172591663,SayHello,10000,344855
49995291,SayHello,10000,342544
712631563,SayHello,10000,340284
926434385,SayHello,10000,339144
578661718,SayHello,10000,343724
934014408,SayHello,10000,339143
655670550,SayHello,10000,342548
457131445,SayHello,10000,343719
810809797,SayHello,10000,340320
693578027,SayHello,10000,338040
421667443,SayHello,10000,338058
163759378,SayHello,10000,338061
961239258,SayHello,10000,334627
215234876,SayHello,10000,342605
834721975,SayHello,10000,346113
836588015,SayHello,10000,339227
8788641,SayHello,10000,335816
824264109,SayHello,10000,337009
434414152,SayHello,10000,339226
175333867,SayHello,10000,340391
673467689,SayHello,10000,337012
949122030,SayHello,10000,339255
76531331,SayHello,10000,333546
899161324,SayHello,10000,333550
890455211,SayHello,10000,331270
57139274,SayHello,10000,329166
142774565,SayHello,10000,327982
738848141,SayHello,10000,325594
389697560,SayHello,10000,326754
78200372,SayHello,10000,329214
207334652,SayHello,10000,331377
105411529,SayHello,10000,324369
821182557,SayHello,10000,327993
870998942,SayHello,10000,339331
396387003,SayHello,10000,320037
166828420,SayHello,10000,324378
507988758,SayHello,10000,326802
686487891,SayHello,10000,324491
378003630,SayHello,10000,317741
520401397,SayHello,10000,317749
624868598,SayHello,10000,318940
608871050,SayHello,10000,313181
150707854,SayHello,10000,322209
93007170,SayHello,10000,314393
171112525,SayHello,10000,316564
425667507,SayHello,10000,313245
912421952,SayHello,10000,325738
166246157,SayHello,10000,311528
844998348,SayHello,10000,311532
444717303,SayHello,10000,311546
947940902,SayHello,10000,317862
882814377,SayHello,10000,310411
464163083,SayHello,10000,311562
666446600,SayHello,10000,308210
839467858,SayHello,10000,311581
911935982,SayHello,10000,324560
864620258,SayHello,10000,311579
702152691,SayHello,10000,313339
758631774,SayHello,10000,308262
787545538,SayHello,10000,311588
232383082,SayHello,10000,346718
981420028,SayHello,10000,348855
765515641,SayHello,10000,346707
742089547,SayHello,10000,354375
767223449,SayHello,10000,348952
920493068,SayHello,10000,340585
787808153,SayHello,10000,344193
157787120,SayHello,10000,348996
431184028,SayHello,10000,351200
489422588,SayHello,10000,346727
995797955,SayHello,10000,357804
547319504,SayHello,10000,345391
794307143,SayHello,10000,334368
83370670,SayHello,10000,334347
173871088,SayHello,10000,343050
821555526,SayHello,10000,345414
933748289,SayHello,10000,333174
188860901,SayHello,10000,346805
375880026,SayHello,10000,329860
739027942,SayHello,10000,348970
694071276,SayHello,10000,329854
647994810,SayHello,10000,330042
552780803,SayHello,10000,329896
530792234,SayHello,10000,324237
977589818,SayHello,10000,341871
940868064,SayHello,10000,328803
433248464,SayHello,10000,326462
684567577,SayHello,10000,327625
475800169,SayHello,10000,323048
635686950,SayHello,10000,343160
114464357,SayHello,10000,324259
646168177,SayHello,10000,319842
628844043,SayHello,10000,316638
433519852,SayHello,10000,329950
993710162,SayHello,10000,314365
867847624,SayHello,10000,312118
242599814,SayHello,10000,327651
129434141,SayHello,10000,312135
638356256,SayHello,10000,313258
53844755,SayHello,10000,327663
442220682,SayHello,10000,323140
371701872,SayHello,10000,311019
564383894,SayHello,10000,315563
472035504,SayHello,10000,308094
263422206,SayHello,10000,305604
700341342,SayHello,10000,306742
718294259,SayHello,10000,304438
862252974,SayHello,10000,319969
622258118,SayHello,10000,301265
359490973,SayHello,10000,312211
322811970,SayHello,10000,311153
135573792,SayHello,10000,308249
648886801,SayHello,10000,304609
207988606,SayHello,10000,301420
818902017,SayHello,10000,340775
98815262,SayHello,10000,336494
347218102,SayHello,10000,334196
123824201,SayHello,10000,335337
950412102,SayHello,10000,329713
366122404,SayHello,10000,333083
414847605,SayHello,10000,331961
388771378,SayHello,10000,342954
481035629,SayHello,10000,340813
313163137,SayHello,10000,327474
368596612,SayHello,10000,340844
279059003,SayHello,10000,324357
271335169,SayHello,10000,324359
309042734,SayHello,10000,336561
189247937,SayHello,10000,343003
196369115,SayHello,10000,324368
293753874,SayHello,10000,333130
19493645,SayHello,10000,328664
729239392,SayHello,10000,324379
672630184,SayHello,10000,322036
18326150,SayHello,10000,320863
818084855,SayHello,10000,332048
120253165,SayHello,10000,322048
521314745,SayHello,10000,323205
576977157,SayHello,10000,318615
808639581,SayHello,10000,320894
258428772,SayHello,10000,322089
282540114,SayHello,10000,314233
85251875,SayHello,10000,330949
648955697,SayHello,10000,319787
718633716,SayHello,10000,315414
572102506,SayHello,10000,316553
876216600,SayHello,10000,313093
389377523,SayHello,10000,311972
192845877,SayHello,10000,313121
502920427,SayHello,10000,307567
957899747,SayHello,10000,320984
895712943,SayHello,10000,313157
79235570,SayHello,10000,310833
366490850,SayHello,10000,310832
76124117,SayHello,10000,304261
296735493,SayHello,10000,306442
24509963,SayHello,10000,313172
549037813,SayHello,10000,307630
556087001,SayHello,10000,301021
419287676,SayHello,10000,302162
866535180,SayHello,10000,297418
593098201,SayHello,10000,299572
264181765,SayHello,10000,296223
500437935,SayHello,10000,309815
3446517,SayHello,10000,296220
706718278,SayHello,10000,296246
456935731,SayHello,10000,304360
476177744,SayHello,10000,294052
305634021,SayHello,10000,294063
999457767,SayHello,10000,290318
861395979,SayHello,10000,307706
959957047,SayHello,10000,290297
846336507,SayHello,10000,294212
629918526,SayHello,10000,291640
374723996,SayHello,10000,311117
951646005,SayHello,10000,346396
837126612,SayHello,10000,349590
178297243,SayHello,10000,346442
657464416,SayHello,10000,344016
640269481,SayHello,10000,349617
820535882,SayHello,10000,345162
299340289,SayHello,10000,340696
339676516,SayHello,10000,346432
600862602,SayHello,10000,342955
860575181,SayHello,10000,340664
263758026,SayHello,10000,338356
581228906,SayHello,10000,344100
532719746,SayHello,10000,341867
787432310,SayHello,10000,339599
896077632,SayHello,10000,340786
772375012,SayHello,10000,338426
588967709,SayHello,10000,340725
548185052,SayHello,10000,336103
20995308,SayHello,10000,333935
352336826,SayHello,10000,341932
411523192,SayHello,10000,332769
83055576,SayHello,10000,337284
601827986,SayHello,10000,352209
685495015,SayHello,10000,328299
666072093,SayHello,10000,331636
367008433,SayHello,10000,327131
420760018,SayHello,10000,328307
650821537,SayHello,10000,330487
679616215,SayHello,10000,323920
856717944,SayHello,10000,330541
848672517,SayHello,10000,320742
968882045,SayHello,10000,315104
951579155,SayHello,10000,323931
899475813,SayHello,10000,340817
103364975,SayHello,10000,332851
157967482,SayHello,10000,320729
434462058,SayHello,10000,317306
884399537,SayHello,10000,313846
694538574,SayHello,10000,318503
526697992,SayHello,10000,340945
833448833,SayHello,10000,326094
601636136,SayHello,10000,310178
362875691,SayHello,10000,313967
941448985,SayHello,10000,331924
259262809,SayHello,10000,310377
756000519,SayHello,10000,339313
211286534,SayHello,10000,335943
89699577,SayHello,10000,337129
731235566,SayHello,10000,333613
551549020,SayHello,10000,331318
495979003,SayHello,10000,327767
733001360,SayHello,10000,335974
280012896,SayHello,10000,340546
496254491,SayHello,10000,327760
583650496,SayHello,10000,333552
507507823,SayHello,10000,337183
531220946,SayHello,10000,340545
61212968,SayHello,10000,340568
933148881,SayHello,10000,340737
994410275,SayHello,10000,339378
977051328,SayHello,10000,327793
680853662,SayHello,10000,330207
316136154,SayHello,10000,324259
581879017,SayHello,10000,325450
81168800,SayHello,10000,336021
722751557,SayHello,10000,326669
265998117,SayHello,10000,323112
563399476,SayHello,10000,327811
274382795,SayHello,10000,329091
446376106,SayHello,10000,320685
754652117,SayHello,10000,320797
405580554,SayHello,10000,326706
170723166,SayHello,10000,320765
776047706,SayHello,10000,325549
596551122,SayHello,10000,318600
860454494,SayHello,10000,324328
783904314,SayHello,10000,320741
477389190,SayHello,10000,317343
122057475,SayHello,10000,322030
469002315,SayHello,10000,318622
839135439,SayHello,10000,318637
102184175,SayHello,10000,316208
786431960,SayHello,10000,334998
739036075,SayHello,10000,310647
157593364,SayHello,10000,316208
574709165,SayHello,10000,311798
19600756,SayHello,10000,322113
558419560,SayHello,10000,309521
92281292,SayHello,10000,309513
993887418,SayHello,10000,315050
170339486,SayHello,10000,315072
585961501,SayHello,10000,305355
474246445,SayHello,10000,305342
86051675,SayHello,10000,315090
158014254,SayHello,10000,300859
971021334,SayHello,10000,304194
104472307,SayHello,10000,300892
417481244,SayHello,10000,300870
995718794,SayHello,10000,303087
853128751,SayHello,10000,305419
107045335,SayHello,10000,298645
525288413,SayHello,10000,290833
814041683,SayHello,10000,297503
937725778,SayHello,10000,304256
472903799,SayHello,10000,294296
859498802,SayHello,10000,292032
859509007,SayHello,10000,289723
103550078,SayHello,10000,285332
677144492,SayHello,10000,304288
628172960,SayHello,10000,305480
516174839,SayHello,10000,294385
734695186,SayHello,10000,283131
284088236,SayHello,10000,289769
326359242,SayHello,10000,288637
512065411,SayHello,10000,290924
66354357,SayHello,10000,286533
849197155,SayHello,10000,283153
180327027,SayHello,10000,276318
702115329,SayHello,10000,283174
904758583,SayHello,10000,283067
371509152,SayHello,10000,276338
857309742,SayHello,10000,274124
766968558,SayHello,10000,270671
858203719,SayHello,10000,274086
229238782,SayHello,10000,271832
280015531,SayHello,10000,286662
499066151,SayHello,10000,274129
180308861,SayHello,10000,283307
939562947,SayHello,10000,275471
680710898,SayHello,10000,283458
926684963,SayHello,10000,320899
453406502,SayHello,10000,316318
783883468,SayHello,10000,314229
452512549,SayHello,10000,312008
717905273,SayHello,10000,311939
738836042,SayHello,10000,310850
755783005,SayHello,10000,297030
203137525,SayHello,10000,308709
745781228,SayHello,10000,305578
596931806,SayHello,10000,313158
453133477,SayHello,10000,312067
71372034,SayHello,10000,293766
639842374,SayHello,10000,304448
984433831,SayHello,10000,313205
317055099,SayHello,10000,293805
847311265,SayHello,10000,303319
324548923,SayHello,10000,319848
69582241,SayHello,10000,293814
283595446,SayHello,10000,288982
413380534,SayHello,10000,301263
975431263,SayHello,10000,293864
318435289,SayHello,10000,291332
897088258,SayHello,10000,287848
108459419,SayHello,10000,288996
138624058,SayHello,10000,283409
538173223,SayHello,10000,292517
149878948,SayHello,10000,281181
212102671,SayHello,10000,290218
106063887,SayHello,10000,283452
18795486,SayHello,10000,286739
89049980,SayHello,10000,297113
130636456,SayHello,10000,279109
37571934,SayHello,10000,280062
299172158,SayHello,10000,274941
594629600,SayHello,10000,276352
671039814,SayHello,10000,289211
815931739,SayHello,10000,277652
976360024,SayHello,10000,285784
243558335,SayHello,10000,277682
479204134,SayHello,10000,276369
166584199,SayHello,10000,329804
683953268,SayHello,10000,320075
926004276,SayHello,10000,316652
873747964,SayHello,10000,331250
871546652,SayHello,10000,320111
934207082,SayHello,10000,307802
295967138,SayHello,10000,310233
16973654,SayHello,10000,320108
376381351,SayHello,10000,306667
479269602,SayHello,10000,324449
77173652,SayHello,10000,310244
4107582,SayHello,10000,309006
835471198,SayHello,10000,313433
504501431,SayHello,10000,302221
736354337,SayHello,10000,302236
162488942,SayHello,10000,322317
188332659,SayHello,10000,310291
180426449,SayHello,10000,309050
523183179,SayHello,10000,299865
235032829,SayHello,10000,315615
795478852,SayHello,10000,303423
324298645,SayHello,10000,299913
761889313,SayHello,10000,299876
782616284,SayHello,10000,299895
823085513,SayHello,10000,299915
589289568,SayHello,10000,298670
943358900,SayHello,10000,304610
523723067,SayHello,10000,297530
68372974,SayHello,10000,318946
645353840,SayHello,10000,301143
127953527,SayHello,10000,295133
217092289,SayHello,10000,295121
955079521,SayHello,10000,295137
607718022,SayHello,10000,293971
628307713,SayHello,10000,298762
562884732,SayHello,10000,296477
269527102,SayHello,10000,289674
986316695,SayHello,10000,296475
123607342,SayHello,10000,290855
415648285,SayHello,10000,295078
295509375,SayHello,10000,295172
92574304,SayHello,10000,289691
867371212,SayHello,10000,286339
668038327,SayHello,10000,283300
18661342,SayHello,10000,287508
861034793,SayHello,10000,295238
19713759,SayHello,10000,285210
699183509,SayHello,10000,287540
822996331,SayHello,10000,283092
58216216,SayHello,10000,283095
555968497,SayHello,10000,283336
125661593,SayHello,10000,283254
257816959,SayHello,10000,296722
231964069,SayHello,10000,282146
901738652,SayHello,10000,283500
311208911,SayHello,10000,295337
24036307,SayHello,10000,315795
106479558,SayHello,10000,319063
919820066,SayHello,10000,316963
566300431,SayHello,10000,319092
132158035,SayHello,10000,313463
464823455,SayHello,10000,313562
929428055,SayHello,10000,305538
318336566,SayHello,10000,312248
188282342,SayHello,10000,313573
300559596,SayHello,10000,313584
155752458,SayHello,10000,314744
882867945,SayHello,10000,320325
177349957,SayHello,10000,321419
173867227,SayHello,10000,305576
577323609,SayHello,10000,311139
368486078,SayHello,10000,305533
653796792,SayHello,10000,305601
636651180,SayHello,10000,309897
703403381,SayHello,10000,307777
557716326,SayHello,10000,302175
627683793,SayHello,10000,305610
381496132,SayHello,10000,302188
368566559,SayHello,10000,305566
327403273,SayHello,10000,298697
666506793,SayHello,10000,304458
633211475,SayHello,10000,302195
950548955,SayHello,10000,311218
925187866,SayHello,10000,302233
409000928,SayHello,10000,304490
426769288,SayHello,10000,298731
589802427,SayHello,10000,295290
167714811,SayHello,10000,293157
80213285,SayHello,10000,291964
62266600,SayHello,10000,291964
769357423,SayHello,10000,298766
317817298,SayHello,10000,290737
657953139,SayHello,10000,298791
403671879,SayHello,10000,302283
546572440,SayHello,10000,291975
851426403,SayHello,10000,290754
933940892,SayHello,10000,298418
233061129,SayHello,10000,285177
828147045,SayHello,10000,285184
448103367,SayHello,10000,289669
412767561,SayHello,10000,288544
752099460,SayHello,10000,285214
209343962,SayHello,10000,298871
536950738,SayHello,10000,278708
276661139,SayHello,10000,276427
992344078,SayHello,10000,280877
747108658,SayHello,10000,277605
604198830,SayHello,10000,283050
377430280,SayHello,10000,272964
91279999,SayHello,10000,310182
732237757,SayHello,10000,275669
880513940,SayHello,10000,280930
385442000,SayHello,10000,271861
136743965,SayHello,10000,286531
269505000,SayHello,10000,271901
974380011,SayHello,10000,269778
956747728,SayHello,10000,273157
912172960,SayHello,10000,273178
903616349,SayHello,10000,272018
10798108,SayHello,10000,320105
915743502,SayHello,10000,327917
777726232,SayHello,10000,322244
168461327,SayHello,10000,315819
640592304,SayHello,10000,315819
436707073,SayHello,10000,326833
52068536,SayHello,10000,315839
631598105,SayHello,10000,324516
472187614,SayHello,10000,323393
935625584,SayHello,10000,325649
965207213,SayHello,10000,313496
576398664,SayHello,10000,318034
923329222,SayHello,10000,312344
482774774,SayHello,10000,320133
981426294,SayHello,10000,312373
345523133,SayHello,10000,311155
176085163,SayHello,10000,310055
834105289,SayHello,10000,311251
882374587,SayHello,10000,314673
546100365,SayHello,10000,311300
114000002,SayHello,10000,303590
466417733,SayHello,10000,314737
15085488,SayHello,10000,306767
18233224,SayHello,10000,302435
39847314,SayHello,10000,302468
946095657,SayHello,10000,309038
953683847,SayHello,10000,303665
628092990,SayHello,10000,331567
833772578,SayHello,10000,301393
660025510,SayHello,10000,302514
1211532,SayHello,10000,299226
462634775,SayHello,10000,301422
599478577,SayHello,10000,299252
705231542,SayHello,10000,299235
946917368,SayHello,10000,297987
822544935,SayHello,10000,308008
447566570,SayHello,10000,293615
480862366,SayHello,10000,294791
302852773,SayHello,10000,293619
799560864,SayHello,10000,299302
140926475,SayHello,10000,291174
118618880,SayHello,10000,293641
178684055,SayHello,10000,281962
268633679,SayHello,10000,289303
685520298,SayHello,10000,280779
535236168,SayHello,10000,279606
734594323,SayHello,10000,285143
777587450,SayHello,10000,289312
42209928,SayHello,10000,291283
171360956,SayHello,10000,296075
910004080,SayHello,10000,320269
820712766,SayHello,10000,320272
497074914,SayHello,10000,322638
396666824,SayHello,10000,323828
231678060,SayHello,10000,317017
298840517,SayHello,10000,322520
320025682,SayHello,10000,318118
653970888,SayHello,10000,322538
474573508,SayHello,10000,314633
143664652,SayHello,10000,318155
745038949,SayHello,10000,323860
571411343,SayHello,10000,311292
545083827,SayHello,10000,318195
20330225,SayHello,10000,313499
421426056,SayHello,10000,310125
954313412,SayHello,10000,311300
539600904,SayHello,10000,320409
217741666,SayHello,10000,313547
110136410,SayHello,10000,310134
546426673,SayHello,10000,307702
151773942,SayHello,10000,315902
661830281,SayHello,10000,307696
998189833,SayHello,10000,307797
856160865,SayHello,10000,308962
622445435,SayHello,10000,306422
908968259,SayHello,10000,302972
130756631,SayHello,10000,305223
891064728,SayHello,10000,306415
587774117,SayHello,10000,299745
730247676,SayHello,10000,305248
62622331,SayHello,10000,301916
617889987,SayHello,10000,317203
900273267,SayHello,10000,296340
355576310,SayHello,10000,299770
593458722,SayHello,10000,303085
503481532,SayHello,10000,303063
77160164,SayHello,10000,292197
914335269,SayHello,10000,289026
55571423,SayHello,10000,292223
99339503,SayHello,10000,287911
785570647,SayHello,10000,298663
274823641,SayHello,10000,297516
449324029,SayHello,10000,285496
733582613,SayHello,10000,286681
572363295,SayHello,10000,286680
322029153,SayHello,10000,285503
277501653,SayHello,10000,285525
664663509,SayHello,10000,282208
700916644,SayHello,10000,283340
515494520,SayHello,10000,283323
438957858,SayHello,10000,289117
537477289,SayHello,10000,282222
801376134,SayHello,10000,277866
804801184,SayHello,10000,280112
162795420,SayHello,10000,277895
311327577,SayHello,10000,275873
804534942,SayHello,10000,287932
495166231,SayHello,10000,272797
960915479,SayHello,10000,275903
956687285,SayHello,10000,274017
611291788,SayHello,10000,275942
89376233,SayHello,10000,280163
293136949,SayHello,10000,277932
416184071,SayHello,10000,272949
289966803,SayHello,10000,274105
22463971,SayHello,10000,283565
763508829,SayHello,10000,276064
502542204,SayHello,10000,323935
817690207,SayHello,10000,323950
276543041,SayHello,10000,319240
941795268,SayHello,10000,320400
103930435,SayHello,10000,315960
755202826,SayHello,10000,325125
853478744,SayHello,10000,322604
311382728,SayHello,10000,325128
343144643,SayHello,10000,317117
74385741,SayHello,10000,313696
347983685,SayHello,10000,314820
364732489,SayHello,10000,311549
151618363,SayHello,10000,313710
928469742,SayHello,10000,311554
663933836,SayHello,10000,314870
903982847,SayHello,10000,311555
530327765,SayHello,10000,311565
38676566,SayHello,10000,307880
745209379,SayHello,10000,309068
796800474,SayHello,10000,306719
266556793,SayHello,10000,310263
500682033,SayHello,10000,302272
813562196,SayHello,10000,303440
215128978,SayHello,10000,317264
687779571,SayHello,10000,305661
957841193,SayHello,10000,302301
428394179,SayHello,10000,302314
13591232,SayHello,10000,300049
520413707,SayHello,10000,303518
95741004,SayHello,10000,297893
232545054,SayHello,10000,297884
79860767,SayHello,10000,300069
128713809,SayHello,10000,303549
546864630,SayHello,10000,293348
718121713,SayHello,10000,297932
243591895,SayHello,10000,310379
220198786,SayHello,10000,294215
836684978,SayHello,10000,306884
701271098,SayHello,10000,292277
723081352,SayHello,10000,292277
568751978,SayHello,10000,302424
94199001,SayHello,10000,337192
601831103,SayHello,10000,337190
642442356,SayHello,10000,337237
8871630,SayHello,10000,337214
81739552,SayHello,10000,333937
380570493,SayHello,10000,335111
881264416,SayHello,10000,331826
666209820,SayHello,10000,339558
800305326,SayHello,10000,333954
639150574,SayHello,10000,328587
256550064,SayHello,10000,327363
642785718,SayHello,10000,337268
10236619,SayHello,10000,329737
259988844,SayHello,10000,335161
262618118,SayHello,10000,325132
950285487,SayHello,10000,329760
521296526,SayHello,10000,337301
330150147,SayHello,10000,320884
669999672,SayHello,10000,328622
789686774,SayHello,10000,335178
610416419,SayHello,10000,327407
408013193,SayHello,10000,320887
707570638,SayHello,10000,322046
510579466,SayHello,10000,315533
177077745,SayHello,10000,327440
321271443,SayHello,10000,326313
519388775,SayHello,10000,328687
403872833,SayHello,10000,326326
574439271,SayHello,10000,312274
132033321,SayHello,10000,308951
775686808,SayHello,10000,318809
694964090,SayHello,10000,312297
247310421,SayHello,10000,312287
10216078,SayHello,10000,306679
559525848,SayHello,10000,314474
883487230,SayHello,10000,305576
537996657,SayHello,10000,316722
702380669,SayHello,10000,314493
350238377,SayHello,10000,307798
537117090,SayHello,10000,302131
93439599,SayHello,10000,307806
766525186,SayHello,10000,305600
78889764,SayHello,10000,311140
598209557,SayHello,10000,304497
888407334,SayHello,10000,299871
806198107,SayHello,10000,303343
676426304,SayHello,10000,301026
313918205,SayHello,10000,294269
907406752,SayHello,10000,307943
774211448,SayHello,10000,299891
522302398,SayHello,10000,297618
651018159,SayHello,10000,292894
759661507,SayHello,10000,298776
916829731,SayHello,10000,301079
606614327,SayHello,10000,291577
421875151,SayHello,10000,288238
465725194,SayHello,10000,291557
99295067,SayHello,10000,283968
601432291,SayHello,10000,290424
947564064,SayHello,10000,285128
554662375,SayHello,10000,288277
935700427,SayHello,10000,283971
172275861,SayHello,10000,297698
105147867,SayHello,10000,296550
129729004,SayHello,10000,281763
330287490,SayHello,10000,284002
884209464,SayHello,10000,283996
476500446,SayHello,10000,281774
633740617,SayHello,10000,284011
192848894,SayHello,10000,285191
600769543,SayHello,10000,279784
679756887,SayHello,10000,283090
936774602,SayHello,10000,328877
248698556,SayHello,10000,328900
877846837,SayHello,10000,333229
695202557,SayHello,10000,328912
883230419,SayHello,10000,327590
8443835,SayHello,10000,331096
793688131,SayHello,10000,327835
854707752,SayHello,10000,328944
599183967,SayHello,10000,328967
875315911,SayHello,10000,327860
761208689,SayHello,10000,327869
390436979,SayHello,10000,331131
963114079,SayHello,10000,325420
956936078,SayHello,10000,323244
999581364,SayHello,10000,322112
936183065,SayHello,10000,319844
51463830,SayHello,10000,327664
465209807,SayHello,10000,327668
554120741,SayHello,10000,322139
223032592,SayHello,10000,321008
397564314,SayHello,10000,319854
773956025,SayHello,10000,317526
929581931,SayHello,10000,327941
630332684,SayHello,10000,319888
173704184,SayHello,10000,311049
121451472,SayHello,10000,314315
15538579,SayHello,10000,319769
794007044,SayHello,10000,308812
193487414,SayHello,10000,305693
980494222,SayHello,10000,313207
318614967,SayHello,10000,325541
526336662,SayHello,10000,316465
969477083,SayHello,10000,302351
135684580,SayHello,10000,305711
73547707,SayHello,10000,318723
464198274,SayHello,10000,302353
2545302,SayHello,10000,301191
436558297,SayHello,10000,298043
265125560,SayHello,10000,305737
461003672,SayHello,10000,303532
487212607,SayHello,10000,298071
34586335,SayHello,10000,295822
680385651,SayHello,10000,301240
230397026,SayHello,10000,294712
981670581,SayHello,10000,295851
394857746,SayHello,10000,295844
98715051,SayHello,10000,288348
447981273,SayHello,10000,293728
786227644,SayHello,10000,295872
481461937,SayHello,10000,310076
791684348,SayHello,10000,287185
566331383,SayHello,10000,287160
917755626,SayHello,10000,292953
968226968,SayHello,10000,294791
241673987,SayHello,10000,311234
352751391,SayHello,10000,286006
74554292,SayHello,10000,344290
471830892,SayHello,10000,347977
493009831,SayHello,10000,345555
229489473,SayHello,10000,339531
389215863,SayHello,10000,342004
189793965,SayHello,10000,343173
847604514,SayHello,10000,340824
350031614,SayHello,10000,340837
274220679,SayHello,10000,340822
722944887,SayHello,10000,338380
762031741,SayHello,10000,342014
840978348,SayHello,10000,335082
69628996,SayHello,10000,351342
81691891,SayHello,10000,339565
131809871,SayHello,10000,336239
274511992,SayHello,10000,345626
188531017,SayHello,10000,332797
259896097,SayHello,10000,328591
507499015,SayHello,10000,335115
755658243,SayHello,10000,332821
90504099,SayHello,10000,328636
59384916,SayHello,10000,339620
391388368,SayHello,10000,328621
646057678,SayHello,10000,336290
105117725,SayHello,10000,334035
102550539,SayHello,10000,334052
553297594,SayHello,10000,327483
550026285,SayHello,10000,326213
891509665,SayHello,10000,334066
192681295,SayHello,10000,326204
627736493,SayHello,10000,325035
425105704,SayHello,10000,327531
142306186,SayHello,10000,316924
651702434,SayHello,10000,323857
344240562,SayHello,10000,320330
769811002,SayHello,10000,315675
546424429,SayHello,10000,315668
756326492,SayHello,10000,326273
950389277,SayHello,10000,315715
919899213,SayHello,10000,315655
523925522,SayHello,10000,317011
998991156,SayHello,10000,315700
29258878,SayHello,10000,316997
460058186,SayHello,10000,315694
970955807,SayHello,10000,327644
74816229,SayHello,10000,315713
515355661,SayHello,10000,311013
906511944,SayHello,10000,322636
157726746,SayHello,10000,315730
915662983,SayHello,10000,322671
320278903,SayHello,10000,312231
106438787,SayHello,10000,324013
479281858,SayHello,10000,350539
55670991,SayHello,10000,360158
117351059,SayHello,10000,350536
892871422,SayHello,10000,348313
248205949,SayHello,10000,351742
822887861,SayHello,10000,352950
666425500,SayHello,10000,349438
817112512,SayHello,10000,346191
470449198,SayHello,10000,345082
25720682,SayHello,10000,346214
30109870,SayHello,10000,350589
944286525,SayHello,10000,340826
665712086,SayHello,10000,338580
799802995,SayHello,10000,355329
220442232,SayHello,10000,338603
694429589,SayHello,10000,339754
37047950,SayHello,10000,350661
843325043,SayHello,10000,334298
37611243,SayHello,10000,331979
778118385,SayHello,10000,337500
519276512,SayHello,10000,334334
928494141,SayHello,10000,330806
645105305,SayHello,10000,330838
171842910,SayHello,10000,343052
971644839,SayHello,10000,334350
627278061,SayHello,10000,329533
927426437,SayHello,10000,326384
632782440,SayHello,10000,326397
493864868,SayHello,10000,333228
408047650,SayHello,10000,329590
371942432,SayHello,10000,320074
804192077,SayHello,10000,320066
195124388,SayHello,10000,319988
932010123,SayHello,10000,318905
702259092,SayHello,10000,315644
203712628,SayHello,10000,320114
947501395,SayHello,10000,313316
248322979,SayHello,10000,345301
842672894,SayHello,10000,329666
91827886,SayHello,10000,317854
181415985,SayHello,10000,324358
989718907,SayHello,10000,329721
317362825,SayHello,10000,314543
50462894,SayHello,10000,314560
483697969,SayHello,10000,314582
864555586,SayHello,10000,311096
398163644,SayHello,10000,309977
658525177,SayHello,10000,305467
821648082,SayHello,10000,305480
802996659,SayHello,10000,311105
199516893,SayHello,10000,312296
211831768,SayHello,10000,310019
446203168,SayHello,10000,303313
392234142,SayHello,10000,302212
978321463,SayHello,10000,306713
36884793,SayHello,10000,310056
945026528,SayHello,10000,303335
343100478,SayHello,10000,302236
622214943,SayHello,10000,311210
620209615,SayHello,10000,301088
442041297,SayHello,10000,299136
656443769,SayHello,10000,306755
154157664,SayHello,10000,299961
255045270,SayHello,10000,297793
967629566,SayHello,10000,299177
899353105,SayHello,10000,295536
84475111,SayHello,10000,288304
157321195,SayHello,10000,290409
46200607,SayHello,10000,297842
175725403,SayHello,10000,288426
704090898,SayHello,10000,308109
695460760,SayHello,10000,296847
135113057,SayHello,10000,334020
937311140,SayHello,10000,332726
321815799,SayHello,10000,336393
816013330,SayHello,10000,330437
620788291,SayHello,10000,329291
260991527,SayHello,10000,334077
942622365,SayHello,10000,331557
117346866,SayHello,10000,335239
508546498,SayHello,10000,331620
172591958,SayHello,10000,340668
848463142,SayHello,10000,327064
702256724,SayHello,10000,328196
239425542,SayHello,10000,325895
37614151,SayHello,10000,317317
699609130,SayHello,10000,325925
855482700,SayHello,10000,329347
661358508,SayHello,10000,324773
781984735,SayHello,10000,323667
457739067,SayHello,10000,316173
205029243,SayHello,10000,316191
860185691,SayHello,10000,323687
272652113,SayHello,10000,312707
296063861,SayHello,10000,322615
554193830,SayHello,10000,313886
130919553,SayHello,10000,321523
20129714,SayHello,10000,316218
731514635,SayHello,10000,312741
69184276,SayHello,10000,308132
643601536,SayHello,10000,310461
275531986,SayHello,10000,332963
441963714,SayHello,10000,307027
162132565,SayHello,10000,311681
219698038,SayHello,10000,304743
621694762,SayHello,10000,305857
973934883,SayHello,10000,315294
709286822,SayHello,10000,307174
531293893,SayHello,10000,309498
112109129,SayHello,10000,340272
432324385,SayHello,10000,340285
946030581,SayHello,10000,335936
322417563,SayHello,10000,334790
370798671,SayHello,10000,335961
991987222,SayHello,10000,331649
876476164,SayHello,10000,330504
664147241,SayHello,10000,328334
149967365,SayHello,10000,330536
806480836,SayHello,10000,334840
270620480,SayHello,10000,326160
947225111,SayHello,10000,321782
865328180,SayHello,10000,322977
958698957,SayHello,10000,337183
1071239,SayHello,10000,321806
391329115,SayHello,10000,321811
261996615,SayHello,10000,323044
140382351,SayHello,10000,321620
139069991,SayHello,10000,343609
713432474,SayHello,10000,321848
668176799,SayHello,10000,331751
429439712,SayHello,10000,323053
983831198,SayHello,10000,314105
421332474,SayHello,10000,318439
260569166,SayHello,10000,311770
523186342,SayHello,10000,318462
954237385,SayHello,10000,315296
361560384,SayHello,10000,311701
319336380,SayHello,10000,311782
861134432,SayHello,10000,310630
419546297,SayHello,10000,312990
933429717,SayHello,10000,320603
622096512,SayHello,10000,304124
555771399,SayHello,10000,305267
692681969,SayHello,10000,318519
724813828,SayHello,10000,309526
711952877,SayHello,10000,310672
599512886,SayHello,10000,301975
943994925,SayHello,10000,305328
570319856,SayHello,10000,298742
425691054,SayHello,10000,293832
877058272,SayHello,10000,297251
312021392,SayHello,10000,293821
165817283,SayHello,10000,296060
485296395,SayHello,10000,293792
364967870,SayHello,10000,298745
682038587,SayHello,10000,292456
327911725,SayHello,10000,292449
321279815,SayHello,10000,293826
794977321,SayHello,10000,289400
123998237,SayHello,10000,287096
769482931,SayHello,10000,298800
408354379,SayHello,10000,289438
489826066,SayHello,10000,287092
672783243,SayHello,10000,285896
715551454,SayHello,10000,284692
452738674,SayHello,10000,288320
630278694,SayHello,10000,286006
922560084,SayHello,10000,280267
732695342,SayHello,10000,279090
395780669,SayHello,10000,284851
98089159,SayHello,10000,279120
173826294,SayHello,10000,335049
117860157,SayHello,10000,337788
346909996,SayHello,10000,358953
75575184,SayHello,10000,335206
731473331,SayHello,10000,339084
26416831,SayHello,10000,336585
193435686,SayHello,10000,333997
72358728,SayHello,10000,330705
730793857,SayHello,10000,341460
918432673,SayHello,10000,336638
251005056,SayHello,10000,324606
274620029,SayHello,10000,329570
761294937,SayHello,10000,336626
700810430,SayHello,10000,329569
474008848,SayHello,10000,335264
830217106,SayHello,10000,327123
963154866,SayHello,10000,342715
680844058,SayHello,10000,324680
508904830,SayHello,10000,327153
500737514,SayHello,10000,327186
387260903,SayHello,10000,328412
797695680,SayHello,10000,322073
393801450,SayHello,10000,323212
723750065,SayHello,10000,324722
496819137,SayHello,10000,327187
322803766,SayHello,10000,327210
466018787,SayHello,10000,332980
727036274,SayHello,10000,316514
851242323,SayHello,10000,318782
927273676,SayHello,10000,322099
342523172,SayHello,10000,318809
257789425,SayHello,10000,323284
260665138,SayHello,10000,317663
895224145,SayHello,10000,314137
99022497,SayHello,10000,320010
705091360,SayHello,10000,310005
758818355,SayHello,10000,315434
822140429,SayHello,10000,309990
149212330,SayHello,10000,315347
941119153,SayHello,10000,307618
634592151,SayHello,10000,306696
137591478,SayHello,10000,310025
748324002,SayHello,10000,307657
588867123,SayHello,10000,306688
453038121,SayHello,10000,303288
549129114,SayHello,10000,302135
529910203,SayHello,10000,305393
128200950,SayHello,10000,324864
987258442,SayHello,10000,308845
844573094,SayHello,10000,300960
2194384,SayHello,10000,306124
942610260,SayHello,10000,303329
415384291,SayHello,10000,301087
848147456,SayHello,10000,301174
321170994,SayHello,10000,330054
941493864,SayHello,10000,315697
85121531,SayHello,10000,342243
961534316,SayHello,10000,339113
398704213,SayHello,10000,335535
120217575,SayHello,10000,336832
635817194,SayHello,10000,332234
274113848,SayHello,10000,333418
900298720,SayHello,10000,338000
781845070,SayHello,10000,332257
655185726,SayHello,10000,331100
571030838,SayHello,10000,336866
842786613,SayHello,10000,331125
444332838,SayHello,10000,336869
390059085,SayHello,10000,326506
686606571,SayHello,10000,328899
186705051,SayHello,10000,323185
380631078,SayHello,10000,324388
393825896,SayHello,10000,332300
656743837,SayHello,10000,328884
80877693,SayHello,10000,320886
861297817,SayHello,10000,328923
881072358,SayHello,10000,323235
987249993,SayHello,10000,349263
850947693,SayHello,10000,331185
137610051,SayHello,10000,314081
188810857,SayHello,10000,323260
158297406,SayHello,10000,314077
96341804,SayHello,10000,321066
261672273,SayHello,10000,313973
898335792,SayHello,10000,318820
950915120,SayHello,10000,310613
744472975,SayHello,10000,327771
930370304,SayHello,10000,316485
944343572,SayHello,10000,311766
464565931,SayHello,10000,317713
789568389,SayHello,10000,309509
649395209,SayHello,10000,304885
796827111,SayHello,10000,306024
846850470,SayHello,10000,306129
502289930,SayHello,10000,315341
357680176,SayHello,10000,303772
147911130,SayHello,10000,302594
732314685,SayHello,10000,307329
833746433,SayHello,10000,302618
128654161,SayHello,10000,302589
880969637,SayHello,10000,301479
106300906,SayHello,10000,314221
327411339,SayHello,10000,299312
991729059,SayHello,10000,298099
391926707,SayHello,10000,302690
635727332,SayHello,10000,298178
322133669,SayHello,10000,296968
790465627,SayHello,10000,306225
848069440,SayHello,10000,295778
949869741,SayHello,10000,298190
398805989,SayHello,10000,309655
600930357,SayHello,10000,292826
45819568,SayHello,10000,292821
424138813,SayHello,10000,297039
634290980,SayHello,10000,307445
196896358,SayHello,10000,291580
817995648,SayHello,10000,292836
877917019,SayHello,10000,289421
821104962,SayHello,10000,301616
263613036,SayHello,10000,326596
680095000,SayHello,10000,322951
174692445,SayHello,10000,326619
504079005,SayHello,10000,327807
338355214,SayHello,10000,322950
777072234,SayHello,10000,327800
80360266,SayHello,10000,327821
358519204,SayHello,10000,324132
952177588,SayHello,10000,325472
919655198,SayHello,10000,322808
98707786,SayHello,10000,329056
111518977,SayHello,10000,332489
113248101,SayHello,10000,321746
667923650,SayHello,10000,325517
290045507,SayHello,10000,323047
267951529,SayHello,10000,321759
655960750,SayHello,10000,325556
825424606,SayHello,10000,319419
733120429,SayHello,10000,322874
412031861,SayHello,10000,318274
316747723,SayHello,10000,314866
845580729,SayHello,10000,322888
704395911,SayHello,10000,320635
723671181,SayHello,10000,314844
43694039,SayHello,10000,309405
176433421,SayHello,10000,313565
413043482,SayHello,10000,313588
806007046,SayHello,10000,302735
377775041,SayHello,10000,306219
356845801,SayHello,10000,317147
616450020,SayHello,10000,300372
850465008,SayHello,10000,299065
726171128,SayHello,10000,300415
387969539,SayHello,10000,305062
415187253,SayHello,10000,306263
613597013,SayHello,10000,296759
699396990,SayHello,10000,326853
91337719,SayHello,10000,300402
435317260,SayHello,10000,296785
912591057,SayHello,10000,291274
317633752,SayHello,10000,299150
96834827,SayHello,10000,302866
556452379,SayHello,10000,292502
968939646,SayHello,10000,299074
733508184,SayHello,10000,290133
975244210,SayHello,10000,290071
764919411,SayHello,10000,290160
814510046,SayHello,10000,286539
62771156,SayHello,10000,286570
10389558,SayHello,10000,298037
371907101,SayHello,10000,284427
650083561,SayHello,10000,293759
526471249,SayHello,10000,286577
654793311,SayHello,10000,287818
656045728,SayHello,10000,281976
372289562,SayHello,10000,284439
736906524,SayHello,10000,279797
919865790,SayHello,10000,283141
612327063,SayHello,10000,276297
229614237,SayHello,10000,278580
851599884,SayHello,10000,290270
949354622,SayHello,10000,278606
711660410,SayHello,10000,272273
423932724,SayHello,10000,282014
630963767,SayHello,10000,276316
208245850,SayHello,10000,279834
761688886,SayHello,10000,277498
390966743,SayHello,10000,272215
602992784,SayHello,10000,270222
709465941,SayHello,10000,272351
119677812,SayHello,10000,270234
839186017,SayHello,10000,305213
37811272,SayHello,10000,309538
177531237,SayHello,10000,302966
694687627,SayHello,10000,311726
384497359,SayHello,10000,302974
327400560,SayHello,10000,304143
498391195,SayHello,10000,302970
596419044,SayHello,10000,295075
575995225,SayHello,10000,298448
303848284,SayHello,10000,300632
360478467,SayHello,10000,297307
622343132,SayHello,10000,294010
31859491,SayHello,10000,301795
343047540,SayHello,10000,307450
16692427,SayHello,10000,295128
496404549,SayHello,10000,292781
253239667,SayHello,10000,295143
931762027,SayHello,10000,287023
339854191,SayHello,10000,291609
345209075,SayHello,10000,291604
411334897,SayHello,10000,311856
410024565,SayHello,10000,287033
239704967,SayHello,10000,294092
893176089,SayHello,10000,282465
511753381,SayHello,10000,284793
583971279,SayHello,10000,289397
87556734,SayHello,10000,297417
492446882,SayHello,10000,291698
930061850,SayHello,10000,292907
510390978,SayHello,10000,294151
658620844,SayHello,10000,287134
102384307,SayHello,10000,282035
447104629,SayHello,10000,281222
1955729,SayHello,10000,288358
511599812,SayHello,10000,283873
105915985,SayHello,10000,282733
155076882,SayHello,10000,281391
664776564,SayHello,10000,280259
356607204,SayHello,10000,313472
615585291,SayHello,10000,312272
354069050,SayHello,10000,314693
19274396,SayHello,10000,313497
984644224,SayHello,10000,312248
665777587,SayHello,10000,315874
758277892,SayHello,10000,314739
129425820,SayHello,10000,312303
839945497,SayHello,10000,311149
876394819,SayHello,10000,309973
983413873,SayHello,10000,309996
332732956,SayHello,10000,312303
680080369,SayHello,10000,305820
517451367,SayHello,10000,304705
535295445,SayHello,10000,304698
561234577,SayHello,10000,305855
253020402,SayHello,10000,299292
819723418,SayHello,10000,302455
740868119,SayHello,10000,299175
493710454,SayHello,10000,297047
290829995,SayHello,10000,317065
892229741,SayHello,10000,299298
548986136,SayHello,10000,293622
415897783,SayHello,10000,303653
786158799,SayHello,10000,299343
709415757,SayHello,10000,289518
396363645,SayHello,10000,283783
648966848,SayHello,10000,288366
925555915,SayHello,10000,295972
974465573,SayHello,10000,288395
24396937,SayHello,10000,299252
174116527,SayHello,10000,287209
509784276,SayHello,10000,279396
923618233,SayHello,10000,279326
842799768,SayHello,10000,285987
786381730,SayHello,10000,287222
604780558,SayHello,10000,282696
738703950,SayHello,10000,294877
897803291,SayHello,10000,271943
422278730,SayHello,10000,280577
131994578,SayHello,10000,278162
461865072,SayHello,10000,269511
661598203,SayHello,10000,271955
179787702,SayHello,10000,279362
821891228,SayHello,10000,269499
439245900,SayHello,10000,278207
981164773,SayHello,10000,271990
649283001,SayHello,10000,266413
966059632,SayHello,10000,269536
161045694,SayHello,10000,270840
135820515,SayHello,10000,268586
472408946,SayHello,10000,278415
254846457,SayHello,10000,268560
338492011,SayHello,10000,322769
665660622,SayHello,10000,324061
889368125,SayHello,10000,319512
143796172,SayHello,10000,319498
185050632,SayHello,10000,322826
533821201,SayHello,10000,318342
748213206,SayHello,10000,317044
47234189,SayHello,10000,317203
918905905,SayHello,10000,326095
879977547,SayHello,10000,321718
127771127,SayHello,10000,317061
427741501,SayHello,10000,317083
620913463,SayHello,10000,317223
366117259,SayHello,10000,312776
853053026,SayHello,10000,312775
439843663,SayHello,10000,313930
919377281,SayHello,10000,312775
399752832,SayHello,10000,318421
72024043,SayHello,10000,299808
660461259,SayHello,10000,302043
42475130,SayHello,10000,303221
225397582,SayHello,10000,305465
849131346,SayHello,10000,305474
331910343,SayHello,10000,297661
226483482,SayHello,10000,302097
88612039,SayHello,10000,291115
935624850,SayHello,10000,309685
716454515,SayHello,10000,294287
706032964,SayHello,10000,318569
301282615,SayHello,10000,290053
730492002,SayHello,10000,290004
264700389,SayHello,10000,295431
687713064,SayHello,10000,290059
866962302,SayHello,10000,290060
338531389,SayHello,10000,290059
315162879,SayHello,10000,305577
211381121,SayHello,10000,288343
775945467,SayHello,10000,288348
123117980,SayHello,10000,315224
244295898,SayHello,10000,296653
854411673,SayHello,10000,285148
914327936,SayHello,10000,291212
768171983,SayHello,10000,338463
778173427,SayHello,10000,325846
83525352,SayHello,10000,327012
41916191,SayHello,10000,327034
557226042,SayHello,10000,323371
860157292,SayHello,10000,323472
421962182,SayHello,10000,322285
625550345,SayHello,10000,324693
376061812,SayHello,10000,328217
609765358,SayHello,10000,323420
149339335,SayHello,10000,323415
780019704,SayHello,10000,324726
464903693,SayHello,10000,323533
368725156,SayHello,10000,322333
279421741,SayHello,10000,322331
489624406,SayHello,10000,318190
462957813,SayHello,10000,318184
969940660,SayHello,10000,323481
850589829,SayHello,10000,316057
192115818,SayHello,10000,314898
559187204,SayHello,10000,312483
598609739,SayHello,10000,313737
198677204,SayHello,10000,310344
717114770,SayHello,10000,304902
703399112,SayHello,10000,306069
382133106,SayHello,10000,302474
858312144,SayHello,10000,309237
505749008,SayHello,10000,301304
954357929,SayHello,10000,313817
612815060,SayHello,10000,300104
269433932,SayHello,10000,313811
859481036,SayHello,10000,300124
622478944,SayHello,10000,312670
210236372,SayHello,10000,300111
305000893,SayHello,10000,304984
314209377,SayHello,10000,301342
864112200,SayHello,10000,295437
451779184,SayHello,10000,295451
887783760,SayHello,10000,303700
966850338,SayHello,10000,295481
562394398,SayHello,10000,290703
836130092,SayHello,10000,290701
25811076,SayHello,10000,287176
490131253,SayHello,10000,290674
771963873,SayHello,10000,305033
486321182,SayHello,10000,284797
332371692,SayHello,10000,292970
625673289,SayHello,10000,298953
355044744,SayHello,10000,296747
304081542,SayHello,10000,296791
627194371,SayHello,10000,284805
539079293,SayHello,10000,284730
115614733,SayHello,10000,294202
209279191,SayHello,10000,282540
34840079,SayHello,10000,282572
108496430,SayHello,10000,284753
438196261,SayHello,10000,281261
906559211,SayHello,10000,279123
498520790,SayHello,10000,286082
672392071,SayHello,10000,277984
968673817,SayHello,10000,290814
157848226,SayHello,10000,274480
786791575,SayHello,10000,276858
546152269,SayHello,10000,275635
580379875,SayHello,10000,288536
448530676,SayHello,10000,276809
366711470,SayHello,10000,271456
309610401,SayHello,10000,274503
966679695,SayHello,10000,274508
661494063,SayHello,10000,268082
354977417,SayHello,10000,266884
291199355,SayHello,10000,265630
716850942,SayHello,10000,282748
808887050,SayHello,10000,264405
493411892,SayHello,10000,269293
403612859,SayHello,10000,270521
529023976,SayHello,10000,282783
118718671,SayHello,10000,264444
4498914,SayHello,10000,267034
813630393,SayHello,10000,261373
140433133,SayHello,10000,260198
568459068,SayHello,10000,312460
260640310,SayHello,10000,315807
371789003,SayHello,10000,311319
746130280,SayHello,10000,315836
277298216,SayHello,10000,304389
597923133,SayHello,10000,311381
641413282,SayHello,10000,313751
57218562,SayHello,10000,310226
570645835,SayHello,10000,315963
67256957,SayHello,10000,321641
221060753,SayHello,10000,312561
448568287,SayHello,10000,307868
543917765,SayHello,10000,306735
171577219,SayHello,10000,303250
775652819,SayHello,10000,305601
638832871,SayHello,10000,309085
94427574,SayHello,10000,303233
700867691,SayHello,10000,299836
684513682,SayHello,10000,304459
126725843,SayHello,10000,303298
284425912,SayHello,10000,304467
833404820,SayHello,10000,303283
849271007,SayHello,10000,297569
31199399,SayHello,10000,296446
686008143,SayHello,10000,296440
425408913,SayHello,10000,298745
952304643,SayHello,10000,296474
385279879,SayHello,10000,297610
228298354,SayHello,10000,289864
627831964,SayHello,10000,302211
951838705,SayHello,10000,292074
622706641,SayHello,10000,292055
820025143,SayHello,10000,286475
307384690,SayHello,10000,295324
225361429,SayHello,10000,285259
703545503,SayHello,10000,288738
997796380,SayHello,10000,283474
564223291,SayHello,10000,280311
321299814,SayHello,10000,288767
976943980,SayHello,10000,301142
554778304,SayHello,10000,277982
447847735,SayHello,10000,283514
778435319,SayHello,10000,278142
260731989,SayHello,10000,336185
115234886,SayHello,10000,328835
180837692,SayHello,10000,325235
643059024,SayHello,10000,325280
394345077,SayHello,10000,322763
936096725,SayHello,10000,326489
302584900,SayHello,10000,331200
112772597,SayHello,10000,322759
17718819,SayHello,10000,327694
950844057,SayHello,10000,321515
384821572,SayHello,10000,321528
766080316,SayHello,10000,321572
822942106,SayHello,10000,325303
595224537,SayHello,10000,324040
968908583,SayHello,10000,324029
920873709,SayHello,10000,321567
149135025,SayHello,10000,315594
547691259,SayHello,10000,315586
534482358,SayHello,10000,313379
796787248,SayHello,10000,316767
665545611,SayHello,10000,317935
587483515,SayHello,10000,311057
643942717,SayHello,10000,322860
729954797,SayHello,10000,321617
659561073,SayHello,10000,320315
201546154,SayHello,10000,307600
426203783,SayHello,10000,317943
329117024,SayHello,10000,307598
241873556,SayHello,10000,311095
283207918,SayHello,10000,320379
967660301,SayHello,10000,311106
925319074,SayHello,10000,306262
444446154,SayHello,10000,306139
230791561,SayHello,10000,304917
470645141,SayHello,10000,304937
213856463,SayHello,10000,306307
605822948,SayHello,10000,320161
574434872,SayHello,10000,312344
753801029,SayHello,10000,303776
266565240,SayHello,10000,307672
300235822,SayHello,10000,308826
220724319,SayHello,10000,299306
395317443,SayHello,10000,297998
41467276,SayHello,10000,299190
350271814,SayHello,10000,303811
362031492,SayHello,10000,302666
623818865,SayHello,10000,300482
462629891,SayHello,10000,298016
228966408,SayHello,10000,293306
836215949,SayHello,10000,308860
185240264,SayHello,10000,293291
311327367,SayHello,10000,296145
906023209,SayHello,10000,293325
112315917,SayHello,10000,296849
230848118,SayHello,10000,293339
695054463,SayHello,10000,291063
844161527,SayHello,10000,293350
536597752,SayHello,10000,296183
156220197,SayHello,10000,291086
390640271,SayHello,10000,289928
35834264,SayHello,10000,287684
289239916,SayHello,10000,292379
273308488,SayHello,10000,284580
585122006,SayHello,10000,288878
723157254,SayHello,10000,327471
873296388,SayHello,10000,321748
579266221,SayHello,10000,324024
562835844,SayHello,10000,335260
202768301,SayHello,10000,326344
160035600,SayHello,10000,322882
472663558,SayHello,10000,321673
226523513,SayHello,10000,325197
519649996,SayHello,10000,344667
922420641,SayHello,10000,322919
248865535,SayHello,10000,321694
639194832,SayHello,10000,329714
142349483,SayHello,10000,327540
279933071,SayHello,10000,320589
258533006,SayHello,10000,312905
925999778,SayHello,10000,319427
832227602,SayHello,10000,319407
821259681,SayHello,10000,321711
858555737,SayHello,10000,319432
316410569,SayHello,10000,312925
533852985,SayHello,10000,327609
452957237,SayHello,10000,311679
502423561,SayHello,10000,315135
205720201,SayHello,10000,312918
644523056,SayHello,10000,308510
945460262,SayHello,10000,308528
607457835,SayHello,10000,312954
782581483,SayHello,10000,311679
861216940,SayHello,10000,316361
130389186,SayHello,10000,312969
939725640,SayHello,10000,311676
662896362,SayHello,10000,305276
841126774,SayHello,10000,311724
64476514,SayHello,10000,306450
193917612,SayHello,10000,308593
117357494,SayHello,10000,300829
707713081,SayHello,10000,298582
482979279,SayHello,10000,300847
391787355,SayHello,10000,300951
200276161,SayHello,10000,298584
970794664,SayHello,10000,300885
233105701,SayHello,10000,298592
104905836,SayHello,10000,301001
216107118,SayHello,10000,295133
821413883,SayHello,10000,295151
21724996,SayHello,10000,319648
973860257,SayHello,10000,292494
137611860,SayHello,10000,300897
221837664,SayHello,10000,291904
127091939,SayHello,10000,296321
75520099,SayHello,10000,291892
631846218,SayHello,10000,290796
451835659,SayHello,10000,292585
856987991,SayHello,10000,299933
267846993,SayHello,10000,303395
715426082,SayHello,10000,351129
552143365,SayHello,10000,353529
293080708,SayHello,10000,352363
971702465,SayHello,10000,351183
866835701,SayHello,10000,352358
978884418,SayHello,10000,348691
775356088,SayHello,10000,351187
150025221,SayHello,10000,349879
735963403,SayHello,10000,345546
194109893,SayHello,10000,355939
74523058,SayHello,10000,341955
810745080,SayHello,10000,338597
305011229,SayHello,10000,341986
784947580,SayHello,10000,351007
885483741,SayHello,10000,343223
673379082,SayHello,10000,336150
810022651,SayHello,10000,337422
630763064,SayHello,10000,335064
440481526,SayHello,10000,343271
307687495,SayHello,10000,336233
559022128,SayHello,10000,334977
555555780,SayHello,10000,342034
976212461,SayHello,10000,336231
319690952,SayHello,10000,345624
905096719,SayHello,10000,333867
193217761,SayHello,10000,330410
605927111,SayHello,10000,327093
86383571,SayHello,10000,328284
925852250,SayHello,10000,335078
290923025,SayHello,10000,321562
438531164,SayHello,10000,322760
119629885,SayHello,10000,331717
604121209,SayHello,10000,327172
666340772,SayHello,10000,328314
996485128,SayHello,10000,321574
544484629,SayHello,10000,323956
911858962,SayHello,10000,331717
551853521,SayHello,10000,320389
865646664,SayHello,10000,319889
171932967,SayHello,10000,327272
655213996,SayHello,10000,352703
338956993,SayHello,10000,370971
862448524,SayHello,10000,361568
145230650,SayHello,10000,361561
153719138,SayHello,10000,360430
488650165,SayHello,10000,361595
855317929,SayHello,10000,363604
33003826,SayHello,10000,359249
68416848,SayHello,10000,363607
712189077,SayHello,10000,358083
406710273,SayHello,10000,354533
604715833,SayHello,10000,358110
935743724,SayHello,10000,358070
345148937,SayHello,10000,359293
277632139,SayHello,10000,352004
992265444,SayHello,10000,353315
668134306,SayHello,10000,354558
189247852,SayHello,10000,358084
63834671,SayHello,10000,354589
238239729,SayHello,10000,352045
116859617,SayHello,10000,349750
348237671,SayHello,10000,350956
76939859,SayHello,10000,356789
875921087,SayHello,10000,347305
589161618,SayHello,10000,349773
119468745,SayHello,10000,350977
85909163,SayHello,10000,348533
437925087,SayHello,10000,347141
377656352,SayHello,10000,349790
478317089,SayHello,10000,347139
943343025,SayHello,10000,341438
338716127,SayHello,10000,342729
131492911,SayHello,10000,352247
644503247,SayHello,10000,346086
493274748,SayHello,10000,342739
309610701,SayHello,10000,347203
349084344,SayHello,10000,340300
284635253,SayHello,10000,343946
648165226,SayHello,10000,334829
70314334,SayHello,10000,340308
393375186,SayHello,10000,330520
583678018,SayHello,10000,338186
228684897,SayHello,10000,342829
494255966,SayHello,10000,352227
814198868,SayHello,10000,347453
136786752,SayHello,10000,340307
520480263,SayHello,10000,340297
599933662,SayHello,10000,332770
47064308,SayHello,10000,323847
9664039,SayHello,10000,323870
21953489,SayHello,10000,323879
330784459,SayHello,10000,330614
560307009,SayHello,10000,322726
308053513,SayHello,10000,322754
433668856,SayHello,10000,337122
645166960,SayHello,10000,341614
970417030,SayHello,10000,319386
815576360,SayHello,10000,321538
111364851,SayHello,10000,321581
674673739,SayHello,10000,328265
23807728,SayHello,10000,325122
338113421,SayHello,10000,318178
648224403,SayHello,10000,318161
585941881,SayHello,10000,321609
774911929,SayHello,10000,323943
829950037,SayHello,10000,315790
816836135,SayHello,10000,316982
854527261,SayHello,10000,314579
587497964,SayHello,10000,329511
215238402,SayHello,10000,314597
707548030,SayHello,10000,311191
22058382,SayHello,10000,306808
217341361,SayHello,10000,307996
709903734,SayHello,10000,312477
312416494,SayHello,10000,312450
671205896,SayHello,10000,321655
387253559,SayHello,10000,312471
684905089,SayHello,10000,298001
221650699,SayHello,10000,299191
361644982,SayHello,10000,317172
101649858,SayHello,10000,300476
363959870,SayHello,10000,302665
112549995,SayHello,10000,321769
967808605,SayHello,10000,296880
907517295,SayHello,10000,360734
27970869,SayHello,10000,360821
373185699,SayHello,10000,360779
460730463,SayHello,10000,355915
133901556,SayHello,10000,360736
978047075,SayHello,10000,352247
488425624,SayHello,10000,360817
613429679,SayHello,10000,355926
506636852,SayHello,10000,360782
572578088,SayHello,10000,353436
955892227,SayHello,10000,354788
469543230,SayHello,10000,354797
621606370,SayHello,10000,349974
779278546,SayHello,10000,354834
870918903,SayHello,10000,363359
496255685,SayHello,10000,359346
520403706,SayHello,10000,354839
136116503,SayHello,10000,348850
374856340,SayHello,10000,348805
17293000,SayHello,10000,348805
909521371,SayHello,10000,346533
82111409,SayHello,10000,350045
28373381,SayHello,10000,343168
388471461,SayHello,10000,348853
777382701,SayHello,10000,351225
686860569,SayHello,10000,345426
567771688,SayHello,10000,346596
714452255,SayHello,10000,338237
747493469,SayHello,10000,334894
325526368,SayHello,10000,343204
330667309,SayHello,10000,340612
8137493,SayHello,10000,336087
721050021,SayHello,10000,331622
558497917,SayHello,10000,348959
765414455,SayHello,10000,331618
404079158,SayHello,10000,327130
192815947,SayHello,10000,341894
141548990,SayHello,10000,358307
649733133,SayHello,10000,327132
965336652,SayHello,10000,329484
351761938,SayHello,10000,339531
358199977,SayHello,10000,342071
874872621,SayHello,10000,327268
65574806,SayHello,10000,329652
542170020,SayHello,10000,327343
737337964,SayHello,10000,333004
347824570,SayHello,10000,326190
149228451,SayHello,10000,366816
104713874,SayHello,10000,364691
858300037,SayHello,10000,367959
190736957,SayHello,10000,366856
332108741,SayHello,10000,356080
910142562,SayHello,10000,367979
922674893,SayHello,10000,367981
961130426,SayHello,10000,356070
292734876,SayHello,10000,359432
619338792,SayHello,10000,363586
457464399,SayHello,10000,356102
130981935,SayHello,10000,368047
956014448,SayHello,10000,353965
622822370,SayHello,10000,358311
841906800,SayHello,10000,358317
335000012,SayHello,10000,352817
119923597,SayHello,10000,353984
161114031,SayHello,10000,351696
115075624,SayHello,10000,352852
325620790,SayHello,10000,342147
238321368,SayHello,10000,347426
647227809,SayHello,10000,343302
112587010,SayHello,10000,342151
726859080,SayHello,10000,337690
21029309,SayHello,10000,342165
428772909,SayHello,10000,349641
921209544,SayHello,10000,342193
259506203,SayHello,10000,336544
983109540,SayHello,10000,338838
874523470,SayHello,10000,342208
544575433,SayHello,10000,340990
846465214,SayHello,10000,335193
268453549,SayHello,10000,336556
818760353,SayHello,10000,336546
794917492,SayHello,10000,336610
64937324,SayHello,10000,335220
27407230,SayHello,10000,335201
671998254,SayHello,10000,333103
189559401,SayHello,10000,333124
362795990,SayHello,10000,356372
340492687,SayHello,10000,335266
150965396,SayHello,10000,323195
423138174,SayHello,10000,326779
468548865,SayHello,10000,342307
303963391,SayHello,10000,324501
956164761,SayHello,10000,331001
939187051,SayHello,10000,324320
331627140,SayHello,10000,335279
142555353,SayHello,10000,324499
375427683,SayHello,10000,326809
985973632,SayHello,10000,320815
735971242,SayHello,10000,316539
262680860,SayHello,10000,325759
535384458,SayHello,10000,323248
905747410,SayHello,10000,323311
583004902,SayHello,10000,322027
672684765,SayHello,10000,317712
501598573,SayHello,10000,317698
326275573,SayHello,10000,314427
628001212,SayHello,10000,312480
785966521,SayHello,10000,312419
616941045,SayHello,10000,309180
333419031,SayHello,10000,308007
717738541,SayHello,10000,312427
716495976,SayHello,10000,320918
662864909,SayHello,10000,314481
468753260,SayHello,10000,305693
367527350,SayHello,10000,308033
911619787,SayHello,10000,311373
595047797,SayHello,10000,306889
417789231,SayHello,10000,304605
528839575,SayHello,10000,301583
795103187,SayHello,10000,301573
773299682,SayHello,10000,305896
272434673,SayHello,10000,304803
244033993,SayHello,10000,324721
492353397,SayHello,10000,346434
837456664,SayHello,10000,346438
687511749,SayHello,10000,350750
5653777,SayHello,10000,353067
508697518,SayHello,10000,344164
473653085,SayHello,10000,344152
887015189,SayHello,10000,344179
838093445,SayHello,10000,345325
257033663,SayHello,10000,349635
595307677,SayHello,10000,344209
470283588,SayHello,10000,344196
439181086,SayHello,10000,339421
123128370,SayHello,10000,341681
889963424,SayHello,10000,341698
176864809,SayHello,10000,344235
221656920,SayHello,10000,352001
951280894,SayHello,10000,339464
244295051,SayHello,10000,338159
413188159,SayHello,10000,334805
965466359,SayHello,10000,339450
946080806,SayHello,10000,339465
126339883,SayHello,10000,339494
664838210,SayHello,10000,331539
695388825,SayHello,10000,338223
36857636,SayHello,10000,337101
25570696,SayHello,10000,332695
916413459,SayHello,10000,329418
86818416,SayHello,10000,328281
853599843,SayHello,10000,334875
70739064,SayHello,10000,321386
309656274,SayHello,10000,321385
17379687,SayHello,10000,327164
27423266,SayHello,10000,321497
974495282,SayHello,10000,320314
935943205,SayHello,10000,321406
693030306,SayHello,10000,322671
173849442,SayHello,10000,315230
165050358,SayHello,10000,313807
127325834,SayHello,10000,337179
163933360,SayHello,10000,310556
560190366,SayHello,10000,318183
902162935,SayHello,10000,326074
548231110,SayHello,10000,311687
513432465,SayHello,10000,311685
156111061,SayHello,10000,310582
664582143,SayHello,10000,303122
430911009,SayHello,10000,306446
555833926,SayHello,10000,324891
533806059,SayHello,10000,300838
253586543,SayHello,10000,310598
147608499,SayHello,10000,304311
607341646,SayHello,10000,311717
308541537,SayHello,10000,302092
70892533,SayHello,10000,304405
919170042,SayHello,10000,300937
392823986,SayHello,10000,326240
320067544,SayHello,10000,303280
472952076,SayHello,10000,360809
982118307,SayHello,10000,359658
717933760,SayHello,10000,362124
667599356,SayHello,10000,357566
97520556,SayHello,10000,353261
968116729,SayHello,10000,362131
480808131,SayHello,10000,355418
554376842,SayHello,10000,360823
647718138,SayHello,10000,355459
667075807,SayHello,10000,351151
864732724,SayHello,10000,351151
764368926,SayHello,10000,360892
339634179,SayHello,10000,349947
365369526,SayHello,10000,348799
773377444,SayHello,10000,347661
444872395,SayHello,10000,346581
492245561,SayHello,10000,347682
507233388,SayHello,10000,351190
982695604,SayHello,10000,345492
589590865,SayHello,10000,348852
868381984,SayHello,10000,359807
830869417,SayHello,10000,344359
461978991,SayHello,10000,360947
873217627,SayHello,10000,342137
886356053,SayHello,10000,341037
368739538,SayHello,10000,339841
242964544,SayHello,10000,341059
904223223,SayHello,10000,341065
179206727,SayHello,10000,343337
461547717,SayHello,10000,342181
273604433,SayHello,10000,337755
804672332,SayHello,10000,331173
561335825,SayHello,10000,335461
413595376,SayHello,10000,334330
737252565,SayHello,10000,329130
39855625,SayHello,10000,337806
567572027,SayHello,10000,329148
649209083,SayHello,10000,330929
62991487,SayHello,10000,342235
769833842,SayHello,10000,330920
561335832,SayHello,10000,330953
996175955,SayHello,10000,336679
35579234,SayHello,10000,328070
234064389,SayHello,10000,329166
701164037,SayHello,10000,328072
841757159,SayHello,10000,325987
337925625,SayHello,10000,329209
358912995,SayHello,10000,344556
98112105,SayHello,10000,361725
89650612,SayHello,10000,366302
91808381,SayHello,10000,360557
684930614,SayHello,10000,371761
989071851,SayHello,10000,372868
386364621,SayHello,10000,365186
840284611,SayHello,10000,364059
622184,SayHello,10000,358335
15122048,SayHello,10000,361762
927329164,SayHello,10000,356206
377716423,SayHello,10000,360597
439259918,SayHello,10000,367520
375392756,SayHello,10000,366351
681116246,SayHello,10000,355082
86647679,SayHello,10000,360655
654055746,SayHello,10000,363000
33579169,SayHello,10000,352839
800897523,SayHello,10000,355115
698011956,SayHello,10000,367611
881430029,SayHello,10000,352876
9238200,SayHello,10000,350498
176615397,SayHello,10000,353991
9049590,SayHello,10000,356323
865903557,SayHello,10000,353989
856137436,SayHello,10000,350543
744518639,SayHello,10000,350548
125905456,SayHello,10000,352912
403321025,SayHello,10000,343858
639050828,SayHello,10000,355198
527179822,SayHello,10000,351724
449134554,SayHello,10000,350570
759934452,SayHello,10000,344995
166825618,SayHello,10000,345006
866969562,SayHello,10000,344994
221016170,SayHello,10000,342686
636579339,SayHello,10000,338438
817847177,SayHello,10000,345012
417143715,SayHello,10000,339619
411657085,SayHello,10000,345018
710802398,SayHello,10000,346228
695127055,SayHello,10000,338493
519368626,SayHello,10000,336329
156323434,SayHello,10000,334084
643149791,SayHello,10000,334103
754859891,SayHello,10000,349417
363507037,SayHello,10000,326726
279379486,SayHello,10000,342781
821484849,SayHello,10000,335296
894180127,SayHello,10000,327876
946081986,SayHello,10000,338567
379741550,SayHello,10000,327903
732186511,SayHello,10000,332063
694782793,SayHello,10000,334157
105916963,SayHello,10000,344059
646512100,SayHello,10000,323343
728088093,SayHello,10000,325572
212673232,SayHello,10000,326841
520559044,SayHello,10000,325600
836057990,SayHello,10000,344106
210615220,SayHello,10000,325601
166756248,SayHello,10000,324531
64790084,SayHello,10000,323374
830091079,SayHello,10000,322289
678823008,SayHello,10000,322261
780383532,SayHello,10000,318999
879469080,SayHello,10000,316616
339234835,SayHello,10000,325668
986881575,SayHello,10000,323448
354970879,SayHello,10000,320212
601328026,SayHello,10000,311302
180435944,SayHello,10000,325736
217566877,SayHello,10000,319081
852976171,SayHello,10000,313465
259291714,SayHello,10000,317904
929329407,SayHello,10000,311344
583543404,SayHello,10000,316702
590620290,SayHello,10000,310378
760289603,SayHello,10000,309143
888066414,SayHello,10000,309141
626794901,SayHello,10000,317945
4555801,SayHello,10000,311367
816256915,SayHello,10000,317977
556562373,SayHello,10000,305863
879124353,SayHello,10000,305883
717821088,SayHello,10000,295834
3128163,SayHello,10000,302479
167560571,SayHello,10000,297100
838204515,SayHello,10000,304743
32965579,SayHello,10000,294737
727246409,SayHello,10000,303629
794707491,SayHello,10000,297149
930077069,SayHello,10000,291276
152640579,SayHello,10000,300454
469239699,SayHello,10000,292589
902022577,SayHello,10000,304903
494522753,SayHello,10000,293770
153046828,SayHello,10000,309367
963947180,SayHello,10000,354626
70211270,SayHello,10000,354646
632794108,SayHello,10000,355822
659970594,SayHello,10000,358148
920215560,SayHello,10000,354674
912948559,SayHello,10000,351387
918547841,SayHello,10000,355850
365418315,SayHello,10000,351400
976394482,SayHello,10000,351065
419130516,SayHello,10000,351398
247740059,SayHello,10000,349999
557579915,SayHello,10000,351460
746770762,SayHello,10000,351442
263638608,SayHello,10000,348843
194991929,SayHello,10000,354725
49039681,SayHello,10000,343368
373387370,SayHello,10000,344542
286152409,SayHello,10000,348884
859424340,SayHello,10000,338974
648743726,SayHello,10000,346710
371898115,SayHello,10000,333245
635664799,SayHello,10000,346710
359959877,SayHello,10000,348913
555455494,SayHello,10000,335510
333096332,SayHello,10000,326422
551978526,SayHello,10000,336680
565390702,SayHello,10000,341201
209960174,SayHello,10000,330612
661921611,SayHello,10000,341216
306619164,SayHello,10000,326355
855533719,SayHello,10000,330643
145642077,SayHello,10000,325187
86936939,SayHello,10000,334404
116878227,SayHello,10000,323072
140283963,SayHello,10000,337888
666076931,SayHello,10000,344752
783941593,SayHello,10000,350677
555397225,SayHello,10000,351791
996791235,SayHello,10000,343925
317703752,SayHello,10000,347318
295905915,SayHello,10000,356376
677553586,SayHello,10000,348493
290626780,SayHello,10000,342763
594209248,SayHello,10000,343980
682001896,SayHello,10000,351885
364887666,SayHello,10000,346239
164145420,SayHello,10000,342828
461634227,SayHello,10000,337040
703686251,SayHello,10000,339375
871785303,SayHello,10000,340564
274232491,SayHello,10000,342839
553518951,SayHello,10000,347488
984852522,SayHello,10000,338199
592292341,SayHello,10000,339391
901066497,SayHello,10000,333679
426333084,SayHello,10000,339420
146935883,SayHello,10000,345223
673081561,SayHello,10000,332449
99227398,SayHello,10000,334877
791690708,SayHello,10000,337113
866998984,SayHello,10000,349756
600512505,SayHello,10000,332504
894344601,SayHello,10000,325914
154880193,SayHello,10000,332600
980668812,SayHello,10000,336046
298505375,SayHello,10000,331323
630309274,SayHello,10000,325923
449393452,SayHello,10000,324799
699851059,SayHello,10000,323642
229424299,SayHello,10000,320366
930924638,SayHello,10000,323639
256820154,SayHello,10000,331355
449486899,SayHello,10000,333830
906221636,SayHello,10000,318090
742105164,SayHello,10000,321557
146801979,SayHello,10000,343030
25832064,SayHello,10000,318128
393701165,SayHello,10000,330268
168417516,SayHello,10000,313787
515466812,SayHello,10000,321586
699439799,SayHello,10000,329137
244294026,SayHello,10000,312712
60488001,SayHello,10000,311544
151262376,SayHello,10000,319316
788400637,SayHello,10000,318160
444520910,SayHello,10000,329202
386630786,SayHello,10000,315066
470514558,SayHello,10000,309280
137401895,SayHello,10000,311571
511610887,SayHello,10000,312697
510106383,SayHello,10000,301747
885582805,SayHello,10000,319385
361197272,SayHello,10000,302986
77235881,SayHello,10000,310471
171408415,SayHello,10000,301700
550502564,SayHello,10000,308193
125095170,SayHello,10000,303011
626134127,SayHello,10000,298086
510925225,SayHello,10000,298113
162493632,SayHello,10000,301754
715854896,SayHello,10000,310534
867065534,SayHello,10000,294574
458603181,SayHello,10000,295845
524182978,SayHello,10000,314027
874606590,SayHello,10000,300348
359314818,SayHello,10000,301815
858470318,SayHello,10000,293462
653559807,SayHello,10000,301788
384228,SayHello,10000,290098
758380779,SayHello,10000,291286
420769891,SayHello,10000,295986
725613483,SayHello,10000,295856
188118230,SayHello,10000,286961
596974314,SayHello,10000,281790
973893793,SayHello,10000,291322
681779650,SayHello,10000,281914
9941964,SayHello,10000,297929
227740832,SayHello,10000,293660
144942202,SayHello,10000,353896
226760762,SayHello,10000,348206
853294350,SayHello,10000,349521
827910112,SayHello,10000,348224
238454466,SayHello,10000,344891
913155786,SayHello,10000,360362
46734841,SayHello,10000,351799
178480287,SayHello,10000,341603
720516091,SayHello,10000,341590
935687723,SayHello,10000,348447
111777865,SayHello,10000,354058
91788309,SayHello,10000,340418
228876177,SayHello,10000,340511
975299262,SayHello,10000,343840
95099313,SayHello,10000,340507
388155600,SayHello,10000,338251
568819371,SayHello,10000,338250
893278384,SayHello,10000,336972
638810408,SayHello,10000,335807
81988844,SayHello,10000,343891
550362269,SayHello,10000,335817
95238790,SayHello,10000,335879
750241605,SayHello,10000,334715
943692602,SayHello,10000,333542
895102434,SayHello,10000,333482
767747729,SayHello,10000,338325
934223954,SayHello,10000,341774
843110082,SayHello,10000,332262
896313345,SayHello,10000,329447
198966471,SayHello,10000,329891
485698406,SayHello,10000,331112
939452994,SayHello,10000,348651
118176833,SayHello,10000,330023
44474121,SayHello,10000,372706
58139537,SayHello,10000,373839
324786577,SayHello,10000,372688
705589505,SayHello,10000,372691
625933653,SayHello,10000,373872
382468633,SayHello,10000,371409
964964232,SayHello,10000,370321
368789482,SayHello,10000,371421
272898647,SayHello,10000,370324
278839422,SayHello,10000,368185
723100792,SayHello,10000,375159
3135662,SayHello,10000,368178
24762273,SayHello,10000,366870
138289119,SayHello,10000,364688
693022359,SayHello,10000,366898
27536923,SayHello,10000,371484
345237965,SayHello,10000,372845
856004544,SayHello,10000,368227
960170952,SayHello,10000,371500
968071392,SayHello,10000,362226
661564021,SayHello,10000,363324
716498317,SayHello,10000,363588
461923455,SayHello,10000,360063
156862862,SayHello,10000,364773
625474193,SayHello,10000,356736
349353286,SayHello,10000,362258
91850190,SayHello,10000,354593
586888473,SayHello,10000,356783
737754266,SayHello,10000,353457
301216884,SayHello,10000,363654
919639334,SayHello,10000,353405
239707956,SayHello,10000,368324
992054030,SayHello,10000,353431
956052659,SayHello,10000,352345
388143327,SayHello,10000,347834
772343937,SayHello,10000,363686
95151726,SayHello,10000,358017
779274141,SayHello,10000,345542
766175001,SayHello,10000,345542
397935261,SayHello,10000,347873
165211007,SayHello,10000,346677
448171086,SayHello,10000,346683
932586869,SayHello,10000,351236
891654629,SayHello,10000,346733
915074841,SayHello,10000,349057
176693364,SayHello,10000,344487
797159811,SayHello,10000,347890
940008814,SayHello,10000,349066
301636938,SayHello,10000,351280
905542595,SayHello,10000,345605
195799475,SayHello,10000,344497
852078741,SayHello,10000,346762
98988481,SayHello,10000,343313
999733167,SayHello,10000,341042
59179325,SayHello,10000,342212
471037720,SayHello,10000,345656
440695270,SayHello,10000,338860
656629432,SayHello,10000,340007
939355130,SayHello,10000,334706
571807681,SayHello,10000,341114
7036635,SayHello,10000,344601
172183848,SayHello,10000,344581
347992127,SayHello,10000,334527
341348061,SayHello,10000,332434
665275717,SayHello,10000,334731
346964822,SayHello,10000,342310
563091348,SayHello,10000,323960
366147894,SayHello,10000,338923
902875700,SayHello,10000,326329
24543143,SayHello,10000,323181
142377075,SayHello,10000,323988
175303919,SayHello,10000,332511
453743480,SayHello,10000,325227
216682146,SayHello,10000,325255
556271139,SayHello,10000,320371
683017235,SayHello,10000,312836
25229393,SayHello,10000,312746
986397801,SayHello,10000,332580
669217680,SayHello,10000,315121
724780324,SayHello,10000,315119
549253287,SayHello,10000,313997
259771809,SayHello,10000,321572
176236198,SayHello,10000,311722
413963744,SayHello,10000,312898
480558333,SayHello,10000,308398
966095394,SayHello,10000,311730
455377569,SayHello,10000,309551
887283995,SayHello,10000,334967
616071406,SayHello,10000,310864
285184733,SayHello,10000,306500
804347996,SayHello,10000,326734
610404486,SayHello,10000,303261
637375587,SayHello,10000,305406
13933943,SayHello,10000,316594
926669161,SayHello,10000,342751
752722689,SayHello,10000,343888
95901111,SayHello,10000,340664
700273347,SayHello,10000,342781
894652689,SayHello,10000,342816
208662370,SayHello,10000,342815
179040557,SayHello,10000,342826
842177007,SayHello,10000,340694
539913141,SayHello,10000,338430
301523150,SayHello,10000,340709
290697630,SayHello,10000,338431
231393906,SayHello,10000,348291
842319916,SayHello,10000,343964
596812218,SayHello,10000,337219
618458731,SayHello,10000,340763
196426934,SayHello,10000,344004
698554727,SayHello,10000,334966
372526782,SayHello,10000,337244
519539684,SayHello,10000,336111
471961503,SayHello,10000,332807
739608506,SayHello,10000,331657
331262213,SayHello,10000,326107
141146349,SayHello,10000,330459
799582837,SayHello,10000,332845
496226486,SayHello,10000,327281
254863861,SayHello,10000,335057
78569960,SayHello,10000,338575
775277319,SayHello,10000,320736
499032667,SayHello,10000,331715
288917233,SayHello,10000,330521
584388016,SayHello,10000,311713
370826070,SayHello,10000,316252
841988555,SayHello,10000,323094
115210554,SayHello,10000,312937
194877657,SayHello,10000,318551
663052146,SayHello,10000,317434
933063220,SayHello,10000,319711
290514528,SayHello,10000,309574
866954708,SayHello,10000,318586
712807042,SayHello,10000,320810
294399431,SayHello,10000,308444
585670772,SayHello,10000,315120
28764356,SayHello,10000,322032
171731385,SayHello,10000,300346
572072912,SayHello,10000,316281
969000743,SayHello,10000,320882
701278893,SayHello,10000,301514
517248600,SayHello,10000,309619
183361105,SayHello,10000,289841
158520549,SayHello,10000,327481
501993854,SayHello,10000,302714
826008510,SayHello,10000,289857
53716779,SayHello,10000,309765
154124992,SayHello,10000,326462
871269814,SayHello,10000,296215
480083019,SayHello,10000,344589
538119373,SayHello,10000,343323
131587356,SayHello,10000,343404
64432272,SayHello,10000,345764
310445669,SayHello,10000,340236
967956484,SayHello,10000,343342
73034579,SayHello,10000,340253
923855334,SayHello,10000,334663
685434709,SayHello,10000,344639
51584398,SayHello,10000,337962
244612431,SayHello,10000,339119
3005757,SayHello,10000,349916
822290418,SayHello,10000,333563
763450321,SayHello,10000,332421
459326967,SayHello,10000,359331
549753359,SayHello,10000,332394
912122229,SayHello,10000,332437
700594278,SayHello,10000,327816
453263500,SayHello,10000,332402
811769172,SayHello,10000,326657
391156219,SayHello,10000,324383
633599248,SayHello,10000,328977
934591807,SayHello,10000,335927
508383469,SayHello,10000,324430
598308614,SayHello,10000,326718
583854667,SayHello,10000,325602
903615419,SayHello,10000,324476
747370107,SayHello,10000,321537
331719427,SayHello,10000,317938
401420123,SayHello,10000,317952
985104713,SayHello,10000,322233
301911242,SayHello,10000,313789
841714262,SayHello,10000,313771
586463849,SayHello,10000,324639
57995829,SayHello,10000,320509
402795923,SayHello,10000,330394
857447063,SayHello,10000,350354
325018303,SayHello,10000,350420
503966180,SayHello,10000,348103
184917426,SayHello,10000,350414
218864559,SayHello,10000,348077
611951722,SayHello,10000,351783
990976366,SayHello,10000,349292
790522313,SayHello,10000,349288
178483954,SayHello,10000,358454
13792808,SayHello,10000,349317
311102761,SayHello,10000,350451
788562674,SayHello,10000,348120
481561559,SayHello,10000,346959
630845284,SayHello,10000,342379
908695731,SayHello,10000,345669
200227415,SayHello,10000,344571
521823151,SayHello,10000,339216
279272538,SayHello,10000,339236
69882529,SayHello,10000,345802
806295241,SayHello,10000,337955
974239425,SayHello,10000,339232
502526731,SayHello,10000,339253
784013231,SayHello,10000,336809
769532873,SayHello,10000,345713
923927306,SayHello,10000,336809
981859292,SayHello,10000,333581
274967147,SayHello,10000,330364
378319522,SayHello,10000,332480
990405901,SayHello,10000,342478
290007363,SayHello,10000,329265
923015803,SayHello,10000,336863
94405686,SayHello,10000,333626
568903630,SayHello,10000,333636
213143351,SayHello,10000,326976
627865788,SayHello,10000,330426
260497621,SayHello,10000,325825
91768004,SayHello,10000,324714
162793400,SayHello,10000,325905
248025905,SayHello,10000,328165
550615871,SayHello,10000,327021
128968297,SayHello,10000,323599
464720829,SayHello,10000,325938
198910544,SayHello,10000,324737
885083492,SayHello,10000,323610
954902456,SayHello,10000,322360
638836694,SayHello,10000,324777
343017806,SayHello,10000,323623
443330642,SayHello,10000,322368
587108318,SayHello,10000,318949
984509299,SayHello,10000,318941
345988967,SayHello,10000,328236
544779560,SayHello,10000,320123
245809193,SayHello,10000,316741
393480006,SayHello,10000,314452
870274897,SayHello,10000,324814
741165032,SayHello,10000,307163
421636213,SayHello,10000,305973
662046452,SayHello,10000,315567
214742520,SayHello,10000,311337
405935675,SayHello,10000,319019
920956101,SayHello,10000,304801
539339173,SayHello,10000,305997
771646296,SayHello,10000,302463
341546720,SayHello,10000,315601
701739930,SayHello,10000,321329
290291459,SayHello,10000,305982
692357208,SayHello,10000,300216
579162068,SayHello,10000,296938
896376448,SayHello,10000,304845
692479467,SayHello,10000,295704
440821320,SayHello,10000,296980
707570925,SayHello,10000,320238
137627652,SayHello,10000,300253
994746672,SayHello,10000,291608
56051938,SayHello,10000,301421
3446947,SayHello,10000,295765
415971709,SayHello,10000,289446
877113681,SayHello,10000,294641
628194397,SayHello,10000,292786
757297008,SayHello,10000,286016
716566454,SayHello,10000,288341
521963737,SayHello,10000,285017
217005688,SayHello,10000,287364
798845714,SayHello,10000,289656
624391975,SayHello,10000,303931
788282557,SayHello,10000,286196
495897265,SayHello,10000,282798
972508698,SayHello,10000,287426
193223105,SayHello,10000,283934
266915354,SayHello,10000,283953
345206574,SayHello,10000,360721
275743063,SayHello,10000,357356
790850130,SayHello,10000,356078
684715128,SayHello,10000,357345
850263011,SayHello,10000,352739
979592305,SayHello,10000,357348
56337317,SayHello,10000,358555
237316529,SayHello,10000,361991
628612182,SayHello,10000,350495
893137347,SayHello,10000,352773
993010305,SayHello,10000,351681
800838675,SayHello,10000,352797
359196106,SayHello,10000,350543
546966381,SayHello,10000,354019
329845919,SayHello,10000,365541
904625371,SayHello,10000,344499
81321787,SayHello,10000,351687
495997035,SayHello,10000,345707
346688964,SayHello,10000,349437
449719483,SayHello,10000,348232
437713940,SayHello,10000,345991
462679843,SayHello,10000,347187
440715609,SayHello,10000,341786
663704993,SayHello,10000,349611
664853553,SayHello,10000,344666
354212081,SayHello,10000,346030
822511428,SayHello,10000,341824
85287998,SayHello,10000,110196323
535793410,SayHello,10000,110183699
147335209,SayHello,10000,110183687
767172576,SayHello,10000,110184923
285295666,SayHello,10000,110183719
122530869,SayHello,10000,110188013
210205360,SayHello,10000,110183701
658215599,SayHello,10000,110183257
850773236,SayHello,10000,110179944
207869332,SayHello,10000,110177777
839964854,SayHello,10000,110186269
625892512,SayHello,10000,110181139
360529869,SayHello,10000,110183738
63397586,SayHello,10000,110177780
482891680,SayHello,10000,110179971
604813989,SayHello,10000,110186289
813923713,SayHello,10000,110175619
452062021,SayHello,10000,110168942
388522540,SayHello,10000,110180006
163825924,SayHello,10000,110183295
860753788,SayHello,10000,110175636
517508532,SayHello,10000,110165649
732627904,SayHello,10000,110172216
667517391,SayHello,10000,110164289
2689807,SayHello,10000,110173429
707980069,SayHello,10000,110165387
670391550,SayHello,10000,110165411
203790178,SayHello,10000,110161909
868001870,SayHello,10000,110165706
776317975,SayHello,10000,110173507
995223157,SayHello,10000,110163137
142271929,SayHello,10000,110169002
4816563,SayHello,10000,110163150
315548377,SayHello,10000,110163142
846835737,SayHello,10000,110159591
628410367,SayHello,10000,110159460
559526456,SayHello,10000,110159469
460408576,SayHello,10000,110160803
704795801,SayHello,10000,110165745
190412333,SayHello,10000,110155911
109550257,SayHello,10000,110153514
383634533,SayHello,10000,110154732
321467733,SayHello,10000,110157112
922284210,SayHello,10000,110153495
340004919,SayHello,10000,110159660
80348803,SayHello,10000,110155961
148642650,SayHello,10000,110153492
217656021,SayHello,10000,110150958
225279002,SayHello,10000,110147626
127626063,SayHello,10000,110145187
534735684,SayHello,10000,110149807
85930702,SayHello,10000,110146326
202878446,SayHello,10000,110145185
744115946,SayHello,10000,110159584
746806506,SayHello,10000,110142784
155175899,SayHello,10000,110147603
792041011,SayHello,10000,110135017
950475021,SayHello,10000,110133881
733011110,SayHello,10000,110133867
873542843,SayHello,10000,110146395
968906764,SayHello,10000,110136234
437168734,SayHello,10000,110144032
729248284,SayHello,10000,110139649
103797085,SayHello,10000,110129335
933314763,SayHello,10000,110132731
172013840,SayHello,10000,110142843
857329407,SayHello,10000,110132680
248069988,SayHello,10000,110153628
486917786,SayHello,10000,110131578
280159810,SayHello,10000,110132737
749112054,SayHello,10000,110123424
450652447,SayHello,10000,110128173
531557918,SayHello,10000,110137478
3152084,SayHello,10000,110122228
373031164,SayHello,10000,110123425
361577773,SayHello,10000,110128157
851161752,SayHello,10000,110128152
729421656,SayHello,10000,110126809
57016221,SayHello,10000,110119691
384533546,SayHello,10000,110119701
441905357,SayHello,10000,110121076
679141507,SayHello,10000,110119877
339744109,SayHello,10000,110117562
187071630,SayHello,10000,110119729
299669226,SayHello,10000,110119705
494368067,SayHello,10000,110117586
245958258,SayHello,10000,110114425
717047387,SayHello,10000,110117589
953831214,SayHello,10000,110113641
701833898,SayHello,10000,110119962
534076028,SayHello,10000,110111183
297871855,SayHello,10000,110119758
789564176,SayHello,10000,110108804
665051008,SayHello,10000,110106474
573672502,SayHello,10000,110112372
627551974,SayHello,10000,110124765
451280738,SayHello,10000,110113659
982401327,SayHello,10000,110105334
197864576,SayHello,10000,110110034
712183807,SayHello,10000,110107697
488363188,SayHello,10000,110104135
826861496,SayHello,10000,110105350
260469009,SayHello,10000,110099530
560811386,SayHello,10000,110103023
962266783,SayHello,10000,110113706
759775386,SayHello,10000,110101853
678123897,SayHello,10000,110108850
552365943,SayHello,10000,110108875
145711319,SayHello,10000,110101870
63388147,SayHello,10000,110098684
148716056,SayHello,10000,110099919
60871364,SayHello,10000,110096389
112119154,SayHello,10000,110094225
507667932,SayHello,10000,110105768
617000779,SayHello,10000,110097566
28521177,SayHello,10000,110091919
414311101,SayHello,10000,110090774
660046096,SayHello,10000,110089617
120712724,SayHello,10000,110094266
12555631,SayHello,10000,110091977
376819028,SayHello,10000,110088267
758744697,SayHello,10000,110093113
964045422,SayHello,10000,110089639
168396231,SayHello,10000,110090780
54534175,SayHello,10000,110089652
323749507,SayHello,10000,110091984
442681333,SayHello,10000,110086095
456340155,SayHello,10000,110082746
163437521,SayHello,10000,110086093
20171011,SayHello,10000,110082748
186706974,SayHello,10000,110104677
291423690,SayHello,10000,110083938
415805719,SayHello,10000,110088317
616249531,SayHello,10000,110083943
434790558,SayHello,10000,110080527
392884872,SayHello,10000,110088458
761742478,SayHello,10000,110079386
906553724,SayHello,10000,110079391
152551540,SayHello,10000,110077243
394887256,SayHello,10000,110076039
860227122,SayHello,10000,110076053
613110375,SayHello,10000,110074735
513398974,SayHello,10000,110092081
370457379,SayHello,10000,110072581
751174159,SayHello,10000,110069464
54846482,SayHello,10000,110072571
173067846,SayHello,10000,110081690
730927274,SayHello,10000,110069500
829940696,SayHello,10000,110076090
414065489,SayHello,10000,110069497
585428186,SayHello,10000,110068441
786280670,SayHello,10000,110070117
987163039,SayHello,10000,110068448
293018163,SayHello,10000,110059720
110270120,SayHello,10000,110064161
86730340,SayHello,10000,110062032
485743428,SayHello,10000,110067346
519589070,SayHello,10000,110059755
720299541,SayHello,10000,110058622
886204184,SayHello,10000,110060928
212335179,SayHello,10000,110057515
192639847,SayHello,10000,110068521
440973534,SayHello,10000,110064186
364056432,SayHello,10000,110053231
427894560,SayHello,10000,110064233
490557412,SayHello,10000,110052134
442837447,SayHello,10000,110053290
376270310,SayHello,10000,110053235
128941931,SayHello,10000,110068538
976671084,SayHello,10000,110049863
873132091,SayHello,10000,110048744
522973241,SayHello,10000,110047645
145543316,SayHello,10000,110046507
348105113,SayHello,10000,110045255
515515119,SayHello,10000,110046501
431093798,SayHello,10000,110059848
123359169,SayHello,10000,110045274
896724501,SayHello,10000,110046527
913017714,SayHello,10000,110051057
908552885,SayHello,10000,110054463
418704038,SayHello,10000,110045271
960409938,SayHello,10000,110061019
623543400,SayHello,10000,110045269
467295273,SayHello,10000,110045287
341649187,SayHello,10000,110042919
815420228,SayHello,10000,110039480
614087505,SayHello,10000,110044078
406182018,SayHello,10000,110038292
294874075,SayHello,10000,110038298
195501769,SayHello,10000,110046588
624328016,SayHello,10000,110040720
908991483,SayHello,10000,110038315
671330170,SayHello,10000,110037229
90340628,SayHello,10000,110038396
972747671,SayHello,10000,110040763
913299252,SayHello,10000,110036118
734276358,SayHello,10000,110034857
480296625,SayHello,10000,110038340
659286183,SayHello,10000,110036147
927061292,SayHello,10000,110034896
301773730,SayHello,10000,110036143
435646626,SayHello,10000,110033747
777966972,SayHello,10000,110053417
879949232,SayHello,10000,110032518
481982361,SayHello,10000,110032562
771903693,SayHello,10000,110033763
35976064,SayHello,10000,110029274
142764455,SayHello,10000,110030420
604596958,SayHello,10000,110043038
874779113,SayHello,10000,110030427
184280020,SayHello,10000,110028027
302826275,SayHello,10000,110026807
649062870,SayHello,10000,110032600
975967758,SayHello,10000,110029288
175021384,SayHello,10000,110026805
916281854,SayHello,10000,110032587
808088807,SayHello,10000,110028076
570764806,SayHello,10000,110026830
538446749,SayHello,10000,110026837
761674102,SayHello,10000,110020679
875253011,SayHello,10000,110017424
608863203,SayHello,10000,110019554
787807480,SayHello,10000,110025141
417619068,SayHello,10000,110015317
936249510,SayHello,10000,110015312
827370993,SayHello,10000,110039678
635532608,SayHello,10000,110014277
563866671,SayHello,10000,110024072
680165994,SayHello,10000,110027092
265739099,SayHello,10000,110008144
360235376,SayHello,10000,110013763
453018234,SayHello,10000,110004913
70451992,SayHello,10000,110031201
806481865,SayHello,10000,110013787
858414175,SayHello,10000,110008180
993985555,SayHello,10000,110004931
962737869,SayHello,10000,110011494
439727825,SayHello,10000,110012656
858633622,SayHello,10000,110004945
938685194,SayHello,10000,110003769
505361028,SayHello,10000,110000275
431081064,SayHello,10000,110003779
465738021,SayHello,10000,110000274
816579452,SayHello,10000,110003803
336513095,SayHello,10000,110000296
136880378,SayHello,10000,110002570
436204297,SayHello,10000,109997092
493623764,SayHello,10000,110003831
745899303,SayHello,10000,109996010
702557617,SayHello,10000,110000289
489780487,SayHello,10000,109997105
640228761,SayHello,10000,109998225
78723003,SayHello,10000,109992815
144249989,SayHello,10000,110022674
213275004,SayHello,10000,109992812
629080301,SayHello,10000,109991623
604308634,SayHello,10000,109993943
453236587,SayHello,10000,109997120
765296526,SayHello,10000,109991644
21697940,SayHello,10000,110001491
957723427,SayHello,10000,109986329
293079993,SayHello,10000,110010472
165629284,SayHello,10000,109986390
552178726,SayHello,10000,109990533
719985535,SayHello,10000,109984001
379574929,SayHello,10000,109993972
913210577,SayHello,10000,109983998
556024563,SayHello,10000,109985172
937249562,SayHello,10000,109978431
272528116,SayHello,10000,109986359
296346297,SayHello,10000,109978452
39678449,SayHello,10000,109978416
872330638,SayHello,10000,109981915
954593738,SayHello,10000,109979643
341906945,SayHello,10000,109991752
366424664,SayHello,10000,109978481
232544469,SayHello,10000,109978434
680060012,SayHello,10000,109977301
641648299,SayHello,10000,109973043
998643832,SayHello,10000,109980811
196308457,SayHello,10000,109978434
319500697,SayHello,10000,109970879
658103451,SayHello,10000,109968541
559126827,SayHello,10000,109977353
345906573,SayHello,10000,109968544
875495095,SayHello,10000,109966470
659030787,SayHello,10000,109969745
346243309,SayHello,10000,109968544
951092599,SayHello,10000,109967389
308756152,SayHello,10000,109965261
54927051,SayHello,10000,109963934
230595353,SayHello,10000,109965244
762938312,SayHello,10000,109961625
472383209,SayHello,10000,109962797
243425271,SayHello,10000,109965286
103947383,SayHello,10000,109961659
756387465,SayHello,10000,109959348
717592279,SayHello,10000,109961580
673682151,SayHello,10000,109960496
21916091,SayHello,10000,109959354
97137706,SayHello,10000,109965299
448216989,SayHello,10000,109977460
785391051,SayHello,10000,109957737
177812445,SayHello,10000,109954626
640363444,SayHello,10000,109948246
180497535,SayHello,10000,109953499
791455779,SayHello,10000,109962224
225478215,SayHello,10000,109948238
472478827,SayHello,10000,109953539
331288613,SayHello,10000,109952377
439873104,SayHello,10000,109952388
723851674,SayHello,10000,109948281
92801480,SayHello,10000,109947159
249055226,SayHello,10000,109952393
635436213,SayHello,10000,109945960
341637929,SayHello,10000,109962260
800394900,SayHello,10000,109952398
11922568,SayHello,10000,109946017
546674535,SayHello,10000,109945980
361381569,SayHello,10000,109944868
283528976,SayHello,10000,109954713
928698147,SayHello,10000,109943679
230858449,SayHello,10000,109944900
910795991,SayHello,10000,109957858
737534793,SayHello,10000,109946041
578347323,SayHello,10000,109940289
474571255,SayHello,10000,109941463
429018709,SayHello,10000,109943728
487303129,SayHello,10000,109941465
984761574,SayHello,10000,109942639
438005898,SayHello,10000,109946040
95265748,SayHello,10000,109940331
867832269,SayHello,10000,109935757
598944584,SayHello,10000,109938095
952836683,SayHello,10000,109942655
912838601,SayHello,10000,109936922
24134862,SayHello,10000,109943776
658240248,SayHello,10000,109935773
923758925,SayHello,10000,109940375
69626370,SayHello,10000,109934379
287997940,SayHello,10000,109941536
755229659,SayHello,10000,109935776
403605859,SayHello,10000,109938139
94110167,SayHello,10000,109933110
562176489,SayHello,10000,109934390
278905424,SayHello,10000,109933160
625866919,SayHello,10000,109934415
672629494,SayHello,10000,109933154
922546354,SayHello,10000,109930906
885734613,SayHello,10000,109933191
829716975,SayHello,10000,109935852
532350667,SayHello,10000,109932075
200023114,SayHello,10000,109930878
104100447,SayHello,10000,109928396
481187740,SayHello,10000,109930909
336007282,SayHello,10000,109929482
117689000,SayHello,10000,109925958
211240337,SayHello,10000,109924838
670936611,SayHello,10000,109927140
262030586,SayHello,10000,109928424
432971992,SayHello,10000,109937090
225196038,SayHello,10000,109919269
974893945,SayHello,10000,109930945
17380987,SayHello,10000,109934530
577801147,SayHello,10000,109921602
285080649,SayHello,10000,109926009
493602465,SayHello,10000,109921335
144834559,SayHello,10000,109917994
245317718,SayHello,10000,109923621
602247033,SayHello,10000,109879995
349551834,SayHello,10000,109922453
999359527,SayHello,10000,109918006
847559337,SayHello,10000,109915690
358421079,SayHello,10000,109866426
399111772,SayHello,10000,109905272
339370439,SayHello,10000,109900639
109454433,SayHello,10000,109914461
248899079,SayHello,10000,109914455
995635892,SayHello,10000,109906567
284964651,SayHello,10000,109884461
509839980,SayHello,10000,109916904
536528465,SayHello,10000,109881175
583629620,SayHello,10000,109914563
314157768,SayHello,10000,109902852
911177773,SayHello,10000,109886796
865942867,SayHello,10000,109895247
658141549,SayHello,10000,109881222
788496663,SayHello,10000,109915769
456549129,SayHello,10000,109910043
332321883,SayHello,10000,109896429
377125,SayHello,10000,109876617
858266198,SayHello,10000,109908925
144218194,SayHello,10000,109885681
785805347,SayHello,10000,109877872
777610430,SayHello,10000,109892983
612239131,SayHello,10000,109884522
266736636,SayHello,10000,109914623
334650915,SayHello,10000,109898611
733875396,SayHello,10000,109907811
247681539,SayHello,10000,109910094
366013791,SayHello,10000,109904094
999051236,SayHello,10000,109876689
830021387,SayHello,10000,109875529
339495489,SayHello,10000,109879075
187420750,SayHello,10000,109875543
672173744,SayHello,10000,109914697
13737842,SayHello,10000,109894205
592473496,SayHello,10000,109877947
163049901,SayHello,10000,109885785
365357467,SayHello,10000,109898693
53643386,SayHello,10000,109906630
261083569,SayHello,10000,109870153
560131869,SayHello,10000,109884638
736565713,SayHello,10000,109874445
760356291,SayHello,10000,109904177
126381862,SayHello,10000,109876676
242914505,SayHello,10000,109869006
848760572,SayHello,10000,109905452
846670824,SayHello,10000,109900861
871050697,SayHello,10000,109872316
103820830,SayHello,10000,109913331
254241504,SayHello,10000,109852725
812207335,SayHello,10000,109896588
648956396,SayHello,10000,109905480
461483253,SayHello,10000,109866667
471235126,SayHello,10000,109862013
582278784,SayHello,10000,109864156
821224171,SayHello,10000,109859699
59967204,SayHello,10000,109859687
160100453,SayHello,10000,109865590
959783082,SayHello,10000,109860886
426163117,SayHello,10000,109857446
859823938,SayHello,10000,109878090
196495931,SayHello,10000,109865579
833922261,SayHello,10000,109866720
802511556,SayHello,10000,109867902
103432292,SayHello,10000,109847726
18500003,SayHello,10000,109893205
55484981,SayHello,10000,109874573
612705793,SayHello,10000,109865620
395034595,SayHello,10000,109859762
671578683,SayHello,10000,109855161
312535151,SayHello,10000,109865657
843454760,SayHello,10000,109869181
286081789,SayHello,10000,109851623
333494631,SayHello,10000,109851631
648113787,SayHello,10000,109869201
455385160,SayHello,10000,109856360
237050447,SayHello,10000,109852799
77506468,SayHello,10000,109840215
904017332,SayHello,10000,109869229
271622001,SayHello,10000,109851723
722283116,SayHello,10000,109866868
562684255,SayHello,10000,109842374
683121911,SayHello,10000,109856422
497151470,SayHello,10000,109838101
619372068,SayHello,10000,109836939
681052146,SayHello,10000,109852885
647514975,SayHello,10000,109854110
992224994,SayHello,10000,109861064
843228049,SayHello,10000,109843562
798528017,SayHello,10000,109840297
785202258,SayHello,10000,109847889
34915303,SayHello,10000,109849006
886053825,SayHello,10000,109849026
486631872,SayHello,10000,109847922
307334249,SayHello,10000,109849047
502949467,SayHello,10000,109852916
973849600,SayHello,10000,109838204
58500538,SayHello,10000,109837114
447637062,SayHello,10000,109835043
816406166,SayHello,10000,109835044
295039886,SayHello,10000,109845158
462397161,SayHello,10000,109833894
729381989,SayHello,10000,109851213
504604261,SayHello,10000,109833898
92587310,SayHello,10000,109827282
926837795,SayHello,10000,109836186
91061847,SayHello,10000,109831786
592243209,SayHello,10000,109827283
47676964,SayHello,10000,109836232
466427674,SayHello,10000,109828469
163322151,SayHello,10000,109824950
811884865,SayHello,10000,109829684
710219492,SayHello,10000,109826150
520820079,SayHello,10000,109823490
63897974,SayHello,10000,109836274
817574373,SayHello,10000,109824984
18633101,SayHello,10000,109823481
600634522,SayHello,10000,109825009
246340343,SayHello,10000,109823547
107039462,SayHello,10000,109823548
989023277,SayHello,10000,109818065
246469642,SayHello,10000,109825036
905664018,SayHello,10000,109816928
609489742,SayHello,10000,109825032
404788701,SayHello,10000,109819208
293078522,SayHello,10000,109820340
588643580,SayHello,10000,109816944
658826715,SayHello,10000,109819209
538739912,SayHello,10000,109826246
988132439,SayHello,10000,109815757
441400373,SayHello,10000,109814637
605735161,SayHello,10000,109812391
319181618,SayHello,10000,109816975
721838518,SayHello,10000,109813506
137784337,SayHello,10000,109812421
54216418,SayHello,10000,109811333
167649693,SayHello,10000,109813593
22372993,SayHello,10000,109823723
361303995,SayHello,10000,109814744
362278719,SayHello,10000,7614
