end_to_end,100000,30966
service,100000,229
end_to_end,100000,28195
service,100000,8784
end_to_end,800000,34992
service,800000,4258
end_to_end,800000,14313
service,800000,4926
end_to_end,100000,16219
service,100000,2868
end_to_end,800000,21561
service,800000,244
end_to_end,800000,17124
service,800000,635
end_to_end,100000,26179
service,100000,5740
end_to_end,800000,15861
service,800000,248
end_to_end,100000,24117
service,100000,11419
end_to_end,100000,21684
service,100000,4079
end_to_end,800000,16524
service,800000,916
end_to_end,100000,18149
service,100000,963
end_to_end,100000,22058
service,100000,1262
end_to_end,100000,17578
service,100000,1489
end_to_end,800000,22979
service,800000,4165
end_to_end,800000,18865
service,800000,2056
end_to_end,800000,24242
service,800000,2332
end_to_end,800000,22801
service,800000,1524
end_to_end,800000,19298
service,800000,103
end_to_end,800000,22006
service,800000,2161
end_to_end,100000,15795
service,100000,2742
end_to_end,800000,21341
service,800000,2274
end_to_end,800000,29540
service,800000,609
end_to_end,100000,23054
service,100000,3877
end_to_end,800000,23383
service,800000,1971
end_to_end,800000,12800
service,800000,1409
end_to_end,100000,15743
service,100000,1289
end_to_end,800000,29372
service,800000,2705
end_to_end,100000,14098
service,100000,2520
end_to_end,800000,41107
service,800000,1233
end_to_end,800000,35394
service,800000,4364
end_to_end,800000,28739
service,800000,3479
end_to_end,100000,27974
service,100000,3784
end_to_end,800000,9882
service,800000,520
end_to_end,800000,18640
service,800000,4025
end_to_end,800000,17981
service,800000,440
end_to_end,100000,16357
service,100000,823
end_to_end,800000,17843
service,800000,1562
end_to_end,800000,16067
service,800000,1017
end_to_end,800000,31467
service,800000,5919
end_to_end,800000,12658
service,800000,2882
end_to_end,100000,29577
service,100000,1125
end_to_end,100000,10823
service,100000,187
end_to_end,100000,19751
service,100000,2119
end_to_end,100000,22505
service,100000,1689
end_to_end,100000,31223
service,100000,690
end_to_end,100000,30230
service,100000,1982
end_to_end,800000,13829
service,800000,1738
end_to_end,800000,24953
service,800000,5077
end_to_end,800000,21809
service,800000,600
end_to_end,100000,17706
service,100000,377
end_to_end,100000,11608
service,100000,1368
end_to_end,800000,24204
service,800000,1505
end_to_end,800000,19379
service,800000,1232
end_to_end,800000,14419
service,800000,2720
end_to_end,100000,9400
service,100000,1578
end_to_end,100000,16038
service,100000,256
end_to_end,800000,29538
service,800000,10416
end_to_end,800000,38922
service,800000,265
end_to_end,800000,26442
service,800000,6970
end_to_end,800000,16017
service,800000,451
end_to_end,100000,40843
service,100000,2520
end_to_end,800000,21874
service,800000,98
end_to_end,800000,18441
service,800000,845
end_to_end,100000,30169
service,100000,6251
end_to_end,800000,27741
service,800000,1628
end_to_end,100000,9075
service,100000,1768
end_to_end,100000,11345
service,100000,308
end_to_end,100000,14990
service,100000,2398
end_to_end,100000,17628
service,100000,830
end_to_end,100000,15355
service,100000,5084
end_to_end,800000,34269
service,800000,1175
end_to_end,800000,9513
service,800000,2094
end_to_end,100000,26270
service,100000,7006
end_to_end,800000,17849
service,800000,2313
end_to_end,100000,14878
service,100000,630
end_to_end,800000,19555
service,800000,1188
end_to_end,100000,25449
service,100000,2249
end_to_end,100000,25389
service,100000,1996
end_to_end,800000,13261
service,800000,378
end_to_end,800000,22443
service,800000,797
end_to_end,100000,35520
service,100000,1756
end_to_end,100000,21544
service,100000,598
end_to_end,100000,34118
service,100000,572
end_to_end,800000,22919
service,800000,86
end_to_end,800000,25796
service,800000,897
end_to_end,800000,12528
service,800000,3652
end_to_end,100000,7746
service,100000,408
end_to_end,800000,43939
service,800000,6455
end_to_end,100000,23964
service,100000,1423
end_to_end,100000,18600
service,100000,1814
end_to_end,800000,15551
service,800000,1264
end_to_end,100000,28013
service,100000,5291
end_to_end,800000,13744
service,800000,1246
end_to_end,100000,17069
service,100000,145
end_to_end,100000,26439
service,100000,8631
end_to_end,800000,17606
service,800000,197
end_to_end,800000,19792
service,800000,688
end_to_end,800000,24036
service,800000,1217
end_to_end,100000,18465
service,100000,54
end_to_end,800000,23712
service,800000,574
end_to_end,100000,17973
service,100000,505
end_to_end,100000,8346
service,100000,596
end_to_end,100000,18584
service,100000,88
end_to_end,800000,20686
service,800000,352
end_to_end,100000,21118
service,100000,4760
end_to_end,100000,30533
service,100000,1394
end_to_end,100000,16417
service,100000,616
end_to_end,100000,27613
service,100000,6011
end_to_end,100000,12716
service,100000,277
end_to_end,800000,21500
service,800000,1504
end_to_end,100000,16851
service,100000,1925
end_to_end,100000,32250
service,100000,571
end_to_end,800000,12835
service,800000,97
end_to_end,100000,19347
service,100000,2548
end_to_end,800000,17292
service,800000,1507
end_to_end,100000,18728
service,100000,327
end_to_end,800000,19108
service,800000,1901
end_to_end,100000,20566
service,100000,2708
end_to_end,100000,17702
service,100000,134
end_to_end,800000,16616
service,800000,1371
end_to_end,100000,17248
service,100000,489
end_to_end,100000,15706
service,100000,874
end_to_end,800000,15863
service,800000,61
end_to_end,800000,19341
service,800000,1340
end_to_end,100000,13739
service,100000,2456
end_to_end,100000,14532
service,100000,2872
end_to_end,800000,26497
service,800000,1691
end_to_end,800000,29737
service,800000,4362
end_to_end,800000,11052
service,800000,410
end_to_end,800000,18081
service,800000,2488
end_to_end,800000,21719
service,800000,3960
end_to_end,800000,18451
service,800000,874
end_to_end,100000,22610
service,100000,851
end_to_end,100000,13437
service,100000,1516
end_to_end,100000,16656
service,100000,1392
end_to_end,800000,18391
service,800000,4892
end_to_end,100000,13023
service,100000,445
end_to_end,100000,11463
service,100000,128
end_to_end,100000,17895
service,100000,967
end_to_end,800000,40752
service,800000,1619
end_to_end,100000,10149
service,100000,490
end_to_end,800000,14414
service,800000,1697
end_to_end,100000,16408
service,100000,2496
end_to_end,800000,27495
service,800000,4963
end_to_end,100000,15883
service,100000,1117
end_to_end,100000,13201
service,100000,3034
end_to_end,800000,20251
service,800000,413
end_to_end,100000,26923
service,100000,3965
end_to_end,800000,18011
service,800000,4954
end_to_end,800000,16911
service,800000,2971
end_to_end,100000,23534
service,100000,951
end_to_end,800000,8489
service,800000,923
end_to_end,800000,20979
service,800000,4278
end_to_end,100000,24161
service,100000,1213
end_to_end,800000,20383
service,800000,6129
end_to_end,100000,28054
service,100000,2218
end_to_end,800000,42478
service,800000,1009
end_to_end,800000,32553
service,800000,3682
end_to_end,800000,22091
service,800000,44
end_to_end,800000,14408
service,800000,682
end_to_end,800000,19326
service,800000,2049
end_to_end,100000,15081
service,100000,124
end_to_end,800000,20080
service,800000,547
end_to_end,800000,17191
service,800000,292
end_to_end,100000,24715
service,100000,3577
end_to_end,800000,30780
service,800000,8467
end_to_end,100000,15675
service,100000,1064
end_to_end,800000,15908
service,800000,450
end_to_end,800000,32492
service,800000,5340
end_to_end,100000,19398
service,100000,395
end_to_end,800000,20879
service,800000,1867
end_to_end,100000,22002
service,100000,1166
end_to_end,100000,27469
service,100000,554
end_to_end,800000,15356
service,800000,1214
end_to_end,100000,25972
service,100000,2147
end_to_end,100000,19852
service,100000,588
end_to_end,800000,33613
service,800000,689
end_to_end,100000,17977
service,100000,490
end_to_end,100000,12564
service,100000,778
end_to_end,100000,13970
service,100000,751
end_to_end,100000,16583
service,100000,1207
end_to_end,800000,18246
service,800000,461
end_to_end,100000,17288
service,100000,1931
end_to_end,100000,26176
service,100000,3383
end_to_end,800000,23665
service,800000,3832
end_to_end,800000,11398
service,800000,2962
end_to_end,800000,32373
service,800000,974
end_to_end,800000,25372
service,800000,1840
end_to_end,800000,16912
service,800000,423
end_to_end,800000,20044
service,800000,2478
end_to_end,100000,20415
service,100000,600
end_to_end,800000,17205
service,800000,956
end_to_end,800000,20056
service,800000,2907
end_to_end,100000,21682
service,100000,810
end_to_end,800000,16914
service,800000,1749
end_to_end,800000,24173
service,800000,1936
end_to_end,100000,15927
service,100000,3986
end_to_end,800000,27150
service,800000,557
end_to_end,100000,20744
service,100000,1419
end_to_end,800000,10643
service,800000,3738
end_to_end,100000,18268
service,100000,2998
end_to_end,100000,7955
service,100000,67
end_to_end,800000,20675
service,800000,2390
end_to_end,800000,14093
service,800000,40
end_to_end,800000,17885
service,800000,845
end_to_end,100000,20718
service,100000,1639
end_to_end,800000,15520
service,800000,1756
end_to_end,100000,22054
service,100000,567
end_to_end,100000,22016
service,100000,5777
end_to_end,800000,36101
service,800000,611
end_to_end,800000,17554
service,800000,242
end_to_end,800000,15783
service,800000,2241
end_to_end,800000,21554
service,800000,1906
end_to_end,800000,22439
service,800000,4331
end_to_end,800000,11651
service,800000,529
end_to_end,100000,16765
service,100000,2243
end_to_end,800000,20746
service,800000,3454
end_to_end,100000,18865
service,100000,175
end_to_end,100000,23409
service,100000,4131
end_to_end,800000,21656
service,800000,115
end_to_end,100000,24080
service,100000,3736
end_to_end,800000,29039
service,800000,2283
end_to_end,800000,12992
service,800000,198
end_to_end,800000,10320
service,800000,21
end_to_end,100000,11787
service,100000,63
end_to_end,800000,19951
service,800000,1760
end_to_end,800000,29382
service,800000,6200
end_to_end,100000,33567
service,100000,3125
end_to_end,100000,15083
service,100000,431
end_to_end,800000,18740
service,800000,2481
end_to_end,100000,16110
service,100000,1598
end_to_end,800000,23486
service,800000,4655
end_to_end,100000,19713
service,100000,595
end_to_end,100000,20613
service,100000,419
end_to_end,800000,25145
service,800000,469
end_to_end,100000,17344
service,100000,2188
end_to_end,100000,28311
service,100000,12182
end_to_end,800000,21575
service,800000,2116
end_to_end,800000,33361
service,800000,5077
end_to_end,100000,16015
service,100000,3594
end_to_end,800000,24357
service,800000,439
end_to_end,800000,18099
service,800000,2066
end_to_end,800000,32610
service,800000,6135
end_to_end,100000,15076
service,100000,4847
end_to_end,800000,19915
service,800000,1126
end_to_end,800000,21514
service,800000,6851
end_to_end,100000,34888
service,100000,9309
end_to_end,100000,22023
service,100000,100
end_to_end,100000,34849
service,100000,669
end_to_end,800000,14347
service,800000,86
end_to_end,100000,34695
service,100000,9292
end_to_end,100000,23195
service,100000,253
end_to_end,100000,22116
service,100000,1792
end_to_end,800000,27014
service,800000,392
end_to_end,100000,17383
service,100000,2002
end_to_end,800000,20574
service,800000,6412
end_to_end,100000,24005
service,100000,10542
end_to_end,800000,18971
service,800000,751
end_to_end,100000,20283
service,100000,371
end_to_end,100000,22128
service,100000,50
end_to_end,100000,27043
service,100000,884
end_to_end,100000,14312
service,100000,4029
end_to_end,800000,10784
service,800000,2307
end_to_end,100000,22444
service,100000,304
end_to_end,100000,25410
service,100000,6592
end_to_end,100000,22219
service,100000,345
end_to_end,800000,24568
service,800000,325
end_to_end,800000,23319
service,800000,1156
end_to_end,100000,26251
service,100000,4558
end_to_end,800000,18520
service,800000,875
end_to_end,100000,19472
service,100000,2037
end_to_end,800000,20221
service,800000,624
end_to_end,800000,13791
service,800000,1233
end_to_end,800000,21408
service,800000,5055
end_to_end,800000,15204
service,800000,1465
end_to_end,100000,13349
service,100000,2871
end_to_end,800000,16725
service,800000,2314
end_to_end,800000,29517
service,800000,1600
end_to_end,100000,22169
service,100000,76
end_to_end,100000,14320
service,100000,138
end_to_end,100000,28733
service,100000,275
end_to_end,800000,18893
service,800000,334
end_to_end,800000,31007
service,800000,1329
end_to_end,100000,30869
service,100000,1265
end_to_end,800000,22290
service,800000,2522
end_to_end,100000,31141
service,100000,371
end_to_end,100000,33602
service,100000,5148
end_to_end,800000,15690
service,800000,898
end_to_end,800000,23405
service,800000,2402
end_to_end,100000,15780
service,100000,488
end_to_end,100000,18502
service,100000,2476
end_to_end,100000,20256
service,100000,670
end_to_end,100000,19012
service,100000,679
end_to_end,100000,25765
service,100000,556
end_to_end,800000,22952
service,800000,458
end_to_end,100000,17665
service,100000,1159
end_to_end,800000,28157
service,800000,4484
end_to_end,800000,16593
service,800000,459
end_to_end,800000,28916
service,800000,68
end_to_end,100000,19469
service,100000,198
end_to_end,800000,24947
service,800000,6462
end_to_end,100000,12278
service,100000,209
end_to_end,800000,26542
service,800000,1358
end_to_end,800000,26753
service,800000,98
end_to_end,100000,23624
service,100000,314
end_to_end,800000,6935
service,800000,1711
end_to_end,800000,20713
service,800000,4233
end_to_end,100000,28374
service,100000,93
end_to_end,100000,17540
service,100000,1208
end_to_end,100000,34535
service,100000,3617
end_to_end,100000,12739
service,100000,2317
end_to_end,100000,12851
service,100000,306
end_to_end,800000,18344
service,800000,351
end_to_end,100000,25932
service,100000,1221
end_to_end,800000,24551
service,800000,270
end_to_end,800000,19109
service,800000,122
end_to_end,100000,26166
service,100000,2032
end_to_end,100000,19161
service,100000,1540
end_to_end,100000,18321
service,100000,2456
end_to_end,100000,16012
service,100000,745
end_to_end,800000,31722
service,800000,1214
end_to_end,800000,12946
service,800000,989
end_to_end,100000,28473
service,100000,244
end_to_end,800000,26437
service,800000,470
end_to_end,100000,15630
service,100000,467
end_to_end,100000,19631
service,100000,4
end_to_end,100000,19668
service,100000,2647
end_to_end,800000,18807
service,800000,99
end_to_end,100000,10332
service,100000,2268
end_to_end,100000,13920
service,100000,1720
end_to_end,800000,20200
service,800000,4459
end_to_end,100000,26624
service,100000,1819
end_to_end,100000,24248
service,100000,2124
end_to_end,100000,13564
service,100000,2061
end_to_end,100000,19882
service,100000,5449
end_to_end,800000,27441
service,800000,4278
end_to_end,800000,33757
service,800000,1094
end_to_end,800000,25679
service,800000,283
end_to_end,100000,22692
service,100000,950
end_to_end,800000,12874
service,800000,1556
end_to_end,800000,25529
service,800000,772
end_to_end,100000,18317
service,100000,1388
end_to_end,800000,21943
service,800000,180
end_to_end,800000,18874
service,800000,2542
end_to_end,100000,16003
service,100000,1968
end_to_end,100000,17974
service,100000,617
end_to_end,800000,14487
service,800000,676
end_to_end,800000,20386
service,800000,941
end_to_end,800000,20857
service,800000,3528
end_to_end,800000,12343
service,800000,27
end_to_end,100000,19198
service,100000,418
end_to_end,800000,21254
service,800000,2092
end_to_end,800000,20802
service,800000,8109
end_to_end,100000,19558
service,100000,645
end_to_end,100000,17739
service,100000,656
end_to_end,100000,23617
service,100000,3564
end_to_end,800000,30947
service,800000,700
end_to_end,800000,24257
service,800000,1797
end_to_end,800000,10989
service,800000,2147
end_to_end,100000,30157
service,100000,2462
end_to_end,100000,38560
service,100000,170
end_to_end,100000,9185
service,100000,61
end_to_end,800000,17744
service,800000,774
end_to_end,100000,23794
service,100000,2916
end_to_end,100000,13161
service,100000,3296
end_to_end,100000,22198
service,100000,3881
end_to_end,100000,24370
service,100000,2449
end_to_end,100000,19274
service,100000,134
end_to_end,100000,16297
service,100000,644
end_to_end,100000,26748
service,100000,1515
end_to_end,100000,32573
service,100000,180
end_to_end,100000,10093
service,100000,1659
end_to_end,800000,41627
service,800000,1224
end_to_end,800000,16249
service,800000,379
end_to_end,100000,16432
service,100000,249
end_to_end,100000,16642
service,100000,2189
end_to_end,100000,18120
service,100000,1721
end_to_end,800000,19725
service,800000,545
end_to_end,100000,15455
service,100000,875
end_to_end,100000,27687
service,100000,4920
end_to_end,800000,29073
service,800000,2441
end_to_end,800000,23018
service,800000,1213
end_to_end,800000,30518
service,800000,2841
end_to_end,100000,22945
service,100000,252
end_to_end,800000,14991
service,800000,716
end_to_end,800000,19958
service,800000,1853
end_to_end,800000,16659
service,800000,486
end_to_end,800000,38985
service,800000,2708
end_to_end,800000,16790
service,800000,1617
end_to_end,100000,18860
service,100000,1390
end_to_end,100000,24342
service,100000,1024
end_to_end,800000,15802
service,800000,1360
end_to_end,100000,16033
service,100000,2473
end_to_end,800000,27240
service,800000,585
end_to_end,100000,23037
service,100000,4489
end_to_end,800000,16438
service,800000,3516
end_to_end,100000,19070
service,100000,93
end_to_end,800000,22805
service,800000,9043
end_to_end,100000,20917
service,100000,2171
end_to_end,800000,9615
service,800000,170
end_to_end,800000,27491
service,800000,2045
end_to_end,100000,18172
service,100000,1112
end_to_end,100000,11181
service,100000,410
end_to_end,800000,26608
service,800000,967
end_to_end,800000,20269
service,800000,3065
end_to_end,800000,21288
service,800000,417
end_to_end,800000,16594
service,800000,3644
end_to_end,800000,19149
service,800000,875
end_to_end,100000,19723
service,100000,217
end_to_end,100000,9096
service,100000,1517
end_to_end,100000,21834
service,100000,127
end_to_end,800000,15866
service,800000,648
end_to_end,100000,20885
service,100000,1099
end_to_end,100000,12786
service,100000,2577
end_to_end,100000,17118
service,100000,78
end_to_end,100000,20557
service,100000,236
end_to_end,100000,24698
service,100000,411
end_to_end,800000,19063
service,800000,5328
end_to_end,800000,15056
service,800000,2184
end_to_end,100000,20126
service,100000,3125
end_to_end,100000,19730
service,100000,1661
end_to_end,800000,14729
service,800000,1070
end_to_end,800000,11851
service,800000,2976
end_to_end,100000,18183
service,100000,1002
end_to_end,800000,22736
service,800000,1818
end_to_end,100000,28350
service,100000,421
end_to_end,100000,16262
service,100000,580
end_to_end,800000,6924
service,800000,224
end_to_end,100000,26128
service,100000,1874
end_to_end,800000,20091
service,800000,2021
end_to_end,100000,34259
service,100000,619
end_to_end,800000,34286
service,800000,1598
end_to_end,800000,39958
service,800000,518
end_to_end,100000,15098
service,100000,3273
end_to_end,100000,16810
service,100000,3426
end_to_end,100000,14894
service,100000,332
end_to_end,100000,14220
service,100000,1340
end_to_end,800000,11037
service,800000,529
end_to_end,800000,27553
service,800000,65
end_to_end,100000,25295
service,100000,2510
end_to_end,100000,9739
service,100000,2050
end_to_end,800000,24815
service,800000,962
end_to_end,800000,19571
service,800000,3053
end_to_end,100000,23370
service,100000,144
end_to_end,100000,17898
service,100000,593
end_to_end,100000,17689
service,100000,4896
end_to_end,100000,22184
service,100000,788
end_to_end,100000,16403
service,100000,7
end_to_end,100000,21247
service,100000,662
end_to_end,100000,15368
service,100000,948
end_to_end,800000,21868
service,800000,2246
end_to_end,800000,30569
service,800000,635
end_to_end,100000,15471
service,100000,917
end_to_end,100000,17665
service,100000,325
end_to_end,100000,20398
service,100000,986
end_to_end,100000,16688
service,100000,2390
end_to_end,100000,15704
service,100000,2325
end_to_end,800000,13500
service,800000,1673
end_to_end,800000,12833
service,800000,989
end_to_end,800000,15251
service,800000,5864
end_to_end,800000,11296
service,800000,371
end_to_end,100000,21022
service,100000,657
end_to_end,100000,25979
service,100000,4438
end_to_end,100000,20697
service,100000,2059
end_to_end,100000,13273
service,100000,198
end_to_end,800000,26092
service,800000,878
end_to_end,800000,24116
service,800000,608
end_to_end,800000,19395
service,800000,614
end_to_end,800000,23708
service,800000,2533
end_to_end,100000,19032
service,100000,790
end_to_end,100000,25880
service,100000,477
end_to_end,100000,18558
service,100000,5611
end_to_end,100000,27472
service,100000,5081
end_to_end,100000,29868
service,100000,1823
end_to_end,100000,15156
service,100000,303
end_to_end,100000,36491
service,100000,595
end_to_end,100000,18521
service,100000,1773
end_to_end,800000,22634
service,800000,5233
end_to_end,100000,25037
service,100000,275
end_to_end,100000,22677
service,100000,3281
end_to_end,800000,23306
service,800000,1220
end_to_end,100000,20871
service,100000,4777
end_to_end,100000,30225
service,100000,4257
end_to_end,100000,18849
service,100000,968
end_to_end,100000,19449
service,100000,941
end_to_end,800000,33682
service,800000,393
end_to_end,100000,22492
service,100000,1341
end_to_end,100000,34322
service,100000,7762
end_to_end,100000,22593
service,100000,3142
end_to_end,800000,17412
service,800000,2225
end_to_end,800000,19857
service,800000,444
end_to_end,100000,25088
service,100000,1687
end_to_end,800000,25397
service,800000,3578
end_to_end,800000,10221
service,800000,2548
end_to_end,100000,35982
service,100000,518
end_to_end,800000,16567
service,800000,747
end_to_end,800000,28873
service,800000,9052
end_to_end,100000,12542
service,100000,1091
end_to_end,100000,10889
service,100000,51
end_to_end,100000,36036
service,100000,340
end_to_end,100000,26419
service,100000,3609
end_to_end,100000,10010
service,100000,1025
end_to_end,800000,25971
service,800000,3782
end_to_end,800000,21505
service,800000,2012
end_to_end,800000,15475
service,800000,437
end_to_end,800000,23014
service,800000,3498
end_to_end,800000,22733
service,800000,968
end_to_end,100000,34009
service,100000,411
end_to_end,100000,18462
service,100000,2634
end_to_end,100000,16091
service,100000,687
end_to_end,100000,27624
service,100000,99
end_to_end,800000,17957
service,800000,825
end_to_end,100000,19482
service,100000,1952
end_to_end,800000,21587
service,800000,3620
end_to_end,100000,19049
service,100000,2404
end_to_end,100000,23080
service,100000,970
end_to_end,100000,13229
service,100000,2076
end_to_end,100000,23930
service,100000,788
end_to_end,800000,18524
service,800000,74
end_to_end,100000,10937
service,100000,404
end_to_end,100000,25741
service,100000,411
end_to_end,100000,19301
service,100000,31
end_to_end,800000,16765
service,800000,1377
end_to_end,100000,13649
service,100000,1090
end_to_end,100000,26246
service,100000,955
end_to_end,800000,31407
service,800000,787
end_to_end,800000,21452
service,800000,1770
end_to_end,800000,37530
service,800000,6121
end_to_end,800000,12864
service,800000,3240
end_to_end,800000,6318
service,800000,293
end_to_end,100000,24670
service,100000,5452
end_to_end,800000,29215
service,800000,7349
end_to_end,100000,17514
service,100000,1410
end_to_end,100000,9711
service,100000,1100
end_to_end,100000,26085
service,100000,2811
end_to_end,100000,14990
service,100000,694
end_to_end,100000,19281
service,100000,61
end_to_end,100000,16099
service,100000,366
end_to_end,100000,32747
service,100000,790
end_to_end,800000,15080
service,800000,1575
end_to_end,100000,14731
service,100000,675
end_to_end,100000,30454
service,100000,734
end_to_end,800000,22839
service,800000,228
end_to_end,800000,25836
service,800000,9301
end_to_end,800000,16534
service,800000,1353
end_to_end,100000,17580
service,100000,1023
end_to_end,800000,12832
service,800000,733
end_to_end,100000,13778
service,100000,187
end_to_end,800000,16705
service,800000,1338
end_to_end,100000,27953
service,100000,2604
end_to_end,100000,16224
service,100000,4771
end_to_end,800000,21591
service,800000,1337
end_to_end,100000,20196
service,100000,3920
end_to_end,100000,15785
service,100000,595
end_to_end,800000,26762
service,800000,1758
end_to_end,800000,19978
service,800000,3361
end_to_end,100000,16150
service,100000,771
end_to_end,100000,38313
service,100000,2800
end_to_end,100000,27343
service,100000,6663
end_to_end,100000,9239
service,100000,295
end_to_end,800000,17250
service,800000,1177
end_to_end,100000,21745
service,100000,168
end_to_end,100000,15170
service,100000,89
end_to_end,100000,34319
service,100000,1657
end_to_end,800000,20042
service,800000,161
end_to_end,800000,15790
service,800000,735
end_to_end,100000,10592
service,100000,1408
end_to_end,800000,12913
service,800000,541
end_to_end,800000,6397
service,800000,1704
end_to_end,800000,17375
service,800000,1070
end_to_end,100000,20385
service,100000,2178
end_to_end,800000,26040
service,800000,5956
end_to_end,800000,24991
service,800000,1112
end_to_end,800000,25421
service,800000,2731
end_to_end,100000,16020
service,100000,1639
end_to_end,100000,17671
service,100000,1410
end_to_end,800000,25013
service,800000,4470
end_to_end,100000,18725
service,100000,1749
end_to_end,800000,13728
service,800000,219
end_to_end,100000,23370
service,100000,7260
end_to_end,100000,20278
service,100000,558
end_to_end,800000,17574
service,800000,2534
end_to_end,100000,35511
service,100000,16
end_to_end,800000,7102
service,800000,1096
end_to_end,800000,13765
service,800000,3056
end_to_end,100000,27054
service,100000,2225
end_to_end,100000,13074
service,100000,2996
end_to_end,800000,25489
service,800000,1101
end_to_end,800000,21900
service,800000,354
end_to_end,800000,23696
service,800000,161
end_to_end,100000,22617
service,100000,1627
end_to_end,100000,17773
service,100000,1687
end_to_end,100000,32757
service,100000,1475
end_to_end,800000,17128
service,800000,1799
end_to_end,800000,25953
service,800000,1412
end_to_end,800000,12685
service,800000,839
end_to_end,100000,22929
service,100000,811
end_to_end,800000,17706
service,800000,1896
end_to_end,100000,8958
service,100000,48
end_to_end,800000,27465
service,800000,604
end_to_end,100000,27140
service,100000,5549
end_to_end,100000,17018
service,100000,843
end_to_end,800000,22697
service,800000,1877
end_to_end,800000,31885
service,800000,2335
end_to_end,800000,13597
service,800000,2203
end_to_end,100000,25895
service,100000,530
end_to_end,100000,8611
service,100000,4
end_to_end,800000,19894
service,800000,513
end_to_end,800000,12831
service,800000,1504
end_to_end,800000,23757
service,800000,4719
end_to_end,800000,24117
service,800000,1193
end_to_end,800000,26346
service,800000,220
end_to_end,800000,31883
service,800000,13669
end_to_end,800000,21792
service,800000,2043
end_to_end,800000,31804
service,800000,602
end_to_end,100000,15172
service,100000,811
end_to_end,800000,16712
service,800000,1533
end_to_end,100000,22075
service,100000,7712
end_to_end,100000,31885
service,100000,279
end_to_end,100000,20680
service,100000,1564
end_to_end,100000,33062
service,100000,4335
end_to_end,100000,20486
service,100000,331
end_to_end,100000,13345
service,100000,2048
end_to_end,100000,26250
service,100000,5770
end_to_end,800000,18292
service,800000,3627
end_to_end,100000,17457
service,100000,4963
end_to_end,800000,20802
service,800000,5400
end_to_end,800000,7971
service,800000,2183
end_to_end,800000,16848
service,800000,1711
end_to_end,100000,36138
service,100000,6129
end_to_end,100000,23479
service,100000,657
end_to_end,100000,13396
service,100000,1011
end_to_end,800000,20196
service,800000,3231
end_to_end,800000,28970
service,800000,2620
end_to_end,100000,18257
service,100000,321
end_to_end,100000,15319
service,100000,2615
end_to_end,800000,19296
service,800000,337
end_to_end,800000,10262
service,800000,780
end_to_end,800000,19797
service,800000,901
end_to_end,100000,26151
service,100000,2129
end_to_end,800000,20800
service,800000,1075
end_to_end,800000,10042
service,800000,2332
end_to_end,100000,19291
service,100000,1551
end_to_end,100000,17453
service,100000,4439
end_to_end,800000,9853
service,800000,33
end_to_end,100000,16376
service,100000,2596
end_to_end,800000,16261
service,800000,2221
end_to_end,100000,22464
service,100000,5907
end_to_end,800000,21847
service,800000,98
end_to_end,100000,20495
service,100000,1469
end_to_end,800000,38876
service,800000,7976
end_to_end,100000,30832
service,100000,74
end_to_end,100000,24237
service,100000,4796
end_to_end,100000,20670
service,100000,453
end_to_end,100000,25349
service,100000,3458
end_to_end,800000,27914
service,800000,755
end_to_end,100000,14701
service,100000,16
end_to_end,800000,31139
service,800000,2408
end_to_end,100000,11104
service,100000,284
end_to_end,100000,8923
service,100000,1061
end_to_end,800000,18579
service,800000,1300
end_to_end,800000,19061
service,800000,4307
end_to_end,100000,14809
service,100000,1733
end_to_end,800000,15085
service,800000,161
end_to_end,100000,23465
service,100000,456
end_to_end,100000,9610
service,100000,203
end_to_end,800000,22531
service,800000,1463
end_to_end,800000,20651
service,800000,1592
end_to_end,800000,33604
service,800000,737
end_to_end,800000,14882
service,800000,479
end_to_end,800000,40225
service,800000,4088
end_to_end,100000,52686
service,100000,1339
end_to_end,100000,27647
service,100000,842
end_to_end,100000,20840
service,100000,1453
end_to_end,100000,25111
service,100000,1663
end_to_end,800000,24371
service,800000,6094
end_to_end,800000,43093
service,800000,5877
end_to_end,100000,12490
service,100000,2731
end_to_end,100000,11662
service,100000,1918
end_to_end,100000,17795
service,100000,4147
end_to_end,100000,13515
service,100000,1142
end_to_end,100000,14838
service,100000,1008
end_to_end,100000,24226
service,100000,3322
end_to_end,800000,24418
service,800000,3009
end_to_end,800000,18876
service,800000,410
end_to_end,100000,31311
service,100000,3170
end_to_end,800000,15350
service,800000,1440
end_to_end,100000,22977
service,100000,3709
end_to_end,100000,24274
service,100000,2832
end_to_end,800000,20352
service,800000,946
end_to_end,100000,14106
service,100000,3278
end_to_end,100000,16295
service,100000,473
end_to_end,800000,19394
service,800000,383
end_to_end,100000,15914
service,100000,4537
end_to_end,800000,15985
service,800000,69
end_to_end,800000,25518
service,800000,2111
end_to_end,100000,26027
service,100000,4251
end_to_end,800000,11534
service,800000,486
end_to_end,100000,15702
service,100000,555
end_to_end,800000,19843
service,800000,3757
end_to_end,800000,20380
service,800000,6092
end_to_end,100000,13215
service,100000,971
end_to_end,100000,25589
service,100000,5504
end_to_end,100000,22201
service,100000,10248
end_to_end,100000,18923
service,100000,2971
end_to_end,100000,18943
service,100000,667
end_to_end,100000,19813
service,100000,2378
end_to_end,800000,20009
service,800000,2125
end_to_end,800000,22681
service,800000,1264
end_to_end,800000,12325
service,800000,126
end_to_end,100000,16007
service,100000,1101
end_to_end,800000,17145
service,800000,85
end_to_end,800000,10331
service,800000,2167
end_to_end,100000,17340
service,100000,1231
end_to_end,100000,12928
service,100000,890
end_to_end,100000,25574
service,100000,2438
end_to_end,100000,25362
service,100000,2108
end_to_end,100000,27343
service,100000,1979
end_to_end,800000,28394
service,800000,880
end_to_end,100000,13424
service,100000,583
end_to_end,100000,13067
service,100000,3944
end_to_end,100000,21367
service,100000,2436
end_to_end,800000,12444
service,800000,1570
end_to_end,100000,26771
service,100000,85
end_to_end,100000,29946
service,100000,4595
end_to_end,100000,14013
service,100000,388
end_to_end,100000,21083
service,100000,919
end_to_end,800000,24910
service,800000,2715
end_to_end,100000,14569
service,100000,511
end_to_end,800000,19925
service,800000,161
end_to_end,800000,19295
service,800000,4417
end_to_end,800000,12537
service,800000,1219
end_to_end,100000,13744
service,100000,6063
end_to_end,800000,36198
service,800000,6691
end_to_end,100000,19782
service,100000,6257
end_to_end,100000,13576
service,100000,1489
end_to_end,800000,15915
service,800000,3467
end_to_end,100000,17435
service,100000,1701
end_to_end,800000,26105
service,800000,2185
end_to_end,800000,21965
service,800000,1109
end_to_end,100000,18042
service,100000,133
end_to_end,100000,17149
service,100000,479
end_to_end,100000,19933
service,100000,2510
end_to_end,800000,23651
service,800000,876
end_to_end,100000,18147
service,100000,1348
end_to_end,100000,17057
service,100000,1185
end_to_end,100000,16372
service,100000,3869
end_to_end,100000,18824
service,100000,3685
end_to_end,800000,18391
service,800000,2381
end_to_end,100000,26529
service,100000,6026
end_to_end,800000,16379
service,800000,2909
end_to_end,800000,17447
service,800000,1517
end_to_end,100000,21833
service,100000,205
end_to_end,100000,19963
service,100000,75
end_to_end,100000,12009
service,100000,2107
end_to_end,800000,16968
service,800000,1348
end_to_end,800000,18788
service,800000,3273
end_to_end,100000,14851
service,100000,1235
end_to_end,100000,27464
service,100000,1938
end_to_end,800000,28461
service,800000,639
end_to_end,800000,18700
service,800000,10793
end_to_end,800000,34501
service,800000,3227
end_to_end,800000,33853
service,800000,878
end_to_end,100000,25410
service,100000,1607
end_to_end,100000,18031
service,100000,2004
end_to_end,100000,23760
service,100000,8262
end_to_end,100000,8714
service,100000,527
end_to_end,100000,21091
service,100000,295
end_to_end,100000,13623
service,100000,32
end_to_end,800000,29598
service,800000,612
end_to_end,800000,16921
service,800000,6108
end_to_end,800000,16589
service,800000,1125
end_to_end,800000,37318
service,800000,2434
end_to_end,800000,17205
service,800000,1949
end_to_end,100000,13984
service,100000,1156
end_to_end,800000,19116
service,800000,1495
end_to_end,800000,17724
service,800000,260
end_to_end,800000,30560
service,800000,1462
end_to_end,100000,13329
service,100000,950
end_to_end,800000,20923
service,800000,2086
end_to_end,100000,29332
service,100000,4450
end_to_end,800000,20202
service,800000,658
end_to_end,100000,22655
service,100000,1496
end_to_end,800000,20125
service,800000,63
end_to_end,100000,19243
service,100000,195
end_to_end,100000,23802
service,100000,930
end_to_end,800000,21291
service,800000,1191
end_to_end,800000,37641
service,800000,3176
end_to_end,800000,15140
service,800000,519
end_to_end,100000,14999
service,100000,2640
end_to_end,100000,15069
service,100000,3890
end_to_end,100000,24692
service,100000,429
end_to_end,800000,26436
service,800000,2969
end_to_end,800000,9044
service,800000,2160
end_to_end,100000,10332
service,100000,226
end_to_end,100000,19809
service,100000,589
end_to_end,100000,23722
service,100000,1846
end_to_end,800000,35114
service,800000,8369
end_to_end,800000,18613
service,800000,1831
end_to_end,800000,11857
service,800000,1062
end_to_end,100000,13540
service,100000,2043
end_to_end,100000,33460
service,100000,1371
end_to_end,100000,27201
service,100000,2803
end_to_end,100000,28420
service,100000,195
end_to_end,800000,26670
service,800000,259
end_to_end,100000,41743
service,100000,1602
end_to_end,100000,25085
service,100000,3251
end_to_end,800000,14009
service,800000,937
end_to_end,100000,21697
service,100000,1506
end_to_end,100000,15086
service,100000,178
end_to_end,100000,29610
service,100000,1920
end_to_end,800000,20566
service,800000,542
end_to_end,800000,30694
service,800000,1493
end_to_end,100000,20288
service,100000,2071
end_to_end,100000,12185
service,100000,396
end_to_end,800000,19963
service,800000,3052
end_to_end,100000,27246
service,100000,3780
end_to_end,800000,24715
service,800000,6191
end_to_end,800000,20325
service,800000,2488
end_to_end,100000,22536
service,100000,4065
end_to_end,800000,13960
service,800000,2588
end_to_end,800000,15303
service,800000,2552
end_to_end,100000,12141
service,100000,1038
end_to_end,800000,22579
service,800000,1548
end_to_end,800000,23981
service,800000,775
end_to_end,100000,17658
service,100000,1762
end_to_end,100000,25457
service,100000,2016
end_to_end,800000,15080
service,800000,173
end_to_end,800000,27479
service,800000,1592
end_to_end,100000,24380
service,100000,1994
end_to_end,100000,15162
service,100000,1868
end_to_end,100000,15011
service,100000,87
end_to_end,100000,21212
service,100000,4362
end_to_end,800000,25132
service,800000,165
end_to_end,800000,37264
service,800000,1769
end_to_end,800000,20736
service,800000,8368
end_to_end,100000,26919
service,100000,522
end_to_end,100000,17341
service,100000,2072
end_to_end,100000,25716
service,100000,1685
end_to_end,800000,41200
service,800000,2194
end_to_end,800000,34608
service,800000,2098
end_to_end,800000,43301
service,800000,3570
end_to_end,100000,21337
service,100000,619
end_to_end,100000,31499
service,100000,2851
end_to_end,800000,22725
service,800000,570
end_to_end,100000,23189
service,100000,5360
end_to_end,100000,38780
service,100000,1411
end_to_end,100000,24146
service,100000,808
end_to_end,100000,31611
service,100000,904
end_to_end,100000,29745
service,100000,2247
end_to_end,100000,19978
service,100000,1687
end_to_end,800000,20175
service,800000,717
end_to_end,800000,34532
service,800000,3092
end_to_end,100000,26738
service,100000,3777
end_to_end,800000,11813
service,800000,1049
end_to_end,800000,27942
service,800000,396
end_to_end,100000,29631
service,100000,2752
end_to_end,800000,30022
service,800000,390
end_to_end,100000,16863
service,100000,265
end_to_end,800000,22126
service,800000,2242
end_to_end,800000,24005
service,800000,2321
end_to_end,800000,19356
service,800000,365
end_to_end,100000,24597
service,100000,612
end_to_end,100000,16717
service,100000,397
end_to_end,100000,29494
service,100000,5483
end_to_end,800000,22714
service,800000,3060
end_to_end,100000,26246
service,100000,5922
end_to_end,100000,12571
service,100000,2377
end_to_end,800000,27057
service,800000,1406
end_to_end,100000,8913
service,100000,1338
end_to_end,800000,21617
service,800000,540
end_to_end,800000,15978
service,800000,576
end_to_end,800000,7831
service,800000,194
end_to_end,800000,21703
service,800000,748
end_to_end,100000,27733
service,100000,1126
end_to_end,100000,24489
service,100000,1057
end_to_end,800000,27548
service,800000,3406
end_to_end,800000,36683
service,800000,8932
end_to_end,800000,26424
service,800000,1854
end_to_end,800000,26311
service,800000,5552
end_to_end,100000,12894
service,100000,1462
end_to_end,100000,13315
service,100000,6552
end_to_end,800000,24044
service,800000,51
end_to_end,100000,20195
service,100000,3648
end_to_end,800000,30600
service,800000,321
end_to_end,100000,34072
service,100000,1431
end_to_end,800000,19257
service,800000,681
end_to_end,800000,15130
service,800000,2145
end_to_end,800000,22596
service,800000,4950
end_to_end,100000,22258
service,100000,4909
end_to_end,800000,37410
service,800000,1763
end_to_end,100000,19656
service,100000,1279
end_to_end,100000,32842
service,100000,8530
end_to_end,100000,19361
service,100000,1042
end_to_end,100000,25424
service,100000,2391
end_to_end,100000,11787
service,100000,1219
end_to_end,100000,10341
service,100000,931
end_to_end,100000,18530
service,100000,2168
end_to_end,100000,28619
service,100000,885
end_to_end,800000,35711
service,800000,2758
end_to_end,800000,24044
service,800000,5240
end_to_end,800000,16516
service,800000,106
end_to_end,800000,27275
service,800000,4974
end_to_end,800000,16071
service,800000,1670
end_to_end,800000,23813
service,800000,921
end_to_end,100000,19416
service,100000,5145
end_to_end,100000,30993
service,100000,4091
end_to_end,800000,14462
service,800000,586
end_to_end,800000,11969
service,800000,543
end_to_end,800000,25717
service,800000,635
end_to_end,100000,24667
service,100000,4949
end_to_end,100000,24932
service,100000,2322
end_to_end,800000,16469
service,800000,2705
end_to_end,100000,25736
service,100000,2381
end_to_end,800000,19145
service,800000,3746
end_to_end,800000,17100
service,800000,1807
end_to_end,100000,27955
service,100000,1879
end_to_end,800000,18495
service,800000,1974
end_to_end,100000,34286
service,100000,3466
end_to_end,800000,12404
service,800000,1857
end_to_end,100000,25840
service,100000,1395
end_to_end,800000,19026
service,800000,354
end_to_end,100000,16262
service,100000,1967
end_to_end,800000,25032
service,800000,841
end_to_end,800000,15880
service,800000,1740
end_to_end,800000,15122
service,800000,25
end_to_end,800000,19325
service,800000,1383
end_to_end,100000,35711
service,100000,4210
end_to_end,800000,15842
service,800000,195
end_to_end,800000,14540
service,800000,11
end_to_end,800000,25721
service,800000,2114
end_to_end,800000,28543
service,800000,605
end_to_end,100000,16299
service,100000,3522
end_to_end,800000,18696
service,800000,760
end_to_end,800000,27433
service,800000,1478
end_to_end,100000,13811
service,100000,613
end_to_end,100000,26925
service,100000,1212
end_to_end,800000,13640
service,800000,725
end_to_end,100000,26270
service,100000,3892
end_to_end,800000,14232
service,800000,2187
end_to_end,800000,16230
service,800000,2915
end_to_end,800000,17310
service,800000,3136
end_to_end,100000,24566
service,100000,886
end_to_end,100000,12102
service,100000,2262
end_to_end,100000,14258
service,100000,1320
end_to_end,100000,18466
service,100000,2398
end_to_end,800000,17156
service,800000,1801
end_to_end,100000,29388
service,100000,721
end_to_end,100000,22685
service,100000,3805
end_to_end,100000,23035
service,100000,3795
end_to_end,800000,18036
service,800000,2058
end_to_end,100000,22166
service,100000,306
end_to_end,800000,12216
service,800000,83
end_to_end,100000,28953
service,100000,1979
end_to_end,800000,23347
service,800000,3064
end_to_end,800000,18946
service,800000,992
end_to_end,100000,16070
service,100000,84
end_to_end,100000,20883
service,100000,1438
end_to_end,800000,24160
service,800000,1285
end_to_end,100000,26787
service,100000,8654
end_to_end,800000,37923
service,800000,3791
end_to_end,800000,15740
service,800000,1241
end_to_end,100000,30904
service,100000,324
end_to_end,800000,27100
service,800000,3086
end_to_end,800000,17288
service,800000,797
end_to_end,100000,11962
service,100000,1095
end_to_end,100000,21215
service,100000,1443
end_to_end,800000,29655
service,800000,1279
end_to_end,100000,29153
service,100000,3430
end_to_end,100000,12710
service,100000,1929
end_to_end,800000,18450
service,800000,3354
end_to_end,800000,9840
service,800000,445
end_to_end,100000,22499
service,100000,684
end_to_end,100000,18665
service,100000,1580
end_to_end,100000,26078
service,100000,1988
end_to_end,100000,27621
service,100000,476
end_to_end,100000,32628
service,100000,970
end_to_end,100000,43354
service,100000,5423
end_to_end,100000,22996
service,100000,1253
end_to_end,800000,30450
service,800000,6510
end_to_end,100000,32095
service,100000,1138
end_to_end,100000,15469
service,100000,216
end_to_end,100000,12972
service,100000,2419
end_to_end,100000,9359
service,100000,78
end_to_end,100000,21523
service,100000,2121
end_to_end,800000,15179
service,800000,1870
end_to_end,800000,24718
service,800000,7704
end_to_end,100000,18490
service,100000,1652
end_to_end,100000,20111
service,100000,2009
end_to_end,800000,18226
service,800000,3443
end_to_end,800000,16926
service,800000,3477
end_to_end,100000,21502
service,100000,1333
end_to_end,800000,19221
service,800000,2240
end_to_end,800000,17069
service,800000,1504
end_to_end,800000,32780
service,800000,3415
end_to_end,800000,31292
service,800000,583
end_to_end,800000,28842
service,800000,945
end_to_end,100000,27416
service,100000,228
end_to_end,800000,18180
service,800000,450
end_to_end,800000,22262
service,800000,1077
end_to_end,800000,25183
service,800000,806
end_to_end,800000,21280
service,800000,1062
end_to_end,100000,17502
service,100000,197
end_to_end,100000,22026
service,100000,2182
end_to_end,100000,16482
service,100000,794
end_to_end,800000,24346
service,800000,389
end_to_end,100000,13706
service,100000,1333
end_to_end,800000,16861
service,800000,2110
end_to_end,100000,14790
service,100000,984
end_to_end,800000,15672
service,800000,357
end_to_end,100000,16734
service,100000,1179
end_to_end,100000,20110
service,100000,417
end_to_end,100000,20761
service,100000,474
end_to_end,100000,27060
service,100000,777
end_to_end,100000,34130
service,100000,5802
end_to_end,100000,15429
service,100000,471
end_to_end,800000,25604
service,800000,160
end_to_end,800000,31774
service,800000,5127
end_to_end,100000,17339
service,100000,2323
end_to_end,800000,15588
service,800000,595
end_to_end,100000,26565
service,100000,4998
end_to_end,100000,9239
service,100000,257
end_to_end,800000,20893
service,800000,608
end_to_end,100000,27416
service,100000,2397
end_to_end,100000,9409
service,100000,324
end_to_end,800000,21875
service,800000,1089
end_to_end,100000,24248
service,100000,1572
end_to_end,100000,13372
service,100000,471
end_to_end,100000,28381
service,100000,3007
end_to_end,100000,24933
service,100000,940
end_to_end,800000,21759
service,800000,1336
end_to_end,100000,12403
service,100000,227
end_to_end,800000,21053
service,800000,439
end_to_end,100000,33486
service,100000,1782
end_to_end,800000,33328
service,800000,3068
end_to_end,800000,22326
service,800000,1806
end_to_end,100000,21127
service,100000,152
end_to_end,800000,11548
service,800000,2519
end_to_end,800000,15489
service,800000,890
end_to_end,800000,14145
service,800000,3123
end_to_end,100000,16547
service,100000,1352
end_to_end,100000,10791
service,100000,1083
end_to_end,800000,12425
service,800000,2259
end_to_end,800000,20749
service,800000,457
end_to_end,800000,17128
service,800000,801
end_to_end,800000,18774
service,800000,6917
end_to_end,800000,27521
service,800000,1210
end_to_end,100000,27465
service,100000,4451
end_to_end,100000,27569
service,100000,4388
end_to_end,100000,20874
service,100000,418
end_to_end,800000,24594
service,800000,2517
end_to_end,100000,11776
service,100000,1525
end_to_end,800000,19897
service,800000,709
end_to_end,100000,19083
service,100000,1175
end_to_end,100000,11345
service,100000,216
end_to_end,100000,29527
service,100000,1887
end_to_end,800000,16102
service,800000,1174
end_to_end,100000,28339
service,100000,3638
end_to_end,800000,11045
service,800000,809
end_to_end,800000,24686
service,800000,737
end_to_end,100000,19248
service,100000,3155
end_to_end,800000,35469
service,800000,11690
end_to_end,800000,15955
service,800000,515
end_to_end,800000,12823
service,800000,1619
end_to_end,800000,10277
service,800000,1043
end_to_end,800000,18178
service,800000,2356
end_to_end,100000,35171
service,100000,2811
end_to_end,100000,23956
service,100000,2801
end_to_end,100000,15209
service,100000,91
end_to_end,800000,17461
service,800000,3025
end_to_end,100000,34777
service,100000,438
end_to_end,100000,24093
service,100000,5500
end_to_end,100000,23125
service,100000,6654
end_to_end,800000,27599
service,800000,102
end_to_end,800000,22456
service,800000,1428
end_to_end,800000,18332
service,800000,2858
end_to_end,800000,13252
service,800000,1606
end_to_end,100000,24037
service,100000,386
end_to_end,800000,40569
service,800000,2878
end_to_end,800000,32628
service,800000,2513
end_to_end,800000,23264
service,800000,5119
end_to_end,800000,16972
service,800000,1483
end_to_end,800000,10798
service,800000,881
end_to_end,100000,14729
service,100000,1181
end_to_end,100000,17540
service,100000,2156
end_to_end,100000,32131
service,100000,884
end_to_end,800000,27509
service,800000,3793
end_to_end,100000,27347
service,100000,1830
end_to_end,800000,10105
service,800000,6
end_to_end,800000,24956
service,800000,623
end_to_end,800000,21398
service,800000,65
end_to_end,800000,28889
service,800000,317
end_to_end,800000,6868
service,800000,135
end_to_end,800000,29024
service,800000,5539
end_to_end,800000,29298
service,800000,272
end_to_end,800000,16865
service,800000,957
end_to_end,800000,8968
service,800000,760
end_to_end,100000,22945
service,100000,1493
end_to_end,800000,14931
service,800000,254
end_to_end,100000,26808
service,100000,1588
end_to_end,100000,22334
service,100000,5059
end_to_end,100000,28853
service,100000,2648
end_to_end,800000,15177
service,800000,592
end_to_end,800000,19857
service,800000,2240
end_to_end,100000,18257
service,100000,1864
end_to_end,800000,16331
service,800000,417
end_to_end,100000,17585
service,100000,350
end_to_end,100000,15011
service,100000,461
end_to_end,100000,21072
service,100000,727
end_to_end,800000,16111
service,800000,604
end_to_end,100000,18120
service,100000,1161
end_to_end,100000,14623
service,100000,1094
end_to_end,100000,20679
service,100000,981
end_to_end,100000,23710
service,100000,353
end_to_end,100000,14437
service,100000,2643
end_to_end,100000,28478
service,100000,1101
end_to_end,800000,26177
service,800000,1385
end_to_end,800000,16545
service,800000,426
end_to_end,800000,12960
service,800000,383
end_to_end,100000,18189
service,100000,1019
end_to_end,100000,12240
service,100000,2135
end_to_end,100000,20893
service,100000,3759
end_to_end,100000,15067
service,100000,141
end_to_end,800000,17706
service,800000,629
end_to_end,800000,14776
service,800000,548
end_to_end,800000,12734
service,800000,605
end_to_end,100000,27248
service,100000,1721
end_to_end,800000,16353
service,800000,2671
end_to_end,800000,15408
service,800000,809
end_to_end,100000,32473
service,100000,6369
end_to_end,100000,21341
service,100000,1834
end_to_end,800000,17512
service,800000,1149
end_to_end,100000,9904
service,100000,260
end_to_end,800000,17866
service,800000,1392
end_to_end,800000,19063
service,800000,3893
end_to_end,100000,20497
service,100000,2731
end_to_end,800000,28637
service,800000,1828
end_to_end,100000,13390
service,100000,40
end_to_end,800000,24719
service,800000,1523
end_to_end,100000,19086
service,100000,4801
end_to_end,800000,42433
service,800000,826
end_to_end,100000,26747
service,100000,4270
end_to_end,800000,32381
service,800000,3641
end_to_end,100000,21544
service,100000,3797
end_to_end,100000,25006
service,100000,1110
end_to_end,100000,15121
service,100000,1172
end_to_end,800000,35341
service,800000,854
end_to_end,100000,15150
service,100000,356
end_to_end,800000,13917
service,800000,908
end_to_end,100000,15379
service,100000,4149
end_to_end,800000,24466
service,800000,4967
end_to_end,800000,14488
service,800000,197
end_to_end,800000,25632
service,800000,143
end_to_end,800000,9001
service,800000,464
end_to_end,800000,16011
service,800000,2220
end_to_end,100000,24471
service,100000,8401
end_to_end,800000,18107
service,800000,202
end_to_end,800000,10776
service,800000,724
end_to_end,800000,14741
service,800000,1889
end_to_end,100000,30843
service,100000,314
end_to_end,100000,21335
service,100000,2825
end_to_end,100000,10081
service,100000,465
end_to_end,800000,21413
service,800000,4069
end_to_end,800000,30269
service,800000,3529
end_to_end,800000,32713
service,800000,2160
end_to_end,800000,28702
service,800000,45
end_to_end,800000,18465
service,800000,1794
end_to_end,800000,16108
service,800000,2459
end_to_end,100000,22302
service,100000,4526
end_to_end,800000,49770
service,800000,2361
end_to_end,800000,30703
service,800000,2550
end_to_end,100000,31694
service,100000,2320
end_to_end,800000,18743
service,800000,4497
end_to_end,100000,34745
service,100000,2755
end_to_end,100000,26354
service,100000,702
end_to_end,800000,19109
service,800000,1300
end_to_end,800000,14910
service,800000,5238
end_to_end,100000,19864
service,100000,3645
end_to_end,800000,23160
service,800000,5503
end_to_end,100000,32404
service,100000,120
end_to_end,800000,28836
service,800000,612
end_to_end,100000,14814
service,100000,2124
end_to_end,800000,17127
service,800000,296
end_to_end,800000,27759
service,800000,4263
end_to_end,100000,29913
service,100000,1239
end_to_end,800000,24576
service,800000,670
end_to_end,800000,22537
service,800000,2424
end_to_end,800000,15572
service,800000,1435
end_to_end,100000,26891
service,100000,3057
end_to_end,100000,20397
service,100000,2320
end_to_end,100000,22731
service,100000,4196
end_to_end,800000,18784
service,800000,1804
end_to_end,100000,24557
service,100000,709
end_to_end,800000,27816
service,800000,1005
end_to_end,800000,31350
service,800000,11
end_to_end,100000,24273
service,100000,2443
end_to_end,800000,24109
service,800000,648
end_to_end,100000,29437
service,100000,2636
end_to_end,800000,20826
service,800000,813
end_to_end,800000,28256
service,800000,1604
end_to_end,100000,7541
service,100000,211
end_to_end,800000,6180
service,800000,186
end_to_end,100000,27994
service,100000,2446
end_to_end,800000,23533
service,800000,3456
end_to_end,800000,32463
service,800000,106
end_to_end,100000,15738
service,100000,5233
end_to_end,100000,22361
service,100000,1428
end_to_end,800000,19810
service,800000,2705
end_to_end,800000,16353
service,800000,459
end_to_end,800000,30882
service,800000,2907
end_to_end,800000,19537
service,800000,2772
end_to_end,800000,16457
service,800000,1977
end_to_end,800000,24194
service,800000,8681
end_to_end,100000,22069
service,100000,1057
end_to_end,800000,19521
service,800000,2727
end_to_end,800000,21643
service,800000,6919
end_to_end,800000,15091
service,800000,1508
end_to_end,800000,17316
service,800000,1230
end_to_end,800000,18256
service,800000,1065
end_to_end,800000,17744
service,800000,1037
end_to_end,800000,15491
service,800000,167
end_to_end,100000,19817
service,100000,1824
end_to_end,800000,26252
service,800000,1851
end_to_end,100000,27408
service,100000,4824
end_to_end,100000,26940
service,100000,680
end_to_end,100000,11450
service,100000,4255
end_to_end,800000,23296
service,800000,1587
end_to_end,100000,18658
service,100000,567
end_to_end,100000,13884
service,100000,476
end_to_end,100000,13784
service,100000,5255
end_to_end,100000,11588
service,100000,144
end_to_end,800000,17447
service,800000,1325
end_to_end,100000,22065
service,100000,7626
end_to_end,100000,16312
service,100000,19
end_to_end,800000,27466
service,800000,2177
end_to_end,100000,24409
service,100000,5080
end_to_end,800000,36918
service,800000,6524
end_to_end,800000,13803
service,800000,3040
end_to_end,100000,20498
service,100000,514
end_to_end,100000,14031
service,100000,595
end_to_end,800000,13025
service,800000,1421
end_to_end,100000,16829
service,100000,1130
end_to_end,800000,14121
service,800000,991
end_to_end,800000,12238
service,800000,1077
end_to_end,800000,39037
service,800000,21907
end_to_end,100000,43980
service,100000,2901
end_to_end,100000,16347
service,100000,1773
end_to_end,800000,28417
service,800000,6035
end_to_end,100000,29362
service,100000,3873
end_to_end,800000,19351
service,800000,8257
end_to_end,800000,19736
service,800000,2003
end_to_end,100000,15281
service,100000,1339
end_to_end,100000,16962
service,100000,5729
end_to_end,800000,23916
service,800000,1580
end_to_end,100000,31110
service,100000,1970
end_to_end,100000,14554
service,100000,219
end_to_end,800000,20800
service,800000,274
end_to_end,100000,13335
service,100000,598
end_to_end,800000,19375
service,800000,95
end_to_end,100000,28551
service,100000,5722
end_to_end,800000,13267
service,800000,3141
end_to_end,100000,17861
service,100000,251
end_to_end,800000,15061
service,800000,800
end_to_end,800000,14477
service,800000,4250
end_to_end,100000,15947
service,100000,1617
end_to_end,100000,17740
service,100000,219
end_to_end,800000,18614
service,800000,311
end_to_end,800000,14189
service,800000,1633
end_to_end,800000,12307
service,800000,384
end_to_end,800000,21155
service,800000,4110
end_to_end,100000,21704
service,100000,1139
end_to_end,100000,19500
service,100000,999
end_to_end,100000,27165
service,100000,1162
end_to_end,100000,22827
service,100000,1456
end_to_end,100000,29066
service,100000,2514
end_to_end,800000,18237
service,800000,2814
end_to_end,800000,19402
service,800000,5919
end_to_end,800000,26091
service,800000,6688
end_to_end,100000,25781
service,100000,3032
end_to_end,100000,27497
service,100000,3478
end_to_end,100000,28039
service,100000,494
end_to_end,100000,17521
service,100000,145
end_to_end,100000,23384
service,100000,3521
end_to_end,100000,25455
service,100000,2066
end_to_end,100000,17499
service,100000,217
end_to_end,100000,14079
service,100000,32
end_to_end,800000,20656
service,800000,3317
end_to_end,100000,20688
service,100000,179
end_to_end,800000,13769
service,800000,254
end_to_end,100000,30575
service,100000,583
end_to_end,800000,21615
service,800000,467
end_to_end,800000,17774
service,800000,1129
end_to_end,800000,32928
service,800000,3687
end_to_end,100000,17449
service,100000,2144
end_to_end,800000,20422
service,800000,1708
end_to_end,100000,29613
service,100000,2559
end_to_end,800000,37257
service,800000,3783
end_to_end,100000,26026
service,100000,3066
end_to_end,800000,11287
service,800000,1157
end_to_end,800000,28255
service,800000,1065
end_to_end,800000,20155
service,800000,459
end_to_end,100000,31697
service,100000,1030
end_to_end,800000,27587
service,800000,7366
end_to_end,100000,26372
service,100000,224
end_to_end,100000,17353
service,100000,1421
end_to_end,100000,34447
service,100000,30
end_to_end,800000,19739
service,800000,360
end_to_end,800000,15857
service,800000,287
end_to_end,800000,16796
service,800000,3339
end_to_end,100000,14343
service,100000,1885
end_to_end,800000,31513
service,800000,522
end_to_end,800000,29561
service,800000,34
end_to_end,100000,16141
service,100000,1717
end_to_end,100000,22562
service,100000,1276
end_to_end,100000,29722
service,100000,1993
end_to_end,800000,18042
service,800000,1052
end_to_end,100000,21846
service,100000,2108
end_to_end,100000,24807
service,100000,4036
end_to_end,800000,30670
service,800000,4781
end_to_end,800000,22373
service,800000,2464
end_to_end,800000,27825
service,800000,651
end_to_end,800000,21001
service,800000,7112
end_to_end,800000,10511
service,800000,694
end_to_end,100000,33871
service,100000,979
end_to_end,800000,27633
service,800000,3054
end_to_end,800000,19582
service,800000,105
end_to_end,100000,28110
service,100000,1166
end_to_end,800000,31903
service,800000,2122
end_to_end,800000,35036
service,800000,2835
end_to_end,100000,17500
service,100000,205
end_to_end,100000,15417
service,100000,16
end_to_end,800000,25031
service,800000,1024
end_to_end,800000,25496
service,800000,3267
end_to_end,800000,19459
service,800000,1736
end_to_end,800000,21924
service,800000,403
end_to_end,800000,14113
service,800000,458
end_to_end,800000,18418
service,800000,1827
end_to_end,100000,28815
service,100000,2407
end_to_end,800000,18296
service,800000,226
end_to_end,100000,21761
service,100000,61
end_to_end,800000,18642
service,800000,1908
end_to_end,800000,15332
service,800000,1070
end_to_end,100000,34236
service,100000,2837
end_to_end,800000,22510
service,800000,585
end_to_end,100000,24299
service,100000,186
end_to_end,800000,17979
service,800000,452
end_to_end,100000,21127
service,100000,1866
end_to_end,800000,33318
service,800000,4022
end_to_end,800000,22846
service,800000,1180
end_to_end,100000,36742
service,100000,4764
end_to_end,100000,11910
service,100000,1977
end_to_end,800000,19258
service,800000,436
end_to_end,100000,12664
service,100000,773
end_to_end,100000,19987
service,100000,297
end_to_end,100000,22548
service,100000,4379
end_to_end,100000,22726
service,100000,3577
end_to_end,100000,21611
service,100000,428
end_to_end,800000,23595
service,800000,646
end_to_end,100000,10249
service,100000,389
end_to_end,800000,14943
service,800000,2004
end_to_end,100000,25317
service,100000,139
end_to_end,100000,13650
service,100000,564
end_to_end,100000,16750
service,100000,845
end_to_end,800000,14266
service,800000,590
end_to_end,100000,27685
service,100000,6262
end_to_end,800000,19303
service,800000,3914
end_to_end,800000,19690
service,800000,1817
end_to_end,100000,24320
service,100000,244
end_to_end,100000,13799
service,100000,346
end_to_end,100000,24940
service,100000,1301
end_to_end,100000,36390
service,100000,1739
end_to_end,800000,19240
service,800000,146
end_to_end,800000,26394
service,800000,6472
end_to_end,100000,32810
service,100000,3299
end_to_end,100000,31663
service,100000,5267
end_to_end,100000,30473
service,100000,1373
end_to_end,800000,33913
service,800000,271
end_to_end,100000,24263
service,100000,415
end_to_end,800000,21118
service,800000,3344
end_to_end,800000,27413
service,800000,31
end_to_end,100000,11523
service,100000,300
end_to_end,100000,19943
service,100000,1177
end_to_end,100000,24375
service,100000,6994
end_to_end,800000,26431
service,800000,767
end_to_end,800000,20890
service,800000,3088
end_to_end,100000,38254
service,100000,3300
end_to_end,100000,19009
service,100000,446
end_to_end,100000,30344
service,100000,2772
end_to_end,100000,16136
service,100000,1247
end_to_end,800000,17464
service,800000,1506
end_to_end,100000,18290
service,100000,965
end_to_end,800000,14824
service,800000,126
end_to_end,800000,19844
service,800000,2401
end_to_end,100000,22435
service,100000,1528
end_to_end,800000,20202
service,800000,1206
end_to_end,800000,10201
service,800000,132
end_to_end,800000,20522
service,800000,2117
end_to_end,100000,15568
service,100000,549
end_to_end,800000,19905
service,800000,431
end_to_end,800000,18360
service,800000,2274
end_to_end,100000,12142
service,100000,1144
end_to_end,800000,14626
service,800000,2720
end_to_end,100000,18806
service,100000,288
end_to_end,800000,21951
service,800000,5857
end_to_end,100000,28177
service,100000,534
end_to_end,800000,27985
service,800000,2368
end_to_end,100000,30894
service,100000,13025
end_to_end,100000,23038
service,100000,6047
end_to_end,100000,39228
service,100000,10126
end_to_end,800000,26828
service,800000,1705
end_to_end,800000,17049
service,800000,2051
end_to_end,100000,19360
service,100000,614
end_to_end,800000,26145
service,800000,304
end_to_end,100000,29685
service,100000,2515
end_to_end,100000,21355
service,100000,5804
end_to_end,100000,14253
service,100000,439
end_to_end,100000,7301
service,100000,1002
end_to_end,800000,14549
service,800000,909
end_to_end,100000,12787
service,100000,130
end_to_end,100000,21509
service,100000,1703
end_to_end,800000,11598
service,800000,1956
end_to_end,800000,19260
service,800000,2650
end_to_end,800000,13523
service,800000,3446
end_to_end,100000,28217
service,100000,1092
end_to_end,100000,37177
service,100000,9595
end_to_end,100000,31260
service,100000,3198
end_to_end,800000,22743
service,800000,3388
end_to_end,800000,23314
service,800000,984
end_to_end,100000,26114
service,100000,1480
end_to_end,800000,20815
service,800000,1463
end_to_end,800000,15993
service,800000,2289
end_to_end,100000,29998
service,100000,7447
end_to_end,100000,20608
service,100000,3795
end_to_end,100000,13323
service,100000,77
end_to_end,800000,16785
service,800000,470
end_to_end,800000,16214
service,800000,1813
end_to_end,100000,20301
service,100000,3027
end_to_end,800000,23859
service,800000,1277
end_to_end,100000,20149
service,100000,2810
end_to_end,100000,26993
service,100000,1802
end_to_end,100000,11174
service,100000,406
end_to_end,800000,21297
service,800000,3529
end_to_end,100000,16452
service,100000,1075
end_to_end,100000,17030
service,100000,1400
end_to_end,800000,23220
service,800000,2872
end_to_end,100000,15601
service,100000,562
end_to_end,800000,19759
service,800000,350
end_to_end,100000,29480
service,100000,4138
end_to_end,100000,39962
service,100000,5005
end_to_end,100000,28210
service,100000,188
end_to_end,100000,27449
service,100000,1009
end_to_end,800000,23571
service,800000,1137
end_to_end,100000,11995
service,100000,9
end_to_end,800000,16878
service,800000,1923
end_to_end,800000,16581
service,800000,945
end_to_end,100000,22146
service,100000,482
end_to_end,800000,16257
service,800000,1416
end_to_end,800000,25498
service,800000,829
end_to_end,800000,13910
service,800000,1397
end_to_end,800000,26894
service,800000,10
end_to_end,100000,12852
service,100000,841
end_to_end,800000,19938
service,800000,2239
end_to_end,100000,19780
service,100000,786
end_to_end,100000,21281
service,100000,3689
end_to_end,100000,37272
service,100000,16146
end_to_end,800000,38418
service,800000,5261
end_to_end,800000,11531
service,800000,1939
end_to_end,800000,18904
service,800000,2067
end_to_end,800000,28210
service,800000,3320
end_to_end,800000,21038
service,800000,1037
end_to_end,100000,23192
service,100000,1265
end_to_end,100000,19560
service,100000,3116
end_to_end,100000,17620
service,100000,1790
end_to_end,100000,17138
service,100000,2248
end_to_end,800000,21628
service,800000,1576
end_to_end,100000,28855
service,100000,593
end_to_end,100000,17976
service,100000,2513
end_to_end,100000,11207
service,100000,1081
end_to_end,800000,22225
service,800000,6985
end_to_end,800000,23077
service,800000,364
end_to_end,100000,13153
service,100000,1194
end_to_end,100000,21275
service,100000,1415
end_to_end,100000,26076
service,100000,4067
end_to_end,100000,25528
service,100000,2277
end_to_end,800000,26397
service,800000,9313
end_to_end,100000,29481
service,100000,2183
end_to_end,100000,16868
service,100000,2011
end_to_end,100000,13693
service,100000,257
end_to_end,100000,20405
service,100000,401
end_to_end,100000,30766
service,100000,3460
end_to_end,800000,14055
service,800000,468
end_to_end,100000,18364
service,100000,1688
end_to_end,100000,20118
service,100000,242
end_to_end,800000,22664
service,800000,1019
end_to_end,100000,17662
service,100000,720
end_to_end,100000,20319
service,100000,1634
end_to_end,800000,16197
service,800000,586
end_to_end,100000,26346
service,100000,8328
end_to_end,800000,26099
service,800000,1719
end_to_end,800000,31695
service,800000,82
end_to_end,100000,23196
service,100000,1339
end_to_end,800000,16398
service,800000,919
end_to_end,100000,25312
service,100000,1745
end_to_end,800000,16727
service,800000,492
end_to_end,100000,21461
service,100000,2880
end_to_end,800000,15500
service,800000,409
end_to_end,100000,23263
service,100000,6676
end_to_end,100000,26236
service,100000,910
end_to_end,800000,31353
service,800000,3058
end_to_end,100000,24772
service,100000,3658
end_to_end,100000,14426
service,100000,2027
end_to_end,100000,14381
service,100000,3115
end_to_end,800000,33861
service,800000,8313
end_to_end,800000,28371
service,800000,7790
end_to_end,800000,16165
service,800000,15
end_to_end,800000,19103
service,800000,2497
end_to_end,800000,24969
service,800000,1202
end_to_end,800000,33485
service,800000,2030
end_to_end,100000,15759
service,100000,284
end_to_end,800000,25105
service,800000,1364
end_to_end,100000,9327
service,100000,2235
end_to_end,100000,22363
service,100000,493
end_to_end,100000,18745
service,100000,2072
end_to_end,800000,29480
service,800000,2542
end_to_end,100000,28885
service,100000,3475
end_to_end,100000,11433
service,100000,2036
end_to_end,100000,26880
service,100000,1466
end_to_end,100000,15984
service,100000,62
end_to_end,800000,23873
service,800000,143
end_to_end,100000,32071
service,100000,1306
end_to_end,100000,16167
service,100000,1190
end_to_end,100000,25873
service,100000,2849
end_to_end,800000,20993
service,800000,5111
end_to_end,800000,21350
service,800000,5633
end_to_end,800000,30046
service,800000,4989
end_to_end,800000,15269
service,800000,1343
end_to_end,100000,18615
service,100000,1078
end_to_end,100000,22523
service,100000,2214
end_to_end,100000,15234
service,100000,2768
end_to_end,100000,18169
service,100000,4994
end_to_end,100000,22113
service,100000,1638
end_to_end,800000,27577
service,800000,1260
end_to_end,100000,14352
service,100000,306
end_to_end,100000,17036
service,100000,6350
end_to_end,100000,25404
service,100000,3301
end_to_end,100000,15999
service,100000,794
end_to_end,100000,14423
service,100000,941
end_to_end,100000,22371
service,100000,1582
end_to_end,100000,14328
service,100000,2054
end_to_end,100000,14575
service,100000,510
end_to_end,800000,18380
service,800000,3584
end_to_end,800000,19763
service,800000,3237
end_to_end,800000,21784
service,800000,3229
end_to_end,800000,24633
service,800000,1114
end_to_end,800000,11307
service,800000,557
end_to_end,800000,17420
service,800000,158
end_to_end,100000,10823
service,100000,486
end_to_end,100000,25799
service,100000,8486
end_to_end,100000,28863
service,100000,1001
end_to_end,800000,21467
service,800000,252
end_to_end,100000,11568
service,100000,1412
end_to_end,800000,15531
service,800000,2980
end_to_end,800000,14661
service,800000,1410
end_to_end,800000,16129
service,800000,1931
end_to_end,800000,20201
service,800000,1631
end_to_end,800000,15276
service,800000,3508
end_to_end,100000,15239
service,100000,2923
end_to_end,800000,18245
service,800000,2832
end_to_end,100000,20429
service,100000,1354
end_to_end,800000,26922
service,800000,1256
end_to_end,800000,21586
service,800000,2201
end_to_end,100000,22191
service,100000,1973
end_to_end,800000,20536
service,800000,797
end_to_end,800000,12709
service,800000,1382
end_to_end,100000,10767
service,100000,1934
end_to_end,800000,22066
service,800000,1566
end_to_end,100000,12346
service,100000,139
end_to_end,100000,8308
service,100000,566
end_to_end,100000,9708
service,100000,114
end_to_end,100000,12779
service,100000,805
end_to_end,100000,14220
service,100000,122
end_to_end,800000,17412
service,800000,4775
end_to_end,100000,11347
service,100000,1242
end_to_end,800000,17804
service,800000,2267
end_to_end,800000,21917
service,800000,10137
end_to_end,100000,9583
service,100000,1840
end_to_end,800000,13650
service,800000,62
end_to_end,800000,15465
service,800000,24
end_to_end,800000,29150
service,800000,5
end_to_end,800000,25111
service,800000,4680
end_to_end,100000,21218
service,100000,2054
end_to_end,100000,30567
service,100000,3392
end_to_end,100000,34985
service,100000,1593
end_to_end,100000,20383
service,100000,2420
end_to_end,100000,28821
service,100000,2222
end_to_end,100000,23602
service,100000,1363
end_to_end,100000,13279
service,100000,732
end_to_end,800000,16286
service,800000,3490
end_to_end,100000,21445
service,100000,1171
end_to_end,100000,7369
service,100000,955
end_to_end,100000,13038
service,100000,498
end_to_end,100000,21171
service,100000,2780
end_to_end,100000,17244
service,100000,684
end_to_end,100000,16490
service,100000,1208
end_to_end,100000,9913
service,100000,98
end_to_end,100000,20400
service,100000,36
end_to_end,800000,15869
service,800000,1960
end_to_end,800000,26126
service,800000,2462
end_to_end,800000,16491
service,800000,1423
end_to_end,800000,11436
service,800000,939
end_to_end,800000,35382
service,800000,2068
end_to_end,800000,26584
service,800000,1096
end_to_end,800000,27129
service,800000,8514
end_to_end,800000,19085
service,800000,2868
end_to_end,800000,37434
service,800000,4331
end_to_end,800000,15259
service,800000,1136
end_to_end,100000,17369
service,100000,910
end_to_end,800000,22962
service,800000,896
end_to_end,100000,17098
service,100000,178
end_to_end,100000,16774
service,100000,930
end_to_end,800000,8834
service,800000,1649
end_to_end,100000,21531
service,100000,1568
end_to_end,800000,21388
service,800000,553
end_to_end,800000,27017
service,800000,3507
end_to_end,800000,15704
service,800000,298
end_to_end,100000,19998
service,100000,6185
end_to_end,100000,20244
service,100000,3687
end_to_end,800000,29257
service,800000,1500
end_to_end,800000,20033
service,800000,41
end_to_end,100000,28870
service,100000,116
end_to_end,800000,20308
service,800000,231
end_to_end,100000,10420
service,100000,1971
end_to_end,800000,12274
service,800000,1656
end_to_end,100000,23972
service,100000,512
end_to_end,100000,21761
service,100000,321
end_to_end,800000,18518
service,800000,1481
end_to_end,100000,25021
service,100000,2116
end_to_end,100000,16570
service,100000,3030
end_to_end,800000,18066
service,800000,336
end_to_end,100000,28157
service,100000,5122
end_to_end,800000,23236
service,800000,1951
end_to_end,100000,9484
service,100000,156
end_to_end,800000,20681
service,800000,4387
end_to_end,800000,30503
service,800000,705
end_to_end,100000,25653
service,100000,139
end_to_end,100000,16908
service,100000,455
end_to_end,800000,28361
service,800000,422
end_to_end,100000,34641
service,100000,2877
end_to_end,100000,25349
service,100000,1511
end_to_end,800000,17224
service,800000,1737
end_to_end,100000,16790
service,100000,1591
end_to_end,800000,21155
service,800000,1372
end_to_end,800000,28224
service,800000,512
end_to_end,800000,16718
service,800000,393
end_to_end,100000,29975
service,100000,410
end_to_end,800000,25573
service,800000,1417
end_to_end,800000,25006
service,800000,2731
end_to_end,100000,23842
service,100000,514
end_to_end,100000,7851
service,100000,1579
end_to_end,800000,28734
service,800000,2593
end_to_end,100000,24141
service,100000,3600
end_to_end,100000,24435
service,100000,1443
end_to_end,100000,30097
service,100000,1426
end_to_end,800000,28191
service,800000,3568
end_to_end,100000,23673
service,100000,17
end_to_end,800000,13374
service,800000,1685
end_to_end,800000,24863
service,800000,2453
end_to_end,100000,16701
service,100000,7239
end_to_end,100000,21792
service,100000,28
end_to_end,800000,14920
service,800000,324
end_to_end,100000,23046
service,100000,3666
end_to_end,100000,32773
service,100000,1204
end_to_end,100000,30821
service,100000,864
end_to_end,800000,23846
service,800000,2957
end_to_end,800000,16813
service,800000,857
end_to_end,800000,14750
service,800000,174
end_to_end,100000,10835
service,100000,3342
end_to_end,800000,28685
service,800000,93
end_to_end,100000,36171
service,100000,1513
end_to_end,100000,30544
service,100000,980
end_to_end,800000,17832
service,800000,4328
end_to_end,800000,22734
service,800000,305
end_to_end,800000,24901
service,800000,1042
end_to_end,800000,14723
service,800000,464
end_to_end,100000,14820
service,100000,149
end_to_end,800000,12127
service,800000,905
end_to_end,100000,20793
service,100000,1989
end_to_end,800000,20946
service,800000,527
end_to_end,100000,22185
service,100000,2004
end_to_end,800000,26799
service,800000,1636
end_to_end,800000,43575
service,800000,1360
end_to_end,800000,13694
service,800000,945
end_to_end,800000,16476
service,800000,954
end_to_end,800000,13289
service,800000,1782
end_to_end,100000,23494
service,100000,4922
end_to_end,100000,31325
service,100000,7831
end_to_end,100000,16381
service,100000,2674
end_to_end,100000,16692
service,100000,1339
end_to_end,100000,8278
service,100000,250
end_to_end,100000,7421
service,100000,598
end_to_end,800000,21846
service,800000,1311
end_to_end,100000,19490
service,100000,2941
end_to_end,800000,16263
service,800000,810
end_to_end,100000,24366
service,100000,463
end_to_end,800000,23549
service,800000,370
end_to_end,800000,28239
service,800000,7394
end_to_end,800000,20767
service,800000,2247
end_to_end,800000,15195
service,800000,790
end_to_end,100000,20329
service,100000,423
end_to_end,800000,17981
service,800000,847
end_to_end,800000,33370
service,800000,2886
end_to_end,100000,23548
service,100000,256
end_to_end,800000,27318
service,800000,7113
end_to_end,800000,12038
service,800000,2588
end_to_end,800000,28418
service,800000,6718
end_to_end,100000,11936
service,100000,128
end_to_end,800000,22268
service,800000,920
end_to_end,800000,32301
service,800000,1083
end_to_end,800000,23208
service,800000,4458
end_to_end,100000,23369
service,100000,9414
end_to_end,800000,24178
service,800000,1859
end_to_end,800000,21972
service,800000,4059
end_to_end,800000,15982
service,800000,3439
end_to_end,100000,28954
service,100000,662
end_to_end,800000,13145
service,800000,4255
end_to_end,800000,16942
service,800000,1449
end_to_end,100000,13423
service,100000,753
end_to_end,100000,21618
service,100000,4416
end_to_end,800000,21972
service,800000,173
end_to_end,800000,13596
service,800000,786
end_to_end,100000,27809
service,100000,399
end_to_end,800000,23240
service,800000,2867
end_to_end,100000,43147
service,100000,814
end_to_end,100000,8358
service,100000,5
end_to_end,100000,20831
service,100000,2163
end_to_end,800000,12159
service,800000,651
end_to_end,100000,17638
service,100000,3323
end_to_end,100000,13042
service,100000,23
end_to_end,100000,13154
service,100000,425
end_to_end,800000,11862
service,800000,729
end_to_end,100000,20531
service,100000,3119
end_to_end,100000,22662
service,100000,128
end_to_end,100000,16087
service,100000,905
end_to_end,800000,21062
service,800000,432
end_to_end,100000,11919
service,100000,602
end_to_end,800000,11071
service,800000,501
end_to_end,800000,14811
service,800000,1671
end_to_end,800000,15682
service,800000,3239
end_to_end,100000,20604
service,100000,1002
end_to_end,800000,15149
service,800000,429
end_to_end,800000,21257
service,800000,2922
end_to_end,800000,34285
service,800000,726
end_to_end,800000,17890
service,800000,3307
end_to_end,100000,21164
service,100000,3335
end_to_end,800000,12585
service,800000,556
end_to_end,100000,10058
service,100000,999
end_to_end,800000,17661
service,800000,104
end_to_end,800000,10363
service,800000,338
end_to_end,100000,13788
service,100000,2126
end_to_end,100000,25484
service,100000,4543
end_to_end,800000,17696
service,800000,102
end_to_end,800000,14804
service,800000,253
end_to_end,100000,36322
service,100000,3490
end_to_end,100000,13366
service,100000,288
end_to_end,800000,18649
service,800000,1645
end_to_end,800000,24459
service,800000,9924
end_to_end,800000,12496
service,800000,1209
end_to_end,800000,22833
service,800000,2314
end_to_end,800000,27354
service,800000,271
end_to_end,100000,17018
service,100000,693
end_to_end,100000,22723
service,100000,5690
end_to_end,100000,17603
service,100000,91
end_to_end,800000,35176
service,800000,1491
end_to_end,100000,19794
service,100000,1880
end_to_end,100000,13384
service,100000,508
end_to_end,100000,21962
service,100000,4311
end_to_end,100000,21791
service,100000,5424
end_to_end,100000,17176
service,100000,598
end_to_end,100000,31880
service,100000,4086
end_to_end,100000,19963
service,100000,369
end_to_end,800000,16920
service,800000,1708
end_to_end,100000,29375
service,100000,2307
end_to_end,100000,18690
service,100000,2053
end_to_end,800000,38922
service,800000,3275
end_to_end,800000,36678
service,800000,4835
end_to_end,100000,23754
service,100000,4488
end_to_end,800000,19731
service,800000,357
end_to_end,100000,22093
service,100000,233
end_to_end,800000,18711
service,800000,4136
end_to_end,800000,22117
service,800000,522
end_to_end,800000,23149
service,800000,3321
end_to_end,100000,19068
service,100000,1484
end_to_end,800000,37841
service,800000,2690
end_to_end,100000,22418
service,100000,1260
end_to_end,800000,29121
service,800000,5208
end_to_end,100000,21600
service,100000,431
end_to_end,100000,20107
service,100000,4104
end_to_end,100000,32019
service,100000,11114
end_to_end,800000,19943
service,800000,1100
end_to_end,100000,15115
service,100000,2968
end_to_end,800000,21639
service,800000,1121
end_to_end,100000,19226
service,100000,2253
end_to_end,800000,25686
service,800000,4988
end_to_end,100000,21151
service,100000,3337
end_to_end,800000,14294
service,800000,625
end_to_end,100000,25636
service,100000,12968
end_to_end,800000,16777
service,800000,2315
end_to_end,100000,25366
service,100000,2783
end_to_end,800000,27878
service,800000,1613
end_to_end,800000,30016
service,800000,6859
end_to_end,800000,30393
service,800000,7301
end_to_end,100000,24952
service,100000,202
end_to_end,100000,24177
service,100000,5
end_to_end,800000,32183
service,800000,586
end_to_end,100000,26818
service,100000,3038
end_to_end,800000,30429
service,800000,1552
end_to_end,100000,27753
service,100000,613
end_to_end,800000,25043
service,800000,2625
end_to_end,800000,24344
service,800000,3358
end_to_end,100000,14635
service,100000,545
end_to_end,800000,21887
service,800000,5601
end_to_end,100000,9213
service,100000,1036
end_to_end,100000,26253
service,100000,3198
end_to_end,800000,23105
service,800000,4645
end_to_end,800000,14153
service,800000,4292
end_to_end,100000,19136
service,100000,2169
end_to_end,800000,21538
service,800000,73
end_to_end,800000,18067
service,800000,409
end_to_end,100000,22231
service,100000,4022
end_to_end,800000,16367
service,800000,42
end_to_end,100000,33746
service,100000,7792
end_to_end,800000,18987
service,800000,400
end_to_end,100000,20719
service,100000,1188
end_to_end,800000,17861
service,800000,1402
end_to_end,800000,27611
service,800000,1883
end_to_end,800000,19622
service,800000,334
end_to_end,800000,21679
service,800000,2865
end_to_end,800000,18068
service,800000,1830
end_to_end,800000,21878
service,800000,1666
end_to_end,800000,12101
service,800000,911
end_to_end,800000,24349
service,800000,4100
end_to_end,800000,23554
service,800000,2817
end_to_end,100000,21258
service,100000,220
end_to_end,100000,26518
service,100000,9065
end_to_end,800000,26642
service,800000,1020
end_to_end,100000,17491
service,100000,762
end_to_end,100000,12968
service,100000,1343
end_to_end,100000,18249
service,100000,177
end_to_end,800000,21658
service,800000,1078
end_to_end,800000,27740
service,800000,79
end_to_end,100000,18810
service,100000,5219
end_to_end,800000,27659
service,800000,3780
end_to_end,800000,13018
service,800000,122
end_to_end,800000,17142
service,800000,1175
end_to_end,100000,12438
service,100000,969
end_to_end,100000,18646
service,100000,649
end_to_end,100000,24221
service,100000,2520
end_to_end,100000,29224
service,100000,4997
end_to_end,100000,18188
service,100000,3219
end_to_end,800000,16829
service,800000,18
end_to_end,800000,27159
service,800000,3517
end_to_end,800000,15228
service,800000,612
end_to_end,800000,27219
service,800000,2022
end_to_end,800000,28056
service,800000,2988
end_to_end,100000,22901
service,100000,514
end_to_end,100000,13529
service,100000,891
end_to_end,800000,15321
service,800000,1314
end_to_end,800000,11723
service,800000,511
end_to_end,800000,21389
service,800000,2748
end_to_end,100000,14398
service,100000,1124
end_to_end,100000,17959
service,100000,1166
end_to_end,800000,12790
service,800000,988
end_to_end,800000,24764
service,800000,673
end_to_end,100000,21058
service,100000,1188
end_to_end,100000,28572
service,100000,309
end_to_end,800000,19737
service,800000,1120
end_to_end,800000,13005
service,800000,170
end_to_end,800000,23016
service,800000,2638
end_to_end,800000,28644
service,800000,3619
end_to_end,100000,12194
service,100000,713
end_to_end,800000,28135
service,800000,7018
end_to_end,800000,39477
service,800000,3275
end_to_end,100000,17534
service,100000,193
end_to_end,800000,15520
service,800000,650
end_to_end,100000,22443
service,100000,2300
end_to_end,800000,15373
service,800000,1687
end_to_end,100000,19271
service,100000,1527
end_to_end,800000,14416
service,800000,641
end_to_end,100000,28124
service,100000,1921
end_to_end,100000,13543
service,100000,749
end_to_end,800000,23764
service,800000,3236
end_to_end,100000,22864
service,100000,813
end_to_end,800000,11961
service,800000,361
end_to_end,100000,12732
service,100000,331
end_to_end,800000,11105
service,800000,107
end_to_end,800000,21645
service,800000,870
end_to_end,800000,17201
service,800000,3080
end_to_end,800000,20801
service,800000,2013
end_to_end,100000,17765
service,100000,1009
end_to_end,800000,13553
service,800000,316
end_to_end,800000,19748
service,800000,2052
end_to_end,100000,26201
service,100000,3321
end_to_end,800000,22806
service,800000,2282
end_to_end,800000,27185
service,800000,1260
end_to_end,800000,29861
service,800000,612
end_to_end,100000,24111
service,100000,2059
end_to_end,100000,23723
service,100000,3106
end_to_end,100000,15932
service,100000,5771
end_to_end,100000,26084
service,100000,5076
end_to_end,100000,14828
service,100000,2859
end_to_end,800000,19139
service,800000,2189
end_to_end,800000,12786
service,800000,2858
end_to_end,800000,20035
service,800000,1668
end_to_end,800000,15460
service,800000,458
end_to_end,100000,23156
service,100000,1477
end_to_end,800000,23771
service,800000,3670
end_to_end,800000,19574
service,800000,62
end_to_end,800000,16522
service,800000,225
end_to_end,100000,13564
service,100000,65
end_to_end,800000,12066
service,800000,200
end_to_end,100000,16598
service,100000,2216
end_to_end,800000,23347
service,800000,1727
end_to_end,800000,24313
service,800000,423
end_to_end,100000,25157
service,100000,6167
end_to_end,800000,14566
service,800000,7
end_to_end,100000,17811
service,100000,1277
end_to_end,800000,18224
service,800000,1712
end_to_end,100000,16380
service,100000,391
end_to_end,100000,17056
service,100000,651
end_to_end,100000,17601
service,100000,53
end_to_end,100000,12236
service,100000,91
end_to_end,100000,29492
service,100000,1683
end_to_end,800000,30566
service,800000,2787
end_to_end,100000,15177
service,100000,513
end_to_end,100000,13510
service,100000,1358
end_to_end,100000,22720
service,100000,456
end_to_end,800000,11416
service,800000,508
end_to_end,100000,21932
service,100000,3723
end_to_end,800000,21407
service,800000,530
end_to_end,800000,14459
service,800000,422
end_to_end,100000,13444
service,100000,428
end_to_end,800000,18420
service,800000,128
end_to_end,100000,18950
service,100000,517
end_to_end,100000,11769
service,100000,770
end_to_end,800000,23756
service,800000,2903
end_to_end,100000,20178
service,100000,676
end_to_end,100000,15748
service,100000,596
end_to_end,800000,14751
service,800000,878
end_to_end,100000,19889
service,100000,2246
end_to_end,800000,10151
service,800000,363
end_to_end,100000,28356
service,100000,735
end_to_end,100000,29870
service,100000,438
end_to_end,800000,12363
service,800000,8
end_to_end,800000,23156
service,800000,762
end_to_end,800000,13137
service,800000,910
end_to_end,800000,18024
service,800000,1161
end_to_end,100000,17152
service,100000,4518
end_to_end,100000,25522
service,100000,244
end_to_end,100000,14425
service,100000,2396
end_to_end,100000,17664
service,100000,336
end_to_end,800000,20871
service,800000,765
end_to_end,100000,18760
service,100000,3080
end_to_end,800000,24916
service,800000,1364
end_to_end,800000,24339
service,800000,1841
end_to_end,800000,19043
service,800000,1418
end_to_end,800000,13698
service,800000,727
end_to_end,800000,18158
service,800000,2469
end_to_end,100000,42684
service,100000,6431
end_to_end,100000,11495
service,100000,901
end_to_end,800000,19720
service,800000,862
end_to_end,800000,13415
service,800000,2742
end_to_end,100000,17018
service,100000,5644
end_to_end,800000,17804
service,800000,225
end_to_end,100000,26765
service,100000,952
end_to_end,800000,17575
service,800000,4257
end_to_end,100000,20519
service,100000,1181
end_to_end,100000,14628
service,100000,1432
end_to_end,100000,25661
service,100000,714
end_to_end,800000,21319
service,800000,1572
end_to_end,100000,14453
service,100000,1338
end_to_end,100000,20229
service,100000,670
end_to_end,100000,18985
service,100000,778
end_to_end,800000,16371
service,800000,2162
end_to_end,800000,20664
service,800000,1824
end_to_end,800000,31421
service,800000,999
end_to_end,100000,16797
service,100000,478
end_to_end,100000,11744
service,100000,971
end_to_end,800000,19628
service,800000,7138
end_to_end,800000,21737
service,800000,2016
end_to_end,100000,21664
service,100000,8095
end_to_end,800000,31356
service,800000,1369
end_to_end,800000,22853
service,800000,556
end_to_end,800000,14988
service,800000,3037
end_to_end,100000,26111
service,100000,2194
end_to_end,800000,16428
service,800000,2162
end_to_end,800000,15171
service,800000,449
end_to_end,800000,17746
service,800000,2108
end_to_end,800000,21175
service,800000,3468
end_to_end,800000,15973
service,800000,1457
end_to_end,100000,25822
service,100000,2636
end_to_end,800000,18619
service,800000,4743
end_to_end,800000,22463
service,800000,1081
end_to_end,800000,21611
service,800000,829
end_to_end,800000,19420
service,800000,12
end_to_end,100000,23289
service,100000,202
end_to_end,800000,23941
service,800000,8
end_to_end,800000,28069
service,800000,2534
end_to_end,100000,15945
service,100000,2514
end_to_end,100000,17570
service,100000,2648
end_to_end,100000,15416
service,100000,4545
end_to_end,800000,14421
service,800000,181
end_to_end,100000,9216
service,100000,168
end_to_end,800000,28349
service,800000,2123
end_to_end,800000,13686
service,800000,1482
end_to_end,800000,17816
service,800000,2232
end_to_end,800000,16029
service,800000,884
end_to_end,800000,17481
service,800000,1451
end_to_end,100000,15981
service,100000,96
end_to_end,100000,7853
service,100000,716
end_to_end,100000,17419
service,100000,1010
end_to_end,800000,10945
service,800000,364
end_to_end,100000,27577
service,100000,4296
end_to_end,100000,21998
service,100000,3715
end_to_end,100000,25744
service,100000,1966
end_to_end,800000,18868
service,800000,805
end_to_end,100000,10286
service,100000,1475
end_to_end,800000,17800
service,800000,926
end_to_end,100000,11638
service,100000,21
end_to_end,100000,29786
service,100000,1947
end_to_end,100000,28347
service,100000,1845
end_to_end,100000,42142
service,100000,7849
end_to_end,800000,37508
service,800000,5299
end_to_end,800000,24781
service,800000,2074
end_to_end,100000,33935
service,100000,1484
end_to_end,100000,26279
service,100000,2947
end_to_end,100000,21290
service,100000,131
end_to_end,100000,29649
service,100000,2241
end_to_end,100000,38487
service,100000,9263
end_to_end,100000,21949
service,100000,62
end_to_end,800000,9852
service,800000,139
end_to_end,800000,17431
service,800000,3597
end_to_end,100000,18569
service,100000,424
end_to_end,100000,21137
service,100000,1451
end_to_end,800000,10516
service,800000,496
end_to_end,800000,20893
service,800000,2087
end_to_end,100000,10404
service,100000,516
end_to_end,800000,16573
service,800000,5648
end_to_end,100000,9851
service,100000,274
end_to_end,800000,25287
service,800000,344
end_to_end,800000,26631
service,800000,5897
end_to_end,100000,25898
service,100000,119
end_to_end,800000,24050
service,800000,1819
end_to_end,800000,18455
service,800000,273
end_to_end,800000,15890
service,800000,130
end_to_end,800000,18964
service,800000,6244
end_to_end,800000,35756
service,800000,1669
end_to_end,100000,29319
service,100000,3783
end_to_end,100000,15423
service,100000,1698
end_to_end,800000,11108
service,800000,1813
end_to_end,800000,16084
service,800000,923
end_to_end,100000,19631
service,100000,4486
end_to_end,100000,17997
service,100000,2174
end_to_end,100000,26051
service,100000,3315
end_to_end,800000,14063
service,800000,1449
end_to_end,800000,20542
service,800000,384
end_to_end,100000,23657
service,100000,4074
end_to_end,800000,10085
service,800000,429
end_to_end,100000,13470
service,100000,521
end_to_end,100000,18733
service,100000,4260
end_to_end,800000,19815
service,800000,2386
end_to_end,100000,29228
service,100000,2384
end_to_end,100000,22652
service,100000,402
end_to_end,800000,26426
service,800000,2929
end_to_end,100000,30935
service,100000,5564
end_to_end,100000,36715
service,100000,1278
end_to_end,800000,21908
service,800000,796
end_to_end,800000,13924
service,800000,1180
end_to_end,800000,15452
service,800000,600
end_to_end,100000,22221
service,100000,1010
end_to_end,800000,33074
service,800000,2049
end_to_end,800000,18751
service,800000,2128
end_to_end,100000,16086
service,100000,223
end_to_end,800000,25685
service,800000,1423
end_to_end,100000,23015
service,100000,1058
end_to_end,800000,19561
service,800000,401
end_to_end,100000,9635
service,100000,1632
end_to_end,100000,18811
service,100000,2531
end_to_end,100000,21526
service,100000,1654
end_to_end,100000,17067
service,100000,2032
end_to_end,800000,30315
service,800000,2259
end_to_end,100000,39267
service,100000,821
end_to_end,100000,30708
service,100000,2173
end_to_end,100000,13719
service,100000,1359
end_to_end,100000,16415
service,100000,634
end_to_end,800000,19436
service,800000,667
end_to_end,100000,19192
service,100000,2809
end_to_end,800000,15507
service,800000,3072
end_to_end,800000,25921
service,800000,6084
end_to_end,800000,13719
service,800000,834
end_to_end,100000,20743
service,100000,297
end_to_end,800000,17450
service,800000,2573
end_to_end,100000,25804
service,100000,2460
end_to_end,100000,18666
service,100000,1354
end_to_end,800000,32626
service,800000,5757
end_to_end,100000,19737
service,100000,82
end_to_end,800000,24904
service,800000,770
end_to_end,800000,23966
service,800000,258
end_to_end,100000,22093
service,100000,706
end_to_end,100000,26422
service,100000,340
end_to_end,800000,14311
service,800000,2961
end_to_end,100000,25401
service,100000,48
end_to_end,800000,11156
service,800000,1698
end_to_end,100000,10372
service,100000,495
end_to_end,800000,14457
service,800000,1038
end_to_end,100000,17546
service,100000,2790
end_to_end,100000,17138
service,100000,1472
end_to_end,100000,28579
service,100000,662
end_to_end,800000,27540
service,800000,2795
end_to_end,100000,26125
service,100000,3399
end_to_end,100000,22471
service,100000,9070
end_to_end,800000,13742
service,800000,53
end_to_end,800000,15168
service,800000,188
end_to_end,800000,12658
service,800000,290
end_to_end,100000,17244
service,100000,1193
end_to_end,100000,31432
service,100000,6870
end_to_end,800000,23741
service,800000,1541
end_to_end,800000,14757
service,800000,3247
end_to_end,100000,19467
service,100000,1100
end_to_end,100000,24664
service,100000,118
end_to_end,100000,23682
service,100000,3054
end_to_end,800000,18919
service,800000,2925
end_to_end,100000,17126
service,100000,807
end_to_end,800000,21957
service,800000,979
end_to_end,800000,18221
service,800000,13
end_to_end,100000,18684
service,100000,692
end_to_end,100000,19031
service,100000,17
end_to_end,800000,28132
service,800000,89
end_to_end,800000,21237
service,800000,352
end_to_end,100000,12817
service,100000,4414
end_to_end,800000,25223
service,800000,4455
end_to_end,100000,27150
service,100000,6255
end_to_end,800000,17487
service,800000,2587
end_to_end,800000,16225
service,800000,221
end_to_end,800000,17514
service,800000,2178
end_to_end,800000,28924
service,800000,7299
end_to_end,800000,24320
service,800000,4102
end_to_end,100000,16380
service,100000,30
end_to_end,100000,14714
service,100000,171
end_to_end,800000,18458
service,800000,743
end_to_end,800000,26283
service,800000,761
end_to_end,100000,11412
service,100000,1114
end_to_end,800000,14092
service,800000,1334
end_to_end,800000,20131
service,800000,2762
end_to_end,800000,20353
service,800000,5693
end_to_end,100000,21493
service,100000,3288
end_to_end,800000,16825
service,800000,1609
end_to_end,800000,20812
service,800000,1570
end_to_end,100000,19752
service,100000,1784
end_to_end,800000,21084
service,800000,3752
end_to_end,100000,11707
service,100000,417
end_to_end,100000,11578
service,100000,137
end_to_end,100000,16288
service,100000,476
end_to_end,800000,22495
service,800000,1597
end_to_end,100000,24481
service,100000,1981
end_to_end,100000,28850
service,100000,1638
end_to_end,100000,30869
service,100000,6717
end_to_end,800000,25812
service,800000,5297
end_to_end,800000,37591
service,800000,631
end_to_end,800000,64759
service,800000,3472
end_to_end,800000,17699
service,800000,1785
end_to_end,800000,19708
service,800000,3901
end_to_end,100000,21983
service,100000,218
end_to_end,100000,22512
service,100000,794
end_to_end,100000,20453
service,100000,842
end_to_end,100000,15775
service,100000,293
end_to_end,800000,39724
service,800000,2624
end_to_end,100000,12952
service,100000,4319
end_to_end,100000,21355
service,100000,3196
end_to_end,100000,29015
service,100000,1122
end_to_end,100000,24501
service,100000,6637
end_to_end,100000,28018
service,100000,2459
end_to_end,800000,29545
service,800000,3073
end_to_end,800000,10498
service,800000,270
end_to_end,100000,28520
service,100000,1889
end_to_end,800000,23378
service,800000,1031
end_to_end,100000,29298
service,100000,578
end_to_end,800000,31709
service,800000,47
end_to_end,800000,19009
service,800000,128
end_to_end,800000,23307
service,800000,2323
end_to_end,800000,19865
service,800000,3595
end_to_end,800000,14903
service,800000,755
end_to_end,800000,25357
service,800000,1624
end_to_end,800000,20085
service,800000,1974
end_to_end,100000,12451
service,100000,969
end_to_end,100000,16820
service,100000,5790
end_to_end,800000,11523
service,800000,1203
end_to_end,100000,17672
service,100000,654
end_to_end,100000,31800
service,100000,281
end_to_end,800000,19129
service,800000,6030
end_to_end,100000,15461
service,100000,3159
end_to_end,100000,11570
service,100000,148
end_to_end,800000,43313
service,800000,10226
end_to_end,100000,22237
service,100000,2103
end_to_end,100000,9405
service,100000,2175
end_to_end,100000,23887
service,100000,4812
end_to_end,800000,35363
service,800000,5061
end_to_end,800000,19032
service,800000,1304
end_to_end,100000,22007
service,100000,3768
end_to_end,800000,21367
service,800000,2209
end_to_end,800000,13367
service,800000,1167
end_to_end,800000,19549
service,800000,408
end_to_end,800000,19993
service,800000,1515
end_to_end,100000,17806
service,100000,1381
end_to_end,800000,24282
service,800000,1649
end_to_end,100000,16355
service,100000,4607
end_to_end,800000,24250
service,800000,1734
end_to_end,100000,25014
service,100000,2798
end_to_end,100000,18079
service,100000,879
end_to_end,100000,24550
service,100000,971
end_to_end,800000,26391
service,800000,743
end_to_end,800000,27509
service,800000,3534
end_to_end,100000,39142
service,100000,486
end_to_end,100000,23664
service,100000,30
end_to_end,100000,16581
service,100000,768
end_to_end,100000,12803
service,100000,2100
end_to_end,100000,13738
service,100000,2464
end_to_end,800000,19862
service,800000,224
end_to_end,800000,25934
service,800000,1372
end_to_end,800000,19744
service,800000,3617
end_to_end,800000,15695
service,800000,944
end_to_end,800000,18566
service,800000,4274
end_to_end,100000,16639
service,100000,558
end_to_end,100000,26240
service,100000,2426
end_to_end,800000,25572
service,800000,955
end_to_end,100000,20679
service,100000,5508
end_to_end,800000,23736
service,800000,2429
end_to_end,100000,15376
service,100000,3533
end_to_end,100000,12163
service,100000,448
end_to_end,100000,17189
service,100000,3102
end_to_end,800000,11413
service,800000,2072
end_to_end,100000,19506
service,100000,1944
end_to_end,100000,25402
service,100000,796
end_to_end,100000,33804
service,100000,1199
end_to_end,800000,26303
service,800000,752
end_to_end,100000,25808
service,100000,7222
end_to_end,100000,10864
service,100000,2150
end_to_end,100000,12876
service,100000,1216
end_to_end,100000,15751
service,100000,2352
end_to_end,800000,20950
service,800000,312
end_to_end,100000,29879
service,100000,1439
end_to_end,800000,15032
service,800000,1911
end_to_end,100000,22743
service,100000,477
end_to_end,800000,24839
service,800000,3480
end_to_end,100000,19458
service,100000,705
end_to_end,100000,25973
service,100000,1473
end_to_end,100000,19359
service,100000,6599
end_to_end,100000,24583
service,100000,3523
end_to_end,800000,17991
service,800000,6467
end_to_end,800000,19464
service,800000,1077
end_to_end,100000,11071
service,100000,408
end_to_end,800000,22598
service,800000,525
end_to_end,800000,13079
service,800000,4029
end_to_end,800000,24824
service,800000,5011
end_to_end,800000,16462
service,800000,441
end_to_end,800000,12857
service,800000,379
end_to_end,100000,33551
service,100000,6487
end_to_end,100000,24309
service,100000,3229
end_to_end,100000,34368
service,100000,1622
end_to_end,800000,21769
service,800000,5088
end_to_end,100000,8440
service,100000,471
end_to_end,800000,11783
service,800000,87
end_to_end,100000,23611
service,100000,732
end_to_end,800000,15152
service,800000,2641
end_to_end,800000,28635
service,800000,691
end_to_end,800000,20778
service,800000,1807
end_to_end,100000,22755
service,100000,560
end_to_end,800000,22533
service,800000,3928
end_to_end,100000,19811
service,100000,3241
end_to_end,100000,25488
service,100000,480
end_to_end,800000,13467
service,800000,205
end_to_end,800000,35148
service,800000,2120
end_to_end,100000,17863
service,100000,257
end_to_end,100000,13207
service,100000,616
end_to_end,100000,23370
service,100000,596
end_to_end,800000,24703
service,800000,9323
end_to_end,800000,14625
service,800000,729
end_to_end,100000,44513
service,100000,1800
end_to_end,100000,20233
service,100000,937
end_to_end,800000,21935
service,800000,1701
end_to_end,100000,12551
service,100000,318
end_to_end,800000,19149
service,800000,2778
end_to_end,100000,18561
service,100000,733
end_to_end,100000,21792
service,100000,2975
end_to_end,100000,17182
service,100000,70
end_to_end,100000,12883
service,100000,3909
end_to_end,800000,12092
service,800000,2451
end_to_end,800000,18240
service,800000,2463
end_to_end,100000,31550
service,100000,2524
end_to_end,800000,16988
service,800000,863
end_to_end,800000,31773
service,800000,1742
end_to_end,800000,12948
service,800000,4803
end_to_end,800000,26829
service,800000,1258
end_to_end,100000,28754
service,100000,425
end_to_end,800000,19687
service,800000,487
end_to_end,800000,15510
service,800000,3288
end_to_end,800000,20012
service,800000,1906
end_to_end,100000,23356
service,100000,2284
end_to_end,100000,36694
service,100000,7
end_to_end,800000,18514
service,800000,234
end_to_end,800000,11368
service,800000,794
end_to_end,800000,20420
service,800000,4733
end_to_end,100000,17422
service,100000,1624
end_to_end,800000,26040
service,800000,978
end_to_end,100000,13250
service,100000,620
end_to_end,800000,27198
service,800000,884
end_to_end,800000,25317
service,800000,959
end_to_end,800000,14558
service,800000,1734
end_to_end,100000,21499
service,100000,1259
end_to_end,800000,14580
service,800000,235
end_to_end,800000,17791
service,800000,4349
end_to_end,100000,17187
service,100000,365
end_to_end,100000,33408
service,100000,1095
end_to_end,100000,24988
service,100000,2120
end_to_end,100000,16053
service,100000,2484
end_to_end,100000,17690
service,100000,1574
end_to_end,100000,13182
service,100000,604
end_to_end,800000,20216
service,800000,3495
end_to_end,800000,18990
service,800000,501
end_to_end,100000,13954
service,100000,439
end_to_end,800000,26815
service,800000,178
end_to_end,100000,17599
service,100000,260
end_to_end,800000,18109
service,800000,1463
end_to_end,800000,25966
service,800000,622
end_to_end,800000,24000
service,800000,2376
end_to_end,800000,22268
service,800000,173
end_to_end,800000,22537
service,800000,906
end_to_end,800000,21187
service,800000,1251
end_to_end,100000,23841
service,100000,816
end_to_end,800000,21265
service,800000,3776
end_to_end,800000,11024
service,800000,2575
end_to_end,800000,23556
service,800000,66
end_to_end,100000,13951
service,100000,2863
end_to_end,100000,23050
service,100000,1504
end_to_end,100000,25083
service,100000,1951
end_to_end,100000,25280
service,100000,2632
end_to_end,800000,15224
service,800000,189
end_to_end,800000,15947
service,800000,1200
end_to_end,800000,23094
service,800000,177
end_to_end,800000,15069
service,800000,548
end_to_end,100000,18942
service,100000,1126
end_to_end,100000,17063
service,100000,260
end_to_end,100000,18834
service,100000,2756
end_to_end,100000,33049
service,100000,11865
end_to_end,100000,21944
service,100000,827
end_to_end,100000,21227
service,100000,689
end_to_end,100000,15664
service,100000,1187
end_to_end,100000,9658
service,100000,1710
end_to_end,800000,18588
service,800000,402
end_to_end,100000,15401
service,100000,2720
end_to_end,100000,33341
service,100000,95
end_to_end,800000,15149
service,800000,991
end_to_end,800000,27241
service,800000,129
end_to_end,800000,22068
service,800000,1013
end_to_end,100000,19406
service,100000,939
end_to_end,800000,23939
service,800000,1750
end_to_end,100000,25617
service,100000,878
end_to_end,800000,13836
service,800000,1451
end_to_end,800000,17928
service,800000,1379
end_to_end,100000,15121
service,100000,2440
end_to_end,800000,25636
service,800000,297
end_to_end,100000,33863
service,100000,809
end_to_end,100000,24434
service,100000,1188
end_to_end,800000,28644
service,800000,4978
end_to_end,800000,14175
service,800000,3190
end_to_end,800000,16987
service,800000,766
end_to_end,800000,16837
service,800000,496
end_to_end,800000,16874
service,800000,36
end_to_end,100000,24539
service,100000,640
end_to_end,800000,30511
service,800000,397
end_to_end,100000,21518
service,100000,3350
end_to_end,100000,32954
service,100000,964
end_to_end,100000,18545
service,100000,335
end_to_end,100000,22993
service,100000,3686
end_to_end,100000,16198
service,100000,2518
end_to_end,100000,23720
service,100000,3181
end_to_end,800000,19926
service,800000,431
end_to_end,800000,23194
service,800000,5666
end_to_end,100000,23048
service,100000,8016
end_to_end,100000,23263
service,100000,494
end_to_end,800000,38218
service,800000,6158
end_to_end,800000,19733
service,800000,190
end_to_end,800000,18287
service,800000,383
end_to_end,800000,17638
service,800000,350
end_to_end,100000,30941
service,100000,4834
end_to_end,100000,8441
service,100000,529
end_to_end,800000,29545
service,800000,1508
end_to_end,100000,25030
service,100000,492
end_to_end,800000,20915
service,800000,2092
end_to_end,800000,26766
service,800000,1398
end_to_end,100000,19988
service,100000,356
end_to_end,100000,30698
service,100000,632
end_to_end,100000,23906
service,100000,4095
end_to_end,800000,12170
service,800000,3745
end_to_end,100000,23556
service,100000,516
end_to_end,800000,33356
service,800000,4227
end_to_end,800000,30056
service,800000,2778
end_to_end,100000,18000
service,100000,2225
end_to_end,800000,18156
service,800000,1857
end_to_end,800000,24952
service,800000,3290
end_to_end,800000,31508
service,800000,6652
end_to_end,100000,20820
service,100000,177
end_to_end,100000,30510
service,100000,542
end_to_end,800000,13413
service,800000,411
end_to_end,100000,25593
service,100000,1225
end_to_end,800000,21925
service,800000,2808
end_to_end,800000,20919
service,800000,4054
end_to_end,800000,20022
service,800000,1824
end_to_end,800000,17074
service,800000,1050
end_to_end,800000,41600
service,800000,599
end_to_end,800000,23601
service,800000,3204
end_to_end,100000,16890
service,100000,388
end_to_end,800000,16611
service,800000,787
end_to_end,100000,9368
service,100000,1060
end_to_end,100000,19088
service,100000,78
end_to_end,800000,32502
service,800000,2411
end_to_end,100000,29362
service,100000,680
end_to_end,800000,18938
service,800000,914
end_to_end,100000,9864
service,100000,1533
end_to_end,800000,23941
service,800000,520
end_to_end,100000,30423
service,100000,3434
end_to_end,800000,32146
service,800000,298
end_to_end,800000,26618
service,800000,1084
end_to_end,800000,31789
service,800000,454
end_to_end,800000,28955
service,800000,1838
end_to_end,100000,20747
service,100000,79
end_to_end,800000,11671
service,800000,210
end_to_end,800000,11747
service,800000,443
end_to_end,800000,23345
service,800000,94
end_to_end,800000,19734
service,800000,633
end_to_end,800000,13993
service,800000,237
end_to_end,800000,22150
service,800000,6036
end_to_end,100000,26023
service,100000,100
end_to_end,800000,23871
service,800000,60
end_to_end,800000,25276
service,800000,3499
end_to_end,100000,24547
service,100000,1478
end_to_end,800000,10253
service,800000,1168
end_to_end,100000,29050
service,100000,3416
end_to_end,100000,24577
service,100000,4809
end_to_end,100000,21362
service,100000,4382
end_to_end,800000,35808
service,800000,650
end_to_end,100000,17120
service,100000,1697
end_to_end,800000,15396
service,800000,334
end_to_end,800000,15238
service,800000,403
end_to_end,100000,12876
service,100000,1063
end_to_end,800000,17111
service,800000,5526
end_to_end,800000,30235
service,800000,9138
end_to_end,100000,29560
service,100000,381
end_to_end,800000,25085
service,800000,2077
end_to_end,100000,15049
service,100000,373
end_to_end,100000,23066
service,100000,6568
end_to_end,100000,14023
service,100000,1147
end_to_end,800000,14772
service,800000,385
end_to_end,100000,19873
service,100000,180
end_to_end,800000,21302
service,800000,356
end_to_end,800000,14321
service,800000,2375
end_to_end,100000,14853
service,100000,992
end_to_end,100000,23977
service,100000,2278
end_to_end,100000,17134
service,100000,980
end_to_end,800000,33552
service,800000,4115
end_to_end,100000,21665
service,100000,1503
end_to_end,100000,22885
service,100000,504
end_to_end,100000,19432
service,100000,4849
end_to_end,800000,25465
service,800000,45
end_to_end,800000,30988
service,800000,623
end_to_end,800000,18519
service,800000,260
end_to_end,100000,9633
service,100000,442
end_to_end,800000,18691
service,800000,549
end_to_end,100000,12684
service,100000,358
end_to_end,100000,17627
service,100000,4604
end_to_end,800000,22859
service,800000,2461
end_to_end,800000,17950
service,800000,2777
end_to_end,800000,28083
service,800000,2709
end_to_end,800000,20140
service,800000,101
end_to_end,800000,26235
service,800000,2512
end_to_end,100000,12968
service,100000,3234
end_to_end,800000,16057
service,800000,739
end_to_end,100000,21258
service,100000,788
end_to_end,100000,37914
service,100000,1123
end_to_end,100000,18027
service,100000,2516
end_to_end,800000,23668
service,800000,1518
end_to_end,100000,17293
service,100000,1727
end_to_end,100000,17690
service,100000,1484
end_to_end,800000,19475
service,800000,744
end_to_end,800000,19969
service,800000,1785
end_to_end,800000,22655
service,800000,1277
end_to_end,100000,17286
service,100000,787
end_to_end,800000,29111
service,800000,1404
end_to_end,800000,29152
service,800000,3080
end_to_end,800000,26879
service,800000,1030
end_to_end,100000,25332
service,100000,517
end_to_end,800000,25354
service,800000,9790
end_to_end,800000,16732
service,800000,5584
end_to_end,100000,16045
service,100000,398
end_to_end,800000,5648
service,800000,317
end_to_end,100000,25663
service,100000,3898
end_to_end,800000,20438
service,800000,1142
end_to_end,100000,19088
service,100000,2249
end_to_end,100000,28973
service,100000,1078
end_to_end,100000,36672
service,100000,2166
end_to_end,800000,24140
service,800000,122
end_to_end,800000,28913
service,800000,379
end_to_end,800000,33822
service,800000,3779
end_to_end,100000,21714
service,100000,22
end_to_end,100000,18785
service,100000,5820
end_to_end,800000,24152
service,800000,2091
end_to_end,800000,27601
service,800000,4768
end_to_end,100000,14355
service,100000,925
end_to_end,100000,28443
service,100000,380
end_to_end,800000,16714
service,800000,1235
end_to_end,800000,17686
service,800000,888
end_to_end,800000,19399
service,800000,1383
end_to_end,800000,16031
service,800000,1285
end_to_end,800000,30550
service,800000,1323
end_to_end,800000,12435
service,800000,1568
end_to_end,100000,29378
service,100000,1305
end_to_end,800000,32469
service,800000,1065
end_to_end,100000,25044
service,100000,1380
end_to_end,100000,34552
service,100000,1730
end_to_end,100000,19544
service,100000,141
end_to_end,800000,41892
service,800000,3261
end_to_end,800000,21978
service,800000,1088
end_to_end,800000,13583
service,800000,672
end_to_end,800000,15143
service,800000,1621
end_to_end,800000,17157
service,800000,361
end_to_end,800000,19538
service,800000,1120
end_to_end,800000,20669
service,800000,180
end_to_end,800000,45603
service,800000,7980
end_to_end,100000,26160
service,100000,80
end_to_end,800000,10985
service,800000,548
end_to_end,800000,27919
service,800000,5454
end_to_end,800000,38403
service,800000,1418
end_to_end,800000,32813
service,800000,5375
end_to_end,100000,14284
service,100000,70
end_to_end,100000,26633
service,100000,1044
end_to_end,100000,22953
service,100000,4183
end_to_end,800000,15697
service,800000,331
end_to_end,800000,31833
service,800000,661
end_to_end,100000,23693
service,100000,216
end_to_end,800000,13046
service,800000,577
end_to_end,800000,15709
service,800000,1706
end_to_end,100000,15590
service,100000,445
end_to_end,100000,28929
service,100000,3214
end_to_end,800000,14142
service,800000,4017
end_to_end,100000,22022
service,100000,146
end_to_end,100000,20437
service,100000,1696
end_to_end,800000,15933
service,800000,3764
end_to_end,800000,12971
service,800000,2125
end_to_end,800000,17927
service,800000,2189
end_to_end,100000,14029
service,100000,1147
end_to_end,100000,13850
service,100000,35
end_to_end,800000,41299
service,800000,139
end_to_end,100000,23788
service,100000,1173
end_to_end,800000,20605
service,800000,2108
end_to_end,100000,19228
service,100000,976
end_to_end,100000,15120
service,100000,1379
end_to_end,100000,30603
service,100000,734
end_to_end,100000,25717
service,100000,869
end_to_end,800000,20090
service,800000,95
end_to_end,800000,26090
service,800000,2889
end_to_end,100000,24700
service,100000,918
end_to_end,100000,26803
service,100000,127
end_to_end,100000,14290
service,100000,1703
end_to_end,800000,17042
service,800000,564
end_to_end,100000,13596
service,100000,2869
end_to_end,800000,45371
service,800000,283
end_to_end,100000,19672
service,100000,697
end_to_end,800000,16163
service,800000,1907
end_to_end,100000,13469
service,100000,366
end_to_end,800000,17939
service,800000,1036
end_to_end,800000,22118
service,800000,1879
end_to_end,100000,17187
service,100000,594
end_to_end,100000,12487
service,100000,349
end_to_end,100000,19790
service,100000,3542
end_to_end,100000,13331
service,100000,4229
end_to_end,100000,31564
service,100000,4851
end_to_end,800000,16837
service,800000,819
end_to_end,100000,25163
service,100000,6317
end_to_end,100000,21244
service,100000,7738
end_to_end,100000,18106
service,100000,3370
end_to_end,100000,22867
service,100000,625
end_to_end,800000,24220
service,800000,174
end_to_end,800000,32880
service,800000,2811
end_to_end,100000,16211
service,100000,1868
end_to_end,100000,12791
service,100000,978
end_to_end,800000,18707
service,800000,445
end_to_end,800000,17539
service,800000,4042
end_to_end,100000,28950
service,100000,727
end_to_end,800000,28433
service,800000,2157
end_to_end,100000,27076
service,100000,2083
end_to_end,800000,22945
service,800000,537
end_to_end,100000,35149
service,100000,710
end_to_end,100000,26512
service,100000,1571
end_to_end,100000,20463
service,100000,535
end_to_end,800000,23529
service,800000,2117
end_to_end,100000,16295
service,100000,823
end_to_end,100000,14334
service,100000,766
end_to_end,100000,19793
service,100000,1478
end_to_end,800000,17910
service,800000,1812
end_to_end,100000,12175
service,100000,1028
end_to_end,100000,19359
service,100000,1442
end_to_end,800000,21261
service,800000,1896
end_to_end,800000,17319
service,800000,2176
end_to_end,800000,15127
service,800000,686
end_to_end,100000,16706
service,100000,118
end_to_end,100000,17698
service,100000,1250
end_to_end,800000,22495
service,800000,3177
end_to_end,100000,13885
service,100000,2714
end_to_end,100000,19896
service,100000,273
end_to_end,100000,18278
service,100000,208
end_to_end,800000,26141
service,800000,2006
end_to_end,100000,17007
service,100000,111
end_to_end,800000,31057
service,800000,888
end_to_end,800000,37767
service,800000,119
end_to_end,800000,19729
service,800000,711
end_to_end,100000,37513
service,100000,246
end_to_end,100000,20229
service,100000,951
end_to_end,800000,33409
service,800000,4200
end_to_end,800000,27149
service,800000,516
end_to_end,100000,12099
service,100000,907
end_to_end,100000,10930
service,100000,451
end_to_end,100000,16520
service,100000,6268
end_to_end,100000,34521
service,100000,221
end_to_end,100000,20138
service,100000,764
end_to_end,100000,26637
service,100000,739
end_to_end,100000,18279
service,100000,2698
end_to_end,800000,18166
service,800000,2917
end_to_end,800000,28614
service,800000,2238
end_to_end,800000,25603
service,800000,787
end_to_end,100000,16538
service,100000,2274
end_to_end,800000,15034
service,800000,427
end_to_end,800000,14802
service,800000,59
end_to_end,800000,25166
service,800000,2872
end_to_end,800000,11767
service,800000,605
end_to_end,100000,12644
service,100000,5021
end_to_end,800000,12303
service,800000,109
end_to_end,800000,21106
service,800000,7084
end_to_end,100000,22023
service,100000,903
end_to_end,800000,30701
service,800000,332
end_to_end,800000,24523
service,800000,7960
end_to_end,800000,17550
service,800000,460
end_to_end,800000,24414
service,800000,2317
end_to_end,100000,11739
service,100000,490
end_to_end,100000,22047
service,100000,3194
end_to_end,100000,13838
service,100000,1177
end_to_end,100000,13332
service,100000,5960
end_to_end,100000,16389
service,100000,6796
end_to_end,100000,22574
service,100000,724
end_to_end,800000,9847
service,800000,387
end_to_end,800000,16488
service,800000,929
end_to_end,800000,22911
service,800000,125
end_to_end,800000,26294
service,800000,3902
end_to_end,100000,24576
service,100000,8591
end_to_end,100000,12814
service,100000,435
end_to_end,100000,15103
service,100000,275
end_to_end,100000,21902
service,100000,7515
end_to_end,800000,18991
service,800000,3115
end_to_end,100000,17191
service,100000,1920
end_to_end,800000,14285
service,800000,503
end_to_end,100000,16741
service,100000,388
end_to_end,100000,15086
service,100000,2438
end_to_end,800000,20190
service,800000,982
end_to_end,800000,26182
service,800000,4439
end_to_end,100000,20581
service,100000,393
end_to_end,100000,18481
service,100000,2900
end_to_end,100000,25564
service,100000,3021
end_to_end,800000,12822
service,800000,2194
end_to_end,800000,12303
service,800000,1341
end_to_end,800000,37220
service,800000,8745
end_to_end,800000,23201
service,800000,1040
end_to_end,800000,12058
service,800000,867
end_to_end,800000,15723
service,800000,439
end_to_end,800000,16941
service,800000,3074
end_to_end,800000,32157
service,800000,1033
end_to_end,800000,26204
service,800000,1731
end_to_end,800000,29719
service,800000,1081
end_to_end,100000,16242
service,100000,2344
end_to_end,100000,40916
service,100000,1557
end_to_end,100000,16576
service,100000,2266
end_to_end,800000,26204
service,800000,574
end_to_end,100000,19324
service,100000,1325
end_to_end,800000,12953
service,800000,848
end_to_end,800000,16213
service,800000,2990
end_to_end,800000,16758
service,800000,1466
end_to_end,800000,16233
service,800000,578
end_to_end,100000,20841
service,100000,1597
end_to_end,100000,15337
service,100000,1198
end_to_end,100000,21156
service,100000,697
end_to_end,100000,19809
service,100000,1724
end_to_end,800000,16003
service,800000,1082
end_to_end,800000,15502
service,800000,549
end_to_end,800000,12647
service,800000,979
end_to_end,100000,16585
service,100000,1334
end_to_end,100000,26245
service,100000,713
end_to_end,100000,21308
service,100000,936
end_to_end,800000,26076
service,800000,81
end_to_end,800000,27424
service,800000,6433
end_to_end,100000,18152
service,100000,2732
end_to_end,800000,17978
service,800000,1561
end_to_end,100000,13710
service,100000,659
end_to_end,800000,19576
service,800000,1607
end_to_end,800000,17819
service,800000,867
end_to_end,800000,17876
service,800000,2037
end_to_end,800000,28603
service,800000,732
end_to_end,800000,12359
service,800000,867
end_to_end,100000,24480
service,100000,1394
end_to_end,100000,20959
service,100000,566
end_to_end,800000,21208
service,800000,2277
end_to_end,800000,22533
service,800000,2115
end_to_end,100000,25333
service,100000,3412
end_to_end,100000,20056
service,100000,1531
end_to_end,800000,23389
service,800000,162
end_to_end,100000,14873
service,100000,236
end_to_end,800000,15116
service,800000,413
end_to_end,100000,15363
service,100000,84
end_to_end,100000,20583
service,100000,1425
end_to_end,800000,20089
service,800000,974
end_to_end,100000,14468
service,100000,407
end_to_end,800000,21770
service,800000,545
end_to_end,100000,29358
service,100000,1161
end_to_end,100000,19740
service,100000,3568
end_to_end,800000,22671
service,800000,1628
end_to_end,800000,18614
service,800000,2928
end_to_end,100000,19859
service,100000,3363
end_to_end,800000,15180
service,800000,152
end_to_end,100000,21570
service,100000,3644
end_to_end,100000,23956
service,100000,8390
end_to_end,800000,24417
service,800000,2238
end_to_end,100000,30067
service,100000,829
end_to_end,800000,21640
service,800000,832
end_to_end,800000,14144
service,800000,879
end_to_end,800000,32845
service,800000,1529
end_to_end,800000,15552
service,800000,2409
end_to_end,800000,14287
service,800000,217
end_to_end,800000,26187
service,800000,1010
end_to_end,800000,20331
service,800000,99
end_to_end,100000,25748
service,100000,380
end_to_end,100000,19672
service,100000,1049
end_to_end,100000,12493
service,100000,1237
end_to_end,100000,21128
service,100000,5891
end_to_end,800000,30320
service,800000,4069
end_to_end,100000,16417
service,100000,1612
end_to_end,800000,20592
service,800000,1268
end_to_end,100000,29241
service,100000,108
end_to_end,800000,20442
service,800000,1470
end_to_end,100000,15955
service,100000,2456
end_to_end,100000,22908
service,100000,3478
end_to_end,100000,11189
service,100000,860
end_to_end,100000,33778
service,100000,2645
end_to_end,800000,12891
service,800000,1228
end_to_end,100000,14050
service,100000,2535
end_to_end,800000,20568
service,800000,2274
end_to_end,800000,17279
service,800000,1716
end_to_end,800000,22304
service,800000,783
end_to_end,100000,28986
service,100000,252
end_to_end,800000,18243
service,800000,1507
end_to_end,800000,26089
service,800000,604
end_to_end,100000,16020
service,100000,228
end_to_end,100000,20397
service,100000,90
end_to_end,800000,10611
service,800000,1694
end_to_end,100000,7573
service,100000,345
end_to_end,100000,14937
service,100000,616
end_to_end,800000,13484
service,800000,127
end_to_end,800000,14173
service,800000,1357
end_to_end,800000,27410
service,800000,1452
end_to_end,100000,16388
service,100000,354
end_to_end,800000,31015
service,800000,487
end_to_end,800000,13051
service,800000,1517
end_to_end,800000,9091
service,800000,430
end_to_end,100000,16078
service,100000,541
end_to_end,100000,20409
service,100000,7837
end_to_end,100000,18570
service,100000,102
end_to_end,100000,14078
service,100000,1004
end_to_end,800000,10349
service,800000,436
end_to_end,800000,16743
service,800000,107
end_to_end,100000,24970
service,100000,2178
end_to_end,100000,11579
service,100000,327
end_to_end,100000,37037
service,100000,1721
end_to_end,100000,9078
service,100000,86
end_to_end,100000,8932
service,100000,3461
end_to_end,100000,28226
service,100000,2601
end_to_end,100000,20067
service,100000,1724
end_to_end,100000,12483
service,100000,1433
end_to_end,800000,12147
service,800000,393
end_to_end,800000,22313
service,800000,2883
end_to_end,100000,23525
service,100000,4810
end_to_end,800000,16736
service,800000,179
end_to_end,800000,14080
service,800000,3164
end_to_end,800000,22530
service,800000,187
end_to_end,800000,29585
service,800000,1410
end_to_end,100000,16655
service,100000,151
end_to_end,100000,23463
service,100000,3057
end_to_end,800000,21778
service,800000,371
end_to_end,100000,27240
service,100000,5769
end_to_end,800000,21930
service,800000,5113
end_to_end,100000,9688
service,100000,641
end_to_end,800000,15349
service,800000,409
end_to_end,100000,22375
service,100000,1818
end_to_end,800000,21011
service,800000,379
end_to_end,100000,21329
service,100000,624
end_to_end,100000,20049
service,100000,2969
end_to_end,100000,22174
service,100000,798
end_to_end,100000,13233
service,100000,1153
end_to_end,800000,9755
service,800000,314
end_to_end,100000,11569
service,100000,182
end_to_end,800000,15746
service,800000,68
end_to_end,100000,23118
service,100000,440
end_to_end,800000,19712
service,800000,5396
end_to_end,100000,8326
service,100000,188
end_to_end,800000,25605
service,800000,1377
end_to_end,100000,36395
service,100000,736
end_to_end,800000,23469
service,800000,1085
end_to_end,800000,26147
service,800000,7070
end_to_end,100000,33671
service,100000,4922
end_to_end,800000,20790
service,800000,421
end_to_end,100000,22010
service,100000,4754
end_to_end,100000,28241
service,100000,1438
end_to_end,800000,16218
service,800000,1254
end_to_end,100000,25616
service,100000,4336
end_to_end,800000,18680
service,800000,54
end_to_end,800000,17573
service,800000,2114
end_to_end,800000,31708
service,800000,3248
end_to_end,800000,18143
service,800000,963
end_to_end,800000,28420
service,800000,3875
end_to_end,100000,25124
service,100000,338
end_to_end,800000,31542
service,800000,8622
end_to_end,100000,15537
service,100000,3455
end_to_end,800000,19932
service,800000,1331
end_to_end,100000,30242
service,100000,4725
end_to_end,800000,31030
service,800000,964
end_to_end,800000,38929
service,800000,15698
end_to_end,100000,17791
service,100000,461
end_to_end,100000,26640
service,100000,3064
end_to_end,800000,19659
service,800000,3252
end_to_end,100000,7735
service,100000,1047
end_to_end,100000,28246
service,100000,3552
end_to_end,100000,25506
service,100000,530
end_to_end,800000,19671
service,800000,1620
end_to_end,100000,18901
service,100000,457
end_to_end,100000,18062
service,100000,3438
end_to_end,100000,19181
service,100000,1692
end_to_end,800000,30628
service,800000,157
end_to_end,800000,22471
service,800000,620
end_to_end,100000,24579
service,100000,1219
end_to_end,800000,19842
service,800000,2639
end_to_end,800000,35339
service,800000,3000
end_to_end,800000,18342
service,800000,1204
end_to_end,100000,15093
service,100000,1514
end_to_end,100000,15628
service,100000,1769
end_to_end,100000,22409
service,100000,1149
end_to_end,800000,17317
service,800000,5525
end_to_end,800000,11171
service,800000,32
end_to_end,100000,13951
service,100000,877
end_to_end,100000,21022
service,100000,5862
end_to_end,100000,19695
service,100000,2102
end_to_end,800000,22703
service,800000,5500
end_to_end,800000,21624
service,800000,224
end_to_end,800000,14411
service,800000,183
end_to_end,800000,24463
service,800000,392
end_to_end,800000,32053
service,800000,1635
end_to_end,800000,17238
service,800000,2466
end_to_end,100000,14165
service,100000,417
end_to_end,100000,18311
service,100000,1350
end_to_end,800000,32125
service,800000,778
end_to_end,800000,16287
service,800000,2282
end_to_end,800000,18356
service,800000,2531
end_to_end,800000,25648
service,800000,3579
end_to_end,800000,22783
service,800000,721
end_to_end,100000,17680
service,100000,3549
end_to_end,800000,20210
service,800000,2289
end_to_end,100000,4736
service,100000,527
end_to_end,800000,13773
service,800000,7372
end_to_end,100000,16316
service,100000,2561
end_to_end,800000,26135
service,800000,541
end_to_end,800000,24571
service,800000,2992
end_to_end,800000,21164
service,800000,934
end_to_end,800000,15112
service,800000,1419
end_to_end,800000,14043
service,800000,131
end_to_end,100000,16007
service,100000,1812
end_to_end,800000,23803
service,800000,4384
end_to_end,100000,14621
service,100000,698
end_to_end,100000,11948
service,100000,775
end_to_end,800000,16715
service,800000,2654
end_to_end,100000,17887
service,100000,790
end_to_end,800000,26503
service,800000,6765
end_to_end,800000,26960
service,800000,224
end_to_end,100000,18581
service,100000,1251
end_to_end,800000,29857
service,800000,1782
end_to_end,800000,18861
service,800000,878
end_to_end,800000,16713
service,800000,581
end_to_end,800000,8176
service,800000,93
end_to_end,800000,19535
service,800000,253
end_to_end,100000,10367
service,100000,1110
end_to_end,800000,15296
service,800000,496
end_to_end,100000,12994
service,100000,389
end_to_end,100000,17518
service,100000,1406
end_to_end,800000,19226
service,800000,2630
end_to_end,800000,18444
service,800000,1002
end_to_end,800000,23560
service,800000,1055
end_to_end,800000,36716
service,800000,154
end_to_end,800000,27246
service,800000,723
end_to_end,100000,13221
service,100000,675
end_to_end,100000,18163
service,100000,902
end_to_end,100000,25704
service,100000,224
end_to_end,100000,25254
service,100000,100
end_to_end,800000,13180
service,800000,3810
end_to_end,800000,12249
service,800000,3364
end_to_end,100000,13849
service,100000,2544
end_to_end,100000,41470
service,100000,2501
end_to_end,800000,29127
service,800000,6579
end_to_end,800000,22342
service,800000,5797
end_to_end,100000,14425
service,100000,1959
end_to_end,800000,23017
service,800000,1327
end_to_end,800000,24672
service,800000,1026
end_to_end,800000,20284
service,800000,356
end_to_end,100000,27581
service,100000,1275
end_to_end,100000,12577
service,100000,3183
end_to_end,800000,27362
service,800000,213
end_to_end,100000,16025
service,100000,388
end_to_end,800000,22035
service,800000,1000
end_to_end,800000,17846
service,800000,1392
end_to_end,800000,30155
service,800000,639
end_to_end,100000,27466
service,100000,3379
end_to_end,100000,10170
service,100000,500
end_to_end,100000,26712
service,100000,891
end_to_end,800000,19768
service,800000,4202
end_to_end,800000,11154
service,800000,1092
end_to_end,100000,12984
service,100000,926
end_to_end,100000,16214
service,100000,82
end_to_end,800000,14076
service,800000,3360
end_to_end,800000,26877
service,800000,736
end_to_end,100000,14687
service,100000,91
end_to_end,800000,21392
service,800000,946
end_to_end,800000,25321
service,800000,1837
end_to_end,800000,28366
service,800000,695
end_to_end,100000,22015
service,100000,48
end_to_end,100000,16595
service,100000,3778
end_to_end,800000,9610
service,800000,1715
end_to_end,800000,21885
service,800000,412
end_to_end,800000,13211
service,800000,800
end_to_end,800000,16557
service,800000,844
end_to_end,800000,26468
service,800000,1096
end_to_end,100000,12243
service,100000,658
end_to_end,800000,16581
service,800000,2310
end_to_end,100000,25335
service,100000,2119
end_to_end,800000,29475
service,800000,4006
end_to_end,800000,19131
service,800000,826
end_to_end,800000,21212
service,800000,532
end_to_end,100000,30137
service,100000,8422
end_to_end,800000,26598
service,800000,1575
end_to_end,100000,22115
service,100000,806
end_to_end,100000,24305
service,100000,108
end_to_end,800000,25558
service,800000,6928
end_to_end,800000,14823
service,800000,457
end_to_end,100000,19695
service,100000,782
end_to_end,800000,13860
service,800000,794
end_to_end,800000,24269
service,800000,3446
end_to_end,100000,36211
service,100000,262
end_to_end,100000,22762
service,100000,2750
end_to_end,100000,36507
service,100000,2328
end_to_end,100000,25868
service,100000,3931
end_to_end,100000,28545
service,100000,1694
end_to_end,100000,23038
service,100000,484
end_to_end,100000,31558
service,100000,2707
end_to_end,800000,30770
service,800000,312
end_to_end,100000,8194
service,100000,1406
end_to_end,800000,23368
service,800000,4212
end_to_end,100000,24710
service,100000,507
end_to_end,100000,34137
service,100000,2340
end_to_end,800000,22662
service,800000,2721
end_to_end,800000,16449
service,800000,2064
end_to_end,100000,12544
service,100000,237
end_to_end,800000,18620
service,800000,737
end_to_end,800000,20297
service,800000,858
end_to_end,800000,17991
service,800000,2563
end_to_end,100000,17281
service,100000,1009
end_to_end,800000,18808
service,800000,2559
end_to_end,800000,21697
service,800000,267
end_to_end,800000,26108
service,800000,2790
end_to_end,800000,34534
service,800000,1859
end_to_end,100000,24919
service,100000,1448
end_to_end,100000,20892
service,100000,2783
end_to_end,100000,22377
service,100000,285
end_to_end,800000,24417
service,800000,2755
end_to_end,800000,17146
service,800000,2394
end_to_end,800000,19644
service,800000,568
end_to_end,100000,27059
service,100000,5772
end_to_end,100000,10841
service,100000,660
end_to_end,800000,15440
service,800000,236
end_to_end,800000,11367
service,800000,32
end_to_end,800000,26089
service,800000,627
end_to_end,100000,26352
service,100000,2293
end_to_end,800000,22893
service,800000,291
end_to_end,800000,17301
service,800000,242
end_to_end,800000,19983
service,800000,1628
end_to_end,800000,25913
service,800000,1420
end_to_end,800000,27269
service,800000,2534
end_to_end,800000,20856
service,800000,240
end_to_end,800000,19482
service,800000,870
end_to_end,800000,12312
service,800000,1202
end_to_end,800000,23068
service,800000,789
end_to_end,800000,24023
service,800000,2645
end_to_end,800000,8961
service,800000,1722
end_to_end,100000,14300
service,100000,970
end_to_end,800000,22676
service,800000,300
end_to_end,800000,21011
service,800000,760
end_to_end,100000,16050
service,100000,336
end_to_end,800000,15146
service,800000,1437
end_to_end,100000,37821
service,100000,2457
end_to_end,100000,30099
service,100000,6034
end_to_end,100000,23293
service,100000,250
end_to_end,800000,17418
service,800000,220
end_to_end,100000,24137
service,100000,1466
end_to_end,100000,10260
service,100000,3484
end_to_end,800000,30899
service,800000,954
end_to_end,100000,19950
service,100000,2564
end_to_end,100000,19868
service,100000,2073
end_to_end,100000,17835
service,100000,173
end_to_end,100000,8750
service,100000,2601
end_to_end,100000,28360
service,100000,3609
end_to_end,100000,26073
service,100000,691
end_to_end,100000,20188
service,100000,665
end_to_end,800000,29000
service,800000,1138
end_to_end,800000,17269
service,800000,448
end_to_end,100000,17914
service,100000,1127
end_to_end,100000,28082
service,100000,4755
end_to_end,100000,23201
service,100000,703
end_to_end,100000,17489
service,100000,1158
end_to_end,100000,20192
service,100000,49
end_to_end,800000,10656
service,800000,627
end_to_end,100000,27555
service,100000,1636
end_to_end,800000,13279
service,800000,286
end_to_end,100000,23486
service,100000,1904
end_to_end,800000,34289
service,800000,332
end_to_end,100000,18998
service,100000,779
end_to_end,800000,14798
service,800000,1364
end_to_end,100000,20750
service,100000,3490
end_to_end,800000,33760
service,800000,1373
end_to_end,800000,39078
service,800000,5117
end_to_end,100000,21921
service,100000,8473
end_to_end,800000,38543
service,800000,2556
end_to_end,800000,26322
service,800000,3459
end_to_end,100000,21216
service,100000,1477
end_to_end,100000,24024
service,100000,5256
end_to_end,800000,8802
service,800000,610
end_to_end,100000,13301
service,100000,336
end_to_end,800000,19384
service,800000,1942
end_to_end,100000,16957
service,100000,1997
end_to_end,800000,30314
service,800000,1048
end_to_end,100000,21385
service,100000,530
end_to_end,100000,12477
service,100000,827
end_to_end,800000,16606
service,800000,5863
end_to_end,100000,19870
service,100000,3053
end_to_end,800000,15469
service,800000,1636
end_to_end,800000,23361
service,800000,2342
end_to_end,800000,27704
service,800000,228
end_to_end,100000,20268
service,100000,49
end_to_end,100000,26685
service,100000,3036
end_to_end,100000,22668
service,100000,2445
end_to_end,800000,20301
service,800000,292
end_to_end,100000,25424
service,100000,1102
end_to_end,100000,10996
service,100000,2024
end_to_end,100000,15330
service,100000,279
end_to_end,100000,23840
service,100000,1808
end_to_end,800000,25803
service,800000,1999
end_to_end,800000,16084
service,800000,1516
end_to_end,800000,29509
service,800000,7326
end_to_end,100000,15299
service,100000,158
end_to_end,100000,31587
service,100000,3458
end_to_end,100000,16768
service,100000,828
end_to_end,800000,31504
service,800000,2015
end_to_end,800000,39150
service,800000,3324
end_to_end,800000,16747
service,800000,1327
end_to_end,800000,9084
service,800000,1435
end_to_end,800000,21305
service,800000,7131
end_to_end,100000,18117
service,100000,4909
end_to_end,100000,28612
service,100000,55
end_to_end,800000,16149
service,800000,42
end_to_end,100000,18974
service,100000,995
end_to_end,800000,18266
service,800000,2570
end_to_end,100000,19592
service,100000,806
end_to_end,800000,15363
service,800000,1014
end_to_end,800000,17964
service,800000,219
end_to_end,800000,27422
service,800000,322
end_to_end,100000,37309
service,100000,794
end_to_end,100000,31632
service,100000,652
end_to_end,800000,10253
service,800000,701
end_to_end,800000,23823
service,800000,2342
end_to_end,100000,13461
service,100000,1021
end_to_end,100000,18949
service,100000,535
end_to_end,800000,12998
service,800000,88
end_to_end,800000,28312
service,800000,685
end_to_end,800000,27754
service,800000,3631
end_to_end,800000,17923
service,800000,242
end_to_end,800000,19100
service,800000,287
end_to_end,800000,26966
service,800000,997
end_to_end,100000,47868
service,100000,345
end_to_end,800000,17662
service,800000,1999
end_to_end,100000,22684
service,100000,1076
end_to_end,100000,23410
service,100000,1958
end_to_end,100000,13027
service,100000,28
end_to_end,800000,30752
service,800000,8879
end_to_end,100000,11296
service,100000,866
end_to_end,100000,24124
service,100000,2310
end_to_end,100000,11616
service,100000,683
end_to_end,100000,23088
service,100000,3213
end_to_end,800000,29294
service,800000,3652
end_to_end,100000,12138
service,100000,1128
end_to_end,800000,21423
service,800000,163
end_to_end,800000,28430
service,800000,6250
end_to_end,100000,34313
service,100000,2562
end_to_end,800000,22141
service,800000,178
end_to_end,800000,22710
service,800000,792
end_to_end,100000,28486
service,100000,714
end_to_end,800000,18343
service,800000,10370
end_to_end,100000,37448
service,100000,12847
end_to_end,100000,9179
service,100000,466
end_to_end,100000,14948
service,100000,435
end_to_end,100000,23100
service,100000,337
end_to_end,800000,22305
service,800000,5201
end_to_end,100000,9359
service,100000,708
end_to_end,800000,19638
service,800000,852
end_to_end,100000,22120
service,100000,4826
end_to_end,100000,13739
service,100000,3211
end_to_end,800000,23909
service,800000,773
end_to_end,800000,22094
service,800000,711
end_to_end,800000,23913
service,800000,4581
end_to_end,800000,22761
service,800000,3585
end_to_end,100000,21859
service,100000,2155
end_to_end,800000,18502
service,800000,2528
end_to_end,800000,12833
service,800000,416
end_to_end,800000,17981
service,800000,1494
end_to_end,100000,15526
service,100000,504
end_to_end,100000,17829
service,100000,3843
end_to_end,100000,17134
service,100000,2488
end_to_end,100000,27104
service,100000,965
end_to_end,800000,24616
service,800000,3655
end_to_end,100000,38410
service,100000,1600
end_to_end,100000,27078
service,100000,4241
end_to_end,100000,26676
service,100000,2482
end_to_end,800000,13169
service,800000,327
end_to_end,800000,9781
service,800000,141
end_to_end,100000,35886
service,100000,3863
end_to_end,100000,14697
service,100000,45
end_to_end,100000,17695
service,100000,138
end_to_end,800000,15612
service,800000,3304
end_to_end,800000,16445
service,800000,1049
end_to_end,100000,13230
service,100000,1080
end_to_end,800000,22907
service,800000,4626
end_to_end,100000,23063
service,100000,241
end_to_end,800000,21104
service,800000,1444
end_to_end,800000,20560
service,800000,5665
end_to_end,100000,26378
service,100000,5817
end_to_end,800000,24971
service,800000,11469
end_to_end,800000,15145
service,800000,1615
end_to_end,100000,16102
service,100000,6752
end_to_end,100000,15555
service,100000,552
end_to_end,800000,14599
service,800000,803
end_to_end,100000,9101
service,100000,990
end_to_end,100000,23642
service,100000,1998
end_to_end,100000,18124
service,100000,1519
end_to_end,800000,29940
service,800000,354
end_to_end,100000,20120
service,100000,205
end_to_end,800000,25515
service,800000,1629
end_to_end,800000,25886
service,800000,2008
end_to_end,800000,18712
service,800000,4284
end_to_end,100000,14494
service,100000,721
end_to_end,800000,26638
service,800000,614
end_to_end,100000,28901
service,100000,792
end_to_end,800000,18179
service,800000,2507
end_to_end,800000,18067
service,800000,468
end_to_end,100000,24544
service,100000,2015
end_to_end,100000,13593
service,100000,1386
end_to_end,800000,20066
service,800000,2347
end_to_end,100000,20682
service,100000,2143
end_to_end,800000,16557
service,800000,2034
end_to_end,800000,14054
service,800000,30
end_to_end,100000,30540
service,100000,7331
end_to_end,800000,22071
service,800000,1169
end_to_end,100000,14439
service,100000,683
end_to_end,800000,18407
service,800000,1873
end_to_end,100000,19426
service,100000,2040
end_to_end,800000,21660
service,800000,745
end_to_end,800000,17550
service,800000,1354
end_to_end,100000,23791
service,100000,3887
end_to_end,100000,23297
service,100000,2617
end_to_end,100000,17314
service,100000,1277
end_to_end,800000,23517
service,800000,11588
end_to_end,100000,15647
service,100000,2047
end_to_end,100000,17565
service,100000,477
end_to_end,100000,35471
service,100000,8591
end_to_end,800000,18728
service,800000,2
end_to_end,800000,40209
service,800000,3211
end_to_end,800000,41878
service,800000,5247
end_to_end,100000,21563
service,100000,891
end_to_end,800000,17301
service,800000,5077
end_to_end,100000,13141
service,100000,900
end_to_end,100000,18699
service,100000,4080
end_to_end,800000,16285
service,800000,151
end_to_end,100000,7941
service,100000,1022
end_to_end,800000,24355
service,800000,1089
end_to_end,800000,16202
service,800000,2179
end_to_end,100000,17338
service,100000,1598
end_to_end,100000,12874
service,100000,2197
end_to_end,800000,17425
service,800000,5204
end_to_end,100000,22364
service,100000,3339
end_to_end,800000,14140
service,800000,565
end_to_end,100000,15385
service,100000,166
end_to_end,100000,15565
service,100000,2379
end_to_end,800000,19007
service,800000,354
end_to_end,800000,25439
service,800000,155
end_to_end,800000,19844
service,800000,2354
end_to_end,800000,20474
service,800000,131
end_to_end,800000,14709
service,800000,1280
end_to_end,800000,22913
service,800000,1341
end_to_end,100000,7542
service,100000,327
end_to_end,100000,12767
service,100000,520
end_to_end,100000,22138
service,100000,827
end_to_end,100000,21643
service,100000,4087
end_to_end,800000,16522
service,800000,1054
end_to_end,100000,11995
service,100000,342
end_to_end,100000,21684
service,100000,1737
end_to_end,800000,27294
service,800000,483
end_to_end,800000,11693
service,800000,218
end_to_end,100000,27512
service,100000,3268
end_to_end,100000,17512
service,100000,3901
end_to_end,800000,26338
service,800000,1141
end_to_end,800000,9235
service,800000,2245
end_to_end,800000,13652
service,800000,1160
end_to_end,800000,23483
service,800000,4762
end_to_end,100000,14944
service,100000,2943
end_to_end,100000,18688
service,100000,2061
end_to_end,800000,29919
service,800000,2108
end_to_end,100000,8944
service,100000,110
end_to_end,100000,22445
service,100000,519
end_to_end,100000,14111
service,100000,1404
end_to_end,100000,26651
service,100000,1196
end_to_end,800000,8755
service,800000,628
end_to_end,800000,10634
service,800000,264
end_to_end,800000,27128
service,800000,1740
end_to_end,100000,27996
service,100000,230
end_to_end,800000,24827
service,800000,255
end_to_end,800000,22359
service,800000,2233
end_to_end,800000,26774
service,800000,353
end_to_end,800000,19724
service,800000,67
end_to_end,800000,12516
service,800000,246
end_to_end,100000,28801
service,100000,9423
end_to_end,800000,23745
service,800000,303
end_to_end,800000,18042
service,800000,754
end_to_end,100000,29015
service,100000,1730
end_to_end,100000,20881
service,100000,540
end_to_end,800000,18383
service,800000,5529
end_to_end,100000,16691
service,100000,3497
end_to_end,800000,20139
service,800000,385
end_to_end,800000,18245
service,800000,1051
end_to_end,100000,27907
service,100000,706
end_to_end,100000,20942
service,100000,1205
end_to_end,800000,28133
service,800000,302
end_to_end,100000,10880
service,100000,2488
end_to_end,800000,33740
service,800000,5665
end_to_end,800000,36953
service,800000,84
end_to_end,800000,30374
service,800000,915
end_to_end,100000,29164
service,100000,6122
end_to_end,800000,18352
service,800000,570
end_to_end,100000,14066
service,100000,2378
end_to_end,800000,21242
service,800000,1423
end_to_end,800000,17889
service,800000,187
end_to_end,100000,23706
service,100000,3622
end_to_end,800000,30373
service,800000,209
end_to_end,800000,28972
service,800000,1775
end_to_end,800000,24416
service,800000,2406
end_to_end,800000,23617
service,800000,5758
end_to_end,800000,31294
service,800000,689
end_to_end,100000,16934
service,100000,1524
end_to_end,100000,18942
service,100000,603
end_to_end,800000,16850
service,800000,1888
end_to_end,100000,14498
service,100000,760
end_to_end,800000,25353
service,800000,2242
end_to_end,100000,22453
service,100000,177
end_to_end,100000,20626
service,100000,1310
end_to_end,100000,24154
service,100000,3526
end_to_end,800000,27775
service,800000,2560
end_to_end,800000,21076
service,800000,4998
end_to_end,100000,12297
service,100000,1599
end_to_end,100000,21887
service,100000,156
end_to_end,100000,27900
service,100000,1290
end_to_end,800000,26593
service,800000,3928
end_to_end,800000,13248
service,800000,254
end_to_end,100000,27279
service,100000,1764
end_to_end,800000,18349
service,800000,1126
end_to_end,100000,19152
service,100000,797
end_to_end,800000,13668
service,800000,398
end_to_end,800000,30720
service,800000,1617
end_to_end,100000,30969
service,100000,737
end_to_end,100000,9376
service,100000,1133
end_to_end,100000,27915
service,100000,4603
end_to_end,800000,16889
service,800000,1230
end_to_end,800000,26538
service,800000,6485
end_to_end,800000,31927
service,800000,134
end_to_end,800000,20970
service,800000,6520
end_to_end,800000,18957
service,800000,1081
end_to_end,100000,13012
service,100000,159
end_to_end,800000,27850
service,800000,818
end_to_end,100000,18548
service,100000,246
end_to_end,800000,20844
service,800000,234
end_to_end,100000,20920
service,100000,5762
end_to_end,100000,22497
service,100000,3032
end_to_end,800000,13101
service,800000,292
end_to_end,100000,29326
service,100000,3769
end_to_end,800000,21462
service,800000,4245
end_to_end,100000,10166
service,100000,302
end_to_end,100000,17668
service,100000,660
end_to_end,800000,38723
service,800000,593
end_to_end,100000,22444
service,100000,1273
end_to_end,100000,25417
service,100000,1952
end_to_end,800000,15268
service,800000,1300
end_to_end,100000,17839
service,100000,67
end_to_end,100000,38073
service,100000,14640
end_to_end,800000,30786
service,800000,2543
end_to_end,100000,15480
service,100000,396
end_to_end,800000,25371
service,800000,977
end_to_end,800000,27630
service,800000,6791
end_to_end,100000,22783
service,100000,3268
end_to_end,100000,16320
service,100000,1425
end_to_end,100000,13018
service,100000,1094
end_to_end,100000,28971
service,100000,1375
end_to_end,100000,28709
service,100000,164
end_to_end,100000,35509
service,100000,700
end_to_end,100000,30155
service,100000,6060
end_to_end,100000,7667
service,100000,58
end_to_end,100000,21391
service,100000,618
end_to_end,100000,23056
service,100000,1403
end_to_end,100000,23653
service,100000,10933
end_to_end,800000,19052
service,800000,98
end_to_end,800000,30441
service,800000,4417
end_to_end,800000,27077
service,800000,1696
end_to_end,100000,17273
service,100000,1664
end_to_end,800000,12055
service,800000,3534
end_to_end,100000,23053
service,100000,1934
end_to_end,800000,21416
service,800000,426
end_to_end,800000,26008
service,800000,270
end_to_end,100000,16399
service,100000,194
end_to_end,100000,35200
service,100000,999
end_to_end,800000,25290
service,800000,477
end_to_end,800000,16666
service,800000,312
end_to_end,800000,23182
service,800000,1530
end_to_end,100000,23835
service,100000,3493
end_to_end,800000,11124
service,800000,1505
end_to_end,800000,10566
service,800000,101
end_to_end,800000,16434
service,800000,1998
end_to_end,100000,39371
service,100000,1533
end_to_end,100000,20871
service,100000,503
end_to_end,100000,23607
service,100000,2624
end_to_end,800000,41754
service,800000,3810
end_to_end,100000,20168
service,100000,4605
end_to_end,100000,28259
service,100000,5511
end_to_end,100000,13473
service,100000,70
end_to_end,100000,25847
service,100000,546
end_to_end,800000,21875
service,800000,104
end_to_end,100000,18673
service,100000,448
end_to_end,800000,16325
service,800000,2428
end_to_end,800000,10328
service,800000,950
end_to_end,100000,37434
service,100000,3872
end_to_end,800000,20251
service,800000,433
end_to_end,800000,21407
service,800000,2585
end_to_end,800000,27826
service,800000,291
end_to_end,800000,23396
service,800000,2362
end_to_end,800000,18910
service,800000,597
end_to_end,800000,14835
service,800000,1118
end_to_end,100000,18125
service,100000,566
end_to_end,800000,15535
service,800000,211
end_to_end,100000,27772
service,100000,2088
end_to_end,800000,30051
service,800000,1354
end_to_end,800000,17443
service,800000,5966
end_to_end,100000,25961
service,100000,1434
end_to_end,800000,13397
service,800000,1193
end_to_end,800000,21448
service,800000,3686
end_to_end,800000,12882
service,800000,1241
end_to_end,800000,11966
service,800000,230
end_to_end,100000,21569
service,100000,851
end_to_end,100000,30048
service,100000,101
end_to_end,100000,22912
service,100000,680
end_to_end,100000,21339
service,100000,1429
end_to_end,800000,17365
service,800000,7723
end_to_end,100000,32911
service,100000,2002
end_to_end,800000,25546
service,800000,2286
end_to_end,800000,33877
service,800000,3539
end_to_end,800000,10979
service,800000,648
end_to_end,800000,31346
service,800000,5153
end_to_end,800000,19790
service,800000,1418
end_to_end,800000,33142
service,800000,7535
end_to_end,800000,18125
service,800000,4047
end_to_end,100000,27280
service,100000,560
end_to_end,100000,12177
service,100000,10
end_to_end,100000,12266
service,100000,1394
end_to_end,800000,31757
service,800000,1002
end_to_end,100000,19393
service,100000,1224
end_to_end,800000,25299
service,800000,2055
end_to_end,100000,25915
service,100000,1010
end_to_end,800000,20158
service,800000,1986
end_to_end,100000,22166
service,100000,891
end_to_end,800000,13791
service,800000,167
end_to_end,100000,18003
service,100000,4832
end_to_end,100000,25471
service,100000,508
end_to_end,100000,20261
service,100000,1794
end_to_end,800000,23827
service,800000,479
end_to_end,800000,26181
service,800000,1419
end_to_end,800000,14891
service,800000,722
end_to_end,800000,32072
service,800000,2384
end_to_end,100000,26161
service,100000,1482
end_to_end,100000,17973
service,100000,1636
end_to_end,100000,18053
service,100000,2197
end_to_end,100000,27538
service,100000,4455
end_to_end,800000,21650
service,800000,2698
end_to_end,100000,26121
service,100000,3691
end_to_end,100000,34448
service,100000,3140
end_to_end,100000,20379
service,100000,697
end_to_end,100000,17276
service,100000,1980
end_to_end,100000,17720
service,100000,10
end_to_end,800000,19828
service,800000,801
end_to_end,100000,27838
service,100000,525
end_to_end,100000,21607
service,100000,915
end_to_end,800000,20630
service,800000,438
end_to_end,100000,23059
service,100000,83
end_to_end,800000,15451
service,800000,2713
end_to_end,100000,31398
service,100000,8251
end_to_end,100000,10331
service,100000,96
end_to_end,800000,23342
service,800000,1052
end_to_end,100000,18991
service,100000,2768
end_to_end,100000,13962
service,100000,855
end_to_end,800000,25718
service,800000,23
end_to_end,800000,20893
service,800000,1369
end_to_end,800000,21023
service,800000,61
end_to_end,800000,24690
service,800000,3493
end_to_end,100000,18941
service,100000,1230
end_to_end,800000,24864
service,800000,3298
end_to_end,800000,16045
service,800000,1468
end_to_end,800000,19139
service,800000,1969
end_to_end,800000,18846
service,800000,1080
end_to_end,800000,20969
service,800000,1253
end_to_end,800000,11110
service,800000,1026
end_to_end,100000,26709
service,100000,1275
end_to_end,100000,20040
service,100000,198
end_to_end,100000,21334
service,100000,1270
end_to_end,100000,15016
service,100000,2657
end_to_end,100000,15295
service,100000,1
end_to_end,100000,8522
service,100000,492
end_to_end,800000,9059
service,800000,1065
end_to_end,100000,16285
service,100000,4171
end_to_end,800000,12986
service,800000,825
end_to_end,800000,18270
service,800000,1037
end_to_end,800000,21931
service,800000,5736
end_to_end,100000,20297
service,100000,1897
end_to_end,100000,18138
service,100000,597
end_to_end,800000,15686
service,800000,1969
end_to_end,800000,17366
service,800000,951
end_to_end,100000,30530
service,100000,3118
end_to_end,800000,12321
service,800000,19
end_to_end,100000,27482
service,100000,6066
end_to_end,100000,32381
service,100000,3662
end_to_end,800000,21702
service,800000,5507
end_to_end,800000,19912
service,800000,4090
end_to_end,100000,18064
service,100000,1351
end_to_end,800000,26094
service,800000,2208
end_to_end,100000,23899
service,100000,2104
end_to_end,800000,16409
service,800000,866
end_to_end,100000,25572
service,100000,5815
end_to_end,800000,16642
service,800000,2421
end_to_end,800000,31822
service,800000,8113
end_to_end,100000,13333
service,100000,2140
end_to_end,100000,23032
service,100000,2632
end_to_end,100000,23922
service,100000,1941
end_to_end,800000,23227
service,800000,2359
end_to_end,100000,32171
service,100000,569
end_to_end,800000,13290
service,800000,8
end_to_end,800000,19697
service,800000,1107
end_to_end,100000,10942
service,100000,6
end_to_end,800000,10302
service,800000,186
end_to_end,100000,13339
service,100000,1686
end_to_end,100000,12847
service,100000,1357
end_to_end,100000,12620
service,100000,60
end_to_end,100000,13726
service,100000,1389
end_to_end,800000,16155
service,800000,1390
end_to_end,800000,14657
service,800000,1159
end_to_end,100000,24424
service,100000,1060
end_to_end,800000,21979
service,800000,528
end_to_end,800000,27974
service,800000,1676
end_to_end,800000,19721
service,800000,932
end_to_end,100000,19165
service,100000,255
end_to_end,800000,21473
service,800000,2670
end_to_end,100000,16488
service,100000,61
end_to_end,800000,27656
service,800000,3435
end_to_end,100000,22313
service,100000,651
end_to_end,800000,26441
service,800000,59
end_to_end,100000,11103
service,100000,1829
end_to_end,100000,12374
service,100000,1926
end_to_end,100000,24028
service,100000,2050
end_to_end,800000,25677
service,800000,178
end_to_end,800000,24742
service,800000,1554
end_to_end,800000,30298
service,800000,279
end_to_end,800000,13903
service,800000,899
end_to_end,100000,19457
service,100000,1433
end_to_end,100000,22086
service,100000,3217
end_to_end,100000,20142
service,100000,1643
end_to_end,100000,17485
service,100000,4409
end_to_end,100000,22889
service,100000,468
end_to_end,800000,30351
service,800000,1828
end_to_end,800000,31632
service,800000,3153
end_to_end,100000,7292
service,100000,2433
end_to_end,100000,14779
service,100000,127
end_to_end,800000,21485
service,800000,556
end_to_end,100000,20677
service,100000,247
end_to_end,800000,31079
service,800000,6178
end_to_end,100000,16865
service,100000,1175
end_to_end,100000,7592
service,100000,2578
end_to_end,100000,23459
service,100000,801
end_to_end,800000,21553
service,800000,1163
end_to_end,100000,15278
service,100000,440
end_to_end,100000,16940
service,100000,2753
end_to_end,800000,25078
service,800000,393
end_to_end,100000,10681
service,100000,1920
end_to_end,800000,17792
service,800000,1281
end_to_end,800000,16290
service,800000,652
end_to_end,100000,30739
service,100000,1387
end_to_end,800000,32527
service,800000,1710
end_to_end,100000,29895
service,100000,3533
end_to_end,800000,30865
service,800000,2567
end_to_end,800000,29659
service,800000,1997
end_to_end,100000,28364
service,100000,4544
end_to_end,100000,15425
service,100000,932
end_to_end,100000,15621
service,100000,440
end_to_end,800000,17765
service,800000,658
end_to_end,800000,26018
service,800000,1054
end_to_end,100000,23449
service,100000,133
end_to_end,800000,21852
service,800000,1835
end_to_end,800000,19989
service,800000,3214
end_to_end,800000,24479
service,800000,4559
end_to_end,800000,13552
service,800000,2997
end_to_end,100000,33157
service,100000,2827
end_to_end,800000,25317
service,800000,461
end_to_end,800000,10452
service,800000,597
end_to_end,800000,20527
service,800000,2543
end_to_end,800000,25420
service,800000,2676
end_to_end,800000,13977
service,800000,199
end_to_end,100000,10696
service,100000,2171
end_to_end,800000,18534
service,800000,1373
end_to_end,100000,22556
service,100000,2134
end_to_end,100000,17206
service,100000,1883
end_to_end,100000,16186
service,100000,3474
end_to_end,100000,26744
service,100000,4426
end_to_end,800000,28756
service,800000,418
end_to_end,800000,21912
service,800000,110
end_to_end,100000,22134
service,100000,4714
end_to_end,100000,14374
service,100000,540
end_to_end,800000,26936
service,800000,2424
end_to_end,800000,19892
service,800000,2381
end_to_end,100000,24698
service,100000,944
end_to_end,800000,30609
service,800000,3578
end_to_end,800000,25456
service,800000,450
end_to_end,100000,19887
service,100000,899
end_to_end,800000,20142
service,800000,141
end_to_end,100000,43343
service,100000,2238
end_to_end,800000,24284
service,800000,1783
end_to_end,800000,11940
service,800000,2141
end_to_end,800000,8467
service,800000,1289
end_to_end,800000,17491
service,800000,125
end_to_end,800000,17630
service,800000,754
end_to_end,800000,22903
service,800000,754
end_to_end,800000,20670
service,800000,1358
end_to_end,100000,26283
service,100000,1486
end_to_end,800000,27248
service,800000,2983
end_to_end,100000,11160
service,100000,1079
end_to_end,800000,22703
service,800000,2834
end_to_end,100000,50947
service,100000,3304
end_to_end,100000,11843
service,100000,1455
end_to_end,100000,10835
service,100000,280
end_to_end,800000,36029
service,800000,445
end_to_end,800000,19523
service,800000,1196
end_to_end,800000,20956
service,800000,2373
end_to_end,100000,30020
service,100000,1118
end_to_end,100000,20166
service,100000,70
end_to_end,100000,16821
service,100000,2396
end_to_end,100000,21338
service,100000,6426
end_to_end,800000,23102
service,800000,704
end_to_end,800000,27825
service,800000,3767
end_to_end,800000,23504
service,800000,2891
end_to_end,100000,17808
service,100000,634
end_to_end,100000,24657
service,100000,2123
end_to_end,800000,15001
service,800000,38
end_to_end,800000,16301
service,800000,385
end_to_end,800000,10119
service,800000,3367
end_to_end,800000,35988
service,800000,604
end_to_end,100000,19864
service,100000,664
end_to_end,800000,23586
service,800000,6616
end_to_end,800000,21196
service,800000,1121
end_to_end,100000,42890
service,100000,7478
end_to_end,100000,21205
service,100000,5678
end_to_end,800000,17806
service,800000,1400
end_to_end,800000,16887
service,800000,2057
end_to_end,800000,15022
service,800000,1656
end_to_end,800000,20641
service,800000,120
end_to_end,100000,22382
service,100000,831
end_to_end,800000,14585
service,800000,1239
end_to_end,100000,28097
service,100000,1832
end_to_end,800000,17394
service,800000,325
end_to_end,100000,13085
service,100000,143
end_to_end,100000,30716
service,100000,8822
end_to_end,800000,15024
service,800000,1180
end_to_end,100000,16941
service,100000,210
end_to_end,800000,16028
service,800000,2122
end_to_end,800000,11855
service,800000,1066
end_to_end,800000,22671
service,800000,1720
end_to_end,800000,17073
service,800000,2071
end_to_end,800000,14227
service,800000,1434
end_to_end,100000,23862
service,100000,1159
end_to_end,800000,31640
service,800000,3727
end_to_end,100000,20052
service,100000,2224
end_to_end,100000,27905
service,100000,9021
end_to_end,100000,15320
service,100000,1908
end_to_end,800000,19929
service,800000,2165
end_to_end,100000,17927
service,100000,496
end_to_end,100000,39535
service,100000,8779
end_to_end,800000,18708
service,800000,2024
end_to_end,800000,12366
service,800000,1528
end_to_end,100000,30864
service,100000,1601
end_to_end,800000,11630
service,800000,3542
end_to_end,100000,19170
service,100000,3071
end_to_end,100000,16361
service,100000,5505
end_to_end,100000,17523
service,100000,5202
end_to_end,100000,17027
service,100000,4036
end_to_end,800000,15866
service,800000,4208
end_to_end,800000,23888
service,800000,3743
end_to_end,100000,10287
service,100000,268
end_to_end,800000,20073
service,800000,1300
end_to_end,800000,16569
service,800000,7727
end_to_end,800000,28399
service,800000,3625
end_to_end,100000,18844
service,100000,5677
end_to_end,100000,18385
service,100000,5872
end_to_end,800000,8896
service,800000,1666
end_to_end,800000,30879
service,800000,532
end_to_end,100000,26642
service,100000,421
end_to_end,800000,20307
service,800000,1530
end_to_end,800000,19193
service,800000,3207
end_to_end,800000,16900
service,800000,5305
end_to_end,800000,18621
service,800000,2678
end_to_end,100000,17790
service,100000,2891
end_to_end,100000,10927
service,100000,2168
end_to_end,800000,16597
service,800000,1545
end_to_end,100000,12521
service,100000,873
end_to_end,800000,12414
service,800000,542
end_to_end,100000,24590
service,100000,768
end_to_end,100000,19059
service,100000,384
end_to_end,100000,23829
service,100000,420
end_to_end,800000,30142
service,800000,1170
end_to_end,800000,29145
service,800000,6816
end_to_end,800000,27403
service,800000,1721
end_to_end,800000,28723
service,800000,5158
end_to_end,100000,19609
service,100000,274
end_to_end,800000,16401
service,800000,1267
end_to_end,800000,18594
service,800000,1535
end_to_end,100000,22488
service,100000,651
end_to_end,800000,18539
service,800000,2462
end_to_end,100000,21848
service,100000,2191
end_to_end,800000,12549
service,800000,3329
end_to_end,800000,16662
service,800000,447
end_to_end,100000,14574
service,100000,1843
end_to_end,800000,22742
service,800000,450
end_to_end,800000,28309
service,800000,7826
end_to_end,100000,17744
service,100000,1414
end_to_end,800000,20541
service,800000,2604
end_to_end,800000,16981
service,800000,372
end_to_end,100000,12839
service,100000,113
end_to_end,800000,12354
service,800000,350
end_to_end,800000,27453
service,800000,487
end_to_end,800000,24016
service,800000,281
end_to_end,100000,21519
service,100000,338
end_to_end,800000,28441
service,800000,6588
end_to_end,100000,10056
service,100000,3114
end_to_end,800000,19959
service,800000,989
end_to_end,800000,25526
service,800000,448
end_to_end,800000,17509
service,800000,635
end_to_end,100000,19922
service,100000,2811
end_to_end,100000,15941
service,100000,1503
end_to_end,800000,27123
service,800000,4949
end_to_end,800000,12561
service,800000,2044
end_to_end,100000,14022
service,100000,128
end_to_end,800000,22249
service,800000,1738
end_to_end,100000,23181
service,100000,3010
end_to_end,800000,42404
service,800000,214
end_to_end,100000,48731
service,100000,472
end_to_end,100000,24490
service,100000,2083
end_to_end,100000,19039
service,100000,1160
end_to_end,800000,19193
service,800000,689
end_to_end,800000,20713
service,800000,564
end_to_end,100000,43342
service,100000,4247
end_to_end,800000,32248
service,800000,188
end_to_end,100000,10440
service,100000,2512
end_to_end,100000,21277
service,100000,5524
end_to_end,800000,8972
service,800000,237
end_to_end,800000,23120
service,800000,52
end_to_end,800000,18659
service,800000,1179
end_to_end,800000,19426
service,800000,4304
end_to_end,100000,10164
service,100000,1287
end_to_end,100000,15068
service,100000,1134
end_to_end,800000,32176
service,800000,10021
end_to_end,100000,13948
service,100000,61
end_to_end,800000,24277
service,800000,1329
end_to_end,100000,32873
service,100000,1968
end_to_end,100000,29189
service,100000,904
end_to_end,100000,32883
service,100000,5225
end_to_end,800000,19689
service,800000,58
end_to_end,800000,16843
service,800000,448
end_to_end,800000,25477
service,800000,3681
end_to_end,100000,26065
service,100000,1608
end_to_end,800000,31160
service,800000,782
end_to_end,100000,23323
service,100000,3428
end_to_end,800000,16413
service,800000,656
end_to_end,100000,8612
service,100000,1419
end_to_end,100000,18441
service,100000,2930
end_to_end,800000,22705
service,800000,341
end_to_end,800000,23613
service,800000,1316
end_to_end,100000,21522
service,100000,113
end_to_end,800000,23253
service,800000,1253
end_to_end,800000,27489
service,800000,2569
end_to_end,800000,24990
service,800000,1062
end_to_end,100000,19852
service,100000,1516
end_to_end,100000,28937
service,100000,400
end_to_end,100000,14174
service,100000,675
end_to_end,100000,17305
service,100000,351
end_to_end,800000,30332
service,800000,7797
end_to_end,800000,28423
service,800000,5364
end_to_end,100000,22661
service,100000,1295
end_to_end,100000,11712
service,100000,3072
end_to_end,100000,13848
service,100000,2342
end_to_end,800000,32927
service,800000,2406
end_to_end,800000,20493
service,800000,725
end_to_end,800000,22819
service,800000,1389
end_to_end,800000,18342
service,800000,1270
end_to_end,800000,13994
service,800000,575
end_to_end,800000,24180
service,800000,3489
end_to_end,800000,24355
service,800000,194
end_to_end,100000,19930
service,100000,1649
end_to_end,800000,24447
service,800000,1456
end_to_end,100000,21543
service,100000,2148
end_to_end,100000,20297
service,100000,5077
end_to_end,100000,26120
service,100000,1570
end_to_end,800000,15592
service,800000,3007
end_to_end,100000,15016
service,100000,382
end_to_end,800000,30367
service,800000,998
end_to_end,100000,20926
service,100000,2792
end_to_end,100000,47932
service,100000,4470
end_to_end,100000,17060
service,100000,3624
end_to_end,800000,18505
service,800000,858
end_to_end,100000,24940
service,100000,2356
end_to_end,100000,17184
service,100000,73
end_to_end,800000,22485
service,800000,318
end_to_end,800000,16270
service,800000,313
end_to_end,100000,22256
service,100000,1051
end_to_end,800000,21077
service,800000,3964
end_to_end,100000,21076
service,100000,3895
end_to_end,100000,15065
service,100000,3222
end_to_end,800000,25995
service,800000,1391
end_to_end,100000,12738
service,100000,847
end_to_end,100000,19866
service,100000,988
end_to_end,100000,17089
service,100000,618
end_to_end,100000,29819
service,100000,10597
end_to_end,800000,14204
service,800000,1209
end_to_end,100000,26454
service,100000,4676
end_to_end,100000,17987
service,100000,1526
end_to_end,100000,10329
service,100000,663
end_to_end,100000,26438
service,100000,4959
end_to_end,100000,19608
service,100000,776
end_to_end,800000,19089
service,800000,667
end_to_end,800000,20639
service,800000,1931
end_to_end,800000,37692
service,800000,1653
end_to_end,100000,22520
service,100000,95
end_to_end,100000,21996
service,100000,3662
end_to_end,100000,12206
service,100000,1383
end_to_end,800000,19864
service,800000,745
end_to_end,100000,27326
service,100000,2419
end_to_end,800000,10492
service,800000,867
end_to_end,100000,13302
service,100000,1019
end_to_end,100000,28120
service,100000,5796
end_to_end,100000,24395
service,100000,230
end_to_end,100000,9020
service,100000,1064
end_to_end,800000,23264
service,800000,1032
end_to_end,800000,23084
service,800000,3954
end_to_end,800000,21360
service,800000,4605
end_to_end,100000,26939
service,100000,1367
end_to_end,100000,20209
service,100000,2924
end_to_end,100000,26864
service,100000,2504
end_to_end,100000,22137
service,100000,462
end_to_end,100000,26196
service,100000,2597
end_to_end,800000,27381
service,800000,464
end_to_end,100000,25997
service,100000,5000
end_to_end,100000,19394
service,100000,3991
end_to_end,800000,30657
service,800000,409
end_to_end,100000,28524
service,100000,569
end_to_end,100000,31128
service,100000,3484
end_to_end,800000,19679
service,800000,1998
end_to_end,800000,18854
service,800000,619
end_to_end,100000,16231
service,100000,2432
end_to_end,100000,13302
service,100000,254
end_to_end,800000,34227
service,800000,592
end_to_end,800000,24233
service,800000,3934
end_to_end,800000,23193
service,800000,1133
end_to_end,800000,18589
service,800000,2346
end_to_end,800000,21895
service,800000,724
end_to_end,800000,22214
service,800000,214
end_to_end,100000,14833
service,100000,525
end_to_end,800000,25299
service,800000,1391
end_to_end,800000,13961
service,800000,0
end_to_end,800000,24409
service,800000,217
end_to_end,800000,11521
service,800000,1074
end_to_end,100000,19203
service,100000,3327
end_to_end,100000,13389
service,100000,3519
end_to_end,800000,21864
service,800000,3553
end_to_end,100000,16304
service,100000,4076
end_to_end,100000,29782
service,100000,818
end_to_end,100000,26804
service,100000,1801
end_to_end,100000,18995
service,100000,3159
end_to_end,800000,28385
service,800000,1488
end_to_end,100000,20343
service,100000,874
end_to_end,800000,19960
service,800000,3057
end_to_end,100000,25518
service,100000,5025
end_to_end,100000,20389
service,100000,64
end_to_end,800000,11600
service,800000,550
end_to_end,100000,17377
service,100000,9295
end_to_end,800000,22847
service,800000,405
end_to_end,800000,26583
service,800000,425
end_to_end,100000,19179
service,100000,708
end_to_end,100000,28564
service,100000,2941
end_to_end,800000,23862
service,800000,2711
end_to_end,800000,17251
service,800000,1445
end_to_end,800000,17405
service,800000,1329
end_to_end,100000,18488
service,100000,1558
end_to_end,800000,25329
service,800000,45
end_to_end,100000,20409
service,100000,4167
end_to_end,100000,26396
service,100000,1628
end_to_end,100000,22777
service,100000,3393
end_to_end,800000,20300
service,800000,3833
end_to_end,800000,11935
service,800000,2127
end_to_end,800000,25747
service,800000,2016
end_to_end,800000,14805
service,800000,162
end_to_end,100000,20032
service,100000,2490
end_to_end,800000,11607
service,800000,1469
end_to_end,800000,14937
service,800000,922
end_to_end,100000,20616
service,100000,2918
end_to_end,800000,18851
service,800000,1271
end_to_end,800000,18559
service,800000,104
end_to_end,100000,15645
service,100000,619
end_to_end,100000,20662
service,100000,8297
end_to_end,800000,21560
service,800000,4211
end_to_end,800000,26295
service,800000,1614
end_to_end,800000,15978
service,800000,4644
end_to_end,800000,27859
service,800000,6936
end_to_end,100000,28275
service,100000,9839
end_to_end,100000,25272
service,100000,1693
end_to_end,800000,23469
service,800000,368
end_to_end,800000,30446
service,800000,1008
end_to_end,800000,23593
service,800000,5469
end_to_end,800000,20194
service,800000,313
end_to_end,800000,18909
service,800000,2846
end_to_end,800000,26078
service,800000,960
end_to_end,800000,28548
service,800000,315
end_to_end,800000,32465
service,800000,106
end_to_end,100000,14807
service,100000,364
end_to_end,100000,44245
service,100000,6125
end_to_end,100000,27104
service,100000,1918
end_to_end,100000,15242
service,100000,1257
end_to_end,800000,20011
service,800000,3779
end_to_end,800000,14797
service,800000,1676
end_to_end,800000,31323
service,800000,4737
end_to_end,800000,13693
service,800000,1268
end_to_end,100000,27550
service,100000,4262
end_to_end,100000,28537
service,100000,1230
end_to_end,800000,14131
service,800000,1187
end_to_end,800000,15899
service,800000,1480
end_to_end,800000,13746
service,800000,263
end_to_end,100000,20873
service,100000,273
end_to_end,100000,12983
service,100000,1126
end_to_end,100000,28201
service,100000,8585
end_to_end,800000,20347
service,800000,1580
end_to_end,100000,20084
service,100000,4503
end_to_end,800000,23806
service,800000,6123
end_to_end,100000,15082
service,100000,1187
end_to_end,800000,17153
service,800000,472
end_to_end,100000,24203
service,100000,1839
end_to_end,800000,22614
service,800000,7434
end_to_end,800000,21779
service,800000,1525
end_to_end,800000,31902
service,800000,1325
end_to_end,100000,19337
service,100000,1436
end_to_end,100000,21644
service,100000,1017
end_to_end,100000,13328
service,100000,3172
end_to_end,800000,18588
service,800000,818
end_to_end,800000,21498
service,800000,586
end_to_end,100000,25987
service,100000,435
end_to_end,100000,35877
service,100000,2341
end_to_end,800000,26125
service,800000,4172
end_to_end,800000,18181
service,800000,1934
end_to_end,800000,14780
service,800000,484
end_to_end,800000,11409
service,800000,1882
end_to_end,100000,9341
service,100000,237
end_to_end,800000,22480
service,800000,1957
end_to_end,100000,15711
service,100000,289
end_to_end,100000,23413
service,100000,142
end_to_end,800000,28392
service,800000,5773
end_to_end,100000,23837
service,100000,1557
end_to_end,800000,21997
service,800000,1999
end_to_end,100000,23344
service,100000,3422
end_to_end,100000,11377
service,100000,428
end_to_end,100000,10822
service,100000,616
end_to_end,100000,16577
service,100000,23
end_to_end,100000,21589
service,100000,2704
end_to_end,100000,22826
service,100000,6030
end_to_end,800000,18685
service,800000,5058
end_to_end,100000,20335
service,100000,579
end_to_end,100000,21562
service,100000,1695
end_to_end,100000,10481
service,100000,371
end_to_end,100000,25105
service,100000,2055
end_to_end,800000,14060
service,800000,261
end_to_end,100000,16679
service,100000,1884
end_to_end,800000,16541
service,800000,1272
end_to_end,800000,14552
service,800000,1299
end_to_end,100000,10578
service,100000,46
end_to_end,800000,15326
service,800000,2660
end_to_end,800000,22012
service,800000,4851
end_to_end,100000,23376
service,100000,3559
end_to_end,100000,20195
service,100000,1821
end_to_end,800000,34506
service,800000,418
end_to_end,100000,13264
service,100000,57
end_to_end,800000,26280
service,800000,1092
end_to_end,100000,18135
service,100000,7117
end_to_end,800000,20738
service,800000,4181
end_to_end,800000,12789
service,800000,2769
end_to_end,100000,13391
service,100000,717
end_to_end,800000,19943
service,800000,1670
end_to_end,800000,13108
service,800000,1152
end_to_end,100000,23381
service,100000,458
end_to_end,100000,23600
service,100000,2166
end_to_end,100000,30918
service,100000,3152
end_to_end,800000,19806
service,800000,3369
end_to_end,100000,16829
service,100000,3670
end_to_end,800000,15607
service,800000,358
end_to_end,800000,31507
service,800000,3637
end_to_end,100000,19082
service,100000,1143
end_to_end,800000,23082
service,800000,338
end_to_end,100000,25581
service,100000,5219
end_to_end,800000,18744
service,800000,1471
end_to_end,100000,35463
service,100000,2369
end_to_end,800000,24969
service,800000,1401
end_to_end,100000,11548
service,100000,3493
end_to_end,800000,11223
service,800000,837
end_to_end,100000,12537
service,100000,868
end_to_end,800000,34557
service,800000,6766
end_to_end,100000,19703
service,100000,1266
end_to_end,800000,20113
service,800000,2548
end_to_end,800000,20078
service,800000,486
end_to_end,800000,21765
service,800000,1012
end_to_end,800000,20978
service,800000,2217
end_to_end,100000,19936
service,100000,1611
end_to_end,800000,19905
service,800000,5748
end_to_end,800000,28291
service,800000,1034
end_to_end,100000,16622
service,100000,2350
end_to_end,100000,31190
service,100000,159
end_to_end,800000,20877
service,800000,843
end_to_end,100000,22379
service,100000,216
end_to_end,100000,31293
service,100000,9036
end_to_end,800000,40858
service,800000,11
end_to_end,800000,27532
service,800000,8596
end_to_end,800000,22933
service,800000,66
end_to_end,800000,29105
service,800000,2024
end_to_end,100000,39568
service,100000,5340
end_to_end,800000,23353
service,800000,2068
end_to_end,800000,23053
service,800000,3877
end_to_end,800000,15790
service,800000,1265
end_to_end,100000,28502
service,100000,61
end_to_end,100000,22770
service,100000,786
end_to_end,800000,14248
service,800000,2417
end_to_end,800000,20183
service,800000,291
end_to_end,800000,27152
service,800000,1582
end_to_end,800000,26807
service,800000,2071
end_to_end,800000,23036
service,800000,254
end_to_end,100000,22805
service,100000,7594
end_to_end,800000,35520
service,800000,4535
end_to_end,100000,32208
service,100000,908
end_to_end,800000,25625
service,800000,437
end_to_end,800000,30753
service,800000,706
end_to_end,100000,25573
service,100000,583
end_to_end,100000,19756
service,100000,64
end_to_end,100000,28644
service,100000,16
end_to_end,100000,34859
service,100000,536
end_to_end,100000,25979
service,100000,2819
end_to_end,800000,14970
service,800000,3257
end_to_end,800000,19130
service,800000,1135
end_to_end,800000,11404
service,800000,525
end_to_end,100000,20965
service,100000,2416
end_to_end,800000,34329
service,800000,6269
end_to_end,100000,21805
service,100000,395
end_to_end,100000,8935
service,100000,318
end_to_end,800000,24935
service,800000,2153
end_to_end,100000,20594
service,100000,761
end_to_end,800000,17287
service,800000,1282
end_to_end,100000,18148
service,100000,3526
end_to_end,100000,16984
service,100000,691
end_to_end,800000,18828
service,800000,247
end_to_end,100000,21408
service,100000,1445
end_to_end,100000,14842
service,100000,926
end_to_end,100000,29415
service,100000,1002
end_to_end,800000,16855
service,800000,3886
end_to_end,800000,19038
service,800000,791
end_to_end,100000,32533
service,100000,1005
end_to_end,800000,16044
service,800000,3726
end_to_end,800000,15752
service,800000,831
end_to_end,800000,18827
service,800000,2012
end_to_end,800000,35564
service,800000,607
end_to_end,800000,22374
service,800000,7323
end_to_end,100000,12771
service,100000,915
end_to_end,100000,29227
service,100000,2133
end_to_end,800000,36341
service,800000,9432
end_to_end,800000,35275
service,800000,4134
end_to_end,100000,17455
service,100000,3231
end_to_end,100000,14812
service,100000,699
end_to_end,800000,14260
service,800000,873
end_to_end,100000,13153
service,100000,90
end_to_end,800000,27501
service,800000,916
end_to_end,100000,17723
service,100000,59
end_to_end,800000,22686
service,800000,1721
end_to_end,800000,16916
service,800000,306
end_to_end,100000,21478
service,100000,1498
end_to_end,800000,20081
service,800000,1007
end_to_end,800000,14171
service,800000,1514
end_to_end,800000,16181
service,800000,516
end_to_end,800000,13784
service,800000,248
end_to_end,800000,8612
service,800000,571
end_to_end,800000,22479
service,800000,2196
end_to_end,100000,28573
service,100000,3208
end_to_end,100000,15388
service,100000,451
end_to_end,100000,42748
service,100000,1120
end_to_end,800000,26640
service,800000,2752
end_to_end,100000,12329
service,100000,773
end_to_end,100000,31827
service,100000,2422
end_to_end,100000,10154
service,100000,665
end_to_end,800000,18404
service,800000,2683
end_to_end,800000,16491
service,800000,3478
end_to_end,800000,22954
service,800000,1770
end_to_end,100000,16847
service,100000,876
end_to_end,100000,19335
service,100000,3431
end_to_end,800000,26418
service,800000,2273
end_to_end,800000,6900
service,800000,1289
end_to_end,100000,15194
service,100000,1937
end_to_end,800000,20890
service,800000,236
end_to_end,100000,15637
service,100000,1630
end_to_end,100000,13262
service,100000,1242
end_to_end,800000,24125
service,800000,1943
end_to_end,800000,25290
service,800000,1528
end_to_end,800000,20296
service,800000,1340
end_to_end,100000,18160
service,100000,4518
end_to_end,100000,16830
service,100000,165
end_to_end,100000,23132
service,100000,618
end_to_end,100000,36171
service,100000,6845
end_to_end,100000,17998
service,100000,428
end_to_end,100000,21591
service,100000,640
end_to_end,800000,7505
service,800000,652
end_to_end,100000,17372
service,100000,636
end_to_end,100000,24759
service,100000,458
end_to_end,100000,25101
service,100000,2466
end_to_end,800000,16963
service,800000,111
end_to_end,800000,18984
service,800000,726
end_to_end,100000,22514
service,100000,9183
end_to_end,800000,20458
service,800000,245
end_to_end,100000,14543
service,100000,539
end_to_end,800000,24009
service,800000,846
end_to_end,100000,21861
service,100000,2638
end_to_end,100000,18055
service,100000,2601
end_to_end,100000,14602
service,100000,671
end_to_end,100000,30242
service,100000,383
end_to_end,800000,21598
service,800000,477
end_to_end,800000,29838
service,800000,1010
end_to_end,800000,23138
service,800000,500
end_to_end,100000,18909
service,100000,111
end_to_end,800000,13579
service,800000,1477
end_to_end,100000,11564
service,100000,291
end_to_end,800000,8232
service,800000,473
end_to_end,800000,21295
service,800000,3845
end_to_end,800000,27330
service,800000,1972
end_to_end,800000,25446
service,800000,775
end_to_end,100000,10556
service,100000,1140
end_to_end,800000,18871
service,800000,249
end_to_end,800000,19371
service,800000,497
end_to_end,800000,20581
service,800000,1677
end_to_end,800000,20741
service,800000,3967
end_to_end,800000,16636
service,800000,2184
end_to_end,100000,28915
service,100000,2638
end_to_end,100000,33028
service,100000,712
end_to_end,800000,25196
service,800000,138
end_to_end,800000,21871
service,800000,53
end_to_end,100000,17460
service,100000,244
end_to_end,800000,20654
service,800000,2621
end_to_end,100000,15530
service,100000,4780
end_to_end,100000,16614
service,100000,23
end_to_end,100000,21015
service,100000,1416
end_to_end,100000,21415
service,100000,4192
end_to_end,800000,18725
service,800000,327
end_to_end,800000,20069
service,800000,484
end_to_end,800000,29097
service,800000,468
end_to_end,100000,24948
service,100000,1051
end_to_end,800000,16633
service,800000,2281
end_to_end,800000,44267
service,800000,1334
end_to_end,100000,33255
service,100000,3027
end_to_end,800000,19060
service,800000,878
end_to_end,800000,32327
service,800000,4100
end_to_end,100000,18267
service,100000,4367
end_to_end,800000,22691
service,800000,2007
end_to_end,100000,19748
service,100000,2114
end_to_end,800000,10502
service,800000,543
end_to_end,800000,17846
service,800000,3015
end_to_end,100000,36022
service,100000,811
end_to_end,100000,17935
service,100000,1206
end_to_end,800000,21914
service,800000,480
end_to_end,800000,18597
service,800000,3164
end_to_end,100000,15196
service,100000,451
end_to_end,800000,25814
service,800000,826
end_to_end,100000,17074
service,100000,40
end_to_end,800000,27976
service,800000,5165
end_to_end,800000,14716
service,800000,655
end_to_end,100000,24929
service,100000,1186
end_to_end,800000,13959
service,800000,1279
end_to_end,800000,14566
service,800000,114
end_to_end,100000,20090
service,100000,405
end_to_end,100000,27698
service,100000,3793
end_to_end,100000,9377
service,100000,2025
end_to_end,100000,18954
service,100000,235
end_to_end,800000,14550
service,800000,2651
end_to_end,800000,15297
service,800000,569
end_to_end,800000,19444
service,800000,1226
end_to_end,100000,23769
service,100000,696
end_to_end,800000,27625
service,800000,1527
end_to_end,800000,33703
service,800000,3104
end_to_end,800000,7288
service,800000,328
end_to_end,100000,14968
service,100000,1645
end_to_end,800000,23656
service,800000,1085
end_to_end,800000,21361
service,800000,2650
end_to_end,100000,18203
service,100000,5528
end_to_end,100000,11442
service,100000,448
end_to_end,800000,25466
service,800000,109
end_to_end,100000,25567
service,100000,1725
end_to_end,100000,24684
service,100000,2174
end_to_end,100000,13390
service,100000,114
end_to_end,800000,23853
service,800000,118
end_to_end,800000,21165
service,800000,2492
end_to_end,100000,16275
service,100000,672
end_to_end,800000,23216
service,800000,3879
end_to_end,100000,20557
service,100000,2044
end_to_end,100000,23217
service,100000,844
end_to_end,800000,14930
service,800000,904
end_to_end,800000,28210
service,800000,2620
end_to_end,100000,21935
service,100000,1265
end_to_end,100000,21553
service,100000,1922
end_to_end,800000,31427
service,800000,2232
end_to_end,800000,17351
service,800000,382
end_to_end,100000,9652
service,100000,291
end_to_end,800000,18978
service,800000,681
end_to_end,800000,30234
service,800000,2182
end_to_end,100000,36439
service,100000,4660
end_to_end,100000,20468
service,100000,2376
end_to_end,800000,11352
service,800000,179
end_to_end,800000,12962
service,800000,1771
end_to_end,800000,20161
service,800000,2757
end_to_end,100000,17499
service,100000,466
end_to_end,800000,26830
service,800000,3566
end_to_end,100000,26340
service,100000,1781
end_to_end,100000,17127
service,100000,877
end_to_end,800000,27307
service,800000,2028
end_to_end,800000,13431
service,800000,1218
end_to_end,100000,27045
service,100000,4418
end_to_end,100000,17083
service,100000,100
end_to_end,100000,16679
service,100000,2581
end_to_end,800000,24939
service,800000,535
end_to_end,100000,22115
service,100000,955
end_to_end,100000,13184
service,100000,2808
end_to_end,100000,47136
service,100000,4568
end_to_end,800000,20623
service,800000,1814
end_to_end,800000,28111
service,800000,8475
end_to_end,800000,19615
service,800000,845
end_to_end,800000,29198
service,800000,3000
end_to_end,800000,22331
service,800000,224
end_to_end,800000,24081
service,800000,446
end_to_end,800000,25458
service,800000,642
end_to_end,800000,23643
service,800000,1711
end_to_end,800000,15730
service,800000,239
end_to_end,800000,19838
service,800000,315
end_to_end,100000,15318
service,100000,1088
end_to_end,100000,22475
service,100000,1297
end_to_end,100000,13770
service,100000,348
end_to_end,100000,16176
service,100000,846
end_to_end,800000,16724
service,800000,5309
end_to_end,800000,26067
service,800000,537
end_to_end,800000,11783
service,800000,1110
end_to_end,100000,26763
service,100000,374
end_to_end,800000,18360
service,800000,2986
end_to_end,800000,15183
service,800000,1087
end_to_end,100000,16417
service,100000,553
end_to_end,100000,28665
service,100000,376
end_to_end,800000,17121
service,800000,586
end_to_end,800000,17533
service,800000,835
end_to_end,100000,21187
service,100000,114
end_to_end,100000,19433
service,100000,446
end_to_end,100000,19932
service,100000,1910
end_to_end,800000,17898
service,800000,1200
end_to_end,800000,17330
service,800000,4929
end_to_end,800000,13325
service,800000,3190
end_to_end,800000,22002
service,800000,1554
end_to_end,100000,26634
service,100000,1072
end_to_end,100000,22907
service,100000,982
end_to_end,100000,13985
service,100000,29
end_to_end,800000,13427
service,800000,1906
end_to_end,800000,18258
service,800000,524
end_to_end,800000,21300
service,800000,1181
end_to_end,800000,35050
service,800000,5747
end_to_end,100000,19163
service,100000,1230
end_to_end,800000,12348
service,800000,683
end_to_end,100000,27417
service,100000,311
end_to_end,100000,19391
service,100000,6743
end_to_end,100000,21900
service,100000,3226
end_to_end,800000,20346
service,800000,225
end_to_end,800000,17086
service,800000,493
end_to_end,800000,21487
service,800000,2277
end_to_end,800000,26898
service,800000,919
end_to_end,100000,22514
service,100000,315
end_to_end,100000,11801
service,100000,2834
end_to_end,800000,10399
service,800000,581
end_to_end,100000,18096
service,100000,277
end_to_end,800000,20884
service,800000,1148
end_to_end,800000,12972
service,800000,1963
end_to_end,800000,22229
service,800000,1386
end_to_end,100000,23129
service,100000,4966
end_to_end,800000,27797
service,800000,12256
end_to_end,800000,20139
service,800000,1237
end_to_end,800000,28990
service,800000,8285
end_to_end,100000,24743
service,100000,941
end_to_end,100000,18553
service,100000,185
end_to_end,800000,13568
service,800000,86
end_to_end,100000,18258
service,100000,1530
end_to_end,800000,20699
service,800000,1952
end_to_end,100000,21574
service,100000,9653
end_to_end,100000,20181
service,100000,345
end_to_end,100000,23840
service,100000,6536
end_to_end,100000,27502
service,100000,1601
end_to_end,100000,21620
service,100000,1830
end_to_end,100000,25278
service,100000,2579
end_to_end,100000,17663
service,100000,1642
end_to_end,100000,6940
service,100000,600
end_to_end,800000,14542
service,800000,1936
end_to_end,800000,19298
service,800000,870
end_to_end,100000,13148
service,100000,499
end_to_end,100000,20749
service,100000,2370
end_to_end,100000,22158
service,100000,6189
end_to_end,100000,12392
service,100000,1177
end_to_end,100000,21795
service,100000,1150
end_to_end,100000,12981
service,100000,1306
end_to_end,800000,20655
service,800000,2172
end_to_end,800000,21497
service,800000,481
end_to_end,800000,17173
service,800000,1151
end_to_end,800000,24632
service,800000,3084
end_to_end,100000,29663
service,100000,2903
end_to_end,800000,23921
service,800000,601
end_to_end,800000,22125
service,800000,1902
end_to_end,800000,27846
service,800000,580
end_to_end,800000,14489
service,800000,1542
end_to_end,100000,23244
service,100000,3034
end_to_end,100000,21334
service,100000,143
end_to_end,100000,13704
service,100000,948
end_to_end,800000,19499
service,800000,1501
end_to_end,800000,16276
service,800000,614
end_to_end,100000,19898
service,100000,4810
end_to_end,800000,19458
service,800000,699
end_to_end,800000,19795
service,800000,238
end_to_end,100000,17822
service,100000,3786
end_to_end,800000,16593
service,800000,1113
end_to_end,800000,33678
service,800000,6133
end_to_end,800000,25852
service,800000,4270
end_to_end,800000,15175
service,800000,818
end_to_end,800000,16352
service,800000,45
end_to_end,800000,12117
service,800000,1619
end_to_end,100000,7261
service,100000,33
end_to_end,100000,16611
service,100000,2187
end_to_end,800000,27152
service,800000,6604
end_to_end,800000,15420
service,800000,1771
end_to_end,800000,22325
service,800000,1549
end_to_end,100000,27308
service,100000,209
end_to_end,800000,14725
service,800000,860
end_to_end,800000,9270
service,800000,64
end_to_end,800000,23452
service,800000,1205
end_to_end,100000,18650
service,100000,909
end_to_end,100000,19521
service,100000,2899
end_to_end,800000,26982
service,800000,6795
end_to_end,800000,23415
service,800000,831
end_to_end,800000,23270
service,800000,538
end_to_end,800000,24781
service,800000,1304
end_to_end,100000,23778
service,100000,437
end_to_end,800000,30834
service,800000,163
end_to_end,800000,17647
service,800000,319
end_to_end,800000,29201
service,800000,2719
end_to_end,100000,15299
service,100000,1744
end_to_end,100000,26192
service,100000,1828
end_to_end,800000,21082
service,800000,634
end_to_end,800000,20175
service,800000,282
end_to_end,100000,13574
service,100000,353
end_to_end,100000,24353
service,100000,1936
end_to_end,800000,28519
service,800000,14
end_to_end,800000,27615
service,800000,1860
end_to_end,800000,18642
service,800000,547
end_to_end,800000,25086
service,800000,2869
end_to_end,100000,21612
service,100000,4556
end_to_end,100000,20271
service,100000,5033
end_to_end,800000,16890
service,800000,4457
end_to_end,100000,23119
service,100000,7707
end_to_end,100000,19120
service,100000,1215
end_to_end,800000,35300
service,800000,7183
end_to_end,800000,7741
service,800000,45
end_to_end,800000,27048
service,800000,729
end_to_end,100000,10629
service,100000,179
end_to_end,800000,19831
service,800000,3489
end_to_end,800000,23782
service,800000,4026
end_to_end,800000,22237
service,800000,1715
end_to_end,800000,12711
service,800000,398
end_to_end,100000,18536
service,100000,447
end_to_end,800000,29128
service,800000,5179
end_to_end,800000,28882
service,800000,807
end_to_end,800000,23677
service,800000,4375
end_to_end,800000,16508
service,800000,891
end_to_end,100000,24613
service,100000,2450
end_to_end,100000,24044
service,100000,3902
end_to_end,100000,24084
service,100000,3220
end_to_end,800000,27905
service,800000,1702
end_to_end,100000,17024
service,100000,4220
end_to_end,800000,17752
service,800000,116
end_to_end,800000,13016
service,800000,1187
end_to_end,100000,25743
service,100000,787
end_to_end,800000,10752
service,800000,131
end_to_end,800000,9807
service,800000,579
end_to_end,800000,18700
service,800000,1441
end_to_end,800000,33074
service,800000,142
end_to_end,100000,19055
service,100000,448
end_to_end,800000,26629
service,800000,142
end_to_end,100000,19058
service,100000,2
end_to_end,100000,20667
service,100000,1697
end_to_end,100000,26927
service,100000,406
end_to_end,800000,20068
service,800000,2517
end_to_end,100000,35192
service,100000,3887
end_to_end,800000,25823
service,800000,3338
end_to_end,800000,30048
service,800000,2971
end_to_end,100000,31563
service,100000,6466
end_to_end,100000,19772
service,100000,1266
end_to_end,800000,18319
service,800000,2922
end_to_end,800000,16379
service,800000,2095
end_to_end,100000,14578
service,100000,1042
end_to_end,100000,17249
service,100000,168
end_to_end,800000,12114
service,800000,119
end_to_end,100000,25324
service,100000,331
end_to_end,100000,22615
service,100000,317
end_to_end,100000,18351
service,100000,1759
end_to_end,100000,18954
service,100000,4353
end_to_end,800000,26857
service,800000,433
end_to_end,100000,10470
service,100000,134
end_to_end,100000,31790
service,100000,6040
end_to_end,100000,16984
service,100000,2160
end_to_end,800000,18383
service,800000,1123
end_to_end,800000,10230
service,800000,1417
end_to_end,100000,17026
service,100000,1260
end_to_end,800000,8940
service,800000,141
end_to_end,100000,21017
service,100000,3073
end_to_end,100000,15084
service,100000,622
end_to_end,800000,22602
service,800000,1142
end_to_end,800000,30522
service,800000,4286
end_to_end,800000,35945
service,800000,268
end_to_end,800000,21319
service,800000,488
end_to_end,800000,14818
service,800000,2499
end_to_end,100000,22608
service,100000,5369
end_to_end,800000,19582
service,800000,327
end_to_end,800000,21549
service,800000,2629
end_to_end,800000,16850
service,800000,2166
end_to_end,100000,25704
service,100000,1983
end_to_end,100000,18713
service,100000,581
end_to_end,800000,18894
service,800000,778
end_to_end,800000,19682
service,800000,1079
end_to_end,100000,13714
service,100000,886
end_to_end,800000,25511
service,800000,1824
end_to_end,100000,22909
service,100000,2836
end_to_end,100000,29054
service,100000,817
end_to_end,800000,30203
service,800000,3376
end_to_end,100000,12707
service,100000,475
end_to_end,100000,26151
service,100000,1691
end_to_end,100000,18304
service,100000,25
end_to_end,100000,26194
service,100000,1442
end_to_end,800000,18634
service,800000,511
end_to_end,100000,19017
service,100000,27
end_to_end,100000,34704
service,100000,8538
end_to_end,100000,15294
service,100000,593
end_to_end,100000,14363
service,100000,2638
end_to_end,100000,15246
service,100000,38
end_to_end,800000,20347
service,800000,1010
end_to_end,800000,17891
service,800000,3181
end_to_end,800000,21643
service,800000,1153
end_to_end,100000,29177
service,100000,4221
end_to_end,800000,24990
service,800000,3019
end_to_end,800000,34240
service,800000,2629
end_to_end,800000,21991
service,800000,925
end_to_end,800000,17911
service,800000,264
end_to_end,800000,21256
service,800000,724
end_to_end,800000,13953
service,800000,700
end_to_end,100000,39774
service,100000,753
end_to_end,100000,25097
service,100000,2427
end_to_end,800000,13795
service,800000,574
end_to_end,800000,21066
service,800000,797
end_to_end,800000,14795
service,800000,1196
end_to_end,100000,13444
service,100000,714
end_to_end,800000,15655
service,800000,19
end_to_end,800000,12967
service,800000,2161
end_to_end,800000,15428
service,800000,1697
end_to_end,100000,24345
service,100000,2563
end_to_end,100000,16659
service,100000,483
end_to_end,800000,13111
service,800000,1764
end_to_end,100000,7948
service,100000,653
end_to_end,800000,23401
service,800000,1213
end_to_end,100000,16044
service,100000,2328
end_to_end,100000,17408
service,100000,1017
end_to_end,800000,23718
service,800000,2151
end_to_end,800000,10383
service,800000,1890
end_to_end,100000,33186
service,100000,1236
end_to_end,100000,17984
service,100000,1054
end_to_end,800000,12492
service,800000,2353
end_to_end,800000,28628
service,800000,4779
end_to_end,100000,32199
service,100000,1136
end_to_end,100000,19579
service,100000,1438
end_to_end,100000,17561
service,100000,174
end_to_end,100000,13214
service,100000,110
end_to_end,100000,14171
service,100000,52
end_to_end,800000,21249
service,800000,637
end_to_end,800000,27018
service,800000,4652
end_to_end,800000,23825
service,800000,4019
end_to_end,800000,20986
service,800000,1126
end_to_end,100000,18184
service,100000,289
end_to_end,100000,27642
service,100000,4263
end_to_end,800000,27344
service,800000,3695
end_to_end,800000,27663
service,800000,3764
end_to_end,100000,27980
service,100000,6703
end_to_end,100000,32553
service,100000,2509
end_to_end,100000,15406
service,100000,518
end_to_end,800000,16262
service,800000,1097
end_to_end,800000,13892
service,800000,268
end_to_end,800000,19065
service,800000,600
end_to_end,100000,14437
service,100000,77
end_to_end,100000,9718
service,100000,457
end_to_end,100000,34408
service,100000,996
end_to_end,800000,21963
service,800000,173
end_to_end,100000,23267
service,100000,1359
end_to_end,800000,31064
service,800000,1364
end_to_end,100000,15598
service,100000,2092
end_to_end,100000,14825
service,100000,412
end_to_end,800000,13900
service,800000,2244
end_to_end,800000,19797
service,800000,584
end_to_end,800000,18283
service,800000,8641
end_to_end,800000,23304
service,800000,3630
end_to_end,800000,9334
service,800000,850
end_to_end,100000,10252
service,100000,1633
end_to_end,100000,26684
service,100000,2551
end_to_end,100000,22552
service,100000,7153
end_to_end,100000,11836
service,100000,769
end_to_end,800000,18494
service,800000,219
end_to_end,100000,16693
service,100000,797
end_to_end,800000,33151
service,800000,88
end_to_end,800000,26026
service,800000,3071
end_to_end,800000,25724
service,800000,220
end_to_end,100000,16839
service,100000,371
end_to_end,800000,21030
service,800000,2144
end_to_end,100000,18811
service,100000,189
end_to_end,100000,9395
service,100000,2494
end_to_end,100000,20765
service,100000,2840
end_to_end,100000,20036
service,100000,2749
end_to_end,800000,16127
service,800000,1053
end_to_end,100000,18064
service,100000,3967
end_to_end,100000,12574
service,100000,401
end_to_end,800000,17343
service,800000,640
end_to_end,100000,24559
service,100000,4769
end_to_end,100000,19160
service,100000,543
end_to_end,800000,19910
service,800000,184
end_to_end,100000,18950
service,100000,280
end_to_end,800000,23741
service,800000,750
end_to_end,100000,23768
service,100000,499
end_to_end,100000,13529
service,100000,399
end_to_end,800000,34334
service,800000,1378
end_to_end,800000,32164
service,800000,32
end_to_end,800000,19531
service,800000,1117
end_to_end,800000,26212
service,800000,1210
end_to_end,800000,28947
service,800000,3501
end_to_end,100000,33563
service,100000,311
end_to_end,100000,10347
service,100000,148
end_to_end,100000,28449
service,100000,256
end_to_end,100000,14695
service,100000,674
end_to_end,800000,16329
service,800000,1701
end_to_end,800000,20265
service,800000,2950
end_to_end,800000,20887
service,800000,2690
end_to_end,100000,27346
service,100000,2276
end_to_end,100000,17563
service,100000,840
end_to_end,100000,18081
service,100000,1572
end_to_end,800000,9327
service,800000,822
end_to_end,800000,24266
service,800000,4452
end_to_end,800000,22691
service,800000,4524
end_to_end,100000,10914
service,100000,588
end_to_end,100000,13423
service,100000,98
end_to_end,800000,18544
service,800000,972
end_to_end,100000,26700
service,100000,2136
end_to_end,800000,17005
service,800000,1462
end_to_end,800000,26924
service,800000,808
end_to_end,800000,28390
service,800000,1332
end_to_end,800000,18377
service,800000,2400
end_to_end,100000,22267
service,100000,108
end_to_end,100000,18383
service,100000,240
end_to_end,100000,19925
service,100000,855
end_to_end,100000,25702
service,100000,6852
end_to_end,800000,29331
service,800000,1032
end_to_end,100000,23283
service,100000,6974
end_to_end,100000,15800
service,100000,535
end_to_end,800000,25734
service,800000,387
end_to_end,800000,25873
service,800000,1833
end_to_end,800000,31084
service,800000,5294
end_to_end,800000,20661
service,800000,1200
end_to_end,100000,28082
service,100000,5342
end_to_end,800000,17660
service,800000,297
end_to_end,100000,16528
service,100000,1903
end_to_end,100000,28938
service,100000,1713
end_to_end,800000,20443
service,800000,3076
end_to_end,100000,10639
service,100000,208
end_to_end,800000,12187
service,800000,404
end_to_end,100000,34939
service,100000,1113
end_to_end,800000,24158
service,800000,5540
end_to_end,100000,10893
service,100000,804
end_to_end,800000,15563
service,800000,1001
end_to_end,100000,30770
service,100000,264
end_to_end,100000,25453
service,100000,409
end_to_end,100000,29653
service,100000,124
end_to_end,800000,16961
service,800000,1291
end_to_end,100000,17221
service,100000,594
end_to_end,100000,11808
service,100000,470
end_to_end,100000,26589
service,100000,105
end_to_end,100000,30674
service,100000,976
end_to_end,100000,27093
service,100000,499
end_to_end,100000,15072
service,100000,1700
end_to_end,100000,24710
service,100000,3384
end_to_end,100000,14586
service,100000,218
end_to_end,800000,14138
service,800000,561
end_to_end,100000,27722
service,100000,3404
end_to_end,100000,10095
service,100000,2331
end_to_end,800000,21797
service,800000,4922
end_to_end,100000,17736
service,100000,129
end_to_end,100000,22860
service,100000,1564
end_to_end,800000,20304
service,800000,1152
end_to_end,100000,11501
service,100000,672
end_to_end,800000,24372
service,800000,801
end_to_end,100000,21640
service,100000,422
end_to_end,800000,13705
service,800000,1
end_to_end,800000,26448
service,800000,647
end_to_end,800000,28064
service,800000,356
end_to_end,100000,27705
service,100000,6408
end_to_end,100000,16247
service,100000,4931
end_to_end,800000,10447
service,800000,972
end_to_end,800000,24727
service,800000,479
end_to_end,800000,18448
service,800000,115
end_to_end,100000,12210
service,100000,745
end_to_end,100000,28167
service,100000,6099
end_to_end,800000,26346
service,800000,2234
end_to_end,800000,22208
service,800000,229
end_to_end,100000,25048
service,100000,1572
end_to_end,100000,23513
service,100000,4887
end_to_end,100000,26790
service,100000,214
end_to_end,800000,18965
service,800000,1107
end_to_end,800000,31796
service,800000,1740
end_to_end,800000,48752
service,800000,625
end_to_end,800000,51678
service,800000,1864
end_to_end,800000,37946
service,800000,3072
end_to_end,100000,24578
service,100000,4417
end_to_end,800000,21330
service,800000,1777
end_to_end,800000,16536
service,800000,284
end_to_end,100000,16076
service,100000,829
end_to_end,800000,18596
service,800000,6113
end_to_end,100000,20772
service,100000,8145
end_to_end,800000,20285
service,800000,7427
end_to_end,100000,10945
service,100000,176
end_to_end,100000,14710
service,100000,2793
end_to_end,100000,24114
service,100000,3079
end_to_end,800000,18298
service,800000,240
end_to_end,800000,8143
service,800000,419
end_to_end,100000,4297
service,100000,312
end_to_end,100000,19707
service,100000,1209
end_to_end,100000,19190
service,100000,3121
end_to_end,800000,9657
service,800000,447
end_to_end,800000,15858
service,800000,612
end_to_end,800000,25675
service,800000,578
end_to_end,100000,30184
service,100000,674
end_to_end,800000,20095
service,800000,3771
end_to_end,800000,22351
service,800000,2127
end_to_end,800000,22207
service,800000,339
end_to_end,100000,20914
service,100000,550
end_to_end,100000,6769
service,100000,325
end_to_end,800000,30121
service,800000,864
end_to_end,800000,12954
service,800000,941
end_to_end,800000,36915
service,800000,30
end_to_end,800000,16564
service,800000,116
end_to_end,100000,23793
service,100000,3814
end_to_end,800000,15622
service,800000,865
end_to_end,800000,19173
service,800000,3414
end_to_end,100000,28283
service,100000,1444
end_to_end,800000,26302
service,800000,1591
end_to_end,800000,27730
service,800000,2304
end_to_end,800000,14469
service,800000,3851
end_to_end,800000,18268
service,800000,1827
end_to_end,800000,30255
service,800000,4051
end_to_end,800000,9487
service,800000,1869
end_to_end,100000,14889
service,100000,735
end_to_end,100000,22991
service,100000,3523
end_to_end,800000,18885
service,800000,8458
end_to_end,800000,15546
service,800000,189
end_to_end,800000,16191
service,800000,1411
end_to_end,800000,14101
service,800000,97
end_to_end,100000,17056
service,100000,2219
end_to_end,800000,24856
service,800000,5670
end_to_end,100000,22955
service,100000,76
end_to_end,100000,20833
service,100000,5122
end_to_end,800000,21266
service,800000,4479
end_to_end,100000,19925
service,100000,3187
end_to_end,100000,18329
service,100000,1461
end_to_end,100000,13128
service,100000,887
end_to_end,800000,13423
service,800000,1769
end_to_end,100000,16248
service,100000,2576
end_to_end,800000,21264
service,800000,44
end_to_end,800000,14582
service,800000,944
end_to_end,800000,7301
service,800000,494
end_to_end,800000,25428
service,800000,1655
end_to_end,100000,21034
service,100000,1875
end_to_end,800000,18829
service,800000,2260
end_to_end,100000,16647
service,100000,1184
end_to_end,800000,26210
service,800000,1256
end_to_end,100000,22688
service,100000,653
end_to_end,800000,31969
service,800000,1879
end_to_end,800000,10412
service,800000,68
end_to_end,100000,27080
service,100000,2980
end_to_end,800000,25374
service,800000,1258
end_to_end,100000,27695
service,100000,60
end_to_end,800000,29015
service,800000,1955
end_to_end,100000,16415
service,100000,4162
end_to_end,100000,19689
service,100000,1313
end_to_end,100000,16540
service,100000,1130
end_to_end,100000,16380
service,100000,1818
end_to_end,100000,14730
service,100000,1460
end_to_end,800000,16656
service,800000,4302
end_to_end,100000,13488
service,100000,137
end_to_end,100000,22188
service,100000,5106
end_to_end,100000,20629
service,100000,478
end_to_end,800000,20092
service,800000,919
end_to_end,100000,15042
service,100000,755
end_to_end,800000,20527
service,800000,1742
end_to_end,100000,24137
service,100000,23
end_to_end,800000,17147
service,800000,2439
end_to_end,100000,16114
service,100000,964
end_to_end,800000,19471
service,800000,292
end_to_end,800000,20347
service,800000,4839
end_to_end,100000,20964
service,100000,2428
end_to_end,800000,22436
service,800000,4349
end_to_end,100000,20024
service,100000,2644
end_to_end,800000,16782
service,800000,516
end_to_end,100000,25097
service,100000,3681
end_to_end,800000,8347
service,800000,2816
end_to_end,100000,17239
service,100000,4178
end_to_end,100000,19312
service,100000,2108
end_to_end,800000,15095
service,800000,2842
end_to_end,100000,12938
service,100000,545
end_to_end,100000,20777
service,100000,2338
end_to_end,100000,17417
service,100000,2868
end_to_end,800000,27698
service,800000,6287
end_to_end,100000,16645
service,100000,1019
end_to_end,100000,24971
service,100000,1433
end_to_end,100000,25198
service,100000,6532
end_to_end,800000,18728
service,800000,1694
end_to_end,100000,25420
service,100000,3423
end_to_end,800000,24320
service,800000,1677
end_to_end,800000,25231
service,800000,1092
end_to_end,100000,33200
service,100000,61
end_to_end,800000,22086
service,800000,3110
end_to_end,100000,23407
service,100000,3493
end_to_end,800000,18551
service,800000,4466
end_to_end,100000,20118
service,100000,1086
end_to_end,800000,13907
service,800000,119
end_to_end,800000,11831
service,800000,1135
end_to_end,100000,6130
service,100000,57
end_to_end,800000,33481
service,800000,1801
end_to_end,800000,25890
service,800000,1845
end_to_end,800000,21185
service,800000,448
end_to_end,100000,21502
service,100000,187
end_to_end,800000,13807
service,800000,510
end_to_end,800000,17179
service,800000,248
end_to_end,100000,29270
service,100000,8704
end_to_end,800000,32391
service,800000,3852
end_to_end,800000,13759
service,800000,866
end_to_end,100000,23950
service,100000,5352
end_to_end,800000,19638
service,800000,4699
end_to_end,800000,30869
service,800000,1356
end_to_end,800000,29474
service,800000,1327
end_to_end,100000,19738
service,100000,4097
end_to_end,100000,10060
service,100000,543
end_to_end,800000,23648
service,800000,1858
end_to_end,800000,12693
service,800000,1440
end_to_end,100000,21293
service,100000,2487
end_to_end,800000,24638
service,800000,7462
end_to_end,100000,26683
service,100000,2145
end_to_end,100000,18154
service,100000,3056
end_to_end,800000,19425
service,800000,5204
end_to_end,100000,21011
service,100000,2637
end_to_end,800000,12228
service,800000,1163
end_to_end,800000,30555
service,800000,3597
end_to_end,800000,20873
service,800000,2639
end_to_end,100000,14264
service,100000,2447
end_to_end,800000,18897
service,800000,3438
end_to_end,100000,28048
service,100000,2230
end_to_end,100000,34124
service,100000,1154
end_to_end,800000,16374
service,800000,4451
end_to_end,100000,22736
service,100000,2208
end_to_end,800000,20323
service,800000,1074
end_to_end,100000,14673
service,100000,1977
end_to_end,800000,32642
service,800000,1864
end_to_end,800000,32897
service,800000,2324
end_to_end,800000,30247
service,800000,3300
end_to_end,100000,41350
service,100000,664
end_to_end,800000,42771
service,800000,359
end_to_end,800000,13834
service,800000,1116
end_to_end,800000,36513
service,800000,2032
end_to_end,800000,13728
service,800000,1426
end_to_end,800000,23182
service,800000,1199
end_to_end,100000,27382
service,100000,1432
end_to_end,800000,17824
service,800000,139
end_to_end,100000,30415
service,100000,3935
end_to_end,100000,31534
service,100000,57
end_to_end,800000,28074
service,800000,1715
end_to_end,800000,27537
service,800000,3154
end_to_end,800000,31631
service,800000,3031
end_to_end,800000,44738
service,800000,3910
end_to_end,800000,17010
service,800000,6533
end_to_end,800000,16450
service,800000,734
end_to_end,100000,11794
service,100000,4620
end_to_end,100000,11384
service,100000,2489
end_to_end,100000,21028
service,100000,5327
end_to_end,800000,20483
service,800000,368
end_to_end,100000,25334
service,100000,738
end_to_end,100000,25128
service,100000,1008
end_to_end,800000,20842
service,800000,4387
end_to_end,800000,17992
service,800000,2224
end_to_end,100000,15245
service,100000,690
end_to_end,100000,24643
service,100000,1447
end_to_end,800000,24695
service,800000,1545
end_to_end,100000,18794
service,100000,1602
end_to_end,800000,25384
service,800000,695
end_to_end,800000,24920
service,800000,2731
end_to_end,100000,12239
service,100000,35
end_to_end,100000,22364
service,100000,1604
end_to_end,100000,23917
service,100000,1559
end_to_end,800000,10102
service,800000,47
end_to_end,100000,31448
service,100000,4168
end_to_end,100000,17806
service,100000,257
end_to_end,100000,16067
service,100000,380
end_to_end,800000,13716
service,800000,1475
end_to_end,100000,25770
service,100000,832
end_to_end,100000,21737
service,100000,981
end_to_end,800000,18245
service,800000,5558
end_to_end,800000,16846
service,800000,870
end_to_end,100000,25634
service,100000,1261
end_to_end,100000,21215
service,100000,5257
end_to_end,800000,21779
service,800000,2620
end_to_end,100000,14851
service,100000,492
end_to_end,100000,18915
service,100000,1248
end_to_end,800000,22292
service,800000,1442
end_to_end,800000,18974
service,800000,121
end_to_end,800000,16368
service,800000,2378
end_to_end,100000,30185
service,100000,1451
end_to_end,100000,31347
service,100000,8403
end_to_end,800000,15338
service,800000,1118
end_to_end,100000,15966
service,100000,4073
end_to_end,800000,17123
service,800000,301
end_to_end,800000,34384
service,800000,48
end_to_end,100000,13243
service,100000,1376
end_to_end,100000,37179
service,100000,3009
end_to_end,100000,23261
service,100000,151
end_to_end,100000,32655
service,100000,589
end_to_end,100000,15793
service,100000,599
end_to_end,100000,20072
service,100000,1582
end_to_end,100000,21648
service,100000,1888
end_to_end,800000,24882
service,800000,7030
end_to_end,100000,28759
service,100000,812
end_to_end,800000,29136
service,800000,334
end_to_end,800000,19837
service,800000,201
end_to_end,800000,13242
service,800000,369
end_to_end,800000,20177
service,800000,41
end_to_end,100000,28844
service,100000,1604
end_to_end,800000,20765
service,800000,779
end_to_end,100000,14954
service,100000,1424
end_to_end,100000,18761
service,100000,5105
end_to_end,800000,9037
service,800000,103
end_to_end,800000,25205
service,800000,1817
end_to_end,100000,23935
service,100000,1437
end_to_end,100000,9736
service,100000,446
end_to_end,100000,23740
service,100000,5826
end_to_end,800000,28892
service,800000,5691
end_to_end,800000,14443
service,800000,842
end_to_end,800000,21344
service,800000,3799
end_to_end,100000,15522
service,100000,486
end_to_end,100000,9354
service,100000,4817
end_to_end,800000,11562
service,800000,2796
end_to_end,100000,15713
service,100000,17
end_to_end,800000,38163
service,800000,2001
end_to_end,800000,22759
service,800000,3386
end_to_end,800000,20595
service,800000,1950
end_to_end,100000,30322
service,100000,1893
end_to_end,100000,28682
service,100000,525
end_to_end,100000,17293
service,100000,205
end_to_end,800000,17837
service,800000,3687
end_to_end,800000,14579
service,800000,556
end_to_end,100000,27875
service,100000,1220
end_to_end,800000,31182
service,800000,2979
end_to_end,100000,28584
service,100000,529
end_to_end,800000,26944
service,800000,1422
end_to_end,100000,18953
service,100000,1295
end_to_end,100000,27637
service,100000,3648
end_to_end,100000,11386
service,100000,103
end_to_end,100000,18018
service,100000,2047
end_to_end,100000,20995
service,100000,1028
end_to_end,800000,16778
service,800000,3085
end_to_end,800000,9653
service,800000,642
end_to_end,100000,19561
service,100000,6413
end_to_end,800000,10454
service,800000,1684
end_to_end,800000,25245
service,800000,8004
end_to_end,100000,17017
service,100000,518
end_to_end,800000,14522
service,800000,241
end_to_end,800000,16882
service,800000,663
end_to_end,100000,14110
service,100000,470
end_to_end,100000,24311
service,100000,4060
end_to_end,800000,21626
service,800000,2315
end_to_end,100000,14883
service,100000,231
end_to_end,800000,21195
service,800000,1180
end_to_end,100000,23345
service,100000,6003
end_to_end,800000,16527
service,800000,1243
end_to_end,100000,24081
service,100000,2537
end_to_end,800000,25493
service,800000,7830
end_to_end,800000,23159
service,800000,600
end_to_end,800000,15933
service,800000,999
end_to_end,800000,15511
service,800000,866
end_to_end,800000,12218
service,800000,270
end_to_end,800000,16401
service,800000,175
end_to_end,100000,20833
service,100000,1095
end_to_end,800000,13246
service,800000,394
end_to_end,100000,20285
service,100000,3532
end_to_end,800000,18866
service,800000,468
end_to_end,100000,18286
service,100000,2735
end_to_end,800000,19482
service,800000,3088
end_to_end,800000,12961
service,800000,993
end_to_end,100000,20808
service,100000,3669
end_to_end,100000,26477
service,100000,2113
end_to_end,100000,22830
service,100000,3400
end_to_end,800000,18596
service,800000,2616
end_to_end,100000,29771
service,100000,2695
end_to_end,800000,17887
service,800000,2091
end_to_end,800000,18022
service,800000,1719
end_to_end,100000,17960
service,100000,2556
end_to_end,800000,25655
service,800000,5879
end_to_end,100000,20956
service,100000,2267
end_to_end,100000,25732
service,100000,614
end_to_end,100000,25182
service,100000,1507
end_to_end,100000,23440
service,100000,79
end_to_end,100000,31804
service,100000,1458
end_to_end,100000,11164
service,100000,1168
end_to_end,100000,28539
service,100000,2421
end_to_end,800000,21758
service,800000,5269
end_to_end,100000,18835
service,100000,3986
end_to_end,800000,14181
service,800000,1404
end_to_end,100000,9751
service,100000,764
end_to_end,800000,18574
service,800000,654
end_to_end,800000,24677
service,800000,140
end_to_end,100000,31341
service,100000,4488
end_to_end,800000,16765
service,800000,661
end_to_end,100000,17335
service,100000,671
end_to_end,800000,11792
service,800000,611
end_to_end,800000,16958
service,800000,2056
end_to_end,100000,17987
service,100000,831
end_to_end,800000,21173
service,800000,889
end_to_end,100000,24971
service,100000,3383
end_to_end,800000,36657
service,800000,273
end_to_end,100000,17373
service,100000,108
end_to_end,800000,18632
service,800000,747
end_to_end,800000,18088
service,800000,80
end_to_end,800000,24599
service,800000,756
end_to_end,100000,18784
service,100000,3510
end_to_end,100000,28988
service,100000,3537
end_to_end,800000,23067
service,800000,2712
end_to_end,800000,25040
service,800000,1920
end_to_end,800000,6208
service,800000,36
end_to_end,100000,27475
service,100000,1869
end_to_end,800000,17842
service,800000,427
end_to_end,100000,17653
service,100000,2656
end_to_end,800000,17983
service,800000,131
end_to_end,800000,17933
service,800000,1017
end_to_end,800000,21582
service,800000,2680
end_to_end,100000,38971
service,100000,578
end_to_end,800000,28097
service,800000,2728
end_to_end,800000,28431
service,800000,327
end_to_end,100000,15325
service,100000,4365
end_to_end,800000,26229
service,800000,53
end_to_end,100000,19829
service,100000,4121
end_to_end,800000,13303
service,800000,224
end_to_end,800000,14135
service,800000,2595
end_to_end,800000,18496
service,800000,2573
end_to_end,800000,15941
service,800000,322
end_to_end,100000,19118
service,100000,637
end_to_end,100000,24188
service,100000,3583
end_to_end,100000,17366
service,100000,615
end_to_end,100000,32938
service,100000,5634
end_to_end,100000,25588
service,100000,4099
end_to_end,800000,19617
service,800000,1181
end_to_end,100000,31345
service,100000,1020
end_to_end,800000,22862
service,800000,3203
end_to_end,800000,30873
service,800000,1040
end_to_end,800000,22282
service,800000,3267
end_to_end,800000,30069
service,800000,74
end_to_end,800000,24824
service,800000,2393
end_to_end,100000,16164
service,100000,104
end_to_end,800000,33815
service,800000,1864
end_to_end,100000,18671
service,100000,811
end_to_end,800000,14176
service,800000,4098
end_to_end,100000,23588
service,100000,257
end_to_end,100000,27133
service,100000,472
end_to_end,100000,10239
service,100000,52
end_to_end,100000,22203
service,100000,569
end_to_end,100000,5992
service,100000,132
end_to_end,100000,16893
service,100000,780
end_to_end,100000,19757
service,100000,719
end_to_end,100000,14872
service,100000,513
end_to_end,800000,24861
service,800000,1570
end_to_end,800000,22384
service,800000,1057
end_to_end,800000,21572
service,800000,461
end_to_end,100000,21086
service,100000,1397
end_to_end,800000,12650
service,800000,143
end_to_end,100000,20542
service,100000,299
end_to_end,100000,29731
service,100000,2024
end_to_end,100000,24963
service,100000,1446
end_to_end,100000,16621
service,100000,1566
end_to_end,100000,20495
service,100000,884
end_to_end,800000,15501
service,800000,64
end_to_end,800000,15643
service,800000,650
end_to_end,100000,19428
service,100000,1938
end_to_end,800000,19557
service,800000,260
end_to_end,800000,24281
service,800000,4793
end_to_end,100000,15941
service,100000,208
end_to_end,100000,24115
service,100000,1757
end_to_end,800000,25612
service,800000,1355
end_to_end,800000,17460
service,800000,1520
end_to_end,100000,27676
service,100000,4926
end_to_end,800000,29891
service,800000,1154
end_to_end,100000,17638
service,100000,3650
end_to_end,800000,18603
service,800000,404
end_to_end,100000,13877
service,100000,282
end_to_end,800000,17070
service,800000,2337
end_to_end,800000,18329
service,800000,1737
end_to_end,100000,18829
service,100000,1144
end_to_end,800000,10678
service,800000,467
end_to_end,100000,17403
service,100000,1885
end_to_end,800000,12200
service,800000,451
end_to_end,100000,20494
service,100000,328
end_to_end,800000,23642
service,800000,1218
end_to_end,100000,12438
service,100000,1935
end_to_end,800000,23633
service,800000,2714
end_to_end,800000,16304
service,800000,1525
end_to_end,800000,11416
service,800000,1025
end_to_end,100000,15484
service,100000,4032
end_to_end,800000,14426
service,800000,878
end_to_end,800000,23113
service,800000,1252
end_to_end,100000,15546
service,100000,32
end_to_end,800000,12363
service,800000,394
end_to_end,800000,9161
service,800000,131
end_to_end,800000,14184
service,800000,239
end_to_end,800000,23115
service,800000,738
end_to_end,800000,8877
service,800000,36
end_to_end,100000,31891
service,100000,615
end_to_end,800000,18804
service,800000,40
end_to_end,800000,14430
service,800000,322
end_to_end,100000,15873
service,100000,286
end_to_end,800000,17777
service,800000,2827
end_to_end,100000,14420
service,100000,346
end_to_end,800000,16967
service,800000,1373
end_to_end,100000,14433
service,100000,974
end_to_end,800000,21448
service,800000,2868
end_to_end,100000,18723
service,100000,1896
end_to_end,800000,17807
service,800000,706
end_to_end,100000,18950
service,100000,2387
end_to_end,100000,18747
service,100000,559
end_to_end,800000,21719
service,800000,5226
end_to_end,800000,25888
service,800000,155
end_to_end,800000,27007
service,800000,2620
end_to_end,100000,30834
service,100000,2702
end_to_end,100000,28496
service,100000,1575
end_to_end,800000,16797
service,800000,1234
end_to_end,100000,13527
service,100000,2000
end_to_end,800000,23408
service,800000,3688
end_to_end,100000,18544
service,100000,211
end_to_end,800000,23856
service,800000,1548
end_to_end,800000,19291
service,800000,2757
end_to_end,800000,18214
service,800000,2227
end_to_end,100000,10695
service,100000,205
end_to_end,800000,31906
service,800000,1891
end_to_end,100000,17870
service,100000,810
end_to_end,800000,17179
service,800000,1555
end_to_end,800000,24456
service,800000,76
end_to_end,100000,29562
service,100000,509
end_to_end,800000,44777
service,800000,6633
end_to_end,800000,17433
service,800000,496
end_to_end,100000,8191
service,100000,1393
end_to_end,800000,10308
service,800000,59
end_to_end,800000,20535
service,800000,280
end_to_end,100000,32063
service,100000,227
end_to_end,800000,15338
service,800000,1482
end_to_end,100000,15325
service,100000,638
end_to_end,800000,17347
service,800000,1742
end_to_end,800000,12222
service,800000,196
end_to_end,800000,31315
service,800000,2545
end_to_end,800000,17338
service,800000,494
end_to_end,100000,17272
service,100000,20
end_to_end,100000,17155
service,100000,200
end_to_end,800000,32120
service,800000,541
end_to_end,100000,18609
service,100000,768
end_to_end,800000,12785
service,800000,406
end_to_end,100000,25391
service,100000,1140
end_to_end,100000,25701
service,100000,169
end_to_end,100000,14611
service,100000,686
end_to_end,800000,9358
service,800000,2591
end_to_end,100000,12022
service,100000,3941
end_to_end,800000,11757
service,800000,596
end_to_end,100000,28883
service,100000,1203
end_to_end,800000,23458
service,800000,2349
end_to_end,800000,24125
service,800000,1431
end_to_end,800000,20784
service,800000,1796
end_to_end,800000,12134
service,800000,5
end_to_end,100000,21708
service,100000,1634
end_to_end,800000,8518
service,800000,671
end_to_end,100000,16937
service,100000,508
end_to_end,100000,24732
service,100000,68
end_to_end,100000,15810
service,100000,875
end_to_end,800000,28025
service,800000,1474
end_to_end,100000,50346
service,100000,5986
end_to_end,800000,34449
service,800000,222
end_to_end,800000,29672
service,800000,7754
end_to_end,800000,24086
service,800000,385
end_to_end,800000,16414
service,800000,1246
end_to_end,100000,29119
service,100000,238
end_to_end,800000,25010
service,800000,1743
end_to_end,100000,24751
service,100000,3295
end_to_end,100000,16885
service,100000,1130
end_to_end,800000,22172
service,800000,3526
end_to_end,800000,25391
service,800000,88
end_to_end,100000,25275
service,100000,8004
end_to_end,800000,15766
service,800000,298
end_to_end,100000,25202
service,100000,2191
end_to_end,100000,12735
service,100000,3526
end_to_end,800000,17789
service,800000,1146
end_to_end,100000,19387
service,100000,573
end_to_end,800000,30793
service,800000,7205
end_to_end,100000,16226
service,100000,995
end_to_end,800000,23132
service,800000,3207
end_to_end,800000,17833
service,800000,297
end_to_end,800000,13467
service,800000,758
end_to_end,100000,22914
service,100000,790
end_to_end,100000,26428
service,100000,630
end_to_end,800000,30153
service,800000,3284
end_to_end,100000,15226
service,100000,1004
end_to_end,100000,16757
service,100000,2616
end_to_end,100000,20379
service,100000,925
end_to_end,100000,22217
service,100000,1185
end_to_end,800000,17177
service,800000,7406
end_to_end,100000,12214
service,100000,2126
end_to_end,800000,25044
service,800000,1199
end_to_end,100000,11232
service,100000,2807
end_to_end,100000,20889
service,100000,1544
end_to_end,800000,28664
service,800000,3124
end_to_end,100000,15839
service,100000,2528
end_to_end,800000,10431
service,800000,3587
end_to_end,100000,14321
service,100000,2121
end_to_end,100000,20362
service,100000,4320
end_to_end,100000,14740
service,100000,2466
end_to_end,800000,22391
service,800000,586
end_to_end,800000,27754
service,800000,8283
end_to_end,800000,17065
service,800000,17
end_to_end,100000,23669
service,100000,220
end_to_end,100000,19099
service,100000,2240
end_to_end,800000,25214
service,800000,4734
end_to_end,100000,22490
service,100000,5162
end_to_end,100000,19614
service,100000,4521
end_to_end,800000,21578
service,800000,1275
end_to_end,100000,9242
service,100000,2274
end_to_end,100000,21021
service,100000,3280
end_to_end,100000,25299
service,100000,1824
end_to_end,800000,10883
service,800000,1218
end_to_end,100000,16453
service,100000,393
end_to_end,800000,15331
service,800000,994
end_to_end,100000,10232
service,100000,14
end_to_end,800000,31469
service,800000,4966
end_to_end,100000,23618
service,100000,6011
end_to_end,100000,17591
service,100000,30
end_to_end,800000,20033
service,800000,1228
end_to_end,800000,24588
service,800000,218
end_to_end,100000,34112
service,100000,269
end_to_end,800000,15535
service,800000,2078
end_to_end,800000,14898
service,800000,1649
end_to_end,800000,18673
service,800000,3037
end_to_end,800000,28924
service,800000,2414
end_to_end,800000,23872
service,800000,4674
end_to_end,800000,24288
service,800000,2643
end_to_end,100000,28198
service,100000,13
end_to_end,800000,18712
service,800000,2479
end_to_end,800000,40658
service,800000,9694
end_to_end,800000,18219
service,800000,1916
end_to_end,800000,17019
service,800000,255
end_to_end,100000,17797
service,100000,176
end_to_end,100000,26407
service,100000,1664
end_to_end,100000,23268
service,100000,4507
end_to_end,100000,15004
service,100000,1362
end_to_end,800000,22626
service,800000,2350
end_to_end,800000,19550
service,800000,3941
end_to_end,100000,23468
service,100000,744
end_to_end,800000,17144
service,800000,1499
end_to_end,800000,27051
service,800000,1867
end_to_end,800000,25862
service,800000,1386
end_to_end,800000,22196
service,800000,391
end_to_end,100000,18729
service,100000,1380
end_to_end,800000,21191
service,800000,706
end_to_end,800000,15411
service,800000,3518
end_to_end,800000,12275
service,800000,130
end_to_end,800000,25165
service,800000,4
end_to_end,100000,26171
service,100000,280
end_to_end,100000,34379
service,100000,1281
end_to_end,100000,15719
service,100000,130
end_to_end,100000,21148
service,100000,234
end_to_end,100000,13012
service,100000,4806
end_to_end,800000,17506
service,800000,1552
end_to_end,800000,17831
service,800000,994
end_to_end,100000,16814
service,100000,2089
end_to_end,800000,28703
service,800000,1825
end_to_end,800000,22714
service,800000,396
end_to_end,100000,18456
service,100000,343
end_to_end,100000,24635
service,100000,445
end_to_end,100000,22391
service,100000,115
end_to_end,800000,16089
service,800000,2739
end_to_end,100000,19844
service,100000,924
end_to_end,800000,7437
service,800000,449
end_to_end,100000,28993
service,100000,21
end_to_end,100000,22343
service,100000,1204
end_to_end,100000,27144
service,100000,3280
end_to_end,100000,36919
service,100000,337
end_to_end,800000,19866
service,800000,144
end_to_end,800000,19325
service,800000,1155
end_to_end,100000,21957
service,100000,1361
end_to_end,800000,26730
service,800000,400
end_to_end,800000,25186
service,800000,1649
end_to_end,100000,7965
service,100000,991
end_to_end,100000,18314
service,100000,7249
end_to_end,800000,15398
service,800000,944
end_to_end,100000,18966
service,100000,2997
end_to_end,800000,21150
service,800000,278
end_to_end,100000,16673
service,100000,273
end_to_end,100000,27261
service,100000,2609
end_to_end,800000,20301
service,800000,1227
end_to_end,100000,36715
service,100000,9454
end_to_end,100000,16699
service,100000,105
end_to_end,100000,18067
service,100000,2726
end_to_end,800000,28722
service,800000,3337
end_to_end,800000,14102
service,800000,756
end_to_end,800000,18981
service,800000,964
end_to_end,100000,19136
service,100000,1545
end_to_end,100000,25779
service,100000,1291
end_to_end,800000,22833
service,800000,2241
end_to_end,100000,20343
service,100000,285
end_to_end,100000,18212
service,100000,782
end_to_end,800000,20493
service,800000,1171
end_to_end,100000,24313
service,100000,2751
end_to_end,800000,28302
service,800000,82
end_to_end,800000,20622
service,800000,3436
end_to_end,100000,32973
service,100000,4157
end_to_end,800000,23671
service,800000,4284
end_to_end,800000,26019
service,800000,1268
end_to_end,800000,27317
service,800000,3581
end_to_end,800000,21309
service,800000,297
end_to_end,800000,24382
service,800000,3530
end_to_end,800000,12521
service,800000,1195
end_to_end,100000,13931
service,100000,5242
end_to_end,800000,27533
service,800000,7647
end_to_end,800000,13865
service,800000,1771
end_to_end,800000,23020
service,800000,29
end_to_end,800000,25056
service,800000,157
end_to_end,100000,10557
service,100000,1343
end_to_end,800000,17146
service,800000,92
end_to_end,100000,25629
service,100000,420
end_to_end,800000,9959
service,800000,179
end_to_end,800000,28920
service,800000,7441
end_to_end,800000,30788
service,800000,616
end_to_end,100000,24763
service,100000,532
end_to_end,800000,16953
service,800000,3494
end_to_end,100000,18300
service,100000,630
end_to_end,800000,12159
service,800000,1556
end_to_end,100000,21232
service,100000,1563
end_to_end,100000,14729
service,100000,127
end_to_end,800000,28238
service,800000,269
end_to_end,100000,22293
service,100000,409
end_to_end,800000,15305
service,800000,68
end_to_end,800000,29897
service,800000,1368
end_to_end,800000,15723
service,800000,998
end_to_end,100000,22896
service,100000,1330
end_to_end,800000,19598
service,800000,883
end_to_end,800000,18183
service,800000,2472
end_to_end,800000,36455
service,800000,3472
end_to_end,100000,26969
service,100000,104
end_to_end,800000,16533
service,800000,266
end_to_end,100000,23579
service,100000,1519
end_to_end,100000,28995
service,100000,2494
end_to_end,100000,18025
service,100000,152
end_to_end,800000,17157
service,800000,1593
end_to_end,100000,16217
service,100000,1577
end_to_end,100000,15267
service,100000,401
end_to_end,800000,23531
service,800000,867
end_to_end,100000,19785
service,100000,4226
end_to_end,100000,15520
service,100000,1845
end_to_end,800000,16012
service,800000,2843
end_to_end,100000,20008
service,100000,1309
end_to_end,800000,28026
service,800000,3474
end_to_end,100000,19465
service,100000,804
end_to_end,100000,29001
service,100000,3885
end_to_end,800000,23142
service,800000,257
end_to_end,100000,22513
service,100000,582
end_to_end,800000,11620
service,800000,123
end_to_end,800000,12007
service,800000,997
end_to_end,800000,31797
service,800000,2831
end_to_end,800000,13423
service,800000,754
end_to_end,100000,20842
service,100000,751
end_to_end,800000,23724
service,800000,3443
end_to_end,100000,22593
service,100000,5164
end_to_end,800000,27796
service,800000,4853
end_to_end,100000,21760
service,100000,9327
end_to_end,800000,38413
service,800000,2522
end_to_end,800000,45253
service,800000,1014
end_to_end,800000,32323
service,800000,3465
end_to_end,800000,26415
service,800000,1946
end_to_end,800000,27518
service,800000,1393
end_to_end,100000,9632
service,100000,1086
end_to_end,100000,16683
service,100000,1926
end_to_end,100000,28700
service,100000,6399
end_to_end,800000,19554
service,800000,6400
end_to_end,800000,18833
service,800000,103
end_to_end,800000,25977
service,800000,19
end_to_end,100000,32541
service,100000,4911
end_to_end,800000,10230
service,800000,243
end_to_end,800000,28768
service,800000,7674
end_to_end,800000,12804
service,800000,1223
end_to_end,100000,24025
service,100000,6400
end_to_end,800000,35210
service,800000,3120
end_to_end,800000,20722
service,800000,2460
end_to_end,100000,25245
service,100000,811
end_to_end,100000,15078
service,100000,2294
end_to_end,100000,32722
service,100000,7595
end_to_end,100000,14833
service,100000,2447
end_to_end,100000,34211
service,100000,979
end_to_end,100000,24950
service,100000,1884
end_to_end,800000,29606
service,800000,54
end_to_end,800000,18968
service,800000,4122
end_to_end,800000,14440
service,800000,12
end_to_end,800000,24070
service,800000,2476
end_to_end,100000,14692
service,100000,564
end_to_end,800000,17384
service,800000,2111
end_to_end,800000,18139
service,800000,175
end_to_end,100000,19496
service,100000,875
end_to_end,800000,17969
service,800000,1101
end_to_end,800000,26058
service,800000,4321
end_to_end,800000,25958
service,800000,2549
end_to_end,800000,12116
service,800000,971
end_to_end,800000,12361
service,800000,516
end_to_end,100000,22117
service,100000,2322
end_to_end,100000,23983
service,100000,3888
end_to_end,100000,31656
service,100000,6729
end_to_end,100000,26038
service,100000,1438
end_to_end,800000,14141
service,800000,2026
end_to_end,800000,19775
service,800000,1511
end_to_end,100000,21662
service,100000,1387
end_to_end,100000,16395
service,100000,711
end_to_end,100000,28055
service,100000,526
end_to_end,800000,16913
service,800000,987
end_to_end,100000,22531
service,100000,5295
end_to_end,800000,12046
service,800000,2485
end_to_end,800000,10261
service,800000,1172
end_to_end,100000,15086
service,100000,839
end_to_end,800000,13536
service,800000,505
end_to_end,100000,20223
service,100000,5731
end_to_end,800000,22961
service,800000,7959
end_to_end,100000,41189
service,100000,7297
end_to_end,800000,12336
service,800000,323
end_to_end,100000,13614
service,100000,1839
end_to_end,100000,19839
service,100000,912
end_to_end,100000,23502
service,100000,968
end_to_end,800000,22781
service,800000,1849
end_to_end,100000,20678
service,100000,5464
end_to_end,100000,13842
service,100000,2280
end_to_end,100000,16827
service,100000,1696
end_to_end,800000,23170
service,800000,1617
end_to_end,800000,26832
service,800000,590
end_to_end,100000,19093
service,100000,529
end_to_end,100000,8926
service,100000,475
end_to_end,100000,19969
service,100000,5456
end_to_end,100000,27622
service,100000,289
end_to_end,100000,18047
service,100000,4381
end_to_end,100000,22219
service,100000,1491
end_to_end,100000,23256
service,100000,7180
end_to_end,800000,13791
service,800000,549
end_to_end,100000,26929
service,100000,1620
end_to_end,100000,26857
service,100000,3505
end_to_end,800000,9033
service,800000,985
end_to_end,100000,17957
service,100000,979
end_to_end,800000,15819
service,800000,408
end_to_end,100000,29339
service,100000,5230
end_to_end,100000,24880
service,100000,1119
end_to_end,800000,11707
service,800000,2061
end_to_end,800000,19979
service,800000,152
end_to_end,800000,30986
service,800000,1035
end_to_end,800000,20959
service,800000,133
end_to_end,800000,31546
service,800000,3767
end_to_end,800000,30770
service,800000,3583
end_to_end,800000,21145
service,800000,3305
end_to_end,100000,8721
service,100000,87
end_to_end,800000,25488
service,800000,572
end_to_end,800000,25790
service,800000,1214
end_to_end,100000,17411
service,100000,24
end_to_end,800000,18459
service,800000,316
end_to_end,100000,29452
service,100000,2011
end_to_end,100000,14886
service,100000,3061
end_to_end,800000,18250
service,800000,1214
end_to_end,100000,17301
service,100000,6720
end_to_end,800000,23589
service,800000,7566
end_to_end,100000,18611
service,100000,1139
end_to_end,800000,17830
service,800000,3652
end_to_end,100000,15398
service,100000,0
end_to_end,800000,18412
service,800000,1221
end_to_end,800000,18897
service,800000,2215
end_to_end,800000,19725
service,800000,4990
end_to_end,800000,22752
service,800000,4348
end_to_end,800000,28643
service,800000,1684
end_to_end,100000,18170
service,100000,1603
end_to_end,100000,18870
service,100000,1725
end_to_end,800000,36175
service,800000,3634
end_to_end,100000,21538
service,100000,1060
end_to_end,800000,22903
service,800000,4283
end_to_end,100000,28406
service,100000,38
end_to_end,800000,18992
service,800000,1081
end_to_end,100000,13279
service,100000,3140
end_to_end,100000,22085
service,100000,2855
end_to_end,100000,11283
service,100000,1536
end_to_end,800000,22214
service,800000,5438
end_to_end,800000,31546
service,800000,1213
end_to_end,800000,21241
service,800000,4175
end_to_end,800000,34036
service,800000,6667
end_to_end,100000,35869
service,100000,3201
end_to_end,100000,25435
service,100000,1775
end_to_end,800000,20510
service,800000,3696
end_to_end,800000,17243
service,800000,211
end_to_end,100000,17925
service,100000,2729
end_to_end,100000,11869
service,100000,1579
end_to_end,100000,19139
service,100000,978
end_to_end,100000,9125
service,100000,997
end_to_end,100000,29704
service,100000,616
end_to_end,100000,20192
service,100000,1656
end_to_end,100000,27820
service,100000,5114
end_to_end,800000,13709
service,800000,173
end_to_end,100000,21517
service,100000,8928
end_to_end,100000,29412
service,100000,2942
end_to_end,800000,17513
service,800000,1555
end_to_end,100000,21588
service,100000,974
end_to_end,100000,44213
service,100000,5017
end_to_end,100000,19873
service,100000,1914
end_to_end,100000,22466
service,100000,1301
end_to_end,100000,22686
service,100000,507
end_to_end,800000,22810
service,800000,1237
end_to_end,100000,15418
service,100000,181
end_to_end,100000,24048
service,100000,1441
end_to_end,800000,25593
service,800000,299
end_to_end,800000,15421
service,800000,1254
end_to_end,800000,11212
service,800000,517
end_to_end,800000,25386
service,800000,2148
end_to_end,800000,10695
service,800000,2059
end_to_end,100000,23301
service,100000,1601
end_to_end,800000,15712
service,800000,2172
end_to_end,100000,26792
service,100000,192
end_to_end,800000,10712
service,800000,1173
end_to_end,800000,8548
service,800000,198
end_to_end,800000,22539
service,800000,34
end_to_end,100000,17619
service,100000,628
end_to_end,800000,13722
service,800000,4093
end_to_end,800000,19940
service,800000,1852
end_to_end,800000,29008
service,800000,1867
end_to_end,800000,16559
service,800000,3020
end_to_end,100000,23792
service,100000,1074
end_to_end,800000,23337
service,800000,3214
end_to_end,100000,30279
service,100000,9408
end_to_end,800000,20502
service,800000,396
end_to_end,100000,15964
service,100000,86
end_to_end,100000,18800
service,100000,2252
end_to_end,100000,10858
service,100000,69
end_to_end,100000,21807
service,100000,5209
end_to_end,100000,20611
service,100000,3042
end_to_end,100000,20746
service,100000,1497
end_to_end,100000,17953
service,100000,1971
end_to_end,100000,19045
service,100000,187
end_to_end,100000,23142
service,100000,2212
end_to_end,100000,43219
service,100000,326
end_to_end,100000,33784
service,100000,5331
end_to_end,800000,7626
service,800000,80
end_to_end,800000,16582
service,800000,1151
end_to_end,100000,23019
service,100000,1757
end_to_end,800000,18700
service,800000,525
end_to_end,800000,17011
service,800000,409
end_to_end,800000,14800
service,800000,1589
end_to_end,100000,20623
service,100000,3351
end_to_end,800000,24729
service,800000,373
end_to_end,800000,27815
service,800000,744
end_to_end,100000,18165
service,100000,102
end_to_end,800000,26384
service,800000,1645
end_to_end,800000,18541
service,800000,625
end_to_end,800000,19835
service,800000,320
end_to_end,800000,22375
service,800000,36
end_to_end,100000,10276
service,100000,1323
end_to_end,800000,14153
service,800000,450
end_to_end,100000,29286
service,100000,1405
end_to_end,800000,29364
service,800000,5444
end_to_end,100000,29471
service,100000,1570
end_to_end,100000,31761
service,100000,1860
end_to_end,800000,14640
service,800000,467
end_to_end,800000,15376
service,800000,790
end_to_end,100000,18963
service,100000,59
end_to_end,100000,17499
service,100000,1329
end_to_end,100000,16921
service,100000,4923
end_to_end,100000,22458
service,100000,2472
end_to_end,100000,11752
service,100000,1275
end_to_end,100000,15234
service,100000,190
end_to_end,800000,18233
service,800000,960
end_to_end,800000,15719
service,800000,1165
end_to_end,800000,15527
service,800000,165
end_to_end,100000,15135
service,100000,41
end_to_end,100000,14734
service,100000,1150
end_to_end,800000,9012
service,800000,305
end_to_end,800000,25176
service,800000,3641
end_to_end,100000,22196
service,100000,2531
end_to_end,800000,19783
service,800000,776
end_to_end,800000,16799
service,800000,2315
end_to_end,800000,21478
service,800000,245
end_to_end,800000,18178
service,800000,1302
end_to_end,100000,14309
service,100000,671
end_to_end,800000,31388
service,800000,10737
end_to_end,800000,28156
service,800000,825
end_to_end,100000,15279
service,100000,1083
end_to_end,800000,18717
service,800000,992
end_to_end,100000,9334
service,100000,244
end_to_end,100000,24158
service,100000,1875
end_to_end,100000,23687
service,100000,6515
end_to_end,800000,18647
service,800000,883
end_to_end,100000,22005
service,100000,282
end_to_end,800000,18557
service,800000,430
end_to_end,100000,15556
service,100000,33
end_to_end,800000,9907
service,800000,1605
end_to_end,100000,16354
service,100000,475
end_to_end,100000,26070
service,100000,589
end_to_end,800000,24673
service,800000,9442
end_to_end,800000,21892
service,800000,8292
end_to_end,100000,15407
service,100000,1627
end_to_end,100000,13771
service,100000,650
end_to_end,100000,34088
service,100000,3805
end_to_end,100000,16601
service,100000,3408
end_to_end,100000,18740
service,100000,444
end_to_end,800000,23065
service,800000,139
end_to_end,100000,18052
service,100000,3384
end_to_end,100000,28924
service,100000,269
end_to_end,800000,19977
service,800000,1981
end_to_end,100000,25512
service,100000,2217
end_to_end,800000,33225
service,800000,2882
end_to_end,800000,20124
service,800000,1800
end_to_end,800000,15727
service,800000,7629
end_to_end,800000,24172
service,800000,7009
end_to_end,100000,22918
service,100000,5679
end_to_end,800000,28103
service,800000,4925
end_to_end,800000,8842
service,800000,635
end_to_end,800000,19327
service,800000,3219
end_to_end,800000,20893
service,800000,648
end_to_end,100000,19359
service,100000,2398
end_to_end,100000,24614
service,100000,1365
end_to_end,800000,21656
service,800000,2795
end_to_end,100000,38545
service,100000,1083
end_to_end,100000,43762
service,100000,361
end_to_end,100000,19183
service,100000,94
end_to_end,100000,18303
service,100000,141
end_to_end,100000,26415
service,100000,1869
end_to_end,800000,29641
service,800000,576
end_to_end,800000,25707
service,800000,11043
end_to_end,800000,28914
service,800000,6704
end_to_end,800000,30195
service,800000,5050
end_to_end,800000,15645
service,800000,369
end_to_end,800000,16319
service,800000,599
end_to_end,800000,15129
service,800000,1733
end_to_end,800000,19961
service,800000,1133
end_to_end,800000,15295
service,800000,1664
end_to_end,800000,26188
service,800000,1027
end_to_end,100000,18519
service,100000,204
end_to_end,100000,22462
service,100000,2557
end_to_end,100000,16158
service,100000,9
end_to_end,100000,18704
service,100000,820
end_to_end,800000,18731
service,800000,2733
end_to_end,100000,13794
service,100000,861
end_to_end,100000,21998
service,100000,3631
end_to_end,800000,21997
service,800000,1524
end_to_end,100000,17725
service,100000,634
end_to_end,100000,20108
service,100000,1232
end_to_end,100000,15736
service,100000,3392
end_to_end,100000,11684
service,100000,1443
end_to_end,800000,13997
service,800000,1091
end_to_end,800000,15147
service,800000,205
end_to_end,100000,28209
service,100000,1538
end_to_end,800000,26974
service,800000,743
end_to_end,800000,16725
service,800000,3689
end_to_end,100000,15939
service,100000,1270
end_to_end,100000,20326
service,100000,188
end_to_end,800000,15493
service,800000,4247
end_to_end,100000,15498
service,100000,888
end_to_end,100000,22165
service,100000,832
end_to_end,100000,11176
service,100000,437
end_to_end,800000,20327
service,800000,890
end_to_end,800000,16343
service,800000,164
end_to_end,800000,17949
service,800000,4014
end_to_end,100000,37889
service,100000,1387
end_to_end,800000,17079
service,800000,4520
end_to_end,100000,20389
service,100000,119
end_to_end,800000,14393
service,800000,7152
end_to_end,100000,12422
service,100000,5
end_to_end,800000,17280
service,800000,954
end_to_end,100000,31334
service,100000,5793
end_to_end,800000,24423
service,800000,1706
end_to_end,800000,24023
service,800000,45
end_to_end,800000,42181
service,800000,1863
end_to_end,100000,22020
service,100000,1223
end_to_end,100000,18353
service,100000,642
end_to_end,800000,33249
service,800000,2529
end_to_end,100000,35723
service,100000,889
end_to_end,800000,15801
service,800000,46
end_to_end,800000,36971
service,800000,10198
end_to_end,800000,19649
service,800000,4272
end_to_end,100000,28700
service,100000,5550
end_to_end,100000,53478
service,100000,10606
end_to_end,800000,24133
service,800000,5590
end_to_end,800000,35244
service,800000,1275
end_to_end,100000,16010
service,100000,174
end_to_end,100000,19725
service,100000,1523
end_to_end,100000,26480
service,100000,96
end_to_end,100000,19192
service,100000,643
end_to_end,800000,10376
service,800000,165
end_to_end,800000,21733
service,800000,0
end_to_end,800000,38029
service,800000,3862
end_to_end,100000,17463
service,100000,1554
end_to_end,100000,22920
service,100000,262
end_to_end,800000,26792
service,800000,6926
end_to_end,100000,32038
service,100000,2466
end_to_end,800000,17150
service,800000,1006
end_to_end,800000,17884
service,800000,1067
end_to_end,100000,16261
service,100000,2164
end_to_end,800000,29533
service,800000,1597
end_to_end,800000,21875
service,800000,7756
end_to_end,100000,21913
service,100000,4814
end_to_end,800000,29330
service,800000,5312
end_to_end,100000,13566
service,100000,1142
end_to_end,800000,15591
service,800000,962
end_to_end,100000,23158
service,100000,71
end_to_end,800000,12623
service,800000,208
end_to_end,100000,14828
service,100000,3700
end_to_end,100000,17406
service,100000,1904
end_to_end,800000,21923
service,800000,2422
end_to_end,800000,23508
service,800000,389
end_to_end,800000,21072
service,800000,1621
end_to_end,800000,33878
service,800000,3961
end_to_end,800000,22257
service,800000,3951
end_to_end,800000,15567
service,800000,3368
end_to_end,100000,14676
service,100000,165
end_to_end,800000,21675
service,800000,497
end_to_end,800000,11688
service,800000,1308
end_to_end,100000,15139
service,100000,2871
end_to_end,100000,16413
service,100000,4298
end_to_end,100000,14080
service,100000,88
end_to_end,100000,21168
service,100000,1467
end_to_end,100000,12546
service,100000,2529
end_to_end,800000,26807
service,800000,3828
end_to_end,100000,17204
service,100000,195
end_to_end,100000,13267
service,100000,638
end_to_end,100000,18601
service,100000,1368
end_to_end,800000,23161
service,800000,5710
end_to_end,100000,26117
service,100000,1557
end_to_end,800000,28719
service,800000,2583
end_to_end,800000,32132
service,800000,3907
end_to_end,800000,29981
service,800000,2017
end_to_end,100000,28562
service,100000,60
end_to_end,800000,12241
service,800000,767
end_to_end,800000,24167
service,800000,2275
end_to_end,800000,25270
service,800000,3708
end_to_end,100000,26115
service,100000,3167
end_to_end,800000,24332
service,800000,3514
end_to_end,800000,19202
service,800000,1927
end_to_end,800000,19873
service,800000,531
end_to_end,100000,22074
service,100000,2008
end_to_end,800000,20192
service,800000,968
end_to_end,800000,17411
service,800000,754
end_to_end,800000,33182
service,800000,535
end_to_end,100000,24245
service,100000,1111
end_to_end,100000,21057
service,100000,3299
end_to_end,100000,29624
service,100000,3938
end_to_end,800000,23216
service,800000,7269
end_to_end,100000,22573
service,100000,2063
end_to_end,100000,19927
service,100000,1826
end_to_end,800000,17611
service,800000,1741
end_to_end,100000,24181
service,100000,75
end_to_end,100000,20597
service,100000,2562
end_to_end,100000,32524
service,100000,1891
end_to_end,800000,21395
service,800000,3850
end_to_end,100000,16289
service,100000,2128
end_to_end,800000,14002
service,800000,997
end_to_end,800000,25242
service,800000,1489
end_to_end,100000,7568
service,100000,252
end_to_end,100000,31923
service,100000,583
end_to_end,800000,37262
service,800000,7837
end_to_end,100000,40605
service,100000,1086
end_to_end,100000,25857
service,100000,3466
end_to_end,100000,17256
service,100000,298
end_to_end,100000,24292
service,100000,998
end_to_end,100000,29544
service,100000,4017
end_to_end,800000,42476
service,800000,236
end_to_end,800000,21094
service,800000,675
end_to_end,800000,12510
service,800000,614
end_to_end,800000,14403
service,800000,562
end_to_end,800000,19570
service,800000,304
end_to_end,100000,12554
service,100000,625
end_to_end,800000,17775
service,800000,1585
end_to_end,100000,12092
service,100000,131
end_to_end,800000,26052
service,800000,3769
end_to_end,100000,22396
service,100000,1592
end_to_end,100000,11908
service,100000,867
end_to_end,800000,25926
service,800000,754
end_to_end,100000,11489
service,100000,96
end_to_end,800000,22153
service,800000,1427
end_to_end,100000,21826
service,100000,585
end_to_end,800000,16508
service,800000,582
end_to_end,800000,32357
service,800000,10876
end_to_end,100000,38075
service,100000,2790
end_to_end,800000,22489
service,800000,875
end_to_end,800000,23456
service,800000,544
end_to_end,800000,10782
service,800000,3
end_to_end,100000,19859
service,100000,795
end_to_end,800000,11372
service,800000,2496
end_to_end,800000,21652
service,800000,1457
end_to_end,100000,25234
service,100000,2356
end_to_end,100000,27095
service,100000,2360
end_to_end,800000,29272
service,800000,3232
end_to_end,100000,27881
service,100000,5146
end_to_end,800000,16324
service,800000,2625
end_to_end,100000,12657
service,100000,22
end_to_end,800000,26024
service,800000,8551
end_to_end,800000,19049
service,800000,706
end_to_end,100000,27793
service,100000,1233
end_to_end,100000,25800
service,100000,2295
end_to_end,100000,19190
service,100000,3504
end_to_end,100000,20868
service,100000,5184
end_to_end,100000,17049
service,100000,242
end_to_end,800000,38167
service,800000,5558
end_to_end,800000,19656
service,800000,1551
end_to_end,800000,20260
service,800000,1752
end_to_end,800000,19421
service,800000,2308
end_to_end,100000,23075
service,100000,182
end_to_end,100000,11171
service,100000,880
end_to_end,100000,36272
service,100000,933
end_to_end,100000,10985
service,100000,875
end_to_end,800000,30235
service,800000,985
end_to_end,800000,25687
service,800000,934
end_to_end,100000,14806
service,100000,2008
end_to_end,800000,22881
service,800000,661
end_to_end,100000,15054
service,100000,117
end_to_end,800000,23117
service,800000,1640
end_to_end,100000,18164
service,100000,416
end_to_end,100000,22462
service,100000,5757
end_to_end,100000,33343
service,100000,808
end_to_end,100000,28213
service,100000,2611
end_to_end,100000,12710
service,100000,2776
end_to_end,100000,16824
service,100000,1738
end_to_end,800000,27110
service,800000,1378
end_to_end,800000,14743
service,800000,528
end_to_end,100000,20293
service,100000,459
end_to_end,100000,25522
service,100000,34
end_to_end,100000,22105
service,100000,1924
end_to_end,800000,21391
service,800000,2169
end_to_end,800000,17700
service,800000,424
end_to_end,800000,37347
service,800000,2508
end_to_end,800000,12689
service,800000,1099
end_to_end,100000,26555
service,100000,1713
end_to_end,100000,41418
service,100000,3023
end_to_end,800000,10285
service,800000,2458
end_to_end,800000,25037
service,800000,2095
end_to_end,800000,33642
service,800000,1638
end_to_end,800000,22183
service,800000,3316
end_to_end,800000,19893
service,800000,1752
end_to_end,800000,25097
service,800000,1819
end_to_end,100000,23158
service,100000,2751
end_to_end,100000,32994
service,100000,1512
end_to_end,100000,14806
service,100000,40
end_to_end,100000,15986
service,100000,413
end_to_end,800000,23596
service,800000,1268
end_to_end,800000,18855
service,800000,1318
end_to_end,100000,14156
service,100000,2111
end_to_end,100000,28088
service,100000,1361
end_to_end,800000,37165
service,800000,5316
end_to_end,800000,28295
service,800000,3303
end_to_end,800000,24408
service,800000,1818
end_to_end,100000,21208
service,100000,1019
end_to_end,100000,17172
service,100000,2
end_to_end,100000,28635
service,100000,7465
end_to_end,800000,20213
service,800000,691
end_to_end,800000,34533
service,800000,4139
end_to_end,100000,22472
service,100000,150
end_to_end,100000,14707
service,100000,296
end_to_end,100000,23737
service,100000,588
end_to_end,100000,22425
service,100000,1477
end_to_end,100000,25941
service,100000,7341
end_to_end,100000,21277
service,100000,390
end_to_end,100000,19435
service,100000,3375
end_to_end,100000,18977
service,100000,547
end_to_end,100000,19869
service,100000,1615
end_to_end,800000,10856
service,800000,1802
end_to_end,100000,33552
service,100000,256
end_to_end,100000,13262
service,100000,455
end_to_end,100000,11857
service,100000,1334
end_to_end,800000,34846
service,800000,1401
end_to_end,800000,23716
service,800000,4226
end_to_end,100000,22495
service,100000,1796
end_to_end,800000,22063
service,800000,874
end_to_end,100000,22530
service,100000,4487
end_to_end,100000,16373
service,100000,355
end_to_end,100000,15934
service,100000,1801
end_to_end,100000,10916
service,100000,2076
end_to_end,800000,28933
service,800000,2393
end_to_end,100000,13320
service,100000,112
end_to_end,100000,23813
service,100000,6673
end_to_end,800000,30310
service,800000,136
end_to_end,800000,15418
service,800000,2006
end_to_end,100000,20944
service,100000,2175
end_to_end,100000,16631
service,100000,468
end_to_end,100000,22710
service,100000,3085
end_to_end,100000,16215
service,100000,1531
end_to_end,800000,25494
service,800000,9025
end_to_end,100000,14260
service,100000,736
end_to_end,100000,25285
service,100000,679
end_to_end,800000,32453
service,800000,3299
end_to_end,100000,23248
service,100000,1305
end_to_end,100000,26601
service,100000,319
end_to_end,100000,20883
service,100000,3183
end_to_end,100000,31544
service,100000,3164
end_to_end,800000,23859
service,800000,245
end_to_end,100000,24521
service,100000,8316
end_to_end,100000,16666
service,100000,828
end_to_end,800000,23074
service,800000,1145
end_to_end,100000,16047
service,100000,576
end_to_end,800000,19598
service,800000,1038
end_to_end,100000,19753
service,100000,3187
end_to_end,800000,25072
service,800000,616
end_to_end,800000,15107
service,800000,796
end_to_end,100000,38158
service,100000,7690
end_to_end,800000,19442
service,800000,4953
end_to_end,800000,28131
service,800000,1626
end_to_end,800000,13473
service,800000,516
end_to_end,800000,19124
service,800000,2160
end_to_end,800000,33071
service,800000,7310
end_to_end,800000,11847
service,800000,1410
end_to_end,100000,22470
service,100000,1688
end_to_end,100000,21493
service,100000,1952
end_to_end,100000,27414
service,100000,6125
end_to_end,100000,12064
service,100000,628
end_to_end,800000,18324
service,800000,55
end_to_end,100000,22077
service,100000,278
end_to_end,800000,25573
service,800000,2731
end_to_end,800000,26827
service,800000,81
end_to_end,100000,18410
service,100000,2344
end_to_end,100000,19754
service,100000,4045
end_to_end,100000,12715
service,100000,1477
end_to_end,800000,22178
service,800000,3459
end_to_end,100000,18370
service,100000,4242
end_to_end,800000,18126
service,800000,4922
end_to_end,800000,10024
service,800000,2014
end_to_end,800000,22811
service,800000,233
end_to_end,100000,25008
service,100000,1066
end_to_end,100000,28889
service,100000,2416
end_to_end,100000,23572
service,100000,989
end_to_end,800000,18666
service,800000,1945
end_to_end,100000,23952
service,100000,1683
end_to_end,800000,21701
service,800000,402
end_to_end,100000,20655
service,100000,1121
end_to_end,100000,17078
service,100000,1713
end_to_end,800000,22133
service,800000,3589
end_to_end,800000,18205
service,800000,189
end_to_end,800000,20701
service,800000,2129
end_to_end,100000,15944
service,100000,2339
end_to_end,800000,18359
service,800000,1072
end_to_end,800000,11938
service,800000,290
end_to_end,100000,15775
service,100000,2692
end_to_end,800000,14271
service,800000,2362
end_to_end,100000,14334
service,100000,491
end_to_end,100000,19285
service,100000,2183
end_to_end,800000,26012
service,800000,1760
end_to_end,800000,27860
service,800000,2804
end_to_end,100000,20100
service,100000,2791
end_to_end,100000,12327
service,100000,250
end_to_end,800000,40152
service,800000,8468
end_to_end,800000,14388
service,800000,1585
end_to_end,800000,13569
service,800000,1222
end_to_end,100000,19989
service,100000,883
end_to_end,100000,18704
service,100000,808
end_to_end,800000,21637
service,800000,401
end_to_end,800000,15352
service,800000,4585
end_to_end,100000,12640
service,100000,465
end_to_end,800000,32346
service,800000,2785
end_to_end,800000,13484
service,800000,1853
end_to_end,100000,26887
service,100000,6375
end_to_end,100000,20635
service,100000,568
end_to_end,100000,13542
service,100000,603
end_to_end,100000,10686
service,100000,709
end_to_end,100000,28890
service,100000,46
end_to_end,800000,11126
service,800000,1735
end_to_end,100000,37352
service,100000,6488
end_to_end,100000,28400
service,100000,1165
end_to_end,800000,16697
service,800000,341
end_to_end,800000,33827
service,800000,1596
end_to_end,800000,20340
service,800000,1257
end_to_end,800000,35163
service,800000,6481
end_to_end,100000,16531
service,100000,694
end_to_end,800000,15439
service,800000,4044
end_to_end,800000,14934
service,800000,837
end_to_end,800000,23181
service,800000,771
end_to_end,100000,19694
service,100000,4719
end_to_end,800000,19432
service,800000,1995
end_to_end,800000,14321
service,800000,4715
end_to_end,800000,17081
service,800000,919
end_to_end,100000,8837
service,100000,40
end_to_end,100000,14955
service,100000,2394
end_to_end,800000,28162
service,800000,2545
end_to_end,100000,25426
service,100000,9776
end_to_end,800000,18706
service,800000,2396
end_to_end,100000,12648
service,100000,131
end_to_end,100000,24383
service,100000,5730
end_to_end,800000,25813
service,800000,1192
end_to_end,800000,11981
service,800000,486
end_to_end,100000,18778
service,100000,1808
end_to_end,100000,15261
service,100000,1032
end_to_end,800000,31117
service,800000,13803
end_to_end,800000,23443
service,800000,3410
end_to_end,100000,24444
service,100000,1425
end_to_end,100000,29924
service,100000,2691
end_to_end,800000,31952
service,800000,8141
end_to_end,100000,17912
service,100000,3073
end_to_end,100000,39484
service,100000,2192
end_to_end,100000,10258
service,100000,912
end_to_end,800000,22505
service,800000,2515
end_to_end,800000,15323
service,800000,1079
end_to_end,100000,22957
service,100000,4206
end_to_end,100000,23033
service,100000,2672
end_to_end,100000,38437
service,100000,5003
end_to_end,100000,32099
service,100000,434
end_to_end,800000,25698
service,800000,1523
end_to_end,800000,21070
service,800000,1378
end_to_end,100000,17705
service,100000,5692
end_to_end,100000,19354
service,100000,2707
end_to_end,800000,29651
service,800000,792
end_to_end,800000,39006
service,800000,1515
end_to_end,100000,40257
service,100000,4545
end_to_end,800000,15732
service,800000,1108
end_to_end,800000,27503
service,800000,2432
end_to_end,800000,12782
service,800000,451
end_to_end,800000,25555
service,800000,2869
end_to_end,800000,20665
service,800000,79
end_to_end,100000,19388
service,100000,781
end_to_end,800000,19744
service,800000,2818
end_to_end,100000,23526
service,100000,4834
end_to_end,100000,30066
service,100000,7012
end_to_end,100000,21345
service,100000,2922
end_to_end,100000,25591
service,100000,1780
end_to_end,800000,23721
service,800000,1656
end_to_end,800000,17087
service,800000,3674
end_to_end,100000,25449
service,100000,1211
end_to_end,800000,39670
service,800000,26
end_to_end,800000,24586
service,800000,890
end_to_end,100000,12175
service,100000,3659
end_to_end,100000,26313
service,100000,422
end_to_end,100000,24306
service,100000,1577
end_to_end,100000,11914
service,100000,401
end_to_end,800000,20318
service,800000,1928
end_to_end,100000,23558
service,100000,1815
end_to_end,800000,40628
service,800000,9127
end_to_end,800000,22221
service,800000,1201
end_to_end,800000,22490
service,800000,1230
end_to_end,800000,18439
service,800000,1035
end_to_end,800000,14435
service,800000,2984
end_to_end,800000,18654
service,800000,2098
end_to_end,800000,16719
service,800000,3590
end_to_end,100000,22716
service,100000,223
end_to_end,800000,24590
service,800000,910
end_to_end,100000,17513
service,100000,404
end_to_end,100000,22811
service,100000,5454
end_to_end,100000,15350
service,100000,3668
end_to_end,100000,29286
service,100000,702
end_to_end,800000,15494
service,800000,2407
end_to_end,100000,22039
service,100000,1428
end_to_end,800000,19168
service,800000,1656
end_to_end,100000,19126
service,100000,1013
end_to_end,100000,31969
service,100000,3255
end_to_end,100000,29713
service,100000,8482
end_to_end,100000,21436
service,100000,889
end_to_end,100000,28299
service,100000,1777
end_to_end,100000,23499
service,100000,5079
end_to_end,800000,10608
service,800000,410
end_to_end,100000,27036
service,100000,307
end_to_end,800000,22360
service,800000,2753
end_to_end,800000,13596
service,800000,276
end_to_end,100000,18194
service,100000,1127
end_to_end,100000,13919
service,100000,172
end_to_end,100000,21889
service,100000,2367
end_to_end,100000,29185
service,100000,712
end_to_end,800000,22368
service,800000,140
end_to_end,100000,19412
service,100000,1866
end_to_end,100000,23607
service,100000,1924
end_to_end,100000,36953
service,100000,1577
end_to_end,100000,24400
service,100000,597
end_to_end,100000,24179
service,100000,1974
end_to_end,100000,23442
service,100000,3976
end_to_end,800000,19498
service,800000,146
end_to_end,100000,36555
service,100000,3985
end_to_end,800000,10551
service,800000,4464
end_to_end,100000,24251
service,100000,1385
end_to_end,800000,14263
service,800000,725
end_to_end,800000,27192
service,800000,62
end_to_end,100000,14247
service,100000,3694
end_to_end,800000,28225
service,800000,1510
end_to_end,800000,22002
service,800000,1313
end_to_end,800000,31931
service,800000,3864
end_to_end,800000,25216
service,800000,1222
end_to_end,800000,21877
service,800000,4678
end_to_end,100000,18206
service,100000,699
end_to_end,800000,27827
service,800000,10415
end_to_end,800000,13056
service,800000,494
end_to_end,100000,30226
service,100000,1407
end_to_end,800000,15466
service,800000,1309
end_to_end,100000,13948
service,100000,4090
end_to_end,800000,27797
service,800000,2383
end_to_end,100000,23704
service,100000,1079
end_to_end,800000,21579
service,800000,13
end_to_end,800000,20391
service,800000,1573
end_to_end,100000,20749
service,100000,1898
end_to_end,100000,16832
service,100000,68
end_to_end,100000,17420
service,100000,329
end_to_end,800000,16640
service,800000,116
end_to_end,800000,26518
service,800000,2004
end_to_end,100000,16669
service,100000,254
end_to_end,800000,21650
service,800000,1842
end_to_end,100000,21724
service,100000,72
end_to_end,100000,18122
service,100000,166
end_to_end,100000,19772
service,100000,3586
