end_to_end,50000,24229
service,50000,231
end_to_end,500000,35005
service,500000,4259
end_to_end,50000,20218
service,50000,8784
end_to_end,500000,14314
service,500000,4926
end_to_end,50000,16220
service,50000,2869
end_to_end,500000,17006
service,500000,636
end_to_end,500000,26997
service,500000,245
end_to_end,50000,25175
service,50000,5741
end_to_end,500000,15860
service,500000,248
end_to_end,50000,24113
service,50000,11420
end_to_end,50000,21684
service,50000,4079
end_to_end,500000,16525
service,500000,916
end_to_end,50000,18143
service,50000,963
end_to_end,50000,22057
service,50000,1263
end_to_end,50000,17576
service,50000,1488
end_to_end,500000,23975
service,500000,4165
end_to_end,500000,18860
service,500000,2056
end_to_end,500000,25239
service,500000,2331
end_to_end,500000,22801
service,500000,1524
end_to_end,500000,20297
service,500000,103
end_to_end,500000,22006
service,500000,2162
end_to_end,50000,15796
service,50000,2742
end_to_end,500000,21338
service,500000,2274
end_to_end,500000,29539
service,500000,609
end_to_end,50000,23054
service,50000,3877
end_to_end,500000,23388
service,500000,1971
end_to_end,500000,12798
service,500000,1409
end_to_end,50000,15743
service,50000,1288
end_to_end,500000,28315
service,500000,2704
end_to_end,50000,15090
service,50000,2520
end_to_end,500000,41106
service,500000,1233
end_to_end,500000,35395
service,500000,4364
end_to_end,500000,27786
service,500000,3478
end_to_end,50000,26964
service,50000,3784
end_to_end,500000,9881
service,500000,519
end_to_end,500000,18638
service,500000,4025
end_to_end,500000,17981
service,500000,440
end_to_end,50000,16348
service,50000,823
end_to_end,500000,17841
service,500000,1562
end_to_end,500000,16065
service,500000,1017
end_to_end,500000,31465
service,500000,5920
end_to_end,500000,12653
service,500000,2882
end_to_end,50000,29577
service,50000,1124
end_to_end,50000,10821
service,50000,187
end_to_end,50000,18751
service,50000,2119
end_to_end,50000,22505
service,50000,1690
end_to_end,50000,31219
service,50000,690
end_to_end,50000,29204
service,50000,1983
end_to_end,500000,13830
service,500000,1739
end_to_end,500000,24951
service,500000,5078
end_to_end,500000,21811
service,500000,601
end_to_end,50000,17699
service,50000,377
end_to_end,50000,12591
service,50000,1367
end_to_end,500000,24201
service,500000,1505
end_to_end,500000,19377
service,500000,1232
end_to_end,500000,14415
service,500000,2720
end_to_end,50000,9400
service,50000,1578
end_to_end,50000,16037
service,50000,255
end_to_end,500000,29534
service,500000,10416
end_to_end,500000,38925
service,500000,264
end_to_end,500000,26441
service,500000,6971
end_to_end,500000,16017
service,500000,452
end_to_end,50000,40842
service,50000,2521
end_to_end,500000,22858
service,500000,99
end_to_end,500000,18593
service,500000,845
end_to_end,50000,30167
service,50000,6250
end_to_end,500000,28737
service,500000,1628
end_to_end,50000,9070
service,50000,1768
end_to_end,50000,11341
service,50000,308
end_to_end,50000,14991
service,50000,2398
end_to_end,50000,17623
service,50000,831
end_to_end,50000,15352
service,50000,5084
end_to_end,500000,34270
service,500000,1175
end_to_end,500000,9511
service,500000,2094
end_to_end,50000,26270
service,50000,7005
end_to_end,500000,17844
service,500000,2313
end_to_end,50000,14880
service,50000,631
end_to_end,500000,20612
service,500000,1188
end_to_end,50000,25446
service,50000,2249
end_to_end,50000,25388
service,50000,1995
end_to_end,500000,13255
service,500000,378
end_to_end,500000,22444
service,500000,798
end_to_end,50000,35519
service,50000,1756
end_to_end,50000,19160
service,50000,599
end_to_end,50000,28386
service,50000,572
end_to_end,500000,21915
service,500000,86
end_to_end,500000,26405
service,500000,897
end_to_end,500000,12133
service,500000,3652
end_to_end,50000,7740
service,50000,407
end_to_end,500000,43943
service,500000,6456
end_to_end,50000,23963
service,50000,1423
end_to_end,50000,18599
service,50000,1813
end_to_end,500000,15549
service,500000,1264
end_to_end,50000,26013
service,50000,5291
end_to_end,500000,13745
service,500000,1247
end_to_end,50000,17124
service,50000,145
end_to_end,50000,27497
service,50000,8631
end_to_end,500000,17604
service,500000,198
end_to_end,500000,19793
service,500000,688
end_to_end,500000,23034
service,500000,1217
end_to_end,50000,18461
service,50000,54
end_to_end,500000,23707
service,500000,574
end_to_end,50000,17972
service,50000,504
end_to_end,50000,8343
service,50000,596
end_to_end,50000,18580
service,50000,88
end_to_end,500000,20683
service,500000,352
end_to_end,50000,14444
service,50000,616
end_to_end,50000,30532
service,50000,1394
end_to_end,50000,25556
service,50000,4759
end_to_end,50000,10338
service,50000,277
end_to_end,50000,26607
service,50000,6011
end_to_end,500000,21500
service,500000,1504
end_to_end,50000,16852
service,50000,1925
end_to_end,50000,32244
service,50000,570
end_to_end,500000,12832
service,500000,97
end_to_end,50000,18342
service,50000,2547
end_to_end,500000,17288
service,500000,1507
end_to_end,50000,18726
service,50000,328
end_to_end,500000,19106
service,500000,1901
end_to_end,50000,21618
service,50000,2707
end_to_end,50000,17699
service,50000,133
end_to_end,500000,16612
service,500000,1371
end_to_end,50000,17245
service,50000,489
end_to_end,50000,15704
service,50000,874
end_to_end,500000,15867
service,500000,62
end_to_end,500000,19342
service,500000,1340
end_to_end,50000,13741
service,50000,2456
end_to_end,50000,14532
service,50000,2871
end_to_end,500000,26499
service,500000,1691
end_to_end,500000,29736
service,500000,4362
end_to_end,500000,11055
service,500000,410
end_to_end,500000,18082
service,500000,2489
end_to_end,500000,21722
service,500000,3960
end_to_end,500000,18449
service,500000,874
end_to_end,50000,22611
service,50000,851
end_to_end,50000,13436
service,50000,1516
end_to_end,50000,16656
service,50000,1393
end_to_end,500000,19212
service,500000,4892
end_to_end,50000,13022
service,50000,446
end_to_end,50000,11462
service,50000,127
end_to_end,50000,17893
service,50000,967
end_to_end,500000,39750
service,500000,1618
end_to_end,50000,10149
service,50000,490
end_to_end,500000,14414
service,500000,1698
end_to_end,50000,16407
service,50000,2496
end_to_end,500000,26693
service,500000,4963
end_to_end,50000,15884
service,50000,1117
end_to_end,50000,13200
service,50000,3034
end_to_end,500000,20250
service,500000,413
end_to_end,50000,26921
service,50000,3965
end_to_end,500000,18011
service,500000,4954
end_to_end,500000,21604
service,500000,2972
end_to_end,50000,23442
service,50000,951
end_to_end,500000,8895
service,500000,922
end_to_end,500000,20012
service,500000,4278
end_to_end,50000,21332
service,50000,1212
end_to_end,500000,20570
service,500000,6130
end_to_end,50000,28054
service,50000,2218
end_to_end,500000,43480
service,500000,1008
end_to_end,500000,32555
service,500000,3682
end_to_end,500000,23091
service,500000,43
end_to_end,500000,14410
service,500000,683
end_to_end,500000,19326
service,500000,2049
end_to_end,50000,15082
service,50000,125
end_to_end,500000,19080
service,500000,547
end_to_end,500000,17191
service,500000,291
end_to_end,50000,24714
service,50000,3576
end_to_end,500000,30778
service,500000,8467
end_to_end,50000,15673
service,50000,1063
end_to_end,500000,15908
service,500000,449
end_to_end,500000,32494
service,500000,5340
end_to_end,50000,19395
service,50000,395
end_to_end,500000,20878
service,500000,1867
end_to_end,50000,22004
service,50000,1166
end_to_end,50000,27470
service,50000,554
end_to_end,500000,15355
service,500000,1214
end_to_end,50000,25973
service,50000,2147
end_to_end,500000,29056
service,500000,689
end_to_end,50000,25452
service,50000,589
end_to_end,50000,17978
service,50000,491
end_to_end,50000,12563
service,50000,778
end_to_end,50000,13972
service,50000,751
end_to_end,50000,16581
service,50000,1208
end_to_end,500000,18246
service,500000,461
end_to_end,50000,17287
service,50000,1931
end_to_end,50000,26177
service,50000,3382
end_to_end,500000,23661
service,500000,3832
end_to_end,500000,11398
service,500000,2962
end_to_end,500000,32374
service,500000,973
end_to_end,500000,25370
service,500000,1840
end_to_end,500000,16911
service,500000,423
end_to_end,500000,20044
service,500000,2477
end_to_end,50000,20415
service,50000,600
end_to_end,500000,17416
service,500000,956
end_to_end,500000,18999
service,500000,2907
end_to_end,50000,21627
service,50000,809
end_to_end,500000,16912
service,500000,1748
end_to_end,500000,24118
service,500000,1936
end_to_end,50000,15927
service,50000,3985
end_to_end,500000,27148
service,500000,557
end_to_end,50000,20743
service,50000,1419
end_to_end,500000,10645
service,500000,3738
end_to_end,50000,18268
service,50000,2998
end_to_end,50000,7954
service,50000,68
end_to_end,500000,14031
service,500000,40
end_to_end,500000,23062
service,500000,2390
end_to_end,500000,17884
service,500000,845
end_to_end,50000,20715
service,50000,1639
end_to_end,500000,14518
service,500000,1756
end_to_end,50000,22051
service,50000,566
end_to_end,50000,22894
service,50000,5777
end_to_end,500000,36098
service,500000,611
end_to_end,500000,17554
service,500000,243
end_to_end,500000,15787
service,500000,2242
end_to_end,500000,21553
service,500000,1906
end_to_end,500000,23442
service,500000,4332
end_to_end,500000,11651
service,500000,530
end_to_end,50000,16760
service,50000,2243
end_to_end,500000,20743
service,500000,3453
end_to_end,50000,17862
service,50000,176
end_to_end,50000,23307
service,50000,4131
end_to_end,500000,21655
service,500000,115
end_to_end,50000,24079
service,50000,3736
end_to_end,500000,30094
service,500000,2283
end_to_end,500000,12990
service,500000,198
end_to_end,500000,10319
service,500000,21
end_to_end,50000,11786
service,50000,62
end_to_end,500000,19951
service,500000,1761
end_to_end,500000,29382
service,500000,6199
end_to_end,50000,33568
service,50000,3126
end_to_end,50000,14083
service,50000,431
end_to_end,500000,18740
service,500000,2481
end_to_end,50000,16109
service,50000,1598
end_to_end,500000,23484
service,500000,4656
end_to_end,50000,19713
service,50000,595
end_to_end,50000,19611
service,50000,419
end_to_end,500000,25146
service,500000,468
end_to_end,50000,18406
service,50000,2188
end_to_end,50000,28314
service,50000,12182
end_to_end,500000,21574
service,500000,2116
end_to_end,500000,33361
service,500000,5077
end_to_end,50000,16013
service,50000,3594
end_to_end,500000,24356
service,500000,439
end_to_end,500000,17052
service,500000,2066
end_to_end,500000,32615
service,500000,6135
end_to_end,50000,15079
service,50000,4847
end_to_end,500000,19184
service,500000,1126
end_to_end,500000,21512
service,500000,6851
end_to_end,50000,35883
service,50000,9309
end_to_end,50000,32405
service,50000,669
end_to_end,50000,23274
service,50000,100
end_to_end,500000,13292
service,500000,87
end_to_end,50000,33716
service,50000,9293
end_to_end,50000,23195
service,50000,253
end_to_end,50000,22114
service,50000,1792
end_to_end,500000,26932
service,500000,392
end_to_end,50000,17383
service,50000,2002
end_to_end,500000,20572
service,500000,6412
end_to_end,50000,25004
service,50000,10541
end_to_end,500000,18969
service,500000,750
end_to_end,50000,20282
service,50000,371
end_to_end,50000,22127
service,50000,50
end_to_end,50000,29101
service,50000,883
end_to_end,50000,15620
service,50000,4028
end_to_end,500000,10781
service,500000,2307
end_to_end,50000,22442
service,50000,303
end_to_end,50000,25408
service,50000,6592
end_to_end,50000,22966
service,50000,344
end_to_end,500000,25569
service,500000,325
end_to_end,500000,23320
service,500000,1157
end_to_end,50000,27252
service,50000,4558
end_to_end,500000,18519
service,500000,875
end_to_end,50000,19471
service,50000,2038
end_to_end,500000,20221
service,500000,623
end_to_end,500000,13480
service,500000,1232
end_to_end,500000,21407
service,500000,5054
end_to_end,500000,15204
service,500000,1465
end_to_end,50000,12348
service,50000,2871
end_to_end,500000,15725
service,500000,2314
end_to_end,500000,29517
service,500000,1601
end_to_end,50000,22169
service,50000,76
end_to_end,50000,14571
service,50000,137
end_to_end,50000,28733
service,50000,275
end_to_end,500000,17894
service,500000,334
end_to_end,500000,32062
service,500000,1330
end_to_end,50000,30869
service,50000,1265
end_to_end,500000,22290
service,500000,2521
end_to_end,50000,31142
service,50000,372
end_to_end,50000,33603
service,50000,5148
end_to_end,500000,15689
service,500000,897
end_to_end,500000,23403
service,500000,2401
end_to_end,50000,15833
service,50000,488
end_to_end,50000,18498
service,50000,2476
end_to_end,50000,20255
service,50000,670
end_to_end,500000,13660
service,500000,457
end_to_end,50000,25764
service,50000,556
end_to_end,50000,23062
service,50000,679
end_to_end,50000,17664
service,50000,1159
end_to_end,500000,28157
service,500000,4484
end_to_end,500000,24241
service,500000,68
end_to_end,50000,19465
service,50000,197
end_to_end,500000,22272
service,500000,459
end_to_end,500000,23947
service,500000,6462
end_to_end,50000,12275
service,50000,210
end_to_end,500000,26541
service,500000,1359
end_to_end,500000,27808
service,500000,97
end_to_end,50000,23622
service,50000,314
end_to_end,500000,6934
service,500000,1710
end_to_end,500000,20713
service,500000,4233
end_to_end,50000,28375
service,50000,94
end_to_end,50000,17541
service,50000,1209
end_to_end,50000,9698
service,50000,2317
end_to_end,50000,36434
service,50000,3616
end_to_end,50000,12850
service,50000,307
end_to_end,50000,25935
service,50000,1220
end_to_end,500000,21994
service,500000,270
end_to_end,500000,25879
service,500000,351
end_to_end,500000,19110
service,500000,121
end_to_end,50000,25166
service,50000,2032
end_to_end,50000,19156
service,50000,1541
end_to_end,50000,18321
service,50000,2456
end_to_end,50000,16008
service,50000,745
end_to_end,500000,30726
service,500000,1214
end_to_end,500000,12793
service,500000,989
end_to_end,50000,28475
service,50000,244
end_to_end,500000,26435
service,500000,469
end_to_end,50000,15629
service,50000,467
end_to_end,50000,19628
service,50000,3
end_to_end,50000,19666
service,50000,2647
end_to_end,500000,20402
service,500000,100
end_to_end,50000,10334
service,50000,2268
end_to_end,50000,13919
service,50000,1720
end_to_end,500000,20200
service,500000,4459
end_to_end,50000,26625
service,50000,1818
end_to_end,50000,24249
service,50000,2124
end_to_end,50000,13566
service,50000,2062
end_to_end,50000,19883
service,50000,5449
end_to_end,500000,27440
service,500000,4278
end_to_end,500000,33757
service,500000,1094
end_to_end,500000,25678
service,500000,284
end_to_end,50000,22692
service,50000,950
end_to_end,500000,12873
service,500000,1557
end_to_end,500000,25526
service,500000,772
end_to_end,50000,18316
service,50000,1388
end_to_end,500000,21944
service,500000,180
end_to_end,500000,18876
service,500000,2543
end_to_end,50000,16005
service,50000,1968
end_to_end,50000,17969
service,50000,618
end_to_end,500000,15226
service,500000,675
end_to_end,500000,20385
service,500000,942
end_to_end,500000,20111
service,500000,3527
end_to_end,500000,12341
service,500000,26
end_to_end,50000,19196
service,50000,418
end_to_end,500000,21253
service,500000,2092
end_to_end,500000,20802
service,500000,8109
end_to_end,50000,19557
service,50000,646
end_to_end,50000,17738
service,50000,657
end_to_end,50000,23619
service,50000,3564
end_to_end,500000,30948
service,500000,700
end_to_end,500000,24258
service,500000,1797
end_to_end,500000,10989
service,500000,2147
end_to_end,50000,30155
service,50000,2461
end_to_end,50000,37502
service,50000,169
end_to_end,50000,9243
service,50000,62
end_to_end,500000,18800
service,500000,775
end_to_end,50000,23795
service,50000,2916
end_to_end,50000,13160
service,50000,3296
end_to_end,50000,22199
service,50000,3880
end_to_end,50000,24364
service,50000,2448
end_to_end,50000,19273
service,50000,133
end_to_end,50000,16297
service,50000,645
end_to_end,50000,26746
service,50000,1515
end_to_end,50000,32571
service,50000,180
end_to_end,50000,10097
service,50000,1659
end_to_end,500000,40625
service,500000,1224
end_to_end,500000,16250
service,500000,379
end_to_end,50000,16433
service,50000,249
end_to_end,50000,16642
service,50000,2189
end_to_end,50000,18121
service,50000,1721
end_to_end,500000,19725
service,500000,545
end_to_end,50000,15455
service,50000,875
end_to_end,50000,27688
service,50000,4920
end_to_end,500000,30130
service,500000,2441
end_to_end,500000,23017
service,500000,1214
end_to_end,500000,30517
service,500000,2842
end_to_end,50000,22946
service,50000,252
end_to_end,500000,14992
service,500000,716
end_to_end,500000,19958
service,500000,1854
end_to_end,500000,16658
service,500000,486
end_to_end,500000,38983
service,500000,2709
end_to_end,500000,16788
service,500000,1617
end_to_end,50000,18859
service,50000,1389
end_to_end,50000,24343
service,50000,1025
end_to_end,500000,15804
service,500000,1361
end_to_end,50000,16032
service,50000,2472
end_to_end,500000,27239
service,500000,586
end_to_end,50000,23038
service,50000,4490
end_to_end,500000,16436
service,500000,3516
end_to_end,50000,19068
service,50000,93
end_to_end,500000,22804
service,500000,9042
end_to_end,50000,19918
service,50000,2170
end_to_end,500000,9613
service,500000,169
end_to_end,500000,27491
service,500000,2045
end_to_end,50000,18170
service,50000,1112
end_to_end,50000,11179
service,50000,411
end_to_end,500000,26608
service,500000,967
end_to_end,500000,20267
service,500000,3064
end_to_end,500000,21292
service,500000,417
end_to_end,500000,16593
service,500000,3644
end_to_end,500000,19150
service,500000,875
end_to_end,50000,19723
service,50000,218
end_to_end,50000,9098
service,50000,1517
end_to_end,50000,21831
service,50000,126
end_to_end,500000,15865
service,500000,647
end_to_end,50000,20885
service,50000,1099
end_to_end,50000,12782
service,50000,2577
end_to_end,50000,17115
service,50000,78
end_to_end,50000,20553
service,50000,235
end_to_end,50000,24693
service,50000,410
end_to_end,500000,12670
service,500000,2184
end_to_end,500000,19057
service,500000,5328
end_to_end,50000,20122
service,50000,3125
end_to_end,50000,20826
service,50000,1661
end_to_end,500000,14728
service,500000,1070
end_to_end,500000,11851
service,500000,2975
end_to_end,50000,18183
service,50000,1002
end_to_end,500000,22738
service,500000,1818
end_to_end,50000,15377
service,50000,580
end_to_end,50000,28348
service,50000,420
end_to_end,500000,6923
service,500000,225
end_to_end,50000,26127
service,50000,1873
end_to_end,500000,20088
service,500000,2022
end_to_end,50000,34260
service,50000,619
end_to_end,500000,34285
service,500000,1597
end_to_end,500000,39958
service,500000,518
end_to_end,50000,15098
service,50000,3273
end_to_end,50000,16810
service,50000,3426
end_to_end,50000,14893
service,50000,331
end_to_end,50000,14220
service,50000,1341
end_to_end,500000,27551
service,500000,64
end_to_end,500000,11036
service,500000,530
end_to_end,50000,25292
service,50000,2510
end_to_end,50000,9737
service,50000,2050
end_to_end,500000,24816
service,500000,962
end_to_end,500000,19573
service,500000,3053
end_to_end,50000,23370
service,50000,145
end_to_end,50000,17897
service,50000,593
end_to_end,50000,17688
service,50000,4896
end_to_end,50000,22185
service,50000,788
end_to_end,50000,16402
service,50000,6
end_to_end,50000,21247
service,50000,662
end_to_end,50000,15366
service,50000,947
end_to_end,500000,21868
service,500000,2246
end_to_end,500000,30567
service,500000,635
end_to_end,50000,15469
service,50000,916
end_to_end,50000,17664
service,50000,326
end_to_end,50000,20399
service,50000,987
end_to_end,50000,16685
service,50000,2389
end_to_end,50000,15703
service,50000,2325
end_to_end,500000,13501
service,500000,1674
end_to_end,500000,12833
service,500000,990
end_to_end,500000,15250
service,500000,5864
end_to_end,500000,11296
service,500000,371
end_to_end,50000,21432
service,50000,657
end_to_end,50000,25979
service,50000,4438
end_to_end,50000,20697
service,50000,2060
end_to_end,50000,13272
service,50000,198
end_to_end,500000,26095
service,500000,878
end_to_end,500000,24116
service,500000,609
end_to_end,500000,19397
service,500000,614
end_to_end,500000,23708
service,500000,2534
end_to_end,50000,19034
service,50000,791
end_to_end,50000,24880
service,50000,478
end_to_end,50000,18557
service,50000,5611
end_to_end,50000,27471
service,50000,5082
end_to_end,50000,29870
service,50000,1823
end_to_end,50000,15158
service,50000,303
end_to_end,50000,37493
service,50000,595
end_to_end,50000,18520
service,50000,1772
end_to_end,500000,22634
service,500000,5232
end_to_end,50000,25037
service,50000,276
end_to_end,50000,22677
service,50000,3281
end_to_end,50000,20873
service,50000,4776
end_to_end,50000,30252
service,50000,4257
end_to_end,500000,28416
service,500000,5480
end_to_end,50000,20595
service,50000,967
end_to_end,50000,18896
service,50000,941
end_to_end,500000,33679
service,500000,393
end_to_end,50000,22493
service,50000,1342
end_to_end,50000,34320
service,50000,7762
end_to_end,50000,22591
service,50000,3142
end_to_end,500000,16358
service,500000,2225
end_to_end,500000,19857
service,500000,444
end_to_end,50000,25087
service,50000,1687
end_to_end,500000,25397
service,500000,3577
end_to_end,500000,10219
service,500000,2548
end_to_end,50000,36034
service,50000,518
end_to_end,500000,16513
service,500000,747
end_to_end,500000,28873
service,500000,9052
end_to_end,50000,12540
service,50000,1090
end_to_end,50000,10891
service,50000,52
end_to_end,50000,36040
service,50000,340
end_to_end,50000,26409
service,50000,3609
end_to_end,50000,10015
service,50000,1025
end_to_end,500000,25974
service,500000,3783
end_to_end,500000,21509
service,500000,2013
end_to_end,500000,15475
service,500000,437
end_to_end,500000,23018
service,500000,3498
end_to_end,500000,21736
service,500000,969
end_to_end,50000,34010
service,50000,411
end_to_end,50000,18462
service,50000,2633
end_to_end,50000,16092
service,50000,687
end_to_end,50000,27623
service,50000,100
end_to_end,500000,17957
service,500000,824
end_to_end,50000,19483
service,50000,1953
end_to_end,500000,21542
service,500000,3620
end_to_end,50000,21884
service,50000,971
end_to_end,50000,22224
service,50000,2404
end_to_end,50000,13228
service,50000,2076
end_to_end,50000,23930
service,50000,789
end_to_end,500000,17521
service,500000,74
end_to_end,50000,10939
service,50000,404
end_to_end,50000,25740
service,50000,411
end_to_end,50000,19299
service,50000,31
end_to_end,50000,14537
service,50000,1090
end_to_end,500000,18163
service,500000,1378
end_to_end,50000,26245
service,50000,955
end_to_end,500000,19429
service,500000,1770
end_to_end,500000,34390
service,500000,787
end_to_end,500000,40102
service,500000,6121
end_to_end,500000,12861
service,500000,3239
end_to_end,500000,6318
service,500000,294
end_to_end,50000,24669
service,50000,5452
end_to_end,500000,29214
service,500000,7349
end_to_end,50000,17514
service,50000,1410
end_to_end,50000,9710
service,50000,1100
end_to_end,50000,26082
service,50000,2810
end_to_end,50000,14991
service,50000,695
end_to_end,50000,19282
service,50000,61
end_to_end,50000,16099
service,50000,366
end_to_end,50000,32748
service,50000,790
end_to_end,500000,15080
service,500000,1574
end_to_end,50000,14731
service,50000,675
end_to_end,50000,30451
service,50000,733
end_to_end,500000,22841
service,500000,229
end_to_end,500000,25835
service,500000,9301
end_to_end,500000,16532
service,500000,1353
end_to_end,50000,17580
service,50000,1023
end_to_end,500000,12832
service,500000,732
end_to_end,50000,13778
service,50000,186
end_to_end,500000,17418
service,500000,1338
end_to_end,50000,27953
service,50000,2604
end_to_end,50000,16223
service,50000,4771
end_to_end,500000,21591
service,500000,1338
end_to_end,50000,20196
service,50000,3920
end_to_end,50000,15789
service,50000,595
end_to_end,500000,26761
service,500000,1757
end_to_end,500000,19982
service,500000,3361
end_to_end,50000,16150
service,50000,771
end_to_end,50000,38314
service,50000,2801
end_to_end,50000,27344
service,50000,6663
end_to_end,50000,9237
service,50000,295
end_to_end,500000,17251
service,500000,1178
end_to_end,50000,21745
service,50000,168
end_to_end,50000,15170
service,50000,89
end_to_end,50000,34319
service,50000,1657
end_to_end,500000,20042
service,500000,162
end_to_end,500000,15792
service,500000,735
end_to_end,50000,9625
service,50000,1408
end_to_end,500000,12914
service,500000,541
end_to_end,500000,6396
service,500000,1705
end_to_end,500000,16513
service,500000,1069
end_to_end,50000,20524
service,50000,2179
end_to_end,500000,26041
service,500000,5957
end_to_end,500000,24992
service,500000,1112
end_to_end,500000,24422
service,500000,2732
end_to_end,50000,16024
service,50000,1639
end_to_end,50000,17627
service,50000,1409
end_to_end,500000,25014
service,500000,4470
end_to_end,50000,18725
service,50000,1749
end_to_end,500000,13729
service,500000,220
end_to_end,50000,23370
service,50000,7260
end_to_end,50000,20277
service,50000,557
end_to_end,500000,20231
service,500000,2534
end_to_end,50000,32490
service,50000,17
end_to_end,500000,7101
service,500000,1095
end_to_end,500000,8176
service,500000,3056
end_to_end,50000,11789
service,50000,2997
end_to_end,50000,25355
service,50000,2225
end_to_end,500000,25492
service,500000,1101
end_to_end,500000,21900
service,500000,355
end_to_end,500000,23696
service,500000,162
end_to_end,50000,23618
service,50000,1627
end_to_end,50000,17774
service,50000,1688
end_to_end,50000,32758
service,50000,1475
end_to_end,500000,17128
service,500000,1800
end_to_end,500000,25952
service,500000,1412
end_to_end,500000,12683
service,500000,839
end_to_end,50000,22930
service,50000,810
end_to_end,500000,17710
service,500000,1896
end_to_end,50000,8958
service,50000,48
end_to_end,500000,27465
service,500000,603
end_to_end,50000,26140
service,50000,5548
end_to_end,50000,16017
service,50000,843
end_to_end,500000,22696
service,500000,1877
end_to_end,500000,31885
service,500000,2335
end_to_end,500000,13598
service,500000,2203
end_to_end,50000,25894
service,50000,529
end_to_end,50000,8610
service,50000,4
end_to_end,500000,19894
service,500000,514
end_to_end,500000,13816
service,500000,1505
end_to_end,500000,23756
service,500000,4719
end_to_end,500000,24117
service,500000,1192
end_to_end,500000,26345
service,500000,220
end_to_end,500000,31884
service,500000,13670
end_to_end,500000,21793
service,500000,2044
end_to_end,500000,31803
service,500000,602
end_to_end,50000,15173
service,50000,811
end_to_end,500000,16711
service,500000,1533
end_to_end,50000,22074
service,50000,7713
end_to_end,50000,30884
service,50000,279
end_to_end,50000,20681
service,50000,1564
end_to_end,50000,33058
service,50000,4334
end_to_end,50000,20486
service,50000,332
end_to_end,50000,13343
service,50000,2047
end_to_end,50000,26248
service,50000,5770
end_to_end,500000,18290
service,500000,3627
end_to_end,50000,17457
service,50000,4962
end_to_end,500000,20805
service,500000,5401
end_to_end,500000,7970
service,500000,2182
end_to_end,500000,16846
service,500000,1712
end_to_end,50000,36136
service,50000,6129
end_to_end,50000,23478
service,50000,657
end_to_end,50000,13398
service,50000,1011
end_to_end,500000,20197
service,500000,3231
end_to_end,500000,28974
service,500000,2620
end_to_end,50000,18258
service,50000,322
end_to_end,50000,15320
service,50000,2616
end_to_end,500000,19294
service,500000,336
end_to_end,500000,10262
service,500000,780
end_to_end,500000,19796
service,500000,900
end_to_end,50000,26152
service,50000,2130
end_to_end,500000,20800
service,500000,1075
end_to_end,500000,10040
service,500000,2332
end_to_end,50000,19293
service,50000,1551
end_to_end,50000,17453
service,50000,4439
end_to_end,500000,9853
service,500000,33
end_to_end,50000,16375
service,50000,2596
end_to_end,500000,16263
service,500000,2221
end_to_end,50000,22463
service,50000,5907
end_to_end,500000,20848
service,500000,97
end_to_end,50000,20494
service,50000,1470
end_to_end,500000,38876
service,500000,7977
end_to_end,50000,30834
service,50000,74
end_to_end,50000,24235
service,50000,4796
end_to_end,50000,20670
service,50000,454
end_to_end,50000,25350
service,50000,3458
end_to_end,500000,27914
service,500000,754
end_to_end,50000,15702
service,50000,17
end_to_end,500000,31138
service,500000,2409
end_to_end,50000,12104
service,50000,284
end_to_end,50000,8921
service,50000,1062
end_to_end,500000,18580
service,500000,1301
end_to_end,500000,19061
service,500000,4307
end_to_end,50000,14809
service,50000,1733
end_to_end,500000,15084
service,500000,161
end_to_end,50000,23462
service,50000,455
end_to_end,50000,9610
service,50000,203
end_to_end,500000,22531
service,500000,1463
end_to_end,500000,21651
service,500000,1593
end_to_end,500000,34568
service,500000,737
end_to_end,500000,15885
service,500000,479
end_to_end,500000,40223
service,500000,4088
end_to_end,50000,52683
service,50000,1338
end_to_end,50000,27647
service,50000,843
end_to_end,50000,27844
service,50000,1454
end_to_end,50000,25396
service,50000,1663
end_to_end,500000,24370
service,500000,6093
end_to_end,500000,42036
service,500000,5878
end_to_end,50000,12490
service,50000,2731
end_to_end,50000,11663
service,50000,1918
end_to_end,50000,17793
service,50000,4146
end_to_end,50000,13516
service,50000,1142
end_to_end,50000,14838
service,50000,1009
end_to_end,50000,24225
service,50000,3321
end_to_end,500000,24415
service,500000,3008
end_to_end,500000,19930
service,500000,409
end_to_end,50000,31310
service,50000,3170
end_to_end,500000,15351
service,500000,1440
end_to_end,50000,22497
service,50000,3709
end_to_end,50000,24274
service,50000,2831
end_to_end,500000,21161
service,500000,945
end_to_end,50000,15110
service,50000,3278
end_to_end,50000,16294
service,50000,474
end_to_end,500000,19395
service,500000,383
end_to_end,50000,15914
service,50000,4537
end_to_end,500000,14929
service,500000,69
end_to_end,500000,25516
service,500000,2111
end_to_end,500000,11535
service,500000,486
end_to_end,50000,26026
service,50000,4252
end_to_end,50000,15701
service,50000,554
end_to_end,500000,19840
service,500000,3757
end_to_end,500000,20379
service,500000,6092
end_to_end,50000,13214
service,50000,971
end_to_end,50000,25588
service,50000,5505
end_to_end,50000,22198
service,50000,10247
end_to_end,50000,18921
service,50000,2970
end_to_end,50000,22616
service,50000,667
end_to_end,50000,19812
service,50000,2377
end_to_end,500000,20007
service,500000,2124
end_to_end,500000,22681
service,500000,1264
end_to_end,500000,12325
service,500000,127
end_to_end,50000,16008
service,50000,1100
end_to_end,500000,17150
service,500000,85
end_to_end,500000,10330
service,500000,2167
end_to_end,50000,17338
service,50000,1231
end_to_end,50000,12928
service,50000,890
end_to_end,50000,25576
service,50000,2438
end_to_end,50000,25361
service,50000,2108
end_to_end,50000,26285
service,50000,1978
end_to_end,500000,28336
service,500000,879
end_to_end,50000,13424
service,50000,583
end_to_end,50000,13065
service,50000,3945
end_to_end,50000,21368
service,50000,2436
end_to_end,500000,12445
service,500000,1570
end_to_end,50000,26769
service,50000,84
end_to_end,50000,29942
service,50000,4594
end_to_end,50000,14012
service,50000,388
end_to_end,50000,21083
service,50000,919
end_to_end,500000,24911
service,500000,2715
end_to_end,50000,14569
service,50000,511
end_to_end,500000,19923
service,500000,161
end_to_end,500000,19296
service,500000,4417
end_to_end,500000,12539
service,500000,1220
end_to_end,50000,13743
service,50000,6063
end_to_end,500000,36198
service,500000,6691
end_to_end,50000,19782
service,50000,6257
end_to_end,50000,13576
service,50000,1489
end_to_end,500000,15914
service,500000,3467
end_to_end,50000,17434
service,50000,1701
end_to_end,500000,26106
service,500000,2184
end_to_end,500000,21964
service,500000,1108
end_to_end,50000,18041
service,50000,133
end_to_end,50000,17148
service,50000,479
end_to_end,50000,19931
service,50000,2510
end_to_end,500000,23657
service,500000,876
end_to_end,50000,18160
service,50000,1349
end_to_end,50000,17058
service,50000,1185
end_to_end,50000,16373
service,50000,3868
end_to_end,50000,18824
service,50000,3686
end_to_end,500000,18391
service,500000,2381
end_to_end,500000,10998
service,500000,2908
end_to_end,50000,28091
service,50000,6027
end_to_end,500000,17447
service,500000,1518
end_to_end,50000,21834
service,50000,205
end_to_end,50000,19961
service,50000,75
end_to_end,50000,13078
service,50000,2106
end_to_end,50000,12004
service,50000,1234
end_to_end,500000,18944
service,500000,1348
end_to_end,500000,19416
service,500000,3273
end_to_end,50000,27463
service,50000,1939
end_to_end,500000,28461
service,500000,639
end_to_end,500000,18701
service,500000,10793
end_to_end,500000,34501
service,500000,3227
end_to_end,500000,33854
service,500000,878
end_to_end,50000,25412
service,50000,1608
end_to_end,50000,18029
service,50000,2003
end_to_end,50000,23761
service,50000,8262
end_to_end,50000,8714
service,50000,527
end_to_end,50000,21089
service,50000,296
end_to_end,500000,27828
service,500000,611
end_to_end,50000,14631
service,50000,32
end_to_end,500000,16920
service,500000,6107
end_to_end,500000,17390
service,500000,1125
end_to_end,500000,17203
service,500000,1948
end_to_end,500000,38118
service,500000,2433
end_to_end,50000,13985
service,50000,1157
end_to_end,500000,19116
service,500000,1495
end_to_end,500000,17725
service,500000,260
end_to_end,500000,29504
service,500000,1462
end_to_end,50000,13328
service,50000,950
end_to_end,500000,19555
service,500000,2086
end_to_end,50000,36591
service,50000,4450
end_to_end,50000,23013
service,50000,1496
end_to_end,500000,28311
service,500000,658
end_to_end,500000,20123
service,500000,63
end_to_end,50000,18860
service,50000,196
end_to_end,50000,23802
service,50000,929
end_to_end,500000,21290
service,500000,1191
end_to_end,500000,37641
service,500000,3177
end_to_end,500000,15140
service,500000,519
end_to_end,50000,14998
service,50000,2640
end_to_end,50000,15069
service,50000,3890
end_to_end,50000,24693
service,50000,429
end_to_end,500000,26437
service,500000,2969
end_to_end,50000,8172
service,50000,226
end_to_end,50000,14616
service,50000,588
end_to_end,50000,24657
service,50000,1846
end_to_end,500000,19071
service,500000,2161
end_to_end,500000,35448
service,500000,8369
end_to_end,500000,18612
service,500000,1830
end_to_end,500000,11857
service,500000,1062
end_to_end,50000,13539
service,50000,2043
end_to_end,50000,33594
service,50000,1370
end_to_end,50000,27281
service,50000,2803
end_to_end,50000,28418
service,50000,195
end_to_end,500000,26668
service,500000,259
end_to_end,50000,41740
service,50000,1602
end_to_end,50000,25083
service,50000,3251
end_to_end,500000,14007
service,500000,938
end_to_end,50000,21696
service,50000,1506
end_to_end,50000,15087
service,50000,179
end_to_end,50000,29609
service,50000,1919
end_to_end,500000,20567
service,500000,542
end_to_end,500000,30692
service,500000,1493
end_to_end,50000,20289
service,50000,2071
end_to_end,50000,12185
service,50000,397
end_to_end,500000,19966
service,500000,3052
end_to_end,50000,27247
service,50000,3780
end_to_end,500000,24715
service,500000,6191
end_to_end,500000,20325
service,500000,2489
end_to_end,50000,21536
service,50000,4065
end_to_end,500000,13959
service,500000,2587
end_to_end,500000,15304
service,500000,2552
end_to_end,50000,12141
service,50000,1038
end_to_end,500000,22579
service,500000,1547
end_to_end,500000,23979
service,500000,775
end_to_end,50000,17658
service,50000,1762
end_to_end,50000,24923
service,50000,2017
end_to_end,500000,15080
service,500000,173
end_to_end,500000,27477
service,500000,1592
end_to_end,50000,24380
service,50000,1994
end_to_end,50000,15161
service,50000,1867
end_to_end,50000,15009
service,50000,87
end_to_end,50000,22212
service,50000,4361
end_to_end,500000,25133
service,500000,165
end_to_end,500000,37263
service,500000,1769
end_to_end,500000,20737
service,500000,8368
end_to_end,50000,26920
service,50000,522
end_to_end,50000,17342
service,50000,2072
end_to_end,50000,25718
service,50000,1685
end_to_end,500000,41201
service,500000,2194
end_to_end,500000,34611
service,500000,2098
end_to_end,500000,42302
service,500000,3571
end_to_end,50000,21339
service,50000,619
end_to_end,50000,31506
service,50000,2851
end_to_end,500000,21706
service,500000,570
end_to_end,50000,23169
service,50000,5360
end_to_end,50000,38762
service,50000,1411
end_to_end,50000,23089
service,50000,808
end_to_end,50000,29420
service,50000,2247
end_to_end,50000,34441
service,50000,904
end_to_end,50000,19979
service,50000,1688
end_to_end,500000,20175
service,500000,717
end_to_end,500000,34531
service,500000,3092
end_to_end,500000,14724
service,500000,390
end_to_end,50000,26627
service,50000,2752
end_to_end,500000,27029
service,500000,396
end_to_end,500000,12020
service,500000,1049
end_to_end,50000,35505
service,50000,3777
end_to_end,50000,16860
service,50000,264
end_to_end,500000,22126
service,500000,2242
end_to_end,500000,24005
service,500000,2322
end_to_end,500000,19357
service,500000,365
end_to_end,50000,24594
service,50000,611
end_to_end,50000,16717
service,50000,397
end_to_end,50000,29493
service,50000,5484
end_to_end,500000,22713
service,500000,3060
end_to_end,50000,26246
service,50000,5923
end_to_end,50000,12569
service,50000,2377
end_to_end,500000,27057
service,500000,1406
end_to_end,50000,8912
service,50000,1338
end_to_end,500000,21616
service,500000,539
end_to_end,500000,15978
service,500000,575
end_to_end,500000,7830
service,500000,193
end_to_end,500000,21702
service,500000,747
end_to_end,50000,27734
service,50000,1127
end_to_end,50000,24489
service,50000,1057
end_to_end,500000,27548
service,500000,3407
end_to_end,500000,37686
service,500000,8932
end_to_end,500000,26424
service,500000,1853
end_to_end,500000,26313
service,500000,5552
end_to_end,50000,12893
service,50000,1463
end_to_end,50000,13313
service,50000,6551
end_to_end,500000,24042
service,500000,50
end_to_end,50000,20196
service,50000,3649
end_to_end,500000,30601
service,500000,321
end_to_end,50000,34071
service,50000,1430
end_to_end,500000,19257
service,500000,682
end_to_end,500000,15128
service,500000,2145
end_to_end,500000,22597
service,500000,4949
end_to_end,50000,22257
service,50000,4909
end_to_end,500000,38409
service,500000,1762
end_to_end,50000,19655
service,50000,1279
end_to_end,50000,31842
service,50000,8530
end_to_end,50000,25425
service,50000,2392
end_to_end,50000,22738
service,50000,1042
end_to_end,50000,11784
service,50000,1219
end_to_end,50000,10342
service,50000,932
end_to_end,50000,19528
service,50000,2168
end_to_end,50000,28618
service,50000,885
end_to_end,500000,35712
service,500000,2758
end_to_end,500000,24044
service,500000,5240
end_to_end,500000,16863
service,500000,107
end_to_end,500000,27275
service,500000,4975
end_to_end,500000,16070
service,500000,1670
end_to_end,500000,24160
service,500000,921
end_to_end,50000,18763
service,50000,5145
end_to_end,50000,30993
service,50000,4092
end_to_end,500000,15464
service,500000,586
end_to_end,500000,11968
service,500000,543
end_to_end,500000,25716
service,500000,635
end_to_end,50000,24666
service,50000,4948
end_to_end,50000,24236
service,50000,2323
end_to_end,500000,16466
service,500000,2705
end_to_end,50000,25736
service,50000,2381
end_to_end,500000,19142
service,500000,3746
end_to_end,500000,17099
service,500000,1807
end_to_end,50000,28101
service,50000,1879
end_to_end,500000,18495
service,500000,1973
end_to_end,50000,34285
service,50000,3466
end_to_end,500000,12404
service,500000,1857
end_to_end,50000,25839
service,50000,1394
end_to_end,500000,22728
service,500000,841
end_to_end,500000,22095
service,500000,353
end_to_end,50000,16260
service,50000,1966
end_to_end,500000,15355
service,500000,1739
end_to_end,500000,15122
service,500000,26
end_to_end,500000,19803
service,500000,1382
end_to_end,50000,36205
service,50000,4211
end_to_end,500000,15842
service,500000,195
end_to_end,500000,14540
service,500000,11
end_to_end,500000,25721
service,500000,2114
end_to_end,500000,28546
service,500000,606
end_to_end,50000,16299
service,50000,3522
end_to_end,500000,18696
service,500000,760
end_to_end,500000,27433
service,500000,1479
end_to_end,50000,13812
service,50000,613
end_to_end,50000,26925
service,50000,1212
end_to_end,500000,15643
service,500000,725
end_to_end,50000,25441
service,50000,3891
end_to_end,500000,14231
service,500000,2187
end_to_end,500000,16230
service,500000,2915
end_to_end,500000,17310
service,500000,3136
end_to_end,50000,24567
service,50000,886
end_to_end,50000,12101
service,50000,2262
end_to_end,50000,14256
service,50000,1319
end_to_end,50000,17464
service,50000,2398
end_to_end,500000,17155
service,500000,1800
end_to_end,50000,29387
service,50000,721
end_to_end,50000,22685
service,50000,3804
end_to_end,50000,23035
service,50000,3795
end_to_end,500000,17035
service,500000,2058
end_to_end,50000,22166
service,50000,306
end_to_end,500000,12217
service,500000,83
end_to_end,50000,27773
service,50000,1980
end_to_end,500000,23347
service,500000,3065
end_to_end,500000,18944
service,500000,992
end_to_end,50000,16376
service,50000,85
end_to_end,50000,20881
service,50000,1439
end_to_end,500000,23159
service,500000,1286
end_to_end,50000,26789
service,50000,8655
end_to_end,500000,37923
service,500000,3792
end_to_end,500000,15741
service,500000,1241
end_to_end,50000,30901
service,50000,324
end_to_end,500000,27098
service,500000,3086
end_to_end,500000,17286
service,500000,798
end_to_end,50000,11962
service,50000,1096
end_to_end,50000,21215
service,50000,1443
end_to_end,500000,29654
service,500000,1279
end_to_end,50000,30208
service,50000,3430
end_to_end,50000,13707
service,50000,1928
end_to_end,500000,18507
service,500000,3354
end_to_end,500000,9838
service,500000,445
end_to_end,50000,22499
service,50000,684
end_to_end,50000,18663
service,50000,1581
end_to_end,50000,26079
service,50000,1988
end_to_end,50000,26623
service,50000,475
end_to_end,50000,31627
service,50000,970
end_to_end,50000,43353
service,50000,5423
end_to_end,50000,22997
service,50000,1254
end_to_end,500000,30448
service,500000,6510
end_to_end,50000,15468
service,50000,215
end_to_end,50000,32096
service,50000,1137
end_to_end,50000,12970
service,50000,2418
end_to_end,50000,9359
service,50000,78
end_to_end,50000,21525
service,50000,2122
end_to_end,500000,14179
service,500000,1871
end_to_end,500000,24717
service,500000,7703
end_to_end,50000,18488
service,50000,1652
end_to_end,50000,20111
service,50000,2010
end_to_end,500000,18227
service,500000,3443
end_to_end,500000,16925
service,500000,3476
end_to_end,50000,21500
service,50000,1332
end_to_end,500000,19221
service,500000,2240
end_to_end,500000,17069
service,500000,1505
end_to_end,500000,32780
service,500000,3415
end_to_end,500000,31292
service,500000,583
end_to_end,500000,28842
service,500000,945
end_to_end,50000,27416
service,50000,228
end_to_end,500000,18177
service,500000,448
end_to_end,500000,22263
service,500000,1077
end_to_end,500000,24183
service,500000,806
end_to_end,500000,21279
service,500000,1062
end_to_end,50000,17503
service,50000,198
end_to_end,50000,22024
service,50000,2181
end_to_end,50000,16481
service,50000,793
end_to_end,500000,24344
service,500000,388
end_to_end,50000,13710
service,50000,1334
end_to_end,500000,16862
service,500000,2110
end_to_end,50000,14584
service,50000,983
end_to_end,500000,15671
service,500000,356
end_to_end,50000,16735
service,50000,1179
end_to_end,50000,20109
service,50000,417
end_to_end,50000,20761
service,50000,475
end_to_end,50000,27061
service,50000,777
end_to_end,50000,34132
service,50000,5802
end_to_end,50000,15435
service,50000,471
end_to_end,500000,25605
service,500000,161
end_to_end,500000,31791
service,500000,5127
end_to_end,50000,17339
service,50000,2324
end_to_end,500000,15587
service,500000,595
end_to_end,50000,26566
service,50000,4998
end_to_end,50000,9237
service,50000,257
end_to_end,500000,20893
service,500000,609
end_to_end,50000,27415
service,50000,2397
end_to_end,50000,9409
service,50000,324
end_to_end,500000,21873
service,500000,1090
end_to_end,50000,24247
service,50000,1571
end_to_end,50000,13370
service,50000,471
end_to_end,50000,29436
service,50000,3006
end_to_end,50000,24931
service,50000,939
end_to_end,50000,12403
service,50000,227
end_to_end,50000,26155
service,50000,1783
end_to_end,500000,33556
service,500000,1336
end_to_end,500000,17434
service,500000,439
end_to_end,500000,21537
service,500000,1806
end_to_end,500000,32662
service,500000,3068
end_to_end,50000,21249
service,50000,153
end_to_end,500000,11548
service,500000,2520
end_to_end,500000,15490
service,500000,891
end_to_end,500000,14143
service,500000,3122
end_to_end,50000,16547
service,50000,1352
end_to_end,50000,10790
service,50000,1082
end_to_end,500000,12426
service,500000,2260
end_to_end,500000,20750
service,500000,457
end_to_end,500000,17127
service,500000,801
end_to_end,500000,18773
service,500000,6917
end_to_end,500000,27521
service,500000,1210
end_to_end,50000,27465
service,50000,4451
end_to_end,50000,27568
service,50000,4388
end_to_end,50000,20878
service,50000,418
end_to_end,500000,24594
service,500000,2517
end_to_end,50000,11776
service,50000,1525
end_to_end,500000,19897
service,500000,708
end_to_end,50000,19082
service,50000,1175
end_to_end,50000,20393
service,50000,3637
end_to_end,50000,11343
service,50000,216
end_to_end,50000,31055
service,50000,1887
end_to_end,500000,16102
service,500000,1174
end_to_end,500000,11050
service,500000,809
end_to_end,500000,24686
service,500000,738
end_to_end,50000,19247
service,50000,3156
end_to_end,500000,36461
service,500000,11690
end_to_end,500000,15953
service,500000,515
end_to_end,500000,12822
service,500000,1619
end_to_end,500000,10277
service,500000,1043
end_to_end,500000,19178
service,500000,2356
end_to_end,50000,35170
service,50000,2811
end_to_end,50000,15208
service,50000,91
end_to_end,50000,23738
service,50000,2802
end_to_end,500000,17458
service,500000,3025
end_to_end,50000,34776
service,50000,438
end_to_end,50000,24094
service,50000,5501
end_to_end,50000,23125
service,50000,6654
end_to_end,500000,25599
service,500000,102
end_to_end,500000,22457
service,500000,1428
end_to_end,500000,18331
service,500000,2858
end_to_end,500000,13252
service,500000,1606
end_to_end,50000,23035
service,50000,385
end_to_end,500000,40568
service,500000,2878
end_to_end,500000,31574
service,500000,2514
end_to_end,500000,23265
service,500000,5120
end_to_end,500000,16972
service,500000,1484
end_to_end,500000,10800
service,500000,881
end_to_end,50000,14729
service,50000,1182
end_to_end,50000,16203
service,50000,2156
end_to_end,500000,27509
service,500000,3793
end_to_end,50000,33571
service,50000,884
end_to_end,50000,27346
service,50000,1830
end_to_end,500000,10104
service,500000,6
end_to_end,500000,24956
service,500000,624
end_to_end,500000,21397
service,500000,66
end_to_end,500000,28885
service,500000,317
end_to_end,500000,6863
service,500000,135
end_to_end,500000,29022
service,500000,5540
end_to_end,500000,29295
service,500000,272
end_to_end,500000,16862
service,500000,955
end_to_end,500000,8969
service,500000,760
end_to_end,500000,14931
service,500000,254
end_to_end,50000,22945
service,50000,1493
end_to_end,50000,26808
service,50000,1589
end_to_end,50000,22332
service,50000,5058
end_to_end,50000,28852
service,50000,2648
end_to_end,500000,13177
service,500000,592
end_to_end,500000,19858
service,500000,2240
end_to_end,50000,18257
service,50000,1865
end_to_end,500000,16332
service,500000,417
end_to_end,50000,17587
service,50000,351
end_to_end,50000,15011
service,50000,460
end_to_end,50000,20016
service,50000,727
end_to_end,500000,16111
service,500000,604
end_to_end,50000,18041
service,50000,1161
end_to_end,50000,14622
service,50000,1094
end_to_end,50000,20676
service,50000,980
end_to_end,50000,23707
service,50000,353
end_to_end,50000,14438
service,50000,2643
end_to_end,50000,28478
service,50000,1101
end_to_end,500000,26178
service,500000,1385
end_to_end,500000,16550
service,500000,426
end_to_end,500000,12961
service,500000,383
end_to_end,50000,18190
service,50000,1020
end_to_end,50000,12239
service,50000,2135
end_to_end,50000,20892
service,50000,3759
end_to_end,50000,15067
service,50000,141
end_to_end,500000,17704
service,500000,628
end_to_end,500000,15777
service,500000,547
end_to_end,500000,12733
service,500000,605
end_to_end,50000,27247
service,50000,1721
end_to_end,500000,16351
service,500000,2670
end_to_end,500000,15408
service,500000,810
end_to_end,50000,32472
service,50000,6369
end_to_end,50000,21341
service,50000,1834
end_to_end,500000,17512
service,500000,1150
end_to_end,50000,9615
service,50000,260
end_to_end,500000,17865
service,500000,1392
end_to_end,500000,19060
service,500000,3893
end_to_end,50000,20498
service,50000,2731
end_to_end,500000,28635
service,500000,1828
end_to_end,50000,13389
service,50000,41
end_to_end,500000,24679
service,500000,1524
end_to_end,50000,19085
service,50000,4801
end_to_end,500000,42434
service,500000,826
end_to_end,50000,26746
service,50000,4271
end_to_end,500000,33381
service,500000,3641
end_to_end,50000,21545
service,50000,3798
end_to_end,50000,25007
service,50000,1110
end_to_end,50000,15125
service,50000,1173
end_to_end,500000,35341
service,500000,854
end_to_end,50000,15151
service,50000,356
end_to_end,500000,13917
service,500000,908
end_to_end,50000,14371
service,50000,4149
end_to_end,500000,22402
service,500000,4968
end_to_end,500000,14813
service,500000,197
end_to_end,500000,26366
service,500000,144
end_to_end,500000,9001
service,500000,465
end_to_end,500000,16011
service,500000,2220
end_to_end,50000,24472
service,50000,8400
end_to_end,500000,18105
service,500000,201
end_to_end,500000,10778
service,500000,725
end_to_end,500000,14741
service,500000,1890
end_to_end,50000,30844
service,50000,315
end_to_end,50000,21335
service,50000,2824
end_to_end,50000,10082
service,50000,466
end_to_end,500000,21413
service,500000,4070
end_to_end,500000,30268
service,500000,3530
end_to_end,500000,32714
service,500000,2160
end_to_end,500000,28704
service,500000,46
end_to_end,500000,18467
service,500000,1794
end_to_end,500000,16189
service,500000,2460
end_to_end,50000,18563
service,50000,4525
end_to_end,500000,49177
service,500000,2362
end_to_end,500000,30702
service,500000,2550
end_to_end,50000,30496
service,50000,2320
end_to_end,500000,18433
service,500000,4496
end_to_end,50000,33546
service,50000,2755
end_to_end,50000,26354
service,50000,701
end_to_end,500000,19107
service,500000,1299
end_to_end,500000,14908
service,500000,5237
end_to_end,50000,19864
service,50000,3645
end_to_end,500000,23157
service,500000,5503
end_to_end,50000,32402
service,50000,120
end_to_end,500000,29834
service,500000,612
end_to_end,50000,16816
service,50000,2124
end_to_end,500000,18072
service,500000,296
end_to_end,500000,27760
service,500000,4263
end_to_end,50000,29914
service,50000,1239
end_to_end,500000,24577
service,500000,671
end_to_end,500000,22537
service,500000,2425
end_to_end,500000,15572
service,500000,1435
end_to_end,50000,26892
service,50000,3057
end_to_end,50000,20397
service,50000,2320
end_to_end,50000,22731
service,50000,4197
end_to_end,500000,18786
service,500000,1804
end_to_end,50000,24558
service,50000,710
end_to_end,500000,27817
service,500000,1004
end_to_end,500000,30352
service,500000,11
end_to_end,50000,24273
service,50000,2444
end_to_end,500000,24108
service,500000,649
end_to_end,50000,29436
service,50000,2637
end_to_end,500000,20825
service,500000,813
end_to_end,500000,28257
service,500000,1604
end_to_end,50000,7541
service,50000,211
end_to_end,500000,6180
service,500000,186
end_to_end,50000,27991
service,50000,2446
end_to_end,500000,23533
service,500000,3456
end_to_end,500000,32463
service,500000,106
end_to_end,50000,15737
service,50000,5234
end_to_end,50000,22360
service,50000,1428
end_to_end,500000,19808
service,500000,2705
end_to_end,500000,17409
service,500000,458
end_to_end,500000,30879
service,500000,2906
end_to_end,500000,20592
service,500000,2772
end_to_end,500000,16513
service,500000,1977
end_to_end,500000,24713
service,500000,8681
end_to_end,50000,22068
service,50000,1057
end_to_end,500000,19519
service,500000,2727
end_to_end,500000,21642
service,500000,6919
end_to_end,500000,16092
service,500000,1508
end_to_end,500000,17311
service,500000,1230
end_to_end,500000,18255
service,500000,1064
end_to_end,500000,17745
service,500000,1038
end_to_end,500000,16219
service,500000,167
end_to_end,50000,19817
service,50000,1825
end_to_end,500000,11660
service,500000,1852
end_to_end,50000,27605
service,50000,4824
end_to_end,50000,26943
service,50000,681
end_to_end,50000,12482
service,50000,4255
end_to_end,500000,23297
service,500000,1587
end_to_end,50000,18848
service,50000,568
end_to_end,50000,13883
service,50000,476
end_to_end,50000,13784
service,50000,5254
end_to_end,50000,11581
service,50000,143
end_to_end,500000,17447
service,500000,1325
end_to_end,50000,25051
service,50000,7625
end_to_end,50000,16311
service,50000,19
end_to_end,500000,27466
service,500000,2177
end_to_end,50000,25296
service,50000,5079
end_to_end,500000,36537
service,500000,6524
end_to_end,500000,13802
service,500000,3040
end_to_end,50000,20497
service,50000,514
end_to_end,50000,14033
service,50000,595
end_to_end,500000,13025
service,500000,1421
end_to_end,50000,16827
service,50000,1130
end_to_end,500000,14121
service,500000,991
end_to_end,500000,12238
service,500000,1077
end_to_end,500000,39035
service,500000,21908
end_to_end,50000,43000
service,50000,2901
end_to_end,50000,16343
service,50000,1772
end_to_end,500000,28414
service,500000,6034
end_to_end,50000,29361
service,50000,3873
end_to_end,500000,19350
service,500000,8257
end_to_end,500000,19736
service,500000,2002
end_to_end,50000,15281
service,50000,1339
end_to_end,50000,16963
service,50000,5729
end_to_end,500000,23915
service,500000,1580
end_to_end,50000,31110
service,50000,1969
end_to_end,50000,14555
service,50000,220
end_to_end,500000,20801
service,500000,275
end_to_end,50000,12275
service,50000,599
end_to_end,500000,19374
service,500000,95
end_to_end,50000,27494
service,50000,5723
end_to_end,500000,13267
service,500000,3141
end_to_end,50000,17859
service,50000,250
end_to_end,500000,15059
service,500000,800
end_to_end,500000,15252
service,500000,4251
end_to_end,50000,15945
service,50000,1617
end_to_end,50000,17740
service,50000,219
end_to_end,500000,18616
service,500000,312
end_to_end,500000,15192
service,500000,1634
end_to_end,500000,12307
service,500000,385
end_to_end,500000,21154
service,500000,4109
end_to_end,50000,21704
service,50000,1140
end_to_end,50000,19500
service,50000,1000
end_to_end,50000,26164
service,50000,1162
end_to_end,50000,17246
service,50000,1455
end_to_end,50000,29620
service,50000,2515
end_to_end,500000,17365
service,500000,6688
end_to_end,500000,19263
service,500000,5919
end_to_end,500000,19326
service,500000,2814
end_to_end,50000,26839
service,50000,3031
end_to_end,50000,27497
service,50000,3478
end_to_end,50000,28038
service,50000,494
end_to_end,50000,16713
service,50000,145
end_to_end,50000,22327
service,50000,3520
end_to_end,50000,25455
service,50000,2065
end_to_end,50000,17499
service,50000,217
end_to_end,50000,14077
service,50000,32
end_to_end,500000,20656
service,500000,3317
end_to_end,50000,19689
service,50000,178
end_to_end,500000,14769
service,500000,255
end_to_end,500000,21615
service,500000,468
end_to_end,50000,30577
service,50000,584
end_to_end,500000,17774
service,500000,1128
end_to_end,500000,33924
service,500000,3686
end_to_end,50000,16447
service,50000,2144
end_to_end,500000,20422
service,500000,1708
end_to_end,50000,29611
service,50000,2560
end_to_end,500000,37254
service,500000,3782
end_to_end,50000,26025
service,50000,3066
end_to_end,500000,28255
service,500000,1066
end_to_end,500000,10359
service,500000,1157
end_to_end,500000,20153
service,500000,460
end_to_end,50000,31695
service,50000,1030
end_to_end,500000,27587
service,500000,7366
end_to_end,50000,26371
service,50000,224
end_to_end,50000,18353
service,50000,1421
end_to_end,50000,34449
service,50000,30
end_to_end,500000,19739
service,500000,360
end_to_end,500000,15854
service,500000,286
end_to_end,500000,16794
service,500000,3340
end_to_end,50000,13896
service,50000,1885
end_to_end,500000,31512
service,500000,523
end_to_end,500000,29561
service,500000,34
end_to_end,50000,16142
service,50000,1716
end_to_end,50000,21503
service,50000,1277
end_to_end,50000,29720
service,50000,1993
end_to_end,500000,18042
service,500000,1051
end_to_end,50000,21845
service,50000,2107
end_to_end,50000,24805
service,50000,4035
end_to_end,500000,30669
service,500000,4782
end_to_end,500000,22372
service,500000,2465
end_to_end,500000,27826
service,500000,652
end_to_end,500000,20999
service,500000,7111
end_to_end,500000,10512
service,500000,694
end_to_end,50000,33870
service,50000,979
end_to_end,500000,15449
service,500000,106
end_to_end,500000,27633
service,500000,3054
end_to_end,50000,27776
service,50000,1166
end_to_end,500000,31959
service,500000,2122
end_to_end,500000,36091
service,500000,2836
end_to_end,50000,17501
service,50000,205
end_to_end,50000,15417
service,50000,17
end_to_end,500000,25029
service,500000,1024
end_to_end,500000,25496
service,500000,3267
end_to_end,500000,19458
service,500000,1736
end_to_end,500000,21642
service,500000,403
end_to_end,500000,15115
service,500000,458
end_to_end,500000,18418
service,500000,1826
end_to_end,50000,28815
service,50000,2407
end_to_end,500000,18294
service,500000,226
end_to_end,50000,21758
service,50000,61
end_to_end,500000,18640
service,500000,1907
end_to_end,50000,33275
service,50000,2837
end_to_end,500000,18744
service,500000,1069
end_to_end,500000,20082
service,500000,584
end_to_end,50000,24299
service,50000,186
end_to_end,500000,18558
service,500000,452
end_to_end,50000,23127
service,50000,1865
end_to_end,500000,33318
service,500000,4022
end_to_end,500000,23847
service,500000,1180
end_to_end,50000,36742
service,50000,4764
end_to_end,50000,11908
service,50000,1977
end_to_end,500000,19259
service,500000,437
end_to_end,50000,11665
service,50000,774
end_to_end,50000,20988
service,50000,297
end_to_end,50000,22549
service,50000,4379
end_to_end,50000,22725
service,50000,3577
end_to_end,50000,21610
service,50000,428
end_to_end,500000,23596
service,500000,646
end_to_end,50000,10247
service,50000,388
end_to_end,500000,14943
service,500000,2003
end_to_end,50000,25318
service,50000,139
end_to_end,50000,13651
service,50000,565
end_to_end,50000,16750
service,50000,845
end_to_end,500000,14266
service,500000,589
end_to_end,50000,27687
service,50000,6262
end_to_end,500000,19305
service,500000,3914
end_to_end,500000,19688
service,500000,1817
end_to_end,50000,24319
service,50000,244
end_to_end,50000,13801
service,50000,347
end_to_end,50000,25996
service,50000,1301
end_to_end,50000,26080
service,50000,3299
end_to_end,50000,36391
service,50000,1739
end_to_end,500000,20487
service,500000,146
end_to_end,50000,28035
service,50000,1965
end_to_end,500000,29418
service,500000,6472
end_to_end,50000,30469
service,50000,1373
end_to_end,500000,33916
service,500000,272
end_to_end,50000,24257
service,50000,415
end_to_end,500000,21118
service,500000,3343
end_to_end,500000,27413
service,500000,31
end_to_end,50000,11522
service,50000,301
end_to_end,50000,19943
service,50000,1176
end_to_end,50000,24372
service,50000,6994
end_to_end,500000,26432
service,500000,767
end_to_end,500000,20889
service,500000,3089
end_to_end,50000,38253
service,50000,3301
end_to_end,50000,19006
service,50000,446
end_to_end,50000,30341
service,50000,2772
end_to_end,50000,16135
service,50000,1246
end_to_end,500000,17465
service,500000,1507
end_to_end,50000,17878
service,50000,965
end_to_end,500000,14826
service,500000,126
end_to_end,500000,19844
service,500000,2401
end_to_end,50000,22434
service,50000,1527
end_to_end,500000,20201
service,500000,1206
end_to_end,500000,10201
service,500000,132
end_to_end,500000,20522
service,500000,2118
end_to_end,50000,15568
service,50000,550
end_to_end,500000,19906
service,500000,431
end_to_end,500000,18359
service,500000,2274
end_to_end,50000,12142
service,50000,1144
end_to_end,500000,15624
service,500000,2720
end_to_end,50000,18805
service,50000,287
end_to_end,500000,21951
service,500000,5858
end_to_end,50000,27980
service,50000,535
end_to_end,500000,27846
service,500000,2368
end_to_end,50000,30755
service,50000,13025
end_to_end,50000,23037
service,50000,6048
end_to_end,50000,40227
service,50000,10125
end_to_end,500000,26824
service,500000,1705
end_to_end,500000,17047
service,500000,2051
end_to_end,50000,19361
service,50000,615
end_to_end,500000,26146
service,500000,304
end_to_end,50000,29685
service,50000,2516
end_to_end,50000,21354
service,50000,5804
end_to_end,50000,14249
service,50000,440
end_to_end,50000,7298
service,50000,1002
end_to_end,500000,14544
service,500000,908
end_to_end,50000,12785
service,50000,130
end_to_end,50000,21504
service,50000,1703
end_to_end,500000,11595
service,500000,1956
end_to_end,500000,19257
service,500000,2651
end_to_end,500000,13520
service,500000,3446
end_to_end,50000,29103
service,50000,9596
end_to_end,50000,28717
service,50000,1092
end_to_end,50000,25886
service,50000,3198
end_to_end,500000,22739
service,500000,3389
end_to_end,500000,23310
service,500000,984
end_to_end,50000,25111
service,50000,1480
end_to_end,500000,20813
service,500000,1463
end_to_end,500000,15991
service,500000,2289
end_to_end,50000,29996
service,50000,7446
end_to_end,50000,20605
service,50000,3795
end_to_end,50000,13324
service,50000,78
end_to_end,500000,16784
service,500000,470
end_to_end,500000,16210
service,500000,1812
end_to_end,50000,20297
service,50000,3026
end_to_end,500000,22856
service,500000,1278
end_to_end,50000,20149
service,50000,2810
end_to_end,50000,26994
service,50000,1801
end_to_end,50000,12228
service,50000,406
end_to_end,500000,21296
service,500000,3529
end_to_end,50000,16451
service,50000,1074
end_to_end,50000,17027
service,50000,1399
end_to_end,500000,23220
service,500000,2871
end_to_end,50000,15599
service,50000,563
end_to_end,500000,20678
service,500000,351
end_to_end,50000,29477
service,50000,4138
end_to_end,50000,39961
service,50000,5005
end_to_end,50000,28210
service,50000,187
end_to_end,50000,26449
service,50000,1009
end_to_end,500000,23570
service,500000,1137
end_to_end,50000,11995
service,50000,9
end_to_end,500000,16879
service,500000,1924
end_to_end,500000,16579
service,500000,945
end_to_end,50000,22144
service,50000,482
end_to_end,500000,16254
service,500000,1416
end_to_end,500000,24439
service,500000,829
end_to_end,500000,13908
service,500000,1396
end_to_end,500000,26892
service,500000,10
end_to_end,50000,12852
service,50000,841
end_to_end,500000,19938
service,500000,2239
end_to_end,50000,18781
service,50000,786
end_to_end,50000,21280
service,50000,3689
end_to_end,50000,36270
service,50000,16145
end_to_end,500000,38414
service,500000,5261
end_to_end,500000,11529
service,500000,1939
end_to_end,500000,19706
service,500000,3320
end_to_end,500000,19291
service,500000,2067
end_to_end,500000,21039
service,500000,1037
end_to_end,50000,23193
service,50000,1266
end_to_end,50000,19560
service,50000,3116
end_to_end,50000,17620
service,50000,1789
end_to_end,50000,17136
service,50000,2247
end_to_end,500000,21628
service,500000,1576
end_to_end,50000,27800
service,50000,593
end_to_end,50000,17976
service,50000,2514
end_to_end,50000,11208
service,50000,1081
end_to_end,500000,22226
service,500000,6984
end_to_end,500000,23076
service,500000,364
end_to_end,50000,13152
service,50000,1194
end_to_end,50000,21276
service,50000,1416
end_to_end,50000,26077
service,50000,4068
end_to_end,50000,25530
service,50000,2277
end_to_end,500000,26994
service,500000,9313
end_to_end,50000,16949
service,50000,2012
end_to_end,50000,30320
service,50000,2183
end_to_end,50000,13691
service,50000,256
end_to_end,50000,21403
service,50000,400
end_to_end,50000,30765
service,50000,3459
end_to_end,500000,14057
service,500000,469
end_to_end,50000,18362
service,50000,1688
end_to_end,50000,20117
service,50000,242
end_to_end,500000,22663
service,500000,1019
end_to_end,50000,17661
service,50000,720
end_to_end,50000,20320
service,50000,1634
end_to_end,500000,16196
service,500000,586
end_to_end,50000,26345
service,50000,8327
end_to_end,500000,26099
service,500000,1719
end_to_end,500000,31693
service,500000,81
end_to_end,50000,23198
service,50000,1339
end_to_end,500000,16399
service,500000,919
end_to_end,50000,25314
service,50000,1746
end_to_end,500000,15727
service,500000,492
end_to_end,50000,21464
service,50000,2881
end_to_end,500000,15503
service,500000,409
end_to_end,50000,15657
service,50000,910
end_to_end,50000,23575
service,50000,6677
end_to_end,500000,27569
service,500000,3058
end_to_end,50000,23684
service,50000,3658
end_to_end,500000,30870
service,500000,8312
end_to_end,50000,14381
service,50000,3115
end_to_end,50000,21784
service,50000,2027
end_to_end,500000,26286
service,500000,7790
end_to_end,500000,16164
service,500000,15
end_to_end,500000,19103
service,500000,2497
end_to_end,500000,24967
service,500000,1202
end_to_end,500000,33485
service,500000,2030
end_to_end,50000,15760
service,50000,284
end_to_end,500000,25107
service,500000,1363
end_to_end,50000,9328
service,50000,2235
end_to_end,50000,22363
service,50000,493
end_to_end,50000,18743
service,50000,2071
end_to_end,500000,29479
service,500000,2541
end_to_end,50000,28886
service,50000,3476
end_to_end,50000,11434
service,50000,2037
end_to_end,50000,27878
service,50000,1466
end_to_end,50000,15983
service,50000,62
end_to_end,500000,24872
service,500000,143
end_to_end,50000,32071
service,50000,1306
end_to_end,50000,16167
service,50000,1191
end_to_end,50000,25874
service,50000,2850
end_to_end,500000,21351
service,500000,5632
end_to_end,500000,20993
service,500000,5111
end_to_end,500000,30103
service,500000,4988
end_to_end,500000,17270
service,500000,6334
end_to_end,50000,18617
service,50000,1078
end_to_end,50000,22521
service,50000,2213
end_to_end,50000,14233
service,50000,2767
end_to_end,50000,18335
service,50000,4994
end_to_end,50000,23115
service,50000,1638
end_to_end,500000,27576
service,500000,1261
end_to_end,50000,14353
service,50000,307
end_to_end,50000,17728
service,50000,6351
end_to_end,50000,25092
service,50000,3301
end_to_end,50000,15998
service,50000,794
end_to_end,50000,14423
service,50000,940
end_to_end,50000,22372
service,50000,1583
end_to_end,50000,14326
service,50000,2054
end_to_end,50000,14838
service,50000,510
end_to_end,500000,18384
service,500000,3583
end_to_end,500000,19765
service,500000,3238
end_to_end,500000,21782
service,500000,3229
end_to_end,500000,24630
service,500000,1113
end_to_end,500000,11307
service,500000,558
end_to_end,500000,17418
service,500000,157
end_to_end,50000,11823
service,50000,487
end_to_end,50000,26797
service,50000,8486
end_to_end,50000,28861
service,50000,1002
end_to_end,500000,21467
service,500000,251
end_to_end,50000,11570
service,50000,1413
end_to_end,500000,15530
service,500000,2979
end_to_end,500000,14660
service,500000,1410
end_to_end,500000,16129
service,500000,1932
end_to_end,500000,12386
service,500000,3508
end_to_end,500000,22316
service,500000,1632
end_to_end,50000,15237
service,50000,2922
end_to_end,500000,18246
service,500000,2832
end_to_end,50000,20430
service,50000,1355
end_to_end,500000,27920
service,500000,1256
end_to_end,50000,22191
service,50000,1973
end_to_end,500000,21583
service,500000,2201
end_to_end,500000,21313
service,500000,797
end_to_end,500000,12709
service,500000,1381
end_to_end,50000,10764
service,50000,1933
end_to_end,500000,22065
service,500000,1567
end_to_end,50000,12345
service,50000,139
end_to_end,50000,8308
service,50000,566
end_to_end,50000,9708
service,50000,114
end_to_end,50000,12779
service,50000,805
end_to_end,50000,14221
service,50000,123
end_to_end,500000,17412
service,500000,4775
end_to_end,50000,11348
service,50000,1242
end_to_end,500000,17361
service,500000,2267
end_to_end,500000,21916
service,500000,10137
end_to_end,50000,9583
service,50000,1840
end_to_end,500000,13650
service,500000,62
end_to_end,500000,14465
service,500000,25
end_to_end,500000,29151
service,500000,5
end_to_end,500000,26110
service,500000,4680
end_to_end,50000,21215
service,50000,2054
end_to_end,50000,30567
service,50000,3393
end_to_end,50000,34985
service,50000,1592
end_to_end,50000,20385
service,50000,2420
end_to_end,50000,28820
service,50000,2222
end_to_end,50000,23603
service,50000,1363
end_to_end,50000,13278
service,50000,732
end_to_end,500000,16285
service,500000,3490
end_to_end,50000,21445
service,50000,1171
end_to_end,50000,7368
service,50000,954
end_to_end,50000,13039
service,50000,498
end_to_end,50000,21169
service,50000,2781
end_to_end,50000,17244
service,50000,684
end_to_end,50000,16488
service,50000,1208
end_to_end,50000,9913
service,50000,99
end_to_end,50000,20369
service,50000,36
end_to_end,500000,15868
service,500000,1961
end_to_end,500000,26126
service,500000,2463
end_to_end,500000,17492
service,500000,1423
end_to_end,500000,11435
service,500000,940
end_to_end,500000,35381
service,500000,2068
end_to_end,500000,26581
service,500000,1095
end_to_end,500000,27129
service,500000,8515
end_to_end,500000,19085
service,500000,2868
end_to_end,500000,36431
service,500000,4331
end_to_end,500000,15258
service,500000,1137
end_to_end,50000,18369
service,50000,910
end_to_end,500000,22962
service,500000,896
end_to_end,50000,17097
service,50000,179
end_to_end,50000,16776
service,50000,930
end_to_end,500000,8834
service,500000,1649
end_to_end,50000,21534
service,50000,1568
end_to_end,500000,21390
service,500000,554
end_to_end,500000,27018
service,500000,3507
end_to_end,500000,15702
service,500000,298
end_to_end,50000,19996
service,50000,6185
end_to_end,50000,20244
service,50000,3687
end_to_end,500000,29256
service,500000,1500
end_to_end,500000,20033
service,500000,42
end_to_end,50000,28870
service,50000,116
end_to_end,500000,20309
service,500000,232
end_to_end,50000,10418
service,50000,1971
end_to_end,500000,12274
service,500000,1656
end_to_end,50000,23971
service,50000,512
end_to_end,50000,21761
service,50000,322
end_to_end,500000,18518
service,500000,1482
end_to_end,50000,25019
service,50000,2116
end_to_end,50000,16765
service,50000,3029
end_to_end,500000,18066
service,500000,336
end_to_end,50000,27098
service,50000,5122
end_to_end,500000,24177
service,500000,1951
end_to_end,50000,9484
service,50000,157
end_to_end,500000,21733
service,500000,4386
end_to_end,500000,30503
service,500000,705
end_to_end,50000,25652
service,50000,138
end_to_end,50000,16910
service,50000,455
end_to_end,500000,28361
service,500000,421
end_to_end,50000,34641
service,50000,2876
end_to_end,50000,25348
service,50000,1512
end_to_end,500000,17454
service,500000,1737
end_to_end,50000,16788
service,50000,1591
end_to_end,500000,21151
service,500000,1372
end_to_end,500000,28225
service,500000,513
end_to_end,500000,16717
service,500000,392
end_to_end,50000,30973
service,50000,410
end_to_end,500000,26573
service,500000,1417
end_to_end,50000,22384
service,50000,515
end_to_end,500000,29871
service,500000,2732
end_to_end,50000,7849
service,50000,1580
end_to_end,500000,28737
service,500000,2594
end_to_end,50000,24141
service,50000,3600
end_to_end,50000,24436
service,50000,1444
end_to_end,50000,30095
service,50000,1426
end_to_end,500000,28190
service,500000,3567
end_to_end,50000,23674
service,50000,17
end_to_end,500000,13374
service,500000,1684
end_to_end,500000,24861
service,500000,2453
end_to_end,50000,16701
service,50000,7238
end_to_end,50000,21790
service,50000,27
end_to_end,500000,14921
service,500000,325
end_to_end,50000,30071
service,50000,3665
end_to_end,50000,29831
service,50000,1204
end_to_end,50000,30820
service,50000,865
end_to_end,500000,23846
service,500000,2957
end_to_end,500000,16813
service,500000,857
end_to_end,500000,14747
service,500000,174
end_to_end,50000,10833
service,50000,3342
end_to_end,500000,27683
service,500000,93
end_to_end,50000,36169
service,50000,1512
end_to_end,50000,29544
service,50000,981
end_to_end,500000,16836
service,500000,4329
end_to_end,500000,22734
service,500000,305
end_to_end,500000,24899
service,500000,1042
end_to_end,500000,14723
service,500000,464
end_to_end,50000,13819
service,50000,149
end_to_end,500000,12127
service,500000,904
end_to_end,50000,20793
service,50000,1989
end_to_end,500000,20944
service,500000,526
end_to_end,50000,22186
service,50000,2003
end_to_end,500000,26796
service,500000,1636
end_to_end,500000,43573
service,500000,1359
end_to_end,500000,13694
service,500000,944
end_to_end,500000,16475
service,500000,955
end_to_end,500000,13292
service,500000,1782
end_to_end,50000,23495
service,50000,4922
end_to_end,50000,31327
service,50000,7832
end_to_end,50000,16380
service,50000,2674
end_to_end,50000,16692
service,50000,1338
end_to_end,50000,8280
service,50000,250
end_to_end,50000,7040
service,50000,599
end_to_end,500000,21845
service,500000,1311
end_to_end,50000,19490
service,50000,2941
end_to_end,500000,16261
service,500000,811
end_to_end,50000,24361
service,50000,462
end_to_end,500000,23602
service,500000,370
end_to_end,500000,28239
service,500000,7394
end_to_end,500000,20766
service,500000,2247
end_to_end,500000,15196
service,500000,790
end_to_end,50000,20329
service,50000,423
end_to_end,500000,17982
service,500000,847
end_to_end,500000,33369
service,500000,2886
end_to_end,50000,23549
service,50000,256
end_to_end,500000,26317
service,500000,7113
end_to_end,500000,12034
service,500000,2588
end_to_end,500000,28419
service,500000,6718
end_to_end,50000,11934
service,50000,128
end_to_end,500000,22268
service,500000,919
end_to_end,500000,30297
service,500000,1083
end_to_end,500000,23207
service,500000,4458
end_to_end,50000,23367
service,50000,9413
end_to_end,500000,24178
service,500000,1859
end_to_end,500000,21971
service,500000,4060
end_to_end,500000,15983
service,500000,3440
end_to_end,50000,28954
service,50000,662
end_to_end,500000,13144
service,500000,4256
end_to_end,500000,15885
service,500000,1449
end_to_end,50000,13420
service,50000,754
end_to_end,50000,21618
service,50000,4416
end_to_end,500000,13594
service,500000,786
end_to_end,500000,22975
service,500000,173
end_to_end,50000,27808
service,50000,399
end_to_end,500000,23239
service,500000,2867
end_to_end,50000,43146
service,50000,814
end_to_end,50000,8362
service,50000,6
end_to_end,50000,20832
service,50000,2164
end_to_end,500000,12155
service,500000,650
end_to_end,50000,17637
service,50000,3323
end_to_end,50000,13041
service,50000,23
end_to_end,50000,13155
service,50000,426
end_to_end,500000,9125
service,500000,730
end_to_end,50000,18588
service,50000,129
end_to_end,50000,24984
service,50000,3119
end_to_end,50000,16087
service,50000,905
end_to_end,500000,20749
service,500000,433
end_to_end,50000,11918
service,50000,603
end_to_end,500000,11071
service,500000,501
end_to_end,500000,14810
service,500000,1671
end_to_end,500000,15682
service,500000,3239
end_to_end,50000,20604
service,50000,1003
end_to_end,500000,15148
service,500000,429
end_to_end,500000,22256
service,500000,2922
end_to_end,500000,34046
service,500000,725
end_to_end,500000,17890
service,500000,3307
end_to_end,50000,21162
service,50000,3334
end_to_end,500000,12583
service,500000,556
end_to_end,50000,10059
service,50000,1000
end_to_end,500000,17660
service,500000,104
end_to_end,500000,10361
service,500000,338
end_to_end,50000,13788
service,50000,2126
end_to_end,50000,25484
service,50000,4542
end_to_end,500000,17694
service,500000,102
end_to_end,500000,14804
service,500000,253
end_to_end,50000,36318
service,50000,3489
end_to_end,50000,13365
service,50000,288
end_to_end,500000,18649
service,500000,1646
end_to_end,500000,24459
service,500000,9924
end_to_end,500000,12489
service,500000,1208
end_to_end,500000,22834
service,500000,2315
end_to_end,500000,27354
service,500000,271
end_to_end,50000,17016
service,50000,693
end_to_end,50000,22722
service,50000,5690
end_to_end,50000,17604
service,50000,91
end_to_end,500000,35175
service,500000,1491
end_to_end,50000,19793
service,50000,1879
end_to_end,50000,12523
service,50000,507
end_to_end,50000,21963
service,50000,4310
end_to_end,50000,21791
service,50000,5424
end_to_end,50000,17177
service,50000,598
end_to_end,50000,30880
service,50000,4087
end_to_end,50000,19964
service,50000,369
end_to_end,500000,16923
service,500000,1709
end_to_end,50000,29376
service,50000,2308
end_to_end,50000,18689
service,50000,2053
end_to_end,500000,37920
service,500000,3275
end_to_end,500000,36678
service,500000,4835
end_to_end,50000,23753
service,50000,4487
end_to_end,500000,19731
service,500000,357
end_to_end,50000,22090
service,50000,233
end_to_end,500000,18711
service,500000,4136
end_to_end,500000,22118
service,500000,523
end_to_end,50000,20067
service,50000,1485
end_to_end,500000,24148
service,500000,3321
end_to_end,500000,38842
service,500000,2691
end_to_end,50000,22418
service,50000,1261
end_to_end,500000,29121
service,500000,5207
end_to_end,50000,21601
service,50000,430
end_to_end,50000,20108
service,50000,4105
end_to_end,50000,32020
service,50000,11114
end_to_end,500000,19983
service,500000,1100
end_to_end,50000,15113
service,50000,2968
end_to_end,500000,21638
service,500000,1122
end_to_end,50000,18307
service,50000,2253
end_to_end,500000,24629
service,500000,4988
end_to_end,50000,21151
service,50000,3337
end_to_end,500000,14294
service,500000,626
end_to_end,50000,25637
service,50000,12967
end_to_end,500000,16777
service,500000,2315
end_to_end,50000,25365
service,50000,2783
end_to_end,500000,26854
service,500000,1612
end_to_end,500000,30013
service,500000,6859
end_to_end,500000,30390
service,500000,7302
end_to_end,50000,24952
service,50000,202
end_to_end,50000,24178
service,50000,5
end_to_end,500000,32183
service,500000,586
end_to_end,50000,26820
service,50000,3039
end_to_end,500000,30429
service,500000,1552
end_to_end,50000,27752
service,50000,613
end_to_end,500000,25042
service,500000,2625
end_to_end,500000,24354
service,500000,3358
end_to_end,50000,14636
service,50000,545
end_to_end,500000,21887
service,500000,5602
end_to_end,50000,9211
service,50000,1035
end_to_end,50000,26251
service,50000,3198
end_to_end,500000,14154
service,500000,4293
end_to_end,500000,23107
service,500000,4645
end_to_end,50000,19134
service,50000,2169
end_to_end,500000,21537
service,500000,74
end_to_end,500000,18264
service,500000,409
end_to_end,50000,22230
service,50000,4022
end_to_end,500000,16368
service,500000,43
end_to_end,50000,33748
service,50000,7793
end_to_end,500000,18986
service,500000,400
end_to_end,50000,20718
service,50000,1187
end_to_end,500000,17860
service,500000,1401
end_to_end,500000,28612
service,500000,1883
end_to_end,500000,18570
service,500000,334
end_to_end,500000,21676
service,500000,2864
end_to_end,500000,18068
service,500000,1830
end_to_end,500000,21877
service,500000,1666
end_to_end,500000,10924
service,500000,911
end_to_end,500000,24416
service,500000,4100
end_to_end,500000,23553
service,500000,2817
end_to_end,50000,21258
service,50000,221
end_to_end,50000,26517
service,50000,9065
end_to_end,500000,26642
service,500000,1020
end_to_end,50000,17488
service,50000,761
end_to_end,50000,12969
service,50000,1343
end_to_end,50000,19003
service,50000,176
end_to_end,500000,21662
service,500000,1078
end_to_end,500000,27745
service,500000,80
end_to_end,50000,18807
service,50000,5218
end_to_end,500000,27658
service,500000,3779
end_to_end,500000,13018
service,500000,122
end_to_end,500000,17142
service,500000,1176
end_to_end,50000,18646
service,50000,649
end_to_end,50000,12437
service,50000,970
end_to_end,50000,24222
service,50000,2519
end_to_end,50000,30281
service,50000,4997
end_to_end,50000,18186
service,50000,3218
end_to_end,500000,16829
service,500000,18
end_to_end,500000,27158
service,500000,3518
end_to_end,500000,23781
service,500000,2021
end_to_end,500000,23004
service,500000,612
end_to_end,500000,27553
service,500000,2989
end_to_end,50000,21580
service,50000,514
end_to_end,50000,13527
service,50000,890
end_to_end,500000,15319
service,500000,1314
end_to_end,500000,11723
service,500000,511
end_to_end,500000,21388
service,500000,2749
end_to_end,50000,14397
service,50000,1124
end_to_end,50000,17959
service,50000,1166
end_to_end,500000,12345
service,500000,988
end_to_end,500000,23765
service,500000,672
end_to_end,50000,21614
service,50000,1188
end_to_end,50000,29042
service,50000,308
end_to_end,500000,19737
service,500000,1119
end_to_end,500000,13005
service,500000,171
end_to_end,500000,23015
service,500000,2637
end_to_end,500000,28642
service,500000,3619
end_to_end,50000,12192
service,50000,713
end_to_end,500000,32648
service,500000,3276
end_to_end,500000,29609
service,500000,7019
end_to_end,50000,17533
service,50000,193
end_to_end,500000,15520
service,500000,651
end_to_end,50000,22445
service,50000,2300
end_to_end,500000,15373
service,500000,1687
end_to_end,50000,19272
service,50000,1526
end_to_end,500000,14413
service,500000,641
end_to_end,50000,28124
service,50000,1922
end_to_end,50000,13544
service,50000,750
end_to_end,500000,23764
service,500000,3235
end_to_end,50000,22864
service,50000,813
end_to_end,500000,11963
service,500000,361
end_to_end,50000,12732
service,50000,331
end_to_end,500000,11108
service,500000,107
end_to_end,500000,21643
service,500000,869
end_to_end,500000,17200
service,500000,3080
end_to_end,500000,20800
service,500000,2013
end_to_end,50000,17764
service,50000,1008
end_to_end,500000,14552
service,500000,316
end_to_end,500000,19748
service,500000,2053
end_to_end,50000,26202
service,50000,3322
end_to_end,500000,21848
service,500000,2282
end_to_end,500000,27679
service,500000,1260
end_to_end,500000,29861
service,500000,611
end_to_end,50000,24153
service,50000,2059
end_to_end,50000,23721
service,50000,3106
end_to_end,50000,15932
service,50000,5772
end_to_end,50000,25083
service,50000,5076
end_to_end,50000,14824
service,50000,2859
end_to_end,500000,19138
service,500000,2190
end_to_end,500000,10785
service,500000,2858
end_to_end,500000,20035
service,500000,1668
end_to_end,500000,15458
service,500000,458
end_to_end,50000,23157
service,50000,1477
end_to_end,500000,23771
service,500000,3670
end_to_end,500000,19574
service,500000,63
end_to_end,500000,16522
service,500000,226
end_to_end,50000,13564
service,50000,65
end_to_end,500000,12066
service,500000,199
end_to_end,50000,16598
service,50000,2216
end_to_end,500000,23347
service,500000,1727
end_to_end,500000,24312
service,500000,423
end_to_end,50000,24157
service,50000,6167
end_to_end,500000,14566
service,500000,8
end_to_end,50000,17184
service,50000,1277
end_to_end,500000,18223
service,500000,1711
end_to_end,50000,16382
service,50000,392
end_to_end,50000,17055
service,50000,651
end_to_end,50000,17599
service,50000,54
end_to_end,50000,12234
service,50000,91
end_to_end,50000,29492
service,50000,1683
end_to_end,500000,30567
service,500000,2788
end_to_end,50000,15176
service,50000,512
end_to_end,50000,13509
service,50000,1359
end_to_end,50000,22721
service,50000,457
end_to_end,500000,11418
service,500000,508
end_to_end,50000,22206
service,50000,3723
end_to_end,500000,21682
service,500000,531
end_to_end,500000,14460
service,500000,421
end_to_end,50000,13445
service,50000,429
end_to_end,500000,18419
service,500000,128
end_to_end,50000,18949
service,50000,516
end_to_end,50000,11769
service,50000,771
end_to_end,500000,23756
service,500000,2903
end_to_end,50000,20177
service,50000,676
end_to_end,50000,15751
service,50000,596
end_to_end,500000,14753
service,500000,878
end_to_end,50000,19887
service,50000,2247
end_to_end,500000,10151
service,500000,363
end_to_end,50000,28357
service,50000,735
end_to_end,50000,29869
service,50000,438
end_to_end,500000,12364
service,500000,8
end_to_end,500000,23156
service,500000,761
end_to_end,500000,13136
service,500000,910
end_to_end,500000,19077
service,500000,1162
end_to_end,50000,17152
service,50000,4518
end_to_end,50000,26571
service,50000,244
end_to_end,50000,14423
service,50000,2396
end_to_end,50000,17664
service,50000,336
end_to_end,500000,20870
service,500000,765
end_to_end,50000,18760
service,50000,3080
end_to_end,500000,24913
service,500000,1364
end_to_end,500000,24338
service,500000,1840
end_to_end,500000,19042
service,500000,1417
end_to_end,500000,13698
service,500000,727
end_to_end,500000,19161
service,500000,2468
end_to_end,50000,43684
service,50000,6431
end_to_end,50000,11495
service,50000,902
end_to_end,500000,19718
service,500000,861
end_to_end,500000,13417
service,500000,2742
end_to_end,50000,17017
service,50000,5645
end_to_end,500000,17805
service,500000,224
end_to_end,50000,26763
service,50000,952
end_to_end,500000,17573
service,500000,4257
end_to_end,50000,20517
service,50000,1182
end_to_end,50000,14628
service,50000,1433
end_to_end,50000,25662
service,50000,715
end_to_end,500000,21318
service,500000,1572
end_to_end,50000,14452
service,50000,1338
end_to_end,50000,20226
service,50000,669
end_to_end,50000,18985
service,50000,777
end_to_end,500000,16427
service,500000,2162
end_to_end,500000,20664
service,500000,1824
end_to_end,500000,31420
service,500000,999
end_to_end,50000,16797
service,50000,479
end_to_end,50000,12663
service,50000,972
end_to_end,500000,19627
service,500000,7138
end_to_end,500000,21739
service,500000,2017
end_to_end,50000,21664
service,50000,8096
end_to_end,500000,31356
service,500000,1370
end_to_end,500000,23855
service,500000,556
end_to_end,50000,25034
service,50000,2194
end_to_end,500000,23495
service,500000,3036
end_to_end,500000,16352
service,500000,2163
end_to_end,500000,15168
service,500000,449
end_to_end,500000,17747
service,500000,2108
end_to_end,500000,21176
service,500000,3467
end_to_end,500000,15972
service,500000,1457
end_to_end,50000,25821
service,50000,2636
end_to_end,500000,18618
service,500000,4743
end_to_end,500000,22465
service,500000,1081
end_to_end,500000,21612
service,500000,829
end_to_end,500000,20474
service,500000,13
end_to_end,50000,23287
service,50000,202
end_to_end,500000,23942
service,500000,8
end_to_end,500000,28068
service,500000,2535
end_to_end,50000,15943
service,50000,2513
end_to_end,50000,17570
service,50000,2648
end_to_end,50000,15416
service,50000,4545
end_to_end,500000,14420
service,500000,180
end_to_end,50000,9059
service,50000,169
end_to_end,500000,28350
service,500000,2124
end_to_end,500000,13687
service,500000,1482
end_to_end,500000,17817
service,500000,2233
end_to_end,500000,16029
service,500000,883
end_to_end,500000,17483
service,500000,1451
end_to_end,50000,15983
service,50000,96
end_to_end,50000,7853
service,50000,715
end_to_end,50000,17417
service,50000,1010
end_to_end,500000,10950
service,500000,365
end_to_end,50000,27578
service,50000,4296
end_to_end,50000,20995
service,50000,3715
end_to_end,50000,25744
service,50000,1966
end_to_end,500000,18869
service,500000,805
end_to_end,50000,11284
service,50000,1475
end_to_end,500000,17798
service,500000,926
end_to_end,50000,11639
service,50000,21
end_to_end,50000,30453
service,50000,1948
end_to_end,50000,29016
service,50000,1845
end_to_end,50000,41142
service,50000,7849
end_to_end,50000,16973
service,50000,130
end_to_end,500000,36511
service,500000,5300
end_to_end,50000,32940
service,50000,1484
end_to_end,50000,26341
service,50000,2948
end_to_end,500000,29556
service,500000,2075
end_to_end,50000,29648
service,50000,2241
end_to_end,50000,38486
service,50000,9263
end_to_end,50000,21950
service,50000,62
end_to_end,500000,9334
service,500000,139
end_to_end,500000,17429
service,500000,3597
end_to_end,50000,19621
service,50000,424
end_to_end,500000,7047
service,500000,496
end_to_end,50000,21138
service,50000,1451
end_to_end,500000,21894
service,500000,2088
end_to_end,50000,10402
service,50000,516
end_to_end,500000,16571
service,500000,5648
end_to_end,50000,9852
service,50000,274
end_to_end,500000,25285
service,500000,344
end_to_end,500000,25873
service,500000,5897
end_to_end,50000,26898
service,50000,120
end_to_end,500000,24050
service,500000,1820
end_to_end,500000,18456
service,500000,274
end_to_end,500000,15888
service,500000,129
end_to_end,500000,18963
service,500000,6243
end_to_end,500000,35758
service,500000,1670
end_to_end,50000,30318
service,50000,3784
end_to_end,50000,15423
service,50000,1698
end_to_end,500000,11108
service,500000,1814
end_to_end,50000,19629
service,50000,4486
end_to_end,500000,16072
service,500000,923
end_to_end,50000,17986
service,50000,2174
end_to_end,50000,26049
service,50000,3315
end_to_end,500000,14062
service,500000,1449
end_to_end,500000,20541
service,500000,384
end_to_end,50000,23658
service,50000,4075
end_to_end,500000,10084
service,500000,430
end_to_end,50000,13469
service,50000,520
end_to_end,50000,18732
service,50000,4260
end_to_end,500000,19759
service,500000,2385
end_to_end,50000,29229
service,50000,2384
end_to_end,50000,23653
service,50000,402
end_to_end,500000,29468
service,500000,2929
end_to_end,50000,32977
service,50000,5563
end_to_end,50000,36672
service,50000,1277
end_to_end,500000,21908
service,500000,796
end_to_end,500000,13924
service,500000,1180
end_to_end,500000,15452
service,500000,601
end_to_end,50000,22220
service,50000,1010
end_to_end,500000,33074
service,500000,2049
end_to_end,500000,18749
service,500000,2127
end_to_end,50000,16085
service,50000,224
end_to_end,500000,25685
service,500000,1423
end_to_end,50000,23015
service,50000,1059
end_to_end,500000,20560
service,500000,400
end_to_end,50000,9633
service,50000,1631
end_to_end,50000,18812
service,50000,2532
end_to_end,50000,22526
service,50000,1653
end_to_end,50000,17070
service,50000,2033
end_to_end,500000,29314
service,500000,2260
end_to_end,50000,39266
service,50000,822
end_to_end,50000,30707
service,50000,2174
end_to_end,50000,13717
service,50000,1358
end_to_end,50000,16415
service,50000,633
end_to_end,500000,19436
service,500000,666
end_to_end,50000,19193
service,50000,2810
end_to_end,500000,15505
service,500000,3072
end_to_end,500000,26923
service,500000,6085
end_to_end,50000,15095
service,50000,298
end_to_end,500000,16943
service,500000,2573
end_to_end,500000,19454
service,500000,833
end_to_end,50000,25803
service,50000,2460
end_to_end,50000,17666
service,50000,1354
end_to_end,500000,32624
service,500000,5757
end_to_end,50000,19737
service,50000,82
end_to_end,50000,15979
service,50000,705
end_to_end,500000,24904
service,500000,770
end_to_end,500000,23963
service,500000,259
end_to_end,50000,23242
service,50000,340
end_to_end,500000,14310
service,500000,2960
end_to_end,50000,25400
service,50000,48
end_to_end,500000,11156
service,500000,1698
end_to_end,50000,10372
service,50000,496
end_to_end,500000,14458
service,500000,1039
end_to_end,50000,17546
service,50000,2790
end_to_end,50000,17145
service,50000,1472
end_to_end,50000,28580
service,50000,663
end_to_end,500000,27217
service,500000,2796
end_to_end,50000,26123
service,50000,3398
end_to_end,50000,22470
service,50000,9069
end_to_end,500000,13741
service,500000,53
end_to_end,500000,15167
service,500000,188
end_to_end,500000,12658
service,500000,290
end_to_end,50000,17242
service,50000,1193
end_to_end,50000,32433
service,50000,6870
end_to_end,500000,23741
service,500000,1541
end_to_end,50000,19468
service,50000,1101
end_to_end,50000,24704
service,50000,117
end_to_end,500000,15720
service,500000,3248
end_to_end,50000,24684
service,50000,3053
end_to_end,500000,18919
service,500000,2925
end_to_end,50000,17126
service,50000,807
end_to_end,500000,21958
service,500000,979
end_to_end,500000,18220
service,500000,13
end_to_end,50000,18683
service,50000,692
end_to_end,50000,19032
service,50000,16
end_to_end,500000,28132
service,500000,89
end_to_end,500000,21238
service,500000,352
end_to_end,50000,13817
service,50000,4414
end_to_end,500000,25223
service,500000,4455
end_to_end,50000,27149
service,50000,6254
end_to_end,500000,17487
service,500000,2587
end_to_end,500000,16224
service,500000,220
end_to_end,500000,17512
service,500000,2178
end_to_end,500000,28922
service,500000,7300
end_to_end,500000,24320
service,500000,4102
end_to_end,50000,16378
service,50000,29
end_to_end,50000,15770
service,50000,172
end_to_end,500000,18458
service,500000,743
end_to_end,500000,26281
service,500000,761
end_to_end,50000,11412
service,50000,1114
end_to_end,500000,14092
service,500000,1335
end_to_end,500000,20130
service,500000,2762
end_to_end,500000,20352
service,500000,5693
end_to_end,50000,21493
service,50000,3288
end_to_end,500000,16824
service,500000,1608
end_to_end,500000,20812
service,500000,1570
end_to_end,50000,20020
service,50000,1783
end_to_end,500000,21084
service,500000,3753
end_to_end,50000,11426
service,50000,417
end_to_end,50000,10416
service,50000,137
end_to_end,50000,16184
service,50000,476
end_to_end,500000,22494
service,500000,1597
end_to_end,50000,24481
service,50000,1981
end_to_end,50000,28851
service,50000,1638
end_to_end,50000,31580
service,50000,6717
end_to_end,500000,25813
service,500000,5297
end_to_end,500000,37300
service,500000,630
end_to_end,500000,64472
service,500000,3472
end_to_end,500000,17699
service,500000,1786
end_to_end,500000,19706
service,500000,3901
end_to_end,50000,21984
service,50000,218
end_to_end,50000,22512
service,50000,794
end_to_end,50000,20452
service,50000,842
end_to_end,50000,15775
service,50000,293
end_to_end,500000,39725
service,500000,2624
end_to_end,50000,12951
service,50000,4318
end_to_end,50000,21354
service,50000,3195
end_to_end,50000,29015
service,50000,1123
end_to_end,50000,24501
service,50000,6637
end_to_end,50000,28019
service,50000,2458
end_to_end,500000,29544
service,500000,3072
end_to_end,500000,10498
service,500000,270
end_to_end,50000,28516
service,50000,1889
end_to_end,500000,23376
service,500000,1030
end_to_end,50000,28294
service,50000,578
end_to_end,500000,30706
service,500000,47
end_to_end,500000,20013
service,500000,128
end_to_end,500000,24673
service,500000,2323
end_to_end,500000,19815
service,500000,3596
end_to_end,500000,14902
service,500000,755
end_to_end,500000,25357
service,500000,1624
end_to_end,500000,20083
service,500000,1974
end_to_end,50000,12450
service,50000,970
end_to_end,50000,16819
service,50000,5789
end_to_end,500000,11522
service,500000,1203
end_to_end,50000,17671
service,50000,654
end_to_end,50000,31966
service,50000,281
end_to_end,500000,19128
service,500000,6030
end_to_end,50000,15462
service,50000,3158
end_to_end,50000,11569
service,50000,147
end_to_end,500000,44369
service,500000,10225
end_to_end,50000,23294
service,50000,2103
end_to_end,50000,8874
service,50000,2175
end_to_end,50000,24943
service,50000,4811
end_to_end,500000,37415
service,500000,7163
end_to_end,500000,18031
service,500000,1303
end_to_end,50000,22024
service,50000,3785
end_to_end,500000,21365
service,500000,2209
end_to_end,500000,13367
service,500000,1167
end_to_end,500000,19551
service,500000,408
end_to_end,500000,19993
service,500000,1515
end_to_end,50000,17805
service,50000,1382
end_to_end,500000,24281
service,500000,1649
end_to_end,50000,16354
service,50000,4607
end_to_end,500000,24248
service,500000,1734
end_to_end,50000,26069
service,50000,2798
end_to_end,50000,18080
service,50000,879
end_to_end,50000,25606
service,50000,971
end_to_end,500000,27393
service,500000,742
end_to_end,500000,28565
service,500000,3534
end_to_end,50000,38141
service,50000,486
end_to_end,50000,23663
service,50000,30
end_to_end,50000,16581
service,50000,768
end_to_end,50000,12802
service,50000,2100
end_to_end,50000,13738
service,50000,2464
end_to_end,500000,18860
service,500000,223
end_to_end,500000,25931
service,500000,1371
end_to_end,500000,19746
service,500000,3618
end_to_end,500000,15695
service,500000,944
end_to_end,500000,18566
service,500000,4275
end_to_end,50000,16634
service,50000,558
end_to_end,50000,26237
service,50000,2425
end_to_end,500000,25572
service,500000,955
end_to_end,50000,20677
service,50000,5508
end_to_end,500000,23735
service,500000,2429
end_to_end,50000,15370
service,50000,3533
end_to_end,50000,12163
service,50000,448
end_to_end,50000,16816
service,50000,3102
end_to_end,500000,11413
service,500000,2071
end_to_end,50000,19506
service,50000,1944
end_to_end,50000,25403
service,50000,797
end_to_end,50000,33805
service,50000,1199
end_to_end,500000,26302
service,500000,753
end_to_end,50000,25807
service,50000,7222
end_to_end,50000,10868
service,50000,2150
end_to_end,50000,12874
service,50000,1215
end_to_end,50000,15751
service,50000,2353
end_to_end,500000,20949
service,500000,312
end_to_end,50000,29879
service,50000,1439
end_to_end,500000,15031
service,500000,1912
end_to_end,50000,22743
service,50000,478
end_to_end,500000,24839
service,500000,3480
end_to_end,50000,24060
service,50000,1473
end_to_end,50000,20533
service,50000,706
end_to_end,50000,19359
service,50000,6599
end_to_end,50000,23582
service,50000,3522
end_to_end,500000,17992
service,500000,6467
end_to_end,500000,19464
service,500000,1077
end_to_end,50000,12071
service,50000,408
end_to_end,500000,22598
service,500000,526
end_to_end,500000,13474
service,500000,4029
end_to_end,500000,24823
service,500000,5010
end_to_end,500000,16464
service,500000,442
end_to_end,500000,12854
service,500000,380
end_to_end,50000,33549
service,50000,6486
end_to_end,50000,24309
service,50000,3229
end_to_end,50000,34367
service,50000,1622
end_to_end,500000,21770
service,500000,5089
end_to_end,50000,8438
service,50000,471
end_to_end,500000,11783
service,500000,87
end_to_end,50000,23613
service,50000,733
end_to_end,500000,15150
service,500000,2640
end_to_end,500000,28634
service,500000,691
end_to_end,500000,20778
service,500000,1807
end_to_end,50000,22754
service,50000,559
end_to_end,500000,22531
service,500000,3927
end_to_end,50000,19810
service,50000,3240
end_to_end,50000,25486
service,50000,480
end_to_end,500000,15524
service,500000,205
end_to_end,500000,36204
service,500000,2119
end_to_end,50000,17861
service,50000,258
end_to_end,50000,13207
service,50000,616
end_to_end,50000,23369
service,50000,596
end_to_end,500000,24702
service,500000,9322
end_to_end,500000,14625
service,500000,729
end_to_end,50000,43513
service,50000,1800
end_to_end,50000,20231
service,50000,937
end_to_end,500000,21932
service,500000,1702
end_to_end,50000,12549
service,50000,318
end_to_end,500000,19147
service,500000,2777
end_to_end,50000,18560
service,50000,732
end_to_end,50000,22026
service,50000,2975
end_to_end,50000,17182
service,50000,70
end_to_end,50000,12881
service,50000,3908
end_to_end,500000,12090
service,500000,2451
end_to_end,500000,18240
service,500000,2463
end_to_end,50000,31548
service,50000,2523
end_to_end,500000,16987
service,500000,863
end_to_end,500000,31772
service,500000,1742
end_to_end,500000,12948
service,500000,4803
end_to_end,500000,26829
service,500000,1258
end_to_end,50000,28753
service,50000,425
end_to_end,500000,18686
service,500000,488
end_to_end,500000,15510
service,500000,3289
end_to_end,500000,20011
service,500000,1905
end_to_end,50000,23357
service,50000,2283
end_to_end,50000,36692
service,50000,7
end_to_end,500000,18512
service,500000,234
end_to_end,500000,11366
service,500000,793
end_to_end,500000,20420
service,500000,4734
end_to_end,50000,16905
service,50000,1624
end_to_end,500000,26524
service,500000,978
end_to_end,50000,13249
service,50000,620
end_to_end,500000,27199
service,500000,884
end_to_end,500000,25318
service,500000,959
end_to_end,500000,14560
service,500000,1735
end_to_end,50000,21498
service,50000,1258
end_to_end,500000,14582
service,500000,235
end_to_end,500000,17792
service,500000,4349
end_to_end,50000,15127
service,50000,365
end_to_end,50000,36284
service,50000,1095
end_to_end,50000,29233
service,50000,2121
end_to_end,50000,16052
service,50000,2484
end_to_end,50000,16689
service,50000,1574
end_to_end,50000,12199
service,50000,605
end_to_end,500000,20214
service,500000,3495
end_to_end,500000,18988
service,500000,500
end_to_end,50000,14954
service,50000,439
end_to_end,500000,26813
service,500000,178
end_to_end,50000,17599
service,50000,260
end_to_end,500000,18108
service,500000,1463
end_to_end,500000,25967
service,500000,621
end_to_end,500000,24001
service,500000,2376
end_to_end,500000,22266
service,500000,173
end_to_end,500000,22539
service,500000,907
end_to_end,500000,21187
service,500000,1252
end_to_end,50000,23658
service,50000,816
end_to_end,500000,22080
service,500000,3776
end_to_end,500000,11023
service,500000,2574
end_to_end,500000,23554
service,500000,66
end_to_end,50000,13950
service,50000,2864
end_to_end,50000,23048
service,50000,1504
end_to_end,50000,25080
service,50000,1952
end_to_end,50000,25279
service,50000,2633
end_to_end,500000,15224
service,500000,189
end_to_end,500000,15948
service,500000,1201
end_to_end,500000,23093
service,500000,177
end_to_end,500000,14067
service,500000,548
end_to_end,50000,18942
service,50000,1126
end_to_end,50000,17062
service,50000,260
end_to_end,50000,18833
service,50000,2755
end_to_end,50000,33049
service,50000,11865
end_to_end,50000,21943
service,50000,826
end_to_end,50000,21228
service,50000,689
end_to_end,50000,15662
service,50000,1187
end_to_end,50000,9657
service,50000,1710
end_to_end,500000,18587
service,500000,401
end_to_end,50000,15400
service,50000,2721
end_to_end,50000,33340
service,50000,95
end_to_end,500000,15147
service,500000,991
end_to_end,500000,27240
service,500000,130
end_to_end,500000,22067
service,500000,1013
end_to_end,50000,19405
service,50000,938
end_to_end,500000,24994
service,500000,1750
end_to_end,50000,25617
service,50000,879
end_to_end,500000,13836
service,500000,1451
end_to_end,500000,17926
service,500000,1379
end_to_end,50000,15121
service,50000,2439
end_to_end,500000,24634
service,500000,297
end_to_end,50000,33864
service,50000,809
end_to_end,50000,23647
service,50000,1187
end_to_end,500000,28913
service,500000,4978
end_to_end,500000,14173
service,500000,3190
end_to_end,500000,16986
service,500000,766
end_to_end,500000,15523
service,500000,497
end_to_end,500000,16906
service,500000,36
end_to_end,50000,23483
service,50000,640
end_to_end,500000,30512
service,500000,397
end_to_end,50000,21515
service,50000,3350
end_to_end,50000,32952
service,50000,964
end_to_end,50000,18544
service,50000,335
end_to_end,50000,22992
service,50000,3685
end_to_end,50000,16197
service,50000,2517
end_to_end,50000,23719
service,50000,3181
end_to_end,500000,19926
service,500000,431
end_to_end,500000,23194
service,500000,5665
end_to_end,50000,24052
service,50000,8016
end_to_end,50000,23266
service,50000,495
end_to_end,500000,38218
service,500000,6157
end_to_end,500000,19731
service,500000,189
end_to_end,500000,18287
service,500000,383
end_to_end,500000,17638
service,500000,350
end_to_end,50000,30944
service,50000,4833
end_to_end,50000,8438
service,50000,529
end_to_end,50000,24707
service,50000,491
end_to_end,500000,31875
service,500000,1508
end_to_end,500000,21793
service,500000,2093
end_to_end,500000,29356
service,500000,1399
end_to_end,50000,20279
service,50000,356
end_to_end,50000,29932
service,50000,632
end_to_end,50000,23907
service,50000,4096
end_to_end,500000,12167
service,500000,3746
end_to_end,50000,22598
service,50000,516
end_to_end,500000,33355
service,500000,4228
end_to_end,500000,30056
service,500000,2778
end_to_end,50000,17999
service,50000,2226
end_to_end,500000,18154
service,500000,1856
end_to_end,500000,24952
service,500000,3290
end_to_end,500000,31508
service,500000,6652
end_to_end,50000,20820
service,50000,177
end_to_end,50000,30509
service,50000,543
end_to_end,500000,13414
service,500000,411
end_to_end,50000,25592
service,50000,1226
end_to_end,500000,21923
service,500000,2808
end_to_end,500000,20921
service,500000,4055
end_to_end,500000,20021
service,500000,1824
end_to_end,500000,17074
service,500000,1050
end_to_end,500000,41599
service,500000,599
end_to_end,500000,23601
service,500000,3204
end_to_end,50000,16893
service,50000,388
end_to_end,500000,16609
service,500000,787
end_to_end,50000,10369
service,50000,1060
end_to_end,50000,19087
service,50000,78
end_to_end,500000,32505
service,500000,2411
end_to_end,50000,29361
service,50000,681
end_to_end,500000,18933
service,500000,913
end_to_end,50000,9862
service,50000,1533
end_to_end,500000,24826
service,500000,521
end_to_end,50000,29999
service,50000,3434
end_to_end,500000,32090
service,500000,298
end_to_end,500000,26616
service,500000,1085
end_to_end,500000,31788
service,500000,455
end_to_end,500000,28951
service,500000,1838
end_to_end,50000,20745
service,50000,78
end_to_end,500000,11668
service,500000,211
end_to_end,500000,11747
service,500000,443
end_to_end,500000,23343
service,500000,94
end_to_end,500000,19733
service,500000,634
end_to_end,500000,13992
service,500000,238
end_to_end,500000,22149
service,500000,6036
end_to_end,50000,26023
service,50000,101
end_to_end,500000,24869
service,500000,61
end_to_end,500000,25276
service,500000,3499
end_to_end,50000,24548
service,50000,1478
end_to_end,500000,10254
service,500000,1168
end_to_end,50000,29048
service,50000,3416
end_to_end,50000,24576
service,50000,4809
end_to_end,50000,21362
service,50000,4383
end_to_end,50000,17118
service,50000,1697
end_to_end,500000,35807
service,500000,650
end_to_end,500000,15907
service,500000,334
end_to_end,500000,15243
service,500000,403
end_to_end,50000,12874
service,50000,1063
end_to_end,500000,17111
service,500000,5527
end_to_end,500000,30235
service,500000,9139
end_to_end,50000,29558
service,50000,380
end_to_end,500000,25084
service,500000,2078
end_to_end,50000,15047
service,50000,373
end_to_end,50000,23064
service,50000,6568
end_to_end,50000,14023
service,50000,1147
end_to_end,500000,14770
service,500000,385
end_to_end,50000,19871
service,50000,179
end_to_end,500000,21300
service,500000,357
end_to_end,500000,14322
service,500000,2375
end_to_end,50000,14849
service,50000,991
end_to_end,50000,23973
service,50000,2278
end_to_end,50000,16837
service,50000,981
end_to_end,500000,32547
service,500000,4115
end_to_end,50000,21624
service,50000,1503
end_to_end,50000,21881
service,50000,504
end_to_end,50000,19434
service,50000,4849
end_to_end,500000,25463
service,500000,46
end_to_end,500000,29985
service,500000,623
end_to_end,500000,18519
service,500000,259
end_to_end,50000,10352
service,50000,441
end_to_end,500000,18689
service,500000,549
end_to_end,50000,12683
service,50000,358
end_to_end,50000,17627
service,50000,4604
end_to_end,500000,21800
service,500000,2460
end_to_end,500000,19008
service,500000,2777
end_to_end,500000,30139
service,500000,2708
end_to_end,500000,20138
service,500000,100
end_to_end,500000,26231
service,500000,2512
end_to_end,50000,12968
service,50000,3234
end_to_end,500000,16058
service,500000,739
end_to_end,50000,21280
service,50000,788
end_to_end,50000,33251
service,50000,1123
end_to_end,50000,18026
service,50000,2516
end_to_end,500000,23665
service,500000,1517
end_to_end,50000,17292
service,50000,1728
end_to_end,50000,17690
service,50000,1484
end_to_end,500000,20475
service,500000,744
end_to_end,500000,20117
service,500000,1785
end_to_end,500000,21747
service,500000,1276
end_to_end,50000,17285
service,50000,787
end_to_end,500000,29110
service,500000,1405
end_to_end,500000,29154
service,500000,3081
end_to_end,500000,27878
service,500000,1031
end_to_end,50000,25332
service,50000,517
end_to_end,500000,24320
service,500000,9790
end_to_end,500000,16631
service,500000,5584
end_to_end,50000,15492
service,50000,398
end_to_end,500000,5647
service,500000,318
end_to_end,50000,26118
service,50000,3899
end_to_end,500000,20624
service,500000,1141
end_to_end,50000,20005
service,50000,2250
end_to_end,50000,25725
service,50000,1078
end_to_end,500000,18177
service,500000,379
end_to_end,50000,37972
service,50000,2165
end_to_end,500000,30152
service,500000,3780
end_to_end,500000,28219
service,500000,122
end_to_end,50000,21717
service,50000,22
end_to_end,50000,20777
service,50000,5821
end_to_end,500000,25209
service,500000,2091
end_to_end,500000,27602
service,500000,4769
end_to_end,50000,15408
service,50000,925
end_to_end,50000,28445
service,50000,379
end_to_end,500000,16716
service,500000,1235
end_to_end,500000,17687
service,500000,887
end_to_end,500000,19401
service,500000,1384
end_to_end,500000,16030
service,500000,1285
end_to_end,500000,31554
service,500000,1323
end_to_end,500000,11436
service,500000,1568
end_to_end,500000,32469
service,500000,1066
end_to_end,50000,30378
service,50000,1305
end_to_end,50000,25044
service,50000,1381
end_to_end,50000,34551
service,50000,1730
end_to_end,50000,19544
service,50000,141
end_to_end,500000,41894
service,500000,3262
end_to_end,500000,21977
service,500000,1088
end_to_end,500000,13580
service,500000,672
end_to_end,500000,15143
service,500000,1621
end_to_end,500000,17156
service,500000,361
end_to_end,500000,19538
service,500000,1120
end_to_end,500000,20668
service,500000,181
end_to_end,500000,45603
service,500000,7979
end_to_end,50000,27213
service,50000,81
end_to_end,500000,10984
service,500000,548
end_to_end,500000,27919
service,500000,5454
end_to_end,500000,38461
service,500000,1419
end_to_end,500000,33371
service,500000,5375
end_to_end,50000,14283
service,50000,70
end_to_end,50000,26632
service,50000,1044
end_to_end,50000,22954
service,50000,4184
end_to_end,500000,15696
service,500000,331
end_to_end,500000,31832
service,500000,662
end_to_end,50000,23690
service,50000,217
end_to_end,500000,13047
service,500000,577
end_to_end,500000,15709
service,500000,1706
end_to_end,50000,15590
service,50000,446
end_to_end,50000,28928
service,50000,3214
end_to_end,500000,13142
service,500000,4017
end_to_end,50000,22023
service,50000,147
end_to_end,50000,20437
service,50000,1696
end_to_end,500000,15933
service,500000,3765
end_to_end,500000,12971
service,500000,2124
end_to_end,500000,17927
service,500000,2189
end_to_end,50000,14029
service,50000,1148
end_to_end,50000,13848
service,50000,35
end_to_end,500000,41297
service,500000,140
end_to_end,50000,23790
service,50000,1173
end_to_end,500000,20605
service,500000,2107
end_to_end,50000,19226
service,50000,976
end_to_end,50000,15121
service,50000,1379
end_to_end,50000,31659
service,50000,733
end_to_end,50000,24878
service,50000,868
end_to_end,500000,20124
service,500000,96
end_to_end,500000,25090
service,500000,2889
end_to_end,50000,24697
service,50000,917
end_to_end,50000,26802
service,50000,128
end_to_end,50000,14289
service,50000,1703
end_to_end,500000,17041
service,500000,563
end_to_end,50000,13595
service,50000,2869
end_to_end,500000,44369
service,500000,282
end_to_end,50000,19670
service,50000,697
end_to_end,500000,16163
service,500000,1907
end_to_end,50000,13416
service,50000,366
end_to_end,500000,16883
service,500000,1035
end_to_end,500000,22119
service,500000,1880
end_to_end,50000,17187
service,50000,595
end_to_end,50000,12487
service,50000,349
end_to_end,50000,19790
service,50000,3543
end_to_end,50000,13331
service,50000,4229
end_to_end,50000,31565
service,50000,4852
end_to_end,500000,16837
service,500000,819
end_to_end,50000,25161
service,50000,6317
end_to_end,50000,21243
service,50000,7737
end_to_end,50000,18106
service,50000,3370
end_to_end,50000,22866
service,50000,625
end_to_end,500000,24221
service,500000,174
end_to_end,500000,31879
service,500000,2812
end_to_end,50000,15432
service,50000,1867
end_to_end,50000,12792
service,50000,978
end_to_end,50000,23170
service,50000,727
end_to_end,500000,19810
service,500000,445
end_to_end,500000,18597
service,500000,4042
end_to_end,500000,29226
service,500000,2157
end_to_end,50000,26077
service,50000,2082
end_to_end,500000,22945
service,500000,537
end_to_end,50000,35147
service,50000,710
end_to_end,50000,26513
service,50000,1571
end_to_end,50000,20464
service,50000,536
end_to_end,50000,15781
service,50000,823
end_to_end,500000,25279
service,500000,2117
end_to_end,50000,14820
service,50000,767
end_to_end,50000,19793
service,50000,1478
end_to_end,500000,17908
service,500000,1812
end_to_end,50000,12173
service,50000,1029
end_to_end,50000,19356
service,50000,1441
end_to_end,500000,21259
service,500000,1896
end_to_end,500000,16361
service,500000,2176
end_to_end,500000,15127
service,500000,686
end_to_end,50000,16707
service,50000,118
end_to_end,50000,17698
service,50000,1249
end_to_end,500000,22495
service,500000,3177
end_to_end,50000,13885
service,50000,2714
end_to_end,50000,19897
service,50000,274
end_to_end,50000,18278
service,50000,208
end_to_end,500000,25085
service,500000,2006
end_to_end,50000,17005
service,50000,110
end_to_end,500000,31055
service,500000,889
end_to_end,500000,37767
service,500000,120
end_to_end,500000,19730
service,500000,712
end_to_end,50000,37510
service,50000,246
end_to_end,50000,20228
service,50000,952
end_to_end,500000,33409
service,500000,4200
end_to_end,500000,27149
service,500000,515
end_to_end,50000,12098
service,50000,907
end_to_end,50000,10930
service,50000,452
end_to_end,50000,16518
service,50000,6268
end_to_end,50000,34519
service,50000,222
end_to_end,50000,20137
service,50000,764
end_to_end,50000,18223
service,50000,2697
end_to_end,50000,29025
service,50000,739
end_to_end,500000,18165
service,500000,2917
end_to_end,500000,28611
service,500000,2239
end_to_end,500000,25602
service,500000,786
end_to_end,50000,16538
service,50000,2274
end_to_end,500000,15034
service,500000,426
end_to_end,500000,25165
service,500000,2872
end_to_end,500000,14801
service,500000,58
end_to_end,500000,11766
service,500000,606
end_to_end,50000,12644
service,50000,5021
end_to_end,500000,12304
service,500000,109
end_to_end,500000,21105
service,500000,7084
end_to_end,50000,22023
service,50000,903
end_to_end,500000,30702
service,500000,332
end_to_end,500000,24523
service,500000,7960
end_to_end,500000,17549
service,500000,460
end_to_end,500000,24413
service,500000,2316
end_to_end,50000,11740
service,50000,490
end_to_end,50000,22048
service,50000,3195
end_to_end,50000,13838
service,50000,1177
end_to_end,50000,13331
service,50000,5959
end_to_end,50000,16390
service,50000,6796
end_to_end,50000,22574
service,50000,723
end_to_end,500000,9845
service,500000,387
end_to_end,500000,16484
service,500000,928
end_to_end,500000,22911
service,500000,126
end_to_end,500000,26291
service,500000,3902
end_to_end,50000,12811
service,50000,435
end_to_end,50000,24573
service,50000,8590
end_to_end,50000,15102
service,50000,276
end_to_end,50000,21420
service,50000,7514
end_to_end,500000,18991
service,500000,3114
end_to_end,50000,17193
service,50000,1921
end_to_end,50000,15075
service,50000,387
end_to_end,500000,14866
service,500000,502
end_to_end,50000,14330
service,50000,2438
end_to_end,500000,19187
service,500000,981
end_to_end,500000,26182
service,500000,4439
end_to_end,50000,21448
service,50000,393
end_to_end,50000,18349
service,50000,2901
end_to_end,50000,26434
service,50000,3022
end_to_end,500000,12820
service,500000,2193
end_to_end,500000,12302
service,500000,1341
end_to_end,500000,37221
service,500000,8746
end_to_end,500000,24202
service,500000,1040
end_to_end,500000,10776
service,500000,867
end_to_end,500000,29851
service,500000,1034
end_to_end,500000,17160
service,500000,3075
end_to_end,500000,27710
service,500000,439
end_to_end,500000,26906
service,500000,1731
end_to_end,500000,29275
service,500000,1081
end_to_end,50000,14019
service,50000,2345
end_to_end,50000,40385
service,50000,1557
end_to_end,50000,17259
service,50000,2267
end_to_end,500000,26189
service,500000,574
end_to_end,50000,19322
service,50000,1325
end_to_end,500000,12949
service,500000,847
end_to_end,500000,16213
service,500000,2990
end_to_end,500000,16757
service,500000,1466
end_to_end,500000,16232
service,500000,578
end_to_end,50000,19786
service,50000,1597
end_to_end,50000,15336
service,50000,1198
end_to_end,50000,21158
service,50000,698
end_to_end,500000,16003
service,500000,1082
end_to_end,50000,19807
service,50000,1724
end_to_end,500000,15501
service,500000,550
end_to_end,500000,12647
service,500000,979
end_to_end,50000,16586
service,50000,1334
end_to_end,50000,26242
service,50000,714
end_to_end,50000,21308
service,50000,935
end_to_end,500000,26074
service,500000,81
end_to_end,500000,27424
service,500000,6433
end_to_end,50000,18153
service,50000,2732
end_to_end,500000,17979
service,500000,1561
end_to_end,50000,13710
service,50000,659
end_to_end,500000,19575
service,500000,1607
end_to_end,500000,17816
service,500000,866
end_to_end,500000,17876
service,500000,2038
end_to_end,500000,28603
service,500000,732
end_to_end,500000,12359
service,500000,866
end_to_end,50000,23556
service,50000,1393
end_to_end,50000,21253
service,50000,567
end_to_end,500000,21203
service,500000,2278
end_to_end,500000,22533
service,500000,2115
end_to_end,50000,25334
service,50000,3412
end_to_end,50000,20055
service,50000,1531
end_to_end,500000,23389
service,500000,162
end_to_end,50000,14873
service,50000,236
end_to_end,500000,15116
service,500000,413
end_to_end,50000,15365
service,50000,84
end_to_end,50000,19525
service,50000,1426
end_to_end,500000,20088
service,500000,974
end_to_end,50000,22473
service,50000,1162
end_to_end,50000,22884
service,50000,407
end_to_end,500000,21770
service,500000,545
end_to_end,50000,18641
service,50000,3568
end_to_end,500000,22671
service,500000,1628
end_to_end,500000,18612
service,500000,2927
end_to_end,50000,19860
service,50000,3364
end_to_end,500000,15178
service,500000,152
end_to_end,50000,22571
service,50000,3644
end_to_end,50000,23955
service,50000,8391
end_to_end,500000,24417
service,500000,2238
end_to_end,50000,30064
service,50000,828
end_to_end,500000,21367
service,500000,832
end_to_end,500000,14143
service,500000,879
end_to_end,500000,31844
service,500000,1530
end_to_end,500000,15554
service,500000,2409
end_to_end,500000,14287
service,500000,217
end_to_end,500000,26183
service,500000,1009
end_to_end,500000,20331
service,500000,98
end_to_end,50000,25746
service,50000,380
end_to_end,50000,19672
service,50000,1048
end_to_end,50000,13067
service,50000,1237
end_to_end,500000,22896
service,500000,4070
end_to_end,50000,21202
service,50000,5892
end_to_end,50000,16418
service,50000,1612
end_to_end,500000,19129
service,500000,1268
end_to_end,500000,15972
service,500000,1471
end_to_end,50000,34178
service,50000,107
end_to_end,50000,20839
service,50000,2457
end_to_end,50000,22903
service,50000,3478
end_to_end,50000,11189
service,50000,860
end_to_end,50000,33778
service,50000,2645
end_to_end,500000,12891
service,500000,1228
end_to_end,50000,14051
service,50000,2535
end_to_end,500000,20568
service,500000,2274
end_to_end,500000,17279
service,500000,1717
end_to_end,500000,22302
service,500000,783
end_to_end,50000,28988
service,50000,252
end_to_end,500000,18240
service,500000,1506
end_to_end,500000,26089
service,500000,604
end_to_end,50000,16019
service,50000,229
end_to_end,50000,20395
service,50000,90
end_to_end,500000,10611
service,500000,1694
end_to_end,50000,7572
service,50000,345
end_to_end,50000,14939
service,50000,615
end_to_end,500000,13482
service,500000,127
end_to_end,500000,14172
service,500000,1357
end_to_end,500000,27406
service,500000,1452
end_to_end,50000,16387
service,50000,353
end_to_end,500000,30015
service,500000,488
end_to_end,500000,13052
service,500000,1517
end_to_end,500000,9090
service,500000,430
end_to_end,50000,15284
service,50000,542
end_to_end,50000,20408
service,50000,7836
end_to_end,50000,18566
service,50000,101
end_to_end,50000,14078
service,50000,1005
end_to_end,500000,10346
service,500000,436
end_to_end,500000,16743
service,500000,108
end_to_end,50000,24971
service,50000,2178
end_to_end,50000,11578
service,50000,327
end_to_end,50000,35037
service,50000,1722
end_to_end,50000,9076
service,50000,86
end_to_end,50000,8931
service,50000,3462
end_to_end,50000,28226
service,50000,2600
end_to_end,50000,20067
service,50000,1724
end_to_end,50000,12484
service,50000,1432
end_to_end,500000,12147
service,500000,394
end_to_end,500000,22313
service,500000,2884
end_to_end,50000,23522
service,50000,4810
end_to_end,500000,16734
service,500000,180
end_to_end,500000,15078
service,500000,3164
end_to_end,500000,22529
service,500000,187
end_to_end,500000,29584
service,500000,1409
end_to_end,500000,14307
service,500000,372
end_to_end,50000,16658
service,50000,151
end_to_end,50000,23710
service,50000,3057
end_to_end,500000,23930
service,500000,5113
end_to_end,50000,31878
service,50000,5769
end_to_end,50000,9687
service,50000,640
end_to_end,500000,15349
service,500000,408
end_to_end,50000,22375
service,50000,1819
end_to_end,500000,21010
service,500000,378
end_to_end,50000,21328
service,50000,624
end_to_end,50000,20569
service,50000,2969
end_to_end,50000,22173
service,50000,799
end_to_end,50000,13231
service,50000,1153
end_to_end,500000,9757
service,500000,315
end_to_end,50000,11568
service,50000,182
end_to_end,500000,15744
service,500000,68
end_to_end,50000,23116
service,50000,440
end_to_end,500000,20918
service,500000,5397
end_to_end,50000,8326
service,50000,188
end_to_end,500000,28753
service,500000,1377
end_to_end,50000,20422
service,50000,4923
end_to_end,500000,20365
service,500000,1086
end_to_end,50000,35486
service,50000,737
end_to_end,500000,33054
service,500000,7069
end_to_end,500000,20787
service,500000,421
end_to_end,50000,22012
service,50000,4755
end_to_end,50000,28239
service,50000,1438
end_to_end,500000,16217
service,500000,1254
end_to_end,50000,25615
service,50000,4336
end_to_end,500000,18679
service,500000,53
end_to_end,500000,17570
service,500000,2113
end_to_end,500000,31709
service,500000,3248
end_to_end,500000,18143
service,500000,963
end_to_end,500000,28419
service,500000,3875
end_to_end,50000,25123
service,50000,338
end_to_end,500000,31540
service,500000,8622
end_to_end,50000,15537
service,50000,3456
end_to_end,500000,19931
service,500000,1331
end_to_end,50000,30242
service,50000,4725
end_to_end,500000,31030
service,500000,964
end_to_end,500000,37928
service,500000,15698
end_to_end,50000,17790
service,50000,462
end_to_end,50000,26640
service,50000,3064
end_to_end,500000,19659
service,500000,3252
end_to_end,50000,7736
service,50000,1046
end_to_end,50000,28245
service,50000,3551
end_to_end,50000,25506
service,50000,529
end_to_end,500000,19671
service,500000,1619
end_to_end,50000,18901
service,50000,456
end_to_end,50000,18060
service,50000,3438
end_to_end,500000,25870
service,500000,156
end_to_end,50000,20926
service,50000,1693
end_to_end,500000,22472
service,500000,620
end_to_end,50000,24581
service,50000,1219
end_to_end,500000,19842
service,500000,2638
end_to_end,500000,35337
service,500000,3000
end_to_end,500000,18342
service,500000,1205
end_to_end,50000,15093
service,50000,1515
end_to_end,50000,15628
service,50000,1769
end_to_end,50000,22409
service,50000,1149
end_to_end,500000,17316
service,500000,5525
end_to_end,500000,11171
service,500000,32
end_to_end,50000,13953
service,50000,878
end_to_end,50000,21026
service,50000,5862
end_to_end,50000,19694
service,50000,2101
end_to_end,500000,22703
service,500000,5500
end_to_end,500000,21622
service,500000,223
end_to_end,500000,14412
service,500000,184
end_to_end,500000,24463
service,500000,392
end_to_end,500000,32108
service,500000,1635
end_to_end,500000,17237
service,500000,2466
end_to_end,50000,14164
service,50000,417
end_to_end,50000,18310
service,50000,1350
end_to_end,500000,31126
service,500000,777
end_to_end,500000,12474
service,500000,2530
end_to_end,500000,18017
service,500000,2283
end_to_end,500000,26645
service,500000,3579
end_to_end,500000,22783
service,500000,721
end_to_end,50000,17679
service,50000,3549
end_to_end,500000,20209
service,500000,2290
end_to_end,50000,4735
service,50000,528
end_to_end,50000,16315
service,50000,2562
end_to_end,500000,15595
service,500000,7372
end_to_end,500000,25739
service,500000,541
end_to_end,500000,24934
service,500000,2992
end_to_end,500000,21164
service,500000,934
end_to_end,500000,15111
service,500000,1419
end_to_end,500000,13680
service,500000,131
end_to_end,50000,16006
service,50000,1811
end_to_end,500000,23947
service,500000,4383
end_to_end,50000,14621
service,50000,698
end_to_end,50000,11947
service,50000,776
end_to_end,500000,21899
service,500000,6766
end_to_end,50000,17817
service,50000,791
end_to_end,500000,21920
service,500000,2654
end_to_end,500000,26957
service,500000,224
end_to_end,50000,17525
service,50000,1251
end_to_end,500000,29857
service,500000,1783
end_to_end,500000,18860
service,500000,878
end_to_end,500000,17684
service,500000,581
end_to_end,500000,8177
service,500000,94
end_to_end,500000,19534
service,500000,252
end_to_end,50000,10367
service,50000,1110
end_to_end,500000,15295
service,500000,496
end_to_end,50000,12993
service,50000,389
end_to_end,50000,17519
service,50000,1406
end_to_end,500000,19226
service,500000,2629
end_to_end,500000,17776
service,500000,1002
end_to_end,500000,32184
service,500000,155
end_to_end,500000,31312
service,500000,1056
end_to_end,500000,27246
service,500000,724
end_to_end,50000,13221
service,50000,675
end_to_end,50000,17515
service,50000,901
end_to_end,50000,24762
service,50000,224
end_to_end,50000,24310
service,50000,100
end_to_end,500000,13179
service,500000,3811
end_to_end,500000,12251
service,500000,3364
end_to_end,50000,13849
service,50000,2544
end_to_end,50000,41471
service,50000,2502
end_to_end,500000,29126
service,500000,6580
end_to_end,500000,23342
service,500000,5798
end_to_end,50000,14424
service,50000,1958
end_to_end,500000,23015
service,500000,1327
end_to_end,500000,24671
service,500000,1027
end_to_end,500000,20285
service,500000,356
end_to_end,50000,26524
service,50000,1275
end_to_end,50000,11580
service,50000,3183
end_to_end,500000,27363
service,500000,214
end_to_end,50000,16024
service,50000,388
end_to_end,500000,22036
service,500000,1000
end_to_end,500000,16791
service,500000,1393
end_to_end,500000,29100
service,500000,639
end_to_end,50000,27464
service,50000,3379
end_to_end,50000,7035
service,50000,501
end_to_end,50000,26711
service,50000,891
end_to_end,500000,19156
service,500000,4201
end_to_end,500000,11152
service,500000,1092
end_to_end,50000,12984
service,50000,927
end_to_end,50000,16214
service,50000,82
end_to_end,500000,14074
service,500000,3360
end_to_end,500000,26228
service,500000,736
end_to_end,50000,14684
service,50000,91
end_to_end,500000,21392
service,500000,947
end_to_end,500000,25322
service,500000,1838
end_to_end,500000,29422
service,500000,695
end_to_end,50000,22015
service,50000,48
end_to_end,50000,16594
service,50000,3778
end_to_end,500000,9608
service,500000,1715
end_to_end,500000,13209
service,500000,800
end_to_end,500000,21884
service,500000,412
end_to_end,500000,16554
service,500000,843
end_to_end,500000,26467
service,500000,1096
end_to_end,50000,12242
service,50000,658
end_to_end,500000,15990
service,500000,2309
end_to_end,50000,25335
service,50000,2119
end_to_end,500000,29474
service,500000,4006
end_to_end,500000,19129
service,500000,826
end_to_end,500000,20211
service,500000,533
end_to_end,50000,30138
service,50000,8422
end_to_end,500000,26599
service,500000,1576
end_to_end,50000,22116
service,50000,806
end_to_end,50000,24306
service,50000,108
end_to_end,500000,25555
service,500000,6928
end_to_end,500000,14819
service,500000,457
end_to_end,50000,19894
service,50000,781
end_to_end,500000,13863
service,500000,795
end_to_end,500000,24268
service,500000,3447
end_to_end,50000,35213
service,50000,262
end_to_end,50000,23761
service,50000,2750
end_to_end,50000,36507
service,50000,2329
end_to_end,50000,25868
service,50000,3931
end_to_end,50000,28544
service,50000,1694
end_to_end,50000,23036
service,50000,483
end_to_end,50000,31556
service,50000,2708
end_to_end,500000,30768
service,500000,312
end_to_end,500000,23963
service,500000,4212
end_to_end,50000,9260
service,50000,1406
end_to_end,50000,24710
service,50000,506
end_to_end,50000,34137
service,50000,2340
end_to_end,500000,16448
service,500000,2064
end_to_end,500000,22663
service,500000,2722
end_to_end,50000,12543
service,50000,236
end_to_end,500000,18618
service,500000,737
end_to_end,500000,20297
service,500000,859
end_to_end,500000,17990
service,500000,2564
end_to_end,50000,17281
service,50000,1010
end_to_end,500000,18807
service,500000,2558
end_to_end,500000,21698
service,500000,266
end_to_end,500000,26109
service,500000,2791
end_to_end,500000,34532
service,500000,1860
end_to_end,50000,24918
service,50000,1447
end_to_end,50000,20894
service,50000,2783
end_to_end,50000,23244
service,50000,285
end_to_end,500000,23358
service,500000,2755
end_to_end,500000,17145
service,500000,2394
end_to_end,500000,20644
service,500000,568
end_to_end,50000,10841
service,50000,660
end_to_end,50000,27059
service,50000,5772
end_to_end,500000,15437
service,500000,236
end_to_end,500000,10374
service,500000,33
end_to_end,500000,26090
service,500000,627
end_to_end,50000,26350
service,50000,2292
end_to_end,500000,22893
service,500000,291
end_to_end,500000,17301
service,500000,242
end_to_end,500000,19981
service,500000,1628
end_to_end,500000,25912
service,500000,1420
end_to_end,500000,27268
service,500000,2534
end_to_end,500000,20855
service,500000,240
end_to_end,500000,19481
service,500000,870
end_to_end,500000,12311
service,500000,1202
end_to_end,500000,22066
service,500000,789
end_to_end,500000,24024
service,500000,2645
end_to_end,500000,8959
service,500000,1722
end_to_end,50000,14302
service,50000,969
end_to_end,500000,22676
service,500000,300
end_to_end,500000,21010
service,500000,759
end_to_end,50000,16049
service,50000,337
end_to_end,500000,16147
service,500000,1437
end_to_end,50000,37822
service,50000,2457
end_to_end,500000,14432
service,500000,219
end_to_end,50000,30100
service,50000,6035
end_to_end,50000,22293
service,50000,250
end_to_end,50000,24160
service,50000,1466
end_to_end,50000,10260
service,50000,3484
end_to_end,500000,30966
service,500000,954
end_to_end,50000,19950
service,50000,2564
end_to_end,50000,19869
service,50000,2074
end_to_end,50000,17834
service,50000,173
end_to_end,50000,8749
service,50000,2602
end_to_end,50000,28358
service,50000,3608
end_to_end,50000,25072
service,50000,691
end_to_end,50000,20190
service,50000,665
end_to_end,500000,28995
service,500000,1138
end_to_end,500000,17268
service,500000,448
end_to_end,50000,17913
service,50000,1127
end_to_end,50000,28081
service,50000,4756
end_to_end,50000,23201
service,50000,704
end_to_end,50000,17488
service,50000,1157
end_to_end,50000,20193
service,50000,49
end_to_end,500000,10852
service,500000,626
end_to_end,50000,25552
service,50000,1636
end_to_end,500000,13280
service,500000,286
end_to_end,50000,23746
service,50000,1904
end_to_end,500000,34287
service,500000,332
end_to_end,50000,18996
service,50000,780
end_to_end,500000,14797
service,500000,1365
end_to_end,50000,20749
service,50000,3489
end_to_end,500000,32761
service,500000,1374
end_to_end,500000,30448
service,500000,2557
end_to_end,500000,39078
service,500000,5118
end_to_end,50000,23865
service,50000,8473
end_to_end,500000,26320
service,500000,3459
end_to_end,50000,21217
service,50000,1478
end_to_end,50000,24023
service,50000,5255
end_to_end,500000,8801
service,500000,610
end_to_end,50000,13302
service,50000,336
end_to_end,500000,19381
service,500000,1943
end_to_end,50000,16957
service,50000,1997
end_to_end,500000,30311
service,500000,1048
end_to_end,50000,21383
service,50000,530
end_to_end,50000,12475
service,50000,826
end_to_end,500000,16605
service,500000,5864
end_to_end,50000,19870
service,50000,3054
end_to_end,500000,15469
service,500000,1637
end_to_end,500000,23359
service,500000,2341
end_to_end,500000,27706
service,500000,228
end_to_end,50000,20266
service,50000,50
end_to_end,50000,26684
service,50000,3036
end_to_end,50000,22667
service,50000,2445
end_to_end,500000,21299
service,500000,291
end_to_end,50000,25423
service,50000,1103
end_to_end,50000,11994
service,50000,2025
end_to_end,50000,15330
service,50000,279
end_to_end,50000,23839
service,50000,1808
end_to_end,500000,25803
service,500000,2000
end_to_end,500000,16083
service,500000,1516
end_to_end,500000,29509
service,500000,7325
end_to_end,50000,15298
service,50000,158
end_to_end,50000,32694
service,50000,3458
end_to_end,50000,17349
service,50000,828
end_to_end,500000,30506
service,500000,2015
end_to_end,500000,39149
service,500000,3324
end_to_end,500000,16746
service,500000,1327
end_to_end,500000,9085
service,500000,1435
end_to_end,500000,21302
service,500000,7131
end_to_end,50000,18116
service,50000,4908
end_to_end,50000,28612
service,50000,55
end_to_end,500000,16148
service,500000,43
end_to_end,50000,18972
service,50000,994
end_to_end,500000,18266
service,500000,2570
end_to_end,50000,19592
service,50000,805
end_to_end,500000,15360
service,500000,1014
end_to_end,500000,17963
service,500000,219
end_to_end,500000,26419
service,500000,322
end_to_end,50000,37307
service,50000,793
end_to_end,50000,31631
service,50000,652
end_to_end,500000,10252
service,500000,701
end_to_end,500000,23599
service,500000,2342
end_to_end,50000,13459
service,50000,1021
end_to_end,50000,18950
service,50000,535
end_to_end,500000,12999
service,500000,89
end_to_end,500000,28312
service,500000,685
end_to_end,500000,27754
service,500000,3631
end_to_end,500000,17923
service,500000,242
end_to_end,50000,40891
service,50000,345
end_to_end,500000,28982
service,500000,998
end_to_end,500000,25213
service,500000,287
end_to_end,500000,17660
service,500000,1999
end_to_end,50000,22683
service,50000,1075
end_to_end,50000,23411
service,50000,1958
end_to_end,50000,13027
service,50000,29
end_to_end,500000,30752
service,500000,8880
end_to_end,50000,11297
service,50000,866
end_to_end,50000,24122
service,50000,2311
end_to_end,50000,11616
service,50000,682
end_to_end,50000,24086
service,50000,3213
end_to_end,500000,29292
service,500000,3652
end_to_end,50000,12138
service,50000,1128
end_to_end,500000,21420
service,500000,163
end_to_end,500000,28430
service,500000,6251
end_to_end,50000,25960
service,50000,12846
end_to_end,50000,42587
service,50000,2563
end_to_end,50000,28212
service,50000,713
end_to_end,500000,18341
service,500000,10369
end_to_end,500000,28305
service,500000,791
end_to_end,500000,35604
service,500000,178
end_to_end,50000,9177
service,50000,465
end_to_end,50000,14947
service,50000,436
end_to_end,50000,23101
service,50000,338
end_to_end,500000,22305
service,500000,5201
end_to_end,50000,9358
service,50000,709
end_to_end,500000,19635
service,500000,851
end_to_end,50000,22121
service,50000,4827
end_to_end,50000,13739
service,50000,3212
end_to_end,500000,23907
service,500000,774
end_to_end,500000,22091
service,500000,711
end_to_end,500000,23910
service,500000,4580
end_to_end,500000,22757
service,500000,3585
end_to_end,50000,22879
service,50000,2156
end_to_end,500000,18499
service,500000,2528
end_to_end,500000,12833
service,500000,417
end_to_end,500000,17978
service,500000,1494
end_to_end,50000,15526
service,50000,504
end_to_end,50000,17827
service,50000,3842
end_to_end,50000,17131
service,50000,2488
end_to_end,50000,27105
service,50000,965
end_to_end,500000,24614
service,500000,3656
end_to_end,50000,38409
service,50000,1601
end_to_end,50000,27077
service,50000,4242
end_to_end,50000,26674
service,50000,2482
end_to_end,500000,13168
service,500000,327
end_to_end,500000,9780
service,500000,142
end_to_end,50000,35883
service,50000,3862
end_to_end,50000,13695
service,50000,46
end_to_end,50000,15524
service,50000,137
end_to_end,500000,15688
service,500000,1048
end_to_end,500000,16390
service,500000,3305
end_to_end,50000,13229
service,50000,1080
end_to_end,500000,22906
service,500000,4626
end_to_end,50000,23063
service,50000,241
end_to_end,500000,21591
service,500000,1443
end_to_end,500000,21046
service,500000,5664
end_to_end,50000,25807
service,50000,5817
end_to_end,500000,25403
service,500000,11473
end_to_end,500000,15147
service,500000,1615
end_to_end,50000,15555
service,50000,552
end_to_end,50000,17740
service,50000,6752
end_to_end,500000,14599
service,500000,803
end_to_end,50000,9101
service,50000,990
end_to_end,50000,23643
service,50000,1999
end_to_end,50000,18126
service,50000,1518
end_to_end,500000,29939
service,500000,355
end_to_end,50000,20119
service,50000,205
end_to_end,500000,25514
service,500000,1628
end_to_end,500000,25887
service,500000,2009
end_to_end,500000,18695
service,500000,4284
end_to_end,50000,14494
service,50000,721
end_to_end,500000,26640
service,500000,613
end_to_end,50000,27901
service,50000,792
end_to_end,500000,18178
service,500000,2508
end_to_end,500000,18066
service,500000,469
end_to_end,50000,24543
service,50000,2016
end_to_end,50000,13592
service,50000,1386
end_to_end,500000,20064
service,500000,2346
end_to_end,50000,20682
service,50000,2142
end_to_end,500000,16558
service,500000,2034
end_to_end,500000,14055
service,500000,31
end_to_end,50000,30539
service,50000,7331
end_to_end,500000,22070
service,500000,1168
end_to_end,50000,14439
service,50000,684
end_to_end,500000,17349
service,500000,1874
end_to_end,50000,18366
service,50000,2041
end_to_end,500000,21658
service,500000,745
end_to_end,500000,17548
service,500000,1353
end_to_end,50000,23793
service,50000,3887
end_to_end,50000,23295
service,50000,2616
end_to_end,50000,16935
service,50000,1277
end_to_end,500000,23516
service,500000,11588
end_to_end,50000,15648
service,50000,2047
end_to_end,50000,17563
service,50000,477
end_to_end,50000,35471
service,50000,8591
end_to_end,500000,18730
service,500000,3
end_to_end,500000,39898
service,500000,3211
end_to_end,500000,41567
service,500000,5247
end_to_end,50000,21152
service,50000,892
end_to_end,50000,9729
service,50000,899
end_to_end,500000,17162
service,500000,5076
end_to_end,50000,22302
service,50000,4080
end_to_end,500000,16284
service,500000,151
end_to_end,50000,7941
service,50000,1022
end_to_end,500000,24355
service,500000,1090
end_to_end,500000,16202
service,500000,2180
end_to_end,50000,17339
service,50000,1598
end_to_end,50000,12874
service,50000,2197
end_to_end,500000,17426
service,500000,5204
end_to_end,50000,22362
service,50000,3339
end_to_end,500000,14140
service,500000,565
end_to_end,50000,15386
service,50000,166
end_to_end,500000,19275
service,500000,354
end_to_end,50000,15565
service,50000,2378
end_to_end,500000,25437
service,500000,154
end_to_end,500000,20111
service,500000,2353
end_to_end,500000,20475
service,500000,131
end_to_end,500000,14710
service,500000,1279
end_to_end,50000,7541
service,50000,327
end_to_end,500000,22914
service,500000,1342
end_to_end,50000,12765
service,50000,519
end_to_end,50000,22139
service,50000,827
end_to_end,50000,21643
service,50000,4086
end_to_end,500000,16521
service,500000,1055
end_to_end,50000,11996
service,50000,343
end_to_end,50000,21684
service,50000,1737
end_to_end,500000,27292
service,500000,482
end_to_end,500000,11693
service,500000,218
end_to_end,50000,27510
service,50000,3267
end_to_end,50000,17511
service,50000,3901
end_to_end,500000,9235
service,500000,2244
end_to_end,500000,27337
service,500000,1141
end_to_end,500000,13649
service,500000,1160
end_to_end,500000,23484
service,500000,4762
end_to_end,50000,14946
service,50000,2944
end_to_end,50000,18686
service,50000,2060
end_to_end,500000,29916
service,500000,2108
end_to_end,50000,8945
service,50000,111
end_to_end,50000,22443
service,50000,519
end_to_end,50000,14111
service,50000,1404
end_to_end,50000,26649
service,50000,1196
end_to_end,500000,8757
service,500000,628
end_to_end,500000,11634
service,500000,265
end_to_end,500000,27127
service,500000,1740
end_to_end,50000,27997
service,50000,229
end_to_end,500000,24827
service,500000,255
end_to_end,500000,21433
service,500000,2233
end_to_end,500000,26849
service,500000,353
end_to_end,500000,18799
service,500000,67
end_to_end,500000,12515
service,500000,245
end_to_end,50000,28802
service,50000,9423
end_to_end,500000,23744
service,500000,303
end_to_end,500000,18090
service,500000,754
end_to_end,50000,27695
service,50000,1729
end_to_end,50000,20878
service,50000,540
end_to_end,500000,18384
service,500000,5529
end_to_end,50000,16686
service,50000,3497
end_to_end,500000,20133
service,500000,385
end_to_end,500000,18245
service,500000,1052
end_to_end,50000,28235
service,50000,707
end_to_end,50000,20271
service,50000,1206
end_to_end,500000,28133
service,500000,303
end_to_end,50000,10877
service,50000,2489
end_to_end,500000,33740
service,500000,5665
end_to_end,500000,36953
service,500000,84
end_to_end,500000,30373
service,500000,914
end_to_end,50000,29163
service,50000,6123
end_to_end,500000,18350
service,500000,570
end_to_end,50000,14068
service,50000,2379
end_to_end,500000,21241
service,500000,1423
end_to_end,500000,18443
service,500000,188
end_to_end,50000,23706
service,50000,3623
end_to_end,500000,30435
service,500000,210
end_to_end,500000,28971
service,500000,1776
end_to_end,500000,22418
service,500000,2407
end_to_end,500000,23616
service,500000,5758
end_to_end,500000,31292
service,500000,688
end_to_end,50000,16933
service,50000,1524
end_to_end,50000,18941
service,50000,603
end_to_end,500000,16851
service,500000,1888
end_to_end,50000,14498
service,50000,759
end_to_end,500000,25352
service,500000,2241
end_to_end,50000,22451
service,50000,177
end_to_end,50000,20625
service,50000,1310
end_to_end,50000,24152
service,50000,3526
end_to_end,500000,27773
service,500000,2560
end_to_end,500000,21075
service,500000,4999
end_to_end,50000,12298
service,50000,1599
end_to_end,50000,22887
service,50000,156
end_to_end,50000,27900
service,50000,1290
end_to_end,500000,26592
service,500000,3928
end_to_end,500000,13247
service,500000,254
end_to_end,50000,27279
service,50000,1764
end_to_end,500000,19347
service,500000,1127
end_to_end,50000,19151
service,50000,796
end_to_end,500000,13665
service,500000,398
end_to_end,500000,30718
service,500000,1617
end_to_end,50000,30968
service,50000,737
end_to_end,50000,9376
service,50000,1133
end_to_end,50000,27915
service,50000,4604
end_to_end,500000,15944
service,500000,1230
end_to_end,500000,26542
service,500000,6485
end_to_end,500000,31927
service,500000,133
end_to_end,500000,20968
service,500000,6520
end_to_end,500000,18957
service,500000,1082
end_to_end,50000,13010
service,50000,159
end_to_end,500000,27849
service,500000,817
end_to_end,50000,18549
service,50000,246
end_to_end,50000,20920
service,50000,5762
end_to_end,500000,23623
service,500000,233
end_to_end,50000,20474
service,50000,3032
end_to_end,500000,13099
service,500000,292
end_to_end,50000,29325
service,50000,3769
end_to_end,500000,21463
service,500000,4244
end_to_end,50000,10165
service,50000,302
end_to_end,50000,17667
service,50000,659
end_to_end,500000,38721
service,500000,592
end_to_end,50000,22443
service,50000,1273
end_to_end,50000,25419
service,50000,1953
end_to_end,500000,15269
service,500000,1301
end_to_end,50000,17840
service,50000,67
end_to_end,50000,38073
service,50000,14640
end_to_end,500000,30784
service,500000,2543
end_to_end,50000,17423
service,50000,3268
end_to_end,500000,25369
service,500000,977
end_to_end,500000,27629
service,500000,6791
end_to_end,50000,20965
service,50000,396
end_to_end,50000,13017
service,50000,1094
end_to_end,50000,23233
service,50000,1425
end_to_end,50000,28379
service,50000,1374
end_to_end,50000,28335
service,50000,163
end_to_end,50000,36509
service,50000,699
end_to_end,50000,30154
service,50000,6061
end_to_end,50000,7666
service,50000,58
end_to_end,50000,21390
service,50000,617
end_to_end,50000,23057
service,50000,1402
end_to_end,50000,23652
service,50000,10932
end_to_end,500000,20108
service,500000,97
end_to_end,500000,31497
service,500000,4417
end_to_end,500000,27079
service,500000,1696
end_to_end,50000,17273
service,50000,1664
end_to_end,500000,12055
service,500000,3534
end_to_end,50000,23052
service,50000,1933
end_to_end,500000,21415
service,500000,425
end_to_end,500000,26007
service,500000,271
end_to_end,50000,16398
service,50000,195
end_to_end,50000,35200
service,50000,998
end_to_end,500000,25291
service,500000,478
end_to_end,500000,16668
service,500000,312
end_to_end,500000,23181
service,500000,1529
end_to_end,50000,23836
service,50000,3493
end_to_end,500000,11126
service,500000,1505
end_to_end,500000,11566
service,500000,100
end_to_end,500000,16434
service,500000,1998
end_to_end,50000,39369
service,50000,1533
end_to_end,50000,20870
service,50000,503
end_to_end,50000,23607
service,50000,2624
end_to_end,500000,41755
service,500000,3811
end_to_end,50000,21170
service,50000,4606
end_to_end,50000,28261
service,50000,5511
end_to_end,50000,13473
service,50000,70
end_to_end,50000,25847
service,50000,547
end_to_end,500000,21877
service,500000,105
end_to_end,50000,18676
service,50000,449
end_to_end,500000,16326
service,500000,2428
end_to_end,500000,10328
service,500000,950
end_to_end,50000,37434
service,50000,3873
end_to_end,500000,20250
service,500000,433
end_to_end,500000,21406
service,500000,2585
end_to_end,500000,27823
service,500000,291
end_to_end,500000,24396
service,500000,2362
end_to_end,500000,18907
service,500000,596
end_to_end,500000,14833
service,500000,1117
end_to_end,50000,17125
service,50000,565
end_to_end,500000,20329
service,500000,210
end_to_end,500000,23050
service,500000,1354
end_to_end,50000,28949
service,50000,2088
end_to_end,500000,17446
service,500000,5967
end_to_end,50000,25959
service,50000,1434
end_to_end,500000,13397
service,500000,1194
end_to_end,500000,21446
service,500000,3686
end_to_end,500000,12881
service,500000,1241
end_to_end,500000,11965
service,500000,230
end_to_end,50000,21569
service,50000,851
end_to_end,50000,29044
service,50000,100
end_to_end,50000,22911
service,50000,680
end_to_end,50000,21337
service,50000,1429
end_to_end,500000,17363
service,500000,7722
end_to_end,500000,20739
service,500000,2286
end_to_end,50000,32911
service,50000,2002
end_to_end,500000,33877
service,500000,3539
end_to_end,500000,10977
service,500000,648
end_to_end,500000,31346
service,500000,5153
end_to_end,500000,21791
service,500000,1419
end_to_end,500000,33141
service,500000,7535
end_to_end,500000,18125
service,500000,4046
end_to_end,50000,11716
service,50000,10
end_to_end,50000,27279
service,50000,560
end_to_end,50000,13262
service,50000,1393
end_to_end,500000,31756
service,500000,1002
end_to_end,50000,19390
service,50000,1223
end_to_end,500000,25298
service,500000,2055
end_to_end,50000,26914
service,50000,1009
end_to_end,500000,20158
service,500000,1986
end_to_end,50000,22166
service,50000,892
end_to_end,500000,13791
service,500000,168
end_to_end,50000,18002
service,50000,4832
end_to_end,50000,25470
service,50000,507
end_to_end,50000,18927
service,50000,1794
end_to_end,500000,26905
service,500000,480
end_to_end,500000,26180
service,500000,1419
end_to_end,500000,14488
service,500000,722
end_to_end,500000,31344
service,500000,2384
end_to_end,50000,26160
service,50000,1483
end_to_end,50000,17973
service,50000,1636
end_to_end,50000,18050
service,50000,2197
end_to_end,50000,27539
service,50000,4455
end_to_end,500000,21650
service,500000,2698
end_to_end,50000,26985
service,50000,3692
end_to_end,50000,35505
service,50000,3140
end_to_end,50000,20378
service,50000,697
end_to_end,50000,16870
service,50000,10
end_to_end,50000,18570
service,50000,1979
end_to_end,500000,19827
service,500000,801
end_to_end,50000,27837
service,50000,525
end_to_end,50000,21607
service,50000,916
end_to_end,500000,20630
service,500000,437
end_to_end,50000,23059
service,50000,83
end_to_end,500000,15451
service,500000,2713
end_to_end,50000,31397
service,50000,8251
end_to_end,50000,10332
service,50000,95
end_to_end,500000,23337
service,500000,1053
end_to_end,50000,18988
service,50000,2768
end_to_end,50000,13964
service,50000,855
end_to_end,500000,25718
service,500000,23
end_to_end,500000,21894
service,500000,1370
end_to_end,500000,21024
service,500000,61
end_to_end,500000,24691
service,500000,3493
end_to_end,50000,18939
service,50000,1229
end_to_end,500000,24862
service,500000,3298
end_to_end,500000,16044
service,500000,1469
end_to_end,500000,19138
service,500000,1970
end_to_end,500000,18816
service,500000,1080
end_to_end,500000,20969
service,500000,1253
end_to_end,500000,11105
service,500000,1025
end_to_end,50000,25788
service,50000,1274
end_to_end,50000,19144
service,50000,1271
end_to_end,50000,21460
service,50000,199
end_to_end,50000,15017
service,50000,2657
end_to_end,50000,15295
service,50000,2
end_to_end,50000,10402
service,50000,492
end_to_end,500000,9185
service,500000,1065
end_to_end,50000,16285
service,50000,4170
end_to_end,500000,12986
service,500000,825
end_to_end,500000,18268
service,500000,1036
end_to_end,500000,21931
service,500000,5737
end_to_end,50000,20296
service,50000,1897
end_to_end,50000,18137
service,50000,598
end_to_end,500000,15686
service,500000,1970
end_to_end,500000,17364
service,500000,951
end_to_end,50000,30528
service,50000,3119
end_to_end,500000,12320
service,500000,19
end_to_end,50000,26478
service,50000,6066
end_to_end,50000,32378
service,50000,3662
end_to_end,500000,21696
service,500000,5507
end_to_end,500000,19910
service,500000,4090
end_to_end,50000,18062
service,50000,1350
end_to_end,500000,26090
service,500000,2208
end_to_end,50000,23898
service,50000,2104
end_to_end,500000,15353
service,500000,866
end_to_end,50000,25568
service,50000,5814
end_to_end,500000,30394
service,500000,8113
end_to_end,500000,24702
service,500000,2421
end_to_end,50000,13332
service,50000,2141
end_to_end,50000,23031
service,50000,2632
end_to_end,50000,23922
service,50000,1941
end_to_end,500000,23227
service,500000,2360
end_to_end,50000,32171
service,50000,569
end_to_end,500000,13291
service,500000,9
end_to_end,50000,10188
service,50000,7
end_to_end,500000,20050
service,500000,1106
end_to_end,500000,10302
service,500000,187
end_to_end,50000,13338
service,50000,1686
end_to_end,50000,12844
service,50000,1357
end_to_end,50000,12619
service,50000,60
end_to_end,50000,13723
service,50000,1389
end_to_end,500000,16143
service,500000,1390
end_to_end,50000,23424
service,50000,1060
end_to_end,500000,14654
service,500000,1159
end_to_end,500000,21979
service,500000,527
end_to_end,500000,26973
service,500000,1676
end_to_end,50000,16817
service,50000,256
end_to_end,500000,18728
service,500000,932
end_to_end,500000,20822
service,500000,2670
end_to_end,50000,17488
service,50000,61
end_to_end,500000,27654
service,500000,3434
end_to_end,50000,22313
service,50000,652
end_to_end,500000,26442
service,500000,59
end_to_end,50000,11100
service,50000,1828
end_to_end,50000,11318
service,50000,1926
end_to_end,50000,24028
service,50000,2049
end_to_end,500000,25678
service,500000,178
end_to_end,500000,24743
service,500000,1555
end_to_end,500000,32359
service,500000,280
end_to_end,500000,13903
service,500000,899
end_to_end,50000,19457
service,50000,1433
end_to_end,50000,22085
service,50000,3217
end_to_end,50000,17486
service,50000,4409
end_to_end,50000,20141
service,50000,1644
end_to_end,50000,23890
service,50000,468
end_to_end,500000,30352
service,500000,1828
end_to_end,500000,31633
service,500000,3152
end_to_end,50000,7292
service,50000,2433
end_to_end,50000,14775
service,50000,127
end_to_end,500000,21483
service,500000,555
end_to_end,50000,20675
service,50000,248
end_to_end,500000,31076
service,500000,6179
end_to_end,50000,16861
service,50000,1174
end_to_end,50000,7592
service,50000,2578
end_to_end,50000,23460
service,50000,802
end_to_end,500000,21551
service,500000,1163
end_to_end,50000,15278
service,50000,441
end_to_end,50000,15938
service,50000,2754
end_to_end,500000,25076
service,500000,393
end_to_end,50000,10679
service,50000,1920
end_to_end,500000,16289
service,500000,652
end_to_end,500000,17793
service,500000,1281
end_to_end,50000,30736
service,50000,1386
end_to_end,500000,32007
service,500000,1710
end_to_end,50000,29431
service,50000,3532
end_to_end,500000,30866
service,500000,2568
end_to_end,500000,29659
service,500000,1996
end_to_end,50000,28363
service,50000,4544
end_to_end,50000,14427
service,50000,933
end_to_end,50000,14622
service,50000,440
end_to_end,500000,17765
service,500000,659
end_to_end,500000,26020
service,500000,1055
end_to_end,50000,23446
service,50000,133
end_to_end,500000,21851
service,500000,1834
end_to_end,500000,19990
service,500000,3214
end_to_end,500000,24477
service,500000,4559
end_to_end,500000,13551
service,500000,2997
end_to_end,50000,33156
service,50000,2827
end_to_end,500000,10455
service,500000,597
end_to_end,500000,24320
service,500000,460
end_to_end,500000,20525
service,500000,2543
end_to_end,500000,25421
service,500000,2677
end_to_end,500000,13982
service,500000,199
end_to_end,50000,10700
service,50000,2172
end_to_end,500000,18536
service,500000,1373
end_to_end,50000,22557
service,50000,2134
end_to_end,50000,17205
service,50000,1884
end_to_end,50000,16188
service,50000,3474
end_to_end,50000,26744
service,50000,4426
end_to_end,500000,27755
service,500000,418
end_to_end,500000,21913
service,500000,109
end_to_end,50000,22134
service,50000,4713
end_to_end,50000,14372
service,50000,541
end_to_end,500000,26936
service,500000,2424
end_to_end,500000,19892
service,500000,2381
end_to_end,50000,24699
service,50000,944
end_to_end,50000,35868
service,50000,2237
end_to_end,500000,28551
service,500000,450
end_to_end,50000,22444
service,50000,899
end_to_end,500000,37709
service,500000,3577
end_to_end,500000,19843
service,500000,140
end_to_end,500000,25042
service,500000,1783
end_to_end,500000,11940
service,500000,2141
end_to_end,500000,8465
service,500000,1290
end_to_end,500000,17490
service,500000,125
end_to_end,500000,17631
service,500000,753
end_to_end,500000,17250
service,500000,1358
end_to_end,500000,23771
service,500000,2983
end_to_end,50000,26322
service,50000,1486
end_to_end,500000,28183
service,500000,754
end_to_end,50000,11157
service,50000,1079
end_to_end,500000,22704
service,500000,2834
end_to_end,50000,11843
service,50000,1456
end_to_end,50000,53908
service,50000,3304
end_to_end,50000,10836
service,50000,280
end_to_end,500000,36030
service,500000,446
end_to_end,500000,19522
service,500000,1196
end_to_end,500000,20955
service,500000,2373
end_to_end,50000,30025
service,50000,1117
end_to_end,50000,19981
service,50000,70
end_to_end,50000,17124
service,50000,2396
end_to_end,50000,22189
service,50000,6425
end_to_end,500000,23955
service,500000,705
end_to_end,500000,28128
service,500000,3767
end_to_end,500000,23503
service,500000,2890
end_to_end,50000,17807
service,50000,634
end_to_end,50000,25655
service,50000,2122
end_to_end,500000,15000
service,500000,37
end_to_end,500000,15298
service,500000,384
end_to_end,500000,10121
service,500000,3368
end_to_end,500000,35975
service,500000,603
end_to_end,50000,20810
service,50000,663
end_to_end,500000,25528
service,500000,6616
end_to_end,500000,21319
service,500000,1122
end_to_end,50000,43116
service,50000,7478
end_to_end,50000,21205
service,50000,5678
end_to_end,500000,17804
service,500000,1400
end_to_end,500000,16887
service,500000,2058
end_to_end,500000,15019
service,500000,1656
end_to_end,500000,21642
service,500000,121
end_to_end,50000,22383
service,50000,831
end_to_end,500000,14584
service,500000,1239
end_to_end,50000,27040
service,50000,1833
end_to_end,500000,17394
service,500000,325
end_to_end,50000,13084
service,50000,144
end_to_end,50000,30713
service,50000,8821
end_to_end,500000,15025
service,500000,1180
end_to_end,50000,16941
service,50000,210
end_to_end,500000,16028
service,500000,2123
end_to_end,500000,11854
service,500000,1067
end_to_end,500000,22671
service,500000,1720
end_to_end,500000,17073
service,500000,2071
end_to_end,500000,14229
service,500000,1434
end_to_end,50000,23863
service,50000,1158
end_to_end,500000,31639
service,500000,3726
end_to_end,50000,20052
service,50000,2225
end_to_end,50000,27906
service,50000,9021
end_to_end,50000,15321
service,50000,1908
end_to_end,500000,19929
service,500000,2165
end_to_end,50000,17929
service,50000,497
end_to_end,50000,39534
service,50000,8779
end_to_end,500000,18709
service,500000,2024
end_to_end,500000,12366
service,500000,1529
end_to_end,50000,30865
service,50000,1601
end_to_end,500000,11630
service,500000,3542
end_to_end,50000,19170
service,50000,3070
end_to_end,50000,16359
service,50000,5504
end_to_end,50000,17523
service,50000,5202
end_to_end,50000,17028
service,50000,4036
end_to_end,500000,15788
service,500000,4207
end_to_end,500000,23887
service,500000,3743
end_to_end,50000,10286
service,50000,268
end_to_end,500000,20072
service,500000,1301
end_to_end,500000,17568
service,500000,7726
end_to_end,500000,28400
service,500000,3626
end_to_end,50000,18845
service,50000,5678
end_to_end,50000,18384
service,50000,5872
end_to_end,500000,8897
service,500000,1667
end_to_end,500000,30879
service,500000,532
end_to_end,50000,26642
service,50000,421
end_to_end,500000,20309
service,500000,1531
end_to_end,500000,17148
service,500000,3206
end_to_end,500000,16900
service,500000,5306
end_to_end,500000,18620
service,500000,2679
end_to_end,50000,17788
service,50000,2891
end_to_end,50000,10924
service,50000,2167
end_to_end,500000,16596
service,500000,1545
end_to_end,50000,12519
service,50000,873
end_to_end,500000,12413
service,500000,542
end_to_end,50000,24593
service,50000,769
end_to_end,50000,19059
service,50000,384
end_to_end,50000,25886
service,50000,420
end_to_end,500000,30142
service,500000,1170
end_to_end,500000,29145
service,500000,6816
end_to_end,500000,27404
service,500000,1721
end_to_end,500000,28722
service,500000,5157
end_to_end,50000,19608
service,50000,274
end_to_end,500000,16402
service,500000,1267
end_to_end,500000,18594
service,500000,1535
end_to_end,50000,22488
service,50000,650
end_to_end,500000,18534
service,500000,2462
end_to_end,50000,21851
service,50000,2192
end_to_end,500000,12550
service,500000,3329
end_to_end,500000,16661
service,500000,447
end_to_end,500000,22743
service,500000,449
end_to_end,50000,14574
service,50000,1844
end_to_end,500000,28307
service,500000,7825
end_to_end,50000,17745
service,50000,1414
end_to_end,500000,21605
service,500000,2604
end_to_end,500000,16981
service,500000,373
end_to_end,50000,12840
service,50000,112
end_to_end,500000,12352
service,500000,350
end_to_end,500000,27451
service,500000,487
end_to_end,500000,25070
service,500000,280
end_to_end,50000,22576
service,50000,338
end_to_end,500000,28439
service,500000,6588
end_to_end,50000,10057
service,50000,3114
end_to_end,500000,19959
service,500000,989
end_to_end,500000,25525
service,500000,448
end_to_end,500000,17510
service,500000,635
end_to_end,50000,19921
service,50000,2810
end_to_end,50000,15940
service,50000,1503
end_to_end,500000,27122
service,500000,4949
end_to_end,500000,12560
service,500000,2044
end_to_end,50000,14021
service,50000,128
end_to_end,500000,22249
service,500000,1738
end_to_end,50000,24180
service,50000,3009
end_to_end,500000,42404
service,500000,213
end_to_end,50000,48731
service,50000,472
end_to_end,50000,24490
service,50000,2083
end_to_end,50000,19038
service,50000,1160
end_to_end,500000,20193
service,500000,688
end_to_end,500000,21712
service,500000,563
end_to_end,50000,43343
service,50000,4247
end_to_end,500000,32246
service,500000,189
end_to_end,50000,10439
service,50000,2512
end_to_end,50000,21279
service,50000,5524
end_to_end,500000,8971
service,500000,237
end_to_end,500000,23117
service,500000,52
end_to_end,500000,18659
service,500000,1179
end_to_end,500000,19426
service,500000,4304
end_to_end,50000,10164
service,50000,1286
end_to_end,50000,15069
service,50000,1134
end_to_end,500000,32177
service,500000,10021
end_to_end,50000,14266
service,50000,60
end_to_end,500000,24278
service,500000,1330
end_to_end,50000,32872
service,50000,1968
end_to_end,50000,29188
service,50000,904
end_to_end,500000,19691
service,500000,58
end_to_end,50000,33884
service,50000,5226
end_to_end,500000,16841
service,500000,447
end_to_end,500000,25477
service,500000,3681
end_to_end,50000,25865
service,50000,1609
end_to_end,500000,32163
service,500000,783
end_to_end,50000,24325
service,50000,3429
end_to_end,500000,16413
service,500000,657
end_to_end,50000,8612
service,50000,1420
end_to_end,50000,18440
service,50000,2931
end_to_end,500000,22705
service,500000,342
end_to_end,50000,21059
service,50000,114
end_to_end,500000,27319
service,500000,1317
end_to_end,500000,23455
service,500000,1253
end_to_end,500000,27491
service,500000,2569
end_to_end,500000,24989
service,500000,1061
end_to_end,50000,19852
service,50000,1516
end_to_end,50000,28937
service,50000,400
end_to_end,50000,14174
service,50000,675
end_to_end,50000,17305
service,50000,351
end_to_end,500000,30333
service,500000,7797
end_to_end,500000,28424
service,500000,5364
end_to_end,50000,22661
service,50000,1295
end_to_end,50000,11712
service,50000,3072
end_to_end,50000,13847
service,50000,2342
end_to_end,500000,32927
service,500000,2407
end_to_end,500000,22820
service,500000,1388
end_to_end,500000,20493
service,500000,726
end_to_end,500000,19340
service,500000,1269
end_to_end,500000,14228
service,500000,575
end_to_end,500000,24181
service,500000,3489
end_to_end,500000,24354
service,500000,193
end_to_end,50000,19930
service,50000,1649
end_to_end,500000,24451
service,500000,1456
end_to_end,50000,21542
service,50000,2148
end_to_end,50000,20300
service,50000,5077
end_to_end,50000,26121
service,50000,1570
end_to_end,500000,15592
service,500000,3007
end_to_end,50000,15016
service,50000,382
end_to_end,500000,30368
service,500000,998
end_to_end,50000,19927
service,50000,2792
end_to_end,50000,47933
service,50000,4470
end_to_end,50000,17059
service,50000,3624
end_to_end,500000,18506
service,500000,857
end_to_end,50000,24941
service,50000,2356
end_to_end,50000,16183
service,50000,72
end_to_end,500000,22541
service,500000,318
end_to_end,500000,16327
service,500000,313
end_to_end,50000,22256
service,50000,1051
end_to_end,500000,21076
service,500000,3964
end_to_end,50000,21076
service,50000,3896
end_to_end,50000,15065
service,50000,3221
end_to_end,500000,25994
service,500000,1390
end_to_end,50000,12740
service,50000,846
end_to_end,50000,19866
service,50000,988
end_to_end,50000,17090
service,50000,617
end_to_end,50000,29820
service,50000,10597
end_to_end,500000,14204
service,500000,1210
end_to_end,50000,26453
service,50000,4675
end_to_end,50000,17985
service,50000,1526
end_to_end,50000,10329
service,50000,664
end_to_end,50000,26438
service,50000,4959
end_to_end,50000,19610
service,50000,776
end_to_end,500000,19088
service,500000,668
end_to_end,500000,19641
service,500000,1931
end_to_end,500000,38694
service,500000,1653
end_to_end,50000,22629
service,50000,96
end_to_end,50000,21994
service,50000,3661
end_to_end,500000,19795
service,500000,745
end_to_end,50000,13068
service,50000,1384
end_to_end,50000,27341
service,50000,2420
end_to_end,500000,10493
service,500000,868
end_to_end,50000,14302
service,50000,1018
end_to_end,50000,27121
service,50000,5797
end_to_end,50000,24397
service,50000,230
end_to_end,50000,9020
service,50000,1064
end_to_end,500000,23265
service,500000,1033
end_to_end,500000,23084
service,500000,3955
end_to_end,500000,21358
service,500000,4604
end_to_end,50000,26939
service,50000,1367
end_to_end,50000,21209
service,50000,2924
end_to_end,50000,26864
service,50000,2504
end_to_end,50000,22270
service,50000,2597
end_to_end,50000,22136
service,50000,462
end_to_end,500000,26794
service,500000,464
end_to_end,50000,19394
service,50000,3991
end_to_end,50000,35071
service,50000,5000
end_to_end,500000,28272
service,500000,410
end_to_end,50000,27522
service,50000,570
end_to_end,50000,31128
service,50000,3484
end_to_end,500000,19676
service,500000,1998
end_to_end,500000,18856
service,500000,620
end_to_end,50000,16231
service,50000,2432
end_to_end,50000,13303
service,50000,255
end_to_end,500000,34226
service,500000,592
end_to_end,500000,22770
service,500000,3934
end_to_end,500000,22786
service,500000,1132
end_to_end,500000,18586
service,500000,2345
end_to_end,500000,21893
service,500000,725
end_to_end,500000,21211
service,500000,214
end_to_end,50000,14833
service,50000,526
end_to_end,500000,25301
service,500000,1392
end_to_end,500000,13960
service,500000,0
end_to_end,500000,24409
service,500000,217
end_to_end,500000,11520
service,500000,1075
end_to_end,50000,19203
service,50000,3327
end_to_end,50000,13388
service,50000,3520
end_to_end,50000,16304
service,50000,4076
end_to_end,500000,21864
service,500000,3553
end_to_end,50000,29783
service,50000,817
end_to_end,50000,26804
service,50000,1801
end_to_end,50000,18997
service,50000,3158
end_to_end,500000,28386
service,500000,1488
end_to_end,50000,20344
service,50000,874
end_to_end,500000,20961
service,500000,3057
end_to_end,50000,25516
service,50000,5025
end_to_end,50000,19564
service,50000,64
end_to_end,500000,11601
service,500000,551
end_to_end,50000,18377
service,50000,9295
end_to_end,500000,22845
service,500000,405
end_to_end,500000,26582
service,500000,425
end_to_end,50000,19180
service,50000,709
end_to_end,50000,28563
service,50000,2941
end_to_end,500000,23863
service,500000,2712
end_to_end,500000,16347
service,500000,1329
end_to_end,500000,18250
service,500000,1445
end_to_end,50000,19610
service,50000,1557
end_to_end,500000,25328
service,500000,45
end_to_end,50000,20408
service,50000,4167
end_to_end,50000,26396
service,50000,1629
end_to_end,50000,22777
service,50000,3393
end_to_end,500000,20299
service,500000,3833
end_to_end,500000,11936
service,500000,2127
end_to_end,500000,25747
service,500000,2016
end_to_end,500000,14807
service,500000,162
end_to_end,50000,19033
service,50000,2491
end_to_end,500000,11608
service,500000,1469
end_to_end,500000,14937
service,500000,921
end_to_end,50000,20616
service,50000,2918
end_to_end,500000,18852
service,500000,1272
end_to_end,500000,19559
service,500000,103
end_to_end,50000,15336
service,50000,618
end_to_end,50000,20664
service,50000,8298
end_to_end,500000,22616
service,500000,4211
end_to_end,500000,26294
service,500000,1615
end_to_end,500000,16418
service,500000,4645
end_to_end,500000,24538
service,500000,6936
end_to_end,50000,28277
service,50000,9839
end_to_end,50000,25271
service,50000,1693
end_to_end,500000,22726
service,500000,368
end_to_end,500000,28700
service,500000,1007
end_to_end,500000,23239
service,500000,5469
end_to_end,500000,20194
service,500000,314
end_to_end,500000,21103
service,500000,2845
end_to_end,500000,26268
service,500000,315
end_to_end,500000,26077
service,500000,960
end_to_end,500000,32464
service,500000,106
end_to_end,50000,14807
service,50000,365
end_to_end,50000,44244
service,50000,6125
end_to_end,50000,26102
service,50000,1917
end_to_end,50000,15242
service,50000,1258
end_to_end,500000,20012
service,500000,3780
end_to_end,500000,14798
service,500000,1676
end_to_end,500000,31324
service,500000,4737
end_to_end,500000,13694
service,500000,1269
end_to_end,50000,26545
service,50000,4261
end_to_end,50000,28534
service,50000,1230
end_to_end,500000,15899
service,500000,1479
end_to_end,500000,14129
service,500000,1186
end_to_end,500000,13747
service,500000,263
end_to_end,50000,20873
service,50000,273
end_to_end,50000,12982
service,50000,1126
end_to_end,50000,28204
service,50000,8586
end_to_end,500000,20347
service,500000,1580
end_to_end,50000,21139
service,50000,4504
end_to_end,500000,23626
service,500000,6123
end_to_end,50000,15082
service,50000,1187
end_to_end,500000,18208
service,500000,472
end_to_end,50000,24203
service,50000,1840
end_to_end,500000,22613
service,500000,7433
end_to_end,500000,21778
service,500000,1526
end_to_end,500000,30900
service,500000,1325
end_to_end,50000,19335
service,50000,1436
end_to_end,50000,21644
service,50000,1017
end_to_end,50000,13330
service,50000,3172
end_to_end,500000,19590
service,500000,817
end_to_end,500000,21498
service,500000,586
end_to_end,50000,25985
service,50000,435
end_to_end,50000,35877
service,50000,2341
end_to_end,500000,26124
service,500000,4172
end_to_end,500000,18182
service,500000,1934
end_to_end,500000,14780
service,500000,484
end_to_end,50000,9344
service,50000,236
end_to_end,500000,11408
service,500000,1882
end_to_end,500000,22481
service,500000,1958
end_to_end,50000,16711
service,50000,290
end_to_end,50000,23414
service,50000,142
end_to_end,500000,28394
service,500000,5774
end_to_end,50000,23464
service,50000,1557
end_to_end,500000,18741
service,500000,1999
end_to_end,50000,26012
service,50000,3421
end_to_end,50000,11377
service,50000,429
end_to_end,50000,10821
service,50000,616
end_to_end,50000,16576
service,50000,23
end_to_end,50000,21590
service,50000,2705
end_to_end,50000,22825
service,50000,6029
end_to_end,500000,18684
service,500000,5058
end_to_end,50000,20335
service,50000,579
end_to_end,50000,21564
service,50000,1695
end_to_end,50000,17366
service,50000,371
end_to_end,50000,24387
service,50000,2055
end_to_end,500000,14058
service,500000,261
end_to_end,50000,16681
service,50000,1883
end_to_end,500000,16542
service,500000,1273
end_to_end,500000,14552
service,500000,1299
end_to_end,50000,10578
service,50000,46
end_to_end,500000,15324
service,500000,2660
end_to_end,50000,16421
service,50000,1821
end_to_end,500000,26880
service,500000,419
end_to_end,50000,22753
service,50000,3559
end_to_end,500000,24268
service,500000,4851
end_to_end,50000,13014
service,50000,56
end_to_end,500000,25370
service,500000,1091
end_to_end,50000,18140
service,50000,7117
end_to_end,500000,21089
service,500000,4181
end_to_end,500000,17091
service,500000,1669
end_to_end,500000,13791
service,500000,2769
end_to_end,50000,13390
service,50000,716
end_to_end,500000,13108
service,500000,1151
end_to_end,50000,23382
service,50000,458
end_to_end,50000,22602
service,50000,2167
end_to_end,50000,30920
service,50000,3152
end_to_end,500000,19809
service,500000,3369
end_to_end,50000,16829
service,50000,3671
end_to_end,500000,15606
service,500000,359
end_to_end,500000,31506
service,500000,3637
end_to_end,50000,19083
service,50000,1142
end_to_end,500000,23081
service,500000,338
end_to_end,50000,25581
service,50000,5219
end_to_end,500000,18744
service,500000,1470
end_to_end,50000,35462
service,50000,2368
end_to_end,500000,24968
service,500000,1401
end_to_end,50000,11550
service,50000,3493
end_to_end,500000,11223
service,500000,836
end_to_end,50000,11482
service,50000,868
end_to_end,500000,34558
service,500000,6765
end_to_end,50000,18653
service,50000,1267
end_to_end,500000,20115
service,500000,2549
end_to_end,500000,20078
service,500000,487
end_to_end,500000,21764
service,500000,1012
end_to_end,500000,20979
service,500000,2218
end_to_end,50000,19936
service,50000,1612
end_to_end,500000,19901
service,500000,5748
end_to_end,500000,28289
service,500000,1034
end_to_end,50000,16621
service,50000,2350
end_to_end,50000,31189
service,50000,159
end_to_end,500000,20878
service,500000,843
end_to_end,50000,22381
service,50000,216
end_to_end,50000,31293
service,50000,9037
end_to_end,500000,40859
service,500000,12
end_to_end,500000,13530
service,500000,66
end_to_end,500000,27535
service,500000,8597
end_to_end,500000,30138
service,500000,2024
end_to_end,500000,21079
service,500000,2068
end_to_end,50000,40229
service,50000,5339
end_to_end,500000,23051
service,500000,3876
end_to_end,500000,15790
service,500000,1264
end_to_end,50000,28509
service,50000,60
end_to_end,50000,21774
service,50000,786
end_to_end,500000,14249
service,500000,2416
end_to_end,500000,19184
service,500000,291
end_to_end,500000,27150
service,500000,1582
end_to_end,500000,23036
service,500000,254
end_to_end,500000,26807
service,500000,2072
end_to_end,500000,31959
service,500000,4534
end_to_end,50000,32208
service,50000,908
end_to_end,50000,30382
service,50000,7595
end_to_end,500000,25624
service,500000,437
end_to_end,50000,15783
service,50000,64
end_to_end,500000,30753
service,500000,706
end_to_end,50000,28240
service,50000,584
end_to_end,50000,27644
service,50000,16
end_to_end,50000,34858
service,50000,535
end_to_end,50000,25975
service,50000,2818
end_to_end,500000,14971
service,500000,3258
end_to_end,500000,19129
service,500000,1135
end_to_end,500000,11404
service,500000,526
end_to_end,50000,20968
service,50000,2416
end_to_end,500000,34330
service,500000,6269
end_to_end,50000,21805
service,50000,396
end_to_end,50000,8935
service,50000,319
end_to_end,500000,25194
service,500000,2153
end_to_end,50000,20650
service,50000,762
end_to_end,500000,17288
service,500000,1282
end_to_end,50000,18147
service,50000,3526
end_to_end,50000,16986
service,50000,692
end_to_end,500000,18828
service,500000,248
end_to_end,50000,21407
service,50000,1445
end_to_end,50000,14839
service,50000,925
end_to_end,50000,28413
service,50000,1002
end_to_end,500000,16856
service,500000,3887
end_to_end,500000,19038
service,500000,790
end_to_end,50000,33533
service,50000,1005
end_to_end,500000,16046
service,500000,3727
end_to_end,500000,15749
service,500000,831
end_to_end,500000,18821
service,500000,2012
end_to_end,500000,35563
service,500000,608
end_to_end,500000,21317
service,500000,7323
end_to_end,50000,12772
service,50000,916
end_to_end,50000,29226
service,50000,2132
end_to_end,500000,36285
service,500000,9431
end_to_end,500000,35218
service,500000,4134
end_to_end,50000,17455
service,50000,3231
end_to_end,50000,14812
service,50000,699
end_to_end,500000,14257
service,500000,873
end_to_end,50000,13152
service,50000,90
end_to_end,500000,27502
service,500000,917
end_to_end,50000,17723
service,50000,59
end_to_end,500000,22687
service,500000,1722
end_to_end,500000,16916
service,500000,307
end_to_end,50000,22431
service,50000,1499
end_to_end,500000,19109
service,500000,1007
end_to_end,500000,14171
service,500000,1513
end_to_end,500000,16181
service,500000,515
end_to_end,500000,13784
service,500000,248
end_to_end,500000,8612
service,500000,571
end_to_end,500000,23536
service,500000,2196
end_to_end,50000,28572
service,50000,3208
end_to_end,50000,15386
service,50000,450
end_to_end,50000,42749
service,50000,1121
end_to_end,500000,27640
service,500000,2752
end_to_end,50000,12330
service,50000,772
end_to_end,50000,31827
service,50000,2422
end_to_end,50000,10154
service,50000,665
end_to_end,500000,18403
service,500000,2684
end_to_end,500000,16491
service,500000,3477
end_to_end,500000,22952
service,500000,1770
end_to_end,50000,16848
service,50000,876
end_to_end,50000,19333
service,50000,3430
end_to_end,500000,26944
service,500000,2274
end_to_end,500000,6901
service,500000,1289
end_to_end,50000,15194
service,50000,1937
end_to_end,500000,20888
service,500000,236
end_to_end,50000,15635
service,50000,1630
end_to_end,50000,13261
service,50000,1242
end_to_end,500000,24124
service,500000,1943
end_to_end,500000,25292
service,500000,1529
end_to_end,500000,20296
service,500000,1341
end_to_end,50000,18160
service,50000,4519
end_to_end,50000,16829
service,50000,164
end_to_end,50000,23132
service,50000,619
end_to_end,50000,35170
service,50000,6845
end_to_end,50000,17997
service,50000,428
end_to_end,50000,21593
service,50000,639
end_to_end,500000,7506
service,500000,651
end_to_end,50000,17372
service,50000,636
end_to_end,50000,24757
service,50000,458
end_to_end,50000,25099
service,50000,2465
end_to_end,500000,16966
service,500000,112
end_to_end,500000,19985
service,500000,727
end_to_end,50000,22513
service,50000,9183
end_to_end,500000,20458
service,500000,244
end_to_end,50000,15342
service,50000,538
end_to_end,500000,24010
service,500000,846
end_to_end,50000,21860
service,50000,2638
end_to_end,50000,18053
service,50000,2601
end_to_end,50000,14603
service,50000,671
end_to_end,50000,30242
service,50000,383
end_to_end,500000,19057
service,500000,476
end_to_end,500000,29995
service,500000,1011
end_to_end,500000,23434
service,500000,499
end_to_end,50000,18909
service,50000,112
end_to_end,500000,13579
service,500000,1476
end_to_end,50000,11564
service,50000,291
end_to_end,500000,8230
service,500000,472
end_to_end,500000,21298
service,500000,3846
end_to_end,500000,26331
service,500000,1971
end_to_end,500000,25444
service,500000,775
end_to_end,50000,10555
service,50000,1140
end_to_end,500000,18872
service,500000,249
end_to_end,500000,15157
service,500000,1677
end_to_end,500000,19370
service,500000,497
end_to_end,500000,20684
service,500000,3967
end_to_end,500000,16472
service,500000,2184
end_to_end,50000,27859
service,50000,2638
end_to_end,50000,33027
service,50000,712
end_to_end,500000,25196
service,500000,138
end_to_end,500000,21870
service,500000,52
end_to_end,50000,17461
service,50000,244
end_to_end,500000,20655
service,500000,2622
end_to_end,50000,15531
service,50000,4779
end_to_end,50000,16616
service,50000,23
end_to_end,50000,20093
service,50000,1415
end_to_end,50000,21413
service,50000,4191
end_to_end,500000,18724
service,500000,327
end_to_end,500000,20069
service,500000,485
end_to_end,500000,29097
service,500000,468
end_to_end,50000,23948
service,50000,1051
end_to_end,500000,16816
service,500000,2280
end_to_end,500000,43449
service,500000,1334
end_to_end,50000,33256
service,50000,3027
end_to_end,500000,19060
service,500000,878
end_to_end,500000,31327
service,500000,4100
end_to_end,50000,18268
service,50000,4367
end_to_end,500000,22856
service,500000,2007
end_to_end,50000,20914
service,50000,2115
end_to_end,500000,10502
service,500000,542
end_to_end,500000,17845
service,500000,3015
end_to_end,50000,36022
service,50000,811
end_to_end,50000,17289
service,50000,1206
end_to_end,500000,21914
service,500000,480
end_to_end,500000,18597
service,500000,3164
end_to_end,50000,15198
service,50000,451
end_to_end,500000,25813
service,500000,825
end_to_end,50000,16074
service,50000,39
end_to_end,500000,27978
service,500000,5165
end_to_end,500000,14715
service,500000,654
end_to_end,50000,24929
service,50000,1187
end_to_end,500000,13960
service,500000,1280
end_to_end,500000,14568
service,500000,115
end_to_end,50000,20090
service,50000,405
end_to_end,50000,27699
service,50000,3793
end_to_end,50000,9379
service,50000,2025
end_to_end,50000,18957
service,50000,236
end_to_end,500000,14553
service,500000,2651
end_to_end,500000,15295
service,500000,569
end_to_end,500000,19445
service,500000,1226
end_to_end,50000,23767
service,50000,696
end_to_end,500000,26621
service,500000,1526
end_to_end,500000,33702
service,500000,3104
end_to_end,500000,7288
service,500000,329
end_to_end,50000,14969
service,50000,1645
end_to_end,500000,23655
service,500000,1086
end_to_end,500000,21361
service,500000,2651
end_to_end,50000,18202
service,50000,5528
end_to_end,50000,12444
service,50000,448
end_to_end,500000,26522
service,500000,109
end_to_end,50000,25568
service,50000,1726
end_to_end,50000,25686
service,50000,2174
end_to_end,50000,13390
service,50000,114
end_to_end,500000,23853
service,500000,118
end_to_end,500000,21164
service,500000,2492
end_to_end,50000,16277
service,50000,672
end_to_end,500000,23214
service,500000,3879
end_to_end,50000,20559
service,50000,2044
end_to_end,50000,24215
service,50000,844
end_to_end,500000,14929
service,500000,903
end_to_end,500000,29206
service,500000,2620
end_to_end,50000,21945
service,50000,1265
end_to_end,50000,21554
service,50000,1922
end_to_end,500000,31425
service,500000,2232
end_to_end,500000,17352
service,500000,382
end_to_end,50000,9652
service,50000,291
end_to_end,500000,19979
service,500000,681
end_to_end,500000,30234
service,500000,2181
end_to_end,50000,36439
service,50000,4659
end_to_end,50000,20468
service,50000,2376
end_to_end,500000,11352
service,500000,179
end_to_end,500000,12961
service,500000,1770
end_to_end,500000,20161
service,500000,2757
end_to_end,50000,17499
service,50000,466
end_to_end,500000,26829
service,500000,3566
end_to_end,50000,26340
service,50000,1781
end_to_end,50000,17126
service,50000,877
end_to_end,500000,27334
service,500000,2029
end_to_end,500000,13432
service,500000,1218
end_to_end,50000,27047
service,50000,4419
end_to_end,50000,17083
service,50000,99
end_to_end,50000,17681
service,50000,2581
end_to_end,500000,24939
service,500000,536
end_to_end,50000,22117
service,50000,956
end_to_end,50000,47135
service,50000,4568
end_to_end,50000,17569
service,50000,2809
end_to_end,500000,20623
service,500000,1813
end_to_end,500000,24073
service,500000,8476
end_to_end,500000,18615
service,500000,845
end_to_end,500000,29200
service,500000,3001
end_to_end,500000,22331
service,500000,224
end_to_end,500000,23081
service,500000,446
end_to_end,500000,25458
service,500000,642
end_to_end,500000,23642
service,500000,1711
end_to_end,500000,15731
service,500000,240
end_to_end,500000,19839
service,500000,316
end_to_end,50000,15321
service,50000,1088
end_to_end,50000,22475
service,50000,1298
end_to_end,50000,13770
service,50000,349
end_to_end,50000,16176
service,50000,846
end_to_end,500000,16724
service,500000,5308
end_to_end,500000,25009
service,500000,538
end_to_end,500000,11620
service,500000,1111
end_to_end,50000,27001
service,50000,373
end_to_end,500000,18364
service,500000,2987
end_to_end,500000,15184
service,500000,1087
end_to_end,50000,16417
service,50000,552
end_to_end,50000,28665
service,50000,377
end_to_end,500000,17122
service,500000,585
end_to_end,500000,17532
service,500000,835
end_to_end,50000,21188
service,50000,113
end_to_end,50000,19435
service,50000,446
end_to_end,50000,19932
service,50000,1910
end_to_end,500000,17898
service,500000,1199
end_to_end,500000,17330
service,500000,4929
end_to_end,500000,13326
service,500000,3190
end_to_end,500000,21055
service,500000,1554
end_to_end,50000,27577
service,50000,1072
end_to_end,50000,22906
service,50000,981
end_to_end,50000,13984
service,50000,28
end_to_end,500000,13427
service,500000,1906
end_to_end,500000,18257
service,500000,525
end_to_end,500000,21299
service,500000,1180
end_to_end,500000,34886
service,500000,5746
end_to_end,50000,19002
service,50000,1230
end_to_end,500000,12347
service,500000,684
end_to_end,50000,27593
service,50000,310
end_to_end,50000,19394
service,50000,6744
end_to_end,50000,21900
service,50000,3227
end_to_end,500000,20346
service,500000,225
end_to_end,500000,23673
service,500000,2276
end_to_end,500000,29071
service,500000,919
end_to_end,500000,25245
service,500000,493
end_to_end,50000,22512
service,50000,314
end_to_end,50000,11802
service,50000,2834
end_to_end,500000,10399
service,500000,582
end_to_end,50000,18096
service,50000,278
end_to_end,500000,20885
service,500000,1148
end_to_end,500000,12972
service,500000,1963
end_to_end,500000,22229
service,500000,1385
end_to_end,50000,23128
service,50000,4966
end_to_end,500000,27797
service,500000,12257
end_to_end,500000,20139
service,500000,1237
end_to_end,500000,29602
service,500000,8286
end_to_end,50000,24743
service,50000,941
end_to_end,50000,18554
service,50000,185
end_to_end,500000,14119
service,500000,86
end_to_end,50000,18258
service,50000,1530
end_to_end,500000,19642
service,500000,1952
end_to_end,50000,21574
service,50000,9653
end_to_end,50000,20182
service,50000,345
end_to_end,50000,23840
service,50000,6536
end_to_end,50000,27294
service,50000,1601
end_to_end,50000,21618
service,50000,1831
end_to_end,50000,25279
service,50000,2579
end_to_end,50000,17664
service,50000,1642
end_to_end,50000,6938
service,50000,600
end_to_end,500000,14538
service,500000,1935
end_to_end,500000,19300
service,500000,871
end_to_end,50000,13147
service,50000,499
end_to_end,50000,20750
service,50000,2371
end_to_end,50000,22160
service,50000,6190
end_to_end,50000,21796
service,50000,1151
end_to_end,50000,12393
service,50000,1177
end_to_end,50000,13983
service,50000,1305
end_to_end,500000,19826
service,500000,480
end_to_end,500000,21673
service,500000,2172
end_to_end,500000,17173
service,500000,1151
end_to_end,500000,24630
service,500000,3084
end_to_end,50000,29665
service,50000,2904
end_to_end,500000,23920
service,500000,600
end_to_end,500000,22122
service,500000,1902
end_to_end,500000,27844
service,500000,579
end_to_end,500000,14485
service,500000,1542
end_to_end,50000,23245
service,50000,3034
end_to_end,50000,22332
service,50000,143
end_to_end,500000,19497
service,500000,1501
end_to_end,50000,18649
service,50000,4810
end_to_end,50000,18699
service,50000,947
end_to_end,500000,18210
service,500000,615
end_to_end,500000,19459
service,500000,699
end_to_end,500000,19794
service,500000,238
end_to_end,50000,17822
service,50000,3785
end_to_end,500000,16593
service,500000,1114
end_to_end,500000,33678
service,500000,6132
end_to_end,500000,25852
service,500000,4269
end_to_end,500000,15175
service,500000,818
end_to_end,500000,16354
service,500000,45
end_to_end,500000,12117
service,500000,1620
end_to_end,50000,7261
service,50000,33
end_to_end,50000,16613
service,50000,2188
end_to_end,500000,27152
service,500000,6604
end_to_end,500000,16420
service,500000,1771
end_to_end,500000,22327
service,500000,1548
end_to_end,50000,27308
service,50000,208
end_to_end,500000,14725
service,500000,861
end_to_end,500000,9269
service,500000,64
end_to_end,500000,22489
service,500000,1205
end_to_end,50000,18169
service,50000,908
end_to_end,50000,19460
service,50000,2899
end_to_end,500000,23411
service,500000,832
end_to_end,500000,26999
service,500000,6796
end_to_end,500000,23270
service,500000,539
end_to_end,500000,24781
service,500000,1305
end_to_end,50000,23836
service,50000,437
end_to_end,500000,31890
service,500000,164
end_to_end,500000,17647
service,500000,319
end_to_end,500000,29202
service,500000,2719
end_to_end,50000,25408
service,50000,1828
end_to_end,50000,17093
service,50000,1744
end_to_end,500000,21082
service,500000,633
end_to_end,500000,20178
service,500000,282
end_to_end,50000,13572
service,50000,354
end_to_end,500000,24047
service,500000,13
end_to_end,500000,22845
service,500000,1860
end_to_end,50000,27597
service,50000,1936
end_to_end,500000,18643
service,500000,548
end_to_end,500000,25086
service,500000,2870
end_to_end,50000,21611
service,50000,4555
end_to_end,50000,20271
service,50000,5032
end_to_end,50000,23121
service,50000,7707
end_to_end,500000,16890
service,500000,4458
end_to_end,50000,19135
service,50000,1214
end_to_end,500000,35314
service,500000,7183
end_to_end,500000,7741
service,500000,45
end_to_end,500000,27047
service,500000,729
end_to_end,50000,11010
service,50000,180
end_to_end,500000,19832
service,500000,3489
end_to_end,500000,23782
service,500000,4026
end_to_end,500000,22237
service,500000,1714
end_to_end,500000,13841
service,500000,398
end_to_end,500000,25560
service,500000,5180
end_to_end,50000,18205
service,50000,448
end_to_end,500000,28280
service,500000,807
end_to_end,500000,23677
service,500000,4376
end_to_end,500000,16512
service,500000,892
end_to_end,50000,24614
service,50000,2451
end_to_end,50000,24043
service,50000,3903
end_to_end,50000,24083
service,50000,3220
end_to_end,500000,27903
service,500000,1701
end_to_end,50000,17023
service,50000,4220
end_to_end,500000,17752
service,500000,116
end_to_end,500000,13015
service,500000,1187
end_to_end,50000,25745
service,50000,787
end_to_end,500000,10753
service,500000,131
end_to_end,500000,9807
service,500000,579
end_to_end,500000,18699
service,500000,1441
end_to_end,500000,32741
service,500000,141
end_to_end,50000,19055
service,50000,448
end_to_end,500000,27300
service,500000,143
end_to_end,50000,19057
service,50000,2
end_to_end,50000,20667
service,50000,1697
end_to_end,50000,27927
service,50000,406
end_to_end,500000,21072
service,500000,2518
end_to_end,50000,35187
service,50000,3887
end_to_end,500000,25823
service,500000,3338
end_to_end,500000,30046
service,500000,2971
end_to_end,50000,32618
service,50000,6465
end_to_end,500000,18320
service,500000,2922
end_to_end,50000,20828
service,50000,1265
end_to_end,500000,16377
service,500000,2094
end_to_end,50000,14578
service,50000,1042
end_to_end,50000,17250
service,50000,169
end_to_end,500000,13116
service,500000,119
end_to_end,50000,25325
service,50000,332
end_to_end,50000,22616
service,50000,317
end_to_end,50000,18350
service,50000,1759
end_to_end,50000,18954
service,50000,4353
end_to_end,500000,26858
service,500000,433
end_to_end,50000,9471
service,50000,134
end_to_end,50000,31790
service,50000,6039
end_to_end,50000,16984
service,50000,2159
end_to_end,500000,18382
service,500000,1124
end_to_end,500000,10230
service,500000,1417
end_to_end,50000,17026
service,50000,1260
end_to_end,500000,8939
service,500000,141
end_to_end,50000,21017
service,50000,3073
end_to_end,50000,15144
service,50000,623
end_to_end,500000,22604
service,500000,1143
end_to_end,500000,30765
service,500000,4287
end_to_end,500000,37001
service,500000,268
end_to_end,500000,21319
service,500000,489
end_to_end,500000,14818
service,500000,2499
end_to_end,50000,22608
service,50000,5369
end_to_end,500000,19582
service,500000,327
end_to_end,500000,21548
service,500000,2629
end_to_end,500000,16853
service,500000,2167
end_to_end,50000,25704
service,50000,1983
end_to_end,50000,18712
service,50000,581
end_to_end,500000,18893
service,500000,779
end_to_end,500000,19681
service,500000,1079
end_to_end,50000,13712
service,50000,886
end_to_end,500000,25510
service,500000,1823
end_to_end,50000,22258
service,50000,2836
end_to_end,50000,29403
service,50000,818
end_to_end,500000,29550
service,500000,3376
end_to_end,50000,12707
service,50000,475
end_to_end,50000,26150
service,50000,1692
end_to_end,50000,18058
service,50000,24
end_to_end,50000,26949
service,50000,1442
end_to_end,500000,18633
service,500000,511
end_to_end,50000,19018
service,50000,27
end_to_end,50000,34705
service,50000,8538
end_to_end,50000,15293
service,50000,593
end_to_end,50000,14363
service,50000,2638
end_to_end,50000,15245
service,50000,37
end_to_end,500000,20347
service,500000,1010
end_to_end,500000,17892
service,500000,3182
end_to_end,500000,20589
service,500000,1153
end_to_end,50000,29177
service,50000,4221
end_to_end,500000,23938
service,500000,3020
end_to_end,500000,33239
service,500000,2629
end_to_end,500000,21939
service,500000,925
end_to_end,500000,17910
service,500000,264
end_to_end,500000,21255
service,500000,724
end_to_end,500000,13953
service,500000,700
end_to_end,50000,38773
service,50000,753
end_to_end,50000,25096
service,50000,2427
end_to_end,500000,13795
service,500000,574
end_to_end,500000,21066
service,500000,796
end_to_end,500000,14795
service,500000,1197
end_to_end,50000,13445
service,50000,714
end_to_end,500000,14644
service,500000,20
end_to_end,500000,12967
service,500000,2161
end_to_end,500000,15428
service,500000,1696
end_to_end,50000,24346
service,50000,2563
end_to_end,50000,16659
service,50000,483
end_to_end,500000,13112
service,500000,1764
end_to_end,50000,7948
service,50000,654
end_to_end,500000,22719
service,500000,1213
end_to_end,50000,16046
service,50000,2328
end_to_end,50000,17407
service,50000,1018
end_to_end,500000,22662
service,500000,2150
end_to_end,500000,10383
service,500000,1890
end_to_end,50000,33185
service,50000,1236
end_to_end,50000,17987
service,50000,1055
end_to_end,500000,12493
service,500000,2353
end_to_end,500000,28628
service,500000,4778
end_to_end,50000,31143
service,50000,1136
end_to_end,50000,19524
service,50000,1438
end_to_end,50000,17560
service,50000,173
end_to_end,50000,13213
service,50000,110
end_to_end,50000,14171
service,50000,51
end_to_end,500000,21251
service,500000,638
end_to_end,500000,27017
service,500000,4651
end_to_end,500000,23826
service,500000,4020
end_to_end,500000,19987
service,500000,1127
end_to_end,50000,18187
service,50000,289
end_to_end,50000,27644
service,50000,4263
end_to_end,500000,27343
service,500000,3694
end_to_end,500000,27663
service,500000,3764
end_to_end,50000,27982
service,50000,6703
end_to_end,50000,32555
service,50000,2508
end_to_end,50000,15411
service,50000,519
end_to_end,500000,17263
service,500000,1097
end_to_end,500000,13892
service,500000,268
end_to_end,50000,14436
service,50000,77
end_to_end,500000,19099
service,500000,599
end_to_end,50000,9720
service,50000,457
end_to_end,50000,34406
service,50000,996
end_to_end,500000,21965
service,500000,172
end_to_end,50000,22271
service,50000,1359
end_to_end,500000,31065
service,500000,1364
end_to_end,50000,15598
service,50000,2092
end_to_end,50000,14824
service,50000,411
end_to_end,500000,13901
service,500000,2245
end_to_end,500000,19796
service,500000,584
end_to_end,500000,18283
service,500000,8641
end_to_end,500000,23304
service,500000,3631
end_to_end,500000,9332
service,500000,850
end_to_end,50000,11227
service,50000,1634
end_to_end,50000,26677
service,50000,2552
end_to_end,50000,22551
service,50000,7153
end_to_end,50000,12147
service,50000,768
end_to_end,500000,18489
service,500000,219
end_to_end,50000,15691
service,50000,798
end_to_end,500000,33146
service,500000,88
end_to_end,500000,26023
service,500000,3071
end_to_end,500000,25723
service,500000,219
end_to_end,500000,20030
service,500000,2145
end_to_end,50000,17895
service,50000,371
end_to_end,50000,18811
service,50000,189
end_to_end,50000,10451
service,50000,2493
end_to_end,50000,20821
service,50000,2840
end_to_end,50000,20036
service,50000,2748
end_to_end,500000,16122
service,500000,1053
end_to_end,50000,18062
service,50000,3968
end_to_end,50000,12574
service,50000,400
end_to_end,500000,17343
service,500000,640
end_to_end,50000,24559
service,50000,4768
end_to_end,50000,19161
service,50000,544
end_to_end,500000,19911
service,500000,184
end_to_end,50000,18949
service,50000,281
end_to_end,500000,21739
service,500000,751
end_to_end,50000,23766
service,50000,499
end_to_end,50000,13530
service,50000,398
end_to_end,500000,34334
service,500000,1378
end_to_end,500000,32163
service,500000,32
end_to_end,500000,19533
service,500000,1117
end_to_end,500000,26213
service,500000,1211
end_to_end,500000,28949
service,500000,3501
end_to_end,50000,33566
service,50000,312
end_to_end,50000,11347
service,50000,148
end_to_end,50000,28449
service,50000,257
end_to_end,50000,14695
service,50000,674
end_to_end,500000,16386
service,500000,1702
end_to_end,500000,20321
service,500000,2949
end_to_end,500000,18942
service,500000,2690
end_to_end,50000,26291
service,50000,2275
end_to_end,50000,17040
service,50000,840
end_to_end,50000,17426
service,50000,1573
end_to_end,500000,10024
service,500000,821
end_to_end,500000,24266
service,500000,4452
end_to_end,500000,21693
service,500000,4524
end_to_end,50000,10912
service,50000,587
end_to_end,50000,13422
service,50000,98
end_to_end,500000,18544
service,500000,973
end_to_end,50000,26698
service,50000,2136
end_to_end,500000,17003
service,500000,1462
end_to_end,500000,26923
service,500000,808
end_to_end,500000,28390
service,500000,1332
end_to_end,500000,18377
service,500000,2399
end_to_end,50000,22267
service,50000,108
end_to_end,50000,17469
service,50000,239
end_to_end,50000,19926
service,50000,854
end_to_end,50000,25701
service,50000,6851
end_to_end,500000,29332
service,500000,1033
end_to_end,50000,23284
service,50000,6974
end_to_end,50000,16758
service,50000,536
end_to_end,500000,25693
service,500000,388
end_to_end,500000,25831
service,500000,1832
end_to_end,500000,31083
service,500000,5293
end_to_end,500000,20660
service,500000,1200
end_to_end,50000,28084
service,50000,5342
end_to_end,500000,17662
service,500000,297
end_to_end,50000,16527
service,50000,1903
end_to_end,50000,28936
service,50000,1714
end_to_end,500000,20443
service,500000,3076
end_to_end,50000,10639
service,50000,209
end_to_end,500000,11187
service,500000,403
end_to_end,50000,34938
service,50000,1113
end_to_end,500000,24158
service,500000,5540
end_to_end,50000,10892
service,50000,804
end_to_end,500000,15562
service,500000,1002
end_to_end,50000,30766
service,50000,265
end_to_end,50000,25453
service,50000,408
end_to_end,50000,29653
service,50000,124
end_to_end,500000,16960
service,500000,1291
end_to_end,50000,18279
service,50000,593
end_to_end,50000,12149
service,50000,470
end_to_end,50000,26588
service,50000,104
end_to_end,50000,30672
service,50000,975
end_to_end,50000,27093
service,50000,500
end_to_end,50000,15069
service,50000,1701
end_to_end,50000,24711
service,50000,3384
end_to_end,50000,15586
service,50000,218
end_to_end,500000,14138
service,500000,561
end_to_end,50000,27721
service,50000,3405
end_to_end,50000,10095
service,50000,2331
end_to_end,500000,17489
service,500000,4923
end_to_end,50000,11141
service,50000,130
end_to_end,50000,22857
service,50000,1564
end_to_end,500000,20306
service,500000,1152
end_to_end,50000,11502
service,50000,673
end_to_end,500000,24374
service,500000,802
end_to_end,50000,23122
service,50000,422
end_to_end,500000,13706
service,500000,1
end_to_end,500000,25451
service,500000,647
end_to_end,500000,27060
service,500000,356
end_to_end,50000,27705
service,50000,6409
end_to_end,50000,16250
service,50000,4931
end_to_end,500000,24731
service,500000,479
end_to_end,500000,15378
service,500000,972
end_to_end,500000,18508
service,500000,115
end_to_end,50000,12213
service,50000,744
end_to_end,50000,28169
service,50000,6099
end_to_end,500000,26347
service,500000,2234
end_to_end,500000,21306
service,500000,228
end_to_end,50000,25051
service,50000,1572
end_to_end,50000,23512
service,50000,4887
end_to_end,50000,26315
service,50000,214
end_to_end,500000,18964
service,500000,1107
end_to_end,500000,32857
service,500000,1740
end_to_end,500000,49811
service,500000,626
end_to_end,50000,21720
service,50000,4417
end_to_end,500000,61935
service,500000,1865
end_to_end,500000,44376
service,500000,3071
end_to_end,500000,21330
service,500000,1777
end_to_end,500000,16536
service,500000,284
end_to_end,50000,16076
service,50000,829
end_to_end,500000,18596
service,500000,6113
end_to_end,50000,20771
service,50000,8145
end_to_end,500000,20287
service,500000,7427
end_to_end,50000,10947
service,50000,176
end_to_end,50000,14711
service,50000,2793
end_to_end,50000,24117
service,50000,3078
end_to_end,500000,18300
service,500000,240
end_to_end,500000,8689
service,500000,419
end_to_end,50000,19174
service,50000,1209
end_to_end,50000,11674
service,50000,312
end_to_end,50000,18657
service,50000,3121
end_to_end,500000,9656
service,500000,447
end_to_end,500000,16913
service,500000,611
end_to_end,500000,25674
service,500000,577
end_to_end,50000,31238
service,50000,674
end_to_end,500000,20095
service,500000,3771
end_to_end,500000,22352
service,500000,2127
end_to_end,500000,22208
service,500000,339
end_to_end,50000,20914
service,50000,551
end_to_end,50000,8774
service,50000,325
end_to_end,500000,30122
service,500000,864
end_to_end,500000,12953
service,500000,941
end_to_end,500000,36914
service,500000,30
end_to_end,500000,16566
service,500000,117
end_to_end,50000,23792
service,50000,3815
end_to_end,500000,15622
service,500000,865
end_to_end,500000,19225
service,500000,3415
end_to_end,50000,28230
service,50000,1444
end_to_end,500000,26303
service,500000,1592
end_to_end,500000,27731
service,500000,2303
end_to_end,500000,14470
service,500000,3852
end_to_end,500000,18262
service,500000,1828
end_to_end,500000,30255
service,500000,4051
end_to_end,500000,9487
service,500000,1869
end_to_end,50000,13889
service,50000,734
end_to_end,50000,22991
service,50000,3523
end_to_end,500000,18886
service,500000,8458
end_to_end,500000,15548
service,500000,190
end_to_end,500000,16191
service,500000,1411
end_to_end,500000,14102
service,500000,98
end_to_end,50000,17143
service,50000,2220
end_to_end,500000,24853
service,500000,5670
end_to_end,50000,22954
service,50000,76
end_to_end,50000,19830
service,50000,5122
end_to_end,500000,21219
service,500000,4480
end_to_end,50000,19923
service,50000,3187
end_to_end,50000,18328
service,50000,1460
end_to_end,50000,13130
service,50000,887
end_to_end,500000,12423
service,500000,1770
end_to_end,50000,16249
service,50000,2576
end_to_end,500000,21265
service,500000,44
end_to_end,500000,14581
service,500000,944
end_to_end,500000,7302
service,500000,494
end_to_end,500000,25428
service,500000,1655
end_to_end,50000,21034
service,50000,1874
end_to_end,500000,18828
service,500000,2261
end_to_end,50000,16648
service,50000,1184
end_to_end,500000,26209
service,500000,1256
end_to_end,50000,22634
service,50000,652
end_to_end,500000,31966
service,500000,1879
end_to_end,500000,18651
service,500000,1955
end_to_end,500000,14761
service,500000,68
end_to_end,500000,21597
service,500000,1259
end_to_end,50000,28697
service,50000,60
end_to_end,50000,35160
service,50000,2980
end_to_end,50000,16415
service,50000,4162
end_to_end,50000,19965
service,50000,1313
end_to_end,50000,16539
service,50000,1130
end_to_end,50000,16382
service,50000,1818
end_to_end,50000,15786
service,50000,1459
end_to_end,500000,16655
service,500000,4301
end_to_end,50000,13487
service,50000,137
end_to_end,50000,23116
service,50000,5106
end_to_end,50000,21629
service,50000,478
end_to_end,500000,20092
service,500000,919
end_to_end,50000,15042
service,50000,755
end_to_end,500000,20527
service,500000,1741
end_to_end,50000,24137
service,50000,23
end_to_end,500000,17146
service,500000,2439
end_to_end,50000,16114
service,50000,965
end_to_end,500000,19470
service,500000,293
end_to_end,500000,20344
service,500000,4839
end_to_end,50000,20963
service,50000,2427
end_to_end,500000,22431
service,500000,4349
end_to_end,50000,21022
service,50000,2644
end_to_end,500000,16782
service,500000,516
end_to_end,50000,26151
service,50000,3681
end_to_end,500000,8347
service,500000,2815
end_to_end,50000,17241
service,50000,4179
end_to_end,50000,19309
service,50000,2107
end_to_end,500000,15092
service,500000,2841
end_to_end,50000,12937
service,50000,545
end_to_end,50000,20779
service,50000,2338
end_to_end,50000,17416
service,50000,2869
end_to_end,500000,27697
service,500000,6287
end_to_end,50000,16644
service,50000,1019
end_to_end,50000,25029
service,50000,1432
end_to_end,50000,25256
service,50000,6531
end_to_end,500000,18728
service,500000,1695
end_to_end,50000,25419
service,50000,3423
end_to_end,500000,24320
service,500000,1677
end_to_end,500000,25230
service,500000,1093
end_to_end,50000,33198
service,50000,60
end_to_end,500000,22087
service,500000,3111
end_to_end,50000,23406
service,50000,3493
end_to_end,500000,17552
service,500000,4466
end_to_end,50000,20116
service,50000,1086
end_to_end,500000,13907
service,500000,118
end_to_end,500000,11832
service,500000,1135
end_to_end,50000,6831
service,50000,56
end_to_end,500000,33481
service,500000,1802
end_to_end,500000,25966
service,500000,1844
end_to_end,500000,21185
service,500000,448
end_to_end,50000,20501
service,50000,187
end_to_end,500000,13807
service,500000,510
end_to_end,500000,17179
service,500000,248
end_to_end,50000,29267
service,50000,8703
end_to_end,500000,32391
service,500000,3852
end_to_end,500000,13759
service,500000,867
end_to_end,50000,23949
service,50000,5352
end_to_end,500000,19637
service,500000,4699
end_to_end,500000,30868
service,500000,1356
end_to_end,500000,30473
service,500000,1326
end_to_end,50000,19737
service,50000,4097
end_to_end,50000,10061
service,50000,543
end_to_end,500000,23648
service,500000,1857
end_to_end,500000,12694
service,500000,1441
end_to_end,50000,22349
service,50000,2487
end_to_end,500000,24637
service,500000,7462
end_to_end,50000,26681
service,50000,2145
end_to_end,50000,18153
service,50000,3056
end_to_end,500000,19424
service,500000,5204
end_to_end,50000,21010
service,50000,2637
end_to_end,500000,12229
service,500000,1164
end_to_end,500000,29497
service,500000,3597
end_to_end,500000,20873
service,500000,2638
end_to_end,50000,14265
service,50000,2447
end_to_end,500000,18851
service,500000,3439
end_to_end,50000,28047
service,50000,2230
end_to_end,50000,34078
service,50000,1153
end_to_end,500000,16374
service,500000,4451
end_to_end,50000,22736
service,50000,2207
end_to_end,500000,20322
service,500000,1074
end_to_end,50000,14674
service,50000,1977
end_to_end,500000,22522
service,500000,3300
end_to_end,500000,32641
service,500000,1864
end_to_end,500000,33356
service,500000,2323
end_to_end,50000,41350
service,50000,663
end_to_end,500000,43771
service,500000,359
end_to_end,500000,13834
service,500000,1117
end_to_end,500000,37514
service,500000,2031
end_to_end,500000,13728
service,500000,1426
end_to_end,500000,23178
service,500000,1199
end_to_end,500000,15968
service,500000,139
end_to_end,50000,27381
service,50000,1432
end_to_end,50000,28951
service,50000,57
end_to_end,50000,30417
service,50000,3936
end_to_end,500000,28707
service,500000,1656
end_to_end,500000,39977
service,500000,3910
end_to_end,500000,32054
service,500000,3031
end_to_end,500000,32843
service,500000,3153
end_to_end,500000,17010
service,500000,6533
end_to_end,500000,16450
service,500000,734
end_to_end,50000,11794
service,50000,4620
end_to_end,50000,11384
service,50000,2490
end_to_end,500000,20482
service,500000,368
end_to_end,50000,21028
service,50000,5326
end_to_end,50000,24332
service,50000,738
end_to_end,50000,25127
service,50000,1008
end_to_end,500000,20840
service,500000,4387
end_to_end,500000,17993
service,500000,2223
end_to_end,50000,15246
service,50000,690
end_to_end,50000,24645
service,50000,1448
end_to_end,500000,24695
service,500000,1545
end_to_end,50000,18795
service,50000,1602
end_to_end,500000,25383
service,500000,695
end_to_end,500000,24923
service,500000,2732
end_to_end,50000,12242
service,50000,36
end_to_end,50000,24318
service,50000,1560
end_to_end,50000,22364
service,50000,1604
end_to_end,500000,10102
service,500000,48
end_to_end,50000,31447
service,50000,4167
end_to_end,50000,17804
service,50000,257
end_to_end,50000,15081
service,50000,381
end_to_end,500000,13715
service,500000,1475
end_to_end,50000,25771
service,50000,832
end_to_end,50000,21737
service,50000,982
end_to_end,500000,18245
service,500000,5557
end_to_end,500000,17874
service,500000,870
end_to_end,50000,25606
service,50000,1261
end_to_end,50000,21216
service,50000,5257
end_to_end,500000,21781
service,500000,2620
end_to_end,50000,14850
service,50000,491
end_to_end,50000,18926
service,50000,1249
end_to_end,500000,22292
service,500000,1442
end_to_end,500000,17092
service,500000,122
end_to_end,500000,17942
service,500000,2378
end_to_end,50000,31499
service,50000,1451
end_to_end,50000,30344
service,50000,8403
end_to_end,500000,15337
service,500000,1117
end_to_end,50000,15964
service,50000,4073
end_to_end,500000,17124
service,500000,301
end_to_end,500000,34384
service,500000,48
end_to_end,50000,14300
service,50000,1376
end_to_end,50000,37124
service,50000,3009
end_to_end,50000,23262
service,50000,151
end_to_end,50000,32655
service,50000,589
end_to_end,50000,15793
service,50000,598
end_to_end,50000,20072
service,50000,1582
end_to_end,50000,22704
service,50000,1889
end_to_end,500000,24882
service,500000,7031
end_to_end,50000,29812
service,50000,811
end_to_end,500000,29101
service,500000,333
end_to_end,500000,19836
service,500000,201
end_to_end,500000,13242
service,500000,368
end_to_end,500000,20176
service,500000,41
end_to_end,50000,28533
service,50000,1603
end_to_end,500000,20765
service,500000,779
end_to_end,50000,18760
service,50000,5105
end_to_end,50000,14956
service,50000,1424
end_to_end,500000,9037
service,500000,104
end_to_end,500000,25206
service,500000,1817
end_to_end,50000,23932
service,50000,1436
end_to_end,50000,9735
service,50000,446
end_to_end,50000,23738
service,50000,5826
end_to_end,500000,28889
service,500000,5690
end_to_end,500000,14441
service,500000,843
end_to_end,500000,21343
service,500000,3799
end_to_end,50000,15522
service,50000,486
end_to_end,50000,9354
service,50000,4817
end_to_end,500000,11560
service,500000,2795
end_to_end,50000,15712
service,50000,16
end_to_end,500000,38163
service,500000,2001
end_to_end,500000,22761
service,500000,3387
end_to_end,500000,19598
service,500000,1951
end_to_end,50000,29319
service,50000,1894
end_to_end,50000,28686
service,50000,526
end_to_end,50000,17294
service,50000,205
end_to_end,500000,17836
service,500000,3687
end_to_end,500000,14581
service,500000,556
end_to_end,50000,27875
service,50000,1220
end_to_end,500000,31181
service,500000,2979
end_to_end,50000,28581
service,50000,529
end_to_end,500000,26948
service,500000,1422
end_to_end,50000,18955
service,50000,1295
end_to_end,50000,27637
service,50000,3648
end_to_end,50000,11386
service,50000,102
end_to_end,50000,18017
service,50000,2047
end_to_end,50000,20992
service,50000,1027
end_to_end,500000,16779
service,500000,3084
end_to_end,500000,9654
service,500000,643
end_to_end,50000,19559
service,50000,6412
end_to_end,500000,10456
service,500000,1684
end_to_end,500000,25243
service,500000,8004
end_to_end,50000,17018
service,50000,519
end_to_end,500000,14522
service,500000,242
end_to_end,500000,16882
service,500000,664
end_to_end,50000,12728
service,50000,470
end_to_end,50000,24310
service,50000,4060
end_to_end,500000,21626
service,500000,2315
end_to_end,50000,15443
service,50000,231
end_to_end,500000,21818
service,500000,1180
end_to_end,50000,23341
service,50000,6003
end_to_end,500000,15528
service,500000,1243
end_to_end,50000,24082
service,50000,2538
end_to_end,500000,25493
service,500000,7829
end_to_end,500000,23159
service,500000,601
end_to_end,500000,15933
service,500000,998
end_to_end,500000,15511
service,500000,866
end_to_end,500000,12218
service,500000,270
end_to_end,500000,16400
service,500000,175
end_to_end,50000,20834
service,50000,1095
end_to_end,500000,13246
service,500000,394
end_to_end,50000,20287
service,50000,3532
end_to_end,500000,18867
service,500000,469
end_to_end,50000,18285
service,50000,2736
end_to_end,500000,19482
service,500000,3087
end_to_end,500000,12960
service,500000,992
end_to_end,50000,19808
service,50000,3670
end_to_end,50000,26475
service,50000,2112
end_to_end,50000,22828
service,50000,3400
end_to_end,500000,18597
service,500000,2616
end_to_end,50000,29772
service,50000,2695
end_to_end,500000,17886
service,500000,2091
end_to_end,500000,18022
service,500000,1719
end_to_end,50000,17959
service,50000,2556
end_to_end,500000,25655
service,500000,5880
end_to_end,50000,20957
service,50000,2267
end_to_end,50000,25733
service,50000,615
end_to_end,50000,25382
service,50000,79
end_to_end,50000,31802
service,50000,1457
end_to_end,50000,38937
service,50000,1507
end_to_end,50000,11164
service,50000,1167
end_to_end,50000,28539
service,50000,2421
end_to_end,500000,21758
service,500000,5269
end_to_end,50000,18836
service,50000,3986
end_to_end,500000,15184
service,500000,1403
end_to_end,50000,9752
service,50000,765
end_to_end,500000,18573
service,500000,655
end_to_end,500000,24676
service,500000,141
end_to_end,50000,31056
service,50000,4488
end_to_end,500000,16761
service,500000,661
end_to_end,50000,17334
service,50000,670
end_to_end,500000,11790
service,500000,610
end_to_end,500000,16958
service,500000,2057
end_to_end,50000,17984
service,50000,831
end_to_end,500000,21170
service,500000,889
end_to_end,50000,25973
service,50000,3382
end_to_end,500000,36655
service,500000,272
end_to_end,50000,17374
service,50000,108
end_to_end,50000,15839
service,50000,3510
end_to_end,500000,21652
service,500000,748
end_to_end,500000,21732
service,500000,830
end_to_end,50000,21729
service,50000,3537
end_to_end,500000,31667
service,500000,756
end_to_end,500000,23061
service,500000,2713
end_to_end,500000,25042
service,500000,1921
end_to_end,500000,6209
service,500000,35
end_to_end,50000,27473
service,50000,1869
end_to_end,500000,17840
service,500000,426
end_to_end,50000,17652
service,50000,2656
end_to_end,500000,19853
service,500000,2680
end_to_end,500000,19991
service,500000,131
end_to_end,500000,22167
service,500000,1016
end_to_end,500000,26978
service,500000,326
end_to_end,500000,27041
service,500000,2729
end_to_end,50000,43583
service,50000,578
end_to_end,50000,15328
service,50000,4366
end_to_end,500000,26229
service,500000,53
end_to_end,50000,19828
service,50000,4120
end_to_end,500000,13302
service,500000,224
end_to_end,500000,14136
service,500000,2596
end_to_end,500000,18495
service,500000,2572
end_to_end,500000,15941
service,500000,322
end_to_end,50000,18369
service,50000,637
end_to_end,50000,24128
service,50000,3582
end_to_end,50000,17676
service,50000,615
end_to_end,50000,32939
service,50000,5635
end_to_end,50000,25587
service,50000,4099
end_to_end,500000,20735
service,500000,1181
end_to_end,50000,31345
service,50000,1020
end_to_end,500000,22862
service,500000,3203
end_to_end,500000,30934
service,500000,1041
end_to_end,500000,22281
service,500000,3267
end_to_end,500000,30070
service,500000,75
end_to_end,500000,23825
service,500000,2392
end_to_end,50000,17098
service,50000,104
end_to_end,500000,33748
service,500000,1865
end_to_end,50000,18670
service,50000,810
end_to_end,500000,14175
service,500000,4098
end_to_end,50000,23588
service,50000,257
end_to_end,50000,27155
service,50000,473
end_to_end,50000,10239
service,50000,51
end_to_end,50000,22203
service,50000,569
end_to_end,50000,5995
service,50000,132
end_to_end,50000,16940
service,50000,780
end_to_end,50000,19758
service,50000,719
end_to_end,50000,14873
service,50000,512
end_to_end,500000,17395
service,500000,1057
end_to_end,500000,26205
service,500000,1570
end_to_end,500000,21572
service,500000,461
end_to_end,50000,21088
service,50000,1397
end_to_end,500000,13655
service,500000,143
end_to_end,50000,20543
service,50000,299
end_to_end,50000,29727
service,50000,2023
end_to_end,50000,24963
service,50000,1447
end_to_end,50000,16625
service,50000,1571
end_to_end,50000,20494
service,50000,884
end_to_end,500000,15503
service,500000,64
end_to_end,500000,15644
service,500000,651
end_to_end,50000,19431
service,50000,1938
end_to_end,500000,19556
service,500000,260
end_to_end,500000,24280
service,500000,4793
end_to_end,50000,15941
service,50000,208
end_to_end,50000,24116
service,50000,1757
end_to_end,500000,24556
service,500000,1355
end_to_end,500000,17460
service,500000,1520
end_to_end,500000,18451
service,500000,1154
end_to_end,50000,32028
service,50000,4926
end_to_end,50000,17638
service,50000,3649
end_to_end,500000,18603
service,500000,403
end_to_end,50000,13876
service,50000,282
end_to_end,500000,17069
service,500000,2336
end_to_end,500000,18327
service,500000,1737
end_to_end,50000,18830
service,50000,1145
end_to_end,500000,10679
service,500000,468
end_to_end,50000,17404
service,50000,1884
end_to_end,500000,12200
service,500000,451
end_to_end,50000,20494
service,50000,328
end_to_end,500000,23642
service,500000,1219
end_to_end,50000,12439
service,50000,1936
end_to_end,500000,22632
service,500000,2713
end_to_end,500000,16303
service,500000,1525
end_to_end,500000,11416
service,500000,1024
end_to_end,50000,15484
service,50000,4032
end_to_end,500000,14427
service,500000,879
end_to_end,500000,23117
service,500000,1253
end_to_end,50000,15546
service,50000,32
end_to_end,500000,12363
service,500000,393
end_to_end,500000,9161
service,500000,131
end_to_end,500000,15059
service,500000,239
end_to_end,500000,24406
service,500000,738
end_to_end,500000,8880
service,500000,36
end_to_end,50000,31893
service,50000,615
end_to_end,500000,19808
service,500000,41
end_to_end,500000,14432
service,500000,323
end_to_end,50000,15873
service,50000,286
end_to_end,500000,18361
service,500000,2827
end_to_end,50000,14419
service,50000,346
end_to_end,500000,16967
service,500000,1373
end_to_end,50000,14434
service,50000,974
end_to_end,500000,21306
service,500000,2869
end_to_end,50000,18723
service,50000,1896
end_to_end,500000,17808
service,500000,706
end_to_end,50000,19951
service,50000,2388
end_to_end,50000,18743
service,50000,559
end_to_end,500000,21722
service,500000,5226
end_to_end,500000,25888
service,500000,155
end_to_end,500000,26005
service,500000,2620
end_to_end,50000,30833
service,50000,2702
end_to_end,50000,28496
service,50000,1575
end_to_end,500000,16798
service,500000,1235
end_to_end,50000,13527
service,50000,2000
end_to_end,500000,23407
service,500000,3688
end_to_end,50000,18544
service,50000,210
end_to_end,500000,22727
service,500000,1548
end_to_end,500000,20790
service,500000,2757
end_to_end,500000,18214
service,500000,2226
end_to_end,50000,10694
service,50000,205
end_to_end,500000,31907
service,500000,1890
end_to_end,50000,16870
service,50000,810
end_to_end,500000,17179
service,500000,1555
end_to_end,500000,24456
service,500000,76
end_to_end,50000,30565
service,50000,509
end_to_end,500000,44777
service,500000,6632
end_to_end,500000,17432
service,500000,496
end_to_end,50000,8191
service,50000,1393
end_to_end,500000,10307
service,500000,58
end_to_end,500000,20535
service,500000,279
end_to_end,50000,32062
service,50000,227
end_to_end,500000,15337
service,500000,1482
end_to_end,50000,15324
service,50000,637
end_to_end,500000,16704
service,500000,1741
end_to_end,500000,12222
service,500000,196
end_to_end,500000,31315
service,500000,2544
end_to_end,500000,17337
service,500000,494
end_to_end,50000,17273
service,50000,20
end_to_end,50000,17155
service,50000,200
end_to_end,500000,32120
service,500000,540
end_to_end,50000,18611
service,50000,767
end_to_end,500000,12786
service,500000,406
end_to_end,50000,25392
service,50000,1140
end_to_end,50000,26757
service,50000,169
end_to_end,50000,14612
service,50000,687
end_to_end,50000,12023
service,50000,3941
end_to_end,500000,9281
service,500000,2590
end_to_end,500000,11757
service,500000,596
end_to_end,50000,28882
service,50000,1203
end_to_end,500000,23460
service,500000,2349
end_to_end,500000,19208
service,500000,1796
end_to_end,500000,24650
service,500000,1431
end_to_end,500000,12132
service,500000,4
end_to_end,50000,21706
service,50000,1634
end_to_end,500000,8509
service,500000,671
end_to_end,50000,16935
service,50000,507
end_to_end,50000,24735
service,50000,69
end_to_end,500000,25849
service,500000,1475
end_to_end,50000,30569
service,50000,875
end_to_end,50000,53091
service,50000,5986
end_to_end,500000,36196
service,500000,222
end_to_end,500000,32422
service,500000,7753
end_to_end,500000,24085
service,500000,385
end_to_end,500000,16413
service,500000,1246
end_to_end,50000,29118
service,50000,238
end_to_end,500000,25009
service,500000,1742
end_to_end,50000,24750
service,50000,3295
end_to_end,50000,16885
service,50000,1130
end_to_end,500000,22172
service,500000,3526
end_to_end,500000,25392
service,500000,88
end_to_end,50000,25276
service,50000,8003
end_to_end,500000,15768
service,500000,298
end_to_end,50000,25204
service,50000,2190
end_to_end,50000,12734
service,50000,3525
end_to_end,500000,18843
service,500000,1145
end_to_end,50000,19388
service,50000,573
end_to_end,500000,31371
service,500000,7205
end_to_end,50000,16224
service,50000,995
end_to_end,500000,23133
service,500000,3207
end_to_end,500000,17833
service,500000,298
end_to_end,500000,13469
service,500000,758
end_to_end,50000,21856
service,50000,790
end_to_end,50000,26428
service,50000,630
end_to_end,500000,29151
service,500000,3284
end_to_end,50000,15189
service,50000,1003
end_to_end,50000,15758
service,50000,2616
end_to_end,50000,20379
service,50000,926
end_to_end,50000,22218
service,50000,1184
end_to_end,500000,18178
service,500000,7407
end_to_end,50000,12214
service,50000,2127
end_to_end,500000,25044
service,500000,1200
end_to_end,50000,11233
service,50000,2807
end_to_end,50000,20892
service,50000,1544
end_to_end,500000,28667
service,500000,3125
end_to_end,50000,15841
service,50000,2529
end_to_end,500000,10640
service,500000,3587
end_to_end,50000,14323
service,50000,2121
end_to_end,50000,20361
service,50000,4320
end_to_end,500000,20747
service,500000,586
end_to_end,50000,15155
service,50000,2467
end_to_end,500000,27754
service,500000,8282
end_to_end,500000,17064
service,500000,18
end_to_end,50000,23670
service,50000,220
end_to_end,50000,19099
service,50000,2240
end_to_end,500000,25213
service,500000,4733
end_to_end,50000,22490
service,50000,5162
end_to_end,50000,18615
service,50000,4521
end_to_end,500000,21577
service,500000,1275
end_to_end,50000,10243
service,50000,2275
end_to_end,50000,21020
service,50000,3280
end_to_end,50000,25299
service,50000,1825
end_to_end,500000,10882
service,500000,1217
end_to_end,50000,16454
service,50000,394
end_to_end,500000,15330
service,500000,994
end_to_end,50000,10232
service,50000,13
end_to_end,500000,31452
service,500000,4966
end_to_end,50000,23618
service,50000,6012
end_to_end,50000,16591
service,50000,30
end_to_end,500000,20032
service,500000,1229
end_to_end,500000,24589
service,500000,218
end_to_end,500000,14535
service,500000,2078
end_to_end,50000,35111
service,50000,268
end_to_end,500000,14894
service,500000,1649
end_to_end,500000,18970
service,500000,3037
end_to_end,500000,28924
service,500000,2415
end_to_end,500000,23872
service,500000,4675
end_to_end,500000,24286
service,500000,2644
end_to_end,50000,28196
service,50000,13
end_to_end,500000,40660
service,500000,9694
end_to_end,500000,18713
service,500000,2480
end_to_end,500000,18221
service,500000,1917
end_to_end,500000,17019
service,500000,255
end_to_end,50000,17796
service,50000,175
end_to_end,50000,26409
service,50000,1664
end_to_end,50000,23265
service,50000,4506
end_to_end,50000,14004
service,50000,1361
end_to_end,500000,21626
service,500000,2351
end_to_end,500000,19547
service,500000,3940
end_to_end,50000,22411
service,50000,745
end_to_end,500000,21222
service,500000,1386
end_to_end,500000,27199
service,500000,1867
end_to_end,500000,20158
service,500000,1499
end_to_end,500000,25727
service,500000,392
end_to_end,50000,18730
service,50000,1381
end_to_end,500000,21191
service,500000,706
end_to_end,500000,15411
service,500000,3518
end_to_end,500000,12276
service,500000,130
end_to_end,500000,25164
service,500000,4
end_to_end,50000,26170
service,50000,280
end_to_end,50000,34378
service,50000,1280
end_to_end,50000,15719
service,50000,129
end_to_end,50000,21148
service,50000,233
end_to_end,50000,13010
service,50000,4806
end_to_end,500000,8944
service,500000,994
end_to_end,500000,25935
service,500000,1552
end_to_end,50000,20391
service,50000,2089
end_to_end,500000,21717
service,500000,397
end_to_end,500000,30402
service,500000,1825
end_to_end,50000,19424
service,50000,344
end_to_end,50000,24636
service,50000,445
end_to_end,50000,22395
service,50000,116
end_to_end,500000,16088
service,500000,2738
end_to_end,50000,19844
service,50000,924
end_to_end,500000,7436
service,500000,450
end_to_end,50000,27991
service,50000,21
end_to_end,50000,20342
service,50000,1204
end_to_end,50000,27142
service,50000,3279
end_to_end,50000,36917
service,50000,337
end_to_end,500000,19865
service,500000,144
end_to_end,500000,15895
service,500000,1155
end_to_end,500000,14660
service,500000,1649
end_to_end,50000,21955
service,50000,1361
end_to_end,500000,27784
service,500000,400
end_to_end,50000,7964
service,50000,992
end_to_end,50000,18314
service,50000,7249
end_to_end,500000,15397
service,500000,944
end_to_end,50000,18965
service,50000,2997
end_to_end,500000,21149
service,500000,278
end_to_end,50000,16672
service,50000,273
end_to_end,50000,27259
service,50000,2609
end_to_end,500000,19244
service,500000,1227
end_to_end,50000,35658
service,50000,9455
end_to_end,50000,16642
service,50000,105
end_to_end,50000,18066
service,50000,2727
end_to_end,500000,28723
service,500000,3338
end_to_end,500000,13638
service,500000,756
end_to_end,500000,18979
service,500000,964
end_to_end,50000,19136
service,50000,1545
end_to_end,50000,25776
service,50000,1291
end_to_end,500000,22831
service,500000,2240
end_to_end,50000,20342
service,50000,285
end_to_end,50000,18211
service,50000,782
end_to_end,500000,20494
service,500000,1172
end_to_end,50000,24313
service,50000,2751
end_to_end,500000,28300
service,500000,82
end_to_end,500000,20621
service,500000,3435
end_to_end,50000,32974
service,50000,4158
end_to_end,500000,23671
service,500000,4284
end_to_end,500000,26019
service,500000,1267
end_to_end,500000,27317
service,500000,3582
end_to_end,500000,21311
service,500000,298
end_to_end,500000,24383
service,500000,3529
end_to_end,500000,11753
service,500000,1196
end_to_end,50000,13933
service,50000,5242
end_to_end,500000,27532
service,500000,7646
end_to_end,500000,13865
service,500000,1771
end_to_end,500000,23019
service,500000,29
end_to_end,500000,25057
service,500000,156
end_to_end,50000,10559
service,50000,1343
end_to_end,500000,17142
service,500000,91
end_to_end,50000,25631
service,50000,420
end_to_end,500000,9959
service,500000,179
end_to_end,500000,28921
service,500000,7441
end_to_end,500000,30787
service,500000,616
end_to_end,50000,24763
service,50000,532
end_to_end,500000,16952
service,500000,3494
end_to_end,50000,18301
service,50000,630
end_to_end,500000,12159
service,500000,1556
end_to_end,50000,21233
service,50000,1563
end_to_end,50000,14729
service,50000,126
end_to_end,500000,28239
service,500000,270
end_to_end,50000,22292
service,50000,408
end_to_end,500000,15305
service,500000,68
end_to_end,500000,29897
service,500000,1369
end_to_end,500000,15724
service,500000,998
end_to_end,50000,22895
service,50000,1329
end_to_end,500000,19599
service,500000,883
end_to_end,500000,18182
service,500000,2472
end_to_end,500000,36454
service,500000,3472
end_to_end,50000,26967
service,50000,104
end_to_end,50000,19442
service,50000,2494
end_to_end,500000,16276
service,500000,266
end_to_end,50000,28858
service,50000,1518
end_to_end,50000,17778
service,50000,152
end_to_end,500000,17158
service,500000,1593
end_to_end,50000,16218
service,50000,1577
end_to_end,50000,15266
service,50000,401
end_to_end,500000,22531
service,500000,867
end_to_end,50000,19784
service,50000,4226
end_to_end,50000,15520
service,50000,1844
end_to_end,500000,16011
service,500000,2844
end_to_end,50000,20009
service,50000,1309
end_to_end,500000,28029
service,500000,3474
end_to_end,50000,19465
service,50000,803
end_to_end,50000,29001
service,50000,3886
end_to_end,500000,24143
service,500000,258
end_to_end,50000,23511
service,50000,582
end_to_end,500000,11620
service,500000,124
end_to_end,500000,12007
service,500000,997
end_to_end,500000,31793
service,500000,2831
end_to_end,500000,13477
service,500000,755
end_to_end,50000,20844
service,50000,752
end_to_end,500000,22723
service,500000,3443
end_to_end,500000,37552
service,500000,1015
end_to_end,50000,17745
service,50000,9326
end_to_end,500000,35344
service,500000,2522
end_to_end,50000,22415
service,50000,5165
end_to_end,500000,30436
service,500000,3465
end_to_end,500000,33617
service,500000,4853
end_to_end,500000,27065
service,500000,1946
end_to_end,500000,27518
service,500000,1394
end_to_end,50000,9632
service,50000,1086
end_to_end,50000,16684
service,50000,1927
end_to_end,50000,28701
service,50000,6400
end_to_end,500000,20552
service,500000,6399
end_to_end,500000,18834
service,500000,103
end_to_end,500000,25977
service,500000,19
end_to_end,50000,32542
service,50000,4912
end_to_end,500000,10229
service,500000,243
end_to_end,500000,28767
service,500000,7673
end_to_end,500000,12803
service,500000,1223
end_to_end,50000,24022
service,50000,6399
end_to_end,500000,35205
service,500000,3119
end_to_end,500000,20722
service,500000,2459
end_to_end,50000,25246
service,50000,812
end_to_end,50000,15078
service,50000,2295
end_to_end,50000,32131
service,50000,7595
end_to_end,50000,30735
service,50000,979
end_to_end,50000,15659
service,50000,2447
end_to_end,50000,24950
service,50000,1885
end_to_end,500000,29608
service,500000,54
end_to_end,500000,18968
service,500000,4121
end_to_end,500000,14440
service,500000,12
end_to_end,500000,24069
service,500000,2476
end_to_end,50000,14691
service,50000,564
end_to_end,500000,17385
service,500000,2111
end_to_end,500000,22689
service,500000,174
end_to_end,50000,16172
service,50000,874
end_to_end,500000,17969
service,500000,1102
end_to_end,500000,26057
service,500000,4322
end_to_end,500000,25958
service,500000,2550
end_to_end,500000,12118
service,500000,972
end_to_end,500000,12363
service,500000,516
end_to_end,50000,22117
service,50000,2322
end_to_end,50000,23982
service,50000,3888
end_to_end,50000,30656
service,50000,6729
end_to_end,50000,26037
service,50000,1438
end_to_end,500000,14140
service,500000,2026
end_to_end,500000,19776
service,500000,1511
end_to_end,50000,21662
service,50000,1387
end_to_end,50000,16395
service,50000,712
end_to_end,50000,28056
service,50000,527
end_to_end,500000,16912
service,500000,987
end_to_end,50000,22530
service,50000,5294
end_to_end,500000,12046
service,500000,2485
end_to_end,500000,10262
service,500000,1173
end_to_end,50000,16084
service,50000,840
end_to_end,500000,13533
service,500000,505
end_to_end,50000,20221
service,50000,5730
end_to_end,500000,22962
service,500000,7959
end_to_end,50000,41191
service,50000,7297
end_to_end,500000,13337
service,500000,322
end_to_end,50000,18845
service,50000,911
end_to_end,50000,15480
service,50000,1839
end_to_end,50000,23502
service,50000,968
end_to_end,500000,22780
service,500000,1848
end_to_end,50000,20677
service,50000,5463
end_to_end,50000,13841
service,50000,2280
end_to_end,50000,16829
service,50000,1696
end_to_end,500000,23170
service,500000,1617
end_to_end,500000,26833
service,500000,590
end_to_end,50000,19094
service,50000,529
end_to_end,50000,8925
service,50000,474
end_to_end,50000,19969
service,50000,5457
end_to_end,50000,27621
service,50000,288
end_to_end,50000,18048
service,50000,4381
end_to_end,50000,24554
service,50000,1491
end_to_end,50000,24630
service,50000,7179
end_to_end,50000,26928
service,50000,1620
end_to_end,500000,16066
service,500000,549
end_to_end,50000,26856
service,50000,3505
end_to_end,500000,9033
service,500000,985
end_to_end,50000,17957
service,50000,980
end_to_end,500000,15820
service,500000,408
end_to_end,50000,29339
service,50000,5230
end_to_end,50000,23398
service,50000,1118
end_to_end,500000,11392
service,500000,2060
end_to_end,500000,19918
service,500000,152
end_to_end,500000,34185
service,500000,1035
end_to_end,500000,27268
service,500000,3767
end_to_end,500000,20797
service,500000,133
end_to_end,500000,29772
service,500000,3583
end_to_end,500000,21147
service,500000,3304
end_to_end,50000,8721
service,50000,87
end_to_end,500000,25487
service,500000,572
end_to_end,500000,25792
service,500000,1215
end_to_end,50000,17410
service,50000,24
end_to_end,500000,19459
service,500000,317
end_to_end,50000,29453
service,50000,2011
end_to_end,500000,14567
service,500000,1214
end_to_end,50000,18271
service,50000,3062
end_to_end,50000,17369
service,50000,6720
end_to_end,50000,18508
service,50000,1138
end_to_end,500000,24376
service,500000,7567
end_to_end,500000,17829
service,500000,3651
end_to_end,50000,15397
service,50000,0
end_to_end,500000,18413
service,500000,1222
end_to_end,500000,18897
service,500000,2216
end_to_end,500000,18725
service,500000,4990
end_to_end,500000,22752
service,500000,4349
end_to_end,500000,28640
service,500000,1684
end_to_end,50000,18170
service,50000,1604
end_to_end,50000,18870
service,50000,1726
end_to_end,500000,36175
service,500000,3634
end_to_end,50000,26522
service,50000,39
end_to_end,500000,24990
service,500000,4284
end_to_end,50000,30192
service,50000,1060
end_to_end,500000,18993
service,500000,1081
end_to_end,50000,12658
service,50000,3140
end_to_end,50000,21947
service,50000,2856
end_to_end,50000,11282
service,50000,1536
end_to_end,500000,22213
service,500000,5439
end_to_end,500000,30545
service,500000,1213
end_to_end,500000,22243
service,500000,4176
end_to_end,500000,34035
service,500000,6668
end_to_end,50000,35869
service,50000,3201
end_to_end,50000,25436
service,50000,1775
end_to_end,500000,20511
service,500000,3696
end_to_end,500000,17244
service,500000,211
end_to_end,50000,17924
service,50000,2729
end_to_end,50000,11869
service,50000,1579
end_to_end,50000,19139
service,50000,978
end_to_end,50000,9125
service,50000,997
end_to_end,50000,29703
service,50000,616
end_to_end,50000,20192
service,50000,1657
end_to_end,50000,27820
service,50000,5113
end_to_end,500000,13198
service,500000,174
end_to_end,50000,21517
service,50000,8928
end_to_end,50000,29267
service,50000,2941
end_to_end,500000,17515
service,500000,1555
end_to_end,50000,20531
service,50000,974
end_to_end,50000,44213
service,50000,5017
end_to_end,50000,19873
service,50000,1914
end_to_end,50000,22464
service,50000,1300
end_to_end,50000,22687
service,50000,508
end_to_end,500000,22812
service,500000,1238
end_to_end,50000,15420
service,50000,181
end_to_end,50000,24047
service,50000,1441
end_to_end,500000,27544
service,500000,298
end_to_end,500000,14935
service,500000,1254
end_to_end,500000,11213
service,500000,516
end_to_end,500000,25387
service,500000,2149
end_to_end,500000,10695
service,500000,2059
end_to_end,50000,23302
service,50000,1601
end_to_end,500000,15712
service,500000,2171
end_to_end,50000,26792
service,50000,192
end_to_end,500000,10920
service,500000,1172
end_to_end,500000,9404
service,500000,198
end_to_end,500000,22540
service,500000,34
end_to_end,50000,15623
service,50000,628
end_to_end,500000,16779
service,500000,4093
end_to_end,500000,19938
service,500000,1852
end_to_end,500000,29009
service,500000,1866
end_to_end,500000,16558
service,500000,3021
end_to_end,50000,23790
service,50000,1074
end_to_end,500000,23336
service,500000,3214
end_to_end,50000,30280
service,50000,9408
end_to_end,500000,20500
service,500000,396
end_to_end,50000,15963
service,50000,86
end_to_end,50000,18802
service,50000,2253
end_to_end,50000,10859
service,50000,70
end_to_end,50000,21807
service,50000,5209
end_to_end,50000,20608
service,50000,3042
end_to_end,50000,20743
service,50000,1496
end_to_end,50000,17952
service,50000,1971
end_to_end,50000,19045
service,50000,186
end_to_end,50000,23143
service,50000,2212
end_to_end,50000,43220
service,50000,326
end_to_end,50000,33783
service,50000,5331
end_to_end,500000,7624
service,500000,80
end_to_end,500000,16581
service,500000,1150
end_to_end,50000,23020
service,50000,1758
end_to_end,500000,18699
service,500000,525
end_to_end,500000,16009
service,500000,409
end_to_end,500000,14799
service,500000,1590
end_to_end,50000,21620
service,50000,3351
end_to_end,500000,24728
service,500000,373
end_to_end,500000,27813
service,500000,743
end_to_end,50000,18167
service,50000,102
end_to_end,500000,26384
service,500000,1644
end_to_end,500000,18540
service,500000,625
end_to_end,500000,19834
service,500000,319
end_to_end,500000,22373
service,500000,36
end_to_end,50000,10279
service,50000,1323
end_to_end,500000,14155
service,500000,451
end_to_end,50000,29286
service,50000,1406
end_to_end,500000,29365
service,500000,5444
end_to_end,50000,29471
service,50000,1570
end_to_end,50000,31761
service,50000,1860
end_to_end,500000,14641
service,500000,468
end_to_end,500000,15375
service,500000,790
end_to_end,50000,18964
service,50000,59
end_to_end,50000,17499
service,50000,1328
end_to_end,50000,15923
service,50000,4923
end_to_end,50000,22458
service,50000,2471
end_to_end,50000,11752
service,50000,1275
end_to_end,50000,15236
service,50000,190
end_to_end,500000,18233
service,500000,960
end_to_end,500000,15721
service,500000,1165
end_to_end,500000,16583
service,500000,166
end_to_end,50000,15135
service,50000,41
end_to_end,50000,14734
service,50000,1150
end_to_end,500000,9013
service,500000,306
end_to_end,500000,25177
service,500000,3641
end_to_end,50000,22753
service,50000,2530
end_to_end,500000,19782
service,500000,776
end_to_end,500000,16826
service,500000,2315
end_to_end,500000,21479
service,500000,246
end_to_end,500000,18177
service,500000,1302
end_to_end,50000,14308
service,50000,671
end_to_end,500000,31389
service,500000,10737
end_to_end,500000,27157
service,500000,824
end_to_end,50000,15278
service,50000,1083
end_to_end,500000,18718
service,500000,991
end_to_end,50000,9334
service,50000,244
end_to_end,50000,24158
service,50000,1874
end_to_end,50000,23687
service,50000,6515
end_to_end,500000,18646
service,500000,883
end_to_end,50000,22004
service,50000,283
end_to_end,500000,18556
service,500000,430
end_to_end,50000,15558
service,50000,32
end_to_end,500000,9908
service,500000,1605
end_to_end,50000,16355
service,50000,476
end_to_end,500000,24673
service,500000,9442
end_to_end,50000,35327
service,50000,589
end_to_end,500000,21891
service,500000,8292
end_to_end,50000,14406
service,50000,1628
end_to_end,50000,13772
service,50000,650
end_to_end,50000,34090
service,50000,3804
end_to_end,50000,16599
service,50000,3408
end_to_end,50000,19046
service,50000,443
end_to_end,500000,12447
service,500000,1981
end_to_end,50000,13139
service,50000,3383
end_to_end,50000,28924
service,50000,269
end_to_end,500000,22449
service,500000,139
end_to_end,500000,26253
service,500000,2881
end_to_end,50000,28891
service,50000,2217
end_to_end,500000,20124
service,500000,1799
end_to_end,500000,15726
service,500000,7628
end_to_end,500000,24173
service,500000,7009
end_to_end,50000,21917
service,50000,5680
end_to_end,500000,28101
service,500000,4925
end_to_end,500000,8842
service,500000,636
end_to_end,500000,19327
service,500000,3220
end_to_end,500000,20950
service,500000,648
end_to_end,50000,20415
service,50000,2398
end_to_end,50000,24613
service,50000,1366
end_to_end,500000,21654
service,500000,2794
end_to_end,50000,14212
service,50000,93
end_to_end,50000,38544
service,50000,1083
end_to_end,50000,45129
service,50000,361
end_to_end,50000,18320
service,50000,141
end_to_end,50000,26932
service,50000,1870
end_to_end,500000,23121
service,500000,11043
end_to_end,500000,30292
service,500000,576
end_to_end,500000,28914
service,500000,6704
end_to_end,500000,30193
service,500000,5051
end_to_end,500000,15643
service,500000,369
end_to_end,500000,16318
service,500000,598
end_to_end,500000,15130
service,500000,1732
end_to_end,500000,19960
service,500000,1132
end_to_end,500000,15297
service,500000,1664
end_to_end,500000,26187
service,500000,1026
end_to_end,50000,18519
service,50000,203
end_to_end,50000,22463
service,50000,2557
end_to_end,50000,16156
service,50000,9
end_to_end,50000,18704
service,50000,820
end_to_end,500000,18731
service,500000,2733
end_to_end,50000,13792
service,50000,861
end_to_end,50000,22002
service,50000,3631
end_to_end,500000,21996
service,500000,1524
end_to_end,50000,17724
service,50000,634
end_to_end,50000,20107
service,50000,1232
end_to_end,50000,15739
service,50000,3392
end_to_end,50000,11683
service,50000,1442
end_to_end,500000,13997
service,500000,1091
end_to_end,500000,14254
service,500000,205
end_to_end,50000,28206
service,50000,1539
end_to_end,500000,26973
service,500000,742
end_to_end,500000,16724
service,500000,3688
end_to_end,50000,15795
service,50000,1270
end_to_end,50000,20385
service,50000,188
end_to_end,500000,15492
service,500000,4247
end_to_end,50000,15499
service,50000,888
end_to_end,50000,22165
service,50000,833
end_to_end,50000,11175
service,50000,437
end_to_end,500000,20329
service,500000,890
end_to_end,500000,16342
service,500000,164
end_to_end,500000,17947
service,500000,4013
end_to_end,50000,37887
service,50000,1387
end_to_end,500000,17077
service,500000,4520
end_to_end,50000,19844
service,50000,119
end_to_end,500000,14393
service,500000,7152
end_to_end,50000,12421
service,50000,4
end_to_end,500000,17280
service,500000,954
end_to_end,50000,31333
service,50000,5793
end_to_end,500000,24422
service,500000,1707
end_to_end,500000,24019
service,500000,45
end_to_end,500000,42180
service,500000,1863
end_to_end,50000,22021
service,50000,1223
end_to_end,50000,17297
service,50000,642
end_to_end,500000,33198
service,500000,2528
end_to_end,50000,36728
service,50000,889
end_to_end,500000,15800
service,500000,46
end_to_end,500000,36919
service,500000,10197
end_to_end,500000,19647
service,500000,4271
end_to_end,50000,28697
service,50000,5550
end_to_end,50000,53480
service,50000,10605
end_to_end,500000,24134
service,500000,5590
end_to_end,500000,35244
service,500000,1275
end_to_end,50000,16010
service,50000,175
end_to_end,50000,19727
service,50000,1524
end_to_end,50000,26482
service,50000,97
end_to_end,500000,8376
service,500000,166
end_to_end,500000,20576
service,500000,0
end_to_end,50000,19820
service,50000,643
end_to_end,500000,38031
service,500000,3862
end_to_end,50000,17466
service,50000,1555
end_to_end,50000,22919
service,50000,262
end_to_end,500000,26792
service,500000,6926
end_to_end,50000,32038
service,50000,2467
end_to_end,500000,17150
service,500000,1006
end_to_end,500000,16897
service,500000,1067
end_to_end,50000,16260
service,50000,2164
end_to_end,500000,29533
service,500000,1598
end_to_end,500000,20819
service,500000,7756
end_to_end,50000,21913
service,50000,4813
end_to_end,500000,29331
service,500000,5312
end_to_end,50000,13568
service,50000,1143
end_to_end,500000,15593
service,500000,962
end_to_end,50000,23157
service,50000,70
end_to_end,500000,12619
service,500000,208
end_to_end,50000,14830
service,50000,3701
end_to_end,50000,17404
service,50000,1903
end_to_end,500000,21921
service,500000,2422
end_to_end,500000,20902
service,500000,1621
end_to_end,500000,27602
service,500000,388
end_to_end,500000,32006
service,500000,3962
end_to_end,500000,24756
service,500000,3950
end_to_end,500000,15565
service,500000,3368
end_to_end,50000,15733
service,50000,165
end_to_end,500000,21678
service,500000,497
end_to_end,500000,11678
service,500000,1309
end_to_end,50000,15145
service,50000,2872
end_to_end,50000,16416
service,50000,4298
end_to_end,50000,15082
service,50000,88
end_to_end,50000,21169
service,50000,1466
end_to_end,50000,12548
service,50000,2529
end_to_end,500000,26809
service,500000,3828
end_to_end,50000,17205
service,50000,196
end_to_end,50000,13266
service,50000,637
end_to_end,50000,18603
service,50000,1369
end_to_end,500000,19376
service,500000,5710
end_to_end,50000,26116
service,50000,1557
end_to_end,500000,28720
service,500000,2583
end_to_end,500000,32135
service,500000,3908
end_to_end,500000,29983
service,500000,2017
end_to_end,50000,28563
service,50000,60
end_to_end,500000,12242
service,500000,768
end_to_end,500000,24167
service,500000,2275
end_to_end,500000,25270
service,500000,3708
end_to_end,50000,26115
service,50000,3168
end_to_end,500000,23332
service,500000,3514
end_to_end,500000,19199
service,500000,1926
end_to_end,500000,19873
service,500000,531
end_to_end,50000,21018
service,50000,2008
end_to_end,500000,20740
service,500000,968
end_to_end,500000,17437
service,500000,754
end_to_end,500000,33186
service,500000,535
end_to_end,50000,24246
service,50000,1112
end_to_end,50000,21057
service,50000,3299
end_to_end,50000,19091
service,50000,2063
end_to_end,500000,23215
service,500000,7270
end_to_end,50000,31151
service,50000,3939
end_to_end,50000,19926
service,50000,1825
end_to_end,500000,18611
service,500000,1740
end_to_end,50000,23361
service,50000,75
end_to_end,50000,20596
service,50000,2562
end_to_end,50000,32524
service,50000,1891
end_to_end,500000,21395
service,500000,3849
end_to_end,50000,16289
service,50000,2129
end_to_end,500000,14002
service,500000,996
end_to_end,500000,25243
service,500000,1489
end_to_end,50000,7568
service,50000,252
end_to_end,50000,31923
service,50000,582
end_to_end,500000,37261
service,500000,7838
end_to_end,50000,40605
service,50000,1086
end_to_end,50000,25858
service,50000,3466
end_to_end,50000,16198
service,50000,298
end_to_end,50000,24291
service,50000,999
end_to_end,50000,29545
service,50000,4017
end_to_end,500000,42477
service,500000,237
end_to_end,500000,21095
service,500000,675
end_to_end,500000,12512
service,500000,614
end_to_end,500000,14403
service,500000,563
end_to_end,500000,19569
service,500000,304
end_to_end,50000,12554
service,50000,625
end_to_end,500000,17777
service,500000,1586
end_to_end,50000,12092
service,50000,131
end_to_end,500000,26052
service,500000,3769
end_to_end,50000,23396
service,50000,1592
end_to_end,50000,11906
service,50000,866
end_to_end,500000,24673
service,500000,755
end_to_end,50000,11486
service,50000,96
end_to_end,50000,23317
service,50000,585
end_to_end,50000,32667
service,50000,2789
end_to_end,500000,32395
service,500000,1427
end_to_end,500000,31751
service,500000,10876
end_to_end,500000,25276
service,500000,582
end_to_end,500000,22489
service,500000,875
end_to_end,500000,23457
service,500000,545
end_to_end,500000,10781
service,500000,2
end_to_end,50000,19860
service,50000,795
end_to_end,500000,11374
service,500000,2495
end_to_end,500000,21652
service,500000,1457
end_to_end,50000,24236
service,50000,2357
end_to_end,50000,27097
service,50000,2361
end_to_end,500000,28272
service,500000,3231
end_to_end,50000,27882
service,50000,5146
end_to_end,500000,16326
service,500000,2626
end_to_end,50000,12656
service,50000,21
end_to_end,500000,26023
service,500000,8550
end_to_end,500000,19185
service,500000,706
end_to_end,50000,27794
service,50000,1233
end_to_end,50000,25800
service,50000,2295
end_to_end,50000,20188
service,50000,3504
end_to_end,50000,21867
service,50000,5185
end_to_end,50000,17049
service,50000,242
end_to_end,500000,38166
service,500000,5557
end_to_end,500000,20550
service,500000,1752
end_to_end,500000,19599
service,500000,1552
end_to_end,500000,19422
service,500000,2308
end_to_end,50000,23076
service,50000,181
end_to_end,50000,35272
service,50000,934
end_to_end,50000,11167
service,50000,881
end_to_end,50000,11983
service,50000,876
end_to_end,500000,30237
service,500000,986
end_to_end,500000,26685
service,500000,934
end_to_end,50000,14804
service,50000,2008
end_to_end,500000,22881
service,500000,661
end_to_end,50000,15056
service,50000,116
end_to_end,500000,23119
service,500000,1640
end_to_end,50000,18169
service,50000,415
end_to_end,50000,22465
service,50000,5757
end_to_end,50000,33347
service,50000,808
end_to_end,50000,28213
service,50000,2611
end_to_end,50000,12710
service,50000,2775
end_to_end,50000,16876
service,50000,1738
end_to_end,500000,27109
service,500000,1378
end_to_end,500000,14745
service,500000,529
end_to_end,50000,20294
service,50000,458
end_to_end,50000,25522
service,50000,35
end_to_end,50000,22105
service,50000,1924
end_to_end,500000,22446
service,500000,2168
end_to_end,500000,17751
service,500000,424
end_to_end,500000,38328
service,500000,2509
end_to_end,500000,12786
service,500000,1099
end_to_end,50000,26612
service,50000,1714
end_to_end,50000,41373
service,50000,3022
end_to_end,500000,10284
service,500000,2457
end_to_end,500000,25036
service,500000,2095
end_to_end,500000,33642
service,500000,1637
end_to_end,500000,22179
service,500000,3316
end_to_end,500000,19890
service,500000,1752
end_to_end,500000,24099
service,500000,1818
end_to_end,50000,23158
service,50000,2750
end_to_end,50000,13952
service,50000,40
end_to_end,50000,32994
service,50000,1512
end_to_end,50000,15986
service,50000,413
end_to_end,500000,23597
service,500000,1268
end_to_end,500000,18856
service,500000,1318
end_to_end,50000,14156
service,50000,2111
end_to_end,50000,28086
service,50000,1361
end_to_end,500000,37165
service,500000,5316
end_to_end,500000,28294
service,500000,3303
end_to_end,500000,24409
service,500000,1818
end_to_end,50000,21206
service,50000,1018
end_to_end,50000,17172
service,50000,2
end_to_end,50000,28634
service,50000,7465
end_to_end,500000,19210
service,500000,692
end_to_end,500000,34531
service,500000,4139
end_to_end,50000,20470
service,50000,150
end_to_end,50000,14706
service,50000,295
end_to_end,50000,23734
service,50000,587
end_to_end,50000,22830
service,50000,1477
end_to_end,50000,24882
service,50000,7341
end_to_end,50000,21218
service,50000,390
end_to_end,50000,19435
service,50000,3375
end_to_end,50000,19867
service,50000,1614
end_to_end,500000,10854
service,500000,1801
end_to_end,50000,20467
service,50000,547
end_to_end,50000,33550
service,50000,255
end_to_end,50000,13754
service,50000,455
end_to_end,50000,9783
service,50000,1334
end_to_end,500000,33605
service,500000,1400
end_to_end,500000,23443
service,500000,4226
end_to_end,50000,21265
service,50000,1795
end_to_end,50000,24348
service,50000,4487
end_to_end,500000,25227
service,500000,875
end_to_end,50000,16373
service,50000,355
end_to_end,50000,15933
service,50000,1801
end_to_end,50000,11915
service,50000,2077
end_to_end,500000,28934
service,500000,2393
end_to_end,50000,13320
service,50000,112
end_to_end,50000,24866
service,50000,6673
end_to_end,500000,30310
service,500000,137
end_to_end,500000,15420
service,500000,2006
end_to_end,50000,20510
service,50000,2175
end_to_end,50000,16629
service,50000,468
end_to_end,50000,22708
service,50000,3085
end_to_end,50000,16214
service,50000,1532
end_to_end,500000,25495
service,500000,9026
end_to_end,50000,14260
service,50000,737
end_to_end,50000,25049
service,50000,678
end_to_end,500000,31579
service,500000,3299
end_to_end,50000,23250
service,50000,1304
end_to_end,50000,26602
service,50000,319
end_to_end,50000,20878
service,50000,3183
end_to_end,50000,36359
service,50000,3165
end_to_end,500000,22258
service,500000,246
end_to_end,50000,26041
service,50000,8317
end_to_end,50000,16666
service,50000,828
end_to_end,500000,23071
service,500000,1146
end_to_end,50000,16047
service,50000,575
end_to_end,500000,19599
service,500000,1037
end_to_end,50000,19753
service,50000,3187
end_to_end,500000,25072
service,500000,616
end_to_end,500000,15108
service,500000,796
end_to_end,50000,38159
service,50000,7690
end_to_end,500000,19442
service,500000,4952
end_to_end,500000,28131
service,500000,1626
end_to_end,500000,13473
service,500000,517
end_to_end,500000,19125
service,500000,2160
end_to_end,500000,33071
service,500000,7310
end_to_end,500000,11823
service,500000,1409
end_to_end,50000,22471
service,50000,1688
end_to_end,50000,22492
service,50000,1952
end_to_end,50000,27412
service,50000,6125
end_to_end,50000,12063
service,50000,628
end_to_end,500000,19324
service,500000,55
end_to_end,50000,22078
service,50000,277
end_to_end,500000,25713
service,500000,2730
end_to_end,500000,26828
service,500000,80
end_to_end,50000,18409
service,50000,2344
end_to_end,50000,19755
service,50000,4044
end_to_end,50000,12715
service,50000,1477
end_to_end,500000,22180
service,500000,3459
end_to_end,50000,19372
service,50000,4243
end_to_end,500000,18129
service,500000,4922
end_to_end,500000,10023
service,500000,2014
end_to_end,500000,22813
service,500000,233
end_to_end,50000,19268
service,50000,990
end_to_end,50000,28409
service,50000,1065
end_to_end,50000,30493
service,50000,2417
end_to_end,500000,18667
service,500000,1945
end_to_end,50000,23952
service,50000,1682
end_to_end,500000,20859
service,500000,401
end_to_end,50000,20656
service,50000,1121
end_to_end,500000,10979
service,500000,189
end_to_end,500000,15359
service,500000,2128
end_to_end,500000,21975
service,500000,3589
end_to_end,50000,20035
service,50000,1714
end_to_end,50000,15945
service,50000,2339
end_to_end,500000,17302
service,500000,1073
end_to_end,500000,11937
service,500000,290
end_to_end,50000,15773
service,50000,2692
end_to_end,500000,14270
service,500000,2363
end_to_end,50000,14335
service,50000,491
end_to_end,50000,18286
service,50000,2182
end_to_end,500000,26012
service,500000,1761
end_to_end,500000,27860
service,500000,2803
end_to_end,50000,20102
service,50000,2792
end_to_end,50000,12327
service,50000,249
end_to_end,500000,40153
service,500000,8468
end_to_end,500000,14388
service,500000,1584
end_to_end,500000,13569
service,500000,1222
end_to_end,50000,19989
service,50000,883
end_to_end,50000,18705
service,50000,808
end_to_end,500000,21637
service,500000,400
end_to_end,500000,15351
service,500000,4584
end_to_end,50000,12641
service,50000,465
end_to_end,500000,32345
service,500000,2785
end_to_end,500000,13486
service,500000,1853
end_to_end,50000,26891
service,50000,6375
end_to_end,50000,20635
service,50000,568
end_to_end,50000,13541
service,50000,603
end_to_end,50000,10684
service,50000,708
end_to_end,50000,27891
service,50000,45
end_to_end,500000,12180
service,500000,1736
end_to_end,50000,21892
service,50000,1165
end_to_end,50000,38504
service,50000,6487
end_to_end,500000,16697
service,500000,342
end_to_end,500000,33829
service,500000,1597
end_to_end,500000,20339
service,500000,1258
end_to_end,500000,34161
service,500000,6481
end_to_end,50000,16530
service,50000,693
end_to_end,500000,15438
service,500000,4044
end_to_end,500000,14934
service,500000,837
end_to_end,500000,23184
service,500000,771
end_to_end,50000,19693
service,50000,4718
end_to_end,500000,19432
service,500000,1995
end_to_end,500000,14319
service,500000,4715
end_to_end,500000,17080
service,500000,919
end_to_end,50000,8834
service,50000,40
end_to_end,50000,14958
service,50000,2394
end_to_end,500000,28161
service,500000,2545
end_to_end,50000,25425
service,50000,9776
end_to_end,500000,18705
service,500000,2396
end_to_end,50000,11637
service,50000,132
end_to_end,50000,24382
service,50000,5731
end_to_end,500000,25814
service,500000,1193
end_to_end,500000,11980
service,500000,486
end_to_end,50000,18778
service,50000,1807
end_to_end,50000,15262
service,50000,1032
end_to_end,500000,32116
service,500000,13802
end_to_end,500000,23444
service,500000,3411
end_to_end,50000,21407
service,50000,2691
end_to_end,50000,26304
service,50000,1424
end_to_end,500000,31391
service,500000,8141
end_to_end,50000,17351
service,50000,3074
end_to_end,50000,39484
service,50000,2191
end_to_end,50000,10256
service,50000,911
end_to_end,500000,22503
service,500000,2515
end_to_end,500000,16321
service,500000,1079
end_to_end,50000,22956
service,50000,4206
end_to_end,50000,23035
service,50000,2672
end_to_end,50000,38438
service,50000,5003
end_to_end,50000,32099
service,50000,434
end_to_end,500000,25699
service,500000,1522
end_to_end,500000,21071
service,500000,1378
end_to_end,50000,16704
service,50000,5693
end_to_end,50000,18352
service,50000,2706
end_to_end,500000,22120
service,500000,1514
end_to_end,500000,29485
service,500000,791
end_to_end,500000,15723
service,500000,1108
end_to_end,50000,44903
service,50000,4544
end_to_end,500000,11058
service,500000,451
end_to_end,500000,33725
service,500000,2432
end_to_end,500000,30830
service,500000,2870
end_to_end,50000,14506
service,50000,781
end_to_end,500000,19978
service,500000,78
end_to_end,500000,18565
service,500000,2817
end_to_end,50000,23527
service,50000,4835
end_to_end,50000,30067
service,50000,7013
end_to_end,50000,21343
service,50000,2922
end_to_end,50000,25590
service,50000,1780
end_to_end,500000,23720
service,500000,1655
end_to_end,500000,17088
service,500000,3674
end_to_end,50000,25171
service,50000,1210
end_to_end,500000,39670
service,500000,26
end_to_end,500000,24585
service,500000,891
end_to_end,50000,11172
service,50000,3658
end_to_end,50000,26314
service,50000,421
end_to_end,50000,23305
service,50000,1576
end_to_end,50000,18904
service,50000,1816
end_to_end,50000,11836
service,50000,401
end_to_end,500000,21923
service,500000,1927
end_to_end,500000,41051
service,500000,9128
end_to_end,500000,22220
service,500000,1201
end_to_end,500000,22488
service,500000,1230
end_to_end,500000,18440
service,500000,1036
end_to_end,500000,14440
service,500000,2984
end_to_end,500000,18655
service,500000,2099
end_to_end,500000,16719
service,500000,3590
end_to_end,50000,22717
service,50000,224
end_to_end,500000,24589
service,500000,910
end_to_end,50000,17513
service,50000,404
end_to_end,50000,23812
service,50000,5454
end_to_end,50000,15349
service,50000,3669
end_to_end,500000,13291
service,500000,2407
end_to_end,50000,31577
service,50000,703
end_to_end,50000,21954
service,50000,1429
end_to_end,500000,18167
service,500000,1655
end_to_end,50000,18123
service,50000,1012
end_to_end,50000,32969
service,50000,3254
end_to_end,50000,29713
service,50000,8483
end_to_end,50000,25659
service,50000,1778
end_to_end,50000,23980
service,50000,890
end_to_end,50000,23499
service,50000,5080
end_to_end,500000,10609
service,500000,410
end_to_end,50000,27036
service,50000,307
end_to_end,500000,22358
service,500000,2753
end_to_end,500000,13597
service,500000,276
end_to_end,50000,18197
service,50000,1127
end_to_end,50000,13919
service,50000,172
end_to_end,50000,21890
service,50000,2367
end_to_end,50000,28187
service,50000,711
end_to_end,500000,22371
service,500000,141
end_to_end,50000,19358
service,50000,1867
end_to_end,50000,24605
service,50000,1923
end_to_end,50000,36952
service,50000,1577
end_to_end,50000,24400
service,50000,597
end_to_end,50000,24178
service,50000,1973
end_to_end,50000,22440
service,50000,3977
end_to_end,500000,19496
service,500000,145
end_to_end,50000,36558
service,50000,3985
end_to_end,500000,10549
service,500000,4464
end_to_end,50000,24252
service,50000,1385
end_to_end,500000,14263
service,500000,726
end_to_end,500000,27192
service,500000,62
end_to_end,50000,14244
service,50000,3694
end_to_end,500000,28227
service,500000,1510
end_to_end,500000,31363
service,500000,3864
end_to_end,500000,25619
service,500000,1313
end_to_end,500000,25215
service,500000,1221
end_to_end,500000,21877
service,500000,4678
end_to_end,50000,18207
service,50000,699
end_to_end,500000,27827
service,500000,10415
end_to_end,500000,13055
service,500000,493
end_to_end,50000,29225
service,50000,1407
end_to_end,500000,15466
service,500000,1310
end_to_end,50000,17715
service,50000,4090
end_to_end,500000,25721
service,500000,2383
end_to_end,50000,23704
service,50000,1078
end_to_end,500000,21578
service,500000,12
end_to_end,500000,20393
service,500000,1574
end_to_end,50000,20748
service,50000,1899
end_to_end,50000,16834
service,50000,67
end_to_end,50000,17421
service,50000,328
end_to_end,500000,16640
service,500000,116
end_to_end,50000,16670
service,50000,254
end_to_end,500000,26518
service,500000,2005
end_to_end,500000,22647
service,500000,1842
end_to_end,50000,22721
service,50000,72
end_to_end,50000,18121
service,50000,167
end_to_end,50000,19772
service,50000,3586
