request_id,graph_id,slo,latency
85210450,I2_2,20000,5488
959466158,I2_1,10000,2914
950609797,I2_2,20000,5234
956450449,I2_1,10000,3126
143395809,I2_1,10000,3261
303268057,I2_1,10000,2689
324081194,I2_2,20000,5143
243101650,I2_2,20000,5728
219398729,I2_1,10000,4135
449672666,I2_1,10000,3431
6770642,I2_1,10000,4136
466311188,I2_2,20000,7228
692666366,I2_2,20000,4694
575888390,I2_2,20000,5383
939522464,I2_1,10000,2543
744984399,I2_1,10000,2490
646002530,I2_1,10000,2757
686250205,I2_1,10000,2831
334248312,I2_2,20000,6117
563353386,I2_2,20000,5605
247355336,I2_2,20000,7485
772903203,I2_1,10000,4207
69543407,I2_1,10000,3059
304741004,I2_2,20000,5585
889455171,I2_1,10000,2740
430392579,I2_1,10000,2976
395154600,I2_1,10000,3144
212903090,I2_2,20000,4541
891423410,I2_2,20000,4805
881080584,I2_1,10000,2854
708587340,I2_1,10000,2828
398650882,I2_1,10000,3631
697162167,I2_2,20000,4852
707074109,I2_1,10000,4229
596601213,I2_2,20000,5696
190756864,I2_2,20000,5758
829711809,I2_2,20000,5783
396057354,I2_2,20000,8540
210881658,I2_2,20000,6019
827875468,I2_1,10000,5275
193214052,I2_1,10000,4729
964902172,I2_2,20000,9075
617550236,I2_2,20000,11739
656564716,I2_2,20000,12162
842955208,I2_1,10000,4995
782105020,I2_1,10000,3943
875345562,I2_2,20000,14489
304707248,I2_1,10000,5097
697174056,I2_2,20000,17200
979262259,I2_1,10000,6196
219624077,I2_2,20000,18747
515585651,I2_2,20000,8903
448717314,I2_2,20000,11640
78395651,I2_1,10000,6203
339411242,I2_1,10000,4486
904921095,I2_2,20000,6628
271852017,I2_2,20000,5068
81601034,I2_1,10000,3673
335406875,I2_2,20000,5288
535829318,I2_1,10000,3672
375719105,I2_2,20000,6962
913189071,I2_2,20000,5759
916878732,I2_2,20000,6576
486178866,I2_1,10000,2844
687871854,I2_1,10000,2734
239700649,I2_1,10000,2781
671057673,I2_1,10000,3892
901235063,I2_1,10000,3792
229560721,I2_2,20000,4902
819065835,I2_1,10000,5478
933933666,I2_1,10000,7076
496137667,I2_2,20000,5700
302986637,I2_1,10000,3376
436474960,I2_1,10000,4457
482979252,I2_2,20000,5248
688325870,I2_1,10000,3633
665553217,I2_1,10000,3576
641628134,I2_2,20000,9005
526234790,I2_1,10000,5082
19449678,I2_1,10000,2801
190944562,I2_1,10000,2910
641842783,I2_1,10000,3536
535978995,I2_1,10000,2764
582433181,I2_1,10000,3881
231738339,I2_1,10000,2749
961369043,I2_2,20000,5132
260449312,I2_1,10000,2686
684085248,I2_2,20000,4723
942012024,I2_1,10000,2807
660672600,I2_1,10000,3898
6394728,I2_1,10000,3769
993724852,I2_2,20000,5860
345398263,I2_1,10000,5229
955152631,I2_1,10000,5804
858180588,I2_2,20000,9645
232115219,I2_1,10000,3925
468245283,I2_2,20000,11508
259634205,I2_1,10000,3144
900105502,I2_1,10000,4862
471786412,I2_2,20000,14308
110535856,I2_2,20000,6440
850856193,I2_1,10000,6226
693505815,I2_1,10000,4044
309653673,I2_2,20000,6293
997793793,I2_2,20000,7849
851383101,I2_2,20000,9971
240727458,I2_1,10000,5952
400634945,I2_1,10000,6478
869323901,I2_2,20000,11709
566261098,I2_2,20000,11612
240898035,I2_1,10000,4553
599282686,I2_2,20000,5748
639876611,I2_1,10000,4649
646614589,I2_2,20000,6350
899087926,I2_2,20000,7345
722522359,I2_1,10000,5792
180719082,I2_2,20000,7908
167286700,I2_2,20000,10523
957727189,I2_2,20000,11608
566114539,I2_1,10000,4294
26751894,I2_2,20000,10437
423945821,I2_2,20000,5779
464267587,I2_1,10000,2951
310322475,I2_1,10000,3883
691017504,I2_1,10000,2563
51355790,I2_1,10000,4194
590135279,I2_2,20000,5279
417840083,I2_2,20000,5503
31972412,I2_2,20000,7108
643329636,I2_1,10000,4420
542973892,I2_1,10000,3648
164171533,I2_2,20000,4594
23299904,I2_2,20000,4974
652849693,I2_1,10000,2778
15528608,I2_2,20000,4744
849052125,I2_1,10000,3119
848579013,I2_2,20000,4630
432622651,I2_2,20000,5506
503693640,I2_1,10000,2625
473358453,I2_1,10000,3050
784708093,I2_2,20000,4649
824293237,I2_2,20000,4660
737033501,I2_1,10000,3024
465479182,I2_2,20000,6676
502379817,I2_1,10000,4395
247448057,I2_2,20000,9977
913157671,I2_1,10000,3507
829896037,I2_2,20000,8513
285510594,I2_2,20000,7458
164554257,I2_2,20000,4930
60932320,I2_1,10000,4307
790715698,I2_1,10000,4111
951348025,I2_1,10000,4908
173766699,I2_1,10000,3769
562264873,I2_1,10000,3249
802358789,I2_2,20000,4670
674306238,I2_1,10000,5244
905323429,I2_1,10000,2813
694202582,I2_2,20000,4943
434742379,I2_1,10000,5078
460511898,I2_2,20000,4634
299471833,I2_1,10000,2781
364060736,I2_1,10000,3105
673176009,I2_1,10000,3113
162358343,I2_2,20000,4892
132449866,I2_1,10000,2927
348898728,I2_2,20000,6175
765339911,I2_2,20000,5919
958791780,I2_2,20000,7082
595415390,I2_1,10000,4401
756028104,I2_1,10000,3462
784984599,I2_2,20000,5863
137469942,I2_1,10000,6478
874617971,I2_1,10000,6893
629163093,I2_2,20000,9153
671536010,I2_2,20000,8124
294193100,I2_2,20000,8138
489926169,I2_2,20000,6373
501008911,I2_2,20000,7198
82716561,I2_1,10000,3204
251368634,I2_2,20000,5145
146579812,I2_1,10000,2737
518758764,I2_2,20000,4740
4257581,I2_1,10000,3100
538527031,I2_2,20000,4733
247907478,I2_1,10000,3209
838547160,I2_2,20000,6780
727727991,I2_2,20000,5331
838914242,I2_1,10000,4752
420739857,I2_2,20000,7021
549469886,I2_1,10000,3922
396278931,I2_1,10000,5548
636390919,I2_2,20000,10368
768764152,I2_2,20000,8048
556509656,I2_2,20000,5973
182241555,I2_2,20000,8114
67310477,I2_1,10000,2799
932731680,I2_1,10000,3790
105805502,I2_1,10000,3655
266913803,I2_1,10000,2774
7344174,I2_1,10000,3968
40417999,I2_1,10000,4235
33415033,I2_1,10000,2701
329729154,I2_2,20000,4723
330378295,I2_2,20000,5237
931582783,I2_2,20000,7486
421800699,I2_1,10000,4822
205446441,I2_2,20000,4997
343662707,I2_1,10000,3513
932904821,I2_2,20000,6496
295561331,I2_1,10000,2668
908323331,I2_1,10000,2701
753206971,I2_1,10000,3227
182988047,I2_1,10000,4870
704424839,I2_1,10000,5369
124334261,I2_1,10000,6974
566933560,I2_2,20000,8650
398395437,I2_2,20000,11467
634287251,I2_1,10000,4032
691573391,I2_2,20000,6103
610619901,I2_2,20000,8913
497774916,I2_2,20000,8361
56021924,I2_1,10000,5530
935569499,I2_2,20000,11052
971511082,I2_2,20000,8872
416834650,I2_2,20000,4701
478470938,I2_2,20000,6757
543931170,I2_2,20000,7786
952233806,I2_2,20000,5617
664640055,I2_2,20000,7709
90160233,I2_2,20000,9670
118797150,I2_1,10000,2754
984409884,I2_1,10000,4710
275768572,I2_2,20000,4805
364738254,I2_1,10000,5363
959273097,I2_1,10000,5335
152622641,I2_1,10000,5688
138617233,I2_1,10000,2748
260318570,I2_2,20000,4819
459216407,I2_2,20000,7529
700673705,I2_1,10000,3992
971422465,I2_2,20000,6007
112217753,I2_1,10000,3346
737298269,I2_1,10000,4361
969510814,I2_1,10000,4907
671013029,I2_2,20000,6292
836439002,I2_2,20000,5614
496282069,I2_1,10000,6159
322852272,I2_2,20000,5178
850028024,I2_2,20000,5075
357776635,I2_2,20000,4672
184302641,I2_1,10000,2641
860940791,I2_1,10000,2738
789067274,I2_2,20000,4753
818714934,I2_2,20000,6843
777668583,I2_2,20000,4773
947517726,I2_2,20000,6952
800464385,I2_1,10000,2912
39475753,I2_1,10000,4113
579874971,I2_1,10000,2616
773269287,I2_1,10000,3705
359743444,I2_1,10000,3030
259118721,I2_2,20000,4869
135262505,I2_1,10000,3650
614724042,I2_1,10000,3627
461806462,I2_2,20000,5034
681613807,I2_1,10000,2667
529318747,I2_1,10000,2716
700369782,I2_1,10000,2671
426014807,I2_2,20000,4909
46771444,I2_2,20000,6310
575138920,I2_1,10000,3469
427154853,I2_2,20000,7949
348849393,I2_2,20000,7851
819152163,I2_2,20000,4619
500178558,I2_1,10000,4006
88033590,I2_1,10000,2646
480382214,I2_1,10000,2975
509278946,I2_2,20000,5030
608782681,I2_2,20000,6933
561047699,I2_1,10000,4205
23017657,I2_2,20000,8539
163407437,I2_1,10000,4763
917606392,I2_2,20000,6300
433883888,I2_2,20000,4715
846271218,I2_2,20000,4658
409901861,I2_1,10000,2629
998392577,I2_1,10000,2738
53598918,I2_1,10000,3030
971587060,I2_1,10000,3448
250077697,I2_2,20000,5565
869498338,I2_2,20000,6543
42520435,I2_1,10000,2938
34320501,I2_2,20000,8203
223587648,I2_2,20000,6089
473584440,I2_1,10000,5481
565523083,I2_2,20000,6410
454352872,I2_2,20000,5963
290084445,I2_1,10000,2553
470102902,I2_1,10000,2718
281378768,I2_1,10000,4351
858738420,I2_2,20000,5004
920135311,I2_1,10000,5636
549788788,I2_1,10000,6196
832323858,I2_1,10000,3655
830501402,I2_2,20000,4631
648046531,I2_1,10000,4012
569057538,I2_1,10000,3282
98349748,I2_2,20000,5879
878141042,I2_1,10000,3511
826624335,I2_2,20000,4667
931610202,I2_2,20000,5025
782243694,I2_1,10000,2934
118042696,I2_1,10000,3357
494285932,I2_2,20000,6265
496960891,I2_1,10000,2695
155767945,I2_2,20000,4596
195283005,I2_1,10000,2671
97263241,I2_2,20000,5983
803704842,I2_2,20000,7586
132593885,I2_1,10000,4535
2816438,I2_1,10000,6189
180143221,I2_1,10000,5468
47160631,I2_2,20000,9397
121381418,I2_1,10000,3820
432800421,I2_2,20000,8220
498319894,I2_2,20000,7046
995927121,I2_2,20000,5888
576343081,I2_1,10000,5329
239029302,I2_2,20000,8870
105181294,I2_2,20000,9901
907977333,I2_2,20000,4732
419006817,I2_1,10000,2566
806384203,I2_2,20000,5275
689781126,I2_1,10000,3033
572612747,I2_1,10000,4852
513964221,I2_1,10000,3787
609191130,I2_2,20000,4810
965185649,I2_1,10000,3069
543162981,I2_2,20000,5051
10711017,I2_2,20000,5583
701291003,I2_1,10000,5018
780473968,I2_1,10000,4484
292198469,I2_2,20000,6108
432828148,I2_1,10000,4003
770726739,I2_1,10000,2611
474045118,I2_1,10000,3762
169719607,I2_2,20000,5102
113311363,I2_1,10000,4564
809699924,I2_1,10000,3011
587460872,I2_2,20000,5144
813928328,I2_1,10000,2924
427651515,I2_2,20000,4716
480478545,I2_1,10000,2802
783782946,I2_1,10000,2726
605839642,I2_2,20000,5282
350003661,I2_1,10000,4213
857565763,I2_2,20000,8265
383897940,I2_2,20000,8051
423347062,I2_1,10000,4447
384964059,I2_2,20000,5487
351927050,I2_2,20000,4747
124397109,I2_2,20000,5741
197007192,I2_1,10000,3098
206015492,I2_2,20000,4870
917706729,I2_1,10000,2712
399679360,I2_2,20000,5370
79556005,I2_1,10000,2768
151782060,I2_1,10000,4090
413104407,I2_1,10000,3101
992158039,I2_1,10000,4242
174565019,I2_2,20000,7542
220520877,I2_1,10000,5106
965942508,I2_1,10000,4456
474483195,I2_2,20000,8648
105376115,I2_1,10000,3984
275630671,I2_1,10000,5119
310041386,I2_2,20000,11818
568809341,I2_1,10000,5245
983784326,I2_1,10000,6891
232968731,I2_2,20000,5247
808989030,I2_1,10000,3782
786391020,I2_2,20000,4740
669800240,I2_2,20000,5076
279274284,I2_1,10000,3830
666346789,I2_1,10000,4739
266942549,I2_1,10000,6057
24470535,I2_1,10000,5080
938012953,I2_1,10000,2990
27811126,I2_2,20000,6420
703685090,I2_1,10000,4453
879028507,I2_2,20000,5032
704304321,I2_2,20000,5203
368271322,I2_1,10000,4001
29993358,I2_2,20000,4696
666701702,I2_2,20000,6801
703715848,I2_1,10000,2684
935883923,I2_2,20000,4787
986755130,I2_1,10000,3231
48532453,I2_2,20000,8816
693913583,I2_1,10000,5002
936857873,I2_1,10000,5592
551853346,I2_2,20000,6140
467777830,I2_1,10000,3762
777128831,I2_2,20000,6047
128579117,I2_1,10000,2671
786248222,I2_1,10000,2753
700464861,I2_2,20000,4716
293246170,I2_2,20000,6797
925533177,I2_2,20000,4793
707012860,I2_2,20000,5833
452525850,I2_2,20000,7442
646382473,I2_2,20000,4821
625359166,I2_1,10000,5383
711222067,I2_1,10000,3223
688892851,I2_1,10000,2704
576724439,I2_1,10000,2716
731386855,I2_1,10000,2847
556219129,I2_1,10000,2743
684379912,I2_1,10000,2819
819017279,I2_1,10000,3923
548201470,I2_1,10000,3710
80868696,I2_1,10000,3716
729686697,I2_1,10000,2825
850023529,I2_1,10000,3260
471354597,I2_2,20000,5133
908679427,I2_1,10000,4503
881008783,I2_1,10000,2682
413777971,I2_2,20000,4753
975754554,I2_1,10000,2742
209104521,I2_2,20000,5194
131431570,I2_1,10000,3567
207098159,I2_1,10000,4161
569500422,I2_2,20000,5285
657390525,I2_1,10000,3637
607895747,I2_2,20000,5971
83681830,I2_2,20000,7328
953822160,I2_2,20000,4843
225779250,I2_1,10000,2850
909016157,I2_2,20000,5286
466464360,I2_2,20000,5654
244372541,I2_1,10000,3589
298485522,I2_2,20000,4814
687531380,I2_2,20000,5902
623474570,I2_2,20000,5791
85812093,I2_1,10000,3824
785645727,I2_1,10000,3596
899832393,I2_2,20000,7848
645302136,I2_2,20000,9989
214005708,I2_1,10000,5709
798533236,I2_2,20000,13441
143369488,I2_1,10000,5128
265313482,I2_2,20000,13981
54001919,I2_2,20000,17480
45254084,I2_1,10000,6319
435805484,I2_1,10000,5801
819377663,I2_2,20000,17622
885344687,I2_1,10000,6836
890207046,I2_2,20000,14756
530613204,I2_1,10000,4458
841914720,I2_2,20000,12206
363242384,I2_1,10000,5106
723774907,I2_1,10000,4475
769118316,I2_2,20000,14541
959608997,I2_1,10000,3412
841973758,I2_1,10000,3903
297303232,I2_1,10000,3376
47992366,I2_2,20000,11913
992190664,I2_2,20000,8409
753056459,I2_1,10000,4524
115405111,I2_2,20000,7111
236369868,I2_1,10000,4884
506532670,I2_1,10000,2573
487021308,I2_1,10000,2791
123146313,I2_2,20000,6198
731062946,I2_2,20000,5365
505965399,I2_2,20000,5749
778528703,I2_1,10000,3990
690619005,I2_2,20000,5649
622407236,I2_1,10000,2732
439009792,I2_1,10000,2705
765196381,I2_2,20000,4762
215309431,I2_1,10000,3121
640851681,I2_1,10000,2894
790500711,I2_2,20000,4661
512614757,I2_1,10000,2736
873223164,I2_2,20000,4830
151919912,I2_1,10000,3235
531193070,I2_1,10000,3132
920275918,I2_2,20000,5617
645301060,I2_1,10000,3128
954273278,I2_1,10000,3882
63947467,I2_1,10000,2762
924534614,I2_2,20000,4817
597395906,I2_1,10000,4240
30248136,I2_2,20000,6334
796254572,I2_1,10000,3750
578121706,I2_1,10000,4334
34232294,I2_1,10000,5967
378559547,I2_2,20000,5748
128194029,I2_2,20000,4825
228577606,I2_2,20000,4761
383630601,I2_2,20000,4761
753367037,I2_1,10000,3107
815715101,I2_2,20000,4777
29083523,I2_1,10000,2743
160715158,I2_1,10000,2735
932109855,I2_1,10000,3298
429109726,I2_2,20000,4989
220068950,I2_2,20000,6676
8969002,I2_1,10000,3423
394489512,I2_1,10000,2784
818045044,I2_2,20000,4806
696158429,I2_2,20000,4809
645104794,I2_1,10000,3272
739219985,I2_1,10000,3601
81685323,I2_1,10000,3708
234069946,I2_1,10000,2839
674623224,I2_1,10000,3389
835461390,I2_2,20000,5156
211785607,I2_1,10000,4165
523150575,I2_2,20000,8325
861175877,I2_2,20000,5354
426259345,I2_1,10000,2816
192385865,I2_1,10000,2834
814749486,I2_1,10000,3941
53071654,I2_1,10000,3437
753195521,I2_1,10000,5035
810985523,I2_2,20000,7359
842853615,I2_2,20000,8097
132001143,I2_2,20000,9256
982221793,I2_2,20000,11219
812161247,I2_2,20000,12304
109243173,I2_1,10000,4721
827648080,I2_2,20000,10036
426342394,I2_1,10000,5184
143257682,I2_1,10000,4611
85050800,I2_1,10000,3746
353775388,I2_2,20000,11578
80216832,I2_2,20000,5367
224824954,I2_1,10000,4818
292057817,I2_1,10000,4761
621961886,I2_1,10000,3722
674253584,I2_2,20000,4967
622498741,I2_2,20000,5694
987510324,I2_2,20000,4862
158741705,I2_1,10000,2848
714318572,I2_1,10000,3358
986500876,I2_2,20000,5101
505574998,I2_2,20000,5723
89290168,I2_2,20000,4822
344125902,I2_1,10000,3307
544620560,I2_2,20000,5494
485569934,I2_1,10000,3309
272397989,I2_2,20000,7227
596453202,I2_2,20000,6073
600905454,I2_1,10000,5410
692412886,I2_1,10000,6896
175763531,I2_2,20000,8742
963892605,I2_2,20000,8895
655902410,I2_1,10000,3252
181843576,I2_1,10000,4330
991360701,I2_1,10000,3769
820646458,I2_2,20000,6583
371134631,I2_2,20000,5275
978743627,I2_1,10000,4713
377815232,I2_2,20000,7293
337500409,I2_1,10000,4486
551828971,I2_2,20000,8875
223042081,I2_2,20000,8780
749817570,I2_2,20000,5822
253841388,I2_1,10000,5370
504502566,I2_1,10000,3196
153751753,I2_1,10000,3704
942874867,I2_1,10000,2757
781628035,I2_2,20000,5132
665916895,I2_1,10000,2824
261190190,I2_2,20000,5510
516863439,I2_1,10000,2819
3325332,I2_1,10000,2810
255012514,I2_1,10000,2986
986170467,I2_1,10000,3185
127122247,I2_2,20000,5524
818549125,I2_1,10000,4996
408886615,I2_2,20000,4818
863104804,I2_1,10000,3252
908294309,I2_2,20000,4925
399929395,I2_1,10000,3169
299981421,I2_2,20000,4930
249959622,I2_1,10000,3591
165591780,I2_2,20000,5894
370560710,I2_2,20000,5634
139113396,I2_2,20000,6189
423231703,I2_2,20000,4841
275285620,I2_2,20000,5924
721335082,I2_1,10000,4139
834470161,I2_1,10000,4763
384827814,I2_1,10000,4293
644397737,I2_1,10000,5549
704967052,I2_1,10000,4909
479310362,I2_1,10000,4887
249931682,I2_1,10000,5437
172375752,I2_1,10000,5391
247026411,I2_2,20000,14119
284073845,I2_2,20000,14095
237295667,I2_1,10000,8564
502551571,I2_1,10000,8618
990277010,I2_1,10000,5019
819140226,I2_2,20000,17090
307563308,I2_2,20000,18090
93825235,I2_2,20000,16398
917702733,I2_2,20000,9358
402918043,I2_1,10000,6782
48982402,I2_1,10000,7091
946367982,I2_1,10000,6680
653756046,I2_2,20000,15291
465059903,I2_2,20000,13142
536334616,I2_2,20000,12008
424624867,I2_2,20000,6214
601135967,I2_1,10000,5520
789082315,I2_2,20000,7664
696765597,I2_2,20000,4939
906625547,I2_2,20000,7171
114467201,I2_1,10000,2645
367009802,I2_2,20000,4578
920669148,I2_1,10000,2668
478640969,I2_1,10000,2715
363419108,I2_2,20000,4961
328800673,I2_2,20000,7067
951883944,I2_2,20000,7397
817189686,I2_2,20000,4538
665430855,I2_2,20000,5478
557532725,I2_1,10000,2889
332765114,I2_1,10000,2458
658584373,I2_1,10000,3500
595348772,I2_1,10000,2401
97338942,I2_1,10000,2447
303492397,I2_1,10000,2679
840019338,I2_2,20000,6027
713361137,I2_2,20000,4527
349800248,I2_2,20000,5617
384773421,I2_2,20000,4557
601536123,I2_1,10000,3880
996742223,I2_1,10000,3987
653889451,I2_1,10000,2503
771077713,I2_1,10000,2519
317869091,I2_2,20000,5495
273266983,I2_1,10000,4867
140742048,I2_1,10000,5389
245829729,I2_2,20000,5503
263136472,I2_1,10000,3889
931340313,I2_1,10000,4015
779277600,I2_2,20000,4953
958114068,I2_1,10000,4389
263010229,I2_2,20000,5587
797356867,I2_2,20000,8210
783085042,I2_1,10000,4967
685148107,I2_1,10000,4286
952895613,I2_2,20000,7502
220681798,I2_2,20000,5788
93049242,I2_1,10000,3785
690172035,I2_2,20000,4927
341131051,I2_2,20000,5171
272585614,I2_1,10000,2520
324831835,I2_1,10000,2531
352258689,I2_1,10000,2613
29143723,I2_1,10000,2655
146090455,I2_1,10000,2591
809914452,I2_1,10000,2608
266925642,I2_1,10000,2644
125387899,I2_2,20000,4596
512326510,I2_2,20000,4670
803888728,I2_2,20000,4666
125082074,I2_1,10000,3086
941676962,I2_1,10000,2643
331962555,I2_1,10000,2633
618632468,I2_1,10000,3105
276116609,I2_2,20000,5185
601568770,I2_2,20000,6192
880337619,I2_2,20000,7622
385517087,I2_2,20000,7024
978527984,I2_2,20000,6904
772843337,I2_1,10000,2829
324012057,I2_1,10000,4770
222072799,I2_2,20000,4906
958855567,I2_2,20000,6951
215000717,I2_1,10000,2822
277019952,I2_1,10000,3193
208970986,I2_2,20000,5375
228915621,I2_1,10000,3602
555228449,I2_2,20000,7407
277209318,I2_2,20000,6776
211627273,I2_1,10000,4537
411842094,I2_2,20000,8725
683442659,I2_2,20000,6569
780520195,I2_1,10000,3648
93853136,I2_1,10000,3813
743841314,I2_1,10000,3037
801304995,I2_1,10000,2775
315336134,I2_1,10000,3063
188875319,I2_1,10000,4714
753661285,I2_2,20000,4963
178689289,I2_1,10000,3192
69389763,I2_1,10000,2692
751705423,I2_1,10000,2744
798342140,I2_1,10000,2803
950792162,I2_2,20000,5108
708383805,I2_1,10000,3161
515907065,I2_1,10000,3595
27743021,I2_2,20000,6442
295096733,I2_2,20000,4810
604305244,I2_2,20000,5888
376846586,I2_1,10000,3248
20604649,I2_1,10000,4876
76491662,I2_2,20000,8702
632749027,I2_1,10000,4949
789578651,I2_2,20000,8436
940110812,I2_2,20000,8725
597398956,I2_1,10000,5583
503170625,I2_1,10000,4322
707963890,I2_2,20000,4776
697925303,I2_1,10000,3219
447228302,I2_1,10000,3544
559847142,I2_2,20000,5545
111972928,I2_2,20000,6849
501260035,I2_2,20000,6475
440474943,I2_1,10000,3519
819840342,I2_2,20000,6728
999725864,I2_1,10000,3094
501875948,I2_1,10000,3887
73788339,I2_2,20000,5307
797188069,I2_1,10000,3148
621728507,I2_1,10000,2815
32130825,I2_2,20000,6374
517520983,I2_1,10000,4170
993538717,I2_1,10000,4739
508956818,I2_2,20000,5682
539036346,I2_1,10000,3944
928811602,I2_1,10000,4614
994486797,I2_2,20000,6848
540377534,I2_2,20000,6139
818417126,I2_2,20000,6108
84663780,I2_2,20000,5204
460389273,I2_1,10000,3373
273532153,I2_1,10000,3109
519878625,I2_2,20000,6139
660214389,I2_1,10000,4108
612912427,I2_1,10000,3737
147414237,I2_1,10000,4746
757652393,I2_1,10000,4055
868569732,I2_2,20000,6931
287264018,I2_1,10000,4552
676652878,I2_2,20000,4779
842410358,I2_1,10000,3310
620137942,I2_1,10000,5037
394808882,I2_2,20000,4965
833522156,I2_1,10000,2909
167127496,I2_1,10000,4196
155840138,I2_2,20000,6475
263037504,I2_2,20000,7332
437658637,I2_2,20000,6210
496263042,I2_1,10000,5678
946957190,I2_1,10000,2751
525454743,I2_1,10000,2724
401702639,I2_1,10000,2676
732998227,I2_1,10000,2759
443028865,I2_1,10000,3212
770567323,I2_1,10000,2604
627282783,I2_1,10000,3127
117584891,I2_2,20000,7017
680238099,I2_2,20000,7814
76659965,I2_1,10000,2763
43705625,I2_1,10000,2922
658769054,I2_1,10000,3026
121555664,I2_1,10000,2775
614333991,I2_1,10000,2703
394729866,I2_1,10000,3066
923422799,I2_2,20000,4807
169634041,I2_2,20000,5832
490175890,I2_1,10000,2892
755668301,I2_1,10000,2857
231952024,I2_1,10000,3519
995801239,I2_2,20000,6361
356010783,I2_2,20000,9043
716796354,I2_1,10000,6668
430721394,I2_1,10000,7235
759419252,I2_1,10000,5186
621571764,I2_2,20000,8489
965497317,I2_1,10000,5822
901122500,I2_2,20000,11295
836247001,I2_1,10000,5698
847386706,I2_2,20000,8985
7779162,I2_1,10000,5487
468873578,I2_2,20000,8946
748417427,I2_1,10000,2763
964048538,I2_1,10000,2847
205647377,I2_2,20000,7017
926718679,I2_2,20000,5446
14956979,I2_1,10000,4773
629445832,I2_1,10000,5484
751415639,I2_1,10000,6979
429022797,I2_2,20000,10426
541645170,I2_2,20000,10266
394560727,I2_2,20000,10057
669413885,I2_2,20000,12251
526558535,I2_1,10000,5348
308742483,I2_2,20000,14771
787688975,I2_2,20000,16879
619833375,I2_2,20000,16509
753042986,I2_2,20000,12103
831846740,I2_1,10000,2784
283314940,I2_2,20000,6087
828800596,I2_1,10000,4346
899971132,I2_1,10000,4964
817621019,I2_2,20000,8179
409096917,I2_2,20000,5584
57792048,I2_2,20000,8306
82968875,I2_1,10000,6038
940205766,I2_1,10000,4430
964890908,I2_2,20000,11551
629847900,I2_2,20000,12109
855310430,I2_2,20000,8217
625828115,I2_1,10000,3796
992929008,I2_1,10000,2740
800474096,I2_2,20000,5746
821718522,I2_1,10000,4159
641015716,I2_1,10000,4068
331748655,I2_2,20000,6863
987976783,I2_1,10000,2986
152150198,I2_2,20000,6425
859288747,I2_1,10000,4197
491082351,I2_2,20000,4753
486018160,I2_1,10000,2679
46532811,I2_1,10000,3093
740293602,I2_2,20000,4693
367127487,I2_2,20000,5281
228065856,I2_1,10000,4136
359419388,I2_2,20000,5310
666035452,I2_1,10000,2901
522184271,I2_1,10000,4286
474450647,I2_2,20000,4975
294725758,I2_2,20000,6873
688596629,I2_2,20000,5344
483509286,I2_1,10000,4378
937369856,I2_2,20000,6799
248608873,I2_2,20000,5786
829512119,I2_1,10000,5188
121982301,I2_2,20000,4735
223022673,I2_2,20000,4769
632844749,I2_2,20000,4786
693935754,I2_2,20000,4887
551202891,I2_2,20000,4858
749515576,I2_1,10000,3119
190314774,I2_1,10000,2715
703725808,I2_1,10000,2857
9208987,I2_2,20000,5569
592223426,I2_2,20000,5419
919787228,I2_1,10000,2695
560304284,I2_1,10000,3176
353943950,I2_2,20000,5069
82826661,I2_1,10000,2950
614698398,I2_2,20000,5243
7571185,I2_2,20000,5234
471924688,I2_2,20000,4906
409174209,I2_1,10000,4206
596521565,I2_2,20000,5577
598307855,I2_1,10000,2671
988966568,I2_1,10000,2808
159479066,I2_1,10000,2797
915153445,I2_1,10000,3050
626553348,I2_1,10000,2752
254129770,I2_2,20000,5073
701404447,I2_1,10000,4030
740163745,I2_1,10000,3820
741604589,I2_2,20000,6107
387067184,I2_1,10000,3720
551464049,I2_1,10000,4265
35321134,I2_1,10000,4774
212972415,I2_2,20000,6394
150635731,I2_2,20000,4790
996639853,I2_2,20000,5673
380505237,I2_2,20000,4754
414361883,I2_2,20000,6747
934114676,I2_2,20000,4695
881004849,I2_1,10000,2697
922080871,I2_2,20000,4620
344439553,I2_2,20000,4769
2979833,I2_2,20000,5207
1248491,I2_2,20000,7285
615772194,I2_1,10000,2982
595687852,I2_2,20000,5579
807748471,I2_2,20000,4915
732976616,I2_2,20000,5092
813509587,I2_2,20000,7193
174914327,I2_2,20000,5774
208064621,I2_1,10000,3896
912854018,I2_2,20000,6349
815303758,I2_1,10000,4543
646129808,I2_1,10000,2698
337573654,I2_2,20000,4537
91117961,I2_2,20000,6598
524908154,I2_2,20000,4581
259408227,I2_1,10000,2991
65542353,I2_1,10000,2449
73560549,I2_1,10000,2399
232370101,I2_1,10000,2837
666360732,I2_2,20000,4378
395206110,I2_1,10000,2426
819073943,I2_2,20000,4539
471505093,I2_1,10000,2432
169652959,I2_1,10000,2580
9299936,I2_1,10000,3561
326488393,I2_1,10000,2493
469836039,I2_2,20000,4460
395705860,I2_1,10000,2859
852304978,I2_1,10000,2370
779635645,I2_2,20000,4388
539712661,I2_1,10000,2481
588353928,I2_2,20000,4635
321554982,I2_1,10000,4114
194042483,I2_2,20000,6625
236579314,I2_2,20000,4921
353036467,I2_1,10000,4165
143015759,I2_1,10000,3046
343682247,I2_1,10000,3478
78715665,I2_1,10000,2639
855350095,I2_1,10000,2682
653592652,I2_1,10000,3082
853083010,I2_1,10000,4788
367160918,I2_1,10000,5455
542900721,I2_1,10000,5955
598451186,I2_2,20000,8849
120775279,I2_1,10000,5245
961779116,I2_1,10000,5607
653555570,I2_1,10000,5495
392159710,I2_2,20000,12043
415567504,I2_2,20000,11984
251459150,I2_2,20000,5587
144852957,I2_2,20000,4761
480146971,I2_2,20000,4748
35484991,I2_2,20000,6744
682711609,I2_1,10000,3016
817518498,I2_2,20000,8669
688237725,I2_2,20000,4725
131903820,I2_1,10000,4146
814663136,I2_1,10000,4227
925899556,I2_1,10000,4512
505698311,I2_2,20000,10073
680924282,I2_2,20000,11657
576284244,I2_1,10000,4283
209728352,I2_2,20000,12943
791770143,I2_2,20000,14080
92400503,I2_2,20000,4743
716610089,I2_2,20000,4898
457919438,I2_1,10000,5305
316617111,I2_1,10000,3134
283905269,I2_1,10000,2943
891385796,I2_2,20000,4704
774951532,I2_1,10000,2904
764605499,I2_2,20000,5528
567874484,I2_2,20000,4952
450343734,I2_1,10000,3916
981960027,I2_2,20000,4848
928697705,I2_1,10000,5475
251194470,I2_1,10000,4374
718428679,I2_2,20000,9047
252620643,I2_1,10000,5305
224404070,I2_2,20000,6282
984082952,I2_1,10000,3770
802944228,I2_1,10000,4440
593378940,I2_1,10000,4864
846093803,I2_2,20000,5325
531989142,I2_2,20000,4857
88230270,I2_2,20000,5611
548793379,I2_1,10000,2786
972998471,I2_1,10000,3058
397360101,I2_2,20000,4813
47582877,I2_1,10000,2676
758541326,I2_2,20000,5167
299107792,I2_1,10000,2932
792833587,I2_2,20000,7370
680341836,I2_1,10000,5533
75931446,I2_1,10000,5141
72252535,I2_2,20000,9532
276176726,I2_1,10000,5232
115300042,I2_1,10000,3343
598417634,I2_2,20000,7812
824958627,I2_2,20000,6686
290020262,I2_2,20000,8485
815757010,I2_2,20000,7628
312409786,I2_1,10000,3927
797688817,I2_1,10000,3326
28428499,I2_2,20000,4701
96325149,I2_2,20000,4734
937971461,I2_2,20000,4928
696212624,I2_1,10000,3055
164038178,I2_1,10000,3427
665505108,I2_1,10000,3554
223482255,I2_2,20000,4636
36863659,I2_2,20000,6822
976638948,I2_2,20000,5014
317989890,I2_1,10000,2707
958592053,I2_1,10000,2923
360015913,I2_1,10000,4051
500164335,I2_2,20000,4815
409917979,I2_2,20000,5897
48802997,I2_1,10000,3216
722470928,I2_1,10000,3709
219888900,I2_1,10000,2863
985727449,I2_1,10000,2944
303156520,I2_1,10000,3183
467397311,I2_2,20000,5241
480535633,I2_2,20000,6933
6619102,I2_2,20000,8554
725808071,I2_1,10000,5116
842351679,I2_1,10000,3629
215334080,I2_2,20000,8457
668821954,I2_1,10000,3772
953215323,I2_1,10000,5464
976524354,I2_2,20000,5220
524928238,I2_2,20000,5312
992755534,I2_1,10000,2977
538916955,I2_1,10000,3107
915902451,I2_2,20000,5991
595315227,I2_2,20000,5833
240187890,I2_2,20000,4773
737259308,I2_2,20000,4784
917972214,I2_2,20000,5749
93017157,I2_1,10000,3439
686099947,I2_1,10000,3623
175023727,I2_1,10000,4800
468968978,I2_1,10000,5955
417197778,I2_1,10000,6374
996862804,I2_1,10000,6745
725373780,I2_2,20000,11794
254463319,I2_2,20000,12307
855976872,I2_2,20000,8615
300596942,I2_2,20000,10281
585188103,I2_1,10000,2802
271566706,I2_1,10000,2892
951006578,I2_1,10000,2823
43433109,I2_1,10000,4839
502973592,I2_2,20000,7681
329335240,I2_1,10000,5297
396681313,I2_2,20000,7533
202433142,I2_1,10000,4767
342523229,I2_1,10000,3793
476060169,I2_2,20000,11816
933019603,I2_2,20000,9560
446279771,I2_2,20000,11716
79275114,I2_1,10000,2728
113855452,I2_2,20000,4959
683492221,I2_1,10000,3063
580849185,I2_2,20000,5400
546794483,I2_1,10000,4877
675227188,I2_1,10000,2746
43633321,I2_1,10000,3787
566706656,I2_1,10000,2848
375064462,I2_1,10000,4641
740965039,I2_2,20000,5766
51566163,I2_2,20000,8001
626486048,I2_2,20000,8948
767094638,I2_2,20000,9398
369201381,I2_1,10000,4567
149154683,I2_1,10000,4123
378174032,I2_1,10000,5203
242465446,I2_1,10000,5357
892108463,I2_2,20000,4918
49137537,I2_1,10000,3280
554056094,I2_1,10000,4259
335101085,I2_2,20000,4791
402253696,I2_2,20000,4860
812060851,I2_1,10000,3240
635890699,I2_2,20000,4846
262743384,I2_1,10000,4272
911464419,I2_2,20000,6980
408797509,I2_1,10000,4381
110255038,I2_2,20000,7179
797832740,I2_1,10000,4478
727883408,I2_2,20000,6970
690105589,I2_1,10000,3644
765286335,I2_2,20000,5609
125679113,I2_2,20000,6899
622320353,I2_2,20000,5856
50060961,I2_1,10000,2839
816068813,I2_2,20000,6258
645593277,I2_2,20000,8425
904483352,I2_2,20000,5736
170266070,I2_1,10000,6156
953723296,I2_1,10000,5535
610845922,I2_2,20000,8950
674198549,I2_2,20000,5807
644344133,I2_2,20000,7400
937830047,I2_2,20000,6227
670331383,I2_1,10000,4500
88699170,I2_2,20000,7682
175405706,I2_1,10000,2781
415190320,I2_1,10000,2706
64244119,I2_1,10000,2757
698693630,I2_2,20000,4764
194558643,I2_1,10000,4186
630490264,I2_1,10000,4067
761342348,I2_1,10000,2733
692581837,I2_1,10000,3028
853822421,I2_2,20000,4795
994139772,I2_1,10000,4189
686414427,I2_2,20000,5311
830188664,I2_1,10000,2817
132781274,I2_1,10000,2786
149567332,I2_1,10000,2896
925295594,I2_2,20000,5426
51863262,I2_1,10000,3785
298373306,I2_1,10000,2783
498466964,I2_1,10000,2721
752356342,I2_1,10000,3024
296504745,I2_2,20000,4883
670294697,I2_1,10000,2829
53784212,I2_2,20000,5145
95493319,I2_2,20000,4764
490804091,I2_1,10000,2841
815486813,I2_1,10000,2838
776380085,I2_2,20000,4839
366877919,I2_2,20000,4950
516683613,I2_2,20000,5053
531479201,I2_2,20000,5395
112415889,I2_2,20000,5837
386724814,I2_1,10000,4075
547704000,I2_2,20000,4800
540964825,I2_1,10000,3335
691784703,I2_1,10000,2806
25133731,I2_1,10000,3049
968008362,I2_2,20000,5320
812723791,I2_2,20000,5694
966169665,I2_2,20000,6009
229068296,I2_1,10000,2726
476637177,I2_1,10000,2820
556673174,I2_2,20000,4765
362255765,I2_2,20000,5659
236460015,I2_1,10000,4128
136338374,I2_2,20000,4802
356882696,I2_1,10000,3808
546191681,I2_1,10000,3487
994760001,I2_2,20000,6478
882344637,I2_1,10000,3774
932938184,I2_1,10000,3608
753660735,I2_2,20000,6417
646566181,I2_1,10000,4145
519762517,I2_2,20000,6480
363756557,I2_2,20000,6792
397650874,I2_1,10000,3521
63665698,I2_1,10000,2680
510975012,I2_2,20000,4760
214167080,I2_1,10000,2639
819585397,I2_1,10000,2983
167389191,I2_2,20000,4642
304267765,I2_2,20000,4653
908873560,I2_2,20000,5013
984171056,I2_1,10000,5547
932744267,I2_1,10000,3902
763163110,I2_2,20000,6680
365072384,I2_1,10000,2534
54890760,I2_1,10000,2822
278887358,I2_1,10000,2564
41779387,I2_2,20000,4579
553421028,I2_1,10000,2867
476122687,I2_2,20000,5345
963283725,I2_2,20000,5227
685972960,I2_1,10000,5296
987819781,I2_1,10000,2564
491908147,I2_2,20000,5198
311137364,I2_1,10000,4579
592163831,I2_1,10000,3979
855215960,I2_2,20000,6775
736110542,I2_1,10000,3265
17957570,I2_1,10000,4329
455053091,I2_2,20000,6719
676716235,I2_2,20000,6194
640556176,I2_1,10000,2750
688044582,I2_1,10000,3634
167996260,I2_1,10000,2881
727574226,I2_2,20000,5693
709063481,I2_2,20000,6233
34034004,I2_1,10000,4019
839241734,I2_1,10000,2684
474356107,I2_1,10000,3773
277862802,I2_1,10000,3759
554739716,I2_1,10000,2591
620526554,I2_1,10000,2931
172709272,I2_1,10000,4086
692071429,I2_2,20000,6775
899408468,I2_1,10000,4978
679716962,I2_1,10000,6090
54883556,I2_2,20000,9145
412278533,I2_1,10000,5243
507437631,I2_2,20000,11738
845153757,I2_2,20000,12178
394762059,I2_2,20000,5340
237213031,I2_1,10000,2910
598257319,I2_2,20000,4869
43808875,I2_1,10000,3672
52229079,I2_1,10000,4213
91374641,I2_1,10000,4042
835917609,I2_1,10000,4488
644229280,I2_1,10000,5630
973971544,I2_1,10000,6066
410574082,I2_1,10000,3865
494715089,I2_2,20000,12089
532575751,I2_2,20000,13163
410870860,I2_2,20000,13178
21871453,I2_2,20000,14755
530064866,I2_1,10000,4023
845832944,I2_1,10000,2675
385409869,I2_1,10000,2673
72301474,I2_1,10000,2677
511371744,I2_1,10000,2698
520247358,I2_2,20000,6288
710387440,I2_2,20000,4653
126280550,I2_1,10000,4081
49177764,I2_1,10000,4159
12320171,I2_1,10000,3033
438184863,I2_2,20000,4599
344055633,I2_2,20000,5536
142044287,I2_1,10000,3410
918274943,I2_1,10000,4857
522534649,I2_2,20000,7047
6936936,I2_2,20000,10841
374796181,I2_2,20000,10430
454453294,I2_1,10000,6453
434675733,I2_1,10000,4932
979907363,I2_1,10000,6521
120658170,I2_2,20000,14021
725081778,I2_2,20000,14027
420235896,I2_2,20000,14492
956605321,I2_2,20000,10889
644366140,I2_1,10000,3071
467483715,I2_2,20000,4586
707354215,I2_2,20000,5529
747042981,I2_1,10000,3445
555593719,I2_1,10000,2745
974212746,I2_1,10000,3190
764729866,I2_2,20000,4689
213038247,I2_2,20000,6825
523218701,I2_2,20000,5078
764372390,I2_2,20000,5590
996553006,I2_1,10000,2881
939770967,I2_1,10000,2724
682035843,I2_2,20000,4700
615078024,I2_2,20000,5109
81395678,I2_1,10000,2811
174721561,I2_1,10000,3664
355943426,I2_1,10000,5274
953317944,I2_2,20000,7153
313885551,I2_2,20000,9233
788007585,I2_2,20000,4836
837355940,I2_1,10000,5354
831961013,I2_1,10000,5375
559293947,I2_1,10000,3475
851852467,I2_2,20000,5275
271647401,I2_1,10000,4672
487663194,I2_2,20000,8009
225184125,I2_2,20000,7743
696596276,I2_2,20000,8679
383210818,I2_1,10000,3076
237835990,I2_2,20000,4662
984280161,I2_1,10000,3450
263650490,I2_1,10000,3981
720241216,I2_1,10000,4449
234942400,I2_2,20000,7450
280893325,I2_1,10000,4736
768106017,I2_2,20000,5296
30301988,I2_2,20000,6662
432654456,I2_1,10000,3950
557985361,I2_1,10000,3018
445637801,I2_1,10000,4083
749590998,I2_2,20000,5000
49868331,I2_1,10000,3367
734639415,I2_1,10000,2744
280301954,I2_1,10000,2713
247403541,I2_1,10000,2978
371426290,I2_2,20000,4530
669521664,I2_2,20000,5473
485748687,I2_2,20000,4693
476339219,I2_1,10000,3102
324713145,I2_2,20000,5410
745186583,I2_1,10000,4574
863922049,I2_1,10000,4614
403392234,I2_1,10000,5448
260526500,I2_2,20000,10927
600383592,I2_1,10000,5039
721135134,I2_1,10000,4381
372872919,I2_2,20000,8677
277143239,I2_1,10000,6008
973004292,I2_1,10000,5394
522096953,I2_2,20000,11226
632237772,I2_1,10000,3486
963733319,I2_2,20000,5715
774429969,I2_1,10000,4054
612287107,I2_1,10000,4246
481162589,I2_1,10000,3702
591438796,I2_2,20000,5160
234922536,I2_2,20000,6840
750997876,I2_2,20000,7851
822084232,I2_2,20000,4783
200198027,I2_2,20000,4744
219771216,I2_1,10000,3163
452222144,I2_2,20000,5488
593615656,I2_2,20000,5227
786499958,I2_1,10000,3725
387783681,I2_2,20000,5813
365142870,I2_2,20000,8854
416585494,I2_2,20000,9972
582209243,I2_1,10000,4726
166623534,I2_1,10000,5239
8981208,I2_2,20000,11323
631879730,I2_2,20000,5635
465366166,I2_1,10000,2624
915089774,I2_1,10000,3548
890710568,I2_1,10000,2948
262973021,I2_2,20000,5270
251228467,I2_1,10000,2729
579947511,I2_1,10000,2727
133981222,I2_1,10000,2726
572715513,I2_1,10000,2882
739857564,I2_1,10000,2624
3799697,I2_2,20000,5164
407473615,I2_1,10000,3583
715385185,I2_2,20000,6407
658427058,I2_1,10000,3897
829324680,I2_2,20000,5708
792103279,I2_1,10000,2810
734740127,I2_1,10000,3655
516143302,I2_2,20000,5514
930330274,I2_2,20000,6101
755719595,I2_1,10000,3402
793802956,I2_1,10000,2986
282907068,I2_2,20000,4587
645629781,I2_2,20000,5124
893572000,I2_2,20000,7336
108607784,I2_2,20000,7257
644764371,I2_2,20000,5913
784503903,I2_1,10000,5504
853402365,I2_2,20000,8678
82047181,I2_2,20000,4721
906315479,I2_2,20000,4784
257605736,I2_2,20000,5740
973449113,I2_1,10000,3715
405448916,I2_2,20000,8472
147816530,I2_2,20000,10126
97802113,I2_1,10000,4953
405565168,I2_2,20000,11924
121898278,I2_1,10000,4533
939765581,I2_2,20000,15102
651389317,I2_1,10000,3808
12755949,I2_2,20000,15712
912830208,I2_2,20000,17548
954587708,I2_1,10000,7063
911632977,I2_1,10000,7106
391082203,I2_2,20000,13141
150311424,I2_1,10000,6471
99611383,I2_2,20000,16186
367638894,I2_1,10000,4387
419376149,I2_2,20000,6695
85868377,I2_2,20000,8066
750146036,I2_2,20000,5985
214526278,I2_1,10000,4163
42092996,I2_2,20000,8115
743942902,I2_1,10000,3856
727016109,I2_2,20000,10155
263984555,I2_1,10000,4467
190134164,I2_2,20000,5893
462936071,I2_2,20000,6574
739915087,I2_1,10000,2772
506653972,I2_1,10000,3215
992683626,I2_2,20000,5621
471930387,I2_2,20000,5141
154671168,I2_2,20000,6131
893831770,I2_1,10000,5514
585471591,I2_2,20000,6471
420590969,I2_2,20000,6029
706864368,I2_2,20000,4637
672400974,I2_1,10000,3987
543178840,I2_2,20000,5249
9381883,I2_2,20000,6743
404434493,I2_1,10000,3903
907509229,I2_2,20000,7624
183411884,I2_2,20000,4738
102179750,I2_2,20000,5587
902424234,I2_1,10000,6116
154975996,I2_1,10000,4430
706527465,I2_2,20000,9129
344725890,I2_2,20000,9130
925231815,I2_2,20000,6155
555427501,I2_2,20000,7015
544092685,I2_1,10000,5357
880609210,I2_2,20000,8765
727294459,I2_2,20000,9133
93693559,I2_1,10000,4529
290387219,I2_2,20000,5553
304585101,I2_2,20000,4583
38687939,I2_2,20000,5625
244498203,I2_1,10000,2888
880903291,I2_1,10000,3087
46146239,I2_2,20000,5724
342274655,I2_1,10000,2634
162445369,I2_2,20000,5187
39342743,I2_2,20000,5716
632862499,I2_1,10000,4985
480375797,I2_2,20000,8701
932832080,I2_1,10000,3757
671527235,I2_2,20000,6518
648634093,I2_2,20000,7553
933677763,I2_2,20000,5429
157764869,I2_1,10000,2663
910257865,I2_2,20000,5535
55918915,I2_2,20000,4611
354445082,I2_1,10000,3477
68040297,I2_1,10000,2622
599931573,I2_2,20000,4726
685878869,I2_2,20000,5232
169172328,I2_1,10000,4519
423040997,I2_1,10000,3011
124468691,I2_2,20000,7834
507204886,I2_2,20000,4752
709363227,I2_2,20000,4981
213629548,I2_2,20000,7208
934327540,I2_1,10000,4020
991865946,I2_1,10000,3971
416977444,I2_1,10000,2993
972755776,I2_1,10000,2718
133099963,I2_2,20000,4889
160714497,I2_1,10000,2914
606140061,I2_1,10000,3250
126224670,I2_1,10000,2967
719997445,I2_2,20000,4563
352547247,I2_1,10000,5231
751515574,I2_1,10000,2587
697819633,I2_1,10000,2693
776402610,I2_2,20000,4560
443704808,I2_2,20000,4787
504499918,I2_2,20000,4732
7284672,I2_1,10000,2671
778802926,I2_2,20000,5184
69554514,I2_2,20000,6198
244121637,I2_1,10000,4620
900972730,I2_2,20000,5647
790209031,I2_2,20000,8283
928434448,I2_1,10000,4298
248342498,I2_2,20000,9284
589184,I2_2,20000,10324
105122795,I2_1,10000,4235
903194534,I2_2,20000,12321
76650759,I2_2,20000,10582
543234051,I2_1,10000,4328
569980469,I2_2,20000,12777
232446908,I2_2,20000,13380
810123920,I2_2,20000,6688
694057671,I2_1,10000,5000
247964400,I2_1,10000,3873
707207308,I2_1,10000,2754
20996905,I2_1,10000,2895
160020225,I2_1,10000,2628
755715508,I2_1,10000,2731
745678417,I2_1,10000,3735
252408727,I2_2,20000,5851
456795178,I2_2,20000,5993
421231692,I2_2,20000,6947
223249816,I2_2,20000,5472
279370034,I2_2,20000,4679
765946033,I2_1,10000,3044
320851440,I2_2,20000,4776
148978490,I2_1,10000,2831
616409669,I2_1,10000,4208
22837309,I2_2,20000,6503
267142839,I2_2,20000,6631
602333753,I2_1,10000,4811
948188640,I2_2,20000,8516
638765742,I2_2,20000,4898
963823434,I2_2,20000,6382
493318835,I2_1,10000,3750
46562474,I2_2,20000,5219
482632611,I2_2,20000,5300
679325003,I2_1,10000,2724
125870123,I2_2,20000,5144
825504267,I2_2,20000,5740
594768453,I2_1,10000,4199
447595388,I2_2,20000,7969
313434650,I2_1,10000,5028
345309966,I2_2,20000,4703
839854207,I2_1,10000,2797
565550746,I2_2,20000,5192
727039672,I2_2,20000,5156
857399818,I2_2,20000,7163
4714216,I2_1,10000,2829
195255468,I2_1,10000,3050
295158272,I2_2,20000,5361
761810008,I2_1,10000,4784
634144055,I2_2,20000,5661
127196350,I2_2,20000,4763
810162589,I2_2,20000,5791
201516785,I2_2,20000,4742
94207693,I2_1,10000,2963
586977438,I2_2,20000,6481
376243269,I2_1,10000,4956
352957820,I2_1,10000,5484
998730068,I2_2,20000,5787
691421660,I2_1,10000,5157
503358552,I2_1,10000,2713
502533462,I2_2,20000,5350
532127341,I2_1,10000,2846
958983370,I2_2,20000,4737
27937521,I2_2,20000,5064
932433411,I2_1,10000,2788
652450270,I2_1,10000,2900
453333068,I2_2,20000,5448
502895966,I2_1,10000,3936
659040867,I2_1,10000,3056
49313508,I2_2,20000,5600
520756907,I2_2,20000,6642
243640609,I2_1,10000,4908
119954071,I2_1,10000,4886
913162652,I2_2,20000,10874
238370761,I2_2,20000,4736
435153235,I2_1,10000,3945
942507767,I2_1,10000,3659
686277486,I2_2,20000,6051
32975657,I2_2,20000,4970
692836106,I2_2,20000,5923
561468407,I2_1,10000,5347
45302113,I2_2,20000,7274
948748714,I2_2,20000,6448
696496355,I2_2,20000,8134
101455076,I2_1,10000,5125
153837043,I2_1,10000,4386
747494311,I2_1,10000,4763
925924042,I2_2,20000,8705
477489789,I2_1,10000,4770
837401494,I2_1,10000,4260
148682094,I2_2,20000,10673
54290578,I2_2,20000,10701
4722207,I2_1,10000,5321
965895190,I2_1,10000,4651
683984162,I2_1,10000,5189
766926396,I2_2,20000,13622
436181954,I2_2,20000,13375
803077834,I2_2,20000,15559
711167590,I2_1,10000,4442
413245459,I2_2,20000,5947
822900149,I2_2,20000,5342
640244866,I2_1,10000,5297
345730949,I2_2,20000,7890
612442867,I2_1,10000,4646
609868524,I2_2,20000,9463
588769367,I2_2,20000,10559
506082728,I2_1,10000,2983
963826805,I2_2,20000,4990
488027652,I2_2,20000,6070
133694464,I2_2,20000,8252
427735270,I2_2,20000,6684
803564345,I2_1,10000,6031
884272165,I2_1,10000,6548
32182628,I2_2,20000,5746
327477590,I2_1,10000,5138
782407960,I2_1,10000,2943
158703453,I2_2,20000,5084
556934864,I2_1,10000,4509
476744240,I2_2,20000,8276
334592355,I2_2,20000,5091
772426505,I2_1,10000,3405
470925064,I2_2,20000,6246
460384175,I2_1,10000,5015
76584897,I2_1,10000,2678
634818746,I2_1,10000,2926
751986707,I2_1,10000,2961
141426627,I2_1,10000,3874
585718155,I2_2,20000,5133
647210400,I2_2,20000,4639
181351933,I2_1,10000,2574
75439458,I2_1,10000,2580
841950241,I2_1,10000,2715
328817585,I2_1,10000,3819
626075969,I2_2,20000,4618
905835349,I2_1,10000,2964
496353748,I2_1,10000,2686
75891013,I2_1,10000,2752
873321190,I2_2,20000,5487
46498648,I2_2,20000,5099
197155572,I2_1,10000,2809
733062018,I2_2,20000,4798
161209755,I2_1,10000,4220
457615736,I2_1,10000,4836
132745407,I2_2,20000,4811
524703235,I2_1,10000,9311
851883657,I2_2,20000,11934
633446913,I2_1,10000,5008
452539920,I2_1,10000,5568
268127706,I2_1,10000,6638
565405982,I2_2,20000,12559
154485622,I2_1,10000,5363
370687889,I2_2,20000,9510
935341306,I2_1,10000,3809
864491367,I2_2,20000,4845
177849008,I2_1,10000,4232
376626742,I2_2,20000,5652
616890634,I2_1,10000,2716
872996208,I2_1,10000,3064
46301765,I2_1,10000,2744
612601675,I2_2,20000,5430
28538399,I2_2,20000,5265
639806106,I2_1,10000,3104
852510803,I2_1,10000,2684
632297935,I2_1,10000,2681
120958868,I2_1,10000,2799
851347464,I2_1,10000,3477
970481401,I2_2,20000,5708
597795547,I2_2,20000,6779
555606048,I2_2,20000,6286
588186261,I2_1,10000,5226
761681554,I2_1,10000,5781
751200785,I2_1,10000,3908
513554097,I2_2,20000,5684
844740409,I2_2,20000,7657
409158348,I2_2,20000,6028
482011012,I2_2,20000,7496
710276045,I2_1,10000,5747
185993579,I2_1,10000,5230
700899054,I2_2,20000,8963
474147117,I2_2,20000,8949
588608028,I2_1,10000,4833
187162843,I2_2,20000,4716
376673808,I2_1,10000,4074
237354412,I2_1,10000,3364
886779886,I2_2,20000,4700
869298626,I2_2,20000,4686
306167670,I2_2,20000,4745
887459889,I2_1,10000,3294
721754470,I2_1,10000,4378
883757592,I2_1,10000,2743
585542675,I2_1,10000,3057
139070467,I2_1,10000,3337
405651282,I2_2,20000,5457
411022916,I2_2,20000,5015
396495599,I2_2,20000,7134
902393583,I2_1,10000,5292
509785319,I2_2,20000,8390
758689792,I2_2,20000,9873
234049019,I2_2,20000,9906
509994871,I2_1,10000,2726
756446065,I2_2,20000,4795
766173368,I2_1,10000,5395
982876001,I2_2,20000,4711
497493505,I2_1,10000,2977
874174967,I2_2,20000,4742
701946596,I2_2,20000,4705
869422362,I2_2,20000,5146
39528569,I2_1,10000,4200
811885728,I2_2,20000,5522
948577741,I2_2,20000,5412
416948782,I2_1,10000,6313
29776694,I2_2,20000,9108
825478794,I2_2,20000,10678
565521542,I2_2,20000,10017
176427890,I2_2,20000,5893
101038938,I2_2,20000,5512
236198847,I2_1,10000,4110
159596815,I2_2,20000,5489
930330297,I2_1,10000,4926
660342720,I2_1,10000,4461
623011933,I2_1,10000,2678
188767150,I2_1,10000,3139
532593951,I2_2,20000,4929
13510134,I2_1,10000,4047
369714772,I2_2,20000,4725
153383012,I2_1,10000,4147
50454949,I2_1,10000,3067
15101230,I2_1,10000,3940
660971919,I2_2,20000,6871
440233807,I2_1,10000,3433
426924538,I2_2,20000,5265
563552616,I2_2,20000,5114
543620795,I2_1,10000,2988
273227264,I2_1,10000,3399
52711349,I2_2,20000,7457
646902665,I2_1,10000,3592
153349686,I2_2,20000,4984
737024954,I2_1,10000,3384
174348869,I2_2,20000,5630
750811153,I2_1,10000,2980
430974101,I2_1,10000,2754
101526724,I2_1,10000,4450
410731056,I2_2,20000,4786
713479411,I2_2,20000,5565
253655950,I2_2,20000,4757
320323934,I2_2,20000,4730
825076991,I2_1,10000,2817
252642872,I2_1,10000,2804
521914881,I2_2,20000,5040
346371339,I2_1,10000,2725
850023082,I2_2,20000,4707
724488377,I2_2,20000,4753
712928502,I2_2,20000,4762
833720042,I2_2,20000,6917
492968480,I2_2,20000,5579
669554999,I2_1,10000,4478
895666258,I2_1,10000,4886
840828715,I2_1,10000,4176
58792296,I2_2,20000,8842
979272869,I2_2,20000,8489
562705074,I2_2,20000,6948
79245402,I2_1,10000,3582
912164542,I2_2,20000,4803
415523268,I2_1,10000,5414
820572105,I2_2,20000,4811
404889213,I2_2,20000,7125
916866557,I2_2,20000,4695
558420916,I2_1,10000,2717
761117872,I2_1,10000,3064
335868973,I2_1,10000,4603
19150940,I2_2,20000,5575
474557593,I2_2,20000,7674
173177082,I2_1,10000,3616
245587758,I2_1,10000,4256
77944030,I2_2,20000,11754
46788485,I2_2,20000,10048
61736107,I2_2,20000,5179
397678260,I2_1,10000,5773
647179916,I2_2,20000,5553
637340994,I2_1,10000,4855
524018543,I2_2,20000,6005
284281303,I2_2,20000,4970
882311724,I2_1,10000,2727
77637437,I2_1,10000,2642
352938814,I2_2,20000,5517
378025218,I2_2,20000,4728
816550146,I2_2,20000,6915
398200891,I2_1,10000,2844
408262595,I2_1,10000,3815
206339581,I2_1,10000,2733
42362687,I2_1,10000,2817
986994767,I2_1,10000,3000
480741267,I2_1,10000,4295
378059412,I2_1,10000,4803
584911203,I2_1,10000,3656
457986870,I2_2,20000,4965
648268259,I2_2,20000,4884
503218238,I2_1,10000,5405
82563163,I2_2,20000,5284
288649249,I2_2,20000,4826
984435372,I2_2,20000,4781
82852864,I2_1,10000,2723
964133029,I2_1,10000,2726
290313744,I2_2,20000,5294
51067435,I2_2,20000,4697
545156302,I2_1,10000,2977
831606559,I2_2,20000,5561
351914294,I2_2,20000,4945
274330488,I2_2,20000,4980
98107467,I2_1,10000,4393
641300630,I2_1,10000,3995
951172667,I2_1,10000,5140
812187469,I2_2,20000,8779
227456225,I2_1,10000,3201
457288097,I2_2,20000,5452
435748184,I2_1,10000,3914
109321691,I2_1,10000,3877
709147942,I2_1,10000,3278
78145124,I2_2,20000,6018
644432530,I2_2,20000,5520
224218760,I2_1,10000,4323
924624706,I2_1,10000,2869
767362288,I2_1,10000,2959
505209301,I2_2,20000,6051
22196366,I2_1,10000,5427
50875919,I2_2,20000,7162
108774261,I2_2,20000,8013
677753578,I2_1,10000,3242
244369160,I2_1,10000,2453
71106352,I2_1,10000,2499
800030004,I2_2,20000,4494
88079301,I2_2,20000,4524
126050490,I2_2,20000,4564
505801872,I2_1,10000,4025
352498883,I2_2,20000,7803
944344012,I2_2,20000,5599
788641683,I2_1,10000,3175
444926555,I2_2,20000,5875
928748128,I2_2,20000,4440
730669710,I2_1,10000,2875
587692892,I2_1,10000,2508
187163884,I2_2,20000,4502
571761430,I2_1,10000,3973
868477123,I2_1,10000,3891
91187981,I2_2,20000,7596
868669825,I2_2,20000,5256
826999612,I2_1,10000,3568
241774645,I2_1,10000,2960
740095923,I2_1,10000,4203
750091526,I2_2,20000,6172
903751812,I2_2,20000,4488
79630415,I2_2,20000,5281
333704789,I2_1,10000,4595
835503214,I2_1,10000,4071
358655749,I2_2,20000,8423
855767826,I2_2,20000,6591
470687756,I2_1,10000,5995
527746115,I2_1,10000,6562
700462393,I2_1,10000,7656
321505730,I2_1,10000,8226
446265011,I2_1,10000,5527
715053772,I2_2,20000,6890
686211823,I2_2,20000,5231
573496464,I2_1,10000,3420
779522882,I2_2,20000,5762
503094676,I2_2,20000,4428
9264872,I2_1,10000,2541
847079374,I2_1,10000,2834
512586742,I2_2,20000,5446
979708206,I2_1,10000,2866
251882097,I2_2,20000,4539
482328224,I2_1,10000,3429
919965129,I2_1,10000,2797
617098779,I2_1,10000,2904
322454781,I2_2,20000,4563
251290270,I2_2,20000,4604
595279393,I2_1,10000,2754
511065557,I2_1,10000,2851
710000105,I2_1,10000,2849
586069726,I2_1,10000,2906
867582636,I2_2,20000,5768
601982885,I2_1,10000,2637
850548195,I2_1,10000,2657
94217608,I2_2,20000,4555
191540242,I2_2,20000,4581
503384618,I2_2,20000,5418
772393721,I2_2,20000,4993
962208454,I2_2,20000,4490
411297639,I2_1,10000,5037
940486,I2_1,10000,2555
298663134,I2_2,20000,5430
563754782,I2_2,20000,5885
46562329,I2_1,10000,5282
116537669,I2_1,10000,4893
419721140,I2_1,10000,4893
810387139,I2_2,20000,11426
244735727,I2_2,20000,5317
633348550,I2_2,20000,6832
956872151,I2_2,20000,6840
888425063,I2_2,20000,4512
25294901,I2_1,10000,2779
298948413,I2_1,10000,2620
993056798,I2_2,20000,5360
819491889,I2_2,20000,7452
637031716,I2_1,10000,4413
497229839,I2_2,20000,5542
177517105,I2_1,10000,4426
859623987,I2_1,10000,4971
793280691,I2_2,20000,6354
764620332,I2_2,20000,8529
963403372,I2_2,20000,7738
935085171,I2_2,20000,7258
505174491,I2_2,20000,7082
877871394,I2_2,20000,9217
380288339,I2_1,10000,5571
206250318,I2_1,10000,5027
360831989,I2_1,10000,3847
481543594,I2_2,20000,8230
133920665,I2_2,20000,5300
867281059,I2_1,10000,2463
381821336,I2_1,10000,2630
410954011,I2_1,10000,2512
570619668,I2_1,10000,3554
732288278,I2_1,10000,2521
276065090,I2_2,20000,5390
887796640,I2_1,10000,4860
973109192,I2_2,20000,4535
771342010,I2_1,10000,2901
882044436,I2_1,10000,3151
474070645,I2_1,10000,2416
550650895,I2_2,20000,4576
953775317,I2_1,10000,6147
423479908,I2_2,20000,4724
377783805,I2_2,20000,5193
162960271,I2_1,10000,4511
499751813,I2_1,10000,4008
79912209,I2_2,20000,5106
255404615,I2_2,20000,4978
146041241,I2_1,10000,4366
705369813,I2_1,10000,2647
782250353,I2_1,10000,2636
738903112,I2_1,10000,4224
333127144,I2_2,20000,4912
854741610,I2_2,20000,5428
450165889,I2_1,10000,2927
931047902,I2_1,10000,4463
71197566,I2_2,20000,6270
537487214,I2_2,20000,6185
85112278,I2_1,10000,2669
281393777,I2_1,10000,2717
286338815,I2_1,10000,2680
254494117,I2_1,10000,2666
520650253,I2_2,20000,4730
74085731,I2_1,10000,4179
142613046,I2_2,20000,4711
606459532,I2_1,10000,2751
626322051,I2_1,10000,2762
659589259,I2_2,20000,5084
531325541,I2_1,10000,2747
163184811,I2_2,20000,5084
31712489,I2_1,10000,2775
375389270,I2_2,20000,4791
958918260,I2_1,10000,4880
847934157,I2_2,20000,7062
71409427,I2_1,10000,4485
44047174,I2_1,10000,4090
855340172,I2_1,10000,4903
992970768,I2_1,10000,3755
296241455,I2_1,10000,2738
582092188,I2_2,20000,4867
611810358,I2_2,20000,7060
28348508,I2_1,10000,3308
951565794,I2_1,10000,3151
906093147,I2_2,20000,4842
541722389,I2_2,20000,5793
311553389,I2_1,10000,2786
750295509,I2_1,10000,2831
819111148,I2_1,10000,2810
631213769,I2_2,20000,5620
683998191,I2_2,20000,4983
641869091,I2_1,10000,3014
939024597,I2_1,10000,3774
604608105,I2_1,10000,3182
148203374,I2_2,20000,4858
528010745,I2_1,10000,3580
980511084,I2_2,20000,6868
341526090,I2_1,10000,3066
595149318,I2_1,10000,4770
252425502,I2_1,10000,3781
139537217,I2_2,20000,5812
995560639,I2_2,20000,6600
199153632,I2_2,20000,8777
594259310,I2_2,20000,6740
640800207,I2_2,20000,5633
961251496,I2_1,10000,2739
313972362,I2_1,10000,2686
111228429,I2_2,20000,5517
855852041,I2_2,20000,4690
372409617,I2_1,10000,3102
587313619,I2_2,20000,4719
351731675,I2_1,10000,4142
505932930,I2_1,10000,3382
193479866,I2_2,20000,4759
887782971,I2_1,10000,5340
806373896,I2_1,10000,5727
889219497,I2_2,20000,5412
569497712,I2_2,20000,5215
865628755,I2_2,20000,6531
974041013,I2_1,10000,5042
28788166,I2_2,20000,5899
248413848,I2_2,20000,6946
971277764,I2_1,10000,5649
987110607,I2_1,10000,5102
127487783,I2_1,10000,5752
564440206,I2_2,20000,11456
427898314,I2_1,10000,4069
949151421,I2_1,10000,4567
979183,I2_1,10000,6338
879320998,I2_2,20000,13364
991415101,I2_1,10000,6030
772449740,I2_2,20000,9438
770770194,I2_2,20000,10301
379519459,I2_1,10000,3553
580820715,I2_2,20000,5351
558078410,I2_2,20000,8151
148700453,I2_1,10000,4104
748136494,I2_1,10000,4655
363137658,I2_1,10000,5198
492294322,I2_1,10000,4706
989222546,I2_2,20000,4741
150472766,I2_2,20000,5648
753916627,I2_1,10000,2735
28096908,I2_2,20000,5714
622511359,I2_1,10000,3478
319959794,I2_2,20000,5637
167600367,I2_2,20000,5630
85781186,I2_1,10000,4619
235817563,I2_1,10000,2980
806841414,I2_1,10000,4258
238913677,I2_1,10000,2626
199015750,I2_1,10000,3139
639408289,I2_2,20000,4872
548637021,I2_2,20000,4742
636323862,I2_2,20000,6945
136742388,I2_2,20000,6054
613757278,I2_1,10000,4943
424618008,I2_2,20000,6595
306855108,I2_1,10000,5017
693973086,I2_1,10000,4518
42845319,I2_2,20000,7319
317848329,I2_2,20000,6741
700641839,I2_1,10000,5159
580461253,I2_1,10000,5832
733961341,I2_1,10000,7528
731500787,I2_1,10000,5892
811166609,I2_2,20000,4787
665434236,I2_1,10000,2700
877328829,I2_1,10000,3829
321780039,I2_2,20000,5611
160353461,I2_2,20000,7741
90575756,I2_2,20000,4656
87783440,I2_2,20000,5149
478372311,I2_1,10000,3651
374024125,I2_2,20000,6447
446843778,I2_2,20000,7442
400664772,I2_1,10000,5979
369418402,I2_1,10000,5043
111186467,I2_2,20000,10417
970172714,I2_1,10000,5063
196567909,I2_1,10000,4481
69275089,I2_2,20000,13342
608311093,I2_1,10000,4763
853243713,I2_1,10000,3584
15197725,I2_1,10000,3756
794308650,I2_2,20000,4677
851363891,I2_2,20000,4710
711586698,I2_1,10000,2691
826952926,I2_1,10000,3984
644753369,I2_2,20000,5598
712543909,I2_2,20000,5923
808355424,I2_1,10000,5352
671085464,I2_2,20000,5881
420511459,I2_2,20000,5367
558224985,I2_1,10000,2554
73750259,I2_2,20000,4693
759321301,I2_1,10000,4186
123535241,I2_1,10000,5239
344751578,I2_1,10000,3711
528860204,I2_2,20000,5757
253365464,I2_1,10000,2517
159940377,I2_1,10000,3107
440356325,I2_2,20000,5638
258221800,I2_2,20000,4865
997341313,I2_1,10000,2532
497860789,I2_2,20000,4908
180997253,I2_2,20000,4610
649090504,I2_2,20000,4591
91685824,I2_1,10000,2641
905490915,I2_1,10000,2716
894053274,I2_2,20000,5239
629947287,I2_1,10000,3662
168086732,I2_2,20000,4511
481924226,I2_1,10000,2894
425190489,I2_1,10000,2919
942360994,I2_1,10000,2473
216494647,I2_1,10000,3514
540162458,I2_1,10000,2918
744700315,I2_2,20000,4509
963757396,I2_2,20000,4862
344671417,I2_1,10000,3185
842577428,I2_1,10000,4871
891389038,I2_2,20000,5109
726213272,I2_2,20000,5445
699817307,I2_2,20000,4632
872787960,I2_2,20000,4685
502830484,I2_2,20000,5589
547646480,I2_1,10000,4039
555984586,I2_1,10000,5264
230722861,I2_1,10000,2657
171133697,I2_1,10000,2787
734843448,I2_2,20000,5058
506138816,I2_1,10000,3186
949013819,I2_1,10000,3698
726505897,I2_2,20000,7009
711719268,I2_2,20000,8647
966172865,I2_1,10000,5582
189858507,I2_1,10000,6756
219671725,I2_1,10000,3268
709506183,I2_1,10000,2684
539717767,I2_1,10000,2624
984293757,I2_1,10000,2743
725974437,I2_1,10000,3854
655442689,I2_1,10000,2663
812324652,I2_1,10000,3392
500623456,I2_2,20000,4771
957017413,I2_2,20000,5685
746215662,I2_1,10000,2919
654009504,I2_2,20000,5177
911795489,I2_1,10000,3581
247288766,I2_1,10000,3156
222639577,I2_1,10000,2618
438580838,I2_1,10000,3668
281193934,I2_1,10000,3079
261973002,I2_2,20000,6441
41784525,I2_1,10000,5963
424234335,I2_2,20000,8257
23041069,I2_1,10000,5735
1822164,I2_1,10000,5187
656030054,I2_1,10000,4616
990489871,I2_1,10000,4744
845426789,I2_1,10000,4804
246171394,I2_1,10000,2644
571784923,I2_2,20000,4663
85452660,I2_2,20000,4761
139949821,I2_1,10000,3137
30464578,I2_1,10000,3471
295501940,I2_1,10000,4050
668936069,I2_2,20000,8437
483339440,I2_1,10000,6326
510499050,I2_1,10000,6815
571534895,I2_2,20000,8380
391344997,I2_1,10000,3978
677264103,I2_2,20000,10047
746887893,I2_2,20000,6759
803868234,I2_1,10000,6268
112989893,I2_1,10000,5544
949370921,I2_1,10000,7244
500414681,I2_1,10000,5545
561335442,I2_2,20000,9858
838944972,I2_2,20000,8208
514251295,I2_2,20000,10335
662745451,I2_2,20000,10763
653174088,I2_2,20000,11962
388625239,I2_2,20000,10776
18263637,I2_1,10000,3858
513975802,I2_1,10000,4396
895471872,I2_2,20000,4944
991159084,I2_1,10000,2893
407684014,I2_1,10000,2937
470720051,I2_2,20000,4749
896066303,I2_1,10000,4025
639208793,I2_1,10000,5666
937357949,I2_2,20000,4960
798696667,I2_2,20000,4596
846909894,I2_2,20000,4874
339734623,I2_2,20000,5108
297206888,I2_2,20000,5080
622687114,I2_1,10000,4474
35020670,I2_2,20000,7916
968672145,I2_2,20000,5583
444434936,I2_1,10000,3866
15886070,I2_2,20000,7593
850696442,I2_2,20000,6391
367191207,I2_1,10000,3471
472180127,I2_1,10000,2626
161865326,I2_1,10000,2541
912084208,I2_1,10000,2567
24575006,I2_2,20000,4878
301468972,I2_2,20000,5518
444456784,I2_2,20000,4617
398076568,I2_2,20000,6709
151462344,I2_2,20000,5439
764915111,I2_2,20000,4590
276037600,I2_2,20000,4583
505839645,I2_1,10000,3431
398318092,I2_2,20000,4587
806461727,I2_2,20000,5212
50141210,I2_1,10000,3650
85642684,I2_2,20000,6400
184355254,I2_1,10000,4481
145437729,I2_2,20000,6605
476874695,I2_2,20000,5545
568452624,I2_2,20000,7703
988719779,I2_1,10000,3921
247169746,I2_1,10000,4516
41154536,I2_2,20000,7593
582605294,I2_2,20000,7595
301217477,I2_2,20000,8123
230003925,I2_2,20000,10204
129464578,I2_1,10000,4450
919458064,I2_1,10000,4808
293414203,I2_2,20000,6552
93936888,I2_2,20000,6775
752643979,I2_1,10000,3476
917803594,I2_2,20000,5677
956126731,I2_2,20000,6105
700438042,I2_1,10000,4272
337505403,I2_2,20000,6135
796961159,I2_1,10000,3032
948734264,I2_1,10000,3525
964097209,I2_2,20000,5739
952625403,I2_1,10000,2520
705564071,I2_1,10000,3011
199648563,I2_2,20000,4537
921533510,I2_2,20000,6677
363997948,I2_1,10000,4148
846709255,I2_2,20000,6299
880127126,I2_2,20000,6139
350640523,I2_2,20000,6582
665974123,I2_2,20000,6821
40570428,I2_1,10000,2663
397584843,I2_2,20000,4584
933698992,I2_2,20000,6619
437075366,I2_2,20000,4719
214888219,I2_1,10000,4109
120279277,I2_1,10000,5446
852448228,I2_2,20000,7743
220508396,I2_1,10000,4281
414143435,I2_2,20000,4581
837768938,I2_2,20000,5456
352359621,I2_1,10000,2504
592890482,I2_1,10000,2986
200269209,I2_2,20000,4552
577012252,I2_2,20000,5543
11198960,I2_1,10000,3728
105744961,I2_2,20000,6046
979262101,I2_1,10000,4465
488477681,I2_1,10000,5610
278946830,I2_2,20000,4601
350392663,I2_2,20000,4923
927402236,I2_2,20000,7583
902259999,I2_1,10000,4426
987158063,I2_2,20000,7819
526364124,I2_2,20000,9218
674401244,I2_2,20000,10847
636935412,I2_1,10000,4843
642924956,I2_1,10000,3621
783121900,I2_2,20000,13750
177207910,I2_1,10000,2705
747826024,I2_1,10000,2539
957792575,I2_2,20000,5362
846718578,I2_1,10000,2526
275889644,I2_1,10000,2564
861055096,I2_2,20000,4872
678411019,I2_1,10000,3922
185494513,I2_2,20000,4597
485101804,I2_1,10000,4053
923561204,I2_1,10000,3620
795021842,I2_2,20000,6225
585691368,I2_2,20000,4557
745296321,I2_1,10000,2806
171643557,I2_1,10000,2807
320475296,I2_1,10000,2673
315537200,I2_1,10000,2712
457984860,I2_1,10000,2728
846407793,I2_2,20000,5232
76664592,I2_1,10000,3654
755046586,I2_1,10000,4476
741368491,I2_1,10000,4538
933730192,I2_1,10000,2732
884602257,I2_1,10000,3219
528221531,I2_1,10000,4878
604112050,I2_2,20000,7048
174456712,I2_2,20000,8767
518424814,I2_2,20000,9914
367361959,I2_2,20000,5258
542678196,I2_1,10000,3104
562262533,I2_1,10000,2838
402074093,I2_1,10000,3843
377226058,I2_1,10000,3782
349393178,I2_2,20000,4875
578594457,I2_1,10000,5501
687217416,I2_1,10000,3867
614417299,I2_2,20000,7937
975739222,I2_2,20000,4725
324729810,I2_1,10000,6003
846050625,I2_1,10000,3664
383079701,I2_2,20000,4732
284344671,I2_2,20000,4723
931272728,I2_1,10000,2768
464904151,I2_1,10000,2822
163252654,I2_1,10000,3919
869242091,I2_1,10000,4421
290692495,I2_2,20000,6716
573832070,I2_2,20000,6175
138870157,I2_1,10000,2819
57732503,I2_2,20000,5756
116717928,I2_1,10000,3721
415341813,I2_2,20000,4940
367564093,I2_1,10000,2778
796899441,I2_1,10000,3374
105822724,I2_2,20000,5961
827441851,I2_2,20000,4690
552134445,I2_1,10000,3119
137708885,I2_1,10000,2794
132526887,I2_2,20000,5250
262217621,I2_1,10000,4093
957449510,I2_2,20000,7758
454332299,I2_2,20000,4637
229758471,I2_1,10000,3043
939518774,I2_2,20000,5446
109854682,I2_2,20000,5565
464230065,I2_1,10000,4005
656691074,I2_1,10000,4245
54825313,I2_1,10000,4820
437771519,I2_2,20000,7616
886960218,I2_2,20000,5649
912743801,I2_1,10000,6197
342112592,I2_2,20000,6914
614448907,I2_2,20000,6865
247062630,I2_1,10000,2754
436784523,I2_1,10000,2771
387317694,I2_1,10000,2775
280666927,I2_1,10000,3791
378689694,I2_1,10000,4363
384263318,I2_1,10000,5966
947738048,I2_2,20000,7797
271658192,I2_2,20000,6760
113645771,I2_1,10000,4572
208173890,I2_2,20000,6778
111980298,I2_2,20000,8661
675932402,I2_2,20000,7290
927841189,I2_1,10000,5597
402743626,I2_2,20000,4729
370643101,I2_2,20000,5638
120262740,I2_1,10000,5240
801464346,I2_1,10000,5713
948751240,I2_2,20000,6601
443648054,I2_1,10000,5963
106646374,I2_2,20000,6441
633400426,I2_1,10000,4078
226100810,I2_1,10000,5169
378378710,I2_2,20000,12478
795091774,I2_1,10000,4965
571528863,I2_2,20000,13397
817394128,I2_2,20000,10637
446648412,I2_2,20000,9327
148840011,I2_2,20000,5675
475100505,I2_1,10000,4158
669212758,I2_2,20000,6769
546911555,I2_1,10000,3375
607369575,I2_1,10000,3671
902221931,I2_2,20000,5187
367525186,I2_2,20000,5146
489494286,I2_1,10000,3573
507846459,I2_1,10000,3225
989709828,I2_2,20000,5083
212486014,I2_1,10000,4451
818100061,I2_2,20000,5905
628804520,I2_1,10000,3822
797764304,I2_1,10000,3316
57502305,I2_2,20000,5139
456345923,I2_1,10000,2773
764151319,I2_1,10000,2819
519584401,I2_2,20000,4809
790586841,I2_2,20000,4860
303542763,I2_2,20000,4793
931224179,I2_1,10000,4154
137042729,I2_2,20000,5665
714171451,I2_2,20000,5092
834366802,I2_1,10000,3440
106865147,I2_2,20000,5145
879160766,I2_2,20000,5837
713157333,I2_2,20000,7225
625694313,I2_1,10000,5740
186121153,I2_2,20000,5914
27668874,I2_1,10000,6415
882055588,I2_1,10000,7162
22974387,I2_2,20000,9379
700297079,I2_1,10000,4180
874467439,I2_1,10000,4632
876076816,I2_2,20000,13801
644651884,I2_2,20000,7825
230691480,I2_2,20000,6890
227642283,I2_1,10000,3588
368232001,I2_2,20000,8358
275711104,I2_2,20000,4675
710959487,I2_2,20000,4720
23806279,I2_2,20000,6189
828104599,I2_2,20000,5822
60221420,I2_2,20000,6854
81156764,I2_1,10000,6210
354787743,I2_1,10000,6912
663765169,I2_2,20000,6787
595204440,I2_1,10000,2960
507469212,I2_1,10000,2659
401518882,I2_1,10000,2707
697940356,I2_2,20000,4776
108848983,I2_1,10000,3651
347211312,I2_2,20000,5577
566158077,I2_1,10000,2986
799050282,I2_2,20000,8490
590525328,I2_2,20000,4886
822227362,I2_2,20000,6875
453837434,I2_1,10000,2720
232421419,I2_1,10000,2701
831793029,I2_1,10000,2695
303275034,I2_2,20000,5075
609819834,I2_1,10000,2837
236275396,I2_1,10000,3188
930814706,I2_1,10000,2754
255951124,I2_1,10000,3831
785684131,I2_1,10000,2709
710859642,I2_2,20000,4866
726365177,I2_1,10000,4292
804926632,I2_1,10000,5897
472262762,I2_2,20000,5615
505261985,I2_1,10000,2746
905032614,I2_1,10000,3987
632177174,I2_1,10000,3139
939404860,I2_1,10000,2788
726213722,I2_2,20000,4989
479846555,I2_1,10000,2728
880390686,I2_1,10000,2713
836164187,I2_1,10000,2751
966261020,I2_1,10000,2727
428022948,I2_1,10000,3058
956754386,I2_2,20000,7250
769489258,I2_2,20000,5685
442761877,I2_1,10000,3469
33868690,I2_2,20000,6748
686430817,I2_1,10000,2705
923726851,I2_1,10000,3417
582012343,I2_1,10000,4595
59298260,I2_1,10000,3996
539212194,I2_1,10000,5152
989310217,I2_1,10000,5709
157018504,I2_1,10000,5401
3803049,I2_2,20000,12080
988629304,I2_2,20000,7995
577530565,I2_1,10000,6253
409195102,I2_1,10000,5576
378680139,I2_2,20000,7922
437510112,I2_2,20000,7943
307887327,I2_2,20000,4789
351811451,I2_2,20000,4825
813604872,I2_2,20000,6301
339552235,I2_2,20000,4954
517709863,I2_1,10000,4321
293714711,I2_1,10000,3784
633896223,I2_1,10000,3206
267702551,I2_1,10000,2729
902856858,I2_2,20000,4782
359688898,I2_1,10000,3637
767241258,I2_2,20000,5484
335686497,I2_1,10000,3044
504549125,I2_1,10000,3872
541059907,I2_2,20000,4730
70889488,I2_1,10000,3124
843877476,I2_2,20000,8296
253507,I2_1,10000,3119
101481241,I2_1,10000,3579
410531894,I2_2,20000,8208
228565536,I2_2,20000,4761
878591425,I2_1,10000,3201
753841517,I2_2,20000,5296
758227115,I2_1,10000,3188
293809595,I2_2,20000,6768
362911667,I2_1,10000,5969
87715680,I2_1,10000,5348
928821267,I2_1,10000,4272
164856962,I2_1,10000,5929
90726709,I2_2,20000,5851
717812010,I2_2,20000,4775
997184759,I2_2,20000,4785
525115258,I2_1,10000,4299
38750035,I2_2,20000,4737
502377855,I2_2,20000,4693
340013101,I2_2,20000,4712
766186784,I2_2,20000,4769
751440496,I2_2,20000,5795
588459560,I2_2,20000,5793
816446433,I2_2,20000,8540
753905742,I2_1,10000,4551
747154526,I2_2,20000,10521
885145208,I2_2,20000,11582
55767076,I2_1,10000,5170
637871420,I2_1,10000,4695
665100795,I2_2,20000,8806
814812605,I2_1,10000,2710
313792658,I2_1,10000,2748
930493431,I2_2,20000,5445
978664226,I2_2,20000,4814
398960219,I2_1,10000,3168
285300389,I2_2,20000,4648
683196929,I2_1,10000,2810
198991947,I2_2,20000,5423
12780635,I2_1,10000,2815
446566900,I2_2,20000,5477
1389579,I2_2,20000,5582
678826182,I2_2,20000,6727
389597752,I2_2,20000,7672
148383776,I2_1,10000,4409
606816245,I2_2,20000,8993
745144368,I2_2,20000,6273
384189004,I2_2,20000,5786
23380567,I2_2,20000,6850
991590363,I2_1,10000,6291
236684205,I2_1,10000,6862
37857559,I2_2,20000,10227
228485139,I2_1,10000,6214
465700676,I2_1,10000,5717
318919625,I2_2,20000,13528
842703659,I2_1,10000,6288
318838417,I2_1,10000,5702
267712439,I2_2,20000,16585
791433132,I2_1,10000,7067
37190637,I2_2,20000,15668
386750010,I2_1,10000,7279
658052137,I2_2,20000,14530
845915611,I2_2,20000,5337
976254998,I2_1,10000,2625
95013890,I2_2,20000,4658
841507180,I2_1,10000,2769
250674278,I2_1,10000,3233
421793027,I2_2,20000,6086
985301520,I2_1,10000,3856
847489752,I2_2,20000,7090
854259058,I2_2,20000,6253
45342898,I2_2,20000,7409
317923435,I2_1,10000,4274
25205434,I2_1,10000,2747
305110003,I2_1,10000,3108
622361932,I2_2,20000,5049
127996766,I2_1,10000,3216
65688373,I2_1,10000,3691
250437380,I2_2,20000,8159
443085198,I2_2,20000,9175
214208536,I2_2,20000,7815
252024095,I2_2,20000,7306
150008189,I2_2,20000,5635
870476386,I2_1,10000,2734
367478657,I2_2,20000,4831
671984407,I2_1,10000,4285
639075378,I2_1,10000,3698
822656835,I2_1,10000,2881
844721634,I2_1,10000,2811
996256502,I2_1,10000,2863
615174317,I2_2,20000,4796
269280246,I2_2,20000,4794
304240280,I2_2,20000,4706
669819278,I2_1,10000,2827
526711577,I2_2,20000,5224
260291914,I2_2,20000,7323
145971461,I2_2,20000,4899
757429236,I2_1,10000,4367
514229466,I2_1,10000,3728
460176764,I2_1,10000,2798
635904538,I2_1,10000,2805
378204697,I2_1,10000,2816
767266544,I2_1,10000,2812
219931036,I2_2,20000,5215
359940155,I2_2,20000,4924
484638200,I2_1,10000,5402
858386474,I2_2,20000,5228
691945422,I2_1,10000,4096
780279405,I2_1,10000,4099
947651317,I2_1,10000,4520
47512488,I2_2,20000,6694
42155753,I2_1,10000,4975
79464571,I2_1,10000,4294
325052586,I2_1,10000,5489
575333081,I2_1,10000,4887
476103952,I2_1,10000,2842
828394493,I2_2,20000,4824
38820755,I2_1,10000,5376
588974383,I2_2,20000,4855
893034250,I2_1,10000,2872
502005066,I2_2,20000,6006
170530331,I2_1,10000,3749
6434957,I2_2,20000,6524
282833128,I2_1,10000,2799
600929965,I2_2,20000,5530
201076495,I2_2,20000,5824
595456768,I2_1,10000,4197
959883031,I2_2,20000,4929
471370907,I2_1,10000,2813
186943189,I2_1,10000,2840
868178145,I2_1,10000,2840
44972076,I2_2,20000,5279
788906309,I2_2,20000,6707
655519512,I2_1,10000,2840
644569855,I2_1,10000,3330
370134733,I2_2,20000,5194
277974803,I2_2,20000,7267
254663688,I2_1,10000,2837
533529332,I2_1,10000,2817
99810125,I2_1,10000,3686
202123222,I2_2,20000,5547
178741979,I2_2,20000,6416
700196834,I2_1,10000,3844
955814402,I2_2,20000,5569
727781874,I2_2,20000,4865
730834694,I2_1,10000,2977
485868619,I2_1,10000,3332
156940061,I2_2,20000,5025
691020830,I2_2,20000,5633
840131400,I2_2,20000,4862
317870196,I2_2,20000,4896
615021281,I2_1,10000,3704
180468807,I2_2,20000,5231
240966714,I2_2,20000,4929
969116155,I2_1,10000,4351
574634554,I2_1,10000,3460
730133795,I2_1,10000,3337
84154971,I2_1,10000,3728
222171849,I2_2,20000,7276
909423969,I2_2,20000,4845
991934830,I2_2,20000,5104
996615465,I2_2,20000,4861
374088490,I2_2,20000,4897
216500435,I2_2,20000,4901
975303387,I2_1,10000,2894
941849319,I2_1,10000,2881
453978858,I2_1,10000,3930
115960163,I2_2,20000,5211
915127451,I2_1,10000,5732
80580333,I2_2,20000,8286
442061570,I2_2,20000,9472
583693201,I2_2,20000,4842
885828795,I2_1,10000,2864
918080227,I2_2,20000,6477
42669478,I2_2,20000,5022
280287321,I2_2,20000,5999
927716299,I2_2,20000,4859
979307689,I2_2,20000,6882
184448929,I2_2,20000,5905
290489184,I2_1,10000,3793
759227391,I2_1,10000,3747
772206275,I2_2,20000,4813
71618229,I2_1,10000,2755
499743548,I2_2,20000,5774
505933675,I2_1,10000,2744
221939206,I2_2,20000,5374
531736897,I2_2,20000,4739
49168215,I2_1,10000,2890
311988758,I2_1,10000,2812
575948122,I2_2,20000,5389
704249282,I2_1,10000,5959
424355400,I2_1,10000,3215
304929331,I2_2,20000,7934
330605005,I2_1,10000,3306
984099978,I2_1,10000,3811
808687507,I2_1,10000,4415
525522434,I2_2,20000,6741
689445189,I2_1,10000,2918
186355761,I2_1,10000,2749
759290810,I2_2,20000,4761
482074197,I2_2,20000,5623
510052385,I2_2,20000,4733
935604345,I2_2,20000,5777
784027221,I2_1,10000,3572
510259923,I2_2,20000,4922
757140151,I2_1,10000,4057
509481289,I2_2,20000,6169
838816143,I2_2,20000,5353
153535493,I2_1,10000,4872
639293403,I2_1,10000,4179
168710394,I2_1,10000,4636
580983781,I2_1,10000,3189
45080725,I2_1,10000,2695
526025488,I2_2,20000,4718
781454499,I2_2,20000,4732
377999747,I2_1,10000,2910
357709751,I2_2,20000,4694
800527123,I2_1,10000,2762
109283334,I2_2,20000,5601
355395360,I2_1,10000,2802
403088285,I2_1,10000,2697
912661397,I2_2,20000,5002
560200265,I2_1,10000,2698
169286084,I2_2,20000,5621
319400377,I2_2,20000,7866
831664446,I2_2,20000,11055
234606344,I2_1,10000,4489
192643054,I2_1,10000,5739
623882338,I2_2,20000,13272
295768005,I2_2,20000,15740
212931373,I2_1,10000,7491
651867827,I2_1,10000,8183
107531789,I2_2,20000,17158
429931005,I2_2,20000,12359
708654579,I2_2,20000,11140
85707404,I2_1,10000,6983
748628778,I2_2,20000,5762
793120842,I2_2,20000,5968
676472363,I2_2,20000,6506
381766645,I2_2,20000,8148
782481480,I2_1,10000,4114
114328912,I2_1,10000,4475
788638843,I2_2,20000,8527
552008592,I2_2,20000,4739
914929512,I2_1,10000,5304
672850053,I2_2,20000,6712
203326036,I2_2,20000,5619
428968750,I2_2,20000,5252
236137684,I2_1,10000,4668
227840377,I2_1,10000,5558
594274652,I2_1,10000,6044
636438006,I2_2,20000,6615
389792975,I2_2,20000,6656
36058780,I2_1,10000,2792
731599118,I2_1,10000,2833
786930712,I2_2,20000,5409
993648348,I2_2,20000,4852
284726856,I2_1,10000,4225
901175701,I2_2,20000,8009
199283585,I2_2,20000,4795
756602997,I2_1,10000,5323
185071050,I2_2,20000,7043
950432920,I2_1,10000,2610
845458525,I2_1,10000,2720
921133157,I2_1,10000,2729
340242048,I2_1,10000,3287
917781419,I2_1,10000,3925
737355532,I2_1,10000,4452
287508975,I2_1,10000,5000
315204760,I2_2,20000,5519
565182303,I2_1,10000,2667
611370014,I2_1,10000,3026
492553578,I2_2,20000,4704
765992051,I2_1,10000,3479
985533372,I2_1,10000,3954
81250029,I2_1,10000,4453
866206471,I2_1,10000,4028
826193746,I2_2,20000,7043
422660427,I2_2,20000,7179
131949173,I2_2,20000,6836
886780042,I2_2,20000,4762
65098193,I2_1,10000,2787
943647377,I2_1,10000,2882
192386882,I2_1,10000,3481
931873523,I2_2,20000,6117
888146496,I2_2,20000,6659
35360107,I2_1,10000,5442
839754935,I2_1,10000,4025
592145720,I2_2,20000,4800
535743712,I2_2,20000,4717
542932578,I2_2,20000,5714
359970434,I2_1,10000,2992
566988511,I2_2,20000,4629
346843568,I2_2,20000,4748
480024639,I2_2,20000,4766
797372215,I2_1,10000,3106
405093098,I2_2,20000,4672
851903132,I2_1,10000,2682
826506485,I2_1,10000,2679
996748625,I2_2,20000,5725
501105915,I2_1,10000,6295
695976898,I2_2,20000,5306
262615548,I2_2,20000,8447
439769696,I2_2,20000,9836
464264609,I2_2,20000,6897
586362016,I2_2,20000,5827
113848199,I2_2,20000,7539
290000644,I2_2,20000,7824
570243151,I2_1,10000,4008
110503698,I2_1,10000,2671
762169237,I2_2,20000,5712
20639956,I2_1,10000,6259
494233727,I2_1,10000,5636
767578248,I2_2,20000,5799
252877050,I2_1,10000,3295
712691766,I2_1,10000,3854
268358427,I2_1,10000,3738
119883522,I2_1,10000,4768
437803665,I2_2,20000,4809
661769924,I2_1,10000,5356
869492635,I2_1,10000,6392
166876690,I2_1,10000,6384
929483760,I2_1,10000,6552
737399351,I2_1,10000,3086
167980049,I2_2,20000,4697
98387747,I2_2,20000,4922
760611650,I2_1,10000,4280
153931320,I2_2,20000,5198
132704931,I2_1,10000,2675
567687160,I2_1,10000,3050
211264912,I2_2,20000,4677
221780526,I2_1,10000,2822
674569920,I2_1,10000,2685
990594722,I2_2,20000,4683
870898670,I2_1,10000,3154
187522343,I2_1,10000,3099
450453873,I2_1,10000,2991
841967851,I2_2,20000,4835
234314867,I2_1,10000,2660
798811594,I2_2,20000,4655
180053619,I2_2,20000,4680
397718256,I2_2,20000,4741
188366584,I2_2,20000,4764
532918513,I2_2,20000,4694
718800596,I2_1,10000,2852
343760868,I2_2,20000,4848
685092454,I2_1,10000,2944
527786982,I2_2,20000,5234
854659487,I2_2,20000,5929
608976113,I2_1,10000,4888
847777082,I2_1,10000,3302
235139975,I2_1,10000,3788
705286421,I2_1,10000,2877
129503774,I2_2,20000,5492
126149794,I2_1,10000,3929
27458636,I2_1,10000,3691
569638618,I2_2,20000,4810
522879408,I2_2,20000,6969
417639158,I2_2,20000,5189
774683840,I2_1,10000,3998
322852442,I2_2,20000,4783
460977754,I2_2,20000,5286
73356162,I2_2,20000,7429
60981930,I2_2,20000,6791
360130285,I2_1,10000,2861
717200861,I2_2,20000,5241
498049547,I2_1,10000,4204
842293667,I2_2,20000,8575
750056782,I2_2,20000,6688
579720245,I2_2,20000,5955
810996655,I2_1,10000,3052
2532977,I2_1,10000,2703
523371095,I2_1,10000,3912
516303565,I2_1,10000,4123
916327298,I2_1,10000,3353
748326227,I2_2,20000,4770
973272841,I2_1,10000,6390
107575696,I2_2,20000,7996
684417751,I2_2,20000,8427
982575646,I2_2,20000,4697
666394323,I2_2,20000,5704
315139078,I2_1,10000,6259
84601950,I2_2,20000,8034
978145111,I2_2,20000,6844
333283365,I2_1,10000,4078
693729311,I2_1,10000,3626
87896144,I2_1,10000,3747
511319661,I2_1,10000,2802
243265081,I2_2,20000,4794
510144408,I2_1,10000,4284
26934862,I2_2,20000,6819
629613103,I2_2,20000,4866
490504649,I2_1,10000,2774
721246237,I2_2,20000,5123
757359113,I2_1,10000,5278
425359491,I2_1,10000,2691
543099010,I2_1,10000,2692
543085381,I2_1,10000,2666
975246373,I2_2,20000,5534
426364362,I2_2,20000,5515
704187759,I2_1,10000,3676
731569185,I2_1,10000,4273
281025578,I2_1,10000,5382
745088524,I2_1,10000,3722
822545115,I2_2,20000,4774
343263670,I2_1,10000,5366
46846306,I2_1,10000,3030
243514134,I2_2,20000,4791
577533393,I2_1,10000,3405
612571082,I2_2,20000,5093
929292010,I2_2,20000,7177
642825899,I2_1,10000,3102
181950584,I2_2,20000,7768
752023651,I2_2,20000,4789
629837831,I2_2,20000,5268
350255277,I2_2,20000,7974
134574223,I2_1,10000,3523
337148343,I2_2,20000,7811
462300486,I2_2,20000,8787
477283932,I2_1,10000,3615
708773361,I2_1,10000,2823
172725070,I2_1,10000,2832
900236973,I2_1,10000,2686
790328489,I2_2,20000,6363
124052293,I2_1,10000,3120
176680591,I2_1,10000,4760
412378697,I2_2,20000,6437
754890262,I2_2,20000,5270
158551005,I2_2,20000,5615
560466810,I2_1,10000,2740
160822679,I2_1,10000,2696
998114795,I2_2,20000,4790
518725630,I2_2,20000,6889
13079784,I2_2,20000,5617
684981653,I2_2,20000,4772
93151078,I2_2,20000,4851
807782628,I2_2,20000,4798
578820379,I2_1,10000,3711
184193470,I2_2,20000,5288
453331940,I2_2,20000,4784
227925317,I2_1,10000,5344
862425176,I2_1,10000,5322
815417585,I2_1,10000,3532
246872477,I2_2,20000,4698
16780235,I2_1,10000,4067
634985974,I2_2,20000,5057
22916259,I2_1,10000,4481
255931647,I2_1,10000,3172
640238203,I2_1,10000,3081
941472832,I2_2,20000,4742
980530983,I2_1,10000,4151
96225100,I2_1,10000,2780
355035012,I2_2,20000,5360
665212068,I2_1,10000,2942
402225896,I2_2,20000,5164
967043277,I2_1,10000,3599
507984485,I2_1,10000,4348
537592825,I2_1,10000,4227
884317955,I2_2,20000,10903
271308971,I2_2,20000,4722
314908482,I2_2,20000,4685
977632792,I2_1,10000,2727
360867572,I2_2,20000,4830
775363307,I2_1,10000,4338
399618555,I2_2,20000,6130
877459465,I2_1,10000,4532
368434430,I2_1,10000,4271
834477852,I2_1,10000,4111
813013678,I2_2,20000,4781
292880906,I2_2,20000,5679
535992446,I2_2,20000,6686
469078687,I2_1,10000,3658
992336029,I2_1,10000,3082
509013957,I2_2,20000,4818
586385301,I2_1,10000,5403
718089212,I2_2,20000,8363
808472144,I2_2,20000,5353
217679605,I2_1,10000,4270
798389098,I2_1,10000,4147
436998117,I2_1,10000,5775
119919421,I2_1,10000,6491
16764070,I2_1,10000,7441
327608738,I2_2,20000,8940
957294371,I2_2,20000,6694
752238365,I2_2,20000,7868
287282403,I2_2,20000,6058
575216423,I2_2,20000,8231
371564950,I2_1,10000,6122
592964850,I2_1,10000,5516
604182127,I2_2,20000,11794
856182836,I2_1,10000,5160
107810916,I2_1,10000,6281
441326071,I2_1,10000,2778
83395870,I2_2,20000,4868
149472854,I2_1,10000,3134
230430572,I2_2,20000,7251
775914561,I2_1,10000,2726
989606849,I2_1,10000,2788
372577320,I2_1,10000,2796
157437038,I2_1,10000,3154
112701566,I2_2,20000,4837
109295939,I2_1,10000,5384
913835145,I2_1,10000,2820
721833715,I2_1,10000,2866
140715946,I2_1,10000,2782
266390297,I2_1,10000,2882
608868947,I2_1,10000,3388
272121236,I2_2,20000,4947
97209367,I2_2,20000,7612
702702724,I2_1,10000,5149
521031730,I2_1,10000,4482
232669361,I2_2,20000,8207
999868205,I2_2,20000,10399
75514613,I2_1,10000,3784
276566553,I2_1,10000,4022
552758668,I2_1,10000,4535
101579125,I2_1,10000,4132
533140500,I2_2,20000,7547
508971680,I2_1,10000,3162
834647470,I2_2,20000,4670
31695867,I2_2,20000,4867
850733524,I2_2,20000,5847
505827522,I2_1,10000,3292
858640748,I2_2,20000,5552
188264557,I2_2,20000,5764
93099121,I2_1,10000,5109
53859557,I2_1,10000,5637
267407594,I2_2,20000,9034
11493904,I2_2,20000,8253
739964844,I2_1,10000,4454
359630728,I2_2,20000,11053
938367407,I2_2,20000,5715
791472431,I2_1,10000,6159
172813760,I2_1,10000,5542
180285699,I2_2,20000,5831
759911412,I2_1,10000,2723
65173641,I2_1,10000,3227
372982731,I2_2,20000,6228
505531237,I2_2,20000,5253
726343233,I2_1,10000,4639
433663273,I2_2,20000,6908
925249134,I2_1,10000,4566
607638610,I2_2,20000,5930
628097183,I2_1,10000,5730
94238470,I2_1,10000,3174
567090115,I2_2,20000,7271
424474921,I2_1,10000,3572
781863893,I2_2,20000,5906
688685594,I2_2,20000,5132
252751786,I2_2,20000,6180
467592278,I2_2,20000,6228
113405580,I2_1,10000,4778
354424640,I2_2,20000,4870
525917599,I2_1,10000,2710
651133704,I2_2,20000,4600
180930522,I2_1,10000,2616
336374016,I2_2,20000,4614
867135063,I2_2,20000,4707
557005433,I2_1,10000,5292
135440044,I2_1,10000,3121
548856244,I2_1,10000,4722
592051833,I2_2,20000,7018
932017606,I2_2,20000,8510
732982398,I2_2,20000,9693
313659748,I2_1,10000,4550
632042545,I2_2,20000,8187
967207484,I2_1,10000,2832
467379663,I2_2,20000,5479
343274927,I2_1,10000,3838
471650161,I2_2,20000,6272
562122656,I2_2,20000,5209
194867954,I2_1,10000,3655
907939965,I2_2,20000,9104
515959150,I2_2,20000,7726
220364857,I2_2,20000,8866
832437985,I2_1,10000,4512
778810542,I2_2,20000,12142
305297936,I2_1,10000,3857
562575397,I2_2,20000,14687
679849713,I2_2,20000,12261
723611232,I2_2,20000,12209
888217123,I2_1,10000,2889
939138220,I2_2,20000,4594
912077522,I2_1,10000,4030
743219541,I2_1,10000,3611
844063040,I2_1,10000,4730
688343813,I2_1,10000,2569
995798290,I2_1,10000,2862
547803678,I2_1,10000,3690
151955207,I2_1,10000,4232
31182056,I2_1,10000,4235
290359641,I2_2,20000,7700
404957677,I2_1,10000,5964
58333504,I2_2,20000,8720
404983904,I2_1,10000,3874
670344620,I2_2,20000,6902
745847522,I2_2,20000,6302
326026894,I2_1,10000,4808
459007293,I2_1,10000,6479
215117182,I2_1,10000,6905
864346814,I2_2,20000,5532
841753704,I2_1,10000,2677
915934197,I2_2,20000,5530
552372699,I2_2,20000,4687
572379213,I2_2,20000,5202
493670089,I2_1,10000,2733
783523878,I2_1,10000,2984
593545627,I2_2,20000,4638
544914974,I2_1,10000,5205
872013224,I2_1,10000,2971
628112717,I2_2,20000,4710
750793852,I2_1,10000,4076
700444949,I2_1,10000,2760
41084101,I2_1,10000,2703
608851968,I2_2,20000,5927
52337749,I2_2,20000,7318
89271515,I2_2,20000,6482
589075751,I2_1,10000,3636
278315095,I2_2,20000,6338
646211566,I2_1,10000,4531
596627451,I2_2,20000,6583
90639763,I2_2,20000,4753
990723051,I2_1,10000,5422
142279839,I2_2,20000,8324
13475615,I2_2,20000,4848
326458066,I2_1,10000,4233
732744168,I2_1,10000,3277
640702970,I2_1,10000,2737
773571607,I2_2,20000,5087
189576851,I2_1,10000,4066
225213742,I2_1,10000,3993
802831361,I2_1,10000,3621
478616374,I2_1,10000,3043
832344478,I2_2,20000,5461
273726289,I2_1,10000,4166
658586081,I2_1,10000,4728
334442469,I2_2,20000,4940
533061672,I2_2,20000,4743
876172625,I2_2,20000,5774
223029687,I2_1,10000,3167
916850585,I2_2,20000,5973
550217166,I2_2,20000,4762
165121493,I2_1,10000,4212
366789254,I2_2,20000,6735
587758588,I2_2,20000,4685
157350950,I2_1,10000,3121
390150508,I2_1,10000,2955
752276687,I2_2,20000,5218
279009922,I2_2,20000,4699
309382759,I2_1,10000,2796
48507300,I2_1,10000,3292
643560482,I2_2,20000,4953
446348855,I2_1,10000,2782
696909906,I2_1,10000,2865
73971541,I2_2,20000,4977
612116797,I2_2,20000,7211
464568447,I2_1,10000,3332
551665966,I2_1,10000,4951
313689054,I2_2,20000,10272
501129703,I2_2,20000,9182
565158682,I2_2,20000,11419
169131789,I2_2,20000,7390
197689677,I2_1,10000,2850
169271259,I2_2,20000,6439
338071377,I2_2,20000,8334
294528526,I2_1,10000,5196
616803371,I2_2,20000,9963
521118361,I2_2,20000,4737
130959690,I2_1,10000,4247
334185014,I2_1,10000,4192
322806484,I2_2,20000,4791
740582359,I2_1,10000,3247
802856136,I2_1,10000,3500
978886288,I2_2,20000,5437
549366130,I2_2,20000,7613
340841399,I2_1,10000,2927
698581926,I2_2,20000,4716
510926829,I2_1,10000,2769
734879899,I2_2,20000,5381
279802375,I2_1,10000,3856
763668698,I2_1,10000,3039
910636664,I2_2,20000,5144
157518055,I2_1,10000,4545
383234381,I2_1,10000,5457
736428140,I2_2,20000,8416
662480285,I2_2,20000,10568
578415560,I2_2,20000,12721
942674238,I2_1,10000,6013
931009749,I2_1,10000,5482
741859423,I2_2,20000,8427
204505227,I2_1,10000,2715
769395255,I2_2,20000,4684
547768589,I2_1,10000,4058
1141187,I2_2,20000,6376
495846710,I2_2,20000,4711
625991805,I2_1,10000,4099
713705867,I2_2,20000,4743
793917339,I2_2,20000,5667
389724099,I2_1,10000,3912
266629389,I2_2,20000,4702
5883382,I2_2,20000,4825
912864876,I2_1,10000,3162
704172995,I2_2,20000,5272
789532395,I2_2,20000,4774
69944248,I2_1,10000,3156
907901532,I2_2,20000,4719
664355916,I2_1,10000,3076
905350772,I2_1,10000,2707
440631392,I2_1,10000,2714
374232753,I2_2,20000,7208
994213991,I2_1,10000,5038
782855087,I2_1,10000,5114
963752384,I2_1,10000,6226
178418344,I2_2,20000,11346
982665218,I2_1,10000,6753
205188212,I2_1,10000,5156
284043035,I2_1,10000,6769
453455777,I2_2,20000,14518
758245051,I2_2,20000,12031
82848700,I2_2,20000,11147
320838094,I2_2,20000,10910
942135584,I2_2,20000,4659
956464290,I2_1,10000,3107
932735651,I2_2,20000,4770
788649668,I2_2,20000,4914
865062624,I2_2,20000,7110
752953644,I2_2,20000,9333
889688216,I2_2,20000,6883
237245084,I2_2,20000,7108
109423444,I2_2,20000,7068
384943137,I2_2,20000,6857
317533635,I2_2,20000,8502
518929313,I2_2,20000,8927
586979222,I2_1,10000,4879
492566414,I2_2,20000,5189
263949354,I2_2,20000,4793
870682461,I2_1,10000,4250
524147013,I2_1,10000,4342
727331773,I2_1,10000,2721
993304564,I2_2,20000,4730
515587608,I2_2,20000,5199
488077557,I2_1,10000,3618
377028904,I2_1,10000,3089
347988884,I2_1,10000,3175
734028663,I2_2,20000,5462
145046231,I2_2,20000,5850
724280642,I2_2,20000,5915
740157519,I2_1,10000,4278
712375765,I2_1,10000,6100
800623159,I2_2,20000,4679
436934931,I2_1,10000,2680
606217150,I2_2,20000,5559
817972046,I2_1,10000,2761
868656205,I2_1,10000,2684
216705422,I2_1,10000,2761
295866667,I2_1,10000,4411
701624770,I2_2,20000,5207
94575583,I2_1,10000,3964
661777211,I2_2,20000,6059
449022534,I2_2,20000,7781
975584010,I2_2,20000,8731
615248089,I2_1,10000,4044
794375871,I2_2,20000,9761
840480361,I2_1,10000,4234
670148102,I2_1,10000,3941
610607582,I2_2,20000,4703
531722307,I2_1,10000,2607
279802724,I2_1,10000,3644
428143788,I2_1,10000,3039
721415276,I2_2,20000,5267
614405914,I2_1,10000,2675
397327050,I2_2,20000,4782
334685330,I2_1,10000,5352
552390217,I2_2,20000,6901
624091501,I2_1,10000,3004
959414530,I2_1,10000,3638
553485230,I2_1,10000,2716
620674214,I2_1,10000,2816
925357637,I2_1,10000,2819
103589006,I2_1,10000,3302
87270588,I2_1,10000,4982
814938310,I2_2,20000,6837
843366817,I2_2,20000,6419
546433540,I2_2,20000,4711
183145632,I2_1,10000,3095
833739469,I2_2,20000,4898
176519555,I2_2,20000,6383
684506925,I2_2,20000,7129
583005152,I2_1,10000,5248
298414192,I2_1,10000,6535
961068998,I2_2,20000,9260
725325270,I2_1,10000,6539
234670471,I2_1,10000,6762
392782858,I2_2,20000,10290
21452628,I2_2,20000,11030
157048688,I2_2,20000,11542
162735795,I2_2,20000,13255
316015334,I2_2,20000,12875
772324410,I2_1,10000,4232
977902034,I2_1,10000,3444
318061941,I2_2,20000,4752
647384171,I2_2,20000,6598
447854388,I2_1,10000,3611
827171664,I2_1,10000,4115
285082126,I2_1,10000,3644
70921438,I2_2,20000,9842
931825458,I2_1,10000,2756
430771184,I2_1,10000,3067
801049367,I2_1,10000,2672
764539593,I2_1,10000,3016
543498057,I2_2,20000,4813
476896169,I2_1,10000,2698
803227252,I2_2,20000,4732
233487066,I2_1,10000,3107
17484523,I2_1,10000,3017
655538744,I2_1,10000,3181
842301996,I2_2,20000,5244
577179823,I2_1,10000,5796
153476046,I2_1,10000,6353
554036592,I2_2,20000,10156
621896336,I2_1,10000,4591
422308973,I2_2,20000,11158
806874429,I2_1,10000,5039
844460393,I2_1,10000,5500
18839640,I2_2,20000,11732
918873622,I2_1,10000,5473
895432990,I2_2,20000,12142
721020946,I2_2,20000,10181
837644609,I2_1,10000,5231
648430023,I2_1,10000,5403
913094257,I2_1,10000,3765
336208613,I2_1,10000,5036
209456918,I2_1,10000,5482
686977669,I2_1,10000,7185
196561925,I2_1,10000,6605
133044186,I2_2,20000,10442
124601466,I2_1,10000,5684
360784251,I2_2,20000,10722
927349145,I2_2,20000,12264
960042542,I2_2,20000,8287
646809210,I2_2,20000,9993
844464807,I2_1,10000,5144
57186774,I2_1,10000,3438
447833772,I2_2,20000,5211
576599429,I2_2,20000,5212
979627109,I2_1,10000,4600
324336376,I2_2,20000,6771
857199422,I2_2,20000,5577
497988376,I2_1,10000,2976
400097579,I2_2,20000,5738
718185127,I2_2,20000,4696
243392879,I2_1,10000,4236
141587537,I2_2,20000,4687
380622488,I2_2,20000,5657
878505503,I2_1,10000,2683
419190697,I2_2,20000,5180
766046988,I2_1,10000,3591
415528629,I2_1,10000,3138
203497706,I2_1,10000,3673
819429393,I2_1,10000,4234
625055277,I2_2,20000,5273
128350281,I2_1,10000,2946
701661629,I2_1,10000,3249
463285736,I2_1,10000,3167
928526969,I2_1,10000,3242
280883976,I2_1,10000,3852
14417607,I2_1,10000,3153
365374181,I2_1,10000,3130
270171942,I2_1,10000,2652
89752681,I2_1,10000,3117
730161646,I2_1,10000,2627
593054938,I2_1,10000,2743
740971971,I2_1,10000,2649
972112600,I2_1,10000,2677
997615614,I2_1,10000,2684
27680022,I2_2,20000,5089
260154813,I2_1,10000,3053
515289401,I2_1,10000,2693
629795893,I2_1,10000,3886
766582596,I2_2,20000,4670
277150145,I2_2,20000,6199
223925516,I2_2,20000,5830
982551180,I2_2,20000,6856
879794460,I2_1,10000,6256
360033434,I2_1,10000,6734
632594032,I2_2,20000,10086
690135013,I2_2,20000,11331
446285977,I2_2,20000,7158
219678536,I2_2,20000,4823
937733983,I2_1,10000,3440
542369230,I2_1,10000,3651
794488440,I2_2,20000,6231
358928623,I2_2,20000,5623
158179202,I2_1,10000,4050
559200681,I2_2,20000,4666
374257074,I2_1,10000,4207
549712164,I2_2,20000,4734
287734702,I2_2,20000,5268
845227355,I2_1,10000,3655
892631232,I2_2,20000,5928
398181556,I2_2,20000,6987
802868647,I2_1,10000,2797
92238426,I2_1,10000,4493
451902316,I2_2,20000,5157
128596706,I2_1,10000,4770
552283963,I2_1,10000,3331
374881980,I2_1,10000,2678
455371709,I2_1,10000,3934
945635148,I2_2,20000,4792
424806892,I2_1,10000,4207
16344476,I2_1,10000,2697
948359335,I2_1,10000,3147
581824941,I2_1,10000,4289
552300122,I2_2,20000,6007
607820762,I2_1,10000,6563
66713585,I2_1,10000,4209
757743600,I2_2,20000,7417
549798569,I2_2,20000,7703
58545978,I2_1,10000,5344
415035275,I2_1,10000,6505
481869358,I2_1,10000,2730
881572776,I2_2,20000,4727
742669253,I2_2,20000,4756
674172877,I2_1,10000,4228
942872465,I2_1,10000,4133
641001575,I2_1,10000,3132
551668433,I2_1,10000,2733
115811713,I2_1,10000,3904
630025956,I2_1,10000,3263
33647224,I2_2,20000,4732
313184954,I2_1,10000,4139
703337118,I2_1,10000,2833
370731884,I2_1,10000,2820
695487573,I2_1,10000,2858
327969444,I2_2,20000,5273
649999928,I2_1,10000,2699
65913895,I2_1,10000,4235
971655011,I2_2,20000,5661
602748715,I2_2,20000,8267
158792943,I2_2,20000,10524
439975213,I2_1,10000,5531
421819517,I2_2,20000,11079
674690572,I2_2,20000,7805
602072102,I2_1,10000,6634
269349037,I2_1,10000,7261
507940088,I2_2,20000,8390
63460069,I2_2,20000,6189
122113997,I2_1,10000,2663
641997086,I2_1,10000,2583
222349651,I2_1,10000,3042
839718558,I2_1,10000,3966
134423793,I2_2,20000,6945
193345615,I2_1,10000,2684
686099961,I2_1,10000,2728
201397628,I2_1,10000,3570
64905643,I2_2,20000,5723
652444095,I2_2,20000,7412
589545129,I2_2,20000,6287
872925168,I2_1,10000,2686
697571324,I2_1,10000,2703
153472885,I2_2,20000,4751
303466813,I2_1,10000,5322
310793832,I2_1,10000,5193
601130363,I2_2,20000,7858
635911276,I2_1,10000,2691
147107288,I2_2,20000,5336
774839746,I2_1,10000,2741
162940401,I2_1,10000,2693
891603758,I2_1,10000,2804
959342565,I2_1,10000,3159
692275047,I2_1,10000,2999
507724771,I2_2,20000,4735
295087925,I2_1,10000,4164
480502129,I2_1,10000,5089
830931311,I2_1,10000,5714
183039591,I2_2,20000,8836
79796499,I2_2,20000,5693
599571435,I2_2,20000,7793
879382548,I2_2,20000,5230
347196180,I2_1,10000,5706
908360463,I2_1,10000,6353
681769134,I2_1,10000,4701
880766278,I2_2,20000,9217
707198616,I2_1,10000,4050
44667724,I2_1,10000,4568
69688687,I2_2,20000,12487
785482248,I2_2,20000,9598
945306409,I2_2,20000,11641
556066901,I2_1,10000,6647
829787173,I2_2,20000,12790
582187592,I2_2,20000,13813
519411970,I2_1,10000,6082
519548766,I2_2,20000,15365
529922137,I2_2,20000,10983
517420957,I2_2,20000,11674
221000114,I2_1,10000,6175
25167439,I2_2,20000,5729
310378307,I2_1,10000,3941
164127110,I2_2,20000,4624
423871555,I2_1,10000,4059
361885443,I2_2,20000,5127
846929302,I2_1,10000,3557
492589905,I2_2,20000,5803
586619915,I2_2,20000,7982
151641838,I2_1,10000,2950
505950375,I2_2,20000,7414
548762765,I2_1,10000,4322
631804384,I2_1,10000,5442
947890089,I2_2,20000,7588
184661544,I2_1,10000,6037
426257361,I2_1,10000,5345
371818979,I2_1,10000,5789
397367045,I2_1,10000,3034
470282751,I2_1,10000,2611
88791093,I2_1,10000,3025
933116376,I2_2,20000,5536
697044778,I2_1,10000,3136
453375120,I2_1,10000,3825
366091569,I2_2,20000,4741
255257114,I2_2,20000,4778
667723174,I2_2,20000,4789
8714973,I2_1,10000,2772
854209988,I2_1,10000,3860
825865192,I2_2,20000,5809
390079922,I2_2,20000,5274
654623417,I2_1,10000,5853
569749889,I2_1,10000,6341
828684140,I2_1,10000,4710
297804601,I2_2,20000,9142
352984222,I2_2,20000,7267
774784515,I2_2,20000,4784
828435875,I2_2,20000,4691
512617185,I2_1,10000,2805
120275310,I2_2,20000,5103
201484513,I2_1,10000,5182
376533402,I2_1,10000,2740
672787653,I2_1,10000,3946
497745676,I2_1,10000,2734
343482458,I2_2,20000,4761
776249994,I2_2,20000,4744
752804606,I2_1,10000,4019
937511293,I2_2,20000,4760
489417973,I2_1,10000,4159
205095623,I2_1,10000,2724
194634054,I2_2,20000,5051
839901717,I2_1,10000,9594
47156904,I2_1,10000,10048
830324148,I2_1,10000,8088
513525872,I2_1,10000,3851
938544967,I2_1,10000,2751
662634525,I2_1,10000,3205
688605078,I2_2,20000,5347
726348344,I2_2,20000,7560
91807059,I2_2,20000,7817
677082366,I2_1,10000,5066
383774513,I2_1,10000,4411
382653284,I2_2,20000,10442
586525658,I2_1,10000,5498
241433683,I2_2,20000,13518
976041630,I2_2,20000,10058
707429643,I2_2,20000,4788
962068826,I2_1,10000,4316
500986764,I2_1,10000,4980
227048236,I2_2,20000,5400
674063158,I2_1,10000,4780
138073622,I2_2,20000,5212
368253194,I2_2,20000,6371
259560081,I2_1,10000,3052
76071245,I2_1,10000,3317
605450117,I2_1,10000,2777
731740476,I2_2,20000,5788
825126718,I2_1,10000,3159
115886937,I2_1,10000,3370
446652195,I2_1,10000,3132
567113381,I2_2,20000,5875
961222962,I2_1,10000,6394
331746693,I2_1,10000,5047
192402096,I2_1,10000,5550
92158802,I2_2,20000,8931
81763713,I2_2,20000,9381
125124107,I2_2,20000,5037
102823232,I2_2,20000,5279
446904503,I2_1,10000,3759
348165815,I2_2,20000,7093
130565901,I2_1,10000,4518
431757410,I2_1,10000,4000
153385987,I2_2,20000,10974
99153259,I2_1,10000,5524
346331742,I2_2,20000,12935
333090611,I2_2,20000,15013
115042728,I2_1,10000,2649
347444040,I2_1,10000,2965
905746000,I2_2,20000,4844
952320131,I2_1,10000,4752
793112048,I2_2,20000,6972
318816086,I2_1,10000,4091
434307138,I2_1,10000,5760
340595885,I2_2,20000,12055
903941237,I2_2,20000,9771
740735953,I2_1,10000,6144
208148875,I2_2,20000,10751
768081843,I2_2,20000,8398
246790765,I2_1,10000,5077
202571778,I2_1,10000,4529
18160381,I2_1,10000,5617
676960312,I2_1,10000,4035
659910421,I2_2,20000,10870
358553049,I2_1,10000,5286
144356521,I2_1,10000,5348
920035164,I2_1,10000,3730
71555970,I2_2,20000,5648
891728821,I2_1,10000,5120
641470245,I2_2,20000,4627
419559923,I2_2,20000,5626
926580752,I2_2,20000,6656
186218070,I2_2,20000,5010
333580365,I2_1,10000,3326
160250191,I2_2,20000,7671
982406843,I2_2,20000,5067
775325877,I2_1,10000,4318
99995000,I2_2,20000,7820
651109675,I2_1,10000,3435
185520703,I2_2,20000,8598
984669336,I2_1,10000,2885
544893765,I2_2,20000,5472
263430825,I2_1,10000,2892
586145824,I2_2,20000,4791
93511431,I2_2,20000,5466
824446274,I2_1,10000,2894
661810573,I2_2,20000,5954
920064332,I2_2,20000,4625
927432715,I2_2,20000,5360
626350104,I2_1,10000,3500
813113888,I2_2,20000,5557
772906227,I2_2,20000,5721
962712149,I2_1,10000,2694
800312534,I2_1,10000,3754
424626700,I2_1,10000,2906
178234545,I2_1,10000,2608
70845026,I2_2,20000,5459
71560230,I2_2,20000,5707
418086901,I2_1,10000,6163
273568662,I2_1,10000,4573
346793513,I2_2,20000,7139
526228221,I2_1,10000,4355
725425490,I2_2,20000,7791
861782391,I2_2,20000,8850
41137973,I2_1,10000,3959
114180863,I2_1,10000,2661
881455053,I2_1,10000,2609
244466490,I2_1,10000,2907
241975618,I2_1,10000,3667
138682108,I2_2,20000,5605
836850802,I2_1,10000,4923
92403160,I2_2,20000,4526
233588098,I2_1,10000,2608
317091087,I2_2,20000,5518
67321249,I2_1,10000,3474
937754815,I2_2,20000,5706
90191762,I2_2,20000,4551
432791957,I2_2,20000,5439
981253932,I2_2,20000,4652
810324662,I2_1,10000,2619
481760888,I2_1,10000,2666
929351379,I2_1,10000,2729
334017897,I2_2,20000,5119
18020780,I2_1,10000,2668
515190187,I2_2,20000,4776
177726791,I2_1,10000,4218
889574959,I2_2,20000,4723
742149717,I2_1,10000,2891
543941483,I2_2,20000,5488
592057241,I2_1,10000,2861
305036818,I2_2,20000,5286
915193499,I2_1,10000,4706
813989115,I2_1,10000,4225
516201489,I2_2,20000,6813
99780312,I2_1,10000,2791
372594194,I2_1,10000,3705
783887599,I2_2,20000,5940
55552664,I2_1,10000,3075
850854792,I2_1,10000,4610
851383574,I2_2,20000,10073
587968448,I2_2,20000,11568
322730527,I2_1,10000,4255
653531217,I2_2,20000,6893
516455229,I2_1,10000,3995
724135484,I2_2,20000,6568
299973173,I2_1,10000,2804
735116618,I2_2,20000,5556
193090685,I2_2,20000,4730
828385124,I2_2,20000,4763
312716202,I2_1,10000,3996
592133847,I2_2,20000,5552
440937127,I2_1,10000,6114
367087495,I2_2,20000,4850
401768961,I2_1,10000,4287
146514917,I2_2,20000,4810
882429922,I2_1,10000,5480
52171243,I2_1,10000,4621
486869431,I2_2,20000,6842
953008972,I2_2,20000,7544
140797665,I2_2,20000,7348
881997813,I2_1,10000,4677
446144497,I2_1,10000,4094
767914313,I2_1,10000,2732
872282880,I2_2,20000,5561
970098476,I2_2,20000,4742
240739156,I2_1,10000,3814
237511453,I2_1,10000,4993
247759418,I2_1,10000,6234
256775980,I2_1,10000,2720
226346236,I2_1,10000,2745
270502836,I2_2,20000,4761
713799085,I2_2,20000,6721
6112159,I2_1,10000,3122
203603905,I2_1,10000,2737
474426318,I2_1,10000,3067
357179817,I2_1,10000,2710
365862930,I2_2,20000,4857
163971109,I2_2,20000,5883
541285110,I2_1,10000,2745
859847606,I2_1,10000,3106
707030963,I2_1,10000,3658
321577144,I2_1,10000,3051
893106224,I2_2,20000,4681
586105215,I2_1,10000,2730
520629755,I2_2,20000,4915
965083725,I2_1,10000,3333
30455528,I2_2,20000,8785
615950681,I2_2,20000,9653
538649824,I2_1,10000,5475
212104375,I2_2,20000,9073
332926784,I2_2,20000,10815
556587669,I2_1,10000,3643
261052088,I2_1,10000,2776
698650217,I2_1,10000,2836
196207074,I2_1,10000,2723
510827155,I2_1,10000,2801
393427489,I2_2,20000,5466
313776755,I2_2,20000,5704
785408546,I2_1,10000,5750
798764152,I2_1,10000,4203
451702798,I2_1,10000,4220
273569289,I2_2,20000,5095
564965107,I2_2,20000,4783
828861624,I2_1,10000,5301
481619394,I2_1,10000,2771
279210011,I2_1,10000,2774
348202995,I2_1,10000,2760
548075523,I2_1,10000,2781
96422524,I2_1,10000,3561
106102367,I2_2,20000,4677
173416728,I2_2,20000,5331
390607615,I2_1,10000,3030
26847614,I2_2,20000,6756
206766492,I2_2,20000,5948
173689452,I2_2,20000,7210
431067500,I2_2,20000,5909
98098128,I2_2,20000,4792
48616236,I2_2,20000,5910
194616320,I2_1,10000,5355
516263138,I2_1,10000,4721
617641170,I2_1,10000,5914
963773622,I2_2,20000,9192
542244763,I2_1,10000,6301
339621619,I2_1,10000,4498
878453075,I2_1,10000,4473
169324324,I2_2,20000,12360
891458779,I2_1,10000,5057
167654719,I2_2,20000,4742
67996844,I2_2,20000,5446
76872295,I2_1,10000,2613
637615441,I2_2,20000,4780
792301662,I2_1,10000,5431
667375627,I2_2,20000,6869
123656756,I2_1,10000,3318
427344413,I2_1,10000,3182
338256263,I2_1,10000,2773
42023893,I2_1,10000,3317
634278428,I2_2,20000,4999
979591593,I2_2,20000,5114
762794774,I2_1,10000,2809
405943204,I2_2,20000,5260
506606926,I2_1,10000,3583
271566759,I2_2,20000,6879
581933340,I2_1,10000,5263
63652897,I2_1,10000,3424
340332092,I2_2,20000,7432
401811222,I2_2,20000,4856
499509909,I2_1,10000,4193
126451080,I2_1,10000,4426
201794342,I2_1,10000,4936
543514925,I2_2,20000,4890
492066700,I2_2,20000,6929
228277278,I2_1,10000,2721
164029303,I2_2,20000,5190
522813145,I2_1,10000,3090
431646026,I2_2,20000,6400
250065216,I2_2,20000,7494
471235960,I2_1,10000,3595
581027027,I2_2,20000,8089
293905639,I2_1,10000,5573
693097514,I2_1,10000,6084
12789309,I2_2,20000,11442
829081254,I2_2,20000,13783
875557654,I2_2,20000,14231
874902067,I2_1,10000,5895
286657904,I2_1,10000,6417
950585356,I2_1,10000,8089
749960554,I2_2,20000,8550
960874273,I2_2,20000,8821
284784818,I2_1,10000,3925
919023257,I2_2,20000,6037
843205517,I2_2,20000,5510
422965527,I2_2,20000,7100
590343987,I2_2,20000,5460
899131180,I2_1,10000,2678
868333505,I2_1,10000,2914
912055190,I2_2,20000,5159
610734969,I2_1,10000,2875
865429349,I2_2,20000,5472
895751558,I2_1,10000,3921
673427357,I2_1,10000,4851
930998800,I2_2,20000,5514
98390477,I2_2,20000,5337
406738749,I2_1,10000,3597
661798393,I2_1,10000,3622
488832276,I2_1,10000,2984
258336767,I2_2,20000,5603
234022564,I2_1,10000,6123
392788598,I2_1,10000,4646
360644782,I2_2,20000,6850
85780145,I2_1,10000,5088
547296670,I2_2,20000,7992
888585645,I2_2,20000,6638
520885286,I2_1,10000,6100
254664339,I2_2,20000,7723
599728511,I2_1,10000,3836
373760893,I2_2,20000,7894
472484380,I2_1,10000,4349
187420686,I2_1,10000,3037
374297086,I2_2,20000,5270
355318189,I2_2,20000,4742
167656029,I2_2,20000,7011
575082014,I2_1,10000,3981
304292121,I2_2,20000,10972
73287810,I2_1,10000,4597
178265253,I2_1,10000,5188
906688842,I2_1,10000,6812
76983879,I2_2,20000,8697
123069610,I2_2,20000,8154
267719854,I2_1,10000,4776
829484079,I2_2,20000,5308
324427848,I2_1,10000,2870
335671026,I2_1,10000,3963
802363316,I2_1,10000,5353
170385906,I2_1,10000,2694
714078141,I2_2,20000,4800
795268021,I2_2,20000,5784
310219203,I2_2,20000,4652
558400756,I2_1,10000,2736
596062028,I2_1,10000,3541
426608464,I2_2,20000,4722
939642746,I2_1,10000,4161
462223768,I2_1,10000,5199
625265956,I2_1,10000,3810
175053847,I2_1,10000,3026
214730500,I2_2,20000,5780
778618327,I2_1,10000,3617
900100204,I2_1,10000,4221
915165043,I2_1,10000,5958
353391470,I2_2,20000,7882
693567604,I2_2,20000,5980
463226072,I2_1,10000,4635
387963761,I2_1,10000,4359
552219171,I2_1,10000,5526
289134029,I2_2,20000,4780
712284598,I2_1,10000,2678
838196994,I2_2,20000,5298
989317887,I2_2,20000,5265
881831245,I2_2,20000,8548
324018826,I2_2,20000,7970
874676698,I2_1,10000,4942
507641436,I2_1,10000,5429
33199938,I2_2,20000,9002
680468687,I2_2,20000,10782
146517795,I2_1,10000,3676
379054996,I2_1,10000,4714
406520698,I2_1,10000,3535
778867119,I2_2,20000,9356
472762059,I2_2,20000,5557
877371916,I2_2,20000,5124
836078109,I2_1,10000,5660
217921314,I2_1,10000,4132
399345609,I2_2,20000,6943
914817674,I2_1,10000,3052
850187744,I2_2,20000,4679
286938335,I2_1,10000,3127
737331326,I2_2,20000,4858
59254771,I2_1,10000,3990
776952975,I2_2,20000,6524
222048915,I2_2,20000,5792
299606073,I2_1,10000,4110
667871182,I2_1,10000,5782
324528440,I2_2,20000,8780
759372053,I2_2,20000,6675
30257470,I2_1,10000,6594
557687725,I2_2,20000,5265
998985953,I2_1,10000,2888
912055484,I2_2,20000,5527
223483924,I2_2,20000,4721
476245020,I2_1,10000,3103
743103215,I2_2,20000,4782
508088243,I2_1,10000,5332
498391778,I2_1,10000,3806
173764070,I2_1,10000,3030
888061928,I2_1,10000,2711
295208766,I2_1,10000,2899
179265382,I2_1,10000,2712
697900324,I2_1,10000,2671
89406931,I2_1,10000,2670
756243202,I2_1,10000,2801
617721451,I2_2,20000,5399
138014122,I2_1,10000,2765
639760164,I2_2,20000,6005
359414739,I2_2,20000,4734
291019066,I2_1,10000,3193
600934023,I2_2,20000,4803
216732999,I2_1,10000,3081
462762144,I2_2,20000,4750
653892343,I2_2,20000,5654
859757048,I2_2,20000,4775
982778089,I2_1,10000,4184
284900095,I2_2,20000,5632
298342251,I2_1,10000,3789
477429800,I2_1,10000,3181
609186465,I2_2,20000,6537
5507728,I2_1,10000,4688
442626237,I2_1,10000,3393
973036704,I2_2,20000,10902
182722770,I2_1,10000,5043
869896824,I2_1,10000,5031
143879235,I2_2,20000,12972
270313088,I2_1,10000,2739
699787671,I2_1,10000,2875
316988062,I2_1,10000,2972
554757482,I2_1,10000,2897
838901812,I2_1,10000,4530
14385542,I2_2,20000,4776
275224750,I2_1,10000,5148
329848640,I2_1,10000,4529
365994729,I2_2,20000,6886
404143928,I2_2,20000,9208
110165619,I2_2,20000,8158
320577857,I2_1,10000,5330
902293683,I2_1,10000,5882
519024069,I2_1,10000,5356
333205253,I2_1,10000,5822
761799526,I2_2,20000,7009
477307049,I2_1,10000,3626
864534803,I2_1,10000,3713
687391713,I2_1,10000,5134
931287347,I2_2,20000,7349
798904278,I2_2,20000,6178
317374364,I2_2,20000,5912
802273821,I2_1,10000,2678
879580641,I2_1,10000,3243
457918773,I2_2,20000,4837
245477505,I2_2,20000,4598
713464905,I2_2,20000,4570
140963295,I2_1,10000,2776
979822686,I2_1,10000,3532
310714223,I2_2,20000,5401
630016794,I2_2,20000,7447
539330055,I2_1,10000,2796
991453251,I2_2,20000,5366
855804839,I2_1,10000,4785
786282599,I2_1,10000,4171
449871187,I2_2,20000,7453
534158335,I2_2,20000,10236
641870658,I2_2,20000,10138
779910780,I2_1,10000,4536
879586452,I2_2,20000,12719
252021845,I2_2,20000,9890
305517030,I2_2,20000,9969
134108767,I2_2,20000,12029
470315461,I2_1,10000,2634
60503605,I2_1,10000,2684
368579193,I2_2,20000,5283
289838376,I2_1,10000,2617
533734366,I2_1,10000,2588
684342648,I2_1,10000,3082
799720553,I2_1,10000,3798
916990990,I2_1,10000,4883
714954618,I2_1,10000,4790
266891606,I2_2,20000,4771
9281454,I2_2,20000,4712
953487160,I2_1,10000,3498
843059123,I2_2,20000,4768
899316867,I2_2,20000,4858
589372402,I2_1,10000,4448
784150921,I2_1,10000,4992
536856741,I2_1,10000,6140
29925358,I2_2,20000,8581
337528307,I2_1,10000,5993
619958210,I2_1,10000,4917
906961479,I2_2,20000,4979
679747295,I2_1,10000,3659
668870760,I2_2,20000,6456
154023136,I2_2,20000,7464
614883066,I2_2,20000,5151
502807912,I2_1,10000,3006
653425375,I2_2,20000,4643
402012427,I2_1,10000,3077
268155340,I2_2,20000,5212
91684671,I2_2,20000,5861
40413286,I2_2,20000,7283
246979936,I2_1,10000,5606
773557460,I2_2,20000,6923
158297097,I2_1,10000,4263
129867680,I2_2,20000,9148
260158246,I2_1,10000,5838
689397523,I2_1,10000,6322
808126101,I2_1,10000,5187
299109899,I2_2,20000,12192
869335720,I2_1,10000,3240
991868160,I2_2,20000,4769
775085316,I2_1,10000,3205
267148925,I2_1,10000,3704
390408757,I2_1,10000,4586
785690744,I2_2,20000,7203
287233806,I2_1,10000,2737
696509228,I2_1,10000,3054
624727340,I2_1,10000,2758
490932818,I2_2,20000,5374
554446351,I2_1,10000,3750
820701023,I2_1,10000,4871
658879070,I2_1,10000,2880
742296044,I2_1,10000,2879
529719759,I2_1,10000,2725
162356275,I2_1,10000,2972
648172274,I2_2,20000,4659
42059536,I2_1,10000,4103
348123436,I2_2,20000,5554
42543180,I2_2,20000,4746
84356073,I2_2,20000,4686
30530604,I2_2,20000,4967
979550143,I2_2,20000,4785
251004521,I2_2,20000,6911
370555267,I2_1,10000,3128
156002622,I2_1,10000,3655
399618983,I2_1,10000,4298
548914746,I2_2,20000,6589
717135567,I2_1,10000,5274
238271308,I2_1,10000,4035
338450100,I2_1,10000,2983
815379084,I2_2,20000,5889
531173459,I2_2,20000,5790
885642155,I2_1,10000,3380
984192875,I2_2,20000,7504
667465038,I2_2,20000,9340
849538574,I2_1,10000,4272
187528328,I2_2,20000,6103
115920138,I2_2,20000,4700
347315253,I2_1,10000,2654
504474910,I2_2,20000,4843
583723529,I2_2,20000,5886
186605719,I2_2,20000,5168
726936675,I2_2,20000,6781
502433687,I2_1,10000,6318
625717450,I2_2,20000,8502
853362406,I2_2,20000,7997
396391160,I2_2,20000,7756
524010824,I2_1,10000,5455
989524611,I2_2,20000,9218
485209453,I2_2,20000,6468
176145584,I2_2,20000,5733
716297888,I2_2,20000,4771
669744737,I2_2,20000,5260
873990906,I2_1,10000,3598
917471891,I2_1,10000,4124
630543967,I2_2,20000,5062
294889677,I2_1,10000,4732
112984343,I2_2,20000,6974
63081883,I2_2,20000,5741
978643565,I2_1,10000,5147
928443522,I2_2,20000,8403
749123820,I2_2,20000,9668
979808680,I2_1,10000,2814
178559373,I2_2,20000,5648
978811291,I2_2,20000,7261
968105168,I2_2,20000,6275
274576994,I2_1,10000,5647
20054723,I2_2,20000,5620
172125976,I2_1,10000,2896
12535382,I2_1,10000,2982
227110893,I2_2,20000,6424
396433937,I2_1,10000,4192
131481872,I2_2,20000,4691
746004519,I2_2,20000,5163
550057844,I2_1,10000,3062
488302848,I2_1,10000,3303
816878567,I2_1,10000,3708
223101562,I2_1,10000,2817
451925826,I2_1,10000,4463
580724017,I2_1,10000,3765
155131113,I2_2,20000,6163
393702387,I2_2,20000,4734
919472902,I2_2,20000,6948
23855743,I2_1,10000,2954
342860781,I2_1,10000,3709
524890061,I2_2,20000,4919
805914936,I2_1,10000,2745
967153526,I2_2,20000,4792
329718683,I2_1,10000,3167
307073875,I2_2,20000,4839
979499854,I2_1,10000,4287
5937389,I2_1,10000,2807
969726995,I2_2,20000,5208
152046941,I2_1,10000,2971
797525452,I2_2,20000,6000
10586745,I2_2,20000,4848
759140835,I2_2,20000,7120
915390290,I2_1,10000,3088
117005003,I2_2,20000,5364
942044145,I2_2,20000,7557
551387084,I2_2,20000,6887
805603486,I2_1,10000,4301
922365881,I2_2,20000,7920
8238718,I2_1,10000,4838
65239499,I2_1,10000,5087
709654088,I2_1,10000,3153
119831974,I2_2,20000,4886
942413088,I2_1,10000,5447
851656184,I2_1,10000,7067
854148908,I2_1,10000,5465
545819845,I2_2,20000,5831
685385706,I2_1,10000,2722
535498452,I2_1,10000,3144
223558376,I2_1,10000,2812
579571953,I2_1,10000,3876
743768630,I2_1,10000,2842
5967709,I2_2,20000,5118
296062829,I2_1,10000,5201
756527874,I2_1,10000,3634
252426795,I2_1,10000,3030
534199125,I2_2,20000,5272
861508681,I2_2,20000,4897
853551730,I2_2,20000,7604
771372000,I2_1,10000,3704
886154258,I2_2,20000,8027
622226060,I2_2,20000,7975
446328844,I2_1,10000,3736
238188894,I2_2,20000,5197
64507709,I2_1,10000,4842
104134546,I2_2,20000,8269
714145446,I2_1,10000,5276
669598499,I2_1,10000,5355
7066844,I2_2,20000,8777
661267740,I2_1,10000,5881
740628676,I2_1,10000,5192
273093915,I2_2,20000,12587
228607708,I2_1,10000,5586
284506754,I2_2,20000,14394
516853098,I2_2,20000,11885
946951113,I2_2,20000,5629
939226737,I2_2,20000,4742
985509821,I2_2,20000,4832
478932674,I2_1,10000,3061
866997058,I2_1,10000,3938
878269232,I2_1,10000,2737
233441432,I2_1,10000,2728
158317282,I2_1,10000,2768
173931702,I2_1,10000,3163
490732830,I2_1,10000,2687
201786895,I2_1,10000,2748
684906470,I2_1,10000,2899
386624572,I2_1,10000,3563
202513605,I2_2,20000,4867
852360076,I2_2,20000,7088
608509157,I2_1,10000,5842
26785532,I2_1,10000,5494
141253265,I2_1,10000,5384
990096110,I2_2,20000,4819
130261959,I2_1,10000,3148
630292591,I2_1,10000,2713
789148982,I2_1,10000,2723
923559171,I2_1,10000,2753
867453018,I2_2,20000,5765
914510069,I2_1,10000,2700
838494580,I2_1,10000,2861
526166832,I2_2,20000,5832
359078086,I2_1,10000,3730
455078293,I2_1,10000,3200
371424617,I2_1,10000,3411
913754724,I2_1,10000,3335
556420299,I2_2,20000,5338
897609168,I2_2,20000,7002
76007118,I2_2,20000,9118
382763597,I2_1,10000,5495
826517920,I2_2,20000,11485
992791511,I2_1,10000,5075
874706124,I2_1,10000,4070
453883821,I2_2,20000,5739
779863852,I2_2,20000,6223
196493360,I2_2,20000,5158
779053815,I2_1,10000,4463
916499631,I2_2,20000,7963
410967956,I2_2,20000,5280
56874088,I2_1,10000,3553
646153327,I2_2,20000,5833
335973351,I2_1,10000,3554
620991049,I2_1,10000,3333
769693336,I2_2,20000,5531
843506574,I2_1,10000,2776
52407977,I2_1,10000,2714
820313654,I2_1,10000,2727
689715944,I2_2,20000,4717
840149670,I2_1,10000,2720
180401456,I2_2,20000,4779
257615755,I2_1,10000,4200
585748118,I2_2,20000,6210
371348937,I2_1,10000,3641
991873501,I2_2,20000,6320
31305335,I2_1,10000,4581
740049611,I2_2,20000,7963
115945587,I2_2,20000,4814
175513701,I2_1,10000,4193
185264952,I2_1,10000,2805
993303793,I2_1,10000,2951
941457995,I2_1,10000,2779
12228678,I2_2,20000,5635
496875353,I2_2,20000,4910
61812709,I2_2,20000,7046
794174203,I2_1,10000,2952
431198245,I2_2,20000,5715
350145017,I2_1,10000,2776
729333170,I2_2,20000,5710
233285675,I2_1,10000,5221
958739105,I2_2,20000,5217
460170965,I2_1,10000,4660
509290619,I2_1,10000,3579
559658803,I2_2,20000,4782
809236421,I2_2,20000,6917
635648229,I2_1,10000,4032
936524216,I2_2,20000,4806
628816445,I2_1,10000,2779
571720287,I2_2,20000,5499
264925759,I2_1,10000,2942
718194788,I2_2,20000,5963
81417641,I2_2,20000,5896
122963285,I2_1,10000,5304
875003792,I2_2,20000,6267
787021492,I2_1,10000,6134
858973742,I2_2,20000,7098
437536350,I2_2,20000,5623
660942311,I2_2,20000,4810
483247409,I2_2,20000,5875
507107458,I2_2,20000,4813
335478807,I2_1,10000,4222
690279544,I2_2,20000,6742
128666675,I2_1,10000,3038
342256493,I2_1,10000,3400
985048119,I2_1,10000,2700
530501621,I2_2,20000,4979
88702794,I2_1,10000,5440
746414209,I2_2,20000,8553
606857539,I2_1,10000,4187
336742252,I2_1,10000,3727
74247660,I2_1,10000,3152
318688198,I2_1,10000,3138
34229565,I2_2,20000,4857
547961695,I2_2,20000,4802
807667953,I2_1,10000,2771
861305565,I2_1,10000,3002
423381911,I2_2,20000,4750
92670870,I2_1,10000,3376
754683141,I2_1,10000,3021
973693239,I2_1,10000,4688
547097498,I2_2,20000,5080
398510680,I2_2,20000,5708
156730606,I2_2,20000,6288
207226459,I2_1,10000,4886
277858416,I2_1,10000,4450
680306650,I2_2,20000,9788
142397157,I2_2,20000,4781
826650529,I2_1,10000,3094
818838958,I2_1,10000,4087
327653408,I2_2,20000,5840
383335464,I2_2,20000,6430
456873282,I2_1,10000,5776
225782778,I2_1,10000,3969
637976363,I2_2,20000,9681
250235967,I2_1,10000,5697
646199043,I2_1,10000,6184
848947691,I2_1,10000,6459
727652141,I2_1,10000,5222
296286539,I2_1,10000,2796
838965982,I2_1,10000,3358
75424876,I2_2,20000,5977
597076275,I2_2,20000,5419
22177521,I2_1,10000,3299
127779093,I2_1,10000,2798
679523472,I2_1,10000,2786
257994982,I2_1,10000,2637
567073073,I2_2,20000,5381
570139759,I2_1,10000,4795
914184969,I2_1,10000,4222
261800239,I2_1,10000,4446
134627568,I2_2,20000,11135
714393104,I2_1,10000,5184
149535045,I2_2,20000,6025
507656338,I2_2,20000,8372
854161061,I2_1,10000,3070
397141421,I2_1,10000,4737
900184381,I2_2,20000,7355
987448029,I2_2,20000,5511
893313166,I2_1,10000,4352
99224794,I2_2,20000,8233
967357293,I2_2,20000,9139
748688009,I2_1,10000,2773
561669141,I2_2,20000,4716
282879318,I2_1,10000,4192
659931572,I2_1,10000,4135
407098548,I2_1,10000,5210
543659984,I2_1,10000,4623
674533561,I2_2,20000,8056
76085060,I2_2,20000,5289
694659060,I2_2,20000,5181
979141721,I2_2,20000,4619
750758562,I2_1,10000,5166
122854344,I2_1,10000,3592
43623578,I2_2,20000,6166
293335001,I2_2,20000,4653
546851306,I2_1,10000,5174
345062836,I2_1,10000,5035
437786377,I2_2,20000,5495
434784466,I2_2,20000,4665
6854800,I2_2,20000,4651
475787184,I2_2,20000,5602
332566750,I2_2,20000,4986
876806905,I2_1,10000,2925
23285902,I2_1,10000,3063
686617319,I2_2,20000,4543
745186781,I2_2,20000,5637
14691763,I2_1,10000,2590
377805708,I2_1,10000,2556
857909941,I2_2,20000,4657
232678857,I2_1,10000,2708
995688609,I2_1,10000,2991
693693760,I2_2,20000,4791
830513856,I2_1,10000,3116
367931009,I2_1,10000,3879
346444944,I2_2,20000,5358
655124006,I2_2,20000,5738
913732581,I2_1,10000,2761
868898122,I2_2,20000,6329
978146074,I2_2,20000,5756
911718677,I2_2,20000,6845
426006227,I2_2,20000,6902
780767993,I2_2,20000,5800
595865165,I2_2,20000,4666
123309698,I2_1,10000,2713
761538879,I2_1,10000,3067
493023308,I2_1,10000,4222
237630789,I2_1,10000,3587
125007896,I2_2,20000,5111
34432722,I2_2,20000,5215
333942381,I2_2,20000,4781
180943163,I2_1,10000,3324
115064631,I2_1,10000,4376
615141911,I2_1,10000,4608
29389499,I2_2,20000,5740
596293503,I2_2,20000,5402
767281422,I2_2,20000,6536
843403779,I2_2,20000,4759
407298179,I2_1,10000,4190
627748861,I2_1,10000,3321
790359727,I2_1,10000,3346
431098247,I2_1,10000,3859
878182097,I2_1,10000,4341
93103518,I2_2,20000,8595
402186065,I2_1,10000,3674
194838079,I2_1,10000,4254
191198177,I2_1,10000,4214
529984420,I2_1,10000,3726
564247085,I2_2,20000,4699
958579886,I2_2,20000,6851
897210150,I2_2,20000,4673
755083968,I2_1,10000,3030
117848081,I2_2,20000,4691
28451481,I2_1,10000,3576
288083486,I2_2,20000,5399
315961714,I2_2,20000,7422
643216351,I2_1,10000,4812
960358755,I2_1,10000,2734
948984768,I2_2,20000,4785
103052058,I2_2,20000,5784
64226706,I2_2,20000,7401
633600509,I2_2,20000,5561
826021298,I2_1,10000,6204
54710273,I2_2,20000,5197
149560293,I2_1,10000,4137
807595431,I2_2,20000,4775
178269548,I2_1,10000,2745
865284034,I2_1,10000,3809
801891895,I2_2,20000,5866
465664318,I2_1,10000,5367
743570055,I2_1,10000,5885
216536258,I2_1,10000,5930
246191996,I2_2,20000,10434
307076638,I2_1,10000,6416
348842067,I2_1,10000,6989
605469678,I2_1,10000,7377
957542556,I2_1,10000,8491
564883578,I2_2,20000,15309
911079280,I2_1,10000,6680
646467986,I2_2,20000,11300
324505459,I2_2,20000,9018
424995819,I2_2,20000,7400
353370765,I2_1,10000,5253
617330505,I2_1,10000,5226
384664045,I2_2,20000,8536
113173891,I2_1,10000,4414
53647861,I2_2,20000,10643
458354805,I2_2,20000,5594
174738449,I2_2,20000,4767
982849840,I2_2,20000,5771
491417342,I2_1,10000,2668
179434265,I2_2,20000,4778
539100192,I2_2,20000,5720
751696561,I2_1,10000,2761
999366945,I2_2,20000,5026
922729501,I2_1,10000,2734
757639946,I2_2,20000,4663
30896117,I2_2,20000,4939
738483411,I2_1,10000,4366
324244935,I2_1,10000,4340
154689909,I2_2,20000,9091
208227000,I2_1,10000,5251
794279341,I2_2,20000,5676
116411240,I2_2,20000,6796
277455327,I2_2,20000,5741
530746457,I2_2,20000,5830
850735702,I2_2,20000,5896
147904517,I2_1,10000,3235
736734063,I2_1,10000,3425
27221047,I2_2,20000,5136
608548745,I2_2,20000,5009
795464292,I2_1,10000,2719
186622825,I2_1,10000,2748
87643538,I2_1,10000,2817
361962126,I2_1,10000,3645
793112745,I2_2,20000,4696
264082576,I2_2,20000,4769
783194446,I2_1,10000,4284
940232308,I2_2,20000,7982
421555940,I2_1,10000,3266
202750044,I2_1,10000,3527
860129046,I2_1,10000,2923
66759517,I2_1,10000,2771
961537282,I2_1,10000,2820
785975829,I2_2,20000,6122
596178500,I2_2,20000,5012
931141881,I2_2,20000,6093
886334921,I2_1,10000,3972
188657336,I2_1,10000,3859
530596402,I2_2,20000,4778
105472274,I2_2,20000,4824
509777697,I2_2,20000,5721
299580423,I2_1,10000,2860
912009171,I2_1,10000,4035
153342935,I2_1,10000,2860
436134841,I2_2,20000,4814
350052546,I2_1,10000,2842
310961826,I2_1,10000,3295
888504673,I2_2,20000,5088
482943140,I2_2,20000,5684
792079294,I2_1,10000,4640
139228419,I2_2,20000,4824
804361221,I2_2,20000,7004
211187482,I2_2,20000,8110
555445143,I2_1,10000,5054
298741332,I2_1,10000,5486
644507544,I2_2,20000,9168
933826546,I2_2,20000,9791
104185940,I2_1,10000,2860
987018706,I2_2,20000,5856
603704780,I2_1,10000,4696
739508456,I2_1,10000,4076
606781126,I2_2,20000,6652
347652433,I2_1,10000,3017
606161068,I2_2,20000,4705
725090778,I2_1,10000,3079
406082156,I2_1,10000,2750
786422917,I2_1,10000,3380
13261752,I2_1,10000,4265
263626745,I2_2,20000,7218
952648023,I2_2,20000,4761
981507246,I2_2,20000,5776
425029366,I2_2,20000,4744
692773528,I2_1,10000,5348
539796172,I2_2,20000,4829
72885047,I2_1,10000,5442
587926991,I2_1,10000,4561
241338249,I2_1,10000,2838
606655459,I2_2,20000,5453
132699366,I2_1,10000,3801
590138216,I2_2,20000,6443
218984759,I2_2,20000,5102
965542521,I2_1,10000,3644
898659588,I2_2,20000,5317
160030927,I2_1,10000,3516
281456504,I2_2,20000,4771
275874470,I2_2,20000,6983
423518311,I2_1,10000,3351
605549771,I2_1,10000,3328
502522079,I2_2,20000,5935
960993006,I2_1,10000,4742
828847535,I2_2,20000,8961
25108669,I2_1,10000,2975
231991710,I2_2,20000,4643
534949973,I2_1,10000,2700
523081122,I2_1,10000,3123
984573451,I2_2,20000,5799
606257150,I2_1,10000,5105
82698238,I2_2,20000,7286
746368960,I2_2,20000,7133
346633117,I2_2,20000,6608
14017931,I2_1,10000,2622
390995669,I2_2,20000,5771
766208057,I2_1,10000,4020
197236445,I2_2,20000,6531
686516862,I2_1,10000,5761
389402346,I2_1,10000,5236
839810687,I2_1,10000,5813
236476169,I2_2,20000,7190
512390734,I2_2,20000,7714
647813719,I2_2,20000,7802
245498660,I2_1,10000,5141
24710690,I2_2,20000,4628
563341236,I2_1,10000,4026
780089484,I2_2,20000,4719
399264451,I2_1,10000,2549
803401146,I2_2,20000,4575
832124230,I2_2,20000,5563
223698199,I2_2,20000,7663
506350304,I2_2,20000,6361
429788437,I2_2,20000,4526
637848571,I2_2,20000,5542
333654764,I2_2,20000,7587
809202234,I2_2,20000,5538
875566283,I2_2,20000,5631
72479922,I2_2,20000,5632
201767612,I2_1,10000,2782
556337253,I2_2,20000,5568
126616217,I2_2,20000,7213
636877008,I2_1,10000,3996
948271106,I2_2,20000,8435
629768645,I2_2,20000,6065
248377395,I2_2,20000,7408
286243216,I2_1,10000,4763
65910815,I2_1,10000,5409
882833441,I2_1,10000,3578
626639690,I2_2,20000,5093
193911117,I2_1,10000,4975
843029240,I2_1,10000,4908
521294700,I2_1,10000,2974
82186631,I2_1,10000,2562
992951964,I2_2,20000,4874
465019519,I2_2,20000,6953
680678467,I2_2,20000,6635
861806795,I2_1,10000,2751
197229979,I2_1,10000,2934
310982059,I2_1,10000,2590
354173866,I2_1,10000,2648
946640715,I2_1,10000,3493
626418849,I2_2,20000,5237
674026290,I2_2,20000,6170
499742704,I2_2,20000,5389
122142643,I2_2,20000,4550
817451140,I2_1,10000,2594
184247908,I2_1,10000,3307
549656206,I2_2,20000,4571
853737744,I2_2,20000,4600
250292887,I2_1,10000,3007
588902593,I2_2,20000,4851
780208726,I2_2,20000,4872
134055744,I2_1,10000,3286
76927118,I2_2,20000,5198
935463138,I2_1,10000,5380
697424013,I2_1,10000,4812
200494679,I2_2,20000,5917
493889332,I2_2,20000,8097
897806755,I2_2,20000,8007
446156958,I2_2,20000,5723
528179020,I2_1,10000,2729
750681574,I2_1,10000,3166
248113187,I2_1,10000,4222
132975902,I2_2,20000,5535
518474771,I2_2,20000,4723
345516626,I2_1,10000,2733
322668305,I2_1,10000,2866
810039541,I2_1,10000,3994
951236114,I2_1,10000,3472
859983624,I2_2,20000,6412
374851821,I2_2,20000,4855
322439625,I2_1,10000,4790
868375433,I2_1,10000,5327
369650751,I2_1,10000,3354
512473788,I2_1,10000,2881
168985427,I2_2,20000,5230
396674822,I2_1,10000,4621
318165971,I2_1,10000,3739
763609587,I2_2,20000,8144
485537141,I2_1,10000,5435
180536113,I2_2,20000,5763
654745416,I2_1,10000,3064
791531528,I2_2,20000,7585
959470304,I2_2,20000,5436
33359933,I2_1,10000,4874
91603183,I2_1,10000,4691
287321991,I2_1,10000,3661
800319029,I2_2,20000,8094
993166204,I2_1,10000,3128
765157496,I2_2,20000,5615
19377735,I2_1,10000,6113
489710979,I2_1,10000,3672
712727934,I2_1,10000,4726
613264915,I2_1,10000,3645
811085576,I2_2,20000,5596
543812225,I2_2,20000,7306
282797473,I2_2,20000,6313
274983381,I2_1,10000,5758
815359485,I2_2,20000,7834
504951284,I2_2,20000,8881
588802808,I2_2,20000,10993
876415256,I2_2,20000,10829
516342845,I2_1,10000,4422
952455285,I2_2,20000,11914
802167226,I2_1,10000,4565
438787148,I2_2,20000,4803
537205251,I2_2,20000,6269
584901006,I2_1,10000,5061
487522336,I2_2,20000,4740
529733498,I2_2,20000,4854
433250768,I2_1,10000,3053
215472080,I2_2,20000,4863
882551299,I2_1,10000,2672
198958501,I2_1,10000,3027
602770110,I2_2,20000,5419
724802573,I2_2,20000,5400
603355761,I2_1,10000,4826
345744878,I2_1,10000,4254
545234602,I2_1,10000,4209
656359786,I2_1,10000,2837
561154222,I2_1,10000,2776
775364791,I2_1,10000,2776
711968849,I2_2,20000,6231
458115501,I2_2,20000,5898
151109226,I2_2,20000,5869
781056944,I2_1,10000,6386
978782517,I2_1,10000,5774
73902990,I2_2,20000,6856
675140444,I2_2,20000,4799
136862415,I2_1,10000,4304
852814377,I2_1,10000,2789
599200183,I2_2,20000,6788
638064382,I2_2,20000,5138
20539106,I2_1,10000,3510
409002746,I2_2,20000,9737
32204499,I2_2,20000,5715
350883548,I2_1,10000,6376
56171919,I2_1,10000,3952
519011965,I2_2,20000,7461
280246948,I2_1,10000,3875
152905354,I2_2,20000,6211
916451079,I2_2,20000,8417
964226142,I2_2,20000,4961
936258451,I2_1,10000,3110
640803045,I2_2,20000,5396
967712223,I2_1,10000,4144
71899396,I2_2,20000,5177
225865386,I2_2,20000,6655
76153480,I2_1,10000,3267
420872579,I2_1,10000,3130
464568167,I2_2,20000,5882
218809452,I2_1,10000,5181
458418473,I2_1,10000,6924
573292333,I2_2,20000,10222
573400882,I2_2,20000,10105
226870629,I2_1,10000,5548
12444594,I2_1,10000,6785
208407057,I2_2,20000,14529
443123122,I2_1,10000,6082
29435868,I2_1,10000,6556
220060603,I2_2,20000,9759
43890902,I2_2,20000,11549
780240650,I2_2,20000,10814
24000891,I2_1,10000,5555
467405775,I2_1,10000,5031
937142728,I2_1,10000,4625
614284573,I2_1,10000,5790
499094788,I2_2,20000,8974
379385965,I2_1,10000,6703
433447489,I2_1,10000,6087
597461127,I2_1,10000,7099
277106393,I2_2,20000,13886
68826941,I2_2,20000,9737
414386869,I2_2,20000,5935
995956568,I2_2,20000,4609
644088535,I2_2,20000,4561
6598314,I2_1,10000,2618
336175874,I2_1,10000,2835
306748917,I2_2,20000,5072
60613762,I2_2,20000,4616
428308864,I2_1,10000,4028
740187149,I2_2,20000,5284
492361680,I2_1,10000,2622
385340212,I2_1,10000,3061
871540881,I2_2,20000,5899
57497074,I2_2,20000,4743
301490616,I2_1,10000,4185
677121547,I2_1,10000,3634
90832303,I2_2,20000,4666
934311668,I2_1,10000,3021
915992908,I2_2,20000,4693
731371113,I2_1,10000,2639
973629573,I2_1,10000,2762
829752740,I2_1,10000,3037
359413570,I2_1,10000,3699
378683927,I2_2,20000,5185
475810742,I2_2,20000,4812
308453009,I2_1,10000,4227
465404169,I2_1,10000,4306
977846968,I2_1,10000,2806
52190494,I2_1,10000,3905
768067405,I2_1,10000,3764
520840180,I2_1,10000,2861
897860528,I2_1,10000,3569
382811479,I2_2,20000,5447
919393296,I2_2,20000,6385
684709208,I2_1,10000,3546
309039946,I2_1,10000,3038
602724047,I2_1,10000,4353
547246817,I2_1,10000,3154
309780243,I2_1,10000,2732
484791814,I2_1,10000,3779
163349857,I2_2,20000,5028
445289672,I2_1,10000,3190
874157147,I2_1,10000,3060
359089800,I2_2,20000,4755
82342210,I2_1,10000,3143
852926218,I2_1,10000,4065
688157233,I2_1,10000,3986
836549867,I2_1,10000,5050
5363551,I2_2,20000,4810
888490615,I2_2,20000,5851
47881028,I2_2,20000,5150
998152033,I2_2,20000,4781
257830701,I2_2,20000,6870
331440743,I2_2,20000,5991
124293200,I2_2,20000,8191
556891776,I2_1,10000,5451
395086361,I2_2,20000,5682
997339721,I2_2,20000,4874
915820705,I2_2,20000,7086
303798847,I2_2,20000,5251
1135374,I2_1,10000,4062
190296653,I2_2,20000,4925
437647727,I2_1,10000,5291
718760156,I2_2,20000,6016
588444385,I2_2,20000,4680
468710200,I2_2,20000,5782
401170569,I2_1,10000,4075
348030258,I2_1,10000,3408
831050703,I2_2,20000,8054
400734063,I2_2,20000,9078
990270255,I2_2,20000,8560
431047577,I2_1,10000,4415
705134329,I2_2,20000,8974
463981905,I2_2,20000,8673
28029276,I2_1,10000,2764
443941525,I2_2,20000,9459
893546659,I2_2,20000,7224
164082461,I2_2,20000,6844
925002891,I2_2,20000,6791
466622474,I2_2,20000,5631
148079887,I2_2,20000,5562
124081415,I2_1,10000,3900
106994820,I2_2,20000,6282
32657250,I2_1,10000,4000
218337123,I2_1,10000,4495
53459449,I2_2,20000,6194
251134503,I2_1,10000,2636
183065601,I2_2,20000,4679
703053202,I2_1,10000,5241
527865775,I2_1,10000,4104
271714037,I2_2,20000,4768
327272546,I2_1,10000,2790
909078969,I2_1,10000,3246
838184338,I2_2,20000,5885
780971116,I2_1,10000,3333
360073885,I2_2,20000,4750
431036829,I2_2,20000,4732
727711030,I2_1,10000,2832
264607166,I2_2,20000,4812
452737192,I2_1,10000,2840
280773233,I2_1,10000,3391
270554125,I2_1,10000,3302
809464116,I2_2,20000,5152
158039472,I2_2,20000,5764
665454927,I2_2,20000,5358
121958731,I2_1,10000,2925
585336579,I2_1,10000,3370
610236078,I2_1,10000,2784
378689258,I2_1,10000,2816
980403211,I2_2,20000,4821
765467559,I2_1,10000,4249
378226708,I2_2,20000,4868
621047931,I2_2,20000,5823
466487548,I2_2,20000,4945
993848814,I2_1,10000,4348
461062923,I2_1,10000,4831
703536971,I2_2,20000,5698
763263720,I2_1,10000,3588
739363146,I2_1,10000,4492
121497670,I2_2,20000,7172
252210251,I2_1,10000,3121
485131883,I2_2,20000,9632
420425179,I2_2,20000,5020
803427056,I2_2,20000,6090
548282799,I2_1,10000,5043
148680840,I2_1,10000,5609
152720979,I2_2,20000,7833
505914397,I2_2,20000,5890
838296911,I2_1,10000,4679
938557265,I2_2,20000,6691
962870172,I2_1,10000,4110
579757020,I2_2,20000,5811
731642711,I2_2,20000,6798
463121580,I2_2,20000,6776
679353381,I2_1,10000,5257
324676527,I2_1,10000,5553
271951627,I2_2,20000,7904
524404575,I2_2,20000,6768
487944749,I2_1,10000,3039
790634932,I2_2,20000,5177
80465058,I2_2,20000,5636
83340016,I2_1,10000,2704
749240425,I2_2,20000,4710
242580622,I2_1,10000,4132
300241963,I2_2,20000,5949
263283068,I2_1,10000,2693
759495,I2_2,20000,4905
158742595,I2_1,10000,4226
489725072,I2_1,10000,5880
966837123,I2_2,20000,5297
765639090,I2_1,10000,2671
755472337,I2_1,10000,2708
724000896,I2_2,20000,4842
481579396,I2_1,10000,3283
284259791,I2_1,10000,2823
658051326,I2_2,20000,5379
107999039,I2_2,20000,5914
340625125,I2_1,10000,4200
412864977,I2_2,20000,7898
732370024,I2_2,20000,5090
681280665,I2_2,20000,4837
451923101,I2_2,20000,4931
576357845,I2_2,20000,5464
289264829,I2_1,10000,4376
179058109,I2_2,20000,7751
796441408,I2_1,10000,2821
436698043,I2_1,10000,2829
681313127,I2_2,20000,5602
729625964,I2_2,20000,4873
397990771,I2_2,20000,5905
938670141,I2_1,10000,6463
388896403,I2_1,10000,5760
745617296,I2_1,10000,5709
498618786,I2_1,10000,5712
87816011,I2_1,10000,5633
406360976,I2_1,10000,7249
655166875,I2_1,10000,6874
498125257,I2_2,20000,14941
476552510,I2_2,20000,12845
213116864,I2_1,10000,5530
974096186,I2_2,20000,12034
933199227,I2_2,20000,8532
638490837,I2_2,20000,4923
993029209,I2_1,10000,3316
869016146,I2_1,10000,3162
950166438,I2_2,20000,6571
292607153,I2_2,20000,4830
956844759,I2_2,20000,5751
198973516,I2_2,20000,4814
724513621,I2_2,20000,6861
854045058,I2_1,10000,2775
595855404,I2_2,20000,5304
490676193,I2_2,20000,7672
301381511,I2_2,20000,5798
366490772,I2_2,20000,6404
170579132,I2_2,20000,7587
420515596,I2_1,10000,4883
714910156,I2_2,20000,4960
919708910,I2_1,10000,3096
80523699,I2_2,20000,6239
323831792,I2_1,10000,3156
172907658,I2_1,10000,4804
121431070,I2_2,20000,7612
76937963,I2_2,20000,6841
457576477,I2_1,10000,3466
744204830,I2_2,20000,4690
710631039,I2_2,20000,4735
634646057,I2_2,20000,5751
462912642,I2_1,10000,4243
445569412,I2_2,20000,5658
772879019,I2_1,10000,4027
751915604,I2_1,10000,2833
199282892,I2_1,10000,2903
577949734,I2_1,10000,2691
586733174,I2_2,20000,4762
84619152,I2_1,10000,4762
911516713,I2_1,10000,5423
316734349,I2_1,10000,7094
26929921,I2_2,20000,6864
858235440,I2_2,20000,7410
660545814,I2_2,20000,8064
297057158,I2_1,10000,4766
702834339,I2_2,20000,6389
418187575,I2_1,10000,4811
529857959,I2_2,20000,4805
549762659,I2_1,10000,2660
257363997,I2_2,20000,5735
817762542,I2_1,10000,5090
234582507,I2_2,20000,4785
56858597,I2_1,10000,2698
884282595,I2_1,10000,2627
105783273,I2_1,10000,2692
498396069,I2_2,20000,4679
120159627,I2_2,20000,5061
664907397,I2_2,20000,6669
3708050,I2_2,20000,4782
180770768,I2_2,20000,4815
953218629,I2_1,10000,2768
56630854,I2_1,10000,2809
889116658,I2_1,10000,3125
364478998,I2_2,20000,5605
232152374,I2_1,10000,3661
753715766,I2_2,20000,5332
789906623,I2_1,10000,3555
829526958,I2_2,20000,5912
74373534,I2_1,10000,3098
474709898,I2_2,20000,6676
642653426,I2_1,10000,3132
574964135,I2_1,10000,4794
921876333,I2_2,20000,8003
459242053,I2_2,20000,10164
685880148,I2_2,20000,9883
936874193,I2_2,20000,10056
808469109,I2_2,20000,10143
959595970,I2_1,10000,3524
585176457,I2_2,20000,5362
674610887,I2_1,10000,3844
91283636,I2_2,20000,4700
289267766,I2_1,10000,4592
966803504,I2_2,20000,5738
547772543,I2_2,20000,6208
789102712,I2_2,20000,8407
575651745,I2_2,20000,8945
847050872,I2_2,20000,10936
559833050,I2_2,20000,10990
132898510,I2_1,10000,4915
582345997,I2_1,10000,5490
840506009,I2_2,20000,14023
966630476,I2_2,20000,16161
19587848,I2_2,20000,18280
383041488,I2_2,20000,12137
80561556,I2_2,20000,7784
764237692,I2_1,10000,3305
554586209,I2_2,20000,4652
188669391,I2_1,10000,3113
816950238,I2_2,20000,4742
176954874,I2_2,20000,5311
370646095,I2_1,10000,5822
804382289,I2_1,10000,4830
256117477,I2_1,10000,4230
318997039,I2_1,10000,3420
623871670,I2_2,20000,11566
120250897,I2_1,10000,2736
537680623,I2_2,20000,4764
846461299,I2_2,20000,5099
458126267,I2_1,10000,3022
730438335,I2_1,10000,2716
283592138,I2_2,20000,5120
676230378,I2_1,10000,4088
803849119,I2_1,10000,4507
755555994,I2_2,20000,6435
622096660,I2_1,10000,3156
635517724,I2_1,10000,3655
307299670,I2_1,10000,4267
276332787,I2_1,10000,5330
103401081,I2_2,20000,4709
963996546,I2_1,10000,2993
525040326,I2_1,10000,3113
700109365,I2_2,20000,5183
917814059,I2_1,10000,5701
884356221,I2_1,10000,6273
800511932,I2_2,20000,8793
603358430,I2_1,10000,3181
640550786,I2_2,20000,6464
962204778,I2_1,10000,4754
522612290,I2_1,10000,4179
521285011,I2_1,10000,5906
997666036,I2_2,20000,10140
767236721,I2_1,10000,4295
237295723,I2_2,20000,9067
163424782,I2_1,10000,3644
630018778,I2_1,10000,2647
409168422,I2_2,20000,5621
63167514,I2_1,10000,4060
536273019,I2_2,20000,4737
382984219,I2_1,10000,3228
924356501,I2_1,10000,2775
892831821,I2_1,10000,3874
588961545,I2_2,20000,4805
421946108,I2_1,10000,4174
943723838,I2_1,10000,4671
469250617,I2_2,20000,5226
960649461,I2_2,20000,5491
920308546,I2_1,10000,3686
409473526,I2_1,10000,4953
292269903,I2_1,10000,2777
837069599,I2_1,10000,2678
594067946,I2_2,20000,4925
744598385,I2_2,20000,4990
319040996,I2_2,20000,5659
899995174,I2_2,20000,6736
14663798,I2_1,10000,3597
458753228,I2_2,20000,7071
769169460,I2_2,20000,4734
939330239,I2_1,10000,3279
968756024,I2_2,20000,5853
784244926,I2_2,20000,6370
197541053,I2_1,10000,5007
944993054,I2_1,10000,3943
717861051,I2_2,20000,9428
582896642,I2_1,10000,4992
810283189,I2_1,10000,6084
70375571,I2_2,20000,5545
917295136,I2_2,20000,4699
962784038,I2_1,10000,3772
194625072,I2_2,20000,6322
528857194,I2_1,10000,4528
582878448,I2_2,20000,7832
142843784,I2_2,20000,8597
637135247,I2_2,20000,9499
150588844,I2_2,20000,5545
824103692,I2_1,10000,2950
158331091,I2_1,10000,3690
411760141,I2_1,10000,2920
898651617,I2_1,10000,4665
359070426,I2_2,20000,5389
965017060,I2_1,10000,3679
730702482,I2_2,20000,8420
688186059,I2_1,10000,4890
499962421,I2_2,20000,7236
512442844,I2_1,10000,4196
800708871,I2_1,10000,4755
934823187,I2_1,10000,5976
241032764,I2_2,20000,9816
160543645,I2_1,10000,5615
281945033,I2_1,10000,4075
58801945,I2_2,20000,12979
954366259,I2_1,10000,3129
780168699,I2_1,10000,4336
537877008,I2_2,20000,4883
654832092,I2_1,10000,3012
227657926,I2_1,10000,2693
371608889,I2_2,20000,5143
723673219,I2_1,10000,5622
311927902,I2_2,20000,8854
512154685,I2_2,20000,8414
22615431,I2_1,10000,4385
32550929,I2_1,10000,4182
835284369,I2_2,20000,5829
571172745,I2_1,10000,4044
326326649,I2_2,20000,4816
719920980,I2_1,10000,3635
479944077,I2_2,20000,4761
336439165,I2_1,10000,2733
5281568,I2_1,10000,2753
860054538,I2_1,10000,3021
321330410,I2_2,20000,4691
334366776,I2_1,10000,2775
551189077,I2_2,20000,4785
477210519,I2_2,20000,5844
228080243,I2_1,10000,3824
338296195,I2_1,10000,4096
47733451,I2_1,10000,2805
2895324,I2_2,20000,5507
590349930,I2_1,10000,5874
848351392,I2_1,10000,6299
277895771,I2_1,10000,6649
662710834,I2_2,20000,10606
141587024,I2_2,20000,10217
875408742,I2_2,20000,7473
799084187,I2_2,20000,6933
385567469,I2_2,20000,5605
125016972,I2_2,20000,7286
508413187,I2_2,20000,5708
328261115,I2_1,10000,5149
321803540,I2_2,20000,5662
575937127,I2_1,10000,2662
522045590,I2_2,20000,4905
17836897,I2_1,10000,2910
407764456,I2_2,20000,6086
478752816,I2_1,10000,4339
29465189,I2_1,10000,4456
885580115,I2_2,20000,7873
455336605,I2_1,10000,2789
829511773,I2_1,10000,2779
6071681,I2_1,10000,2844
279509444,I2_1,10000,3338
245047871,I2_2,20000,5648
614015488,I2_1,10000,2770
492099633,I2_1,10000,2763
650948607,I2_1,10000,2898
403144623,I2_1,10000,2682
486810390,I2_2,20000,4744
976909605,I2_1,10000,2778
890311089,I2_1,10000,3097
924238504,I2_2,20000,5201
820404282,I2_1,10000,2986
95788215,I2_2,20000,4766
120308338,I2_1,10000,3746
769394733,I2_2,20000,4738
996274866,I2_2,20000,5090
287029337,I2_1,10000,4506
737281469,I2_1,10000,3141
826888654,I2_1,10000,2787
80919064,I2_1,10000,3443
400445194,I2_2,20000,5825
66276010,I2_1,10000,4687
649954490,I2_2,20000,5783
917956906,I2_2,20000,5882
90100276,I2_2,20000,8055
83357079,I2_1,10000,6215
556829933,I2_1,10000,5452
269910582,I2_2,20000,11267
572510396,I2_2,20000,12247
469471343,I2_2,20000,11937
108986849,I2_2,20000,8215
387617311,I2_2,20000,6554
409940750,I2_1,10000,5082
714383512,I2_2,20000,4728
562384408,I2_2,20000,5208
805019754,I2_1,10000,5610
134153628,I2_1,10000,3731
528839891,I2_1,10000,4177
117237823,I2_2,20000,6934
924280338,I2_1,10000,5763
782626159,I2_2,20000,4913
845150420,I2_2,20000,5173
924305428,I2_2,20000,5793
703007901,I2_1,10000,4238
38958937,I2_2,20000,4760
842944367,I2_1,10000,4095
657164649,I2_2,20000,4840
427784242,I2_2,20000,4892
203719082,I2_1,10000,2955
719889699,I2_1,10000,3593
3189653,I2_2,20000,4795
812445958,I2_2,20000,5804
476727747,I2_2,20000,6372
835799724,I2_2,20000,6368
210558732,I2_1,10000,4658
264918773,I2_2,20000,9030
41698126,I2_1,10000,4570
376288987,I2_1,10000,4518
600301653,I2_2,20000,11029
286763280,I2_2,20000,11290
332215974,I2_2,20000,9187
44398804,I2_2,20000,4681
771456175,I2_1,10000,2755
357705599,I2_2,20000,4790
138059355,I2_1,10000,3167
430659393,I2_2,20000,4821
649068878,I2_1,10000,5405
994364880,I2_2,20000,5825
775094925,I2_1,10000,4281
32771572,I2_1,10000,2703
711534950,I2_2,20000,4757
165109082,I2_2,20000,5357
834657896,I2_2,20000,4822
393395787,I2_1,10000,5365
829792985,I2_1,10000,4676
695266331,I2_2,20000,7406
864459051,I2_1,10000,3908
37946369,I2_2,20000,6841
773888455,I2_2,20000,4844
643785699,I2_2,20000,5798
760228892,I2_2,20000,6804
334117325,I2_2,20000,4858
403700319,I2_2,20000,6968
629456245,I2_1,10000,2780
398902976,I2_1,10000,3101
57538178,I2_2,20000,4865
985994833,I2_2,20000,5389
958645795,I2_1,10000,4799
698571240,I2_1,10000,4274
309874999,I2_1,10000,4214
747979561,I2_1,10000,3218
36699613,I2_2,20000,5627
785241885,I2_1,10000,4389
867230317,I2_1,10000,4924
986742778,I2_1,10000,4817
294632298,I2_1,10000,6428
993424365,I2_1,10000,4045
602872052,I2_2,20000,9345
731126492,I2_1,10000,5236
629351358,I2_1,10000,5788
662617969,I2_2,20000,5763
22296504,I2_1,10000,2823
307551591,I2_1,10000,3063
590487476,I2_2,20000,5354
642706011,I2_1,10000,4756
38263409,I2_2,20000,4974
899783526,I2_1,10000,2930
922238871,I2_1,10000,3551
805929265,I2_2,20000,5257
554218974,I2_1,10000,3914
889503380,I2_1,10000,3574
596968192,I2_2,20000,9305
496926077,I2_1,10000,4036
164063881,I2_1,10000,2840
513532052,I2_1,10000,3881
748523732,I2_2,20000,4833
279569687,I2_1,10000,5433
781876667,I2_1,10000,2806
479940890,I2_1,10000,3829
890261504,I2_2,20000,5943
779204747,I2_2,20000,9177
868979543,I2_2,20000,6531
721191305,I2_1,10000,6124
869936917,I2_1,10000,5531
428304282,I2_2,20000,6692
331511802,I2_1,10000,4142
223046080,I2_2,20000,4802
622647501,I2_1,10000,3242
691226825,I2_1,10000,3786
117372072,I2_2,20000,5839
262691652,I2_1,10000,6329
780663541,I2_1,10000,5677
446258066,I2_2,20000,6839
432668535,I2_2,20000,7890
946507323,I2_2,20000,9688
961904113,I2_1,10000,5466
664574636,I2_1,10000,5679
530721815,I2_1,10000,6126
317450148,I2_1,10000,3953
273891912,I2_2,20000,12412
160464929,I2_2,20000,14580
624866658,I2_2,20000,5116
787655349,I2_1,10000,3121
678153584,I2_2,20000,4769
354315314,I2_1,10000,2820
422273480,I2_1,10000,2941
738127534,I2_1,10000,2903
106022546,I2_1,10000,4053
815233228,I2_1,10000,3373
230500417,I2_2,20000,6244
42974917,I2_1,10000,2883
474225947,I2_1,10000,3255
40259012,I2_2,20000,6442
506918130,I2_1,10000,5840
57753938,I2_1,10000,6339
715181190,I2_1,10000,5393
722436077,I2_2,20000,11976
666075982,I2_2,20000,5849
748228010,I2_1,10000,5155
753832402,I2_1,10000,4505
174233740,I2_2,20000,7996
75474220,I2_2,20000,9057
416962889,I2_2,20000,4893
471802926,I2_2,20000,4777
730201455,I2_1,10000,4222
167864019,I2_1,10000,2790
615859754,I2_2,20000,4835
98855448,I2_2,20000,5810
182578054,I2_1,10000,5199
343812165,I2_1,10000,4674
622443612,I2_2,20000,6921
811585667,I2_2,20000,7121
805298816,I2_1,10000,5873
720197223,I2_2,20000,4708
739805995,I2_1,10000,5244
280696857,I2_2,20000,4832
193061765,I2_1,10000,2819
30027150,I2_2,20000,5226
921488160,I2_2,20000,4830
600903968,I2_1,10000,2850
99093877,I2_1,10000,2854
583730983,I2_1,10000,4031
877280894,I2_2,20000,6210
14255,I2_2,20000,6658
302344233,I2_1,10000,3755
451592212,I2_1,10000,5337
64226277,I2_2,20000,10710
144936108,I2_1,10000,3004
159590087,I2_2,20000,12684
955340932,I2_2,20000,5391
632642015,I2_1,10000,3627
73305195,I2_1,10000,3215
501083899,I2_2,20000,8542
498784638,I2_2,20000,5258
144406533,I2_1,10000,5781
557166895,I2_2,20000,7986
461035190,I2_2,20000,7271
365044276,I2_2,20000,5628
207561079,I2_2,20000,4868
82467638,I2_2,20000,4855
292399916,I2_1,10000,2942
489253715,I2_2,20000,5256
910079686,I2_1,10000,4659
146925452,I2_1,10000,3091
73009926,I2_1,10000,2777
213177714,I2_1,10000,2847
675655589,I2_2,20000,4853
321565023,I2_1,10000,3030
478415292,I2_2,20000,4835
126188749,I2_1,10000,2802
694059563,I2_2,20000,5619
238951606,I2_2,20000,4874
562580911,I2_1,10000,3183
297449934,I2_2,20000,4872
759101313,I2_1,10000,3339
210072202,I2_1,10000,3618
439808269,I2_1,10000,4272
160554985,I2_1,10000,4784
399911574,I2_2,20000,5213
288918442,I2_1,10000,3339
957572028,I2_2,20000,6080
926768623,I2_1,10000,5057
581162526,I2_1,10000,4717
776534032,I2_2,20000,8413
86590994,I2_1,10000,4526
984691646,I2_1,10000,5633
33002033,I2_1,10000,4332
483984993,I2_2,20000,7291
703687895,I2_1,10000,3295
188295584,I2_1,10000,2738
707375405,I2_1,10000,2916
877685991,I2_2,20000,4909
778955848,I2_2,20000,4912
420496701,I2_1,10000,3270
926857744,I2_1,10000,3160
766526506,I2_1,10000,4233
537296944,I2_2,20000,4781
996266997,I2_2,20000,4829
175842923,I2_1,10000,4323
340006220,I2_2,20000,6777
890434518,I2_2,20000,4938
8907014,I2_2,20000,4866
708918328,I2_2,20000,4978
58321152,I2_1,10000,3353
953100886,I2_1,10000,3826
113787089,I2_2,20000,5764
341909626,I2_2,20000,5790
147540482,I2_1,10000,5118
926762420,I2_1,10000,4647
769276716,I2_2,20000,9616
864049354,I2_2,20000,10722
983506943,I2_1,10000,5514
310157190,I2_2,20000,5676
725377946,I2_2,20000,5238
887324129,I2_1,10000,3218
102877655,I2_2,20000,5420
240664152,I2_1,10000,3140
25700746,I2_2,20000,5603
998853479,I2_1,10000,3091
101500462,I2_1,10000,4338
445809765,I2_1,10000,2950
542613767,I2_1,10000,3034
952491960,I2_1,10000,3032
224118142,I2_2,20000,5616
228066966,I2_1,10000,2861
109431108,I2_1,10000,2726
277368286,I2_1,10000,3176
286561771,I2_1,10000,2790
467943699,I2_1,10000,2852
724359448,I2_1,10000,2807
967666458,I2_1,10000,3391
698224621,I2_2,20000,5868
456401281,I2_2,20000,5345
294587368,I2_1,10000,3723
407190416,I2_2,20000,8040
939981448,I2_2,20000,6949
646536666,I2_2,20000,4850
684977888,I2_1,10000,3416
582989877,I2_1,10000,2682
721088171,I2_2,20000,4717
388498344,I2_1,10000,5419
31941429,I2_2,20000,5733
707803764,I2_2,20000,6207
143635190,I2_2,20000,5772
926409334,I2_1,10000,4256
623035952,I2_2,20000,4713
864276325,I2_2,20000,5034
658593478,I2_1,10000,2813
544187408,I2_1,10000,2835
521185750,I2_1,10000,4486
287117773,I2_2,20000,5256
253571679,I2_1,10000,3051
201445485,I2_1,10000,3352
800705456,I2_1,10000,2737
359088274,I2_1,10000,2671
502056366,I2_2,20000,4809
566775835,I2_1,10000,3278
416624732,I2_2,20000,4804
818838851,I2_2,20000,4863
165539708,I2_1,10000,2871
638960914,I2_2,20000,5539
558302599,I2_1,10000,3060
386464401,I2_2,20000,4674
550192227,I2_1,10000,3340
824995250,I2_1,10000,5012
922512304,I2_2,20000,7245
130588417,I2_2,20000,8241
968302198,I2_2,20000,11041
769375297,I2_1,10000,4668
115733644,I2_2,20000,12675
538567017,I2_1,10000,6418
104371659,I2_1,10000,4755
191251752,I2_2,20000,11564
787067570,I2_1,10000,3648
513309708,I2_1,10000,3438
495504245,I2_2,20000,5148
644560852,I2_2,20000,6833
572719497,I2_1,10000,2989
990148691,I2_1,10000,3108
877344846,I2_2,20000,4801
747684590,I2_2,20000,5764
179981623,I2_1,10000,5643
857212019,I2_1,10000,2908
282889643,I2_1,10000,3575
863254682,I2_2,20000,5831
335284282,I2_1,10000,4676
369378512,I2_1,10000,5233
340005049,I2_2,20000,9113
88958196,I2_1,10000,5635
182641356,I2_2,20000,10748
302601209,I2_1,10000,3540
249011930,I2_2,20000,5290
644953972,I2_2,20000,5371
392762133,I2_1,10000,6018
373102260,I2_1,10000,4868
726644534,I2_1,10000,5436
857546387,I2_1,10000,4927
945037424,I2_2,20000,10325
344426344,I2_2,20000,7719
697472769,I2_1,10000,3752
286225433,I2_2,20000,5565
375070792,I2_2,20000,4817
752998059,I2_1,10000,3265
391226880,I2_2,20000,4793
220961778,I2_1,10000,3567
160844122,I2_2,20000,5998
262129644,I2_2,20000,5025
68599665,I2_1,10000,3125
142570855,I2_2,20000,5499
488695705,I2_1,10000,5098
555047873,I2_1,10000,3102
595638669,I2_2,20000,4803
128727485,I2_2,20000,5535
933043760,I2_2,20000,4703
780048203,I2_2,20000,4712
281763336,I2_2,20000,5696
318631958,I2_2,20000,5315
159069455,I2_2,20000,6537
108334176,I2_1,10000,5999
448616650,I2_2,20000,5961
41677498,I2_1,10000,5386
430475766,I2_1,10000,4789
165408041,I2_1,10000,5890
968216398,I2_2,20000,6572
414772784,I2_2,20000,5731
616665702,I2_1,10000,5684
44247436,I2_1,10000,4170
13664107,I2_1,10000,4953
891668028,I2_2,20000,4931
227319037,I2_1,10000,5094
332307474,I2_1,10000,2787
319144144,I2_1,10000,2670
544089039,I2_1,10000,2698
467178174,I2_1,10000,3182
885193697,I2_1,10000,4908
948124208,I2_2,20000,7225
872617325,I2_2,20000,9500
957080208,I2_1,10000,5836
581654653,I2_1,10000,5759
199834028,I2_1,10000,4354
849654364,I2_1,10000,5592
100313458,I2_2,20000,13609
755821443,I2_1,10000,6098
542531985,I2_1,10000,7324
517848152,I2_1,10000,6695
797560420,I2_2,20000,15339
163349449,I2_1,10000,7162
74277304,I2_1,10000,7748
439550493,I2_1,10000,5982
950986960,I2_1,10000,3071
396133704,I2_2,20000,4907
591936787,I2_1,10000,4337
106349529,I2_2,20000,6516
596107984,I2_2,20000,7432
365885066,I2_1,10000,5166
279886418,I2_2,20000,8886
220607931,I2_1,10000,4430
867678753,I2_2,20000,4846
307935856,I2_1,10000,3186
86127552,I2_1,10000,3170
681205207,I2_2,20000,4994
552120242,I2_2,20000,7052
992835397,I2_2,20000,4710
231377661,I2_2,20000,5992
392562611,I2_2,20000,4665
645375861,I2_1,10000,3094
176477016,I2_2,20000,5560
420243922,I2_2,20000,6623
672885196,I2_2,20000,6913
958494770,I2_2,20000,9115
901457659,I2_2,20000,6604
534420638,I2_1,10000,4979
793688151,I2_1,10000,5913
308796457,I2_1,10000,2692
661103958,I2_1,10000,3046
327993789,I2_2,20000,4703
192038838,I2_1,10000,3118
410592204,I2_1,10000,2722
969207205,I2_1,10000,3067
219317780,I2_2,20000,4739
903538152,I2_1,10000,3081
905403894,I2_2,20000,4734
639074130,I2_2,20000,6930
922800132,I2_2,20000,7830
11672683,I2_1,10000,2879
92386313,I2_1,10000,4903
510973672,I2_2,20000,6685
936318547,I2_2,20000,7216
350737858,I2_2,20000,6238
656144280,I2_2,20000,5358
41054403,I2_1,10000,4826
318460141,I2_2,20000,7690
9232990,I2_1,10000,4125
724961324,I2_2,20000,10994
452180978,I2_1,10000,4114
231507886,I2_2,20000,12759
381570242,I2_1,10000,4247
598894581,I2_1,10000,4821
312060397,I2_2,20000,8903
145940256,I2_1,10000,4282
101194791,I2_2,20000,8771
308590790,I2_2,20000,8121
148295652,I2_2,20000,10283
581963655,I2_2,20000,10310
613554503,I2_2,20000,11084
961055726,I2_2,20000,9923
924096113,I2_2,20000,11096
795823890,I2_2,20000,12291
61480062,I2_2,20000,6232
26187064,I2_2,20000,7191
258869250,I2_1,10000,5473
411925873,I2_2,20000,8860
631330316,I2_1,10000,5537
42433573,I2_2,20000,6329
72455669,I2_1,10000,5653
754825771,I2_2,20000,5012
228467919,I2_2,20000,5052
353919555,I2_2,20000,5612
673995180,I2_2,20000,5377
300060691,I2_1,10000,3842
42096030,I2_1,10000,2573
521947349,I2_1,10000,3309
917140956,I2_1,10000,3937
515175306,I2_2,20000,5319
147830484,I2_1,10000,3489
319061626,I2_2,20000,5649
514641484,I2_1,10000,4397
700363166,I2_1,10000,5063
714095673,I2_2,20000,9286
472477457,I2_2,20000,8031
960503176,I2_2,20000,6862
17808046,I2_2,20000,4925
297879162,I2_2,20000,5017
533586895,I2_1,10000,4283
836516202,I2_2,20000,7777
983844785,I2_2,20000,7426
140009796,I2_1,10000,3044
698417077,I2_2,20000,4662
815915696,I2_1,10000,3416
77068318,I2_1,10000,2664
345331179,I2_1,10000,2746
758283066,I2_2,20000,4670
272008149,I2_2,20000,6794
988793569,I2_2,20000,4734
568486535,I2_2,20000,6826
63114636,I2_2,20000,6761
824134732,I2_1,10000,3325
531760230,I2_2,20000,4564
474286435,I2_2,20000,5540
68977053,I2_1,10000,3447
20870110,I2_1,10000,2851
127322071,I2_2,20000,7627
253140842,I2_1,10000,2876
742395681,I2_1,10000,2920
705086021,I2_1,10000,2961
522810954,I2_1,10000,3201
386507897,I2_1,10000,2770
300404914,I2_1,10000,3900
167372037,I2_1,10000,2787
424703733,I2_2,20000,4780
357191220,I2_1,10000,2779
751850314,I2_1,10000,3339
52721692,I2_2,20000,5019
926954401,I2_2,20000,4853
877351838,I2_1,10000,3354
941986823,I2_1,10000,4960
914202971,I2_2,20000,5635
731967219,I2_2,20000,4861
829881585,I2_2,20000,6086
564366465,I2_1,10000,3559
730924871,I2_1,10000,3285
514761236,I2_2,20000,7313
28067907,I2_1,10000,3320
345901295,I2_2,20000,4760
161686935,I2_1,10000,4300
541918632,I2_2,20000,6240
682829744,I2_1,10000,3616
11264747,I2_2,20000,5974
184052803,I2_2,20000,5121
64662561,I2_2,20000,6016
780175909,I2_1,10000,2725
761717857,I2_1,10000,3601
799776508,I2_2,20000,5721
817570603,I2_2,20000,7536
732641926,I2_2,20000,9796
913573418,I2_2,20000,5253
740584258,I2_2,20000,4817
73695074,I2_1,10000,2790
814514941,I2_2,20000,6448
279700234,I2_1,10000,3637
462737638,I2_1,10000,2775
932926708,I2_1,10000,3117
380662597,I2_1,10000,2770
676668327,I2_2,20000,6226
280862710,I2_2,20000,4837
395698144,I2_1,10000,3248
601188717,I2_1,10000,4910
292238026,I2_1,10000,4320
235954457,I2_1,10000,4919
430237379,I2_2,20000,8678
506010852,I2_2,20000,4882
347421975,I2_2,20000,4705
283346436,I2_2,20000,5725
912161230,I2_2,20000,6641
910194021,I2_1,10000,2883
396528139,I2_1,10000,2750
428590018,I2_2,20000,5257
922604676,I2_1,10000,3001
137083500,I2_2,20000,4770
52851959,I2_2,20000,4709
729539710,I2_2,20000,6628
485984598,I2_2,20000,7686
711238683,I2_1,10000,4651
756556876,I2_2,20000,6701
703041950,I2_2,20000,5563
673349492,I2_2,20000,6836
61384020,I2_2,20000,7657
994962166,I2_1,10000,2722
125020434,I2_1,10000,3216
747535460,I2_1,10000,2724
979053955,I2_2,20000,4640
268755308,I2_1,10000,2807
503824043,I2_2,20000,4893
548464308,I2_1,10000,3234
614438545,I2_1,10000,4301
943421358,I2_2,20000,9039
553995811,I2_1,10000,2799
711863591,I2_2,20000,4902
277352549,I2_1,10000,3378
568432454,I2_1,10000,5231
909755011,I2_2,20000,5630
216844486,I2_2,20000,8389
771983857,I2_2,20000,6671
607944904,I2_1,10000,4742
614612673,I2_2,20000,8643
970472004,I2_1,10000,3966
495801997,I2_2,20000,11441
857063392,I2_2,20000,13010
594435667,I2_1,10000,4485
912811532,I2_2,20000,14206
333883974,I2_2,20000,14594
822243953,I2_1,10000,5633
312059773,I2_2,20000,18408
663456469,I2_2,20000,17764
982720856,I2_2,20000,13591
56405071,I2_2,20000,13296
80300427,I2_2,20000,4749
126381196,I2_2,20000,4840
185503423,I2_2,20000,4820
187590171,I2_1,10000,2785
900059942,I2_1,10000,2821
207746191,I2_2,20000,4759
233445169,I2_1,10000,2915
744173704,I2_1,10000,4836
72314800,I2_2,20000,4972
45277459,I2_1,10000,2782
600249237,I2_2,20000,4822
742702615,I2_2,20000,4861
27720036,I2_1,10000,2916
114710120,I2_1,10000,4056
427051481,I2_1,10000,5373
622843770,I2_1,10000,3830
768004506,I2_1,10000,3130
801023224,I2_2,20000,5980
491293562,I2_1,10000,4028
600661810,I2_1,10000,4675
763434581,I2_1,10000,5711
804890193,I2_2,20000,6940
696396885,I2_2,20000,5928
727490802,I2_1,10000,5274
709485997,I2_1,10000,5884
576609074,I2_2,20000,9746
518129982,I2_1,10000,4406
666235463,I2_2,20000,8101
712647189,I2_2,20000,9116
426362221,I2_2,20000,4998
721009388,I2_1,10000,4374
759903953,I2_1,10000,3753
1189757,I2_2,20000,4912
915552307,I2_2,20000,5882
839673913,I2_2,20000,6795
853618728,I2_2,20000,4876
277874462,I2_2,20000,5941
886721959,I2_2,20000,5576
348451437,I2_1,10000,3855
19281003,I2_2,20000,4968
60353608,I2_2,20000,5441
496821945,I2_1,10000,4127
76546455,I2_2,20000,8084
897961767,I2_1,10000,4201
480711524,I2_2,20000,7033
672130367,I2_1,10000,3636
309546108,I2_1,10000,3087
512562489,I2_2,20000,4804
95419736,I2_2,20000,4770
386472242,I2_2,20000,4841
183628057,I2_1,10000,2777
31977210,I2_1,10000,3601
955914407,I2_2,20000,4882
484508156,I2_2,20000,5961
68011340,I2_2,20000,5460
651977847,I2_1,10000,4243
529634783,I2_1,10000,2821
556718738,I2_1,10000,2768
660601956,I2_1,10000,2870
582670999,I2_2,20000,5921
39870339,I2_1,10000,3678
391472076,I2_2,20000,5473
462267147,I2_2,20000,5380
953154641,I2_2,20000,7691
906107781,I2_2,20000,7458
275995596,I2_2,20000,5623
569439711,I2_1,10000,6244
648643256,I2_1,10000,4489
804094976,I2_2,20000,7915
898288235,I2_1,10000,3578
321643638,I2_2,20000,6326
234667056,I2_1,10000,2902
731016740,I2_2,20000,4763
368700227,I2_2,20000,6958
24809168,I2_1,10000,2800
241185075,I2_1,10000,4085
552001444,I2_1,10000,2754
577022731,I2_2,20000,5317
848574692,I2_1,10000,2791
313770787,I2_2,20000,4887
766316005,I2_1,10000,3267
566218527,I2_1,10000,4906
269845202,I2_2,20000,9170
860215364,I2_2,20000,6926
954285355,I2_2,20000,4822
619723777,I2_2,20000,5128
223569275,I2_2,20000,5970
354679351,I2_2,20000,5807
212660041,I2_2,20000,6034
320906591,I2_2,20000,4847
503537804,I2_2,20000,4779
581510999,I2_2,20000,4834
616883866,I2_1,10000,5442
202121150,I2_1,10000,6553
627117127,I2_1,10000,3826
309430497,I2_2,20000,5588
393542152,I2_2,20000,4813
40265013,I2_1,10000,4317
313022387,I2_1,10000,3240
814760687,I2_2,20000,5872
129056675,I2_2,20000,5637
586788527,I2_2,20000,4673
220137235,I2_1,10000,5343
653857610,I2_2,20000,4880
193714359,I2_1,10000,2844
837142267,I2_2,20000,5753
539873102,I2_1,10000,5203
41178215,I2_2,20000,5319
525691685,I2_2,20000,7024
732672085,I2_1,10000,4675
328018304,I2_2,20000,7388
589559510,I2_1,10000,4647
936849124,I2_1,10000,4138
65078797,I2_2,20000,10958
100748333,I2_2,20000,12028
225185148,I2_1,10000,5653
319596226,I2_2,20000,10322
284521096,I2_2,20000,5237
314694345,I2_1,10000,5090
718851830,I2_1,10000,5619
785608597,I2_2,20000,10550
793247630,I2_2,20000,11044
278747494,I2_1,10000,4863
552430637,I2_1,10000,3435
256298216,I2_2,20000,9784
956221429,I2_2,20000,5544
101086820,I2_2,20000,5059
363862508,I2_2,20000,6767
170877869,I2_1,10000,4239
749235083,I2_2,20000,4656
174998609,I2_1,10000,5130
362715782,I2_1,10000,5663
567914548,I2_2,20000,4826
378481986,I2_1,10000,2686
1884471,I2_1,10000,2659
659579400,I2_1,10000,2803
61203988,I2_2,20000,5364
854970448,I2_1,10000,3085
823716258,I2_2,20000,4767
686554880,I2_1,10000,4183
304185172,I2_1,10000,4562
580209787,I2_2,20000,4684
60552031,I2_1,10000,3055
189217150,I2_2,20000,5502
737391850,I2_2,20000,4779
957446286,I2_2,20000,6993
331093631,I2_1,10000,2955
99403144,I2_2,20000,4755
196260310,I2_2,20000,5115
102827412,I2_2,20000,4743
604642754,I2_1,10000,4137
684610044,I2_1,10000,4080
61453345,I2_2,20000,4819
860105081,I2_1,10000,4255
311685528,I2_2,20000,4755
622225054,I2_1,10000,5438
81218651,I2_1,10000,4912
765826943,I2_2,20000,9057
371839341,I2_2,20000,5954
676032464,I2_1,10000,4568
142662397,I2_2,20000,7393
653731469,I2_1,10000,3698
499485095,I2_1,10000,3711
466435281,I2_2,20000,6449
313138936,I2_1,10000,5754
524675874,I2_1,10000,6872
368901470,I2_1,10000,6331
908509964,I2_1,10000,2868
777369595,I2_1,10000,2802
303100336,I2_2,20000,5460
429591085,I2_1,10000,2839
572757084,I2_1,10000,3304
698584285,I2_2,20000,5804
887435467,I2_1,10000,3275
595986825,I2_1,10000,2643
571038317,I2_1,10000,2692
347475555,I2_1,10000,3059
204408480,I2_2,20000,5521
413491945,I2_1,10000,4902
317497134,I2_2,20000,5257
848033586,I2_1,10000,3079
634118213,I2_2,20000,4977
462700668,I2_1,10000,3145
134506032,I2_1,10000,3592
906681981,I2_1,10000,4526
361198045,I2_1,10000,5830
223202159,I2_1,10000,2791
231810887,I2_2,20000,4886
153249956,I2_1,10000,2989
485609771,I2_2,20000,7636
272127827,I2_2,20000,4815
75166812,I2_1,10000,2953
200176640,I2_1,10000,3331
138877936,I2_2,20000,5282
93119004,I2_2,20000,5825
700844612,I2_1,10000,5210
629419509,I2_2,20000,5299
946022880,I2_1,10000,4787
82840878,I2_1,10000,4753
540798621,I2_1,10000,3655
29528844,I2_2,20000,10482
822619525,I2_2,20000,5255
359246183,I2_2,20000,5059
964487792,I2_1,10000,3163
765935398,I2_1,10000,3218
353843326,I2_2,20000,4836
93654602,I2_1,10000,4306
954638367,I2_2,20000,6158
757373491,I2_2,20000,6169
262904360,I2_2,20000,6315
528851859,I2_2,20000,7534
617663489,I2_1,10000,5953
55131650,I2_1,10000,5374
677261213,I2_1,10000,4720
869010639,I2_2,20000,8732
393545195,I2_2,20000,5255
142654786,I2_2,20000,4691
115111232,I2_1,10000,2812
999151368,I2_2,20000,5393
365570387,I2_2,20000,5692
802096480,I2_1,10000,6280
47874850,I2_2,20000,5344
375491580,I2_2,20000,6442
199014523,I2_2,20000,7325
484361395,I2_2,20000,7789
867309715,I2_1,10000,3649
966744304,I2_1,10000,4885
691271680,I2_2,20000,5771
52643940,I2_1,10000,5172
547101177,I2_2,20000,6803
239000375,I2_2,20000,6793
209672960,I2_2,20000,4826
91110664,I2_2,20000,6844
554386930,I2_2,20000,6768
827491830,I2_1,10000,4028
313259,I2_2,20000,4803
177946711,I2_1,10000,2754
82309268,I2_2,20000,4776
370717489,I2_2,20000,4720
621894936,I2_1,10000,3100
595016123,I2_1,10000,4592
678504015,I2_2,20000,4793
702733620,I2_1,10000,2784
730619888,I2_2,20000,5418
639764267,I2_2,20000,5929
65180686,I2_2,20000,6543
223199771,I2_2,20000,7501
616618401,I2_1,10000,3371
150593277,I2_1,10000,4086
606685784,I2_1,10000,2775
604030445,I2_2,20000,4686
392454509,I2_1,10000,2886
897321925,I2_1,10000,3849
652056954,I2_1,10000,5048
122575927,I2_1,10000,2820
791052190,I2_1,10000,3922
190997106,I2_1,10000,3755
969514762,I2_1,10000,3719
901110397,I2_1,10000,2766
391667208,I2_1,10000,2828
552229147,I2_1,10000,3901
358131798,I2_1,10000,2752
823032375,I2_1,10000,2809
535359202,I2_1,10000,2795
486349703,I2_1,10000,2897
194792142,I2_1,10000,2854
475971636,I2_1,10000,3259
419777364,I2_1,10000,2909
440132775,I2_1,10000,2750
666744820,I2_2,20000,4796
278100742,I2_1,10000,5414
886316133,I2_2,20000,4836
42663640,I2_1,10000,3313
768486850,I2_1,10000,3676
686337869,I2_1,10000,4781
617120378,I2_1,10000,2694
669816862,I2_1,10000,3260
553758573,I2_2,20000,4807
215028135,I2_1,10000,4173
865095813,I2_1,10000,4429
799442838,I2_1,10000,2748
991026952,I2_2,20000,4756
832607098,I2_2,20000,4764
613076382,I2_1,10000,3167
327087248,I2_2,20000,4882
433834717,I2_2,20000,5752
745531612,I2_2,20000,6767
366300343,I2_1,10000,3985
823698612,I2_2,20000,5255
147483066,I2_1,10000,4775
330169507,I2_2,20000,8522
39142173,I2_1,10000,4079
872088554,I2_2,20000,5577
455727389,I2_1,10000,2948
360617477,I2_1,10000,4099
72115974,I2_1,10000,4596
162193447,I2_1,10000,5766
534303467,I2_1,10000,4999
758266799,I2_2,20000,9958
381174384,I2_1,10000,4713
397285689,I2_1,10000,4139
21021974,I2_2,20000,13538
293958170,I2_2,20000,7741
974791576,I2_1,10000,3276
301485169,I2_1,10000,4495
635266602,I2_1,10000,5111
251139379,I2_2,20000,6735
946816036,I2_2,20000,9174
426845391,I2_2,20000,7536
160016534,I2_2,20000,6080
850918518,I2_1,10000,6441
202840254,I2_1,10000,5967
708747170,I2_2,20000,9861
162267800,I2_1,10000,5623
937256879,I2_2,20000,12452
705967528,I2_2,20000,12335
539836462,I2_2,20000,10473
791799241,I2_2,20000,12544
101843240,I2_2,20000,4812
736317699,I2_2,20000,4913
400985841,I2_1,10000,3214
208793488,I2_2,20000,6924
21009651,I2_2,20000,6430
307479293,I2_1,10000,5842
882286545,I2_2,20000,9155
377473763,I2_2,20000,9301
956017654,I2_1,10000,3984
694827463,I2_1,10000,5095
741961755,I2_1,10000,2769
621166910,I2_1,10000,3946
16595366,I2_1,10000,2717
813424623,I2_2,20000,4784
28122031,I2_1,10000,3236
918327253,I2_1,10000,3137
768870394,I2_2,20000,4986
39872963,I2_1,10000,2756
889677519,I2_2,20000,5067
897443583,I2_2,20000,5298
935633396,I2_2,20000,5832
830627812,I2_1,10000,4132
986743712,I2_2,20000,7799
339331122,I2_2,20000,5781
791191432,I2_2,20000,4856
50962323,I2_2,20000,6994
96636745,I2_2,20000,7830
843457624,I2_1,10000,2849
317737980,I2_1,10000,3279
624991664,I2_2,20000,5412
464151801,I2_2,20000,7024
470758677,I2_1,10000,4034
633895036,I2_2,20000,4721
346210708,I2_2,20000,4779
439700616,I2_2,20000,5791
803057662,I2_2,20000,5903
863115872,I2_2,20000,7593
304653232,I2_2,20000,7652
314818669,I2_1,10000,5679
335505402,I2_2,20000,6784
748227971,I2_2,20000,7978
175960351,I2_1,10000,3179
843740030,I2_2,20000,5638
980000155,I2_1,10000,4232
210288820,I2_1,10000,4796
77775988,I2_2,20000,8054
431142339,I2_1,10000,5092
626528408,I2_1,10000,3309
278439100,I2_2,20000,9343
40281001,I2_1,10000,3560
639571133,I2_1,10000,3278
172661475,I2_2,20000,4834
718572845,I2_1,10000,2616
859842121,I2_1,10000,2995
754966747,I2_2,20000,4777
399459085,I2_2,20000,6445
370535284,I2_2,20000,7508
129098921,I2_1,10000,5313
156499267,I2_1,10000,5819
360708460,I2_2,20000,8039
923950359,I2_1,10000,3397
515903876,I2_2,20000,4781
979523277,I2_1,10000,5446
3945351,I2_1,10000,4611
178530083,I2_2,20000,5163
578520785,I2_2,20000,7371
333643905,I2_2,20000,5224
708834125,I2_2,20000,5716
293730401,I2_2,20000,5679
379633291,I2_2,20000,6657
716426293,I2_1,10000,3232
819329420,I2_1,10000,2694
313321905,I2_1,10000,3814
69200186,I2_2,20000,4611
731646878,I2_1,10000,2689
805076920,I2_1,10000,3020
186391983,I2_2,20000,4753
372124682,I2_1,10000,4189
385624182,I2_1,10000,3840
77314384,I2_1,10000,2761
559208353,I2_1,10000,2719
105695863,I2_1,10000,2693
24573949,I2_1,10000,2751
885458289,I2_1,10000,3141
28933628,I2_2,20000,4705
721919989,I2_1,10000,2743
934409961,I2_1,10000,2801
161571322,I2_1,10000,3861
456751753,I2_2,20000,4705
237170582,I2_2,20000,4757
961031387,I2_2,20000,5143
237980897,I2_2,20000,5837
951969374,I2_1,10000,4283
616942621,I2_1,10000,3926
656348824,I2_1,10000,3972
417153752,I2_1,10000,4552
716292358,I2_1,10000,5660
344314001,I2_2,20000,6364
221430084,I2_1,10000,5816
994663937,I2_2,20000,6384
495236212,I2_1,10000,2914
94802181,I2_2,20000,6769
165072806,I2_1,10000,3136
917743075,I2_1,10000,3933
884101702,I2_2,20000,6506
17959037,I2_2,20000,5626
538385763,I2_2,20000,5045
817750948,I2_2,20000,5644
947701203,I2_2,20000,4834
850663639,I2_2,20000,6430
68568681,I2_1,10000,3605
652836835,I2_2,20000,5893
132501548,I2_2,20000,5104
574590179,I2_2,20000,7339
253635992,I2_2,20000,4783
275482859,I2_2,20000,4739
100442280,I2_1,10000,3201
744494295,I2_1,10000,3558
955124046,I2_2,20000,6172
310499525,I2_2,20000,5256
618059859,I2_1,10000,3710
742600064,I2_1,10000,5245
370646741,I2_1,10000,5781
673920057,I2_2,20000,9072
299005844,I2_2,20000,10214
676311156,I2_2,20000,9352
183724865,I2_2,20000,5597
947079497,I2_2,20000,4756
954776394,I2_1,10000,4004
514552155,I2_1,10000,4576
785766951,I2_2,20000,6221
368196960,I2_2,20000,7271
483085024,I2_1,10000,3552
978440036,I2_2,20000,4626
49102014,I2_2,20000,4732
360790389,I2_2,20000,4696
263819954,I2_2,20000,5224
626444382,I2_1,10000,4665
933800802,I2_1,10000,3729
478678124,I2_2,20000,8034
88808484,I2_1,10000,4734
78056015,I2_2,20000,4723
809755364,I2_2,20000,4803
70258333,I2_1,10000,3783
463457830,I2_2,20000,5690
276824904,I2_2,20000,7841
779749653,I2_1,10000,5319
277162239,I2_1,10000,5955
774200458,I2_2,20000,8246
310056611,I2_2,20000,9230
512774591,I2_2,20000,6707
145095165,I2_1,10000,2700
234290174,I2_1,10000,3143
329517248,I2_2,20000,4825
554581149,I2_1,10000,2720
656365542,I2_1,10000,2789
256460020,I2_2,20000,5388
703466511,I2_1,10000,2710
920472061,I2_1,10000,2785
154372084,I2_1,10000,3439
872771188,I2_1,10000,5179
254810998,I2_2,20000,7420
942832435,I2_2,20000,9688
959310392,I2_2,20000,8707
545801427,I2_2,20000,6010
428415785,I2_1,10000,4428
680193762,I2_1,10000,4243
966450395,I2_1,10000,3980
509671778,I2_2,20000,4935
49443632,I2_2,20000,7033
520770675,I2_2,20000,4797
617680623,I2_1,10000,5312
258885435,I2_1,10000,2749
123525169,I2_2,20000,5103
426073353,I2_1,10000,3354
266310332,I2_1,10000,3434
501332247,I2_1,10000,4429
751384404,I2_1,10000,5039
436961494,I2_1,10000,4264
166895857,I2_2,20000,9493
568168210,I2_1,10000,4561
240447467,I2_2,20000,8558
840789314,I2_2,20000,7263
108418154,I2_2,20000,5349
252168214,I2_1,10000,5910
548192140,I2_1,10000,4538
45780077,I2_1,10000,5696
608437868,I2_1,10000,5445
145899372,I2_2,20000,8190
877560748,I2_1,10000,6247
999019516,I2_2,20000,9638
719843707,I2_2,20000,11925
199438360,I2_2,20000,8911
26266009,I2_2,20000,7663
294787101,I2_1,10000,5111
33188046,I2_2,20000,8062
421966378,I2_1,10000,5364
118324421,I2_1,10000,3677
78809907,I2_1,10000,3448
602223875,I2_2,20000,7044
597262155,I2_2,20000,5631
82734595,I2_1,10000,3553
101413520,I2_1,10000,4668
266379151,I2_2,20000,4835
960818737,I2_2,20000,6868
892871998,I2_1,10000,4539
745523528,I2_1,10000,4361
774251916,I2_1,10000,4292
308731060,I2_2,20000,6939
225637149,I2_2,20000,5107
728120235,I2_2,20000,4735
881503438,I2_1,10000,4277
471509353,I2_1,10000,2711
672864049,I2_1,10000,3073
966687755,I2_1,10000,3125
847434876,I2_2,20000,6517
668199403,I2_1,10000,4578
862730945,I2_1,10000,4560
540104566,I2_2,20000,7846
738688902,I2_1,10000,4764
927039330,I2_2,20000,7162
318312239,I2_2,20000,4757
693125295,I2_1,10000,3256
501972163,I2_1,10000,3948
829767507,I2_2,20000,5068
372041373,I2_2,20000,6046
362014373,I2_2,20000,5104
606012500,I2_1,10000,3470
963652634,I2_1,10000,2590
557533587,I2_1,10000,2588
350026452,I2_2,20000,5441
212535938,I2_2,20000,4626
590282738,I2_2,20000,5604
486840466,I2_2,20000,4638
526336775,I2_1,10000,4125
944045518,I2_1,10000,2655
660474452,I2_1,10000,3869
174614133,I2_2,20000,4629
148793957,I2_1,10000,2654
651906613,I2_2,20000,4693
597221520,I2_1,10000,3025
293041280,I2_2,20000,4671
287271977,I2_1,10000,4106
448201074,I2_2,20000,6790
560010683,I2_2,20000,5624
455924971,I2_2,20000,4814
646790980,I2_2,20000,4838
873266440,I2_1,10000,3103
643287045,I2_2,20000,4851
911325023,I2_2,20000,6005
224460789,I2_2,20000,4784
773341009,I2_1,10000,4120
909719794,I2_2,20000,6327
645778189,I2_1,10000,5135
741194924,I2_2,20000,5450
864620453,I2_1,10000,4041
458122006,I2_2,20000,5628
824896895,I2_2,20000,4943
54278899,I2_2,20000,7856
628715773,I2_2,20000,4766
311720030,I2_1,10000,5302
551350641,I2_2,20000,5882
223959104,I2_2,20000,4860
471192119,I2_2,20000,7037
708384160,I2_2,20000,9781
660722660,I2_2,20000,10847
583450237,I2_1,10000,4340
649118,I2_2,20000,12359
800367811,I2_2,20000,14436
917733433,I2_2,20000,12726
352184420,I2_1,10000,4078
929891220,I2_2,20000,8571
322278947,I2_2,20000,8506
929653073,I2_1,10000,5581
928797357,I2_2,20000,9533
764415153,I2_1,10000,3873
911769508,I2_2,20000,11058
814029145,I2_2,20000,10864
268885922,I2_2,20000,7582
655502818,I2_1,10000,5557
90481753,I2_2,20000,5556
728480083,I2_2,20000,4586
398671070,I2_1,10000,2619
474542772,I2_1,10000,2646
377425004,I2_2,20000,4751
270838060,I2_1,10000,5404
827241722,I2_1,10000,2830
381589265,I2_2,20000,5478
572113064,I2_1,10000,3891
8405490,I2_1,10000,3208
71869388,I2_2,20000,5045
432509520,I2_1,10000,3113
351796861,I2_1,10000,3341
89530626,I2_1,10000,2765
559018102,I2_1,10000,2799
490951685,I2_2,20000,5399
64760505,I2_1,10000,3185
412740952,I2_2,20000,5509
787042496,I2_1,10000,4997
370020233,I2_1,10000,4717
466060432,I2_2,20000,6424
275175599,I2_1,10000,3103
527776716,I2_2,20000,4677
298504210,I2_1,10000,3483
294698934,I2_1,10000,3254
524077404,I2_2,20000,4842
315453977,I2_2,20000,5955
167706336,I2_2,20000,4704
779588420,I2_2,20000,5367
574250569,I2_1,10000,4761
867838477,I2_1,10000,3206
921296373,I2_2,20000,8738
91284810,I2_1,10000,6022
403058079,I2_1,10000,5781
35584557,I2_1,10000,5850
775846235,I2_1,10000,6541
980030965,I2_1,10000,4448
295544113,I2_2,20000,13628
182101829,I2_1,10000,7378
744591001,I2_1,10000,6274
82593177,I2_2,20000,14111
336611880,I2_1,10000,7054
399996871,I2_1,10000,6438
156404953,I2_1,10000,7662
741940921,I2_1,10000,8112
14744975,I2_1,10000,8425
830963800,I2_2,20000,17303
578875407,I2_1,10000,5016
230359724,I2_2,20000,16816
845080335,I2_1,10000,5948
867520772,I2_2,20000,5808
23273370,I2_1,10000,2555
715771204,I2_1,10000,2688
63604358,I2_2,20000,5011
822159920,I2_2,20000,4738
594809379,I2_2,20000,4653
384490851,I2_1,10000,2797
753681882,I2_1,10000,3469
341228059,I2_2,20000,6238
688903885,I2_2,20000,7337
795552998,I2_1,10000,4471
170045769,I2_2,20000,10065
186423330,I2_2,20000,12150
288559262,I2_1,10000,5349
949133630,I2_2,20000,12203
580248605,I2_2,20000,12167
760783538,I2_2,20000,4688
324940107,I2_1,10000,3777
989739688,I2_2,20000,4659
668956991,I2_1,10000,3125
417361315,I2_2,20000,4699
915499945,I2_2,20000,4583
379318241,I2_2,20000,4798
195191982,I2_2,20000,6173
295078147,I2_2,20000,4822
42907973,I2_1,10000,2726
428199381,I2_1,10000,3633
269037022,I2_2,20000,5776
459131830,I2_2,20000,7249
991455028,I2_2,20000,7251
689106460,I2_2,20000,5500
634875235,I2_2,20000,4650
209618652,I2_1,10000,3038
131356104,I2_2,20000,5754
437647492,I2_2,20000,6743
38985690,I2_1,10000,5172
181383219,I2_1,10000,5200
573160916,I2_2,20000,8954
92164973,I2_1,10000,3892
759164177,I2_1,10000,3149
871244776,I2_2,20000,4862
572069974,I2_1,10000,3012
145308655,I2_1,10000,4496
934688044,I2_1,10000,3196
155782157,I2_2,20000,4956
949061554,I2_1,10000,3575
186280150,I2_2,20000,5001
801086607,I2_1,10000,2614
922468730,I2_1,10000,2796
33045539,I2_2,20000,6291
956982958,I2_2,20000,4793
396456504,I2_1,10000,2773
464017788,I2_1,10000,2743
525416592,I2_1,10000,2772
190194147,I2_2,20000,5401
831021837,I2_2,20000,5710
599610344,I2_1,10000,3399
398647660,I2_2,20000,7971
111933171,I2_1,10000,5036
55893678,I2_2,20000,7407
111900027,I2_2,20000,6680
630181304,I2_2,20000,7812
12797144,I2_1,10000,5625
238756914,I2_2,20000,5591
323675962,I2_2,20000,6637
152069966,I2_2,20000,4864
276738441,I2_1,10000,4638
97287009,I2_2,20000,7521
499558390,I2_2,20000,8603
665598745,I2_1,10000,4658
535596936,I2_2,20000,8394
86546183,I2_2,20000,5386
375966058,I2_2,20000,5449
571678211,I2_2,20000,6505
657439219,I2_1,10000,4809
324734408,I2_1,10000,4237
827020490,I2_1,10000,5143
364982917,I2_2,20000,10063
264258869,I2_2,20000,6408
411341646,I2_1,10000,2812
14652604,I2_1,10000,2736
196998483,I2_1,10000,2685
939467630,I2_1,10000,3111
573069336,I2_2,20000,5436
385564193,I2_2,20000,4757
691505128,I2_1,10000,2874
641385204,I2_1,10000,2927
820457097,I2_1,10000,3269
981389764,I2_1,10000,4991
552152786,I2_2,20000,7274
98811998,I2_2,20000,7707
896538104,I2_2,20000,8069
426422063,I2_1,10000,4561
522120203,I2_2,20000,10058
295567327,I2_2,20000,10657
462154252,I2_2,20000,9563
892684297,I2_1,10000,4702
642985145,I2_2,20000,11154
534594851,I2_1,10000,3972
46605722,I2_2,20000,8357
964553732,I2_2,20000,8584
75929128,I2_2,20000,5752
342679557,I2_2,20000,6301
682286122,I2_1,10000,4460
608068354,I2_2,20000,6642
648690445,I2_1,10000,2831
902593319,I2_1,10000,3236
77726557,I2_2,20000,6238
362101621,I2_1,10000,3998
831806292,I2_2,20000,6767
449686049,I2_1,10000,4561
375163362,I2_2,20000,7975
350515783,I2_2,20000,9195
370871599,I2_1,10000,3664
80189087,I2_2,20000,5580
767414059,I2_1,10000,3082
644968931,I2_1,10000,3900
469654678,I2_2,20000,5395
765946259,I2_2,20000,5086
248301906,I2_1,10000,2802
698489888,I2_1,10000,3706
743839764,I2_2,20000,5060
675890741,I2_1,10000,3830
571632179,I2_1,10000,4211
291323528,I2_2,20000,5234
500122291,I2_2,20000,6838
902289853,I2_2,20000,5475
715214622,I2_2,20000,4891
656369157,I2_2,20000,5244
150503539,I2_1,10000,3510
550162061,I2_2,20000,8180
665680263,I2_2,20000,8014
446386510,I2_1,10000,3008
30289480,I2_1,10000,2809
354567789,I2_1,10000,2888
270741901,I2_2,20000,5153
491455132,I2_1,10000,3632
58793767,I2_2,20000,5387
484007048,I2_2,20000,4870
709964777,I2_1,10000,4323
943743290,I2_1,10000,4523
317135276,I2_2,20000,6081
428466420,I2_2,20000,8298
278435969,I2_2,20000,7901
705097004,I2_2,20000,8310
847759894,I2_2,20000,6020
376149345,I2_2,20000,4909
970385065,I2_2,20000,5758
771156627,I2_1,10000,3071
789390399,I2_2,20000,8692
898108256,I2_2,20000,4832
467097942,I2_2,20000,5644
43824242,I2_1,10000,5106
896693577,I2_2,20000,4808
371544936,I2_1,10000,2734
115433498,I2_2,20000,5167
60232911,I2_1,10000,3059
26077130,I2_1,10000,3028
592985857,I2_2,20000,4939
461000022,I2_1,10000,3644
745454923,I2_2,20000,5432
333886192,I2_2,20000,5058
518961649,I2_1,10000,2819
786967639,I2_1,10000,2746
903797847,I2_2,20000,4880
268823445,I2_2,20000,4842
741736833,I2_2,20000,7338
761772935,I2_2,20000,9063
702281753,I2_2,20000,6319
475218264,I2_1,10000,4782
169267183,I2_2,20000,5636
451748119,I2_2,20000,4948
145819891,I2_1,10000,3719
760042378,I2_2,20000,5759
393154786,I2_2,20000,7904
677572767,I2_2,20000,8990
45920113,I2_1,10000,6035
142680804,I2_1,10000,5684
419702403,I2_2,20000,9037
246011550,I2_1,10000,5237
489003747,I2_1,10000,4685
407198211,I2_2,20000,9343
104106727,I2_2,20000,8666
131512186,I2_2,20000,10853
740247962,I2_1,10000,5626
129969930,I2_2,20000,13025
171195530,I2_1,10000,5186
387386733,I2_2,20000,15952
623951499,I2_2,20000,18795
617036716,I2_1,10000,8086
496185350,I2_2,20000,18108
600752583,I2_2,20000,20895
469565276,I2_2,20000,22348
655052638,I2_1,10000,11608
757696756,I2_1,10000,6631
335008991,I2_2,20000,18847
529096447,I2_2,20000,20968
655116132,I2_2,20000,22629
58318912,I2_2,20000,23485
530832267,I2_1,10000,14047
880919524,I2_2,20000,25617
439420584,I2_1,10000,13535
645271017,I2_2,20000,25573
63070293,I2_2,20000,27679
601373675,I2_1,10000,17184
999082731,I2_2,20000,28134
456871850,I2_2,20000,28627
862048224,I2_2,20000,28076
726159693,I2_1,10000,14153
703161951,I2_2,20000,24296
284930957,I2_1,10000,12440
116638591,I2_2,20000,21747
75107449,I2_1,10000,10525
308330679,I2_1,10000,12097
647759791,I2_2,20000,24867
181265394,I2_1,10000,14619
775352524,I2_1,10000,15733
204669049,I2_2,20000,26328
576918121,I2_1,10000,16681
177731110,I2_2,20000,16016
483528263,I2_2,20000,18215
356755655,I2_2,20000,18598
418602800,I2_1,10000,7948
283514194,I2_1,10000,5878
150038696,I2_1,10000,5429
490094946,I2_2,20000,10162
237675834,I2_1,10000,3886
968093303,I2_1,10000,2618
548237867,I2_2,20000,4719
807843737,I2_2,20000,6824
896133076,I2_2,20000,5497
576196835,I2_1,10000,5085
235928597,I2_1,10000,6110
890791529,I2_1,10000,2717
184375096,I2_2,20000,4799
43890548,I2_1,10000,3222
663715358,I2_2,20000,8398
835093996,I2_1,10000,4290
550924187,I2_1,10000,3654
623381456,I2_2,20000,8666
826343901,I2_1,10000,5296
662841752,I2_1,10000,4747
612534466,I2_1,10000,4373
714385475,I2_2,20000,4699
105697693,I2_1,10000,3322
837211151,I2_2,20000,5173
456693363,I2_1,10000,5661
35590702,I2_2,20000,6242
875978865,I2_1,10000,5750
994234133,I2_1,10000,4540
780035507,I2_1,10000,5738
470797565,I2_1,10000,6209
903621647,I2_1,10000,4671
310151696,I2_2,20000,7214
853165429,I2_2,20000,7153
896865512,I2_2,20000,8108
912736259,I2_1,10000,5413
901307799,I2_2,20000,7113
444639404,I2_2,20000,5392
13915553,I2_1,10000,3542
72452055,I2_1,10000,3398
809568098,I2_1,10000,4509
513212899,I2_2,20000,8910
274300252,I2_1,10000,5062
100062702,I2_1,10000,5519
657806465,I2_2,20000,6733
509557739,I2_1,10000,2639
430839817,I2_2,20000,4685
462684748,I2_2,20000,4785
574222190,I2_2,20000,6803
195431970,I2_1,10000,3212
323957882,I2_1,10000,2742
747300904,I2_2,20000,4809
857718640,I2_1,10000,4212
154959327,I2_2,20000,5574
745967787,I2_1,10000,2877
922950912,I2_1,10000,3392
605181471,I2_2,20000,5103
279669338,I2_1,10000,2941
399685744,I2_2,20000,5536
476901007,I2_1,10000,3448
636285262,I2_1,10000,4583
770938455,I2_2,20000,7279
550486257,I2_2,20000,7415
817999541,I2_1,10000,6805
594619603,I2_2,20000,7790
628807763,I2_2,20000,8073
472649019,I2_2,20000,7529
347844172,I2_2,20000,4859
137890360,I2_1,10000,3727
497374026,I2_2,20000,6926
517909607,I2_1,10000,5820
261129659,I2_1,10000,6359
920087194,I2_1,10000,5300
791204910,I2_2,20000,7786
800194506,I2_1,10000,4588
110329184,I2_1,10000,5159
812016029,I2_2,20000,4883
6821729,I2_1,10000,3064
452282001,I2_2,20000,5607
855397409,I2_1,10000,4066
824864644,I2_2,20000,5622
950328164,I2_2,20000,4888
384625330,I2_1,10000,4311
809862464,I2_2,20000,5403
642177467,I2_1,10000,4866
55172953,I2_2,20000,7596
944756523,I2_1,10000,4953
963897891,I2_2,20000,10171
464637771,I2_2,20000,10986
717352548,I2_1,10000,6780
130601405,I2_1,10000,3118
547762879,I2_2,20000,6639
89036843,I2_1,10000,5034
904310124,I2_1,10000,4674
39104160,I2_2,20000,7536
438006196,I2_1,10000,5225
306195702,I2_2,20000,6037
84998298,I2_2,20000,5495
992856519,I2_1,10000,3633
547958893,I2_2,20000,5772
952984307,I2_2,20000,6079
552171320,I2_2,20000,8290
500288706,I2_1,10000,3904
364868095,I2_2,20000,6874
864728914,I2_1,10000,5260
155672922,I2_1,10000,3126
228277321,I2_2,20000,7773
865530662,I2_1,10000,2921
527628881,I2_2,20000,5037
210543228,I2_1,10000,2777
158560823,I2_2,20000,4836
554447970,I2_1,10000,4339
378326226,I2_2,20000,8405
162077235,I2_1,10000,2772
193358079,I2_1,10000,2776
70493921,I2_2,20000,5751
221425021,I2_1,10000,3553
251587471,I2_2,20000,5320
200206389,I2_1,10000,3036
105310293,I2_2,20000,5321
8471484,I2_1,10000,4771
522116175,I2_1,10000,3661
87296810,I2_2,20000,6285
758195267,I2_1,10000,4789
698435822,I2_2,20000,6224
381207712,I2_2,20000,7929
464024594,I2_2,20000,9639
609899860,I2_1,10000,4338
484475968,I2_2,20000,11106
520860114,I2_2,20000,4981
601405167,I2_2,20000,5284
554108563,I2_1,10000,5847
289912331,I2_2,20000,7038
789969838,I2_2,20000,7831
467734239,I2_2,20000,5349
899134352,I2_1,10000,4789
108407275,I2_1,10000,3690
15717019,I2_1,10000,3481
427809633,I2_2,20000,5877
377190827,I2_1,10000,4050
936798420,I2_1,10000,2808
683797404,I2_2,20000,4939
321705174,I2_2,20000,5790
189258651,I2_1,10000,2861
639585104,I2_1,10000,3000
973359690,I2_2,20000,4823
373723832,I2_2,20000,4850
41044091,I2_2,20000,5420
497122123,I2_1,10000,5986
514120995,I2_1,10000,3227
928267752,I2_2,20000,7031
399876,I2_1,10000,2857
29959510,I2_2,20000,5235
29830790,I2_1,10000,4072
564704778,I2_2,20000,4829
118026454,I2_1,10000,2884
106884815,I2_2,20000,6012
718627,I2_1,10000,2804
866536380,I2_1,10000,3430
339815257,I2_1,10000,2845
981329029,I2_1,10000,3026
880454391,I2_1,10000,3013
28228101,I2_2,20000,5527
575745284,I2_2,20000,5832
799317247,I2_1,10000,5279
670696858,I2_1,10000,4645
202028124,I2_2,20000,8167
605477300,I2_2,20000,5196
200541805,I2_2,20000,7159
905623898,I2_1,10000,4552
369068450,I2_1,10000,5077
262917569,I2_2,20000,6430
686027592,I2_2,20000,8253
685278417,I2_2,20000,9454
45126591,I2_1,10000,4496
16369581,I2_2,20000,4803
936325666,I2_2,20000,5245
717908837,I2_1,10000,5773
152098929,I2_2,20000,8175
935226721,I2_2,20000,8033
639957194,I2_1,10000,3922
764835810,I2_2,20000,4899
108976755,I2_1,10000,4327
760468769,I2_2,20000,4875
725399005,I2_1,10000,3305
873141135,I2_2,20000,5856
571726565,I2_1,10000,3661
329549061,I2_1,10000,2868
744077994,I2_1,10000,3303
414509437,I2_2,20000,5585
164624045,I2_2,20000,5149
224283165,I2_1,10000,4169
565802467,I2_1,10000,2884
428737340,I2_1,10000,3377
822963252,I2_2,20000,6676
594917636,I2_2,20000,6287
963620088,I2_2,20000,7350
872094774,I2_1,10000,4344
230742544,I2_1,10000,5483
899776329,I2_1,10000,3302
479378419,I2_2,20000,5968
262225029,I2_2,20000,5314
563822421,I2_1,10000,4770
731994817,I2_2,20000,5810
480649007,I2_2,20000,5959
968201480,I2_2,20000,7432
622673332,I2_2,20000,5680
281371064,I2_2,20000,5055
248866888,I2_1,10000,5603
477746859,I2_1,10000,2850
711866654,I2_1,10000,2791
863749888,I2_2,20000,4937
619005026,I2_2,20000,4858
124055262,I2_2,20000,4854
670235749,I2_2,20000,5771
703641216,I2_1,10000,3198
648958436,I2_1,10000,2876
16473316,I2_2,20000,4959
648740509,I2_1,10000,3774
733498282,I2_1,10000,3108
471154151,I2_2,20000,6164
896046246,I2_1,10000,3717
559420260,I2_2,20000,5433
341796011,I2_1,10000,3574
120364068,I2_1,10000,2840
718415627,I2_1,10000,3374
726513145,I2_2,20000,5363
509658441,I2_1,10000,4274
933447296,I2_2,20000,6752
221355675,I2_1,10000,4631
534916248,I2_1,10000,5056
82293992,I2_1,10000,3928
154503096,I2_1,10000,4109
979127728,I2_1,10000,3713
648421460,I2_1,10000,5473
941988949,I2_2,20000,6186
965598497,I2_1,10000,4233
868213818,I2_2,20000,5747
441372922,I2_1,10000,4031
815301398,I2_2,20000,6056
966287605,I2_2,20000,5987
700815406,I2_1,10000,3568
771242791,I2_2,20000,6404
832717568,I2_1,10000,2928
278476169,I2_1,10000,2840
602958528,I2_2,20000,4817
314809073,I2_2,20000,4805
361757891,I2_2,20000,5845
354952367,I2_1,10000,4280
38191154,I2_1,10000,3651
56006403,I2_1,10000,4885
467001955,I2_1,10000,4309
635663936,I2_1,10000,5976
346346226,I2_1,10000,4097
950794823,I2_2,20000,7370
663870134,I2_2,20000,6229
244429959,I2_1,10000,5549
214782980,I2_2,20000,8972
400165211,I2_2,20000,9909
926546071,I2_1,10000,6673
211114449,I2_1,10000,5900
94359758,I2_2,20000,9441
638163077,I2_1,10000,3685
99375656,I2_1,10000,2832
970400597,I2_1,10000,3801
559910803,I2_1,10000,4463
714583595,I2_1,10000,4387
964156772,I2_2,20000,6686
847591086,I2_1,10000,5993
789418749,I2_1,10000,7715
267613474,I2_1,10000,7210
430348364,I2_2,20000,9080
601695371,I2_1,10000,3858
544183160,I2_2,20000,12865
496069895,I2_2,20000,13830
170575684,I2_2,20000,13749
623168200,I2_2,20000,15310
369555060,I2_2,20000,9856
660615038,I2_2,20000,6545
381395234,I2_1,10000,3471
850946018,I2_2,20000,5095
428905241,I2_1,10000,3620
172853345,I2_2,20000,5345
904186812,I2_1,10000,3334
262544772,I2_1,10000,3780
499276434,I2_1,10000,3269
880498750,I2_2,20000,5975
428303669,I2_2,20000,8676
913647133,I2_1,10000,6187
667635086,I2_1,10000,4454
409196069,I2_2,20000,11910
423880289,I2_2,20000,12426
464246587,I2_2,20000,8741
181748814,I2_1,10000,5577
684026132,I2_2,20000,11771
408129337,I2_2,20000,4966
117728486,I2_1,10000,4378
974668304,I2_1,10000,3709
665746256,I2_2,20000,6183
856467177,I2_1,10000,4627
939248459,I2_2,20000,5306
872015980,I2_1,10000,3177
2664012,I2_1,10000,4356
301917954,I2_2,20000,6561
812623595,I2_2,20000,8225
527617863,I2_2,20000,7317
390643316,I2_1,10000,5513
8254716,I2_2,20000,6252
765429891,I2_1,10000,3217
591536706,I2_2,20000,5577
57476116,I2_1,10000,5272
467269901,I2_1,10000,2840
357890926,I2_1,10000,3921
231916000,I2_1,10000,2927
269478877,I2_1,10000,2883
857468879,I2_1,10000,2785
805697499,I2_1,10000,2901
571018913,I2_1,10000,3332
904614516,I2_2,20000,5897
957753017,I2_2,20000,4902
771324117,I2_1,10000,3187
104497631,I2_2,20000,6906
654880760,I2_1,10000,3036
217520193,I2_1,10000,2851
21205283,I2_1,10000,3977
101711730,I2_2,20000,4829
334919430,I2_1,10000,3307
52116562,I2_2,20000,8023
359558078,I2_1,10000,3055
317664578,I2_1,10000,3072
945796472,I2_2,20000,5050
820585367,I2_2,20000,5435
911794099,I2_1,10000,3597
842743465,I2_2,20000,5423
680079771,I2_2,20000,5716
193571394,I2_1,10000,4063
438569014,I2_2,20000,5788
598525540,I2_2,20000,5721
291687004,I2_1,10000,3328
4644993,I2_1,10000,4187
386634,I2_2,20000,5723
412066216,I2_2,20000,5743
466891430,I2_2,20000,7437
757262023,I2_2,20000,8432
366972019,I2_1,10000,5557
623413111,I2_2,20000,6835
265510737,I2_2,20000,8330
358948857,I2_2,20000,9312
451466724,I2_2,20000,7376
683304631,I2_1,10000,5044
283319312,I2_2,20000,11777
305841241,I2_2,20000,11499
344796942,I2_1,10000,6191
283833126,I2_1,10000,6735
822186907,I2_1,10000,6683
283495463,I2_1,10000,5543
670661717,I2_1,10000,3915
161165591,I2_2,20000,7327
330610773,I2_2,20000,4545
671054491,I2_2,20000,5511
529715317,I2_2,20000,5590
655652850,I2_2,20000,5613
770302865,I2_2,20000,6134
514429641,I2_2,20000,5548
797892147,I2_1,10000,5669
688155516,I2_1,10000,3202
558302382,I2_1,10000,2945
453846105,I2_2,20000,4630
191880665,I2_1,10000,3412
229677553,I2_1,10000,2726
341125887,I2_2,20000,4764
463471930,I2_2,20000,6921
151297776,I2_1,10000,3317
157931263,I2_2,20000,4809
790030919,I2_2,20000,4763
145001415,I2_1,10000,5273
848805449,I2_1,10000,5207
987145241,I2_1,10000,2811
936047306,I2_1,10000,2855
435621426,I2_2,20000,4895
62061831,I2_2,20000,5275
905598642,I2_2,20000,6886
448228277,I2_2,20000,8890
754176489,I2_1,10000,2814
47288457,I2_1,10000,2843
971874603,I2_1,10000,2872
383819361,I2_2,20000,4851
596669651,I2_2,20000,5444
843689327,I2_2,20000,6476
318616762,I2_1,10000,4700
472669664,I2_2,20000,7880
627719524,I2_2,20000,7829
984987914,I2_2,20000,5932
437579022,I2_1,10000,4320
776421229,I2_2,20000,7888
291431517,I2_1,10000,4615
385649849,I2_2,20000,6522
459590912,I2_2,20000,7411
748983084,I2_1,10000,3555
842074116,I2_1,10000,3077
739512026,I2_1,10000,2850
536030485,I2_1,10000,3980
560591289,I2_1,10000,2875
605321303,I2_1,10000,3928
670935291,I2_2,20000,4839
144971479,I2_1,10000,3159
748093950,I2_2,20000,6855
410705736,I2_2,20000,5796
964165519,I2_2,20000,5833
877738073,I2_2,20000,7879
993062423,I2_2,20000,7833
70762021,I2_1,10000,3650
152661483,I2_1,10000,3206
927561997,I2_2,20000,4922
816345292,I2_1,10000,2843
696527641,I2_2,20000,5260
599664162,I2_1,10000,4068
878145260,I2_2,20000,6670
773889448,I2_2,20000,4847
720490057,I2_1,10000,3284
59378536,I2_2,20000,4917
711725220,I2_1,10000,3582
796004189,I2_2,20000,5490
268730358,I2_1,10000,4897
878690485,I2_1,10000,3105
368082111,I2_2,20000,8065
490807415,I2_2,20000,5005
707563007,I2_2,20000,6105
505394505,I2_2,20000,4902
325623061,I2_1,10000,2975
596474538,I2_2,20000,5884
649734678,I2_2,20000,7253
398031387,I2_2,20000,9349
567625338,I2_2,20000,9812
969644260,I2_2,20000,5053
221070393,I2_2,20000,4910
579708624,I2_1,10000,4386
956333949,I2_2,20000,8898
754966336,I2_2,20000,6910
448673114,I2_2,20000,8602
907605898,I2_2,20000,6430
410857428,I2_1,10000,5717
327128878,I2_2,20000,6818
865102357,I2_1,10000,3514
464707620,I2_1,10000,4666
818740571,I2_2,20000,5178
66354977,I2_2,20000,4925
214414697,I2_2,20000,4817
903711148,I2_1,10000,5404
786362306,I2_2,20000,6832
160277897,I2_2,20000,5442
497682988,I2_2,20000,7643
214971588,I2_1,10000,5440
589176657,I2_2,20000,8971
312617024,I2_1,10000,4479
30555301,I2_1,10000,6195
733695100,I2_2,20000,13874
141852905,I2_1,10000,3883
913430792,I2_2,20000,8648
258776239,I2_2,20000,9762
414405818,I2_2,20000,5534
106475173,I2_2,20000,6924
320838015,I2_1,10000,4184
73083704,I2_1,10000,4650
882931227,I2_2,20000,8717
15062130,I2_2,20000,9520
188825744,I2_2,20000,5741
953578813,I2_2,20000,4859
289929100,I2_2,20000,5793
372498272,I2_2,20000,4925
352167986,I2_1,10000,3235
546886951,I2_2,20000,6938
107262434,I2_1,10000,4101
317177159,I2_2,20000,5172
999621294,I2_2,20000,4798
541977097,I2_1,10000,3209
566847153,I2_1,10000,2786
677951219,I2_1,10000,3154
445204940,I2_1,10000,3845
130664453,I2_2,20000,5245
121595609,I2_2,20000,4765
596047994,I2_2,20000,4799
651181038,I2_1,10000,2752
717786877,I2_1,10000,2773
889956387,I2_1,10000,2766
3030753,I2_1,10000,3126
840893521,I2_1,10000,2879
450302526,I2_2,20000,4922
650255138,I2_1,10000,3157
482105523,I2_2,20000,6851
575123579,I2_2,20000,5013
769213927,I2_2,20000,4740
505923928,I2_2,20000,4829
624370440,I2_1,10000,3487
601946502,I2_1,10000,5155
609498159,I2_2,20000,7278
203170782,I2_2,20000,9133
307285556,I2_2,20000,9740
65529478,I2_2,20000,5096
96349898,I2_2,20000,7012
711426266,I2_2,20000,5564
545037988,I2_2,20000,4731
490332659,I2_1,10000,3094
640792293,I2_2,20000,4930
85816732,I2_1,10000,4438
985846181,I2_2,20000,4841
240908351,I2_2,20000,4833
263176593,I2_1,10000,3108
637092171,I2_2,20000,5055
660774269,I2_1,10000,3160
161533409,I2_1,10000,3429
77115278,I2_1,10000,3702
366969131,I2_2,20000,5798
598268095,I2_1,10000,3217
712424884,I2_1,10000,4366
904603013,I2_1,10000,3667
721042416,I2_1,10000,4625
633114134,I2_2,20000,9898
519897884,I2_2,20000,10376
167113332,I2_1,10000,5092
223757418,I2_1,10000,4017
916060455,I2_2,20000,14657
827396108,I2_2,20000,11279
2653509,I2_2,20000,6978
478478595,I2_1,10000,6292
894858227,I2_1,10000,6388
559346496,I2_1,10000,3725
790129022,I2_1,10000,4888
494144690,I2_1,10000,4607
272701513,I2_1,10000,5159
72847342,I2_2,20000,9280
76027820,I2_2,20000,5746
711812519,I2_2,20000,4928
514457616,I2_1,10000,3336
437704647,I2_2,20000,4788
852691891,I2_2,20000,5784
894241697,I2_2,20000,5627
975552614,I2_1,10000,4063
755346190,I2_1,10000,3919
203996652,I2_1,10000,2750
417128767,I2_1,10000,3036
201155926,I2_2,20000,5466
848655308,I2_2,20000,5290
861548628,I2_1,10000,4713
161423901,I2_1,10000,5253
584540298,I2_1,10000,5823
600050408,I2_2,20000,9718
473240671,I2_1,10000,5595
204750210,I2_2,20000,10236
509151900,I2_1,10000,3510
863295493,I2_1,10000,4263
201226167,I2_2,20000,5260
523622351,I2_1,10000,3747
244775877,I2_2,20000,5724
121486649,I2_1,10000,3002
626477919,I2_1,10000,2773
218232640,I2_1,10000,2847
865988098,I2_1,10000,3965
934645705,I2_1,10000,3202
104184356,I2_2,20000,5908
942287167,I2_1,10000,5374
841517770,I2_1,10000,5941
989938865,I2_2,20000,9260
393419885,I2_2,20000,8704
858940186,I2_1,10000,4850
187937499,I2_1,10000,5766
949711460,I2_1,10000,3603
937604029,I2_2,20000,5497
263421793,I2_2,20000,6567
681582687,I2_2,20000,4819
668518967,I2_1,10000,3267
797479582,I2_2,20000,7519
845270732,I2_2,20000,6139
549523561,I2_1,10000,5552
388636145,I2_2,20000,7443
207115275,I2_2,20000,4791
328779795,I2_2,20000,4852
542399135,I2_1,10000,3190
601259921,I2_2,20000,5712
821332053,I2_1,10000,2830
609032063,I2_1,10000,2975
951546241,I2_1,10000,2950
799445611,I2_2,20000,4822
7511707,I2_2,20000,5746
923294959,I2_1,10000,4162
141648703,I2_2,20000,4809
292939292,I2_1,10000,2898
300521000,I2_1,10000,3983
830498323,I2_2,20000,4917
953731211,I2_1,10000,5485
410472863,I2_2,20000,4776
479033432,I2_2,20000,4871
830261045,I2_1,10000,3457
756796735,I2_1,10000,5136
461059801,I2_2,20000,7248
360352410,I2_2,20000,9104
196052038,I2_2,20000,10088
203370078,I2_2,20000,5385
266868491,I2_1,10000,5181
580866330,I2_1,10000,4068
283223115,I2_1,10000,2744
505438706,I2_2,20000,5063
727787392,I2_1,10000,2977
53481038,I2_1,10000,3120
951491195,I2_2,20000,4986
643123494,I2_1,10000,4413
878286404,I2_1,10000,4216
413901590,I2_2,20000,6630
128363310,I2_2,20000,5606
489538440,I2_2,20000,6080
911523480,I2_1,10000,2849
594576952,I2_2,20000,5394
488420260,I2_2,20000,6436
80109999,I2_1,10000,4802
470656534,I2_2,20000,7501
498921471,I2_1,10000,3929
315607017,I2_2,20000,8054
412999044,I2_2,20000,4758
284247276,I2_2,20000,4795
897992661,I2_2,20000,5014
820950812,I2_1,10000,4136
698504308,I2_1,10000,3258
880706843,I2_1,10000,4375
97316483,I2_2,20000,5570
299479986,I2_2,20000,5321
162718199,I2_1,10000,3091
155859590,I2_1,10000,3253
768040855,I2_2,20000,4843
561141352,I2_1,10000,4257
845580656,I2_2,20000,5665
36860444,I2_1,10000,2883
914152563,I2_1,10000,3559
744664492,I2_2,20000,5781
984055093,I2_1,10000,5125
318941534,I2_2,20000,6999
374569132,I2_2,20000,7236
90407700,I2_1,10000,5045
638700094,I2_1,10000,4543
528314040,I2_1,10000,3105
295368587,I2_2,20000,4982
561543269,I2_1,10000,3125
421643828,I2_1,10000,3612
995024747,I2_2,20000,6720
464795881,I2_1,10000,4250
437723535,I2_1,10000,4283
795037330,I2_2,20000,6141
125101404,I2_1,10000,4150
839617801,I2_2,20000,6634
534399019,I2_2,20000,5953
732759139,I2_2,20000,4776
930467779,I2_1,10000,2767
929258529,I2_1,10000,3345
115990366,I2_1,10000,3367
521556771,I2_1,10000,6125
737281205,I2_2,20000,7771
697058664,I2_2,20000,8794
496639511,I2_1,10000,5231
56743873,I2_1,10000,4616
4524902,I2_2,20000,13282
561195343,I2_2,20000,14131
80014939,I2_2,20000,8539
822907024,I2_2,20000,6905
283930740,I2_1,10000,4265
393704929,I2_1,10000,5439
137847544,I2_1,10000,4539
466171541,I2_2,20000,7602
166491478,I2_1,10000,2660
831790160,I2_1,10000,3148
50789677,I2_2,20000,5325
632629734,I2_2,20000,5754
878729833,I2_1,10000,5598
511274823,I2_1,10000,5497
346602059,I2_1,10000,3499
606701827,I2_1,10000,4835
714160744,I2_2,20000,4637
637564146,I2_2,20000,5407
742253307,I2_1,10000,5473
109467254,I2_2,20000,4780
916390359,I2_1,10000,4187
529876920,I2_2,20000,5578
307764597,I2_2,20000,5666
641399504,I2_2,20000,5760
636103173,I2_2,20000,7964
16174820,I2_2,20000,5713
684837321,I2_2,20000,5818
813112716,I2_2,20000,6506
511466257,I2_2,20000,7135
160749954,I2_1,10000,5331
516623764,I2_1,10000,3921
77375140,I2_2,20000,8303
754626172,I2_2,20000,4780
107702455,I2_1,10000,2917
517708678,I2_1,10000,2703
486370793,I2_2,20000,5102
711249175,I2_1,10000,3659
487069449,I2_2,20000,4769
252769913,I2_2,20000,6365
200514006,I2_1,10000,6288
493778811,I2_1,10000,4729
332027885,I2_2,20000,11036
349275990,I2_1,10000,5869
749416602,I2_1,10000,5671
117657359,I2_2,20000,9024
256763604,I2_1,10000,5353
61473194,I2_2,20000,11143
532552789,I2_2,20000,10900
27564688,I2_2,20000,5630
737841637,I2_1,10000,3061
618309076,I2_1,10000,4822
839346411,I2_2,20000,4614
117601092,I2_2,20000,5626
816549347,I2_2,20000,4547
727972902,I2_1,10000,3078
561438832,I2_1,10000,2547
501136658,I2_2,20000,5402
180514980,I2_1,10000,2498
955548368,I2_2,20000,4605
809381785,I2_1,10000,4014
120820225,I2_2,20000,6296
329981825,I2_2,20000,7091
268659812,I2_2,20000,6451
392584551,I2_2,20000,4637
480443411,I2_2,20000,4921
192265999,I2_1,10000,3970
898611359,I2_1,10000,4965
433928051,I2_1,10000,6166
528432484,I2_1,10000,2969
556119825,I2_2,20000,4745
501337971,I2_2,20000,6886
50772254,I2_1,10000,4543
728503325,I2_2,20000,6149
517762737,I2_1,10000,3912
709435946,I2_2,20000,7161
484378489,I2_1,10000,3370
348885763,I2_2,20000,5177
855439101,I2_1,10000,3533
509059920,I2_1,10000,3608
942906243,I2_1,10000,3596
368967109,I2_2,20000,5298
738929118,I2_2,20000,4868
558192621,I2_2,20000,5846
898897207,I2_2,20000,5427
449704226,I2_2,20000,6506
35956277,I2_1,10000,2893
330969210,I2_2,20000,9715
760666880,I2_1,10000,4767
548887867,I2_2,20000,5572
69477385,I2_1,10000,2774
910281247,I2_1,10000,3114
305904093,I2_1,10000,3126
202303354,I2_1,10000,4687
273071342,I2_2,20000,7225
38284556,I2_1,10000,3564
347444650,I2_1,10000,4161
526437846,I2_2,20000,11579
97115428,I2_1,10000,5054
623005155,I2_1,10000,5448
165235368,I2_2,20000,7725
199514062,I2_2,20000,5674
165129698,I2_2,20000,5864
836733350,I2_1,10000,2997
348467888,I2_1,10000,3697
80451887,I2_1,10000,2681
38645702,I2_1,10000,3805
292460273,I2_2,20000,5691
614919703,I2_2,20000,8458
299462600,I2_1,10000,5374
490523643,I2_1,10000,4690
815598065,I2_2,20000,7069
758221456,I2_1,10000,4696
111436688,I2_1,10000,3149
532938767,I2_2,20000,8199
790153242,I2_2,20000,6288
310609716,I2_1,10000,5740
269450681,I2_1,10000,5147
299074711,I2_1,10000,6091
460236113,I2_2,20000,11109
548091164,I2_2,20000,11461
247039889,I2_2,20000,11480
523698511,I2_2,20000,6982
912086386,I2_2,20000,5939
457398250,I2_1,10000,3978
451487438,I2_2,20000,4848
579160705,I2_1,10000,3565
634944647,I2_2,20000,6789
614813172,I2_1,10000,5057
522686700,I2_1,10000,5586
685954432,I2_2,20000,10992
786210859,I2_2,20000,11212
707418148,I2_2,20000,9798
696744380,I2_2,20000,4757
8992576,I2_1,10000,3199
373620093,I2_1,10000,4443
986762516,I2_1,10000,2684
548991576,I2_1,10000,2963
444524466,I2_1,10000,4033
715504755,I2_1,10000,2776
676403297,I2_2,20000,5056
718462344,I2_2,20000,6631
988318202,I2_2,20000,8698
869168759,I2_2,20000,5475
354701207,I2_1,10000,3948
715193698,I2_2,20000,6754
967580743,I2_1,10000,2583
152825138,I2_2,20000,4718
853964981,I2_2,20000,5669
934696055,I2_2,20000,7760
663719079,I2_2,20000,5424
752818089,I2_2,20000,5435
14413043,I2_2,20000,5700
537054568,I2_1,10000,6292
262357648,I2_2,20000,8964
393648876,I2_2,20000,6955
250994475,I2_1,10000,4423
122836192,I2_2,20000,9424
852366360,I2_2,20000,10751
585077880,I2_2,20000,9982
845276371,I2_2,20000,4642
621469633,I2_2,20000,5810
29600856,I2_1,10000,5201
451852215,I2_1,10000,2683
713967629,I2_1,10000,3079
225451559,I2_2,20000,4881
935994731,I2_2,20000,6549
669749596,I2_1,10000,3009
668371699,I2_2,20000,4744
341339806,I2_2,20000,5612
982051292,I2_1,10000,4401
508320994,I2_1,10000,4461
112894385,I2_1,10000,4179
688126398,I2_2,20000,5293
265315453,I2_1,10000,4815
218736051,I2_2,20000,7914
987482087,I2_2,20000,7648
112028341,I2_2,20000,8562
855380119,I2_2,20000,10617
400718789,I2_2,20000,11754
475564035,I2_2,20000,13130
489086194,I2_2,20000,5196
818412747,I2_2,20000,7298
251468149,I2_1,10000,5462
997070319,I2_2,20000,5589
67681559,I2_1,10000,2757
505999257,I2_1,10000,2671
555518623,I2_1,10000,3547
277662366,I2_1,10000,4237
237194067,I2_1,10000,4881
569873702,I2_2,20000,7197
107474095,I2_2,20000,5507
145192462,I2_2,20000,5649
961542902,I2_1,10000,2980
225688528,I2_2,20000,4630
577105257,I2_2,20000,5104
115731515,I2_2,20000,4659
10361848,I2_1,10000,5195
868615299,I2_2,20000,4651
841666764,I2_1,10000,2666
3413593,I2_1,10000,2918
361006368,I2_1,10000,3092
170097409,I2_2,20000,4708
756278026,I2_2,20000,5037
731655060,I2_2,20000,5453
616337013,I2_2,20000,6583
10402109,I2_1,10000,2688
656210231,I2_2,20000,4860
622411962,I2_1,10000,4214
226572219,I2_1,10000,3107
389856309,I2_1,10000,2869
798398684,I2_2,20000,5439
106400877,I2_2,20000,5205
773946041,I2_1,10000,4598
858991601,I2_2,20000,6615
158260111,I2_2,20000,8728
217404101,I2_2,20000,9909
523719552,I2_2,20000,4684
571893058,I2_1,10000,2884
373147501,I2_1,10000,4643
601926858,I2_2,20000,4685
571231765,I2_2,20000,4781
363617612,I2_2,20000,5762
502710644,I2_1,10000,2719
116399472,I2_1,10000,2709
639323950,I2_2,20000,4652
837644922,I2_2,20000,4868
801405704,I2_1,10000,3899
12861974,I2_1,10000,3212
390048511,I2_1,10000,2863
5495256,I2_1,10000,3887
259132165,I2_1,10000,2866
601678901,I2_1,10000,2917
88657707,I2_2,20000,4888
443744222,I2_1,10000,2810
774770421,I2_1,10000,3093
356478562,I2_2,20000,4945
25085547,I2_1,10000,4322
995735111,I2_1,10000,4169
513772924,I2_2,20000,5956
182763383,I2_1,10000,4116
520300794,I2_1,10000,5191
725469856,I2_1,10000,2768
850038894,I2_1,10000,2855
981838232,I2_1,10000,2819
447622371,I2_2,20000,4876
631607896,I2_2,20000,4949
325366487,I2_2,20000,4976
279803504,I2_1,10000,2935
957605497,I2_2,20000,5328
643284843,I2_2,20000,4857
25933654,I2_2,20000,5280
328991693,I2_1,10000,3153
392056515,I2_2,20000,4949
99700243,I2_1,10000,4337
97183977,I2_2,20000,8115
141762342,I2_1,10000,3058
461675339,I2_2,20000,4743
833520087,I2_2,20000,5754
270337349,I2_2,20000,5178
670780603,I2_1,10000,3911
577576123,I2_1,10000,3421
719468878,I2_1,10000,2941
593042541,I2_1,10000,3043
182341978,I2_1,10000,2725
308716893,I2_2,20000,5722
302455922,I2_1,10000,3115
624470334,I2_1,10000,3920
55906902,I2_2,20000,4804
283580207,I2_1,10000,3740
473905449,I2_1,10000,3187
385963232,I2_2,20000,5495
447162186,I2_1,10000,3142
221629603,I2_1,10000,3336
145012256,I2_2,20000,5189
615456931,I2_1,10000,3077
737976776,I2_1,10000,2869
442607403,I2_1,10000,4063
170894389,I2_1,10000,5009
202744414,I2_1,10000,3910
702662322,I2_2,20000,6187
340411482,I2_1,10000,4625
688479552,I2_1,10000,2837
106621388,I2_1,10000,3010
834993701,I2_2,20000,5645
349147795,I2_1,10000,3909
121426197,I2_1,10000,5678
772848154,I2_2,20000,6245
480697791,I2_1,10000,5009
136896738,I2_2,20000,6677
600127823,I2_2,20000,8896
790438079,I2_2,20000,5190
38572783,I2_1,10000,4631
239350273,I2_2,20000,7001
227179806,I2_2,20000,7514
615000999,I2_2,20000,6390
883784717,I2_1,10000,5735
828301914,I2_2,20000,8956
877343392,I2_2,20000,6139
526040287,I2_2,20000,8786
115570763,I2_2,20000,8143
387659898,I2_1,10000,4412
280219723,I2_2,20000,7632
944226145,I2_1,10000,3703
556679586,I2_1,10000,3646
341954184,I2_1,10000,3650
604617764,I2_2,20000,5011
230942350,I2_1,10000,3674
239390265,I2_2,20000,4729
393260060,I2_2,20000,5347
620015454,I2_2,20000,7673
533519032,I2_2,20000,5783
51926604,I2_2,20000,7923
631065530,I2_2,20000,9129
623794663,I2_2,20000,11266
353956910,I2_2,20000,12013
624848921,I2_2,20000,7673
1598005,I2_2,20000,7369
749075503,I2_1,10000,3696
61737537,I2_1,10000,4398
869808440,I2_2,20000,6882
591711326,I2_1,10000,4974
761901728,I2_2,20000,7038
335317126,I2_2,20000,6959
644357356,I2_1,10000,4356
667523529,I2_2,20000,7887
510151453,I2_2,20000,5274
3832321,I2_2,20000,5556
857101767,I2_1,10000,4990
435011880,I2_2,20000,4544
416393215,I2_1,10000,2745
674006440,I2_1,10000,2659
809120192,I2_2,20000,4629
52481456,I2_2,20000,4674
900108114,I2_2,20000,4948
250056765,I2_1,10000,3997
13377985,I2_2,20000,6653
534711626,I2_1,10000,4085
84082443,I2_2,20000,5824
575235922,I2_2,20000,6957
763381408,I2_2,20000,5749
791645283,I2_2,20000,6934
104234300,I2_2,20000,6542
718559585,I2_1,10000,3726
348320181,I2_2,20000,6081
709211652,I2_1,10000,4560
58810064,I2_1,10000,4294
402350360,I2_2,20000,6981
33624151,I2_1,10000,3506
434200432,I2_1,10000,4785
630604316,I2_1,10000,3063
413503722,I2_1,10000,2998
874356263,I2_2,20000,5833
162744782,I2_2,20000,4608
365983358,I2_2,20000,5096
386310818,I2_2,20000,4720
821572078,I2_1,10000,6292
957425617,I2_2,20000,5154
524686135,I2_2,20000,6620
927246058,I2_1,10000,2706
940040401,I2_1,10000,2709
153373054,I2_2,20000,4660
527601771,I2_2,20000,5603
664892602,I2_2,20000,4711
519714490,I2_2,20000,4696
485768067,I2_1,10000,4099
384391156,I2_2,20000,5988
865229736,I2_1,10000,2617
162005586,I2_1,10000,3191
329659311,I2_1,10000,2627
670351420,I2_2,20000,4669
325636700,I2_2,20000,5044
792565317,I2_1,10000,3548
18285776,I2_2,20000,6688
386300446,I2_2,20000,7700
229490498,I2_2,20000,9365
599696508,I2_2,20000,9606
688372528,I2_1,10000,4410
730866352,I2_1,10000,3693
921568916,I2_1,10000,2713
194910000,I2_2,20000,5988
88042086,I2_2,20000,4633
33692141,I2_2,20000,5599
234746717,I2_2,20000,5490
703338948,I2_1,10000,3988
309613443,I2_1,10000,3845
666058974,I2_1,10000,2625
758437910,I2_1,10000,2595
980792742,I2_1,10000,2945
625838585,I2_1,10000,2565
846632925,I2_2,20000,5587
545920152,I2_2,20000,5570
182976272,I2_2,20000,5521
556519341,I2_1,10000,3822
907938207,I2_2,20000,4707
119906559,I2_1,10000,5243
75317359,I2_2,20000,8615
656857370,I2_1,10000,5052
645220584,I2_2,20000,5070
255182163,I2_1,10000,4442
750459725,I2_1,10000,3488
762135643,I2_1,10000,3045
451625845,I2_2,20000,4764
621632301,I2_1,10000,3287
129480049,I2_1,10000,2674
988830260,I2_1,10000,2992
870618173,I2_2,20000,4649
907880981,I2_1,10000,3123
443099140,I2_2,20000,4684
93841029,I2_2,20000,6742
675239061,I2_2,20000,7665
790378577,I2_1,10000,3513
690725070,I2_1,10000,3811
183162707,I2_2,20000,5831
637609603,I2_2,20000,7987
354913982,I2_2,20000,8489
982702214,I2_2,20000,8151
231079658,I2_1,10000,3526
125777770,I2_1,10000,2720
429526359,I2_1,10000,2901
4259046,I2_2,20000,4811
185652476,I2_1,10000,3657
18172779,I2_2,20000,5873
944849795,I2_2,20000,7634
169800736,I2_2,20000,7560
554473854,I2_1,10000,4493
665963680,I2_2,20000,5204
861345822,I2_2,20000,4873
219075205,I2_1,10000,3215
434531109,I2_1,10000,4381
804471884,I2_1,10000,2768
653532440,I2_2,20000,4842
454797492,I2_1,10000,4188
548220595,I2_1,10000,4123
865669044,I2_2,20000,8494
11816881,I2_1,10000,3283
979256251,I2_1,10000,3072
828903934,I2_2,20000,4890
748197290,I2_1,10000,4078
865689318,I2_1,10000,4655
297995320,I2_1,10000,4084
548162315,I2_2,20000,6957
654552112,I2_2,20000,8392
390299592,I2_2,20000,5238
933570100,I2_1,10000,2721
894668677,I2_2,20000,6327
546691320,I2_2,20000,5300
684239052,I2_1,10000,3675
81692010,I2_2,20000,8035
931097380,I2_1,10000,3468
549266904,I2_2,20000,5218
490898488,I2_2,20000,4917
64114915,I2_1,10000,2882
906350640,I2_1,10000,2709
350579646,I2_2,20000,5283
655282696,I2_1,10000,3708
994223204,I2_2,20000,5363
537002982,I2_1,10000,4155
824147289,I2_1,10000,4199
301184476,I2_1,10000,4010
608499520,I2_2,20000,7548
835089406,I2_1,10000,5843
506082008,I2_2,20000,5729
326528078,I2_2,20000,4874
164700854,I2_1,10000,2821
713879403,I2_1,10000,2765
517284258,I2_1,10000,3896
676229059,I2_2,20000,4780
462027785,I2_1,10000,3013
533999964,I2_2,20000,4784
307313846,I2_2,20000,5287
157916232,I2_1,10000,4014
590670927,I2_2,20000,4823
692989661,I2_2,20000,5378
563083060,I2_1,10000,4815
594089274,I2_2,20000,6903
718799035,I2_2,20000,7897
768928022,I2_1,10000,3807
755070463,I2_1,10000,4778
651900719,I2_1,10000,5367
908068462,I2_2,20000,5090
166832717,I2_2,20000,6166
445031739,I2_2,20000,4855
447326254,I2_2,20000,5558
470689477,I2_1,10000,3722
583799841,I2_2,20000,8796
536187704,I2_1,10000,4013
27247188,I2_2,20000,10183
334013741,I2_2,20000,4830
900520610,I2_1,10000,3180
39809644,I2_2,20000,6118
420773336,I2_1,10000,3317
284459093,I2_1,10000,4955
58570354,I2_2,20000,8378
751780777,I2_2,20000,9475
469368754,I2_2,20000,8438
397834528,I2_2,20000,10614
303368981,I2_1,10000,5547
330184715,I2_2,20000,9420
648209211,I2_1,10000,4883
518989923,I2_2,20000,9848
872652826,I2_1,10000,2764
439238176,I2_2,20000,5351
808010029,I2_1,10000,3722
190308478,I2_2,20000,4767
540225688,I2_1,10000,3246
23801236,I2_2,20000,8847
237965986,I2_1,10000,4162
105665205,I2_2,20000,4933
864875647,I2_1,10000,4028
377191647,I2_1,10000,3315
866608576,I2_1,10000,4273
231227904,I2_1,10000,4016
926998817,I2_1,10000,3692
354168299,I2_2,20000,4753
688763697,I2_2,20000,5686
471052164,I2_2,20000,4691
193401212,I2_2,20000,4721
215563075,I2_1,10000,3115
719007022,I2_1,10000,2789
488247640,I2_1,10000,3918
408590779,I2_2,20000,4728
147247894,I2_1,10000,3030
264393407,I2_1,10000,2931
878151765,I2_1,10000,2907
658129069,I2_1,10000,2657
642117029,I2_2,20000,4690
99240942,I2_1,10000,2881
976270983,I2_2,20000,5717
409092932,I2_1,10000,4090
587419719,I2_2,20000,6540
109397351,I2_2,20000,5237
352752413,I2_1,10000,3009
813632571,I2_1,10000,3108
527548039,I2_2,20000,4834
800471169,I2_2,20000,4978
153222524,I2_1,10000,3537
713279424,I2_2,20000,4791
355547224,I2_2,20000,4798
826139398,I2_1,10000,3258
551976008,I2_1,10000,4193
438578972,I2_2,20000,5287
543556943,I2_1,10000,5857
577013542,I2_2,20000,8093
949256828,I2_2,20000,7911
431162941,I2_1,10000,2765
199951548,I2_2,20000,4775
781325098,I2_1,10000,4255
198527301,I2_2,20000,4754
163653436,I2_1,10000,3207
741780289,I2_2,20000,8802
280444826,I2_2,20000,4877
677449554,I2_2,20000,7797
917431077,I2_1,10000,3634
716348,I2_2,20000,5889
401305265,I2_2,20000,6963
616528338,I2_2,20000,5672
807856772,I2_2,20000,4774
694650259,I2_2,20000,4761
252471289,I2_1,10000,3208
460251790,I2_1,10000,2731
679809085,I2_2,20000,4825
165653178,I2_1,10000,3357
30288045,I2_2,20000,5183
171216114,I2_1,10000,2763
71970817,I2_1,10000,3401
145364195,I2_1,10000,4571
833243341,I2_1,10000,2797
439985163,I2_1,10000,3228
677587616,I2_1,10000,4855
398633774,I2_2,20000,6150
518919983,I2_2,20000,7552
209525750,I2_1,10000,5222
975351986,I2_1,10000,3460
109943744,I2_2,20000,10259
502450911,I2_1,10000,5203
641596979,I2_1,10000,6242
635631279,I2_1,10000,6843
740641144,I2_2,20000,12396
774827709,I2_2,20000,4771
527233325,I2_2,20000,5766
542084969,I2_2,20000,5606
262034972,I2_1,10000,4083
840486476,I2_2,20000,8320
295029772,I2_2,20000,4803
224406970,I2_1,10000,4119
797750943,I2_1,10000,2857
749008426,I2_1,10000,2864
499473465,I2_1,10000,2925
928783227,I2_1,10000,2750
363972011,I2_2,20000,4712
282865631,I2_2,20000,4861
266790480,I2_2,20000,4816
577081748,I2_2,20000,5775
388959714,I2_2,20000,4767
249378469,I2_2,20000,6854
269183015,I2_2,20000,4849
825074974,I2_1,10000,4272
922593146,I2_2,20000,4809
291838122,I2_1,10000,3033
105033823,I2_2,20000,5919
787447004,I2_2,20000,6382
601307243,I2_2,20000,6529
18257092,I2_1,10000,5953
817064441,I2_2,20000,4814
621805480,I2_2,20000,4850
683330515,I2_1,10000,4274
758632979,I2_1,10000,2802
477295668,I2_1,10000,2804
593761765,I2_2,20000,4777
577954759,I2_2,20000,4806
19968431,I2_2,20000,5717
592058031,I2_1,10000,4058
620478476,I2_1,10000,5293
210229171,I2_1,10000,3498
57297901,I2_2,20000,8049
296998433,I2_1,10000,4509
574581364,I2_1,10000,3543
643173279,I2_2,20000,11809
211749099,I2_2,20000,6038
746237756,I2_2,20000,5270
410399239,I2_2,20000,4957
93111383,I2_2,20000,6483
575357123,I2_2,20000,7479
409298750,I2_1,10000,5727
261361469,I2_2,20000,10828
884562788,I2_1,10000,5002
187682605,I2_2,20000,5484
289426003,I2_1,10000,2757
811763376,I2_1,10000,3021
13616059,I2_2,20000,4763
660868857,I2_1,10000,3151
203434488,I2_2,20000,5811
505868361,I2_1,10000,3274
647814768,I2_2,20000,4716
770424896,I2_1,10000,2768
694623229,I2_2,20000,4829
793910018,I2_1,10000,5496
570200457,I2_2,20000,6435
161652809,I2_1,10000,3217
267854506,I2_1,10000,4781
505097334,I2_2,20000,7946
337128595,I2_1,10000,2903
50694012,I2_2,20000,5577
616335341,I2_1,10000,5245
928174681,I2_2,20000,6627
440760074,I2_1,10000,3879
864806940,I2_1,10000,3566
475361252,I2_1,10000,2882
931950935,I2_1,10000,4006
948009456,I2_1,10000,3600
89578550,I2_2,20000,6501
585017493,I2_1,10000,4141
448879592,I2_2,20000,6190
249351692,I2_2,20000,6228
372752275,I2_2,20000,4781
320184114,I2_1,10000,4066
758017976,I2_1,10000,3447
744077641,I2_2,20000,6971
597011410,I2_1,10000,4634
21888277,I2_1,10000,2716
353216846,I2_1,10000,3087
488854554,I2_2,20000,5460
646615196,I2_2,20000,5087
451586551,I2_1,10000,4226
205174035,I2_2,20000,4783
497072564,I2_1,10000,5347
36279205,I2_1,10000,4571
613952229,I2_2,20000,9230
491242429,I2_2,20000,10191
10695093,I2_1,10000,3931
121156077,I2_1,10000,4101
541950466,I2_1,10000,4089
784748182,I2_1,10000,2630
386346216,I2_1,10000,2725
287630227,I2_2,20000,4695
646813915,I2_2,20000,4709
8621328,I2_2,20000,5616
880675966,I2_2,20000,5501
201977093,I2_2,20000,7682
930036400,I2_1,10000,3713
973996501,I2_1,10000,3946
347838256,I2_1,10000,2683
43360232,I2_1,10000,3017
290013715,I2_1,10000,3069
42009186,I2_2,20000,4752
640799244,I2_1,10000,3326
127995768,I2_2,20000,5357
84054115,I2_2,20000,5738
557389628,I2_2,20000,7062
423211697,I2_2,20000,4816
334593914,I2_2,20000,4863
983968621,I2_2,20000,5063
335227088,I2_2,20000,4766
186564600,I2_2,20000,4704
417794428,I2_2,20000,4794
224650340,I2_1,10000,2783
171569198,I2_2,20000,5384
906937372,I2_1,10000,3137
523691619,I2_1,10000,4752
92073362,I2_2,20000,6620
93588356,I2_2,20000,7449
209823382,I2_1,10000,3461
550473657,I2_1,10000,4156
273475665,I2_2,20000,6708
418093832,I2_1,10000,3597
72352825,I2_2,20000,4756
367222731,I2_1,10000,3207
688162460,I2_1,10000,2766
784291082,I2_2,20000,5068
272487395,I2_2,20000,5883
373433826,I2_1,10000,3972
177470645,I2_2,20000,6643
449631387,I2_1,10000,5016
361103580,I2_1,10000,3164
607646550,I2_2,20000,5429
773203407,I2_2,20000,4998
171691396,I2_2,20000,7129
879308061,I2_1,10000,3903
403034744,I2_2,20000,6683
411618945,I2_1,10000,5123
865579231,I2_1,10000,5565
182085591,I2_2,20000,8452
159378340,I2_1,10000,3468
173364245,I2_2,20000,11201
403421984,I2_2,20000,6160
192426582,I2_1,10000,5097
1557357,I2_1,10000,4646
924100734,I2_1,10000,3362
125924587,I2_1,10000,2736
486854034,I2_1,10000,2802
905105884,I2_1,10000,2876
522037142,I2_1,10000,2730
504107187,I2_1,10000,2700
487954498,I2_1,10000,3719
674426609,I2_1,10000,3122
545725752,I2_2,20000,5351
99013142,I2_1,10000,4799
973053264,I2_1,10000,4730
408921442,I2_1,10000,2840
972771189,I2_2,20000,6270
235128926,I2_1,10000,4676
109893509,I2_2,20000,4683
312269881,I2_1,10000,3379
735576564,I2_1,10000,5124
667495024,I2_1,10000,5047
775110547,I2_2,20000,8521
61656862,I2_1,10000,4485
4831244,I2_1,10000,3915
93453039,I2_2,20000,11750
684032581,I2_2,20000,12943
850630327,I2_2,20000,13148
60351535,I2_1,10000,5423
596336055,I2_2,20000,7874
691343249,I2_1,10000,7134
626471164,I2_1,10000,6597
493797089,I2_1,10000,6611
266866186,I2_1,10000,4832
33938072,I2_1,10000,3047
5342765,I2_2,20000,13907
573122807,I2_2,20000,14410
144594476,I2_2,20000,12163
180112953,I2_1,10000,5278
877872900,I2_1,10000,4090
384845562,I2_1,10000,5240
404703983,I2_2,20000,12535
84479852,I2_2,20000,12621
462287199,I2_2,20000,14835
940416985,I2_1,10000,7106
561433277,I2_1,10000,7810
249601089,I2_2,20000,16086
663630012,I2_1,10000,7272
96953821,I2_2,20000,17201
874748689,I2_1,10000,9400
294895309,I2_2,20000,16981
614022215,I2_1,10000,7576
545760635,I2_1,10000,8201
451207710,I2_1,10000,8176
457257562,I2_2,20000,19520
855361250,I2_2,20000,18502
266762785,I2_2,20000,19449
243867904,I2_2,20000,19853
646302290,I2_2,20000,17156
50575875,I2_1,10000,6485
800104539,I2_2,20000,7498
707702724,I2_2,20000,4920
344172617,I2_2,20000,4632
55344896,I2_2,20000,5956
273357643,I2_1,10000,2915
678863491,I2_1,10000,3590
568446971,I2_2,20000,4598
503462337,I2_2,20000,5769
363515688,I2_1,10000,5057
195009029,I2_2,20000,5603
947384403,I2_2,20000,7269
304128798,I2_1,10000,6621
298460578,I2_1,10000,4291
380328018,I2_2,20000,10885
911809129,I2_2,20000,10870
102341854,I2_1,10000,4288
800597626,I2_2,20000,14117
234988108,I2_1,10000,3865
153160588,I2_1,10000,4860
884962131,I2_1,10000,6493
376610999,I2_1,10000,5514
827663978,I2_2,20000,17226
914846469,I2_1,10000,7143
809276308,I2_2,20000,19435
43346495,I2_2,20000,17686
769144533,I2_2,20000,18694
283755112,I2_1,10000,8456
871737270,I2_2,20000,14400
115793661,I2_1,10000,3883
625505363,I2_2,20000,12736
180687038,I2_1,10000,4759
872956648,I2_2,20000,5051
873296278,I2_2,20000,4969
44252779,I2_1,10000,3471
428692389,I2_1,10000,2567
482362881,I2_1,10000,2808
89601103,I2_2,20000,5562
952603785,I2_1,10000,4985
618669552,I2_1,10000,5525
675450327,I2_2,20000,5607
741237572,I2_2,20000,4652
457155475,I2_1,10000,3125
997303210,I2_2,20000,5499
422605835,I2_1,10000,2916
788192247,I2_2,20000,6306
676992861,I2_2,20000,7400
957772422,I2_1,10000,5093
770938796,I2_1,10000,4645
841031312,I2_2,20000,10028
924348202,I2_1,10000,5009
694173823,I2_1,10000,4342
740842498,I2_2,20000,12070
251543687,I2_2,20000,14274
588219025,I2_2,20000,15394
487750544,I2_2,20000,5546
952440542,I2_2,20000,5501
248893670,I2_1,10000,2633
185446088,I2_1,10000,2658
261763768,I2_2,20000,4651
827267469,I2_2,20000,5762
938224143,I2_1,10000,3180
937359483,I2_1,10000,4845
636539078,I2_2,20000,6212
643620790,I2_2,20000,7303
700796399,I2_2,20000,5568
134752788,I2_2,20000,7336
831720743,I2_1,10000,4974
94374005,I2_1,10000,2717
148354513,I2_1,10000,3015
410283276,I2_2,20000,4630
699950720,I2_1,10000,2614
215992372,I2_2,20000,4867
586009602,I2_2,20000,5793
197608810,I2_1,10000,2761
43858967,I2_2,20000,5771
277779190,I2_2,20000,4871
119014325,I2_2,20000,5791
283315505,I2_2,20000,4982
262684311,I2_1,10000,3290
705601373,I2_1,10000,3217
656618747,I2_2,20000,6571
915405537,I2_1,10000,2894
241893328,I2_1,10000,2821
769974102,I2_2,20000,4852
18770671,I2_2,20000,5228
121829907,I2_1,10000,3668
129571572,I2_1,10000,3290
199089908,I2_2,20000,9577
437476220,I2_1,10000,2830
137684554,I2_1,10000,3014
711565875,I2_1,10000,3083
646235490,I2_2,20000,4996
316010086,I2_2,20000,7703
988614943,I2_1,10000,4161
158688973,I2_2,20000,5330
928436321,I2_1,10000,2851
649924919,I2_1,10000,3961
945578720,I2_1,10000,3097
287703898,I2_2,20000,4922
618745115,I2_2,20000,5315
446689304,I2_1,10000,4801
717213703,I2_2,20000,6967
100030324,I2_1,10000,5684
290345517,I2_2,20000,9901
98626485,I2_1,10000,5743
997346259,I2_2,20000,5780
823045482,I2_2,20000,7423
20263229,I2_1,10000,2742
873222990,I2_2,20000,5802
174900966,I2_1,10000,5242
804887348,I2_1,10000,5789
653474339,I2_2,20000,5884
888617111,I2_2,20000,4837
64348700,I2_2,20000,5792
962075646,I2_1,10000,2743
336367913,I2_1,10000,2743
48998252,I2_2,20000,4976
671873103,I2_2,20000,5011
536400067,I2_1,10000,2920
745384709,I2_1,10000,2741
207664217,I2_2,20000,5150
423888117,I2_2,20000,6945
600691743,I2_1,10000,4324
387824133,I2_1,10000,2863
501096339,I2_1,10000,2893
876202136,I2_2,20000,5288
96334993,I2_2,20000,4845
126943571,I2_2,20000,4958
136527818,I2_1,10000,4174
153212581,I2_2,20000,5890
775242542,I2_2,20000,6972
599717939,I2_2,20000,8064
529764304,I2_2,20000,10366
838845907,I2_1,10000,4006
296769592,I2_1,10000,4671
928849712,I2_2,20000,5330
233204382,I2_1,10000,2949
591415461,I2_2,20000,6551
258921155,I2_2,20000,5299
25573390,I2_1,10000,3701
764836581,I2_2,20000,8327
200058049,I2_2,20000,5537
278608985,I2_1,10000,4834
628628198,I2_1,10000,5449
837106113,I2_1,10000,5358
517126421,I2_1,10000,4829
585510395,I2_2,20000,9999
556885024,I2_2,20000,9847
551076037,I2_1,10000,4223
527895793,I2_2,20000,6449
576938309,I2_2,20000,5331
787243771,I2_2,20000,5776
976993618,I2_2,20000,4957
16663429,I2_2,20000,5023
66793777,I2_1,10000,4261
607348165,I2_2,20000,5533
174450872,I2_1,10000,3151
345257201,I2_1,10000,3119
900021209,I2_2,20000,4973
922608643,I2_1,10000,2862
820418580,I2_1,10000,3011
170325504,I2_1,10000,3509
564820131,I2_1,10000,4587
14585203,I2_2,20000,5645
467639525,I2_1,10000,5814
252233146,I2_1,10000,5210
306822278,I2_2,20000,8272
946966814,I2_1,10000,5526
43781637,I2_2,20000,4866
398339282,I2_1,10000,3203
868871966,I2_1,10000,2930
331158525,I2_2,20000,4898
838772666,I2_1,10000,3174
616781484,I2_1,10000,2841
809171625,I2_1,10000,2854
518963695,I2_2,20000,4945
754962604,I2_1,10000,5566
964761963,I2_2,20000,4853
428002814,I2_2,20000,6011
438069188,I2_2,20000,7548
932921462,I2_2,20000,8569
559955383,I2_1,10000,4435
599226182,I2_2,20000,11343
100225691,I2_2,20000,11063
886041653,I2_2,20000,12183
562179931,I2_2,20000,13209
560598955,I2_2,20000,10449
615787374,I2_2,20000,12572
89947706,I2_1,10000,5365
553808872,I2_2,20000,12316
186418808,I2_2,20000,6376
629821580,I2_1,10000,5687
880997955,I2_2,20000,7952
206056870,I2_1,10000,3475
722020271,I2_2,20000,9274
202813820,I2_1,10000,4337
413397820,I2_1,10000,3195
546512882,I2_1,10000,3326
467379424,I2_1,10000,4002
24224848,I2_2,20000,5390
977215642,I2_2,20000,5684
56483922,I2_2,20000,5049
179533266,I2_2,20000,5062
988948865,I2_1,10000,4502
438476787,I2_1,10000,4493
247287595,I2_2,20000,9374
263093708,I2_1,10000,5516
739983396,I2_2,20000,5593
549672707,I2_2,20000,4860
163933354,I2_2,20000,5912
52488655,I2_1,10000,2862
31572787,I2_1,10000,3302
890479251,I2_2,20000,6552
843033203,I2_2,20000,7631
263653376,I2_1,10000,4957
290563016,I2_1,10000,5494
881850919,I2_2,20000,10656
114695325,I2_1,10000,3783
902979705,I2_2,20000,6746
191577147,I2_1,10000,4234
127416200,I2_2,20000,7784
348811269,I2_2,20000,4954
715500694,I2_1,10000,4295
653264478,I2_1,10000,5370
887179539,I2_1,10000,3746
217828576,I2_1,10000,3177
106592024,I2_2,20000,5561
847628256,I2_2,20000,5557
541393885,I2_2,20000,4924
182096206,I2_1,10000,3642
789722716,I2_2,20000,6879
609651426,I2_1,10000,5239
556552775,I2_1,10000,5768
616422630,I2_1,10000,5803
115555721,I2_2,20000,5273
375504381,I2_1,10000,3524
92708490,I2_2,20000,6098
617102640,I2_1,10000,3290
246212683,I2_2,20000,5672
723848659,I2_2,20000,4902
630794601,I2_2,20000,5847
97868311,I2_1,10000,3360
805362399,I2_1,10000,4927
303574513,I2_2,20000,7173
966552943,I2_2,20000,7107
334914383,I2_2,20000,7625
438148564,I2_2,20000,6883
774626530,I2_1,10000,3256
262762272,I2_1,10000,4152
963573846,I2_1,10000,5210
456212981,I2_1,10000,5121
148484814,I2_1,10000,3003
944283761,I2_1,10000,3144
377622966,I2_2,20000,4823
147782704,I2_2,20000,5745
222216602,I2_2,20000,5349
382398475,I2_2,20000,6426
292373306,I2_1,10000,4693
472387685,I2_2,20000,5693
584884470,I2_1,10000,3444
193952982,I2_1,10000,2816
979981147,I2_1,10000,2755
861051753,I2_1,10000,2890
24986471,I2_2,20000,4884
914420287,I2_2,20000,7043
639093557,I2_2,20000,6990
675013155,I2_2,20000,5692
215610715,I2_1,10000,3247
358582038,I2_1,10000,4412
764170697,I2_2,20000,6242
838977929,I2_2,20000,8347
581585452,I2_1,10000,5760
899671544,I2_2,20000,4758
516076932,I2_2,20000,4799
883113361,I2_2,20000,5083
68719288,I2_2,20000,5205
354277505,I2_2,20000,5424
879271473,I2_1,10000,4207
295626034,I2_1,10000,4841
100372265,I2_2,20000,5525
157658110,I2_2,20000,7132
275210952,I2_2,20000,5303
416146426,I2_1,10000,3801
249516084,I2_1,10000,2775
317686922,I2_1,10000,3941
302350160,I2_1,10000,2841
204098161,I2_1,10000,3947
799503940,I2_2,20000,4933
596365448,I2_2,20000,6558
199852200,I2_2,20000,6225
692116009,I2_1,10000,6176
928165353,I2_1,10000,4532
876560480,I2_2,20000,8333
77790509,I2_2,20000,7598
815993853,I2_1,10000,5444
541178161,I2_1,10000,3801
683104935,I2_1,10000,4394
443342849,I2_1,10000,5191
564088270,I2_1,10000,4073
33152278,I2_2,20000,10195
319857884,I2_2,20000,7603
488581528,I2_2,20000,5918
276984461,I2_1,10000,4278
417720841,I2_2,20000,4829
37510665,I2_1,10000,3928
313128128,I2_2,20000,8217
306470658,I2_1,10000,2830
347014423,I2_2,20000,5703
408115922,I2_1,10000,4127
283390400,I2_2,20000,4834
448074939,I2_2,20000,5437
473084903,I2_1,10000,4146
432820996,I2_1,10000,2789
365407710,I2_1,10000,3121
110405758,I2_2,20000,4908
132562851,I2_1,10000,3422
719651287,I2_2,20000,5131
543695262,I2_1,10000,5160
424805533,I2_2,20000,5596
794072730,I2_1,10000,2926
657295010,I2_2,20000,5524
305489622,I2_2,20000,5468
825767426,I2_1,10000,2894
690862344,I2_2,20000,5521
669921834,I2_2,20000,5877
714777978,I2_2,20000,7608
549116997,I2_1,10000,5096
982372369,I2_1,10000,5669
163928241,I2_1,10000,4550
238443796,I2_1,10000,4623
378431145,I2_2,20000,10554
153999118,I2_2,20000,9659
534872673,I2_2,20000,10667
82484347,I2_1,10000,4429
336515260,I2_1,10000,5019
284101589,I2_1,10000,4740
277035014,I2_2,20000,8796
489879391,I2_1,10000,3266
412538400,I2_1,10000,2864
796089017,I2_1,10000,2794
787181209,I2_1,10000,2774
919574422,I2_2,20000,5693
464775517,I2_2,20000,7950
596036232,I2_2,20000,9684
700332596,I2_2,20000,9508
115301265,I2_1,10000,4556
236871524,I2_2,20000,10896
838217576,I2_2,20000,8611
387162817,I2_2,20000,4846
835601380,I2_2,20000,6323
190193804,I2_1,10000,3143
725806989,I2_1,10000,4046
582433536,I2_2,20000,4834
396977110,I2_1,10000,3778
891173522,I2_2,20000,5620
183622342,I2_2,20000,6530
483214283,I2_1,10000,6037
498202758,I2_1,10000,4538
662461484,I2_2,20000,6954
77248985,I2_1,10000,4751
424105118,I2_2,20000,7349
525294468,I2_1,10000,3880
952173140,I2_2,20000,5796
238357410,I2_2,20000,6320
882823865,I2_1,10000,4652
81281328,I2_2,20000,5347
966916875,I2_2,20000,4831
135446181,I2_1,10000,3740
250144031,I2_1,10000,2803
483706780,I2_1,10000,2807
458066284,I2_2,20000,5844
688913664,I2_2,20000,4859
403347122,I2_2,20000,6049
782950439,I2_1,10000,4035
101718473,I2_1,10000,2868
63326506,I2_1,10000,4030
430287618,I2_1,10000,5908
509507215,I2_2,20000,4881
67019151,I2_2,20000,6826
88523192,I2_1,10000,3217
606924720,I2_2,20000,5654
695755758,I2_1,10000,4353
758874557,I2_2,20000,5298
263356035,I2_2,20000,5718
489132684,I2_1,10000,4146
564388430,I2_2,20000,5289
238855212,I2_1,10000,3128
794178039,I2_2,20000,8492
471419785,I2_2,20000,4960
264045434,I2_1,10000,2863
679727791,I2_2,20000,5630
445929701,I2_2,20000,4885
772146277,I2_1,10000,3150
887076557,I2_1,10000,4405
655912523,I2_2,20000,7692
39675138,I2_1,10000,6003
93108958,I2_2,20000,7038
784527780,I2_2,20000,6534
883560531,I2_1,10000,5691
258221230,I2_1,10000,4056
789667821,I2_2,20000,4976
547715693,I2_2,20000,7216
383975997,I2_1,10000,3462
679006874,I2_1,10000,3199
614527756,I2_2,20000,7688
878521334,I2_2,20000,4798
863998388,I2_2,20000,4769
103667559,I2_2,20000,5020
918594780,I2_1,10000,5395
481743966,I2_2,20000,5722
673301908,I2_1,10000,3172
769317271,I2_1,10000,3132
982865000,I2_2,20000,4799
928566203,I2_1,10000,3319
10373681,I2_2,20000,6408
131800141,I2_1,10000,2820
993435520,I2_2,20000,5373
395327750,I2_2,20000,4773
37759707,I2_1,10000,3252
709417117,I2_1,10000,3602
915057235,I2_1,10000,5299
804085077,I2_2,20000,7119
90842215,I2_2,20000,5964
180369604,I2_1,10000,3673
265585462,I2_1,10000,3116
262883570,I2_2,20000,4985
473308021,I2_1,10000,3189
969391564,I2_1,10000,4443
782529511,I2_2,20000,8412
691921085,I2_1,10000,5555
515682233,I2_1,10000,4572
369045409,I2_2,20000,12364
954851584,I2_1,10000,4759
306960796,I2_1,10000,4358
274051054,I2_2,20000,5293
370526740,I2_2,20000,4963
922795350,I2_2,20000,4884
301300624,I2_1,10000,2952
336574550,I2_1,10000,3269
83103951,I2_2,20000,5021
936785745,I2_1,10000,4380
410677819,I2_1,10000,3562
125486426,I2_2,20000,6485
135364087,I2_1,10000,4721
785029393,I2_1,10000,2856
972815059,I2_1,10000,3122
962705458,I2_1,10000,2766
314438092,I2_2,20000,4855
280111449,I2_1,10000,4264
129571448,I2_1,10000,5773
552023508,I2_2,20000,7981
500270868,I2_2,20000,10782
675663567,I2_1,10000,4510
136393117,I2_2,20000,10250
69677232,I2_2,20000,7268
314946058,I2_2,20000,9431
276537618,I2_1,10000,2844
454993746,I2_2,20000,5218
532766227,I2_1,10000,4064
556488929,I2_1,10000,3933
396768296,I2_1,10000,2829
899588031,I2_2,20000,4811
938114476,I2_2,20000,5200
249773853,I2_1,10000,2954
525422344,I2_2,20000,6687
465861375,I2_2,20000,5418
82837641,I2_1,10000,2803
117922870,I2_1,10000,3917
754902320,I2_1,10000,2878
997832049,I2_2,20000,4819
913570804,I2_1,10000,4228
254749994,I2_1,10000,5579
781351941,I2_2,20000,7868
180902935,I2_2,20000,8910
342419676,I2_1,10000,6442
799297041,I2_1,10000,5893
228893455,I2_2,20000,12486
675337922,I2_2,20000,12022
747878555,I2_2,20000,8398
250263784,I2_1,10000,4703
39770213,I2_2,20000,11274
365952253,I2_2,20000,6887
967984925,I2_1,10000,5897
487093934,I2_2,20000,6388
976056511,I2_2,20000,7515
764781394,I2_1,10000,5207
557083860,I2_2,20000,5103
884140745,I2_1,10000,2814
209071108,I2_1,10000,2838
38635699,I2_1,10000,2841
646220974,I2_2,20000,5126
141012874,I2_2,20000,7496
177388908,I2_1,10000,3683
566819019,I2_2,20000,5613
560227726,I2_1,10000,3734
699669838,I2_1,10000,3411
896533874,I2_1,10000,2971
614253738,I2_2,20000,4869
148805229,I2_1,10000,3198
93924773,I2_2,20000,5132
196334998,I2_1,10000,3033
868894784,I2_1,10000,4069
407176327,I2_1,10000,4679
693288711,I2_1,10000,3951
125483622,I2_2,20000,6510
750810718,I2_1,10000,5955
424153015,I2_1,10000,3659
491781856,I2_1,10000,3252
912589049,I2_2,20000,6032
289352593,I2_2,20000,5116
810243819,I2_1,10000,2973
109470413,I2_1,10000,3245
124726513,I2_2,20000,5697
789759834,I2_1,10000,3181
131059502,I2_1,10000,3801
852922271,I2_2,20000,7060
749432097,I2_2,20000,7993
136317826,I2_2,20000,8150
534482044,I2_2,20000,4878
773994522,I2_1,10000,2906
162193026,I2_1,10000,3054
315448185,I2_2,20000,5020
276413874,I2_2,20000,4863
999136995,I2_1,10000,3993
53374050,I2_1,10000,3963
792100968,I2_1,10000,5217
109345126,I2_1,10000,5520
892133540,I2_1,10000,4197
346511642,I2_1,10000,4262
627243902,I2_1,10000,5378
172218774,I2_2,20000,13353
784628634,I2_1,10000,5839
24427001,I2_1,10000,6341
692483371,I2_2,20000,13359
536006310,I2_1,10000,6733
603236629,I2_2,20000,6722
40617313,I2_1,10000,5560
340867453,I2_1,10000,3735
126744544,I2_1,10000,2904
992718507,I2_1,10000,2877
867567065,I2_2,20000,4960
652729766,I2_2,20000,5323
573999676,I2_2,20000,4872
222609705,I2_1,10000,4288
347124298,I2_2,20000,5660
791146274,I2_2,20000,4908
488947096,I2_2,20000,4817
935399962,I2_2,20000,4826
249698498,I2_2,20000,4810
152223978,I2_1,10000,2820
351594149,I2_1,10000,3243
981361057,I2_1,10000,2861
777489003,I2_2,20000,5909
39344777,I2_1,10000,6344
374754733,I2_1,10000,3466
958956257,I2_2,20000,7029
530353843,I2_1,10000,5013
416567168,I2_2,20000,9019
194635829,I2_2,20000,8444
670321337,I2_1,10000,6205
282517106,I2_1,10000,5558
941878826,I2_1,10000,5046
156117025,I2_1,10000,2968
341837038,I2_1,10000,4049
526933172,I2_2,20000,6748
773060717,I2_2,20000,7362
1232539,I2_1,10000,5659
935968908,I2_2,20000,9386
222978705,I2_1,10000,3924
703783273,I2_2,20000,4856
740594206,I2_1,10000,4243
459898918,I2_2,20000,7983
749962193,I2_2,20000,4891
887820956,I2_1,10000,5481
521308398,I2_2,20000,4882
145017047,I2_1,10000,4317
647342,I2_1,10000,5357
592393709,I2_1,10000,5344
912494443,I2_1,10000,4712
675763547,I2_2,20000,7140
189243000,I2_2,20000,5960
809943158,I2_1,10000,6349
967418861,I2_2,20000,6254
995714339,I2_2,20000,7387
294261969,I2_2,20000,7378
604302134,I2_1,10000,4181
685875191,I2_1,10000,6193
176463601,I2_2,20000,6946
388913340,I2_2,20000,5785
787683250,I2_1,10000,4372
756886993,I2_2,20000,4826
833263251,I2_2,20000,4873
74647382,I2_1,10000,3359
978984862,I2_2,20000,5155
924027295,I2_2,20000,5591
939197258,I2_1,10000,2822
157983248,I2_1,10000,2918
716088827,I2_2,20000,4862
262062114,I2_1,10000,3112
998284741,I2_2,20000,6790
769905504,I2_1,10000,2843
577289554,I2_1,10000,2855
274963813,I2_1,10000,3007
748363671,I2_2,20000,4869
711275248,I2_1,10000,5426
390586338,I2_2,20000,8418
622628750,I2_1,10000,4620
140245546,I2_1,10000,3131
932129712,I2_1,10000,3229
152952162,I2_1,10000,4407
122640507,I2_2,20000,6792
275655793,I2_1,10000,4830
825408421,I2_2,20000,8598
698160484,I2_2,20000,5326
460877750,I2_1,10000,2886
376219471,I2_2,20000,5484
361532305,I2_1,10000,2813
871221198,I2_1,10000,2879
53189541,I2_1,10000,4010
57971339,I2_2,20000,4884
158208487,I2_1,10000,4285
977047671,I2_1,10000,4229
115261608,I2_1,10000,4484
148860769,I2_2,20000,4961
80860804,I2_1,10000,3025
709341450,I2_2,20000,6677
24038181,I2_2,20000,4811
934299194,I2_1,10000,2856
569088124,I2_1,10000,2828
177011041,I2_1,10000,3009
572159061,I2_2,20000,6247
745483297,I2_2,20000,5821
698557814,I2_1,10000,5631
189574211,I2_1,10000,5573
502591148,I2_1,10000,5178
910108390,I2_1,10000,3714
391036364,I2_1,10000,4713
130719591,I2_2,20000,7568
12073920,I2_2,20000,5214
102198333,I2_1,10000,5776
938920964,I2_1,10000,5275
545906191,I2_2,20000,8214
151299320,I2_1,10000,4210
698367895,I2_2,20000,6155
944936235,I2_1,10000,5258
945953591,I2_1,10000,3936
416277739,I2_2,20000,6162
370286057,I2_2,20000,6220
770119940,I2_2,20000,5641
711938358,I2_2,20000,5873
535731413,I2_2,20000,6783
580594229,I2_2,20000,7797
253281812,I2_2,20000,8873
253409959,I2_2,20000,9901
695274189,I2_2,20000,11230
732877558,I2_2,20000,7593
334190567,I2_2,20000,6333
435679309,I2_1,10000,3528
247854162,I2_1,10000,4096
845765054,I2_2,20000,7285
599363094,I2_2,20000,8440
138687542,I2_2,20000,10244
236395545,I2_2,20000,10028
3798709,I2_1,10000,4808
862896329,I2_2,20000,6222
874143926,I2_1,10000,4948
989968462,I2_2,20000,7263
234623726,I2_2,20000,7833
982093843,I2_2,20000,5753
475906256,I2_1,10000,4076
37730263,I2_1,10000,5186
683601014,I2_2,20000,6491
815836831,I2_1,10000,5907
714445110,I2_1,10000,4612
359034768,I2_1,10000,5168
193182401,I2_2,20000,8946
525158514,I2_2,20000,7753
75046045,I2_1,10000,4369
979361777,I2_2,20000,11459
365166738,I2_2,20000,9056
20297775,I2_2,20000,11225
828984289,I2_1,10000,5321
629879201,I2_2,20000,12728
841769702,I2_2,20000,13544
35411425,I2_2,20000,8460
480630396,I2_2,20000,5237
782096036,I2_1,10000,3409
608248490,I2_2,20000,5488
683792826,I2_1,10000,3522
290013989,I2_2,20000,5634
466461117,I2_2,20000,7358
512351078,I2_2,20000,6260
257830058,I2_2,20000,5659
245551130,I2_2,20000,5582
700534425,I2_2,20000,5686
70662685,I2_2,20000,6581
854833488,I2_1,10000,2714
38313701,I2_1,10000,2690
498823007,I2_2,20000,4662
534514042,I2_2,20000,5514
269858022,I2_1,10000,3851
294017968,I2_2,20000,4664
540975494,I2_2,20000,4702
689602514,I2_2,20000,5602
927241198,I2_2,20000,4705
629322405,I2_1,10000,3097
75246051,I2_2,20000,4672
470879895,I2_2,20000,5320
939212433,I2_1,10000,4755
411565846,I2_1,10000,5315
183900960,I2_1,10000,4033
423918510,I2_1,10000,3207
889137160,I2_1,10000,4808
325638059,I2_2,20000,6449
544705786,I2_2,20000,6315
435823728,I2_1,10000,2796
9872533,I2_1,10000,2816
269179735,I2_2,20000,4737
179937661,I2_1,10000,2763
526239338,I2_1,10000,2740
55618631,I2_2,20000,5723
43891239,I2_2,20000,5281
108427039,I2_1,10000,4691
6175219,I2_2,20000,6824
44694994,I2_2,20000,5729
190034353,I2_1,10000,2821
155167078,I2_2,20000,6668
784892734,I2_2,20000,5551
607377140,I2_1,10000,4533
812322516,I2_2,20000,8374
42601468,I2_1,10000,3903
900402178,I2_1,10000,3340
911296978,I2_2,20000,5524
913035867,I2_1,10000,4997
97998127,I2_1,10000,4580
510517233,I2_2,20000,9138
562215217,I2_2,20000,9414
273306318,I2_2,20000,5968
655809572,I2_2,20000,5625
335385800,I2_1,10000,3529
986456019,I2_1,10000,2722
971495286,I2_1,10000,2875
399125323,I2_1,10000,9457
27093059,I2_2,20000,7120
366384638,I2_2,20000,4880
214390950,I2_1,10000,5422
985490814,I2_1,10000,6053
79898840,I2_2,20000,6717
37928253,I2_1,10000,3952
192479304,I2_1,10000,3825
416361300,I2_1,10000,5166
408632385,I2_1,10000,4259
487511521,I2_1,10000,4831
310766086,I2_1,10000,4807
962971958,I2_2,20000,10097
220846263,I2_1,10000,6285
253833312,I2_1,10000,5184
953963079,I2_1,10000,6076
893392621,I2_2,20000,5306
916705741,I2_1,10000,4706
74553359,I2_1,10000,3120
551543332,I2_2,20000,8354
691352955,I2_1,10000,2774
487148687,I2_2,20000,4828
572664379,I2_1,10000,3190
390319591,I2_2,20000,4897
543796628,I2_1,10000,4348
714737121,I2_2,20000,8019
648269714,I2_2,20000,8061
918805078,I2_1,10000,2806
174443529,I2_1,10000,3912
614247795,I2_1,10000,2691
288209799,I2_1,10000,2797
906746761,I2_2,20000,6014
996503801,I2_1,10000,4863
908065721,I2_1,10000,4266
364105837,I2_1,10000,6079
105969086,I2_2,20000,8888
930858769,I2_2,20000,7549
802187358,I2_1,10000,6217
239748186,I2_2,20000,4802
793138898,I2_2,20000,4853
671388898,I2_2,20000,5016
787560448,I2_2,20000,5587
951192420,I2_1,10000,2809
996369676,I2_1,10000,4549
517198421,I2_2,20000,5313
528557062,I2_1,10000,4234
148257173,I2_2,20000,6880
203273801,I2_2,20000,6275
348852162,I2_1,10000,5547
661768166,I2_2,20000,6283
710412933,I2_1,10000,4994
445369122,I2_2,20000,8159
433625781,I2_2,20000,5908
235417740,I2_2,20000,8094
913721312,I2_2,20000,9801
328860348,I2_2,20000,6657
983197962,I2_1,10000,4104
338345440,I2_1,10000,5242
456240073,I2_1,10000,3382
118940851,I2_2,20000,6314
82510258,I2_2,20000,5193
416166210,I2_1,10000,3571
424458876,I2_1,10000,4785
66224611,I2_1,10000,4378
889600459,I2_2,20000,9561
488059664,I2_1,10000,4255
367059304,I2_1,10000,5882
34773452,I2_2,20000,9243
396847684,I2_2,20000,9113
747722224,I2_2,20000,10051
522783326,I2_1,10000,5340
477292739,I2_2,20000,9728
728276886,I2_2,20000,7973
917441402,I2_1,10000,2633
8050735,I2_2,20000,5047
261281779,I2_2,20000,5044
344702058,I2_1,10000,5529
794737118,I2_2,20000,8166
517453095,I2_1,10000,4695
188474195,I2_2,20000,7781
991358244,I2_1,10000,3043
959481943,I2_1,10000,3413
442002049,I2_2,20000,7789
482328807,I2_2,20000,8705
37736364,I2_2,20000,10519
547873642,I2_1,10000,5531
336968779,I2_1,10000,5649
747257092,I2_1,10000,4939
559263610,I2_1,10000,2816
239620713,I2_1,10000,2759
72103305,I2_2,20000,5117
202071275,I2_1,10000,3029
417918821,I2_2,20000,4657
949988087,I2_2,20000,5585
306537408,I2_1,10000,2726
747886086,I2_2,20000,4789
538061631,I2_2,20000,6866
707800642,I2_1,10000,3318
822976107,I2_1,10000,4112
730811349,I2_1,10000,2999
271775457,I2_2,20000,5149
713147891,I2_2,20000,4605
58182351,I2_2,20000,6801
326561172,I2_2,20000,5528
635548493,I2_2,20000,7644
939302893,I2_2,20000,8599
590014345,I2_2,20000,9612
649086432,I2_2,20000,9634
747611674,I2_2,20000,9489
340565420,I2_2,20000,7422
90411567,I2_2,20000,7061
493924953,I2_1,10000,5490
246752255,I2_1,10000,6573
785836328,I2_1,10000,3672
79759594,I2_2,20000,4688
242753238,I2_2,20000,6797
974933532,I2_1,10000,3809
304053836,I2_2,20000,9437
779301212,I2_2,20000,7677
151909422,I2_1,10000,4685
892263767,I2_2,20000,10799
424314354,I2_1,10000,3182
371445581,I2_2,20000,4909
665319773,I2_1,10000,3490
524612931,I2_2,20000,6674
509488509,I2_2,20000,7761
609225203,I2_2,20000,7972
488330553,I2_2,20000,5797
904717571,I2_2,20000,4665
419838308,I2_2,20000,4742
646948147,I2_1,10000,2762
375788082,I2_1,10000,4322
412221008,I2_1,10000,4952
462480314,I2_2,20000,5152
519619211,I2_1,10000,4222
608473260,I2_1,10000,4760
853681649,I2_2,20000,5443
61469810,I2_2,20000,7795
168753950,I2_1,10000,2759
89596405,I2_1,10000,2698
583196060,I2_2,20000,4732
236724052,I2_2,20000,4963
248793451,I2_2,20000,7650
928900939,I2_1,10000,3925
105877372,I2_2,20000,8238
290733695,I2_1,10000,3874
113327287,I2_1,10000,5063
973875060,I2_2,20000,10942
134768945,I2_1,10000,6502
171919268,I2_2,20000,10988
345295446,I2_2,20000,10786
243549364,I2_2,20000,10136
993329784,I2_2,20000,10584
673875062,I2_2,20000,11535
152833073,I2_1,10000,5243
65234775,I2_2,20000,12910
170672687,I2_1,10000,5382
611119642,I2_2,20000,14437
554531912,I2_1,10000,6419
575337383,I2_2,20000,9753
347512799,I2_2,20000,8172
147482342,I2_2,20000,7097
353435234,I2_1,10000,4534
124224731,I2_1,10000,3748
827042486,I2_1,10000,4836
161096573,I2_1,10000,4792
914227548,I2_2,20000,11062
552032776,I2_2,20000,11956
703128981,I2_2,20000,6588
548077106,I2_2,20000,7534
31596500,I2_2,20000,5519
308055589,I2_2,20000,6460
657914243,I2_1,10000,2755
86835744,I2_1,10000,2543
278933915,I2_2,20000,5282
42066017,I2_1,10000,2604
221685022,I2_1,10000,2654
433159141,I2_2,20000,5233
78136601,I2_1,10000,2588
1400934,I2_1,10000,2754
290793676,I2_2,20000,5466
644102582,I2_2,20000,4609
688504114,I2_2,20000,4734
72584600,I2_1,10000,3098
43625346,I2_2,20000,5566
233777390,I2_2,20000,4872
95232095,I2_1,10000,3082
246959497,I2_2,20000,4799
862815745,I2_1,10000,5321
854748289,I2_2,20000,5441
298847495,I2_1,10000,4636
2584550,I2_2,20000,6791
875654167,I2_2,20000,9046
63689435,I2_2,20000,7478
378259404,I2_2,20000,7232
168216047,I2_2,20000,6125
769920930,I2_2,20000,5712
604338851,I2_1,10000,6273
878463815,I2_1,10000,5654
619297000,I2_2,20000,7887
610166357,I2_2,20000,7768
739031456,I2_2,20000,4666
140623761,I2_1,10000,3017
430766924,I2_2,20000,6477
100492049,I2_2,20000,5493
583606699,I2_2,20000,6397
67804909,I2_1,10000,3459
936358515,I2_1,10000,2834
985845899,I2_2,20000,5282
819927581,I2_2,20000,4782
874444056,I2_2,20000,4997
884479897,I2_1,10000,3722
192292510,I2_2,20000,5111
279025153,I2_2,20000,4938
73031934,I2_2,20000,5057
612332153,I2_2,20000,4774
215167130,I2_2,20000,4957
717024278,I2_2,20000,5937
707525477,I2_2,20000,6621
112367005,I2_2,20000,6298
154738733,I2_2,20000,5061
43469299,I2_2,20000,6813
437414584,I2_2,20000,6202
21973637,I2_2,20000,6599
232565239,I2_1,10000,4842
612228431,I2_2,20000,7722
642401453,I2_1,10000,4901
48994157,I2_1,10000,4920
780860174,I2_2,20000,9653
527267403,I2_2,20000,10020
785044496,I2_2,20000,9783
951499708,I2_1,10000,2635
316792903,I2_2,20000,5038
725962754,I2_1,10000,2669
522038151,I2_1,10000,2732
230057126,I2_1,10000,4428
304179717,I2_2,20000,4970
855125709,I2_1,10000,5075
884180542,I2_1,10000,6169
366195780,I2_1,10000,3713
176759596,I2_1,10000,3062
599728172,I2_1,10000,4598
955810710,I2_2,20000,6332
400881290,I2_2,20000,8281
324018536,I2_1,10000,4798
128688619,I2_1,10000,3533
140343571,I2_2,20000,4644
500774161,I2_2,20000,5521
841956675,I2_2,20000,5571
532536280,I2_2,20000,4681
540038208,I2_2,20000,5677
931547931,I2_2,20000,4645
169274018,I2_1,10000,3636
227840200,I2_2,20000,5234
583162724,I2_1,10000,3539
177176044,I2_2,20000,5120
219842745,I2_1,10000,2662
189707450,I2_2,20000,4741
3496177,I2_2,20000,6800
456656096,I2_2,20000,5307
520397487,I2_1,10000,5875
117368055,I2_1,10000,3594
320136361,I2_2,20000,6841
424598474,I2_1,10000,5059
597646195,I2_1,10000,2617
645256410,I2_2,20000,4984
798336814,I2_2,20000,5949
339830759,I2_1,10000,3986
943808254,I2_1,10000,3240
978250579,I2_2,20000,5187
127077579,I2_1,10000,3771
123799347,I2_1,10000,3773
74301481,I2_1,10000,3833
603358513,I2_2,20000,4814
25737225,I2_2,20000,5820
807442916,I2_1,10000,5642
772697476,I2_1,10000,3527
193516540,I2_1,10000,4289
414874577,I2_2,20000,6833
958643741,I2_2,20000,4849
208147084,I2_2,20000,5917
910991011,I2_2,20000,5902
759224577,I2_2,20000,6986
656065056,I2_2,20000,7490
493565423,I2_1,10000,5605
347813689,I2_1,10000,6068
433150577,I2_1,10000,5568
649102823,I2_2,20000,10680
171736453,I2_2,20000,5679
509860064,I2_1,10000,3892
617919352,I2_2,20000,6378
387835575,I2_2,20000,8603
936970281,I2_1,10000,5587
304634097,I2_2,20000,8482
679234368,I2_1,10000,4135
426052101,I2_2,20000,8528
60178235,I2_1,10000,3916
598331095,I2_1,10000,5035
615328387,I2_2,20000,11756
42116554,I2_2,20000,12305
356561980,I2_2,20000,12729
327848527,I2_2,20000,8897
894933405,I2_1,10000,6033
895213148,I2_1,10000,5610
95244318,I2_2,20000,9987
677510390,I2_1,10000,4532
729768041,I2_1,10000,5146
460256748,I2_2,20000,4610
417661481,I2_1,10000,3252
783402725,I2_1,10000,3828
875996852,I2_1,10000,5025
153868314,I2_1,10000,5586
798081265,I2_1,10000,4259
221723489,I2_2,20000,4767
380569726,I2_1,10000,2728
408144584,I2_1,10000,3511
860515651,I2_2,20000,4742
66272869,I2_2,20000,4622
619306114,I2_1,10000,2740
101755737,I2_1,10000,3023
270767568,I2_2,20000,5143
96750576,I2_1,10000,2813
107213904,I2_2,20000,5630
784403476,I2_2,20000,4861
100151853,I2_1,10000,2827
286418619,I2_2,20000,4815
535985507,I2_2,20000,4892
539350748,I2_1,10000,2866
77799442,I2_2,20000,4842
734006225,I2_1,10000,3252
60979864,I2_1,10000,2892
893735378,I2_2,20000,5634
239232189,I2_2,20000,4962
971897236,I2_1,10000,3405
707059246,I2_1,10000,3469
961063483,I2_2,20000,4920
660825881,I2_2,20000,5018
314483506,I2_1,10000,2917
109865017,I2_1,10000,2943
85661094,I2_1,10000,3070
730353114,I2_1,10000,2833
201139943,I2_1,10000,2957
763579381,I2_1,10000,4022
794836192,I2_1,10000,2859
720727523,I2_1,10000,3332
246160723,I2_2,20000,5904
545664990,I2_1,10000,3277
252472565,I2_2,20000,5484
29481763,I2_1,10000,5001
161610337,I2_2,20000,7118
822709280,I2_1,10000,5935
977763280,I2_1,10000,4667
793536374,I2_2,20000,9767
208377216,I2_1,10000,5515
529746140,I2_1,10000,5375
905294434,I2_1,10000,5926
434337014,I2_1,10000,5315
579111753,I2_1,10000,4774
879708703,I2_2,20000,7701
705876893,I2_2,20000,5642
221435183,I2_1,10000,3141
851463372,I2_1,10000,3237
825045754,I2_2,20000,4879
296654523,I2_2,20000,7019
516592762,I2_1,10000,2970
146098140,I2_2,20000,5595
933873168,I2_2,20000,5136
994258731,I2_2,20000,7327
465408199,I2_1,10000,3769
410008598,I2_1,10000,2738
394031994,I2_2,20000,5862
822917302,I2_2,20000,5345
989788525,I2_2,20000,5907
401530918,I2_1,10000,2977
815713282,I2_1,10000,3219
134434421,I2_1,10000,3691
33329514,I2_1,10000,4752
683235859,I2_1,10000,2838
676111087,I2_1,10000,3157
630578894,I2_2,20000,4825
246730181,I2_1,10000,3589
878213290,I2_1,10000,2740
812550522,I2_1,10000,2803
277013656,I2_2,20000,5057
854541554,I2_1,10000,3308
59693087,I2_1,10000,2850
450662493,I2_1,10000,2860
834327531,I2_2,20000,4828
96024468,I2_2,20000,5768
707250117,I2_1,10000,3573
142569853,I2_2,20000,5005
561105813,I2_1,10000,2791
743120715,I2_2,20000,5834
833189646,I2_1,10000,2809
839081662,I2_1,10000,2834
853224341,I2_1,10000,3352
282331617,I2_2,20000,4896
332358334,I2_2,20000,4837
190925588,I2_2,20000,5843
172798466,I2_2,20000,6723
856617014,I2_1,10000,2795
399351995,I2_2,20000,4874
905771357,I2_2,20000,5864
408200065,I2_2,20000,5705
871704392,I2_1,10000,2759
88717310,I2_2,20000,5333
433318632,I2_1,10000,4721
722236747,I2_2,20000,6840
129675129,I2_2,20000,8904
254547947,I2_1,10000,4573
967103229,I2_1,10000,5801
394822702,I2_1,10000,5876
605213095,I2_1,10000,5918
737280954,I2_1,10000,6450
761625113,I2_2,20000,11093
301044899,I2_1,10000,7039
769614225,I2_1,10000,6536
605101938,I2_2,20000,14975
363240411,I2_1,10000,4587
276793839,I2_2,20000,9802
935454924,I2_1,10000,5207
192068038,I2_1,10000,4593
934485730,I2_1,10000,3303
3976583,I2_2,20000,5504
486590384,I2_1,10000,5811
189551704,I2_1,10000,3438
675113032,I2_2,20000,7912
360701888,I2_2,20000,10173
248363062,I2_1,10000,3303
491809506,I2_1,10000,4327
158558865,I2_1,10000,3189
348384608,I2_2,20000,6503
748118004,I2_2,20000,5868
541503058,I2_1,10000,5195
478650172,I2_2,20000,4866
628746221,I2_2,20000,4782
534313707,I2_2,20000,5698
519339166,I2_1,10000,5021
779867446,I2_1,10000,3687
249808832,I2_1,10000,5162
688360761,I2_1,10000,4861
618649264,I2_2,20000,10835
814218615,I2_2,20000,9914
930949277,I2_1,10000,4510
9663080,I2_2,20000,12693
479798166,I2_2,20000,12710
604534048,I2_2,20000,10735
785552257,I2_1,10000,6848
48992863,I2_1,10000,5253
41401110,I2_1,10000,6876
699029030,I2_2,20000,11160
451116205,I2_2,20000,12738
389662370,I2_2,20000,14021
315613771,I2_1,10000,6696
882446871,I2_2,20000,15132
777873598,I2_2,20000,10498
538465994,I2_1,10000,6010
763827149,I2_2,20000,10430
582676449,I2_1,10000,4759
367752860,I2_2,20000,13871
815484285,I2_1,10000,4539
490690276,I2_2,20000,17771
388227650,I2_1,10000,6215
266928886,I2_1,10000,5616
499612727,I2_2,20000,8328
97827477,I2_1,10000,6601
398112502,I2_1,10000,5041
140453357,I2_1,10000,6617
761620319,I2_2,20000,9427
302929654,I2_2,20000,10896
984246763,I2_1,10000,3277
781424745,I2_2,20000,4641
186888700,I2_1,10000,2738
907334657,I2_1,10000,2734
651751507,I2_2,20000,5617
247799259,I2_1,10000,4539
807542218,I2_1,10000,2956
304972307,I2_2,20000,4633
823088766,I2_1,10000,2877
532493537,I2_1,10000,2788
936202634,I2_1,10000,2753
842171414,I2_1,10000,2849
589163146,I2_1,10000,3379
515851816,I2_2,20000,6006
374368622,I2_1,10000,3921
992990947,I2_2,20000,9180
953540537,I2_2,20000,9915
475405004,I2_2,20000,5522
107933295,I2_1,10000,2905
22809726,I2_2,20000,7684
572761035,I2_1,10000,3806
306019497,I2_1,10000,2740
253801428,I2_2,20000,4741
767523553,I2_2,20000,5575
284045367,I2_1,10000,3482
358997491,I2_2,20000,5139
225779515,I2_2,20000,5454
845761787,I2_1,10000,3466
546817825,I2_1,10000,3089
851680880,I2_1,10000,4174
600547790,I2_1,10000,2949
557469980,I2_2,20000,4625
201680929,I2_2,20000,4824
116777061,I2_1,10000,3308
131638218,I2_2,20000,5457
343635858,I2_1,10000,4164
317688382,I2_2,20000,5705
545959754,I2_1,10000,5024
368399598,I2_2,20000,5680
239858943,I2_2,20000,4709
970997802,I2_1,10000,3348
395960586,I2_2,20000,5576
644876744,I2_1,10000,5721
281534736,I2_1,10000,4661
710452277,I2_1,10000,5263
203829303,I2_2,20000,7841
372242430,I2_2,20000,5926
15459022,I2_1,10000,3141
185836892,I2_1,10000,3049
890224508,I2_2,20000,4701
733770592,I2_1,10000,4123
511169089,I2_1,10000,2648
494126660,I2_2,20000,4665
417758522,I2_2,20000,5682
841595967,I2_2,20000,4657
283275238,I2_1,10000,2700
524000246,I2_1,10000,3594
107117258,I2_2,20000,5379
662850469,I2_2,20000,6331
387647462,I2_2,20000,5206
102294868,I2_1,10000,2715
610575681,I2_2,20000,5243
371697653,I2_1,10000,4239
497357603,I2_2,20000,6491
704751602,I2_1,10000,5149
90316736,I2_2,20000,7695
968027573,I2_1,10000,2733
427790256,I2_1,10000,2799
28946523,I2_1,10000,2945
364422063,I2_2,20000,5294
631757273,I2_2,20000,6967
37135773,I2_2,20000,7597
78891872,I2_2,20000,6491
844108249,I2_1,10000,4740
884891637,I2_1,10000,4101
436382415,I2_2,20000,4957
519340801,I2_1,10000,3304
53019814,I2_1,10000,4507
9983676,I2_1,10000,3810
640338630,I2_2,20000,5078
590346171,I2_2,20000,5325
963536987,I2_2,20000,4852
179360469,I2_1,10000,4104
220864228,I2_2,20000,6344
399270105,I2_1,10000,5893
386557492,I2_1,10000,5953
603773006,I2_1,10000,4904
34373466,I2_2,20000,12148
244880219,I2_1,10000,5257
688615072,I2_1,10000,4675
536088640,I2_2,20000,13872
944807516,I2_2,20000,8569
737540636,I2_2,20000,5761
970757058,I2_1,10000,5168
439305071,I2_2,20000,4749
524777248,I2_2,20000,4933
944206019,I2_1,10000,4302
997891695,I2_2,20000,5740
248916478,I2_2,20000,4999
234924032,I2_2,20000,5576
41945921,I2_2,20000,5943
675613782,I2_1,10000,5322
519032234,I2_1,10000,4135
250373118,I2_1,10000,3277
850426122,I2_1,10000,3927
743587263,I2_2,20000,6552
843974154,I2_1,10000,4022
17840599,I2_2,20000,4893
484515608,I2_2,20000,6002
173422058,I2_2,20000,4798
21049606,I2_1,10000,3677
24795887,I2_1,10000,2982
979448910,I2_1,10000,3194
118118759,I2_1,10000,4865
197810540,I2_2,20000,5119
884274360,I2_2,20000,4804
198351773,I2_1,10000,5370
953869271,I2_2,20000,5735
575016440,I2_1,10000,2824
363775014,I2_2,20000,6173
111608457,I2_2,20000,4783
586172929,I2_2,20000,4806
603798111,I2_2,20000,4837
228301421,I2_1,10000,2951
401004005,I2_1,10000,4185
825444736,I2_1,10000,4174
457084797,I2_1,10000,4174
385948039,I2_2,20000,7603
511195230,I2_1,10000,4214
257480341,I2_2,20000,5459
59310721,I2_1,10000,3094
213308076,I2_2,20000,4726
810950622,I2_1,10000,2865
76325837,I2_2,20000,5592
57005320,I2_1,10000,5628
463706045,I2_2,20000,6518
269380693,I2_2,20000,8661
810405210,I2_2,20000,10754
594211149,I2_1,10000,3622
867183049,I2_1,10000,2784
940608105,I2_1,10000,4959
68302631,I2_1,10000,4367
966713400,I2_2,20000,6618
471209957,I2_2,20000,4786
670234153,I2_2,20000,4823
870230852,I2_1,10000,5409
95520990,I2_1,10000,6409
597792183,I2_1,10000,6405
46356,I2_2,20000,4880
434072103,I2_1,10000,3280
867341618,I2_2,20000,5735
105577360,I2_1,10000,3123
497273095,I2_1,10000,3242
471862591,I2_1,10000,4690
559191128,I2_1,10000,4650
323081779,I2_2,20000,8032
736227100,I2_1,10000,6287
195245964,I2_1,10000,5553
642821642,I2_1,10000,6148
732723503,I2_1,10000,6667
553645218,I2_2,20000,13185
56399864,I2_1,10000,5131
457497375,I2_2,20000,9740
531766986,I2_2,20000,11377
833146568,I2_1,10000,5052
336811027,I2_2,20000,15111
527908141,I2_1,10000,5394
135245153,I2_1,10000,5055
713084010,I2_2,20000,13571
960724209,I2_2,20000,14556
999050384,I2_1,10000,2840
629751232,I2_1,10000,2818
73091296,I2_1,10000,3030
891591344,I2_1,10000,3838
537686833,I2_2,20000,6892
845644286,I2_2,20000,5542
621578189,I2_1,10000,4223
551297843,I2_1,10000,3710
862317056,I2_1,10000,2711
449104601,I2_1,10000,2685
567861930,I2_1,10000,2789
338651318,I2_2,20000,5172
228879024,I2_2,20000,5588
169743440,I2_1,10000,3957
186455572,I2_2,20000,4985
372609050,I2_1,10000,2682
623197895,I2_2,20000,5227
300237261,I2_1,10000,4569
328045362,I2_2,20000,7156
485977774,I2_1,10000,4219
862562160,I2_1,10000,5508
83683955,I2_1,10000,5547
636110391,I2_1,10000,5946
592792311,I2_2,20000,13938
107716073,I2_1,10000,6458
833963366,I2_1,10000,5970
881980452,I2_2,20000,14864
147619355,I2_1,10000,7513
289435239,I2_1,10000,8677
868234213,I2_1,10000,6803
387374785,I2_1,10000,6947
552730169,I2_1,10000,5622
142363211,I2_1,10000,6206
301977427,I2_2,20000,15984
14588740,I2_2,20000,18661
985502663,I2_1,10000,8288
540975534,I2_1,10000,5417
746042664,I2_2,20000,12077
373032876,I2_2,20000,12464
21394226,I2_2,20000,10917
219968777,I2_1,10000,5166
940692540,I2_1,10000,2792
777457618,I2_1,10000,4357
23405958,I2_2,20000,5564
480205523,I2_2,20000,5422
406771119,I2_2,20000,5945
607111522,I2_1,10000,2705
617519561,I2_1,10000,4353
538833983,I2_1,10000,3739
576306303,I2_2,20000,5456
808792201,I2_1,10000,3699
259146742,I2_1,10000,3173
816716668,I2_2,20000,6173
536810996,I2_1,10000,2758
340750772,I2_1,10000,3114
142436012,I2_1,10000,4168
816909953,I2_1,10000,2752
892747865,I2_2,20000,4767
493470224,I2_1,10000,2748
636360471,I2_1,10000,3251
650885127,I2_1,10000,2784
671482918,I2_1,10000,2815
35087832,I2_2,20000,4704
554832686,I2_1,10000,3010
457914883,I2_1,10000,2680
455936453,I2_1,10000,2709
684334167,I2_2,20000,5056
573770934,I2_2,20000,4722
779260079,I2_2,20000,6878
645753477,I2_2,20000,4882
831554102,I2_2,20000,5123
543842868,I2_1,10000,2743
782083059,I2_2,20000,4823
794447308,I2_1,10000,4171
596717893,I2_2,20000,7630
864505654,I2_1,10000,4818
50073182,I2_1,10000,3405
602849887,I2_1,10000,4509
275162055,I2_2,20000,10883
152224677,I2_1,10000,6115
874252697,I2_1,10000,4486
302169432,I2_2,20000,8584
601747799,I2_2,20000,4675
456314763,I2_1,10000,4014
513062638,I2_2,20000,6237
681410752,I2_1,10000,2749
236721751,I2_1,10000,2706
762773419,I2_2,20000,5270
410614223,I2_2,20000,5982
819053121,I2_1,10000,4138
101563298,I2_2,20000,5088
784125952,I2_2,20000,7334
148690028,I2_2,20000,6703
733980960,I2_2,20000,6773
444253302,I2_2,20000,4761
803053401,I2_2,20000,5761
620970771,I2_2,20000,4797
83269451,I2_2,20000,5700
165802439,I2_1,10000,2924
572602571,I2_2,20000,7976
372217304,I2_1,10000,5074
788369022,I2_1,10000,4688
141696495,I2_2,20000,9608
755160866,I2_1,10000,5709
876056506,I2_1,10000,4427
965606010,I2_2,20000,9384
862010022,I2_2,20000,10070
870808793,I2_2,20000,10969
238134686,I2_2,20000,4824
993413213,I2_1,10000,3087
225058135,I2_2,20000,7920
802374298,I2_2,20000,5232
194815682,I2_2,20000,6300
195441929,I2_1,10000,4741
967205619,I2_1,10000,4648
408158021,I2_1,10000,5340
679249764,I2_1,10000,4556
746853618,I2_1,10000,3047
651913531,I2_1,10000,4684
841410486,I2_2,20000,6798
917259031,I2_2,20000,7675
200983172,I2_2,20000,9422
558851716,I2_2,20000,9943
690363812,I2_2,20000,4673
66361021,I2_2,20000,5552
378061868,I2_2,20000,6718
665186279,I2_2,20000,7606
771475031,I2_1,10000,3579
143932007,I2_2,20000,4828
217128584,I2_2,20000,6619
526788589,I2_2,20000,6463
405116452,I2_1,10000,2781
274511681,I2_1,10000,3885
230017831,I2_2,20000,5661
737637331,I2_1,10000,2602
772105087,I2_2,20000,5839
648669097,I2_2,20000,4778
644183287,I2_2,20000,5651
216945033,I2_1,10000,2729
953719349,I2_1,10000,2734
376495427,I2_2,20000,5048
819581945,I2_2,20000,4680
407190460,I2_1,10000,5271
482653400,I2_1,10000,5707
791674826,I2_2,20000,6356
505803345,I2_2,20000,8541
346400355,I2_2,20000,5972
861468787,I2_1,10000,3579
371585582,I2_2,20000,7029
14605996,I2_1,10000,4673
306440975,I2_2,20000,5697
206344050,I2_1,10000,4222
719531397,I2_2,20000,5766
484874545,I2_1,10000,3061
40131235,I2_1,10000,3717
895703096,I2_1,10000,2747
734094531,I2_1,10000,2742
256245288,I2_1,10000,3187
881104248,I2_2,20000,6033
140804324,I2_1,10000,3141
891052799,I2_1,10000,4373
254696426,I2_1,10000,3275
210546076,I2_2,20000,5755
267523488,I2_2,20000,6890
118852406,I2_1,10000,4425
477458416,I2_2,20000,8168
204137382,I2_2,20000,4740
622834857,I2_2,20000,6861
525609111,I2_1,10000,3224
181208058,I2_1,10000,3749
775787529,I2_1,10000,3969
958050731,I2_1,10000,4739
592870335,I2_1,10000,3673
145347396,I2_2,20000,4766
105713199,I2_1,10000,4224
195581551,I2_1,10000,2721
72440295,I2_2,20000,5040
462897079,I2_1,10000,3066
881887549,I2_2,20000,4711
161890424,I2_1,10000,2830
176912544,I2_1,10000,3928
111679634,I2_2,20000,4729
758127310,I2_2,20000,5683
339596262,I2_2,20000,4915
566395140,I2_1,10000,2657
469487051,I2_2,20000,4666
178787190,I2_2,20000,4681
8269612,I2_1,10000,2757
762904714,I2_2,20000,5336
15469425,I2_2,20000,5128
561090086,I2_2,20000,5307
900142715,I2_1,10000,5778
975239612,I2_1,10000,2988
672297986,I2_2,20000,6750
79678167,I2_1,10000,3456
280843318,I2_2,20000,4736
300817802,I2_2,20000,4696
919298451,I2_1,10000,3232
270901120,I2_2,20000,4760
576500070,I2_1,10000,5303
842582383,I2_1,10000,2849
170241270,I2_1,10000,3995
450402919,I2_1,10000,3205
816275556,I2_2,20000,4810
593166174,I2_1,10000,2694
906904084,I2_1,10000,2725
607327581,I2_1,10000,2611
718619466,I2_1,10000,2760
686562351,I2_1,10000,2938
604992466,I2_1,10000,3253
672125644,I2_2,20000,5307
522480426,I2_2,20000,6870
528045192,I2_1,10000,6719
274922110,I2_1,10000,7287
67937906,I2_1,10000,4739
147147299,I2_2,20000,10730
135701416,I2_1,10000,5890
389335754,I2_1,10000,5897
160104908,I2_1,10000,5776
476180403,I2_2,20000,13083
342649227,I2_1,10000,5662
162136661,I2_1,10000,7531
880396062,I2_1,10000,6434
85821321,I2_2,20000,16066
35273353,I2_2,20000,19407
397474447,I2_1,10000,8610
911594262,I2_2,20000,20387
273244723,I2_1,10000,11304
963534743,I2_1,10000,11072
617072479,I2_1,10000,8468
923289549,I2_1,10000,8937
466147579,I2_2,20000,16645
922153959,I2_2,20000,17717
895723091,I2_2,20000,8867
776583686,I2_2,20000,9866
965778734,I2_1,10000,6553
790018183,I2_2,20000,9852
480052824,I2_2,20000,11142
305501358,I2_2,20000,10048
84882961,I2_2,20000,4776
173820237,I2_2,20000,4805
669508141,I2_1,10000,3014
359708876,I2_1,10000,2650
568189048,I2_1,10000,3137
818579935,I2_2,20000,4935
765631153,I2_2,20000,5164
866437722,I2_1,10000,4523
526431455,I2_2,20000,7123
118709488,I2_1,10000,3022
79339064,I2_2,20000,5599
795664043,I2_2,20000,5103
317996983,I2_1,10000,3111
830283863,I2_2,20000,8228
2383918,I2_1,10000,2766
286099912,I2_2,20000,4723
693697884,I2_2,20000,5737
17889561,I2_2,20000,5181
942309903,I2_1,10000,5715
7513056,I2_2,20000,7886
481015525,I2_2,20000,9351
484306846,I2_1,10000,4312
413455250,I2_2,20000,12021
208178699,I2_2,20000,11734
252666502,I2_2,20000,10610
69979387,I2_2,20000,5803
970734689,I2_2,20000,5647
452623606,I2_1,10000,2690
439832234,I2_2,20000,8876
876786049,I2_2,20000,4766
412076430,I2_1,10000,2779
642018992,I2_2,20000,5285
597836225,I2_1,10000,4205
239629741,I2_2,20000,5583
594093667,I2_2,20000,6094
334315858,I2_2,20000,4893
779882640,I2_2,20000,6019
590882761,I2_1,10000,4188
644230254,I2_1,10000,4087
35208902,I2_1,10000,3542
997485797,I2_2,20000,11368
5178462,I2_2,20000,13495
529352389,I2_2,20000,13193
919941961,I2_2,20000,9700
45527311,I2_2,20000,11932
633428102,I2_2,20000,4843
434918934,I2_1,10000,5501
598697271,I2_2,20000,6249
857762984,I2_1,10000,4449
12408131,I2_2,20000,8913
597048064,I2_1,10000,4522
413441551,I2_2,20000,11672
350731212,I2_2,20000,11953
559896343,I2_1,10000,2940
23863224,I2_1,10000,3764
603769814,I2_2,20000,4848
122541660,I2_2,20000,4988
79801281,I2_2,20000,5651
342432568,I2_1,10000,4030
690991272,I2_2,20000,4616
796832836,I2_1,10000,2737
724955459,I2_2,20000,5175
178849943,I2_1,10000,3073
53570453,I2_1,10000,3962
862954838,I2_2,20000,4749
15334870,I2_2,20000,6846
352931941,I2_2,20000,6138
432690846,I2_1,10000,4604
997848723,I2_1,10000,3065
690955176,I2_1,10000,4061
940618680,I2_1,10000,4848
682134711,I2_2,20000,5211
906977715,I2_2,20000,5156
415329360,I2_2,20000,4665
514867514,I2_1,10000,2796
612315374,I2_1,10000,3204
232498099,I2_2,20000,5858
738976136,I2_1,10000,2820
935571471,I2_1,10000,3329
511943323,I2_2,20000,5017
293722738,I2_1,10000,4141
567851310,I2_2,20000,4865
762499808,I2_2,20000,5203
310819700,I2_2,20000,6498
529871865,I2_1,10000,4941
515919570,I2_2,20000,5003
507275935,I2_2,20000,6112
304557295,I2_1,10000,2808
293285260,I2_1,10000,3429
702354038,I2_2,20000,6071
123789188,I2_1,10000,2823
983513753,I2_2,20000,5570
860267256,I2_1,10000,2737
505270820,I2_1,10000,2771
445411250,I2_1,10000,3254
859971293,I2_2,20000,4792
937412542,I2_2,20000,5906
705163693,I2_2,20000,7642
901936243,I2_1,10000,3664
922058452,I2_2,20000,5806
997098647,I2_2,20000,7067
316063402,I2_2,20000,5388
284112068,I2_1,10000,3633
744598562,I2_2,20000,5312
658342329,I2_2,20000,5095
197747086,I2_1,10000,2826
812506729,I2_2,20000,5391
811153558,I2_1,10000,3626
822751898,I2_1,10000,3013
153310839,I2_2,20000,8781
620283709,I2_2,20000,4693
882434285,I2_2,20000,4854
538493246,I2_1,10000,4117
27694556,I2_2,20000,4748
780707197,I2_1,10000,5333
858389086,I2_1,10000,2919
318196798,I2_1,10000,4169
421830885,I2_1,10000,3281
308191451,I2_1,10000,3058
517859922,I2_2,20000,5874
506033460,I2_1,10000,3068
283499548,I2_2,20000,4686
410636721,I2_1,10000,3428
592509979,I2_2,20000,5222
193015563,I2_1,10000,4633
303187175,I2_1,10000,4165
117485384,I2_2,20000,6737
18514086,I2_2,20000,4752
902436251,I2_2,20000,6931
340751497,I2_2,20000,5164
889474185,I2_2,20000,4716
833105898,I2_1,10000,2975
741826065,I2_2,20000,4674
637685859,I2_2,20000,4988
378621119,I2_2,20000,4769
415208536,I2_2,20000,4797
254983230,I2_1,10000,4204
403780278,I2_1,10000,2831
143324387,I2_2,20000,5794
686580945,I2_2,20000,5311
927341575,I2_1,10000,4763
658597179,I2_2,20000,8111
488188956,I2_1,10000,4495
513229937,I2_1,10000,3327
577881741,I2_1,10000,2927
49341224,I2_1,10000,4098
919741394,I2_1,10000,2751
157075890,I2_1,10000,2758
940753595,I2_1,10000,2726
227668215,I2_2,20000,5286
304008198,I2_1,10000,3674
443096621,I2_1,10000,3209
464298094,I2_2,20000,4851
160235925,I2_1,10000,3150
89922618,I2_2,20000,7828
580572088,I2_2,20000,4946
483971062,I2_1,10000,3409
829254925,I2_1,10000,4041
441271433,I2_1,10000,5202
764477159,I2_1,10000,5692
676508563,I2_2,20000,6034
606466718,I2_2,20000,5763
975977896,I2_1,10000,5634
571385648,I2_2,20000,8966
485500443,I2_2,20000,6538
270015041,I2_1,10000,2977
899776512,I2_1,10000,3475
874239546,I2_2,20000,5820
58881027,I2_2,20000,6728
776889827,I2_2,20000,5792
826221040,I2_1,10000,2822
723177921,I2_1,10000,2794
396580408,I2_1,10000,3704
407696539,I2_2,20000,4709
281915946,I2_2,20000,4969
751879122,I2_1,10000,3574
594718947,I2_1,10000,2761
656092418,I2_1,10000,2878
645481808,I2_2,20000,5235
136895945,I2_2,20000,4820
598278541,I2_1,10000,3166
239991981,I2_2,20000,4961
174223859,I2_1,10000,5520
482329667,I2_2,20000,5307
339574454,I2_1,10000,2963
16232049,I2_1,10000,4147
509106184,I2_1,10000,4251
132110534,I2_1,10000,2823
682690369,I2_2,20000,4845
867616617,I2_1,10000,3231
219489537,I2_2,20000,5059
885739479,I2_2,20000,5961
547777309,I2_2,20000,5925
306391081,I2_2,20000,7190
694809536,I2_2,20000,8782
716357076,I2_1,10000,2793
660590467,I2_1,10000,2813
172707248,I2_1,10000,3151
339664761,I2_1,10000,3098
239545561,I2_2,20000,4732
625852456,I2_1,10000,3174
279151348,I2_2,20000,5482
341777421,I2_1,10000,4931
313379135,I2_2,20000,5111
593154638,I2_1,10000,2746
856698196,I2_1,10000,3172
151559166,I2_2,20000,4990
190350557,I2_2,20000,5270
554464597,I2_2,20000,5587
126525711,I2_1,10000,5298
952188878,I2_2,20000,6641
832729338,I2_1,10000,5346
433485387,I2_2,20000,6641
453674192,I2_1,10000,5903
541916302,I2_2,20000,6922
120000475,I2_1,10000,5646
992744974,I2_2,20000,7777
937056679,I2_2,20000,7968
339290723,I2_2,20000,7545
598776898,I2_2,20000,5729
684268594,I2_2,20000,6928
108728089,I2_2,20000,5796
822907984,I2_2,20000,6181
424708332,I2_1,10000,4458
359837199,I2_1,10000,3106
582218703,I2_2,20000,9214
68478481,I2_1,10000,2826
398617202,I2_2,20000,4804
649911507,I2_1,10000,3229
889308480,I2_1,10000,4426
727821035,I2_2,20000,6285
542728859,I2_2,20000,6150
938202059,I2_1,10000,3300
424852971,I2_1,10000,2780
51009113,I2_2,20000,4830
271972186,I2_2,20000,5787
168966465,I2_1,10000,5251
777478302,I2_2,20000,5424
646948358,I2_2,20000,4892
72167738,I2_1,10000,2902
108534084,I2_1,10000,4851
997431090,I2_1,10000,4202
825870672,I2_2,20000,5696
212142884,I2_1,10000,4568
926060777,I2_2,20000,7380
13874323,I2_1,10000,4318
188520400,I2_1,10000,4839
528270863,I2_1,10000,5433
904183039,I2_2,20000,9932
608641461,I2_2,20000,9802
988241383,I2_2,20000,10431
607826931,I2_1,10000,2858
433212204,I2_1,10000,4037
736802913,I2_2,20000,4773
679319139,I2_2,20000,4948
147663947,I2_2,20000,5360
768551478,I2_2,20000,4842
720809267,I2_1,10000,2794
398957760,I2_1,10000,3773
312538295,I2_1,10000,3166
229655942,I2_2,20000,5519
290214701,I2_1,10000,2949
883475237,I2_2,20000,5535
816598677,I2_2,20000,5532
180979137,I2_1,10000,3590
260430486,I2_1,10000,5181
143474033,I2_2,20000,7910
888661866,I2_1,10000,5090
324412924,I2_2,20000,11214
575431406,I2_2,20000,11715
644727402,I2_1,10000,2800
304929903,I2_1,10000,4723
469061315,I2_2,20000,5503
934072899,I2_1,10000,4919
431498221,I2_2,20000,4923
10989061,I2_1,10000,3422
20750011,I2_1,10000,3654
568857429,I2_1,10000,2910
601005159,I2_1,10000,2936
60361945,I2_1,10000,4070
52681485,I2_1,10000,4258
476438762,I2_2,20000,5369
704607357,I2_2,20000,5392
164976940,I2_1,10000,4598
589596635,I2_2,20000,6907
604530669,I2_2,20000,8989
135164047,I2_1,10000,6332
354587640,I2_1,10000,6951
464343194,I2_2,20000,11976
671788738,I2_1,10000,4570
214751209,I2_2,20000,10096
754664062,I2_2,20000,7241
408881310,I2_2,20000,7407
271950674,I2_1,10000,5286
760690686,I2_1,10000,3703
623105199,I2_1,10000,3894
696622915,I2_1,10000,2686
748848060,I2_1,10000,2769
198361849,I2_2,20000,5355
398215293,I2_1,10000,3823
170878371,I2_1,10000,3303
928547233,I2_2,20000,5110
700704622,I2_2,20000,4964
698854022,I2_2,20000,5486
782499261,I2_1,10000,3983
538365906,I2_1,10000,4489
361915802,I2_2,20000,7727
302212396,I2_2,20000,9675
233696230,I2_1,10000,2637
650524998,I2_1,10000,3819
935966524,I2_1,10000,2757
613739528,I2_1,10000,2722
635844929,I2_1,10000,2703
874914286,I2_2,20000,5016
500177275,I2_1,10000,2671
777651720,I2_1,10000,2788
843912635,I2_2,20000,4797
868393902,I2_1,10000,3216
853401491,I2_1,10000,3121
117061279,I2_1,10000,4306
264873542,I2_1,10000,3179
240795722,I2_1,10000,2932
856599023,I2_1,10000,2723
617002728,I2_1,10000,2756
201772873,I2_1,10000,2772
500723246,I2_2,20000,4704
537322661,I2_2,20000,4744
197014571,I2_1,10000,2761
740395417,I2_1,10000,3075
728350511,I2_2,20000,5467
844642112,I2_2,20000,4667
383594327,I2_1,10000,4113
144125318,I2_2,20000,4790
801034846,I2_1,10000,5468
416250315,I2_2,20000,6625
57243228,I2_2,20000,7927
990450268,I2_2,20000,8913
793803512,I2_1,10000,2950
850664231,I2_2,20000,10860
848941030,I2_1,10000,2801
783889330,I2_1,10000,2786
627351379,I2_1,10000,2770
540555687,I2_2,20000,4776
160610224,I2_2,20000,4819
500737539,I2_2,20000,5817
193987531,I2_2,20000,5081
619924480,I2_2,20000,5658
135710559,I2_1,10000,3191
571652294,I2_2,20000,5285
671371093,I2_1,10000,3305
412653208,I2_2,20000,5480
701384536,I2_2,20000,5187
100189541,I2_2,20000,5851
156111502,I2_1,10000,5250
219071826,I2_2,20000,4854
815243329,I2_1,10000,3277
157608898,I2_2,20000,8205
375694795,I2_1,10000,4364
347867948,I2_2,20000,7537
263091108,I2_2,20000,5900
72757211,I2_2,20000,5756
425633972,I2_2,20000,6910
72662791,I2_1,10000,2745
943626190,I2_1,10000,3026
466053557,I2_1,10000,3535
936488240,I2_2,20000,5721
609129552,I2_1,10000,3236
955737485,I2_2,20000,4842
488979473,I2_1,10000,4213
495875654,I2_1,10000,4025
412812059,I2_2,20000,5535
707688776,I2_2,20000,7342
143295638,I2_2,20000,6287
918997284,I2_1,10000,3339
87483412,I2_2,20000,4829
457184368,I2_1,10000,3208
324412601,I2_1,10000,3039
256957527,I2_1,10000,2683
972955541,I2_1,10000,3094
321289862,I2_2,20000,5425
501945180,I2_1,10000,4910
953338176,I2_2,20000,6441
203172393,I2_2,20000,5772
700482357,I2_1,10000,5511
720824733,I2_2,20000,5754
922277623,I2_2,20000,8015
461303361,I2_1,10000,2966
677990848,I2_1,10000,3279
59777144,I2_2,20000,5321
173812451,I2_2,20000,4840
635803648,I2_1,10000,3257
853176517,I2_1,10000,3143
856834313,I2_2,20000,5373
594694606,I2_1,10000,4742
580557158,I2_1,10000,2830
381871273,I2_1,10000,2893
215898959,I2_1,10000,3980
745802467,I2_1,10000,2797
249196392,I2_2,20000,5232
925441915,I2_1,10000,4096
764812961,I2_1,10000,5079
177702294,I2_1,10000,5049
222247345,I2_1,10000,2782
136147245,I2_1,10000,3262
654792240,I2_2,20000,6787
324548634,I2_1,10000,4200
9950916,I2_2,20000,5156
617277122,I2_2,20000,6229
516647658,I2_2,20000,5125
687961631,I2_1,10000,4544
976144706,I2_2,20000,7225
723388871,I2_1,10000,3783
272775255,I2_2,20000,6526
419922081,I2_2,20000,4767
63357721,I2_2,20000,6982
531791338,I2_1,10000,3253
247150676,I2_2,20000,8890
206905907,I2_2,20000,4900
532505023,I2_2,20000,5857
860970388,I2_1,10000,3068
291931252,I2_1,10000,4138
796742073,I2_2,20000,5173
210602150,I2_2,20000,5711
748038214,I2_1,10000,3085
202331247,I2_1,10000,4742
747669867,I2_2,20000,5059
877718636,I2_2,20000,5601
708709859,I2_2,20000,5733
558908897,I2_1,10000,5290
672513666,I2_1,10000,4481
965705753,I2_2,20000,6665
8640493,I2_2,20000,7179
200461301,I2_2,20000,8304
868243951,I2_1,10000,5545
488669307,I2_2,20000,10693
704782786,I2_1,10000,2656
956494985,I2_1,10000,3358
829216342,I2_1,10000,3772
494772472,I2_1,10000,2788
881416567,I2_1,10000,2815
374129843,I2_1,10000,2823
651741609,I2_1,10000,2899
28314579,I2_2,20000,5001
158035076,I2_2,20000,4925
48439515,I2_2,20000,5969
930072049,I2_2,20000,4785
842438947,I2_1,10000,3747
237800074,I2_2,20000,5800
570131870,I2_1,10000,4237
56404921,I2_2,20000,6369
804199440,I2_1,10000,5756
782426996,I2_2,20000,9031
861506211,I2_2,20000,10303
189727859,I2_2,20000,10152
265959592,I2_2,20000,5722
733873597,I2_2,20000,6694
942231015,I2_2,20000,4778
576376176,I2_2,20000,4783
33991254,I2_1,10000,4202
696028590,I2_1,10000,4132
200345247,I2_2,20000,7910
106087241,I2_1,10000,5125
993162075,I2_2,20000,5570
22236086,I2_2,20000,4846
437893133,I2_1,10000,4270
173121870,I2_1,10000,4769
945204083,I2_1,10000,5327
289998148,I2_2,20000,8656
438061788,I2_2,20000,5682
702114018,I2_2,20000,6657
841793894,I2_2,20000,4748
207690242,I2_1,10000,4010
314844958,I2_2,20000,5217
534388673,I2_2,20000,6122
47164695,I2_1,10000,4530
919211840,I2_1,10000,3359
975325601,I2_2,20000,4995
937410028,I2_2,20000,7682
321135826,I2_1,10000,6319
816544007,I2_1,10000,4452
604723208,I2_2,20000,7996
545163183,I2_1,10000,4646
44581361,I2_2,20000,4768
386778867,I2_2,20000,5726
60141006,I2_2,20000,6630
933304232,I2_2,20000,4818
559172003,I2_2,20000,4764
783990907,I2_2,20000,4814
391630174,I2_2,20000,6912
456295221,I2_1,10000,2753
852933179,I2_2,20000,4810
86617335,I2_2,20000,4774
555500953,I2_1,10000,3248
364833919,I2_1,10000,4481
589037570,I2_2,20000,5241
312491578,I2_1,10000,4605
265958172,I2_1,10000,2726
91234150,I2_2,20000,5844
822648216,I2_1,10000,6326
701749186,I2_2,20000,6864
735643072,I2_2,20000,7427
333589626,I2_1,10000,6874
307638558,I2_1,10000,4411
701840575,I2_2,20000,7880
81254102,I2_2,20000,6272
209625662,I2_2,20000,5668
453891022,I2_1,10000,3893
560609349,I2_1,10000,4543
914815011,I2_2,20000,7356
637005981,I2_2,20000,8496
849230767,I2_2,20000,5107
979754861,I2_1,10000,2677
651426479,I2_1,10000,2633
763577938,I2_2,20000,4806
955429106,I2_1,10000,4279
471709957,I2_1,10000,4800
505848229,I2_2,20000,5936
989384319,I2_2,20000,8085
210352601,I2_2,20000,7546
722112411,I2_2,20000,8092
395084709,I2_2,20000,5046
501639074,I2_2,20000,5801
798605416,I2_2,20000,8948
561071100,I2_1,10000,5790
21444539,I2_1,10000,4356
207360114,I2_1,10000,4961
56031135,I2_1,10000,4918
874667052,I2_1,10000,4581
52004961,I2_1,10000,5126
855741326,I2_2,20000,9687
103495822,I2_2,20000,11042
901888981,I2_2,20000,12326
597506549,I2_1,10000,3908
955631053,I2_2,20000,4725
410883911,I2_2,20000,4707
248152304,I2_2,20000,4769
70244008,I2_2,20000,5644
254452712,I2_1,10000,3974
874164621,I2_1,10000,2685
42714974,I2_2,20000,5120
494793225,I2_1,10000,3184
907808370,I2_2,20000,7489
747011123,I2_2,20000,5626
469961582,I2_1,10000,4827
642857614,I2_2,20000,4915
873703619,I2_2,20000,5095
480646847,I2_1,10000,5197
76587853,I2_1,10000,2749
930667279,I2_2,20000,5742
161746129,I2_1,10000,3608
122209508,I2_2,20000,5868
395104152,I2_2,20000,8559
175751813,I2_2,20000,9806
268071122,I2_1,10000,4557
603106636,I2_2,20000,13107
292373554,I2_1,10000,5120
327503911,I2_2,20000,14593
433630360,I2_1,10000,5665
170721272,I2_2,20000,15607
931641930,I2_2,20000,13898
210143657,I2_2,20000,15111
630821125,I2_2,20000,15544
218918179,I2_2,20000,13644
249144170,I2_2,20000,8273
898887134,I2_1,10000,6454
974620812,I2_2,20000,10918
462568328,I2_2,20000,7893
902046011,I2_2,20000,7097
23349806,I2_1,10000,5413
252946802,I2_2,20000,6535
721886818,I2_2,20000,5189
420679836,I2_2,20000,4729
558880944,I2_2,20000,6094
188258480,I2_2,20000,5285
355327842,I2_1,10000,5834
745126778,I2_2,20000,5073
122308519,I2_2,20000,6717
409653163,I2_1,10000,3454
559813319,I2_2,20000,5467
524169277,I2_2,20000,7653
163081336,I2_2,20000,6565
705984645,I2_1,10000,6087
137926816,I2_1,10000,6638
812827239,I2_2,20000,6575
986204986,I2_2,20000,7744
234803746,I2_2,20000,5435
754842097,I2_2,20000,4552
36886566,I2_1,10000,2965
103936548,I2_1,10000,3702
709646547,I2_2,20000,6260
303404603,I2_2,20000,4753
545906871,I2_1,10000,3106
993353069,I2_2,20000,5551
745788981,I2_2,20000,4845
47645400,I2_1,10000,3669
19462161,I2_1,10000,2796
666553208,I2_1,10000,2802
339493806,I2_1,10000,3020
782285295,I2_2,20000,4888
392229452,I2_1,10000,4433
367980223,I2_1,10000,4289
318782260,I2_2,20000,9162
97199153,I2_1,10000,3207
128865746,I2_2,20000,5473
5138264,I2_1,10000,3006
132620456,I2_2,20000,6985
613932608,I2_1,10000,4735
187020140,I2_1,10000,3056
491124898,I2_2,20000,4986
103762175,I2_1,10000,3102
851996392,I2_2,20000,6611
14148622,I2_2,20000,7593
548529366,I2_1,10000,5701
656790601,I2_2,20000,8880
561404103,I2_1,10000,3213
82355555,I2_2,20000,10805
17599036,I2_1,10000,3081
228800457,I2_1,10000,4203
488001498,I2_1,10000,3014
89229469,I2_1,10000,2806
328184809,I2_1,10000,2933
404801562,I2_2,20000,6315
289038765,I2_2,20000,4941
942073496,I2_1,10000,4370
115931092,I2_1,10000,4828
442419289,I2_2,20000,5570
185804324,I2_1,10000,2745
132931948,I2_2,20000,4758
968434900,I2_1,10000,5408
750701898,I2_2,20000,5642
235428943,I2_1,10000,5143
464323518,I2_2,20000,6482
254095778,I2_1,10000,2708
203705308,I2_1,10000,3082
382324447,I2_2,20000,4990
899538828,I2_1,10000,2795
761845873,I2_1,10000,2777
163684837,I2_1,10000,2747
918657188,I2_2,20000,4906
825427516,I2_1,10000,4379
894308979,I2_1,10000,4372
40308237,I2_2,20000,8326
116262975,I2_1,10000,5547
800872069,I2_1,10000,5358
766764508,I2_2,20000,6809
159123141,I2_2,20000,5055
285732246,I2_2,20000,5056
699704254,I2_1,10000,2952
300216401,I2_1,10000,3200
477492650,I2_2,20000,4987
847868548,I2_1,10000,2682
606887783,I2_2,20000,5456
204814653,I2_2,20000,5478
12933751,I2_1,10000,4884
842847163,I2_2,20000,8044
419253352,I2_2,20000,8512
945784384,I2_2,20000,8432
455930397,I2_1,10000,5215
122729104,I2_1,10000,4145
663741048,I2_1,10000,3914
820822556,I2_1,10000,2778
445857119,I2_2,20000,4807
16169991,I2_2,20000,4760
965027576,I2_2,20000,4804
263165801,I2_2,20000,4856
986517049,I2_1,10000,5364
436992190,I2_1,10000,4309
129500410,I2_2,20000,9158
279574574,I2_1,10000,4384
287875091,I2_1,10000,4328
344151815,I2_1,10000,3534
932916182,I2_2,20000,7556
277553972,I2_2,20000,5506
200060254,I2_1,10000,2801
718410241,I2_2,20000,4781
474763021,I2_1,10000,2802
370243650,I2_1,10000,2795
384145986,I2_2,20000,5221
32786826,I2_1,10000,3088
84493105,I2_1,10000,3235
704277564,I2_1,10000,3905
73917500,I2_2,20000,6894
538846189,I2_2,20000,5517
3267826,I2_1,10000,4209
312069851,I2_1,10000,2814
570700050,I2_1,10000,2799
151866551,I2_1,10000,2762
423106428,I2_1,10000,2709
462941445,I2_1,10000,3060
26923661,I2_1,10000,3917
701456804,I2_2,20000,6497
480067656,I2_2,20000,5335
784353824,I2_1,10000,2924
935665990,I2_1,10000,2808
921962218,I2_1,10000,2806
115220214,I2_2,20000,6109
857705091,I2_1,10000,6227
771465297,I2_1,10000,3428
574122872,I2_2,20000,8999
512848139,I2_1,10000,4952
568672402,I2_1,10000,5026
253927613,I2_2,20000,12169
19156187,I2_2,20000,9201
775123699,I2_2,20000,6869
193529409,I2_2,20000,4850
5975394,I2_1,10000,4240
510750397,I2_2,20000,5028
13529131,I2_1,10000,2784
17505341,I2_2,20000,4839
726821227,I2_1,10000,3266
902219218,I2_1,10000,4246
516808459,I2_1,10000,3790
39324479,I2_1,10000,4251
327334012,I2_2,20000,5436
824598454,I2_2,20000,5237
475923743,I2_1,10000,2808
824116285,I2_2,20000,5758
64982012,I2_1,10000,2670
650495639,I2_1,10000,3192
196775576,I2_1,10000,3770
374825434,I2_2,20000,5202
769810069,I2_2,20000,5617
782928749,I2_2,20000,4848
47998808,I2_2,20000,4763
103792828,I2_1,10000,2761
498005630,I2_1,10000,2842
140457594,I2_1,10000,3962
558739656,I2_1,10000,2993
224697884,I2_2,20000,4706
297418495,I2_1,10000,3336
710981888,I2_2,20000,4802
113862378,I2_2,20000,4859
488966879,I2_2,20000,4847
831415674,I2_1,10000,3327
660899924,I2_1,10000,3573
652164584,I2_1,10000,3210
46782352,I2_2,20000,4813
5612557,I2_2,20000,5022
135451394,I2_1,10000,3420
333646740,I2_1,10000,3022
440900549,I2_2,20000,4694
328446144,I2_1,10000,2796
572413902,I2_2,20000,5311
195255221,I2_1,10000,4382
846399410,I2_1,10000,3349
701933741,I2_2,20000,7732
132581084,I2_1,10000,4794
757918112,I2_1,10000,4239
124421355,I2_2,20000,9356
356209012,I2_1,10000,4471
56591085,I2_2,20000,7927
337456715,I2_2,20000,9098
885097921,I2_2,20000,4778
746159977,I2_1,10000,3043
676511590,I2_2,20000,4699
396175310,I2_2,20000,6210
83829838,I2_2,20000,7353
603253957,I2_1,10000,4644
696676914,I2_2,20000,9100
820424001,I2_2,20000,9038
168697075,I2_1,10000,4913
956169683,I2_1,10000,5588
913798280,I2_2,20000,11851
570239440,I2_2,20000,11778
866374342,I2_1,10000,6208
486431083,I2_1,10000,5588
425089569,I2_2,20000,14545
985381759,I2_2,20000,10074
788370910,I2_2,20000,5643
610539389,I2_2,20000,4936
179896098,I2_2,20000,7022
842633275,I2_1,10000,3136
73106732,I2_2,20000,4820
994910279,I2_1,10000,3035
90384214,I2_2,20000,7622
465885341,I2_1,10000,5861
465528419,I2_2,20000,4729
663238402,I2_2,20000,5734
885550277,I2_2,20000,7957
123714804,I2_1,10000,4720
109337112,I2_2,20000,6242
345432744,I2_1,10000,4971
808280463,I2_2,20000,8791
359005721,I2_1,10000,3874
574950450,I2_2,20000,11272
310693955,I2_2,20000,4800
167981910,I2_2,20000,7087
115243821,I2_1,10000,3910
647309314,I2_1,10000,3757
679620454,I2_2,20000,6211
890642788,I2_1,10000,2684
210084028,I2_1,10000,2796
410403944,I2_1,10000,3756
775244604,I2_1,10000,4324
454167667,I2_1,10000,4825
339262362,I2_2,20000,7027
193242953,I2_2,20000,7538
828238038,I2_2,20000,7171
562593015,I2_1,10000,6079
341908974,I2_1,10000,4433
615164126,I2_2,20000,8998
750815016,I2_1,10000,2808
229964720,I2_1,10000,2822
674196616,I2_2,20000,5407
81661272,I2_1,10000,3072
615403367,I2_2,20000,4902
315913751,I2_1,10000,4333
988650876,I2_2,20000,6864
36572693,I2_1,10000,5258
360139731,I2_1,10000,5816
872352580,I2_2,20000,8408
111081749,I2_2,20000,11234
515459189,I2_1,10000,3998
619236342,I2_1,10000,4468
386918138,I2_1,10000,5247
467753835,I2_1,10000,3525
840878101,I2_2,20000,10159
390066665,I2_2,20000,12965
106290972,I2_1,10000,6061
430927278,I2_1,10000,4500
516452328,I2_2,20000,11311
134034707,I2_1,10000,4584
714900606,I2_2,20000,10244
132069761,I2_2,20000,6828
349013016,I2_1,10000,3184
878232797,I2_1,10000,4406
415403003,I2_1,10000,5081
281907940,I2_1,10000,6723
516810575,I2_1,10000,5986
641634210,I2_2,20000,5627
202676310,I2_1,10000,2758
996890868,I2_2,20000,4620
497626171,I2_2,20000,4696
369698361,I2_2,20000,5711
195930172,I2_2,20000,6651
828374085,I2_2,20000,6729
854912620,I2_2,20000,5645
280215750,I2_2,20000,5456
145044114,I2_2,20000,7579
762621001,I2_2,20000,5560
602551926,I2_2,20000,4901
541020491,I2_2,20000,4706
968050050,I2_2,20000,4715
247949823,I2_1,10000,2688
863878725,I2_2,20000,4759
154392377,I2_1,10000,3214
236710997,I2_1,10000,3244
389912642,I2_2,20000,5005
637921593,I2_1,10000,4218
884787296,I2_2,20000,6819
287181679,I2_1,10000,4712
490327868,I2_2,20000,7129
529902863,I2_2,20000,5718
655470300,I2_2,20000,4716
762192155,I2_1,10000,3046
310830427,I2_1,10000,2832
640404642,I2_1,10000,3073
840321818,I2_1,10000,3660
741284620,I2_2,20000,4766
778060159,I2_1,10000,2665
927427796,I2_1,10000,2719
563822807,I2_1,10000,2844
520833797,I2_1,10000,3306
463099126,I2_2,20000,6021
508286168,I2_1,10000,5110
859809766,I2_1,10000,3614
852609561,I2_2,20000,4766
216692027,I2_1,10000,3282
208704943,I2_1,10000,3979
178990559,I2_2,20000,6644
820462671,I2_1,10000,3294
36236168,I2_1,10000,2763
72996793,I2_1,10000,4351
911233160,I2_2,20000,8009
951935280,I2_2,20000,8651
395049454,I2_2,20000,6799
486043512,I2_2,20000,8096
912807722,I2_2,20000,9007
199102177,I2_2,20000,4879
143536977,I2_1,10000,4278
22364991,I2_2,20000,6572
551022799,I2_2,20000,5301
566342406,I2_2,20000,5777
409381306,I2_2,20000,6729
710608892,I2_2,20000,7241
502579805,I2_2,20000,7403
663311689,I2_1,10000,4693
666394125,I2_1,10000,4538
669482007,I2_1,10000,5146
562827084,I2_1,10000,4210
311329766,I2_2,20000,6927
883401133,I2_1,10000,5089
28718699,I2_2,20000,8512
485021861,I2_2,20000,4661
372760956,I2_1,10000,3005
983725059,I2_1,10000,4849
550925534,I2_2,20000,6576
179819843,I2_2,20000,5515
271719277,I2_1,10000,2827
340837733,I2_2,20000,4753
980219975,I2_2,20000,5234
507107710,I2_1,10000,2726
739229180,I2_1,10000,2989
754810696,I2_2,20000,4681
531428741,I2_1,10000,2676
512078825,I2_2,20000,4689
773036149,I2_2,20000,4772
677917313,I2_1,10000,3026
741868982,I2_2,20000,4776
459351021,I2_2,20000,4693
504463515,I2_1,10000,3322
300512552,I2_1,10000,4548
510331062,I2_1,10000,5132
667095958,I2_1,10000,5547
462471174,I2_1,10000,5048
35693621,I2_2,20000,6647
832902581,I2_2,20000,4780
872754630,I2_1,10000,2732
279487229,I2_2,20000,5923
346085278,I2_2,20000,7200
591687434,I2_2,20000,7765
39383360,I2_2,20000,9985
930799857,I2_1,10000,3904
841483741,I2_1,10000,4486
190495394,I2_2,20000,8385
463066512,I2_2,20000,5786
318908020,I2_1,10000,5104
468521429,I2_2,20000,5173
947697037,I2_2,20000,6724
593017622,I2_1,10000,4389
628349119,I2_2,20000,8394
751242267,I2_2,20000,4990
234673214,I2_2,20000,6083
698460457,I2_2,20000,7164
390078258,I2_2,20000,7210
599676161,I2_1,10000,6217
835829707,I2_1,10000,6819
269205883,I2_2,20000,6574
90017427,I2_1,10000,4759
279975686,I2_1,10000,3084
615015628,I2_1,10000,4504
829837388,I2_2,20000,8232
847738833,I2_2,20000,4822
184909857,I2_2,20000,5408
899329586,I2_1,10000,3757
253632799,I2_2,20000,5884
551370204,I2_2,20000,6165
312300579,I2_1,10000,5726
489638590,I2_1,10000,3046
891025765,I2_2,20000,8098
19459427,I2_1,10000,2837
398302135,I2_2,20000,5254
766001690,I2_1,10000,3670
423029527,I2_2,20000,5917
639256968,I2_1,10000,2758
661810261,I2_1,10000,2724
510280470,I2_2,20000,5133
580291968,I2_2,20000,4745
211379864,I2_2,20000,5733
117978915,I2_2,20000,6639
281844271,I2_2,20000,7755
35063400,I2_2,20000,8909
273848643,I2_2,20000,7883
200414225,I2_2,20000,9848
102034226,I2_2,20000,9745
203948081,I2_2,20000,12026
654895777,I2_2,20000,5490
903345206,I2_2,20000,4705
791316384,I2_2,20000,4799
745663131,I2_1,10000,3103
732610540,I2_2,20000,5890
476242950,I2_1,10000,5336
248731766,I2_1,10000,4650
213463844,I2_2,20000,8125
647135646,I2_1,10000,3493
38808357,I2_1,10000,4519
965955430,I2_2,20000,9953
638042713,I2_2,20000,12029
72294999,I2_2,20000,4823
454733346,I2_1,10000,3112
591997641,I2_2,20000,4955
420887953,I2_1,10000,5232
224843087,I2_2,20000,7718
262054292,I2_2,20000,4798
654964797,I2_2,20000,4782
957501067,I2_2,20000,5838
47829174,I2_1,10000,2736
137627613,I2_1,10000,3113
228715105,I2_2,20000,4867
949356004,I2_1,10000,4259
631184523,I2_2,20000,4764
398257852,I2_2,20000,5213
684135012,I2_1,10000,3767
698142731,I2_2,20000,6007
65193207,I2_1,10000,4191
512126209,I2_2,20000,5238
516329709,I2_1,10000,3625
438831785,I2_1,10000,5188
320001611,I2_2,20000,6224
350559672,I2_2,20000,8467
250148955,I2_1,10000,3570
542150483,I2_1,10000,3195
81248592,I2_1,10000,2806
271058251,I2_1,10000,3957
724185464,I2_2,20000,5817
22302117,I2_2,20000,6860
250714672,I2_1,10000,4014
915927824,I2_2,20000,6096
931782859,I2_1,10000,3768
670984989,I2_1,10000,3946
101212688,I2_2,20000,4718
25197077,I2_2,20000,4794
617309832,I2_1,10000,3001
883374116,I2_1,10000,3122
528818032,I2_2,20000,5357
43835034,I2_2,20000,4783
537273385,I2_2,20000,4821
145328920,I2_2,20000,4802
986687951,I2_2,20000,4789
985675337,I2_1,10000,3154
723358497,I2_2,20000,5419
194709678,I2_1,10000,4927
495722155,I2_2,20000,5329
439962346,I2_2,20000,6852
782263529,I2_2,20000,8466
225103482,I2_2,20000,5630
562129014,I2_1,10000,4072
995084349,I2_2,20000,4854
201054066,I2_1,10000,5446
461110527,I2_1,10000,3197
762483235,I2_1,10000,3014
86299158,I2_2,20000,4747
675111232,I2_2,20000,5665
935066600,I2_1,10000,3097
129381902,I2_2,20000,4836
696278356,I2_1,10000,2839
606054120,I2_2,20000,5112
567099338,I2_2,20000,7349
309052773,I2_2,20000,7944
192747050,I2_2,20000,6492
80414882,I2_2,20000,6435
501684600,I2_2,20000,4675
937768720,I2_1,10000,5127
676749909,I2_1,10000,4505
7541321,I2_2,20000,7954
350482387,I2_2,20000,6957
29984574,I2_2,20000,8122
170058762,I2_1,10000,5116
519750305,I2_1,10000,4512
303934853,I2_2,20000,10675
735702535,I2_1,10000,4507
565142115,I2_2,20000,11780
477921922,I2_1,10000,4483
246556259,I2_2,20000,13455
131615474,I2_2,20000,7970
35589034,I2_2,20000,6194
701523928,I2_2,20000,5330
700920371,I2_1,10000,3560
848951526,I2_1,10000,3702
77219151,I2_2,20000,5284
199575153,I2_1,10000,3736
972361000,I2_2,20000,7201
13114433,I2_2,20000,4944
724258241,I2_1,10000,4254
437694190,I2_1,10000,4291
695162066,I2_1,10000,5253
246538486,I2_1,10000,4561
593461774,I2_2,20000,8173
682414966,I2_1,10000,2772
838183061,I2_1,10000,2753
913279930,I2_2,20000,4753
611240620,I2_2,20000,5694
897071440,I2_1,10000,3883
607485819,I2_1,10000,3602
600871722,I2_2,20000,6294
124780310,I2_2,20000,5440
610404861,I2_2,20000,4793
201644445,I2_1,10000,4225
13254925,I2_2,20000,5978
761376340,I2_1,10000,3868
488924006,I2_2,20000,7039
47726793,I2_2,20000,9207
988805215,I2_1,10000,4818
385533744,I2_1,10000,5146
312295007,I2_1,10000,3651
449869083,I2_1,10000,4747
438676470,I2_2,20000,10559
94465587,I2_1,10000,6396
38699299,I2_1,10000,5529
84957261,I2_2,20000,11403
855612720,I2_1,10000,4534
131546696,I2_2,20000,13003
530441551,I2_1,10000,3919
713719344,I2_2,20000,7850
105799943,I2_2,20000,9365
486732872,I2_2,20000,8949
488660096,I2_2,20000,9481
107256160,I2_2,20000,8187
389433574,I2_1,10000,4454
334766618,I2_2,20000,6686
943499604,I2_2,20000,9527
293295337,I2_1,10000,3642
382807655,I2_2,20000,5717
558549600,I2_2,20000,6567
969220639,I2_2,20000,8680
927475182,I2_2,20000,10401
746432715,I2_2,20000,10869
546019980,I2_2,20000,5487
282796223,I2_2,20000,5439
183212391,I2_2,20000,5478
982555361,I2_2,20000,7530
66643740,I2_1,10000,3446
432910415,I2_1,10000,4407
18534354,I2_2,20000,4762
926712607,I2_1,10000,3177
300463928,I2_1,10000,2652
261468895,I2_2,20000,4909
44321079,I2_2,20000,4729
383878565,I2_2,20000,4809
844789540,I2_2,20000,4681
496308588,I2_2,20000,6782
307454133,I2_1,10000,2985
613531530,I2_2,20000,4673
853077305,I2_1,10000,2703
921050864,I2_2,20000,4731
27486404,I2_1,10000,2695
889557680,I2_1,10000,3799
372856720,I2_1,10000,4851
149605686,I2_1,10000,3939
840992368,I2_1,10000,5485
295514896,I2_1,10000,4520
642919202,I2_2,20000,6327
142552455,I2_2,20000,6969
695285758,I2_1,10000,4146
186555266,I2_1,10000,4071
468169605,I2_1,10000,2636
709002534,I2_2,20000,4694
760719745,I2_1,10000,3072
197384059,I2_2,20000,5372
888761935,I2_1,10000,2994
460634724,I2_1,10000,2734
682972939,I2_1,10000,3957
882727157,I2_2,20000,4736
385263199,I2_2,20000,5681
296769240,I2_1,10000,3091
280018306,I2_2,20000,4863
356794113,I2_2,20000,6961
738780251,I2_2,20000,6324
136160122,I2_1,10000,6134
419242651,I2_1,10000,5522
582705309,I2_2,20000,8906
994687639,I2_2,20000,5163
286880878,I2_2,20000,4890
29024803,I2_1,10000,4298
324813758,I2_2,20000,6076
905090959,I2_1,10000,3138
257617306,I2_1,10000,3185
589341049,I2_1,10000,3033
832741545,I2_2,20000,6518
832546147,I2_2,20000,4735
725527550,I2_2,20000,6879
840119099,I2_2,20000,5195
721477047,I2_1,10000,5775
176426649,I2_1,10000,4266
922603791,I2_1,10000,4220
720852583,I2_2,20000,4799
22970795,I2_2,20000,4747
144205094,I2_1,10000,3107
16614016,I2_1,10000,2740
552842550,I2_1,10000,3443
796637853,I2_2,20000,4685
701056311,I2_1,10000,2828
246346022,I2_1,10000,2803
779604842,I2_1,10000,2735
546168195,I2_1,10000,2725
277231265,I2_1,10000,2750
201165410,I2_2,20000,5156
962927163,I2_2,20000,4947
705231081,I2_2,20000,7027
702439736,I2_1,10000,3514
966300349,I2_1,10000,3072
738903128,I2_2,20000,5152
576001430,I2_2,20000,5616
730809701,I2_2,20000,7727
658407177,I2_1,10000,4533
485148033,I2_1,10000,4007
474406205,I2_2,20000,8412
121117931,I2_1,10000,4609
943981196,I2_2,20000,10743
481103097,I2_1,10000,5110
913197306,I2_2,20000,11173
884109183,I2_2,20000,11028
390956465,I2_2,20000,12279
529445810,I2_2,20000,7140
547363008,I2_1,10000,5510
653030595,I2_1,10000,5472
351890844,I2_1,10000,6666
772666066,I2_1,10000,3662
602726090,I2_2,20000,5316
411695615,I2_2,20000,6242
419392616,I2_1,10000,2645
941988381,I2_2,20000,4701
880882219,I2_1,10000,4139
340588114,I2_2,20000,6638
507585200,I2_1,10000,3254
257343431,I2_1,10000,3958
104258429,I2_2,20000,6984
171529072,I2_1,10000,3087
93354678,I2_1,10000,3552
41943732,I2_2,20000,6388
866539691,I2_2,20000,4679
23202309,I2_1,10000,2745
893692635,I2_2,20000,5612
679162705,I2_1,10000,2867
511683381,I2_1,10000,2791
774323165,I2_2,20000,5136
291304499,I2_1,10000,2873
565596960,I2_1,10000,3465
277724120,I2_2,20000,5322
921340875,I2_1,10000,3594
313657803,I2_2,20000,6864
924825934,I2_2,20000,7884
761521527,I2_2,20000,9898
406610535,I2_2,20000,6015
680903266,I2_2,20000,7905
743787948,I2_1,10000,2909
30550871,I2_2,20000,7022
993973298,I2_2,20000,4731
156161964,I2_1,10000,4082
57108102,I2_1,10000,2746
605765317,I2_1,10000,4446
714925320,I2_2,20000,5482
567357529,I2_1,10000,4010
974392812,I2_1,10000,5042
33661939,I2_1,10000,3094
500000724,I2_2,20000,5369
61383797,I2_1,10000,4766
585176497,I2_2,20000,4888
385499631,I2_2,20000,4759
942368649,I2_1,10000,4145
540275612,I2_2,20000,4722
407338897,I2_1,10000,3134
2163955,I2_1,10000,2915
649021049,I2_1,10000,4846
183852506,I2_1,10000,5361
751943436,I2_2,20000,4758
566269148,I2_1,10000,3562
352937653,I2_1,10000,3313
681308070,I2_2,20000,4928
70535010,I2_1,10000,5285
187997592,I2_1,10000,3348
344924603,I2_2,20000,10116
183055316,I2_2,20000,6027
82609833,I2_1,10000,5429
695386652,I2_1,10000,6695
817751959,I2_1,10000,3286
512640386,I2_1,10000,2881
119136613,I2_2,20000,4772
786808191,I2_1,10000,4257
501029063,I2_2,20000,5784
267891426,I2_2,20000,5659
876586829,I2_1,10000,4490
814828586,I2_2,20000,6149
270898078,I2_2,20000,6115
827540034,I2_1,10000,5622
92134448,I2_1,10000,6123
883782848,I2_2,20000,6503
329774224,I2_2,20000,7515
658439578,I2_1,10000,3593
495870896,I2_1,10000,4839
788900332,I2_1,10000,3297
957716602,I2_1,10000,2807
55164316,I2_2,20000,5229
560080542,I2_1,10000,3261
189713116,I2_1,10000,3738
605556879,I2_2,20000,5869
560558576,I2_2,20000,8021
835594695,I2_2,20000,6563
382122941,I2_2,20000,4752
207617888,I2_1,10000,2761
917686175,I2_1,10000,3031
248609552,I2_1,10000,2781
886970213,I2_1,10000,2859
503703102,I2_2,20000,5274
215420490,I2_1,10000,3715
442811692,I2_1,10000,3371
56118962,I2_2,20000,5974
765490070,I2_2,20000,6703
704855484,I2_1,10000,4007
171882867,I2_2,20000,5916
533438464,I2_1,10000,4212
881364708,I2_2,20000,5955
412232608,I2_1,10000,4205
955052830,I2_2,20000,6312
43405138,I2_2,20000,7812
65267638,I2_2,20000,9119
365100365,I2_2,20000,8918
651588827,I2_1,10000,2863
424888520,I2_1,10000,3251
209029527,I2_1,10000,2808
742689650,I2_2,20000,4888
421014916,I2_2,20000,4943
95075933,I2_1,10000,2853
529242644,I2_1,10000,2876
963030928,I2_1,10000,2755
589980837,I2_1,10000,2787
489616422,I2_2,20000,5192
277233999,I2_1,10000,2754
814162051,I2_2,20000,5467
643035026,I2_1,10000,2892
971265216,I2_1,10000,2819
6607056,I2_1,10000,3163
131223183,I2_1,10000,4386
325189286,I2_1,10000,6008
663823099,I2_2,20000,8395
736142201,I2_1,10000,6644
388042903,I2_1,10000,7144
377526688,I2_1,10000,6483
899421023,I2_1,10000,6150
610169413,I2_1,10000,3853
375296557,I2_2,20000,5275
533551272,I2_1,10000,4658
832411212,I2_2,20000,8028
376809155,I2_2,20000,8945
26696150,I2_2,20000,9831
490006964,I2_2,20000,4866
139894704,I2_1,10000,3350
600848453,I2_1,10000,4447
686836235,I2_1,10000,4162
794591625,I2_2,20000,4986
287989061,I2_1,10000,3105
506089330,I2_2,20000,4737
76173479,I2_2,20000,5657
811494831,I2_1,10000,5720
101825905,I2_2,20000,6812
991425886,I2_2,20000,5801
746975029,I2_1,10000,6350
982437710,I2_2,20000,6345
804313435,I2_2,20000,5212
155741323,I2_1,10000,4139
580853998,I2_1,10000,3431
845800877,I2_2,20000,4955
786852460,I2_1,10000,3023
421755252,I2_2,20000,4790
72083548,I2_2,20000,4837
450946378,I2_2,20000,5795
983723848,I2_1,10000,3150
136964534,I2_2,20000,5276
359799643,I2_1,10000,4723
77651688,I2_1,10000,4489
826933160,I2_2,20000,9707
881138714,I2_2,20000,10612
286849356,I2_2,20000,7502
372297900,I2_2,20000,8418
25966230,I2_2,20000,6561
845862896,I2_2,20000,5177
161435952,I2_2,20000,7327
851564521,I2_1,10000,5708
725113961,I2_1,10000,4441
981751760,I2_2,20000,8481
814305970,I2_2,20000,9763
505441972,I2_1,10000,5909
897270987,I2_2,20000,5893
694947100,I2_1,10000,4243
418983197,I2_2,20000,6439
526608919,I2_2,20000,5137
696901824,I2_2,20000,4767
86345585,I2_1,10000,2949
418221573,I2_2,20000,5472
365573732,I2_1,10000,5937
240578544,I2_1,10000,5437
148624878,I2_1,10000,5304
418816633,I2_2,20000,8001
509083925,I2_1,10000,3054
662754251,I2_2,20000,5687
862304624,I2_2,20000,5130
679808571,I2_1,10000,4115
862501026,I2_2,20000,6523
124917036,I2_1,10000,3140
183751356,I2_1,10000,3423
233134665,I2_2,20000,5033
288352642,I2_1,10000,2659
508056544,I2_1,10000,2726
943280045,I2_2,20000,5153
930780765,I2_1,10000,4140
51998374,I2_1,10000,3508
443392849,I2_1,10000,4814
863527584,I2_1,10000,2777
891471675,I2_2,20000,4748
836546472,I2_1,10000,3169
786267026,I2_2,20000,4844
990670611,I2_1,10000,2813
505035915,I2_2,20000,6513
81482775,I2_1,10000,5045
965665696,I2_1,10000,4528
911672479,I2_2,20000,9631
224819610,I2_1,10000,3837
444796739,I2_2,20000,10124
204192407,I2_1,10000,5138
71393832,I2_2,20000,5729
834046051,I2_2,20000,4749
513548825,I2_1,10000,3091
363692941,I2_2,20000,5390
704146828,I2_2,20000,5954
43289849,I2_2,20000,4708
762033602,I2_2,20000,4690
96222191,I2_2,20000,5842
609218393,I2_2,20000,4819
394565319,I2_2,20000,6475
695725999,I2_2,20000,6305
697495424,I2_1,10000,5755
718452864,I2_2,20000,6919
527764295,I2_2,20000,7160
804965351,I2_2,20000,8349
241942618,I2_1,10000,6169
234005603,I2_1,10000,6888
946479564,I2_2,20000,12308
577500842,I2_1,10000,5640
905936041,I2_2,20000,8414
755747635,I2_1,10000,4412
239777013,I2_2,20000,11135
101033535,I2_2,20000,11945
253848126,I2_2,20000,11849
665909671,I2_2,20000,13922
557705055,I2_2,20000,13800
793499195,I2_2,20000,14322
253591997,I2_2,20000,12715
342780887,I2_2,20000,9574
783066559,I2_2,20000,5486
342326655,I2_1,10000,2636
759265357,I2_1,10000,4269
925712550,I2_2,20000,4949
709952255,I2_2,20000,5130
418292523,I2_1,10000,5072
161338021,I2_1,10000,2641
610667921,I2_1,10000,4020
529203766,I2_2,20000,6689
363955125,I2_2,20000,7334
308466039,I2_1,10000,5558
170395449,I2_2,20000,8535
505400863,I2_2,20000,6714
134488596,I2_1,10000,4498
110886722,I2_2,20000,5998
236667301,I2_1,10000,5004
623550428,I2_1,10000,6169
581984123,I2_1,10000,4113
439617803,I2_1,10000,4153
401309540,I2_2,20000,6288
461292889,I2_2,20000,5094
46086533,I2_1,10000,4436
299479806,I2_2,20000,7728
738245466,I2_2,20000,8690
338751277,I2_2,20000,11259
108273078,I2_2,20000,12341
191721931,I2_1,10000,4302
488926720,I2_2,20000,13381
780381509,I2_2,20000,12020
665292344,I2_2,20000,4791
10583345,I2_2,20000,4659
541399663,I2_1,10000,2702
190628894,I2_2,20000,4573
171204812,I2_1,10000,2642
584739453,I2_2,20000,4893
335140074,I2_1,10000,3036
48788881,I2_2,20000,8060
613387920,I2_1,10000,3221
996672331,I2_1,10000,3460
818535328,I2_2,20000,5585
156829792,I2_2,20000,4673
894325019,I2_1,10000,2897
977826888,I2_1,10000,3964
154823179,I2_2,20000,4670
304600021,I2_2,20000,4646
511819443,I2_2,20000,5717
540095880,I2_2,20000,7868
726878650,I2_1,10000,3860
226867700,I2_1,10000,3126
662766772,I2_1,10000,2580
154159405,I2_1,10000,3758
764552125,I2_2,20000,4664
430875380,I2_2,20000,4746
131023164,I2_1,10000,4093
640829475,I2_2,20000,6132
714970324,I2_1,10000,4476
999649679,I2_1,10000,3271
412284226,I2_2,20000,9660
383212719,I2_2,20000,5723
24681739,I2_1,10000,3026
846044569,I2_2,20000,4691
94638203,I2_1,10000,3457
41551217,I2_2,20000,5024
648968630,I2_1,10000,2928
866081272,I2_2,20000,5183
989582251,I2_1,10000,4572
436737059,I2_1,10000,2615
540861191,I2_1,10000,2630
287669820,I2_2,20000,4768
863235957,I2_2,20000,5076
469244686,I2_2,20000,4800
941631637,I2_2,20000,7054
351701053,I2_1,10000,2831
106406847,I2_1,10000,3511
469663839,I2_2,20000,6756
781224904,I2_1,10000,4556
758116322,I2_1,10000,4490
466779684,I2_2,20000,4750
168897757,I2_2,20000,6843
361931310,I2_1,10000,3279
99028036,I2_1,10000,2742
457937290,I2_1,10000,2837
895557406,I2_2,20000,5458
661367403,I2_1,10000,3209
859122348,I2_1,10000,2836
905477152,I2_2,20000,4960
299003582,I2_1,10000,4439
756981904,I2_2,20000,7718
215125321,I2_1,10000,4527
412973265,I2_2,20000,7785
875260284,I2_1,10000,4962
435307225,I2_1,10000,4439
940270236,I2_2,20000,10906
651504582,I2_2,20000,4860
528910867,I2_1,10000,2777
560657774,I2_1,10000,2822
579046117,I2_1,10000,3998
936580561,I2_1,10000,4815
658586369,I2_1,10000,4197
567363003,I2_2,20000,5359
239634585,I2_1,10000,3957
893783251,I2_2,20000,7987
592674267,I2_1,10000,3686
568834988,I2_1,10000,3134
168416073,I2_2,20000,5406
542713499,I2_1,10000,3886
37724328,I2_1,10000,3564
464986295,I2_1,10000,4857
762357174,I2_2,20000,7994
652434747,I2_1,10000,5849
861410801,I2_2,20000,8076
835223110,I2_2,20000,8516
943997629,I2_2,20000,6836
423971134,I2_2,20000,9064
584790414,I2_2,20000,6667
785625744,I2_2,20000,6693
956312736,I2_2,20000,8764
494656376,I2_2,20000,7585
981029531,I2_2,20000,9643
228869932,I2_2,20000,11560
337414778,I2_2,20000,11713
734696129,I2_1,10000,4603
88267319,I2_2,20000,6391
255230121,I2_1,10000,2788
15228287,I2_2,20000,5707
212769075,I2_2,20000,7199
935220913,I2_2,20000,6529
468257648,I2_1,10000,2685
414990388,I2_2,20000,8173
11195061,I2_2,20000,6905
237763840,I2_1,10000,5924
421569618,I2_1,10000,5314
816339472,I2_2,20000,7394
112680387,I2_1,10000,5947
124059495,I2_1,10000,4339
360581582,I2_2,20000,6712
468072574,I2_1,10000,4951
232077526,I2_2,20000,5021
467696103,I2_2,20000,4520
265696076,I2_1,10000,2918
446159376,I2_1,10000,2555
763424693,I2_1,10000,2569
738663889,I2_1,10000,3008
513082581,I2_2,20000,5778
785100338,I2_2,20000,5526
848240235,I2_1,10000,4357
398111347,I2_2,20000,8742
908073701,I2_1,10000,4879
456099757,I2_2,20000,10412
861252718,I2_2,20000,10001
216200496,I2_1,10000,4095
215831017,I2_2,20000,4612
750431020,I2_1,10000,2589
580182204,I2_2,20000,4701
787731629,I2_2,20000,6831
918021039,I2_2,20000,6852
642368306,I2_2,20000,4814
427957034,I2_1,10000,4185
961375065,I2_1,10000,5647
930603625,I2_2,20000,5744
250136006,I2_2,20000,5858
71810986,I2_2,20000,5720
870927512,I2_2,20000,4835
719573572,I2_2,20000,6991
945198967,I2_2,20000,5035
572725094,I2_2,20000,7292
507038472,I2_2,20000,8276
521788668,I2_1,10000,5534
689110291,I2_2,20000,8687
693386589,I2_2,20000,4782
780873667,I2_1,10000,4244
787569705,I2_2,20000,5501
675720393,I2_1,10000,3880
24488415,I2_1,10000,2873
493074207,I2_1,10000,3024
471685696,I2_2,20000,4753
635828034,I2_2,20000,5670
70411593,I2_1,10000,2746
127861198,I2_1,10000,4358
949919752,I2_2,20000,4943
244375771,I2_1,10000,3918
48486949,I2_2,20000,6476
367828449,I2_2,20000,5297
531025848,I2_1,10000,4690
349925412,I2_1,10000,3059
75213510,I2_2,20000,8949
796147287,I2_2,20000,5053
12684914,I2_1,10000,2633
752363603,I2_1,10000,2780
239793461,I2_1,10000,3361
36304391,I2_1,10000,3386
502215159,I2_1,10000,3908
400300004,I2_1,10000,3898
627919958,I2_1,10000,4326
715834420,I2_1,10000,4442
233619038,I2_1,10000,3644
806559890,I2_2,20000,5555
764722173,I2_2,20000,6415
350004851,I2_1,10000,3487
796212128,I2_1,10000,4859
390713940,I2_2,20000,6721
856007447,I2_2,20000,8076
669526147,I2_2,20000,5191
535040921,I2_1,10000,3176
367581783,I2_1,10000,3768
921347247,I2_2,20000,4934
683558719,I2_1,10000,2798
502954789,I2_2,20000,4814
155302225,I2_1,10000,2897
234918732,I2_1,10000,4967
930083979,I2_1,10000,4202
811249572,I2_2,20000,5292
306940175,I2_1,10000,3880
76298963,I2_2,20000,8064
306172395,I2_1,10000,3244
605029075,I2_2,20000,5697
22162816,I2_1,10000,4449
70681309,I2_1,10000,3738
303562244,I2_1,10000,5384
774754257,I2_2,20000,6644
848475274,I2_2,20000,8081
518787451,I2_2,20000,5961
241770491,I2_1,10000,4512
67682253,I2_2,20000,5697
795973341,I2_2,20000,6263
414817700,I2_1,10000,5610
820747827,I2_1,10000,6788
18441396,I2_1,10000,3130
255383698,I2_2,20000,5126
951656723,I2_1,10000,2805
436234493,I2_2,20000,5228
33022066,I2_2,20000,4871
10170852,I2_1,10000,4270
322137634,I2_1,10000,2795
718247965,I2_2,20000,5636
854338492,I2_2,20000,4920
46836796,I2_2,20000,5429
659280977,I2_1,10000,4608
239570096,I2_2,20000,6675
602430935,I2_1,10000,2729
217283089,I2_1,10000,2746
527053443,I2_2,20000,5913
322203116,I2_2,20000,7558
678858581,I2_2,20000,7041
379985406,I2_1,10000,4166
818283051,I2_1,10000,4604
849500172,I2_2,20000,10953
998157746,I2_2,20000,12612
343237056,I2_1,10000,5077
504654700,I2_2,20000,14218
457154134,I2_1,10000,5524
698478342,I2_2,20000,11786
23307157,I2_2,20000,12213
534588261,I2_2,20000,8425
157195486,I2_2,20000,7216
379892112,I2_2,20000,8340
245112669,I2_1,10000,5578
535134642,I2_2,20000,9950
162313585,I2_1,10000,4508
223814980,I2_1,10000,4166
512817928,I2_1,10000,2749
752100829,I2_1,10000,2667
82267080,I2_1,10000,2771
238637316,I2_2,20000,5267
863393819,I2_1,10000,2935
977418069,I2_2,20000,4779
78525051,I2_1,10000,3256
71037474,I2_2,20000,4826
582742403,I2_1,10000,2715
183471731,I2_2,20000,5353
847055401,I2_2,20000,4835
328498970,I2_1,10000,5411
942489368,I2_1,10000,3126
111588756,I2_1,10000,4409
202260607,I2_1,10000,5669
757428430,I2_2,20000,5047
689939957,I2_1,10000,3892
864431708,I2_1,10000,5006
316014779,I2_1,10000,4987
31556555,I2_1,10000,5312
666593291,I2_1,10000,4582
28401685,I2_2,20000,8265
808265476,I2_1,10000,4578
680529090,I2_2,20000,6833
547704944,I2_2,20000,6592
42605790,I2_2,20000,9969
258158784,I2_1,10000,4664
212530032,I2_2,20000,12241
946555503,I2_1,10000,5085
528871903,I2_1,10000,4450
75879268,I2_2,20000,11414
179936229,I2_2,20000,6868
468733284,I2_1,10000,4019
697193135,I2_2,20000,4832
641655031,I2_2,20000,5324
621620404,I2_2,20000,4809
205416694,I2_1,10000,3149
177158833,I2_2,20000,5269
19179034,I2_2,20000,7198
800165038,I2_1,10000,2707
58166884,I2_2,20000,4868
416244074,I2_2,20000,6762
651130220,I2_2,20000,6636
749170549,I2_2,20000,5273
422107208,I2_2,20000,7618
8071022,I2_1,10000,4989
933038005,I2_2,20000,6510
352286033,I2_2,20000,7993
810012896,I2_1,10000,5565
100419697,I2_1,10000,3441
361951584,I2_2,20000,12355
783385745,I2_2,20000,10494
41002625,I2_1,10000,5563
730654294,I2_2,20000,7180
984252142,I2_2,20000,9948
577190930,I2_1,10000,6138
99593795,I2_2,20000,8899
962288102,I2_1,10000,6169
687357202,I2_2,20000,10345
228572733,I2_2,20000,6339
471865157,I2_1,10000,5345
911601096,I2_2,20000,8802
191412730,I2_1,10000,2605
409196833,I2_1,10000,3163
894559618,I2_2,20000,4909
535251527,I2_2,20000,5091
231394,I2_2,20000,6648
458042300,I2_2,20000,4807
869171756,I2_1,10000,2690
537947662,I2_2,20000,4684
425486418,I2_1,10000,2802
373584901,I2_1,10000,2656
922181702,I2_1,10000,2674
176386779,I2_2,20000,5031
302139951,I2_1,10000,2971
385939252,I2_2,20000,4698
368009902,I2_2,20000,5074
265769196,I2_1,10000,4043
514380646,I2_2,20000,5914
681606571,I2_1,10000,4324
680508147,I2_1,10000,4902
234170721,I2_1,10000,5528
522511047,I2_1,10000,5903
986561400,I2_2,20000,5845
623005855,I2_2,20000,6912
674417882,I2_1,10000,2721
464970102,I2_1,10000,2829
731065520,I2_1,10000,3863
478839369,I2_1,10000,3942
774405084,I2_1,10000,2592
626852948,I2_1,10000,2600
999236860,I2_1,10000,3113
290084521,I2_2,20000,5537
416025855,I2_1,10000,4899
670125215,I2_1,10000,4972
266751618,I2_1,10000,5148
423858417,I2_1,10000,4546
46171902,I2_2,20000,8134
350648533,I2_1,10000,3482
57047787,I2_1,10000,3733
139406410,I2_2,20000,6004
67677392,I2_1,10000,4700
196324567,I2_1,10000,6457
390622910,I2_2,20000,5458
845035100,I2_2,20000,4806
650737730,I2_2,20000,5809
873313362,I2_1,10000,2889
81164048,I2_2,20000,7548
308538844,I2_2,20000,4773
838816038,I2_2,20000,5546
40941081,I2_2,20000,4724
533802922,I2_1,10000,3677
635235594,I2_2,20000,5353
413306539,I2_2,20000,7360
410930174,I2_1,10000,5856
282646271,I2_2,20000,5873
408663496,I2_2,20000,7114
66503514,I2_2,20000,9187
47962847,I2_2,20000,10030
621569410,I2_2,20000,8451
877168771,I2_1,10000,4359
265228257,I2_2,20000,11156
70027931,I2_2,20000,11560
523167918,I2_2,20000,10423
797037546,I2_2,20000,5524
204782118,I2_2,20000,5357
513166919,I2_2,20000,5403
881610291,I2_1,10000,4063
113752183,I2_2,20000,8507
337968133,I2_1,10000,2705
644317770,I2_2,20000,4767
631203967,I2_2,20000,6846
278405738,I2_2,20000,4800
57625112,I2_1,10000,3180
980309022,I2_1,10000,2653
493587376,I2_2,20000,4767
592846060,I2_2,20000,6905
391364847,I2_1,10000,3259
70450651,I2_2,20000,10244
469521460,I2_1,10000,3922
390759985,I2_1,10000,5118
559477240,I2_1,10000,3995
397286531,I2_2,20000,6558
121906027,I2_1,10000,3217
665270676,I2_1,10000,4170
276535561,I2_1,10000,4075
572045590,I2_2,20000,5174
367595744,I2_2,20000,4806
811607082,I2_1,10000,4312
841641957,I2_2,20000,6771
378680858,I2_2,20000,4936
939290481,I2_2,20000,5714
335937808,I2_1,10000,3185
77766748,I2_2,20000,8546
563179657,I2_1,10000,5746
451626737,I2_1,10000,4514
461600541,I2_2,20000,8475
884883629,I2_2,20000,9637
616403663,I2_2,20000,7914
503459476,I2_1,10000,4683
54768138,I2_2,20000,6759
721544498,I2_1,10000,2808
661250837,I2_1,10000,2901
294266140,I2_2,20000,4845
941436100,I2_1,10000,4198
752410021,I2_1,10000,4716
847620754,I2_2,20000,6431
848258810,I2_1,10000,3003
959011447,I2_2,20000,5370
554965193,I2_1,10000,4800
652142151,I2_2,20000,7355
61266511,I2_2,20000,5581
173209006,I2_2,20000,5600
195822042,I2_1,10000,4017
794896361,I2_2,20000,4690
714693167,I2_1,10000,3758
422008133,I2_2,20000,5410
970684668,I2_2,20000,6445
634444149,I2_1,10000,4752
663696745,I2_2,20000,8471
267582807,I2_1,10000,4857
547765318,I2_1,10000,3528
708998649,I2_2,20000,6577
760190998,I2_1,10000,3612
353790426,I2_2,20000,6384
252865938,I2_1,10000,3584
819069234,I2_2,20000,5979
404426075,I2_1,10000,4738
842021005,I2_1,10000,5730
827571471,I2_1,10000,5087
569849736,I2_1,10000,2796
674915131,I2_1,10000,3890
943418249,I2_1,10000,3032
995010526,I2_1,10000,3874
317441606,I2_2,20000,6356
118719095,I2_1,10000,3187
950003708,I2_1,10000,2755
968671885,I2_2,20000,5366
656140335,I2_1,10000,2704
256192519,I2_1,10000,2869
129314804,I2_2,20000,5158
940411646,I2_1,10000,5215
360251069,I2_1,10000,6885
611191679,I2_2,20000,9447
977523850,I2_2,20000,6897
874690058,I2_1,10000,4706
810969875,I2_1,10000,4375
525409028,I2_1,10000,6063
682959649,I2_2,20000,6898
631706772,I2_2,20000,7377
296490731,I2_1,10000,3386
640795310,I2_2,20000,5754
246474236,I2_1,10000,5245
979480326,I2_2,20000,8132
362839813,I2_2,20000,6740
582941729,I2_1,10000,5217
528050494,I2_1,10000,3820
827759086,I2_1,10000,2733
662908995,I2_1,10000,3789
713847652,I2_1,10000,4459
767724952,I2_2,20000,4801
658990034,I2_1,10000,2673
396774175,I2_1,10000,2719
861078670,I2_1,10000,2730
635004880,I2_1,10000,2824
368057633,I2_1,10000,2835
324855263,I2_1,10000,3273
722118312,I2_2,20000,5057
652970478,I2_2,20000,7098
798677287,I2_1,10000,4469
559384178,I2_2,20000,4770
130149428,I2_2,20000,5014
172213392,I2_2,20000,4776
977043743,I2_1,10000,2781
621867637,I2_1,10000,2830
739286916,I2_1,10000,2702
55542853,I2_2,20000,5330
571311560,I2_1,10000,3685
152884303,I2_1,10000,3189
563694110,I2_1,10000,4502
680819582,I2_1,10000,4278
695190938,I2_2,20000,5009
294071704,I2_1,10000,2774
541181815,I2_2,20000,4713
824152454,I2_1,10000,2737
924223391,I2_2,20000,4874
847545397,I2_1,10000,3580
8665880,I2_2,20000,5367
793941664,I2_2,20000,6420
53907104,I2_2,20000,4754
483067394,I2_1,10000,4240
555945533,I2_1,10000,4126
150821316,I2_1,10000,2705
988012696,I2_1,10000,2861
295738310,I2_1,10000,2797
450132729,I2_1,10000,3943
348650119,I2_1,10000,2979
150429476,I2_2,20000,4760
114884034,I2_2,20000,7139
311797218,I2_2,20000,8563
151180829,I2_1,10000,4506
150501619,I2_2,20000,8049
889230572,I2_2,20000,10245
171235533,I2_2,20000,9564
91278998,I2_2,20000,7080
749284815,I2_1,10000,5484
227600702,I2_1,10000,2819
659652058,I2_2,20000,6426
174184059,I2_2,20000,6940
118484303,I2_1,10000,5288
514414991,I2_2,20000,7513
128346019,I2_1,10000,5612
582416639,I2_2,20000,10385
100241177,I2_1,10000,3475
191170173,I2_1,10000,4560
876061434,I2_2,20000,5164
23114684,I2_1,10000,4080
303987392,I2_1,10000,5040
309742302,I2_1,10000,3732
361990060,I2_2,20000,5132
849439322,I2_1,10000,3586
896105453,I2_2,20000,5253
995188582,I2_2,20000,5136
358134676,I2_1,10000,3620
210793539,I2_2,20000,5256
543640733,I2_1,10000,2828
824004069,I2_1,10000,3215
384134372,I2_1,10000,2764
6761602,I2_1,10000,2750
459520794,I2_1,10000,2939
179764275,I2_1,10000,3110
790698530,I2_2,20000,5445
368291669,I2_2,20000,4845
307486426,I2_1,10000,4150
795196386,I2_2,20000,4945
402183921,I2_2,20000,4872
416069592,I2_2,20000,5353
473756810,I2_1,10000,3526
356385728,I2_2,20000,5776
610257729,I2_2,20000,5496
959477937,I2_1,10000,4133
854401861,I2_2,20000,6546
535732937,I2_1,10000,4663
397609702,I2_1,10000,4817
825976289,I2_2,20000,5341
151636989,I2_2,20000,4752
855191581,I2_1,10000,4205
988723299,I2_2,20000,4839
800527014,I2_1,10000,3155
266757965,I2_2,20000,4814
849600801,I2_1,10000,5404
734426516,I2_1,10000,2871
872111626,I2_2,20000,4908
828366724,I2_1,10000,3160
20722981,I2_1,10000,3699
278495627,I2_1,10000,2772
559428985,I2_1,10000,2833
115589584,I2_2,20000,5809
911153048,I2_1,10000,3658
753096042,I2_1,10000,3020
547041292,I2_2,20000,5155
798757382,I2_1,10000,5673
997844825,I2_2,20000,8023
104865561,I2_2,20000,10223
37421868,I2_2,20000,5776
254493198,I2_2,20000,7985
608741897,I2_1,10000,3205
735415234,I2_2,20000,4846
685398922,I2_2,20000,5676
338767904,I2_1,10000,6244
245380412,I2_2,20000,4845
893382624,I2_1,10000,3221
993249665,I2_1,10000,3475
806034371,I2_2,20000,4910
895516920,I2_2,20000,4802
188212356,I2_2,20000,5332
586741903,I2_2,20000,6355
137636659,I2_1,10000,4647
129486775,I2_2,20000,5731
174400606,I2_1,10000,3682
573090313,I2_1,10000,3271
860979554,I2_2,20000,5709
917693859,I2_1,10000,5757
829182179,I2_2,20000,5871
934557820,I2_1,10000,4042
117769143,I2_1,10000,3061
45673702,I2_2,20000,5576
952797101,I2_2,20000,5580
766318042,I2_2,20000,5469
302132042,I2_2,20000,4537
746048917,I2_1,10000,2909
851345670,I2_2,20000,5089
875605586,I2_2,20000,6016
9303663,I2_1,10000,5242
616375434,I2_2,20000,8575
455944860,I2_2,20000,7209
843392065,I2_2,20000,7620
176475795,I2_2,20000,7209
8069931,I2_2,20000,4458
907268509,I2_1,10000,2484
79887982,I2_2,20000,4589
358014977,I2_1,10000,5154
937087927,I2_1,10000,2984
862721910,I2_2,20000,4641
220923997,I2_1,10000,3127
611231733,I2_2,20000,4898
850018235,I2_1,10000,5461
575017791,I2_1,10000,7074
916448418,I2_1,10000,5327
923246329,I2_2,20000,5746
83862745,I2_1,10000,2769
69636322,I2_1,10000,2784
513754794,I2_2,20000,4814
214102157,I2_2,20000,7000
84314634,I2_1,10000,5880
613093211,I2_2,20000,8086
323351648,I2_1,10000,6173
289971460,I2_1,10000,4515
246682573,I2_2,20000,10765
458434241,I2_1,10000,5580
47687193,I2_2,20000,14368
291305846,I2_2,20000,12758
695254851,I2_2,20000,8468
840436893,I2_1,10000,6758
72186498,I2_1,10000,4678
53734754,I2_1,10000,5778
81392350,I2_1,10000,4067
447357894,I2_2,20000,12117
152746078,I2_2,20000,9726
788869591,I2_2,20000,9074
880222748,I2_1,10000,2707
534544169,I2_1,10000,2798
192500357,I2_1,10000,2990
297781586,I2_1,10000,2912
542100485,I2_1,10000,4066
260118046,I2_1,10000,3229
572204685,I2_1,10000,2835
78610543,I2_2,20000,5957
54238521,I2_1,10000,5145
655094589,I2_2,20000,7480
408257838,I2_2,20000,8824
520082719,I2_1,10000,5483
123106390,I2_2,20000,10278
450400028,I2_2,20000,4941
546175476,I2_1,10000,5491
517447470,I2_1,10000,3141
649702637,I2_2,20000,5449
968834090,I2_1,10000,4888
475743038,I2_1,10000,3694
274177694,I2_1,10000,3717
779195924,I2_2,20000,6635
86772575,I2_1,10000,2778
514573340,I2_2,20000,4760
523171500,I2_1,10000,2863
654885017,I2_1,10000,2797
359600600,I2_1,10000,2805
941455844,I2_1,10000,2741
131136063,I2_2,20000,4796
461424370,I2_1,10000,4224
433329200,I2_2,20000,6091
666551352,I2_1,10000,3183
738720203,I2_1,10000,3797
458050364,I2_2,20000,4832
603359183,I2_2,20000,4859
190338503,I2_1,10000,5461
120138955,I2_2,20000,5257
686691094,I2_1,10000,3632
785692253,I2_1,10000,3063
860500626,I2_2,20000,5709
953813136,I2_1,10000,6241
693304741,I2_1,10000,4678
100489651,I2_1,10000,5131
308111881,I2_2,20000,8537
8506245,I2_2,20000,7911
656165468,I2_2,20000,8927
999019363,I2_1,10000,4618
965865905,I2_2,20000,5918
103046312,I2_2,20000,4738
747117112,I2_2,20000,6021
278924496,I2_2,20000,4765
831007093,I2_1,10000,3659
752640875,I2_1,10000,3041
899917814,I2_1,10000,3757
772825980,I2_2,20000,5240
677768430,I2_1,10000,3007
898955405,I2_2,20000,4788
766840147,I2_2,20000,5716
787878665,I2_2,20000,5184
146004737,I2_1,10000,4598
618876048,I2_2,20000,7948
463388872,I2_1,10000,4469
197205592,I2_2,20000,8907
107597649,I2_1,10000,4950
324314681,I2_1,10000,3561
540916588,I2_1,10000,3186
438054729,I2_2,20000,4877
114851803,I2_1,10000,3524
514095278,I2_1,10000,2853
352409534,I2_2,20000,6380
446746545,I2_2,20000,4807
213066059,I2_2,20000,5805
254265873,I2_2,20000,5769
558997782,I2_2,20000,4767
120114303,I2_2,20000,4785
846251822,I2_1,10000,2971
117831354,I2_2,20000,5943
204828924,I2_1,10000,5249
393755937,I2_1,10000,3567
228105124,I2_1,10000,4236
982686048,I2_2,20000,9614
691114620,I2_2,20000,5952
470920636,I2_2,20000,6828
572188612,I2_1,10000,2688
868984306,I2_2,20000,4709
665380214,I2_2,20000,4893
649762495,I2_1,10000,3330
635305497,I2_2,20000,8053
183454423,I2_2,20000,4812
460435258,I2_1,10000,2771
648729029,I2_2,20000,5409
532730617,I2_2,20000,4793
791916432,I2_1,10000,3191
436857447,I2_2,20000,4844
944480171,I2_1,10000,3243
447402392,I2_1,10000,3660
602171520,I2_1,10000,3170
587369823,I2_2,20000,4999
491966132,I2_1,10000,2859
938765628,I2_1,10000,2752
110052964,I2_1,10000,5869
52306067,I2_2,20000,6979
641765385,I2_2,20000,6889
456253173,I2_1,10000,6344
152182276,I2_2,20000,9734
446109757,I2_2,20000,9562
803853337,I2_2,20000,11220
265493035,I2_2,20000,8950
176385369,I2_1,10000,3594
646873823,I2_2,20000,5480
412493700,I2_1,10000,3077
672308452,I2_1,10000,2748
133084977,I2_1,10000,2735
726926001,I2_1,10000,2871
964767347,I2_2,20000,4804
283065415,I2_1,10000,4147
968913455,I2_2,20000,5512
725722511,I2_2,20000,4764
698234739,I2_2,20000,6920
825412972,I2_1,10000,3075
426633245,I2_1,10000,2748
256307140,I2_1,10000,3828
971228746,I2_1,10000,2977
150355134,I2_2,20000,4664
569872465,I2_1,10000,4298
871450668,I2_1,10000,3050
373147125,I2_2,20000,5365
103466390,I2_1,10000,2713
191443605,I2_2,20000,4680
825455372,I2_1,10000,2872
345509616,I2_2,20000,5228
195480242,I2_1,10000,3515
881239488,I2_1,10000,3174
75593680,I2_1,10000,2731
968838045,I2_2,20000,4977
444583454,I2_1,10000,2978
37981457,I2_1,10000,3813
451226757,I2_1,10000,2794
517112069,I2_1,10000,3868
596095416,I2_1,10000,2702
717347021,I2_1,10000,2724
365809268,I2_1,10000,3163
730358779,I2_1,10000,3121
51607104,I2_1,10000,4356
496822963,I2_1,10000,4524
244661069,I2_2,20000,4801
688158016,I2_2,20000,5243
264594295,I2_2,20000,5762
578761042,I2_1,10000,5194
92859391,I2_1,10000,4586
198476519,I2_2,20000,7818
562246690,I2_2,20000,6404
356405468,I2_2,20000,6980
777128395,I2_2,20000,5419
605979836,I2_1,10000,4603
15836824,I2_2,20000,8127
209723683,I2_2,20000,9898
783656845,I2_2,20000,12177
615183913,I2_2,20000,13952
497726813,I2_2,20000,12199
743246324,I2_1,10000,4687
404850668,I2_2,20000,5630
207152070,I2_1,10000,2782
590048578,I2_2,20000,4804
547216210,I2_1,10000,3227
290718800,I2_2,20000,4809
534592079,I2_1,10000,3114
548516959,I2_2,20000,4799
341157525,I2_1,10000,4216
226670007,I2_2,20000,4793
247630614,I2_2,20000,4810
243192421,I2_2,20000,6998
552951178,I2_2,20000,6133
699770885,I2_2,20000,6597
199198273,I2_2,20000,8341
18441447,I2_2,20000,6316
643914285,I2_1,10000,4778
713240503,I2_2,20000,7485
802230303,I2_1,10000,4066
323015610,I2_2,20000,7199
757053423,I2_1,10000,3340
363131345,I2_1,10000,3918
160209123,I2_1,10000,5158
993409577,I2_1,10000,4822
660847384,I2_1,10000,4188
222811797,I2_2,20000,8574
469507305,I2_1,10000,4475
458718121,I2_1,10000,3321
536739458,I2_2,20000,10279
75727543,I2_1,10000,3041
527754030,I2_2,20000,5644
990891303,I2_1,10000,5081
62577345,I2_2,20000,4764
667002854,I2_1,10000,3302
159577759,I2_1,10000,3082
40078709,I2_2,20000,5357
967722190,I2_2,20000,6266
569033098,I2_2,20000,7711
323621023,I2_2,20000,9901
901165377,I2_2,20000,9388
4750811,I2_2,20000,10349
155979383,I2_1,10000,5496
777081069,I2_2,20000,8647
530496419,I2_1,10000,3803
973802570,I2_1,10000,4262
978638245,I2_2,20000,6327
493052072,I2_2,20000,7778
508495736,I2_2,20000,9342
454926986,I2_1,10000,5467
481436085,I2_1,10000,7214
691674561,I2_2,20000,4783
448283464,I2_1,10000,2659
497656735,I2_1,10000,2764
665755518,I2_2,20000,5341
49871316,I2_2,20000,4815
810552876,I2_1,10000,3574
835138574,I2_1,10000,3656
419881089,I2_2,20000,6573
63410817,I2_2,20000,4725
971438831,I2_1,10000,5248
124987975,I2_1,10000,2742
449058621,I2_1,10000,2982
466562902,I2_1,10000,2753
417936307,I2_1,10000,2838
338011584,I2_1,10000,2793
677524349,I2_1,10000,2685
138452646,I2_1,10000,3084
921000165,I2_2,20000,5397
458450632,I2_1,10000,4871
103546064,I2_2,20000,5051
79845830,I2_1,10000,4548
892317452,I2_1,10000,2841
100822813,I2_2,20000,5924
575526498,I2_1,10000,3165
684317858,I2_1,10000,3575
900225237,I2_2,20000,7842
170282916,I2_2,20000,4815
145422540,I2_1,10000,2887
549474626,I2_1,10000,3166
762732175,I2_1,10000,2866
24706132,I2_2,20000,4780
848295477,I2_2,20000,4875
501059221,I2_1,10000,3310
336926485,I2_2,20000,8027
216937105,I2_1,10000,2792
957155421,I2_1,10000,3594
753443761,I2_2,20000,4793
275000170,I2_2,20000,4776
584636454,I2_1,10000,3230
926145055,I2_1,10000,3023
707426091,I2_1,10000,3195
154167440,I2_2,20000,6034
11187171,I2_1,10000,2800
355830197,I2_1,10000,2792
217290915,I2_2,20000,5197
698786731,I2_2,20000,6743
414455093,I2_2,20000,5887
549074960,I2_2,20000,4848
248642712,I2_1,10000,3658
36605668,I2_1,10000,2999
746768424,I2_2,20000,7525
531586773,I2_2,20000,7564
209187009,I2_1,10000,4616
836135237,I2_2,20000,9639
836043015,I2_2,20000,5101
273827132,I2_1,10000,3411
565002829,I2_2,20000,4678
102282663,I2_2,20000,5729
108548235,I2_2,20000,5403
647432567,I2_2,20000,5751
156682454,I2_1,10000,3120
704834948,I2_2,20000,4783
283678576,I2_2,20000,5170
331884113,I2_2,20000,5671
695807155,I2_2,20000,7728
784729214,I2_1,10000,2662
718354305,I2_1,10000,3049
208556930,I2_2,20000,4827
655141723,I2_2,20000,6891
189191017,I2_1,10000,3546
450394803,I2_1,10000,3155
32301345,I2_2,20000,4823
109270438,I2_1,10000,2866
267992505,I2_1,10000,4052
201986544,I2_1,10000,5418
82575773,I2_1,10000,3706
340341325,I2_1,10000,3032
260995378,I2_2,20000,7127
860675599,I2_1,10000,2627
17882670,I2_1,10000,2662
348684936,I2_1,10000,2627
672433561,I2_2,20000,4761
102244141,I2_2,20000,6834
159859042,I2_2,20000,6801
264718559,I2_1,10000,3389
520422712,I2_1,10000,4038
382620550,I2_2,20000,4861
369857479,I2_2,20000,5878
996540192,I2_1,10000,4652
828595553,I2_2,20000,5980
823905409,I2_2,20000,6463
813548725,I2_2,20000,5528
544750472,I2_1,10000,4582
394389646,I2_2,20000,7892
709343205,I2_2,20000,4796
308266543,I2_2,20000,4824
298332628,I2_1,10000,2700
744079588,I2_1,10000,3115
681659999,I2_1,10000,4740
120821947,I2_2,20000,5708
240858782,I2_2,20000,7932
600827950,I2_2,20000,10203
554539600,I2_2,20000,9387
156811497,I2_2,20000,8944
776889950,I2_2,20000,9030
960338570,I2_2,20000,8216
237899567,I2_2,20000,5816
917349149,I2_2,20000,5476
571516088,I2_2,20000,4830
688771149,I2_2,20000,5262
934231805,I2_1,10000,4745
231928373,I2_1,10000,3018
382409129,I2_2,20000,6367
147344770,I2_2,20000,4978
974036618,I2_2,20000,7145
982080841,I2_2,20000,9302
676834435,I2_1,10000,3774
802697427,I2_1,10000,2782
964658388,I2_2,20000,6277
998938099,I2_2,20000,4809
492973483,I2_2,20000,7009
860233374,I2_2,20000,4637
377421815,I2_2,20000,4896
274799343,I2_1,10000,3241
754225734,I2_1,10000,4400
765878049,I2_2,20000,8578
238401796,I2_1,10000,5445
997888376,I2_1,10000,3152
404508553,I2_1,10000,3772
326833368,I2_2,20000,4966
351445474,I2_1,10000,4059
14874103,I2_1,10000,2658
604378999,I2_1,10000,2763
602799042,I2_1,10000,3849
421874921,I2_1,10000,2951
329686025,I2_2,20000,4793
192311940,I2_1,10000,4249
178464502,I2_1,10000,5415
503414804,I2_2,20000,6843
252091635,I2_1,10000,2864
643523709,I2_2,20000,5505
330966746,I2_1,10000,2862
840194007,I2_1,10000,4529
20494816,I2_2,20000,5268
438871528,I2_2,20000,5375
389056003,I2_2,20000,6838
653687115,I2_1,10000,2801
60904064,I2_2,20000,5099
206903111,I2_1,10000,3596
850983824,I2_2,20000,5389
510025285,I2_1,10000,4200
883093950,I2_1,10000,4291
122188310,I2_2,20000,7373
740705786,I2_1,10000,5500
481656167,I2_2,20000,10964
160052672,I2_2,20000,7915
748722308,I2_1,10000,4567
802158375,I2_2,20000,7136
868573976,I2_1,10000,2716
41884660,I2_1,10000,2693
686937515,I2_2,20000,6295
575516502,I2_2,20000,5795
774144689,I2_1,10000,6439
749531031,I2_1,10000,5822
701691639,I2_1,10000,7631
492312394,I2_1,10000,5964
378755862,I2_2,20000,5754
840700095,I2_1,10000,4064
544731101,I2_2,20000,5650
38995152,I2_2,20000,6776
568291175,I2_2,20000,4794
342141628,I2_1,10000,5300
339896883,I2_2,20000,5566
493567392,I2_2,20000,7730
111165415,I2_2,20000,5668
147353886,I2_1,10000,5170
176940516,I2_2,20000,8211
36314330,I2_1,10000,3533
932541514,I2_2,20000,5310
258493044,I2_1,10000,3649
805910161,I2_2,20000,4721
822685950,I2_1,10000,2663
224569781,I2_1,10000,2772
351579131,I2_2,20000,4837
322604970,I2_2,20000,6994
919338922,I2_1,10000,2782
473016427,I2_2,20000,4756
206330759,I2_1,10000,3161
169077618,I2_2,20000,6837
456899780,I2_1,10000,3286
323207704,I2_2,20000,4849
375281575,I2_2,20000,7045
463561544,I2_1,10000,2863
982462908,I2_2,20000,5011
340324700,I2_1,10000,2735
649240670,I2_1,10000,2622
874703983,I2_2,20000,5051
745291344,I2_1,10000,4516
481405323,I2_2,20000,7361
232271073,I2_2,20000,9530
584709539,I2_1,10000,4550
668434606,I2_2,20000,6702
899180990,I2_2,20000,7836
610840013,I2_1,10000,2682
620661194,I2_1,10000,3831
234999525,I2_1,10000,2669
316508265,I2_1,10000,3066
10622883,I2_2,20000,5779
564903383,I2_1,10000,5186
577304863,I2_1,10000,6874
816299817,I2_2,20000,9082
251190343,I2_2,20000,9508
626558233,I2_1,10000,5020
217798709,I2_1,10000,4453
690935999,I2_2,20000,11850
935438353,I2_2,20000,11123
661751049,I2_2,20000,9436
209395283,I2_1,10000,4563
76274292,I2_2,20000,6924
625124919,I2_2,20000,8999
126240338,I2_2,20000,4958
567213355,I2_1,10000,3641
267346064,I2_2,20000,5416
994101604,I2_2,20000,6960
775514171,I2_2,20000,5275
873669986,I2_1,10000,3675
506994807,I2_1,10000,3602
708930176,I2_1,10000,4195
98586977,I2_1,10000,3702
565474698,I2_1,10000,3685
493349560,I2_1,10000,2626
453756720,I2_2,20000,4697
558800738,I2_2,20000,5686
507667981,I2_1,10000,2618
147828731,I2_1,10000,2641
715933544,I2_2,20000,4947
431551157,I2_1,10000,3438
688044475,I2_2,20000,6391
626602510,I2_1,10000,4128
98802071,I2_1,10000,4014
427557274,I2_1,10000,3744
268405148,I2_1,10000,3635
590888008,I2_1,10000,3085
479861347,I2_2,20000,5449
951975334,I2_1,10000,3128
76760325,I2_1,10000,3406
973867977,I2_2,20000,5736
696295811,I2_2,20000,5848
328677219,I2_2,20000,7281
80978295,I2_2,20000,5867
909297015,I2_2,20000,5863
430409064,I2_1,10000,3456
530957850,I2_2,20000,5850
508206322,I2_1,10000,3009
928233013,I2_1,10000,3887
294976320,I2_2,20000,5179
218720595,I2_1,10000,3082
383401149,I2_1,10000,3252
600109261,I2_1,10000,2647
924758605,I2_1,10000,3203
773772282,I2_2,20000,4963
448101116,I2_2,20000,4964
47785909,I2_1,10000,3393
64192148,I2_2,20000,5064
212367213,I2_1,10000,4751
332635752,I2_2,20000,8032
286629705,I2_2,20000,9032
21880267,I2_1,10000,6729
513592256,I2_1,10000,7311
787673015,I2_2,20000,9541
318363937,I2_2,20000,10457
980235241,I2_2,20000,11617
789870663,I2_2,20000,5647
19925,I2_2,20000,6853
342459954,I2_2,20000,5818
870618186,I2_1,10000,4275
273844201,I2_1,10000,4213
545924136,I2_2,20000,9040
72338138,I2_2,20000,4669
861671323,I2_1,10000,3592
601232891,I2_1,10000,2659
829684115,I2_1,10000,2725
866583928,I2_2,20000,4711
872995468,I2_1,10000,2822
937419433,I2_2,20000,5874
120701357,I2_2,20000,8217
449143320,I2_1,10000,6562
403021944,I2_1,10000,5898
971003840,I2_1,10000,6407
380727135,I2_1,10000,5826
270812037,I2_2,20000,11418
157392104,I2_2,20000,7102
97317587,I2_2,20000,4762
360142971,I2_2,20000,5785
118784846,I2_2,20000,6860
796516299,I2_2,20000,6597
27196811,I2_2,20000,6161
635573053,I2_2,20000,7270
351565209,I2_1,10000,4734
220153426,I2_2,20000,5668
34912836,I2_2,20000,6300
732560712,I2_2,20000,9273
220184418,I2_1,10000,4661
5969048,I2_2,20000,5725
38553628,I2_2,20000,6181
244154805,I2_1,10000,5015
237328764,I2_2,20000,5641
236765020,I2_1,10000,5035
195461197,I2_1,10000,3194
598533131,I2_1,10000,3817
148683314,I2_2,20000,5183
772206036,I2_2,20000,6161
707898857,I2_2,20000,5649
293374995,I2_2,20000,6748
435928826,I2_2,20000,6278
506007592,I2_1,10000,5735
900470350,I2_1,10000,6244
103506062,I2_1,10000,5632
797222306,I2_2,20000,5152
440861016,I2_2,20000,5499
194418196,I2_1,10000,4672
222248435,I2_1,10000,6320
560811033,I2_1,10000,4780
194406836,I2_2,20000,9193
656406654,I2_2,20000,9028
653371866,I2_2,20000,6533
603161035,I2_2,20000,5534
90482377,I2_2,20000,4643
320305861,I2_2,20000,5158
523355155,I2_1,10000,3169
420470114,I2_1,10000,3654
113284268,I2_2,20000,6398
250898129,I2_2,20000,6591
900960479,I2_1,10000,2706
949788650,I2_2,20000,4678
340601008,I2_2,20000,4710
652398483,I2_2,20000,5762
763515970,I2_2,20000,5006
277528315,I2_1,10000,4113
362673767,I2_2,20000,5244
614540263,I2_2,20000,4795
929222014,I2_1,10000,2797
528937320,I2_1,10000,3599
338926308,I2_2,20000,5385
862949566,I2_2,20000,11551
942693127,I2_1,10000,9595
642903981,I2_1,10000,9018
399761385,I2_2,20000,13584
799262222,I2_2,20000,15716
695200748,I2_1,10000,5161
783597924,I2_2,20000,14642
690685450,I2_1,10000,6387
656815840,I2_2,20000,15403
940336564,I2_1,10000,6549
387786363,I2_1,10000,6543
620600440,I2_1,10000,8320
407905406,I2_2,20000,4812
60372279,I2_1,10000,4158
469023059,I2_2,20000,4720
125836390,I2_2,20000,4811
821335512,I2_1,10000,2739
3612112,I2_2,20000,4718
357416747,I2_1,10000,5325
862396697,I2_1,10000,4215
976954322,I2_1,10000,2662
130287911,I2_1,10000,2814
984080540,I2_2,20000,5407
352065549,I2_1,10000,3870
424692020,I2_2,20000,5657
605662007,I2_2,20000,5569
324369119,I2_1,10000,3518
333557093,I2_2,20000,5348
297381091,I2_2,20000,7428
624360553,I2_1,10000,2703
642256459,I2_1,10000,2680
381696847,I2_1,10000,2960
932401036,I2_1,10000,3702
544050677,I2_2,20000,6643
868436100,I2_1,10000,5435
75475962,I2_1,10000,3648
10150324,I2_2,20000,8736
725429124,I2_1,10000,4542
923833999,I2_2,20000,10485
718589032,I2_2,20000,5756
604606763,I2_2,20000,7391
957820571,I2_2,20000,7908
30694314,I2_1,10000,4215
979940444,I2_2,20000,9756
554077387,I2_2,20000,4680
288223735,I2_2,20000,4787
793087890,I2_2,20000,6921
191948870,I2_2,20000,5054
598015231,I2_2,20000,4728
670091822,I2_2,20000,5704
249176479,I2_2,20000,4828
599677179,I2_2,20000,7089
372597626,I2_2,20000,6115
411790391,I2_2,20000,5707
374317728,I2_2,20000,7850
669103344,I2_1,10000,4410
243961866,I2_2,20000,5249
323697777,I2_2,20000,6216
57498433,I2_1,10000,3012
121498413,I2_2,20000,4730
121391376,I2_1,10000,2709
244727367,I2_1,10000,2777
219875801,I2_1,10000,2852
510300123,I2_1,10000,3332
849335259,I2_1,10000,3213
582181733,I2_2,20000,5116
149976224,I2_1,10000,2849
795648687,I2_2,20000,5211
111847840,I2_1,10000,3088
540906338,I2_1,10000,3141
305884702,I2_1,10000,2790
916659441,I2_2,20000,4828
367010019,I2_1,10000,4327
257193034,I2_1,10000,4415
14451564,I2_1,10000,3592
41953938,I2_2,20000,4724
645694241,I2_2,20000,5730
516907890,I2_1,10000,3573
694986866,I2_2,20000,5229
192636382,I2_2,20000,4764
435113169,I2_2,20000,5154
98075722,I2_1,10000,3062
662041975,I2_1,10000,4271
930759431,I2_2,20000,4746
959563392,I2_2,20000,4811
536095457,I2_2,20000,5827
981184860,I2_2,20000,5467
948092510,I2_1,10000,4526
431793658,I2_2,20000,8787
664267906,I2_1,10000,4554
291609264,I2_2,20000,7913
331841945,I2_2,20000,4747
86677574,I2_1,10000,3056
368775602,I2_1,10000,3232
141240885,I2_2,20000,4833
480492957,I2_2,20000,6846
379617643,I2_1,10000,2848
624520252,I2_1,10000,2676
696705859,I2_2,20000,4690
760967106,I2_1,10000,3622
791082453,I2_2,20000,6989
2117465,I2_1,10000,4205
763048339,I2_1,10000,3707
220051928,I2_2,20000,10222
89142742,I2_2,20000,11196
432002316,I2_2,20000,7851
403984698,I2_2,20000,4875
405905675,I2_2,20000,4878
378288670,I2_2,20000,5880
461127448,I2_2,20000,5610
308165559,I2_1,10000,3050
962241834,I2_2,20000,6079
971679137,I2_1,10000,5577
590996527,I2_1,10000,3031
391321725,I2_2,20000,6889
950711942,I2_1,10000,5175
211350717,I2_1,10000,3146
698729774,I2_1,10000,2699
408647522,I2_1,10000,2741
727334954,I2_1,10000,2755
737788119,I2_1,10000,2700
86520404,I2_1,10000,3795
992376846,I2_2,20000,5764
620039818,I2_2,20000,8140
5697355,I2_2,20000,4705
932376821,I2_1,10000,2953
736404721,I2_2,20000,5425
81083197,I2_1,10000,4195
902393060,I2_2,20000,4949
591546897,I2_2,20000,6132
208757792,I2_2,20000,4771
468427673,I2_1,10000,2771
738115237,I2_1,10000,2708
712337627,I2_2,20000,4806
11019764,I2_1,10000,4182
947782880,I2_2,20000,4830
82481283,I2_1,10000,3242
548952974,I2_2,20000,6093
117004976,I2_1,10000,3089
338576202,I2_1,10000,4187
641671958,I2_1,10000,4738
324417744,I2_2,20000,7094
994846336,I2_1,10000,4722
509243332,I2_1,10000,2863
415543606,I2_1,10000,3307
856855892,I2_2,20000,5025
117609118,I2_1,10000,3369
915161239,I2_2,20000,4965
153185697,I2_2,20000,7296
273097418,I2_2,20000,7022
851579274,I2_2,20000,6417
484809747,I2_1,10000,2726
402622044,I2_1,10000,3031
148187708,I2_1,10000,3844
343846264,I2_2,20000,6165
764105610,I2_2,20000,8353
973093638,I2_1,10000,6542
131698097,I2_2,20000,10051
776630047,I2_2,20000,8480
311091518,I2_2,20000,6074
127651780,I2_1,10000,4414
152212084,I2_1,10000,2742
849057000,I2_1,10000,3351
831971747,I2_2,20000,5645
301617658,I2_1,10000,4956
432579455,I2_1,10000,5042
596612946,I2_1,10000,3477
899718745,I2_2,20000,6961
259348088,I2_2,20000,4790
908981754,I2_2,20000,5695
562880011,I2_2,20000,4850
727984311,I2_1,10000,3371
80052662,I2_2,20000,4796
982151999,I2_2,20000,6976
769331581,I2_2,20000,5785
489474816,I2_1,10000,4240
487426617,I2_1,10000,5867
104432071,I2_2,20000,8047
674274329,I2_2,20000,10074
864481601,I2_2,20000,8093
249197573,I2_1,10000,3626
832074148,I2_1,10000,2772
385915599,I2_2,20000,5426
268564394,I2_2,20000,5488
250230592,I2_1,10000,3441
60223691,I2_1,10000,4495
635028733,I2_1,10000,4569
916604613,I2_2,20000,6442
642382204,I2_1,10000,2769
332336895,I2_1,10000,3443
677850676,I2_2,20000,6061
53389828,I2_2,20000,4715
799081129,I2_1,10000,3033
523642391,I2_1,10000,2711
467189512,I2_1,10000,3038
845912054,I2_2,20000,6015
479263962,I2_2,20000,4844
390580411,I2_1,10000,4123
554644495,I2_1,10000,2714
967398859,I2_1,10000,2726
604421064,I2_2,20000,5425
797291022,I2_2,20000,5664
574772783,I2_2,20000,5635
259470477,I2_1,10000,4080
951436325,I2_1,10000,4084
740512709,I2_1,10000,4861
333043912,I2_2,20000,5196
824371537,I2_1,10000,2770
965968384,I2_2,20000,5438
4988652,I2_2,20000,4773
975312552,I2_2,20000,5730
401355333,I2_2,20000,4801
372825106,I2_1,10000,3281
56839653,I2_1,10000,3037
560971830,I2_2,20000,4665
209301740,I2_2,20000,5772
73287609,I2_1,10000,2812
195009486,I2_2,20000,4736
306927602,I2_1,10000,4157
932563503,I2_1,10000,4611
656108834,I2_2,20000,5460
947930095,I2_1,10000,3565
441157427,I2_2,20000,6420
248444737,I2_2,20000,5594
197264599,I2_2,20000,6578
68446051,I2_2,20000,4730
801473483,I2_1,10000,2659
733615598,I2_2,20000,4764
919089357,I2_1,10000,2737
652698804,I2_2,20000,5607
216638543,I2_2,20000,4846
417148552,I2_1,10000,2770
218796355,I2_2,20000,4737
945819908,I2_2,20000,4771
264556405,I2_2,20000,4733
936979510,I2_1,10000,2755
929081749,I2_1,10000,3197
347333532,I2_2,20000,4755
926948739,I2_1,10000,2712
149598056,I2_2,20000,4765
791966338,I2_2,20000,5742
778723714,I2_2,20000,7797
44259690,I2_2,20000,5532
50368165,I2_1,10000,2766
422295772,I2_1,10000,2802
767240818,I2_1,10000,3631
91202199,I2_2,20000,5137
693760031,I2_2,20000,7260
337616764,I2_2,20000,7839
945719387,I2_2,20000,9971
460764615,I2_1,10000,3393
15616979,I2_1,10000,3186
919697633,I2_2,20000,5762
731360060,I2_2,20000,4738
739271053,I2_1,10000,3168
930807277,I2_2,20000,6101
425973050,I2_1,10000,3999
613692779,I2_2,20000,6631
906067652,I2_1,10000,4030
45607991,I2_1,10000,3574
866264347,I2_1,10000,2598
445170306,I2_1,10000,2591
81951428,I2_2,20000,4851
205016868,I2_2,20000,5728
38594008,I2_2,20000,6972
200210200,I2_2,20000,7077
452890564,I2_2,20000,9183
349925462,I2_2,20000,6427
233622774,I2_2,20000,6485
979756650,I2_1,10000,3480
760955675,I2_1,10000,4452
273216749,I2_2,20000,7676
678315689,I2_2,20000,8223
730826518,I2_2,20000,7639
161285862,I2_1,10000,3424
246901707,I2_1,10000,3501
928729339,I2_1,10000,4756
618729804,I2_2,20000,8022
26835620,I2_1,10000,5815
116899349,I2_2,20000,9055
122387800,I2_2,20000,9448
837024215,I2_2,20000,9552
577279244,I2_2,20000,6585
636458359,I2_1,10000,2780
545914419,I2_2,20000,4848
152409213,I2_2,20000,5834
46837643,I2_2,20000,7512
994033928,I2_2,20000,9746
987170721,I2_1,10000,5513
909426273,I2_2,20000,12343
959709231,I2_2,20000,10883
54971863,I2_2,20000,6551
261129148,I2_2,20000,6629
21776642,I2_1,10000,5051
357775593,I2_1,10000,2665
562704455,I2_1,10000,2994
743039705,I2_2,20000,4644
990601909,I2_2,20000,4681
896724234,I2_1,10000,5210
434168502,I2_2,20000,7493
26030557,I2_1,10000,6214
476543715,I2_1,10000,5605
972582853,I2_2,20000,9473
780559168,I2_2,20000,8610
9032284,I2_2,20000,4773
609296819,I2_2,20000,4663
739949225,I2_1,10000,2660
185193129,I2_2,20000,4797
51301409,I2_1,10000,3276
178150708,I2_1,10000,4384
729692887,I2_2,20000,5216
295468254,I2_2,20000,6337
973061956,I2_2,20000,5211
366225875,I2_2,20000,8000
233172337,I2_2,20000,9151
305828339,I2_1,10000,5116
326359665,I2_1,10000,4386
237505834,I2_2,20000,8274
847133452,I2_2,20000,5130
931648443,I2_1,10000,2706
577140445,I2_2,20000,5386
340450760,I2_2,20000,7149
792645793,I2_1,10000,5468
146474675,I2_1,10000,3297
449648438,I2_2,20000,9311
395860927,I2_1,10000,3794
863881504,I2_2,20000,5376
994911377,I2_2,20000,4921
806538826,I2_1,10000,2704
215702662,I2_1,10000,3999
951410658,I2_1,10000,4379
737919015,I2_1,10000,4990
988705363,I2_1,10000,4418
203974026,I2_1,10000,4937
658611870,I2_2,20000,5999
71929300,I2_2,20000,4865
682510649,I2_2,20000,7139
536832440,I2_2,20000,4795
535356429,I2_2,20000,4991
661094088,I2_1,10000,4191
195043825,I2_1,10000,4156
620232450,I2_1,10000,3517
30055168,I2_2,20000,10168
975730213,I2_2,20000,11301
191186006,I2_2,20000,12188
183149341,I2_2,20000,12632
618188191,I2_2,20000,14730
711387506,I2_1,10000,7500
149704543,I2_2,20000,14968
851403590,I2_2,20000,14366
266485852,I2_1,10000,2655
608907604,I2_1,10000,2783
917167409,I2_1,10000,3543
508862302,I2_1,10000,2753
185336970,I2_1,10000,2631
197786134,I2_1,10000,2810
112314740,I2_1,10000,2591
487368003,I2_1,10000,2655
887899864,I2_1,10000,3482
745499724,I2_2,20000,4853
804697179,I2_1,10000,3784
849948088,I2_1,10000,3133
286047192,I2_2,20000,6373
721025671,I2_2,20000,8546
600312342,I2_2,20000,9273
416171163,I2_2,20000,6704
825597362,I2_2,20000,8611
477796541,I2_1,10000,2627
513009597,I2_1,10000,2620
46690697,I2_1,10000,2624
635128283,I2_2,20000,4991
356966505,I2_2,20000,4662
903342748,I2_1,10000,4108
886500075,I2_1,10000,4140
336755691,I2_2,20000,5228
188057826,I2_1,10000,3671
258726136,I2_1,10000,3050
643541746,I2_1,10000,4742
404561642,I2_1,10000,5926
947720788,I2_2,20000,8648
869225822,I2_1,10000,6234
912835562,I2_1,10000,4518
202036119,I2_2,20000,12478
33549136,I2_1,10000,4958
247308373,I2_2,20000,14218
485111095,I2_1,10000,2675
634799485,I2_2,20000,6273
162158403,I2_1,10000,4897
365432364,I2_1,10000,4339
307220942,I2_1,10000,4990
913813209,I2_2,20000,9459
338685960,I2_2,20000,8086
984473340,I2_1,10000,5471
899326284,I2_1,10000,5545
57981726,I2_2,20000,11493
882415895,I2_2,20000,13612
411222418,I2_2,20000,12767
527471931,I2_2,20000,12636
13457344,I2_2,20000,12118
903693705,I2_2,20000,6751
326738758,I2_1,10000,5220
679931115,I2_2,20000,7888
721248200,I2_1,10000,4721
899666628,I2_2,20000,11780
378912822,I2_2,20000,4541
817942484,I2_2,20000,4578
150945498,I2_2,20000,4904
608137222,I2_1,10000,3347
227080031,I2_1,10000,2961
86139624,I2_2,20000,5322
485847600,I2_2,20000,4509
954484039,I2_2,20000,4496
303324473,I2_1,10000,2700
294519778,I2_2,20000,4709
572243571,I2_1,10000,4016
546185562,I2_2,20000,6538
776882189,I2_1,10000,3660
978175250,I2_2,20000,4506
163140238,I2_1,10000,2515
545067420,I2_1,10000,2812
25488486,I2_1,10000,2494
351903038,I2_2,20000,4550
753079850,I2_2,20000,5060
468665072,I2_1,10000,3478
990644477,I2_1,10000,3566
786793480,I2_1,10000,4048
947276772,I2_2,20000,6652
912974665,I2_2,20000,6541
850118599,I2_2,20000,5365
566658873,I2_1,10000,4297
634457494,I2_2,20000,6454
680495528,I2_2,20000,5460
90905065,I2_1,10000,2573
513328304,I2_1,10000,3699
528071941,I2_1,10000,3573
637471083,I2_1,10000,2510
84817642,I2_1,10000,2818
335928452,I2_2,20000,5038
549492328,I2_1,10000,3907
404874165,I2_2,20000,4750
557396156,I2_1,10000,2510
305290657,I2_2,20000,5339
607893367,I2_2,20000,4520
686722903,I2_2,20000,4688
695470194,I2_2,20000,5494
204752257,I2_2,20000,4716
56521925,I2_2,20000,7160
609142899,I2_2,20000,4634
144350706,I2_1,10000,4147
972600823,I2_1,10000,4271
610324250,I2_1,10000,4685
685979673,I2_2,20000,10375
217229966,I2_1,10000,4421
84333778,I2_1,10000,5550
115896130,I2_2,20000,14732
735185654,I2_2,20000,12209
621201254,I2_2,20000,10218
197315724,I2_2,20000,5943
958550112,I2_1,10000,2658
932564583,I2_2,20000,5110
901787989,I2_2,20000,6783
847299420,I2_1,10000,5070
821290473,I2_2,20000,9562
907307830,I2_2,20000,4625
109546523,I2_1,10000,2659
338933569,I2_2,20000,6361
320971275,I2_2,20000,4663
81837641,I2_1,10000,4195
485887083,I2_2,20000,5613
668065460,I2_1,10000,2803
417121824,I2_1,10000,3142
451195994,I2_2,20000,6619
155884949,I2_2,20000,4975
351746001,I2_1,10000,4224
842437764,I2_1,10000,5881
943177343,I2_2,20000,5213
53683440,I2_1,10000,3978
114308765,I2_1,10000,3497
376441506,I2_2,20000,5190
5112749,I2_1,10000,4591
80199308,I2_2,20000,8365
682975574,I2_1,10000,2615
305135672,I2_1,10000,2870
390032912,I2_2,20000,4619
866959454,I2_2,20000,5412
913398196,I2_2,20000,5610
60019477,I2_1,10000,3984
264981219,I2_2,20000,9971
93018733,I2_2,20000,5578
843048384,I2_1,10000,4324
147596947,I2_2,20000,7905
885594384,I2_2,20000,10250
27598915,I2_2,20000,5690
877107715,I2_2,20000,4588
650184502,I2_1,10000,2592
907737115,I2_2,20000,5348
650972067,I2_1,10000,2735
791379075,I2_1,10000,2653
262745085,I2_2,20000,5333
214507468,I2_1,10000,3369
226437592,I2_2,20000,5726
640586425,I2_2,20000,6654
427319326,I2_1,10000,3568
503222671,I2_1,10000,4117
136809795,I2_1,10000,5753
694993321,I2_2,20000,8019
926340237,I2_2,20000,7414
809026275,I2_2,20000,6497
970658624,I2_2,20000,4908
460027172,I2_1,10000,2724
738835217,I2_2,20000,5623
192222947,I2_1,10000,5088
771960057,I2_1,10000,4544
902252879,I2_2,20000,5644
855378729,I2_2,20000,6655
524866042,I2_1,10000,6145
563851177,I2_2,20000,5764
492988615,I2_2,20000,6823
517000439,I2_1,10000,5280
497345499,I2_2,20000,5854
937486168,I2_1,10000,2947
454318758,I2_1,10000,2725
549439737,I2_2,20000,4658
331329004,I2_1,10000,4148
611153546,I2_1,10000,2824
229065328,I2_1,10000,2696
180907806,I2_2,20000,5527
244784611,I2_2,20000,5294
194324256,I2_1,10000,3505
232817346,I2_2,20000,6278
596535892,I2_2,20000,5477
808360206,I2_2,20000,4780
326281722,I2_2,20000,7019
764588538,I2_1,10000,3038
394773483,I2_1,10000,3960
213557958,I2_2,20000,6565
772219416,I2_2,20000,4699
156537737,I2_2,20000,5519
574808725,I2_1,10000,3569
46793120,I2_2,20000,5351
731989411,I2_2,20000,4725
245758583,I2_1,10000,3154
545520621,I2_1,10000,3691
493470736,I2_1,10000,2650
669900282,I2_1,10000,2882
843432486,I2_1,10000,2990
965852602,I2_1,10000,3490
815876820,I2_2,20000,6271
496923040,I2_2,20000,9270
645676934,I2_1,10000,3592
526204440,I2_1,10000,4266
894997476,I2_1,10000,4299
625796412,I2_1,10000,3616
957139907,I2_1,10000,3684
864581283,I2_1,10000,2571
751920445,I2_1,10000,2662
76310731,I2_1,10000,4029
637984062,I2_1,10000,4912
522804690,I2_1,10000,3380
780401655,I2_1,10000,2690
995103176,I2_1,10000,2716
331892608,I2_1,10000,2712
207776179,I2_1,10000,2591
533879089,I2_1,10000,2617
208276030,I2_1,10000,2714
900030355,I2_2,20000,6226
875723173,I2_2,20000,6812
266751251,I2_1,10000,5143
3613485,I2_2,20000,7976
55102558,I2_1,10000,5348
50680009,I2_1,10000,4078
669049325,I2_2,20000,11042
643441905,I2_1,10000,5416
302535971,I2_2,20000,8103
967981062,I2_1,10000,3336
575221716,I2_1,10000,3663
843925341,I2_2,20000,6299
887570466,I2_2,20000,4626
339333809,I2_1,10000,3008
915705588,I2_2,20000,4730
752481256,I2_1,10000,4141
946619165,I2_2,20000,8074
290488345,I2_1,10000,4081
534119356,I2_2,20000,8666
846433744,I2_2,20000,8473
970938529,I2_2,20000,6212
438899831,I2_1,10000,4685
29189757,I2_2,20000,5555
284242614,I2_2,20000,5298
656429892,I2_2,20000,6197
897091184,I2_1,10000,5632
973245550,I2_2,20000,9185
644181202,I2_2,20000,8991
361750019,I2_2,20000,4805
517654818,I2_1,10000,3183
337974687,I2_2,20000,4788
406048377,I2_2,20000,5173
172175784,I2_1,10000,2692
819849802,I2_2,20000,5587
759749288,I2_1,10000,5021
617928366,I2_2,20000,4685
747505720,I2_1,10000,2973
462567336,I2_2,20000,4634
656410278,I2_2,20000,5605
196035235,I2_1,10000,2568
228158685,I2_1,10000,5675
907073336,I2_2,20000,7360
296200271,I2_2,20000,6244
902628168,I2_1,10000,4591
750399088,I2_1,10000,5152
251892502,I2_2,20000,8845
170445888,I2_1,10000,3118
960284869,I2_1,10000,4923
608531438,I2_1,10000,5532
94429592,I2_2,20000,6212
349606851,I2_1,10000,6296
884704902,I2_1,10000,5720
758712654,I2_2,20000,9583
184881919,I2_2,20000,6691
292488653,I2_2,20000,5629
646885649,I2_2,20000,5620
189495909,I2_2,20000,5580
903819277,I2_2,20000,4763
869969356,I2_2,20000,5782
94449915,I2_1,10000,3046
50274091,I2_1,10000,3939
781390033,I2_1,10000,3166
329617143,I2_1,10000,3843
184545911,I2_2,20000,6386
758922617,I2_1,10000,3913
329863749,I2_1,10000,2782
774184111,I2_2,20000,4945
126885525,I2_1,10000,4226
942287113,I2_1,10000,2977
20104689,I2_2,20000,4621
729222454,I2_1,10000,3106
824831754,I2_1,10000,2603
682682208,I2_1,10000,2935
432282615,I2_2,20000,5356
388674241,I2_2,20000,4571
514761928,I2_1,10000,3065
483721310,I2_1,10000,3106
702581939,I2_2,20000,4643
441672688,I2_1,10000,3089
895087148,I2_1,10000,3315
994654284,I2_1,10000,4145
185597910,I2_2,20000,8273
98541014,I2_2,20000,5680
733074457,I2_1,10000,5152
554608933,I2_1,10000,3916
506166396,I2_2,20000,9242
871324200,I2_2,20000,4736
336422144,I2_1,10000,4133
2353454,I2_1,10000,5241
534581858,I2_1,10000,2724
4712675,I2_1,10000,2708
713537490,I2_2,20000,5241
24921994,I2_2,20000,7461
77943017,I2_1,10000,5784
438207613,I2_2,20000,9694
476424799,I2_1,10000,4111
407801349,I2_2,20000,10770
942822807,I2_2,20000,11848
308850741,I2_1,10000,5583
882322241,I2_2,20000,10040
674957435,I2_2,20000,12332
381847903,I2_2,20000,11156
303465846,I2_2,20000,10556
463437036,I2_2,20000,9942
954378989,I2_2,20000,11023
65954907,I2_2,20000,10639
762712170,I2_2,20000,11408
818988210,I2_1,10000,5515
557579857,I2_2,20000,13175
908347580,I2_1,10000,4297
58964863,I2_1,10000,5868
171081020,I2_2,20000,16939
34370712,I2_1,10000,6128
770424186,I2_2,20000,13588
992350214,I2_1,10000,4385
706774821,I2_2,20000,5081
958174327,I2_2,20000,4713
248684136,I2_1,10000,4156
149324446,I2_1,10000,3484
515395023,I2_2,20000,4983
378088503,I2_1,10000,2955
721498931,I2_1,10000,3980
343528224,I2_1,10000,3852
851866301,I2_2,20000,6248
357583891,I2_1,10000,2982
9115124,I2_1,10000,3544
38242885,I2_2,20000,5543
10703696,I2_2,20000,4699
641400566,I2_2,20000,5835
719680691,I2_2,20000,4776
318207213,I2_2,20000,6904
45857228,I2_2,20000,4730
739736126,I2_1,10000,3161
582896319,I2_2,20000,6784
35207126,I2_2,20000,5021
640590618,I2_1,10000,3040
568182218,I2_2,20000,8499
423604258,I2_1,10000,4511
639377435,I2_1,10000,3668
475661742,I2_1,10000,3840
141958133,I2_1,10000,2716
665520045,I2_2,20000,5369
986581515,I2_1,10000,5924
262603009,I2_1,10000,4222
409239426,I2_2,20000,8339
669980285,I2_2,20000,8250
673221850,I2_1,10000,4677
780209034,I2_2,20000,6865
60305435,I2_2,20000,5096
831491901,I2_1,10000,2798
370581992,I2_1,10000,3932
785697903,I2_1,10000,4565
946271987,I2_1,10000,3982
156876459,I2_2,20000,4685
486244221,I2_2,20000,4808
248659363,I2_1,10000,3289
945731896,I2_2,20000,8029
570709230,I2_2,20000,5874
441574886,I2_1,10000,3251
954667888,I2_1,10000,4017
311580566,I2_2,20000,6784
416257220,I2_2,20000,7406
44593395,I2_1,10000,3391
543435092,I2_1,10000,4426
433032682,I2_1,10000,4656
966933084,I2_2,20000,7947
260492776,I2_1,10000,4196
401631971,I2_1,10000,4157
430965847,I2_2,20000,4675
457426186,I2_1,10000,3055
665660731,I2_2,20000,5592
764125251,I2_2,20000,7270
538245686,I2_2,20000,5819
752436219,I2_1,10000,5275
711705181,I2_1,10000,2776
128143787,I2_2,20000,5916
868686446,I2_2,20000,5833
521656128,I2_2,20000,5824
700129395,I2_2,20000,9066
824310034,I2_2,20000,9336
891519751,I2_2,20000,10345
290779378,I2_1,10000,2957
193112147,I2_1,10000,3173
675068885,I2_1,10000,2776
124031204,I2_1,10000,4475
71462316,I2_2,20000,5038
809640789,I2_2,20000,5024
892550406,I2_1,10000,2655
524344538,I2_2,20000,4716
479247886,I2_2,20000,4858
166286901,I2_2,20000,6920
581885406,I2_2,20000,8589
76839860,I2_2,20000,7439
412143098,I2_1,10000,5774
716305560,I2_1,10000,4017
104105101,I2_1,10000,5282
681335589,I2_2,20000,8228
45301576,I2_2,20000,5209
521416139,I2_1,10000,2930
794826645,I2_1,10000,4156
875353482,I2_2,20000,6111
912657476,I2_1,10000,3866
160722436,I2_1,10000,4118
560148701,I2_2,20000,5138
491180795,I2_1,10000,2746
219532577,I2_1,10000,2758
274742047,I2_2,20000,5330
252250503,I2_1,10000,3755
831257340,I2_2,20000,4790
757679639,I2_2,20000,5675
69359030,I2_2,20000,7329
27939588,I2_2,20000,6293
132796443,I2_1,10000,5723
58834409,I2_1,10000,3461
933469835,I2_2,20000,10214
714037959,I2_2,20000,11105
373094116,I2_1,10000,5035
793188073,I2_1,10000,5531
163108763,I2_2,20000,11521
954661465,I2_2,20000,9110
209161566,I2_1,10000,4782
870402342,I2_1,10000,5179
188335191,I2_1,10000,5290
69241299,I2_2,20000,6962
848632308,I2_1,10000,3619
815260871,I2_2,20000,6374
557158240,I2_2,20000,5149
313679633,I2_1,10000,5121
188846635,I2_1,10000,3795
535542816,I2_2,20000,5349
87527077,I2_2,20000,5061
914545878,I2_1,10000,2786
764292570,I2_1,10000,3828
449468107,I2_1,10000,3199
239473271,I2_2,20000,5547
307442302,I2_2,20000,6322
155752132,I2_2,20000,7387
853435674,I2_1,10000,4283
373328546,I2_2,20000,8785
930975251,I2_2,20000,9717
235064299,I2_1,10000,2870
384586381,I2_2,20000,4734
616434778,I2_1,10000,2802
479434406,I2_2,20000,4874
627328208,I2_2,20000,5946
263078572,I2_1,10000,3342
777692657,I2_1,10000,4483
584440757,I2_1,10000,4288
301362875,I2_2,20000,4727
14106869,I2_2,20000,5815
111471853,I2_2,20000,4690
114914937,I2_2,20000,4676
286908427,I2_1,10000,2671
773776047,I2_1,10000,2676
640622393,I2_1,10000,2659
964145842,I2_1,10000,2705
148828025,I2_2,20000,4645
195073606,I2_2,20000,4987
697788400,I2_1,10000,4459
338453738,I2_1,10000,3154
261318284,I2_1,10000,3106
222504382,I2_2,20000,5491
144702053,I2_1,10000,4854
841685366,I2_1,10000,6003
763577074,I2_1,10000,4677
109101303,I2_2,20000,8631
294232621,I2_2,20000,6813
792117315,I2_1,10000,4496
357049758,I2_2,20000,8214
26207127,I2_2,20000,7047
694097801,I2_1,10000,3030
665617133,I2_2,20000,4741
669101248,I2_1,10000,3707
123459802,I2_2,20000,5308
696699913,I2_2,20000,4680
826832327,I2_2,20000,5558
24399233,I2_2,20000,7768
102192189,I2_2,20000,6799
469797491,I2_2,20000,6780
293643856,I2_2,20000,8459
596965082,I2_1,10000,4501
583422804,I2_1,10000,5075
387047268,I2_1,10000,5609
155652761,I2_2,20000,13885
849296087,I2_1,10000,4916
970436895,I2_2,20000,16534
452533252,I2_2,20000,16044
824932803,I2_2,20000,16911
663983422,I2_1,10000,3228
54592966,I2_2,20000,4674
778999133,I2_1,10000,4130
79253171,I2_1,10000,4052
745288836,I2_1,10000,2694
751979105,I2_2,20000,5313
648099412,I2_2,20000,5810
562690590,I2_1,10000,6346
105929076,I2_2,20000,8475
521408801,I2_2,20000,6819
915853871,I2_2,20000,7873
501164181,I2_2,20000,5652
730486204,I2_1,10000,2560
86101941,I2_2,20000,5551
551738987,I2_1,10000,5005
90290253,I2_2,20000,4720
25221035,I2_1,10000,3770
790845941,I2_1,10000,3283
256908067,I2_1,10000,2706
355970921,I2_1,10000,3108
848617146,I2_2,20000,5263
182293414,I2_1,10000,4755
378545980,I2_1,10000,4548
381803854,I2_2,20000,5949
867579498,I2_1,10000,4448
175445003,I2_1,10000,3606
405054530,I2_1,10000,3072
286298410,I2_2,20000,5684
249630419,I2_2,20000,4830
218675666,I2_1,10000,2803
478087977,I2_2,20000,5422
363694930,I2_2,20000,5110
638005931,I2_1,10000,5651
316949330,I2_1,10000,6741
640161312,I2_1,10000,4165
829780789,I2_1,10000,4141
794815641,I2_2,20000,11160
381560236,I2_1,10000,3027
362515628,I2_1,10000,2645
221401386,I2_2,20000,4826
775807294,I2_1,10000,4263
912281184,I2_2,20000,4731
898232293,I2_2,20000,5016
65275253,I2_1,10000,5117
332198683,I2_2,20000,7638
2416308,I2_2,20000,4719
957226950,I2_1,10000,3278
375225627,I2_1,10000,4499
693728614,I2_1,10000,2731
898569945,I2_2,20000,5522
143853550,I2_2,20000,4670
175505003,I2_1,10000,2661
729211155,I2_2,20000,5003
490258639,I2_1,10000,2707
942080703,I2_1,10000,2644
396643207,I2_2,20000,4798
663739304,I2_2,20000,5214
746446812,I2_1,10000,3167
774593088,I2_2,20000,5656
498630110,I2_1,10000,5327
623837569,I2_1,10000,5257
393093088,I2_2,20000,6590
430070629,I2_1,10000,5956
168423302,I2_2,20000,4690
960161421,I2_2,20000,6835
246276456,I2_1,10000,4048
454011259,I2_2,20000,4695
408619325,I2_2,20000,5310
631191334,I2_1,10000,4053
663965617,I2_1,10000,3632
734543943,I2_1,10000,4172
885702185,I2_1,10000,3779
360038699,I2_2,20000,6718
79622501,I2_1,10000,3668
234802024,I2_2,20000,5322
944962887,I2_2,20000,5157
992863332,I2_1,10000,3450
434496501,I2_1,10000,4653
505754878,I2_2,20000,4795
505550153,I2_1,10000,5371
786233025,I2_2,20000,8100
218938426,I2_2,20000,5963
973489630,I2_1,10000,4329
651031396,I2_2,20000,8859
229318606,I2_2,20000,8145
885283251,I2_2,20000,9195
574692051,I2_1,10000,5473
882766991,I2_2,20000,8758
218500996,I2_2,20000,6218
725404324,I2_2,20000,7326
501607785,I2_1,10000,3019
837195641,I2_1,10000,3194
982617915,I2_1,10000,2644
491528564,I2_1,10000,2783
565518335,I2_2,20000,5062
239262153,I2_2,20000,4832
850953390,I2_1,10000,4175
7879077,I2_1,10000,3064
21916977,I2_2,20000,4740
262205459,I2_2,20000,4722
723839021,I2_2,20000,4700
912134171,I2_1,10000,3545
849906465,I2_1,10000,4635
530503493,I2_2,20000,4721
119515201,I2_1,10000,4147
387655484,I2_2,20000,4994
689192316,I2_1,10000,3092
834039357,I2_1,10000,3672
467386107,I2_2,20000,4692
150479500,I2_2,20000,5165
71511760,I2_2,20000,4800
295629440,I2_1,10000,2938
531269978,I2_2,20000,6887
918449019,I2_2,20000,5136
770644150,I2_1,10000,3472
887164875,I2_2,20000,7985
793951909,I2_2,20000,6857
105276667,I2_1,10000,4017
519547855,I2_2,20000,5240
558432196,I2_2,20000,4659
685063969,I2_1,10000,3016
362807524,I2_2,20000,5196
29484091,I2_1,10000,2986
678811929,I2_1,10000,2694
864678439,I2_1,10000,3000
405764338,I2_2,20000,5312
337861705,I2_2,20000,5130
882171479,I2_2,20000,5903
64329468,I2_1,10000,4339
870534081,I2_2,20000,5082
393683615,I2_2,20000,5803
651461970,I2_1,10000,4169
903707733,I2_1,10000,3137
466400048,I2_1,10000,2984
235895359,I2_2,20000,5833
885189382,I2_2,20000,5344
732682168,I2_1,10000,5235
679114981,I2_1,10000,3982
84213943,I2_1,10000,3581
469268939,I2_2,20000,9746
285765162,I2_1,10000,4099
521724230,I2_1,10000,4647
740156778,I2_1,10000,6225
185700073,I2_2,20000,9174
970342841,I2_1,10000,2586
307674486,I2_1,10000,2710
721418025,I2_2,20000,5723
356425847,I2_2,20000,5724
453144077,I2_1,10000,4091
748341286,I2_1,10000,5245
195418556,I2_2,20000,4669
380082754,I2_2,20000,5602
774407766,I2_2,20000,4729
866533693,I2_2,20000,5258
737614305,I2_1,10000,3687
496612448,I2_2,20000,5704
84649355,I2_1,10000,3804
193538471,I2_1,10000,2765
416787882,I2_1,10000,2929
645627510,I2_1,10000,3046
732564268,I2_1,10000,2867
434203969,I2_2,20000,5500
346879642,I2_1,10000,3273
614704542,I2_1,10000,2891
743263339,I2_1,10000,3403
585325228,I2_1,10000,3958
174674180,I2_1,10000,3090
477147784,I2_1,10000,4380
804979692,I2_2,20000,4868
290047933,I2_1,10000,4244
725729922,I2_1,10000,5411
21318560,I2_1,10000,6654
423085893,I2_1,10000,4356
334978860,I2_1,10000,3588
526784972,I2_1,10000,2779
870272784,I2_1,10000,2712
945310831,I2_2,20000,4751
257345209,I2_2,20000,5284
433152612,I2_1,10000,4184
76853007,I2_1,10000,4474
915452167,I2_2,20000,7831
753408547,I2_2,20000,10637
731902182,I2_1,10000,4363
511692009,I2_2,20000,6569
789404667,I2_2,20000,5611
169198524,I2_1,10000,4375
571404843,I2_2,20000,7942
215962526,I2_1,10000,3662
528428829,I2_1,10000,3794
304048493,I2_1,10000,2854
156298632,I2_2,20000,5890
756146822,I2_1,10000,3917
429802709,I2_1,10000,3674
446276027,I2_2,20000,6623
981991853,I2_2,20000,4979
295803473,I2_1,10000,5522
158029,I2_1,10000,3385
40985700,I2_1,10000,2644
225604576,I2_2,20000,4736
19409103,I2_1,10000,4165
339714846,I2_1,10000,3518
842052019,I2_1,10000,2729
665628347,I2_2,20000,4886
205933085,I2_1,10000,3160
565373476,I2_1,10000,3100
631512079,I2_1,10000,2717
346652355,I2_2,20000,6410
412210119,I2_1,10000,4772
434371266,I2_1,10000,4726
565149566,I2_2,20000,5752
945788553,I2_2,20000,7846
465353954,I2_2,20000,8872
1628244,I2_1,10000,6078
516301330,I2_1,10000,5496
649130069,I2_2,20000,12180
344923868,I2_1,10000,2767
488907776,I2_2,20000,4960
743387504,I2_2,20000,4774
175560330,I2_1,10000,3784
327414651,I2_2,20000,5317
623310436,I2_2,20000,4774
601845634,I2_1,10000,4197
566682904,I2_2,20000,4773
987632405,I2_1,10000,4200
568295718,I2_2,20000,5666
981065157,I2_2,20000,4823
506022740,I2_1,10000,5375
458544976,I2_2,20000,7904
99080371,I2_1,10000,4315
250984107,I2_2,20000,5220
634477344,I2_1,10000,3135
641086908,I2_1,10000,3034
805275956,I2_1,10000,2853
858699857,I2_1,10000,3028
527223763,I2_1,10000,3756
369120603,I2_2,20000,7168
812465824,I2_1,10000,4753
719592521,I2_2,20000,4629
765747592,I2_1,10000,2754
773609296,I2_1,10000,3196
910531267,I2_2,20000,4997
679664627,I2_2,20000,4659
443564878,I2_2,20000,4834
992614518,I2_2,20000,4847
406073673,I2_2,20000,5109
384862844,I2_2,20000,5526
852874935,I2_1,10000,3585
730187844,I2_2,20000,5332
248410626,I2_2,20000,7534
873690933,I2_2,20000,5516
13424619,I2_1,10000,6201
219963121,I2_2,20000,5930
928253634,I2_2,20000,5731
96767127,I2_1,10000,3349
12684312,I2_1,10000,4437
61311360,I2_1,10000,3929
267517730,I2_2,20000,6820
243463563,I2_2,20000,9551
681996595,I2_1,10000,4164
946957380,I2_2,20000,6103
377092584,I2_1,10000,2815
945596073,I2_1,10000,3672
462378344,I2_2,20000,4724
812897224,I2_1,10000,3208
622908079,I2_1,10000,2810
152917775,I2_1,10000,2837
539375391,I2_2,20000,5258
884106983,I2_2,20000,7322
172457992,I2_1,10000,4571
261369645,I2_2,20000,7876
246110528,I2_2,20000,10748
383187419,I2_1,10000,4588
951982290,I2_2,20000,6634
200231804,I2_2,20000,6795
248880272,I2_1,10000,3726
577386375,I2_1,10000,2807
382407373,I2_2,20000,4856
446282514,I2_2,20000,7120
604661000,I2_2,20000,7164
330254596,I2_2,20000,6402
825414951,I2_2,20000,6306
820174076,I2_1,10000,2951
544519867,I2_2,20000,5216
88526512,I2_1,10000,5156
947489246,I2_1,10000,6214
626563686,I2_2,20000,6375
788425638,I2_1,10000,5603
915620330,I2_2,20000,7139
101174239,I2_2,20000,8138
707519231,I2_2,20000,10287
680846091,I2_2,20000,8307
127083709,I2_2,20000,9296
468987220,I2_1,10000,2904
179831091,I2_1,10000,2753
491203555,I2_1,10000,2818
193877643,I2_2,20000,5179
139834460,I2_1,10000,4560
136465686,I2_1,10000,3099
452737069,I2_1,10000,2765
602847974,I2_1,10000,4438
444015161,I2_2,20000,5797
243688662,I2_2,20000,6179
722283343,I2_2,20000,6671
173167580,I2_2,20000,8018
585240234,I2_2,20000,6793
309283082,I2_1,10000,2782
87487483,I2_2,20000,4869
171367169,I2_1,10000,5450
980145353,I2_1,10000,6605
23744760,I2_1,10000,4664
491954047,I2_1,10000,2961
820323188,I2_1,10000,4852
952690842,I2_2,20000,7107
608665014,I2_1,10000,3585
583517062,I2_1,10000,4126
37702853,I2_1,10000,3712
379658878,I2_1,10000,4250
786112956,I2_1,10000,5887
671985380,I2_2,20000,6501
664529598,I2_2,20000,8654
22416695,I2_2,20000,5213
760101946,I2_2,20000,6731
595205765,I2_1,10000,3520
236782327,I2_1,10000,4692
459935257,I2_1,10000,5287
861326215,I2_2,20000,7540
949306824,I2_1,10000,3782
951771594,I2_2,20000,9232
336282185,I2_2,20000,11752
502719735,I2_2,20000,8016
109641168,I2_1,10000,4728
849101429,I2_2,20000,10181
545695115,I2_1,10000,4105
15155654,I2_2,20000,5253
755892352,I2_2,20000,5574
795232616,I2_2,20000,4777
343832372,I2_2,20000,4739
340346832,I2_2,20000,5221
611755643,I2_1,10000,2720
367032655,I2_1,10000,3264
86243682,I2_1,10000,2699
564144062,I2_1,10000,3201
670549806,I2_1,10000,3648
703790966,I2_1,10000,4171
106977055,I2_2,20000,6463
481902746,I2_1,10000,4360
897200467,I2_2,20000,4748
805179313,I2_1,10000,5316
284611878,I2_2,20000,5634
200580545,I2_2,20000,4751
865284290,I2_1,10000,2987
530014464,I2_1,10000,3065
574659263,I2_2,20000,4724
896027419,I2_1,10000,3166
594566698,I2_1,10000,3619
7824837,I2_1,10000,4690
610228841,I2_1,10000,2838
316086498,I2_1,10000,3105
831863281,I2_2,20000,6223
171936283,I2_2,20000,7918
486154797,I2_1,10000,5193
234950685,I2_2,20000,6913
771741010,I2_1,10000,5279
547538121,I2_1,10000,2804
145045894,I2_2,20000,5513
613654410,I2_2,20000,5543
147382316,I2_2,20000,6712
443417459,I2_2,20000,7315
611100577,I2_1,10000,5670
45689450,I2_1,10000,5038
334352175,I2_1,10000,6712
551429294,I2_2,20000,9526
258508883,I2_2,20000,7224
201989711,I2_2,20000,4685
825023413,I2_2,20000,4660
21749399,I2_1,10000,3298
382122963,I2_2,20000,5436
220880717,I2_1,10000,4723
75453355,I2_1,10000,5992
199459847,I2_1,10000,5891
36519804,I2_1,10000,4206
424568988,I2_2,20000,5194
797726324,I2_1,10000,4504
957573055,I2_2,20000,6126
637780991,I2_1,10000,3796
178534518,I2_2,20000,6384
842957807,I2_1,10000,3571
832643392,I2_1,10000,2689
29538499,I2_2,20000,5647
632728741,I2_2,20000,6805
451428379,I2_2,20000,7764
867101349,I2_2,20000,7931
828643530,I2_1,10000,3962
865911602,I2_1,10000,4816
555853112,I2_2,20000,4754
701437864,I2_2,20000,4696
143651958,I2_1,10000,3005
627036462,I2_1,10000,3066
377533337,I2_2,20000,5370
346410382,I2_2,20000,4691
310135453,I2_2,20000,4737
444107340,I2_1,10000,4005
269496635,I2_2,20000,6560
626050967,I2_1,10000,2917
54929801,I2_2,20000,4895
18010651,I2_1,10000,4290
591018245,I2_1,10000,5374
965421086,I2_1,10000,6397
221491118,I2_1,10000,4173
308226823,I2_1,10000,3068
726615791,I2_1,10000,3815
840948689,I2_2,20000,5225
19345258,I2_2,20000,4733
148663030,I2_2,20000,5157
468033798,I2_1,10000,4469
222698888,I2_2,20000,7914
193194775,I2_2,20000,8974
823220630,I2_2,20000,4791
945082406,I2_1,10000,3578
38600046,I2_2,20000,5360
105609835,I2_1,10000,2614
930955348,I2_2,20000,5310
522441103,I2_2,20000,6602
992930934,I2_2,20000,5594
546098888,I2_1,10000,4118
422973111,I2_2,20000,5801
625248161,I2_1,10000,3949
73262553,I2_2,20000,7673
136300732,I2_2,20000,5329
564345846,I2_2,20000,4896
811268094,I2_2,20000,5304
351170628,I2_1,10000,4730
345026655,I2_1,10000,4213
55180766,I2_1,10000,5885
948525460,I2_2,20000,5221
514720052,I2_1,10000,3477
757656272,I2_2,20000,5830
113249274,I2_1,10000,4623
311315191,I2_2,20000,4817
179180603,I2_2,20000,4822
268987098,I2_2,20000,4815
330157361,I2_1,10000,3147
759103489,I2_2,20000,5502
437975890,I2_2,20000,5601
867431575,I2_2,20000,5713
537010368,I2_2,20000,7830
177329473,I2_2,20000,6324
433131838,I2_1,10000,2810
952184926,I2_2,20000,6320
992582714,I2_1,10000,6042
493926478,I2_1,10000,3406
307787937,I2_2,20000,8836
283116970,I2_2,20000,10937
790296106,I2_2,20000,8726
380446086,I2_1,10000,2780
395758869,I2_1,10000,2731
399610829,I2_2,20000,5035
42703567,I2_1,10000,2747
86917062,I2_1,10000,2588
939967399,I2_1,10000,3006
280155715,I2_2,20000,4704
4668352,I2_1,10000,2723
64321907,I2_2,20000,5451
726660146,I2_1,10000,4801
576961128,I2_1,10000,4257
866631501,I2_1,10000,6137
238780277,I2_1,10000,6639
464900505,I2_2,20000,4787
22749560,I2_2,20000,5229
842284922,I2_1,10000,5072
369488367,I2_2,20000,9148
133634879,I2_2,20000,8824
716159921,I2_1,10000,5560
251186348,I2_1,10000,7164
656105463,I2_2,20000,13289
110669966,I2_2,20000,12084
899239032,I2_1,10000,4357
546310505,I2_2,20000,13497
199997142,I2_2,20000,8632
215009400,I2_2,20000,7089
52867811,I2_2,20000,9186
614421622,I2_1,10000,3302
579959472,I2_2,20000,4963
856314294,I2_1,10000,2645
238580026,I2_1,10000,2697
331782494,I2_1,10000,2800
100228916,I2_2,20000,4804
328318813,I2_1,10000,4207
37759598,I2_2,20000,5588
181213664,I2_2,20000,5896
7718773,I2_2,20000,6754
514823314,I2_1,10000,3712
547458833,I2_1,10000,4315
306763367,I2_1,10000,4213
265072655,I2_1,10000,4837
321695917,I2_1,10000,5996
540081304,I2_1,10000,5745
555939042,I2_1,10000,4044
807778888,I2_2,20000,13788
472420746,I2_2,20000,8684
887516170,I2_2,20000,7563
584896534,I2_2,20000,5652
325377337,I2_2,20000,7316
560301494,I2_2,20000,6934
128288238,I2_1,10000,5063
735478896,I2_1,10000,3134
70635158,I2_1,10000,2583
54424672,I2_1,10000,2956
235992306,I2_2,20000,5988
748944027,I2_2,20000,7038
79970025,I2_1,10000,4624
10060440,I2_1,10000,5559
308984469,I2_1,10000,6651
464950448,I2_2,20000,4791
643211561,I2_1,10000,4217
180846855,I2_1,10000,3676
221294864,I2_1,10000,5454
107439598,I2_1,10000,4620
131542027,I2_2,20000,7064
222810784,I2_2,20000,6817
75782904,I2_1,10000,4529
314882230,I2_2,20000,9914
618026413,I2_2,20000,9981
890414570,I2_2,20000,10513
348901304,I2_2,20000,10645
709049978,I2_1,10000,4221
876509076,I2_1,10000,3125
1104406,I2_2,20000,4731
938313474,I2_2,20000,5809
927561207,I2_1,10000,3714
828345011,I2_1,10000,4307
7532632,I2_1,10000,4254
638953987,I2_2,20000,10469
646189798,I2_1,10000,5412
136436758,I2_2,20000,12008
214995103,I2_1,10000,4202
35466953,I2_2,20000,4819
348173240,I2_1,10000,3124
931282855,I2_1,10000,3198
66309577,I2_1,10000,2789
788762314,I2_1,10000,2772
307449255,I2_2,20000,5130
596699090,I2_2,20000,7252
916198558,I2_1,10000,4632
153811572,I2_2,20000,6816
340575238,I2_1,10000,4443
529489917,I2_2,20000,7081
303227359,I2_2,20000,4611
288190825,I2_1,10000,3130
288034864,I2_2,20000,4796
941723698,I2_1,10000,3174
594743413,I2_2,20000,7320
896490370,I2_2,20000,5732
369544659,I2_1,10000,6243
983535994,I2_2,20000,6763
153320462,I2_1,10000,5642
764346893,I2_1,10000,4260
320313775,I2_1,10000,4323
247911805,I2_1,10000,4830
491882675,I2_1,10000,5971
571714590,I2_1,10000,7021
455344377,I2_1,10000,5163
688592341,I2_2,20000,10853
912997376,I2_1,10000,5071
723570666,I2_2,20000,12984
509977928,I2_1,10000,4923
477200725,I2_1,10000,5466
169065329,I2_2,20000,17614
15899164,I2_1,10000,4794
673372448,I2_2,20000,12903
777265340,I2_2,20000,13921
438393137,I2_2,20000,10141
224120385,I2_2,20000,9067
185389142,I2_1,10000,5273
88396169,I2_2,20000,8948
9014270,I2_1,10000,4659
458711476,I2_1,10000,3811
8321416,I2_2,20000,4562
661475851,I2_1,10000,3989
426471684,I2_1,10000,4606
43678090,I2_1,10000,5773
218313686,I2_2,20000,7987
933781087,I2_1,10000,4561
172242677,I2_2,20000,7339
329639393,I2_2,20000,4622
73048128,I2_2,20000,4801
363728827,I2_2,20000,5458
537250995,I2_2,20000,5506
190620553,I2_1,10000,3587
498383405,I2_1,10000,3568
785556807,I2_1,10000,5304
959248341,I2_2,20000,4621
500990900,I2_1,10000,2627
306461298,I2_1,10000,2610
510606993,I2_2,20000,4673
470052241,I2_1,10000,2895
790948974,I2_2,20000,7477
28610708,I2_2,20000,4620
899752808,I2_1,10000,3935
734634843,I2_2,20000,4721
746079216,I2_1,10000,4088
197730464,I2_1,10000,4066
158415901,I2_1,10000,5664
171070050,I2_2,20000,4801
135397239,I2_2,20000,5833
213380656,I2_2,20000,4615
179368453,I2_1,10000,2619
699254553,I2_2,20000,4645
700111377,I2_2,20000,5605
309238276,I2_1,10000,3155
186045896,I2_1,10000,3630
300423646,I2_1,10000,4248
574421707,I2_2,20000,5684
435850926,I2_2,20000,5585
176841053,I2_1,10000,5008
487797762,I2_2,20000,5656
365154399,I2_1,10000,5118
339653368,I2_2,20000,5815
472477598,I2_2,20000,5790
161083806,I2_1,10000,5526
378896888,I2_2,20000,7691
124508198,I2_1,10000,2673
291498707,I2_1,10000,2735
376215799,I2_2,20000,5272
701838159,I2_1,10000,3732
128063734,I2_1,10000,3120
473571341,I2_1,10000,4382
213474494,I2_2,20000,6917
145907667,I2_2,20000,4941
522275863,I2_2,20000,5322
209409828,I2_1,10000,5886
774517191,I2_1,10000,5186
302968841,I2_1,10000,5008
333606759,I2_1,10000,4936
687118123,I2_1,10000,2821
207338921,I2_1,10000,2852
482759534,I2_1,10000,3349
926105124,I2_2,20000,4784
93653587,I2_1,10000,3313
546350523,I2_1,10000,2804
789920216,I2_2,20000,4711
132079937,I2_2,20000,4804
741343487,I2_1,10000,3290
573328595,I2_1,10000,4904
272892314,I2_1,10000,4115
580757921,I2_2,20000,8324
939611034,I2_1,10000,5741
356522806,I2_2,20000,10227
264287430,I2_2,20000,6412
633662576,I2_1,10000,3579
482111142,I2_1,10000,4798
966021043,I2_1,10000,5052
980563278,I2_1,10000,2732
713170689,I2_2,20000,4738
671313374,I2_1,10000,3156
641088425,I2_1,10000,3386
734632549,I2_2,20000,4814
541838680,I2_1,10000,5284
414743308,I2_1,10000,5183
795283415,I2_2,20000,7743
201245407,I2_2,20000,4713
770443143,I2_2,20000,6309
399854270,I2_2,20000,5778
948918361,I2_1,10000,5211
373386091,I2_1,10000,3421
354662434,I2_1,10000,4908
175649515,I2_2,20000,5318
117681459,I2_2,20000,7292
55565372,I2_1,10000,6016
162888450,I2_1,10000,2752
565146399,I2_2,20000,5093
119340208,I2_1,10000,4060
900543491,I2_1,10000,4214
669307066,I2_1,10000,4384
420345014,I2_1,10000,3842
686848997,I2_1,10000,4408
927137910,I2_2,20000,6595
485664080,I2_1,10000,4541
287036672,I2_1,10000,2643
490605763,I2_1,10000,2859
498990190,I2_2,20000,5136
596010879,I2_2,20000,4755
378080632,I2_1,10000,3180
429351671,I2_1,10000,4204
731358070,I2_1,10000,3323
50088417,I2_1,10000,3607
110222494,I2_1,10000,2602
753299486,I2_1,10000,2829
685948971,I2_1,10000,2690
146744890,I2_1,10000,2727
100846372,I2_2,20000,5204
197351454,I2_1,10000,2782
59503535,I2_1,10000,2949
103823648,I2_2,20000,5249
178879127,I2_1,10000,4790
889966386,I2_1,10000,3228
380304369,I2_2,20000,7341
200546744,I2_1,10000,2764
632654713,I2_1,10000,3359
685543695,I2_1,10000,3764
475257533,I2_1,10000,4266
434099835,I2_1,10000,3736
687653473,I2_2,20000,6492
716708078,I2_2,20000,5771
134348921,I2_1,10000,5223
342126367,I2_2,20000,6305
802483629,I2_1,10000,4428
501892543,I2_2,20000,9022
940726569,I2_2,20000,8240
968073999,I2_1,10000,4406
1380733,I2_2,20000,9058
684331030,I2_2,20000,8510
313954660,I2_2,20000,6862
306476021,I2_1,10000,5110
367176690,I2_1,10000,4349
110970610,I2_2,20000,9360
378282849,I2_2,20000,9229
484515116,I2_1,10000,4612
652065746,I2_1,10000,5048
383609030,I2_1,10000,5035
364246376,I2_2,20000,7099
536716476,I2_1,10000,4349
195133891,I2_2,20000,10279
563512722,I2_2,20000,9986
468479950,I2_1,10000,3050
961548848,I2_2,20000,4627
997733006,I2_1,10000,2742
347349560,I2_1,10000,2709
361599061,I2_1,10000,2713
153123899,I2_1,10000,3871
515901499,I2_2,20000,4731
980296737,I2_2,20000,5776
781282160,I2_2,20000,4971
595316283,I2_1,10000,3026
430866919,I2_2,20000,6349
261723505,I2_1,10000,4945
235898928,I2_1,10000,5488
365227952,I2_2,20000,10041
724377076,I2_1,10000,4361
768197217,I2_2,20000,12829
889723199,I2_2,20000,12990
639283945,I2_1,10000,3456
667160122,I2_1,10000,2769
193632782,I2_1,10000,2632
229426158,I2_1,10000,2729
450084701,I2_1,10000,2569
989157977,I2_1,10000,2536
645049293,I2_1,10000,2626
689901869,I2_2,20000,4695
496912672,I2_2,20000,4701
662364619,I2_1,10000,3124
327112456,I2_2,20000,5151
338820927,I2_1,10000,2765
706895269,I2_2,20000,5759
568137891,I2_2,20000,5184
913844,I2_1,10000,4647
636846434,I2_2,20000,6196
358451678,I2_2,20000,5701
2793825,I2_1,10000,5089
912820650,I2_1,10000,3188
255983946,I2_2,20000,5503
910564254,I2_1,10000,4893
433540033,I2_2,20000,6280
633990592,I2_1,10000,5160
847260120,I2_2,20000,8291
903653494,I2_1,10000,2708
914115831,I2_2,20000,4800
545955674,I2_1,10000,3529
684856078,I2_2,20000,8720
721996424,I2_2,20000,6748
647944036,I2_1,10000,5623
578962943,I2_2,20000,8315
809274203,I2_2,20000,6171
156668003,I2_1,10000,5263
431781703,I2_2,20000,4787
96610399,I2_1,10000,2825
836255114,I2_1,10000,4003
560427285,I2_2,20000,5464
987467194,I2_2,20000,5381
311313391,I2_1,10000,5943
632479019,I2_2,20000,6853
399194226,I2_2,20000,7318
987154243,I2_2,20000,5812
964066483,I2_2,20000,6926
881344184,I2_1,10000,4112
130956654,I2_1,10000,3861
782677954,I2_2,20000,10875
796550010,I2_1,10000,3105
442184370,I2_1,10000,4743
397882862,I2_2,20000,8050
606388750,I2_2,20000,10321
467098926,I2_2,20000,8242
663937512,I2_1,10000,6088
630657758,I2_1,10000,5549
647900831,I2_2,20000,9190
111903045,I2_2,20000,11342
670841496,I2_2,20000,5616
514432194,I2_1,10000,5208
946236315,I2_2,20000,6878
210742785,I2_1,10000,4127
171318980,I2_1,10000,5824
545593162,I2_1,10000,5695
299898312,I2_2,20000,5996
86467749,I2_2,20000,5676
306295465,I2_2,20000,7876
833741607,I2_1,10000,2730
552012602,I2_1,10000,3875
73302216,I2_1,10000,3758
104955512,I2_1,10000,3556
72145944,I2_1,10000,4669
147752093,I2_1,10000,2685
150293694,I2_1,10000,2663
259114521,I2_1,10000,2748
742188490,I2_1,10000,2735
459310450,I2_1,10000,2646
386478255,I2_2,20000,5550
866285563,I2_1,10000,4868
770386494,I2_1,10000,4220
989501697,I2_1,10000,5404
729513632,I2_2,20000,9420
467920530,I2_1,10000,6346
695855912,I2_1,10000,6256
320470973,I2_2,20000,12071
450937838,I2_2,20000,13218
931852572,I2_1,10000,5149
791829588,I2_1,10000,5247
39044560,I2_1,10000,5706
519789243,I2_2,20000,12370
996065429,I2_1,10000,3868
347969533,I2_2,20000,12108
513345086,I2_2,20000,13662
492140680,I2_2,20000,12785
936848132,I2_2,20000,6531
556929562,I2_1,10000,2788
349124507,I2_1,10000,2649
806286306,I2_1,10000,3488
638271360,I2_2,20000,4710
727525642,I2_1,10000,3474
397148090,I2_2,20000,5637
761132569,I2_1,10000,2771
874883950,I2_1,10000,4059
29970386,I2_1,10000,2744
689877924,I2_1,10000,3940
512090802,I2_2,20000,4750
786213099,I2_1,10000,4124
848360650,I2_1,10000,3994
100947158,I2_1,10000,5808
439140279,I2_2,20000,7522
397591561,I2_2,20000,6382
830182543,I2_1,10000,5774
662863188,I2_1,10000,6325
894879400,I2_1,10000,3962
200899441,I2_2,20000,12093
992230367,I2_1,10000,4046
155712035,I2_1,10000,4609
297302371,I2_2,20000,12536
854297840,I2_1,10000,4422
167785127,I2_2,20000,15652
915878478,I2_2,20000,17224
901182764,I2_1,10000,6559
767104620,I2_1,10000,7163
230074766,I2_2,20000,14840
856570607,I2_1,10000,4389
66522872,I2_2,20000,9923
660240183,I2_2,20000,10381
381805946,I2_2,20000,5507
232730533,I2_2,20000,4775
816465984,I2_1,10000,3095
157918387,I2_2,20000,4650
223754102,I2_2,20000,5536
27293263,I2_2,20000,5213
660415216,I2_1,10000,4638
318357644,I2_1,10000,5304
525627578,I2_1,10000,4125
73006520,I2_2,20000,7922
281851258,I2_1,10000,3249
837740592,I2_2,20000,5180
48040002,I2_1,10000,4517
465022670,I2_2,20000,4726
500703570,I2_1,10000,2961
994845117,I2_2,20000,4799
755200941,I2_1,10000,3229
776037373,I2_1,10000,4962
440190401,I2_2,20000,7083
635255300,I2_2,20000,5194
624828185,I2_1,10000,5694
189622950,I2_1,10000,5351
921355735,I2_1,10000,5205
728927408,I2_2,20000,4764
530973843,I2_2,20000,4823
894141958,I2_1,10000,4335
968409497,I2_1,10000,5885
370293904,I2_2,20000,6696
764328710,I2_2,20000,5954
144493522,I2_2,20000,5296
310330331,I2_2,20000,4690
540917373,I2_2,20000,5609
497637402,I2_1,10000,2980
774487003,I2_1,10000,4077
844243175,I2_1,10000,3739
673119839,I2_2,20000,4983
144356505,I2_1,10000,3592
41998001,I2_2,20000,6518
133876379,I2_1,10000,5022
767275853,I2_2,20000,5102
167084960,I2_1,10000,3976
241432455,I2_1,10000,2571
709541712,I2_1,10000,2995
216812766,I2_2,20000,5364
783515826,I2_1,10000,4832
620585396,I2_2,20000,5280
496710260,I2_1,10000,2872
572075663,I2_1,10000,4038
524064604,I2_1,10000,3486
330484853,I2_2,20000,7233
280605496,I2_1,10000,6073
249251702,I2_1,10000,4831
115271324,I2_1,10000,5385
175673500,I2_2,20000,10037
13811978,I2_2,20000,6946
956828945,I2_1,10000,4404
330829218,I2_1,10000,2741
327194463,I2_1,10000,3746
528252640,I2_1,10000,3846
957119421,I2_1,10000,3102
965379230,I2_2,20000,4790
881084984,I2_1,10000,5115
199040981,I2_2,20000,7837
237823359,I2_1,10000,2749
839045565,I2_2,20000,4815
470584468,I2_2,20000,5257
992483605,I2_2,20000,5528
699970228,I2_2,20000,6471
838040604,I2_1,10000,2992
148302501,I2_1,10000,3589
365872477,I2_2,20000,4781
468542059,I2_1,10000,2741
435541218,I2_2,20000,5201
866279757,I2_1,10000,3663
479049243,I2_2,20000,6590
838624155,I2_2,20000,7642
778207945,I2_1,10000,3511
400087552,I2_2,20000,4968
982413191,I2_2,20000,5802
748669029,I2_2,20000,6781
890002693,I2_2,20000,6939
268517860,I2_2,20000,6786
183249906,I2_2,20000,6641
340120224,I2_1,10000,3124
934219609,I2_1,10000,4584
504980599,I2_2,20000,6246
718788105,I2_2,20000,4828
922638397,I2_2,20000,6945
433576555,I2_2,20000,9020
905108266,I2_2,20000,5654
941306867,I2_1,10000,10042
68679429,I2_1,10000,7333
990677765,I2_2,20000,8172
754991802,I2_1,10000,5489
507528521,I2_1,10000,6125
196059112,I2_1,10000,4198
815208758,I2_2,20000,5662
193005248,I2_2,20000,4848
746067877,I2_2,20000,6820
775888382,I2_2,20000,4774
226768569,I2_1,10000,4516
621325107,I2_2,20000,5407
978268590,I2_2,20000,6507
323899123,I2_2,20000,5728
716759923,I2_2,20000,7788
230013655,I2_2,20000,9201
26088593,I2_2,20000,10014
628023408,I2_1,10000,2986
920982232,I2_1,10000,4167
202767855,I2_2,20000,5209
95819594,I2_1,10000,3188
87154508,I2_1,10000,3282
593463881,I2_2,20000,4690
495649609,I2_1,10000,2755
196141223,I2_1,10000,3850
206663919,I2_2,20000,4789
855928423,I2_1,10000,4207
295228473,I2_2,20000,5502
697720273,I2_2,20000,4884
76443542,I2_2,20000,7074
438489463,I2_1,10000,3209
926758404,I2_2,20000,8024
328115722,I2_2,20000,5965
548182265,I2_2,20000,5215
916399485,I2_2,20000,4894
477143752,I2_1,10000,5391
899465817,I2_2,20000,5270
714174639,I2_2,20000,5554
166334341,I2_2,20000,4776
420131707,I2_2,20000,6890
565787387,I2_2,20000,4793
729647180,I2_2,20000,5592
321593315,I2_1,10000,2890
403004946,I2_2,20000,5604
496386802,I2_2,20000,4754
971838905,I2_1,10000,3100
57033329,I2_2,20000,4865
436515017,I2_2,20000,5348
161050966,I2_1,10000,2631
7666911,I2_2,20000,5752
572087305,I2_2,20000,5294
743769510,I2_2,20000,5785
135022644,I2_1,10000,4118
375711727,I2_1,10000,4475
32950635,I2_2,20000,7444
114492823,I2_2,20000,5886
895601840,I2_1,10000,4269
479280578,I2_2,20000,6394
17288922,I2_1,10000,5665
273184830,I2_2,20000,5531
497405544,I2_1,10000,3245
760728488,I2_1,10000,3955
920344150,I2_1,10000,2689
927713696,I2_1,10000,3000
137393163,I2_1,10000,2903
63891992,I2_2,20000,5843
810221378,I2_1,10000,4287
166712373,I2_1,10000,5946
382955852,I2_1,10000,4765
695241000,I2_2,20000,5672
104919172,I2_1,10000,4972
928778818,I2_1,10000,2751
841389210,I2_2,20000,5334
20150882,I2_2,20000,4662
369703712,I2_1,10000,2917
437843711,I2_2,20000,6908
423350857,I2_2,20000,5414
28936604,I2_1,10000,4317
615560824,I2_2,20000,5204
90871095,I2_1,10000,5178
141208407,I2_2,20000,6821
919114091,I2_1,10000,2578
786587304,I2_2,20000,4655
193862977,I2_2,20000,4730
688111039,I2_1,10000,2851
510111739,I2_1,10000,4394
799320875,I2_2,20000,5065
589877529,I2_1,10000,3275
889695141,I2_2,20000,4734
124507368,I2_2,20000,5217
564855834,I2_2,20000,7276
234674948,I2_1,10000,2963
417584333,I2_2,20000,5728
404895435,I2_2,20000,5659
89513823,I2_1,10000,6599
531308146,I2_2,20000,8175
190650605,I2_2,20000,7839
405381844,I2_1,10000,3932
84639610,I2_2,20000,6066
376734353,I2_2,20000,6849
766186281,I2_2,20000,7788
491780850,I2_1,10000,2759
802339792,I2_2,20000,5177
122862416,I2_1,10000,3998
957145062,I2_1,10000,4342
894046769,I2_2,20000,5992
308914382,I2_2,20000,5961
851350621,I2_1,10000,6026
238241221,I2_1,10000,4351
313517110,I2_2,20000,8917
904104939,I2_2,20000,11151
896342810,I2_2,20000,5688
827611480,I2_2,20000,4966
679728457,I2_2,20000,7023
618987383,I2_2,20000,5487
999150658,I2_1,10000,2852
350221173,I2_2,20000,4812
740070767,I2_1,10000,2903
195699285,I2_2,20000,5294
364947051,I2_1,10000,5329
958067901,I2_1,10000,5190
404426442,I2_2,20000,7741
428753360,I2_2,20000,5624
437180447,I2_2,20000,5630
142857176,I2_2,20000,5623
907099364,I2_1,10000,3518
807379766,I2_1,10000,4585
855495701,I2_2,20000,4705
769718714,I2_1,10000,4184
670164450,I2_1,10000,3474
323296767,I2_1,10000,2623
277348869,I2_1,10000,2857
557151392,I2_2,20000,4693
82584724,I2_2,20000,4785
708459611,I2_1,10000,2750
112925571,I2_1,10000,3909
134350734,I2_1,10000,4057
666854882,I2_1,10000,2994
824824252,I2_2,20000,5200
756089440,I2_1,10000,2778
671919269,I2_1,10000,3121
78840978,I2_1,10000,3684
315422112,I2_1,10000,2707
400107221,I2_1,10000,2624
515857545,I2_2,20000,4778
747987338,I2_1,10000,4277
37299748,I2_1,10000,2840
702461037,I2_2,20000,6148
113922515,I2_2,20000,4922
658090692,I2_1,10000,5444
755205415,I2_1,10000,4339
990233379,I2_1,10000,2887
947421880,I2_2,20000,5489
240580566,I2_2,20000,4838
931069577,I2_2,20000,5849
578500626,I2_2,20000,6995
791691367,I2_2,20000,4763
676713332,I2_2,20000,4837
332567889,I2_1,10000,4244
520491506,I2_2,20000,6757
48433497,I2_2,20000,4821
192823236,I2_1,10000,5356
694004829,I2_1,10000,2900
893004407,I2_1,10000,4665
9525513,I2_2,20000,4795
813048695,I2_1,10000,2780
687145994,I2_2,20000,4924
501280941,I2_2,20000,6882
205485753,I2_1,10000,2884
3265694,I2_1,10000,2771
919848862,I2_1,10000,2721
67453608,I2_1,10000,3399
999639528,I2_2,20000,4804
12674341,I2_1,10000,2638
501693984,I2_2,20000,4752
360357814,I2_1,10000,3195
510189018,I2_2,20000,5646
956957892,I2_2,20000,4739
673335448,I2_1,10000,4219
394512308,I2_2,20000,4744
265476404,I2_2,20000,5696
196590813,I2_1,10000,3982
239372188,I2_2,20000,4876
891537518,I2_2,20000,7142
488250530,I2_1,10000,4708
610411973,I2_1,10000,5224
573761701,I2_1,10000,5140
991163527,I2_1,10000,4732
135058089,I2_1,10000,4193
874016033,I2_2,20000,11067
570935199,I2_1,10000,4613
924574524,I2_2,20000,8549
908570922,I2_1,10000,3975
642670817,I2_2,20000,7334
219342721,I2_1,10000,3925
352454746,I2_1,10000,4510
815427277,I2_2,20000,12763
545909879,I2_2,20000,12126
653879748,I2_2,20000,14419
769094826,I2_2,20000,12715
46235240,I2_2,20000,9413
996196386,I2_1,10000,4451
439831311,I2_2,20000,9348
355114949,I2_1,10000,4783
578847627,I2_2,20000,10288
939156810,I2_1,10000,3807
206699860,I2_2,20000,10279
157668698,I2_2,20000,10145
255167468,I2_2,20000,10684
214693760,I2_1,10000,4291
499369580,I2_2,20000,11906
771945512,I2_1,10000,2573
726676178,I2_2,20000,4773
277746540,I2_1,10000,2803
135918121,I2_1,10000,2598
115106041,I2_2,20000,4858
261669914,I2_1,10000,2564
868881387,I2_1,10000,2574
653230884,I2_1,10000,2596
410832536,I2_1,10000,2975
750747284,I2_2,20000,4594
299270414,I2_1,10000,3203
95568364,I2_1,10000,2579
781429583,I2_2,20000,4634
198530146,I2_2,20000,5587
118926942,I2_2,20000,4641
465245138,I2_2,20000,4638
625257840,I2_1,10000,2657
614788693,I2_2,20000,5183
993143441,I2_2,20000,4725
858369269,I2_1,10000,4124
547749038,I2_2,20000,5659
831087447,I2_2,20000,4869
182981471,I2_1,10000,4254
734099097,I2_1,10000,5398
529249809,I2_2,20000,7885
502970655,I2_1,10000,5232
513949083,I2_1,10000,3700
372454570,I2_2,20000,5340
698790530,I2_2,20000,7463
449497856,I2_1,10000,5626
852186222,I2_2,20000,9351
423088184,I2_2,20000,4836
23104345,I2_1,10000,3096
38173292,I2_2,20000,5174
45117789,I2_1,10000,2992
764131713,I2_1,10000,2676
107956396,I2_1,10000,2704
813868621,I2_2,20000,5547
5639616,I2_1,10000,2667
734467540,I2_1,10000,3305
105869981,I2_1,10000,4166
407587784,I2_2,20000,4867
852419034,I2_1,10000,3527
921218504,I2_2,20000,5279
312821509,I2_1,10000,2943
959679908,I2_2,20000,4729
392457829,I2_1,10000,2707
70876736,I2_1,10000,2768
883049232,I2_1,10000,2743
635325049,I2_1,10000,2838
482634565,I2_1,10000,2713
246837038,I2_1,10000,2680
324452509,I2_1,10000,2681
921849545,I2_2,20000,4786
312567762,I2_1,10000,2812
938455907,I2_1,10000,2783
517829170,I2_1,10000,2803
396936225,I2_1,10000,2773
39248659,I2_1,10000,4034
456147064,I2_1,10000,3611
196770415,I2_2,20000,4833
955216609,I2_2,20000,5276
653105708,I2_1,10000,4018
980758167,I2_1,10000,4019
424362166,I2_1,10000,4178
495127808,I2_1,10000,4821
183802920,I2_2,20000,4596
416766540,I2_2,20000,5162
562790009,I2_2,20000,7354
224039027,I2_1,10000,5559
892304137,I2_2,20000,9498
493538097,I2_1,10000,4972
399636832,I2_2,20000,10890
485193906,I2_2,20000,10802
326172356,I2_2,20000,5070
40624420,I2_1,10000,3025
364332081,I2_1,10000,3181
366720392,I2_2,20000,5125
605518503,I2_1,10000,3613
260637127,I2_2,20000,5777
398439851,I2_1,10000,2958
947801452,I2_1,10000,2722
142173145,I2_1,10000,3007
766150119,I2_2,20000,4749
646139869,I2_1,10000,3788
135469361,I2_1,10000,4330
148661690,I2_1,10000,3290
515404915,I2_1,10000,2685
564141135,I2_1,10000,2711
182374235,I2_2,20000,4978
834591005,I2_2,20000,5644
868158926,I2_1,10000,4092
253104000,I2_2,20000,5691
577778746,I2_1,10000,4146
637811993,I2_2,20000,5128
175805107,I2_2,20000,6333
579451403,I2_2,20000,4809
144208234,I2_1,10000,3344
206991358,I2_1,10000,3904
584581546,I2_2,20000,5254
653286522,I2_1,10000,3831
584530041,I2_1,10000,2953
367224524,I2_1,10000,3709
613498619,I2_1,10000,3132
657236969,I2_2,20000,5560
803991999,I2_2,20000,5515
357240464,I2_1,10000,2798
330001647,I2_1,10000,4176
163808555,I2_1,10000,4631
591617153,I2_1,10000,5703
416896882,I2_2,20000,9054
763554504,I2_2,20000,8269
584936446,I2_1,10000,7081
316410382,I2_2,20000,9310
390950959,I2_2,20000,10945
472925727,I2_1,10000,3258
745659677,I2_1,10000,3959
478225134,I2_2,20000,6799
595210464,I2_2,20000,7400
712521101,I2_2,20000,5234
486176934,I2_2,20000,6278
208906966,I2_2,20000,6184
126363943,I2_1,10000,4457
275038727,I2_2,20000,7815
713677991,I2_1,10000,3148
110824266,I2_2,20000,4772
648563693,I2_2,20000,4892
760968943,I2_1,10000,4259
333872959,I2_1,10000,4814
42387847,I2_2,20000,6843
444773431,I2_2,20000,7398
27857162,I2_2,20000,7262
456948520,I2_2,20000,5175
694587307,I2_2,20000,8046
960462521,I2_1,10000,3616
522673373,I2_2,20000,5762
197535246,I2_2,20000,5150
783210216,I2_1,10000,4028
355867515,I2_2,20000,5413
562053023,I2_1,10000,3491
85410110,I2_2,20000,7605
631481790,I2_1,10000,4158
215403766,I2_1,10000,4109
591234778,I2_1,10000,5822
148125704,I2_2,20000,12314
212546145,I2_2,20000,9224
404727450,I2_1,10000,3941
798825752,I2_2,20000,6218
107445458,I2_2,20000,5756
130365605,I2_1,10000,4646
438505484,I2_1,10000,3006
250727122,I2_1,10000,2857
682044587,I2_1,10000,2745
736232867,I2_2,20000,4763
822426554,I2_1,10000,3087
553177788,I2_2,20000,6834
614043494,I2_1,10000,3289
869808947,I2_1,10000,4318
938538835,I2_1,10000,2754
274431596,I2_1,10000,2838
170251351,I2_1,10000,2906
391491975,I2_1,10000,2711
871297790,I2_1,10000,2835
465090119,I2_2,20000,4801
768965455,I2_2,20000,4751
339593562,I2_2,20000,5026
40578882,I2_1,10000,2984
6855584,I2_2,20000,8568
196672903,I2_1,10000,2714
974585600,I2_1,10000,2853
507424776,I2_1,10000,2811
817905311,I2_1,10000,3245
999196877,I2_2,20000,4845
351130355,I2_2,20000,6226
477476289,I2_2,20000,4681
481402317,I2_2,20000,6801
879170200,I2_1,10000,2888
239905554,I2_1,10000,2760
715661621,I2_1,10000,3938
382138398,I2_1,10000,2766
982837258,I2_1,10000,2761
259130528,I2_1,10000,2818
40258981,I2_2,20000,4659
106022087,I2_1,10000,3050
494658580,I2_1,10000,3796
708012912,I2_2,20000,6376
718848145,I2_1,10000,2697
148148964,I2_1,10000,2688
538852325,I2_1,10000,3111
886175895,I2_1,10000,2760
950881844,I2_1,10000,2740
83236575,I2_1,10000,3116
995358684,I2_1,10000,3809
181946062,I2_2,20000,6263
910373320,I2_1,10000,3217
660009120,I2_1,10000,4811
157723248,I2_2,20000,8307
447870779,I2_2,20000,10783
319544194,I2_2,20000,8882
809345024,I2_1,10000,4402
623140983,I2_2,20000,10768
762981848,I2_1,10000,3356
445518762,I2_2,20000,10949
552745754,I2_2,20000,6480
22773040,I2_1,10000,5451
234102417,I2_2,20000,7504
4691071,I2_1,10000,3279
182260283,I2_2,20000,5149
394887367,I2_2,20000,5649
676588781,I2_2,20000,4756
808308433,I2_2,20000,4681
319851804,I2_2,20000,5709
29841413,I2_2,20000,4779
826129991,I2_2,20000,5756
957706048,I2_2,20000,6560
200543948,I2_2,20000,7543
374256450,I2_1,10000,3579
409306562,I2_2,20000,6090
571501034,I2_2,20000,4628
236213649,I2_2,20000,4732
767406510,I2_1,10000,2813
930766552,I2_1,10000,2711
714923040,I2_1,10000,2885
70152248,I2_1,10000,3345
372371644,I2_1,10000,3896
179120985,I2_2,20000,5225
302368950,I2_2,20000,5518
908657752,I2_2,20000,4941
754688128,I2_1,10000,2676
511900076,I2_2,20000,5183
762547146,I2_1,10000,4622
462945639,I2_1,10000,5321
269914282,I2_1,10000,4218
815737649,I2_1,10000,2708
914622784,I2_2,20000,5711
807186457,I2_2,20000,6478
641298384,I2_2,20000,6545
590051697,I2_1,10000,5774
362319785,I2_1,10000,5201
28904638,I2_1,10000,6800
608983085,I2_2,20000,11212
147893745,I2_2,20000,12343
221965559,I2_2,20000,12910
926666778,I2_1,10000,5637
910647192,I2_1,10000,6778
216262846,I2_1,10000,7348
355648653,I2_1,10000,6794
876805847,I2_2,20000,16849
803112719,I2_2,20000,19579
206561537,I2_1,10000,7427
299742490,I2_1,10000,5681
271936782,I2_2,20000,16266
449515907,I2_1,10000,3922
920958928,I2_2,20000,14547
192986959,I2_2,20000,16375
22559701,I2_2,20000,16368
175264256,I2_1,10000,5864
167241972,I2_2,20000,16817
491145622,I2_1,10000,4993
72962988,I2_2,20000,14630
331324709,I2_2,20000,11642
90628222,I2_1,10000,4931
96497646,I2_1,10000,4371
476493444,I2_2,20000,10109
308372465,I2_2,20000,12313
147630564,I2_2,20000,5184
15557266,I2_1,10000,4551
987185759,I2_1,10000,4015
565342840,I2_2,20000,7692
859633016,I2_2,20000,7700
286969018,I2_1,10000,5445
976200153,I2_2,20000,8559
431586909,I2_2,20000,5488
533133940,I2_2,20000,5007
732548376,I2_1,10000,4372
798190113,I2_2,20000,5430
827561067,I2_1,10000,2661
993968841,I2_1,10000,3817
385084647,I2_2,20000,4667
476038202,I2_1,10000,4074
848720346,I2_1,10000,3926
124466321,I2_1,10000,3017
695174173,I2_2,20000,5326
214092108,I2_2,20000,6901
206022652,I2_2,20000,6142
152279457,I2_1,10000,4232
731696694,I2_2,20000,9094
356357405,I2_1,10000,2726
214932314,I2_1,10000,2972
248246568,I2_1,10000,2737
765966008,I2_1,10000,2750
601165602,I2_1,10000,2826
838168076,I2_1,10000,2848
183665633,I2_1,10000,3078
274143758,I2_2,20000,4659
644751591,I2_2,20000,4782
149893632,I2_1,10000,5357
171096620,I2_2,20000,8159
330714814,I2_1,10000,4493
101247090,I2_1,10000,5576
745870679,I2_1,10000,6402
987065194,I2_1,10000,3830
31365961,I2_1,10000,2719
93311122,I2_2,20000,4760
547026645,I2_1,10000,4213
827401171,I2_2,20000,5804
615432448,I2_2,20000,6885
942714858,I2_2,20000,6884
865470559,I2_2,20000,8339
361773019,I2_2,20000,8561
768041213,I2_1,10000,4658
384310042,I2_2,20000,9494
324462411,I2_2,20000,5464
349907177,I2_2,20000,4809
66774812,I2_1,10000,3084
910270186,I2_2,20000,4904
18222006,I2_2,20000,4690
474362972,I2_1,10000,3193
155043205,I2_1,10000,3767
396744409,I2_2,20000,5830
277684462,I2_1,10000,5265
901408021,I2_1,10000,4057
522033317,I2_2,20000,8966
579717020,I2_2,20000,8356
101594785,I2_2,20000,9017
128307286,I2_2,20000,7386
860245535,I2_1,10000,4810
822352191,I2_2,20000,4839
200866082,I2_1,10000,2691
316970795,I2_2,20000,6206
765138411,I2_2,20000,5307
659700339,I2_1,10000,5776
267646332,I2_2,20000,6854
540821467,I2_1,10000,4285
461507313,I2_1,10000,4535
9455785,I2_1,10000,3422
517565291,I2_2,20000,12066
589878556,I2_2,20000,13551
384796372,I2_2,20000,15767
35979622,I2_2,20000,10789
232608861,I2_2,20000,5997
690134336,I2_1,10000,4348
319438791,I2_1,10000,3958
403177544,I2_1,10000,5554
102952264,I2_2,20000,7296
427751846,I2_2,20000,7293
589851389,I2_1,10000,5122
418165460,I2_2,20000,6194
827028509,I2_2,20000,8285
195454901,I2_2,20000,11456
124404309,I2_2,20000,10264
209272535,I2_1,10000,4873
195991794,I2_1,10000,4232
42343042,I2_2,20000,13321
608356933,I2_2,20000,4608
498353039,I2_1,10000,2597
38636640,I2_1,10000,2861
973324236,I2_2,20000,5009
501184959,I2_1,10000,3443
828537135,I2_2,20000,5103
997555651,I2_2,20000,5438
306864311,I2_1,10000,3996
314356138,I2_1,10000,3878
383554979,I2_2,20000,4873
248065672,I2_2,20000,6357
689425590,I2_1,10000,5157
975242395,I2_1,10000,3779
280466586,I2_2,20000,7990
873202365,I2_2,20000,7166
161200525,I2_1,10000,3503
645190544,I2_1,10000,3516
601622586,I2_1,10000,4533
845234598,I2_1,10000,2618
438596896,I2_2,20000,5216
3977072,I2_1,10000,3148
70318927,I2_2,20000,5563
494978504,I2_2,20000,4569
48817926,I2_2,20000,5677
725471687,I2_2,20000,4658
512965366,I2_2,20000,4583
265589212,I2_1,10000,3322
150282896,I2_2,20000,4612
497582132,I2_2,20000,5256
781645760,I2_2,20000,4726
501213539,I2_1,10000,2875
91658534,I2_2,20000,4681
406254637,I2_2,20000,5630
325804189,I2_1,10000,2595
263457845,I2_2,20000,4881
284404505,I2_2,20000,4670
562547832,I2_1,10000,3022
364003267,I2_1,10000,4707
725145971,I2_2,20000,5072
822817936,I2_1,10000,3391
386505976,I2_2,20000,5025
623160645,I2_1,10000,2891
980417297,I2_1,10000,4959
641983141,I2_2,20000,7101
941542383,I2_2,20000,9141
297711190,I2_2,20000,11490
252490081,I2_2,20000,9455
726737657,I2_1,10000,5516
382569065,I2_1,10000,4364
9832853,I2_2,20000,8901
52323958,I2_1,10000,6089
47243692,I2_1,10000,3850
497854887,I2_2,20000,13305
877778452,I2_1,10000,5015
779000862,I2_1,10000,5441
738169363,I2_2,20000,12568
274112223,I2_1,10000,5963
316753,I2_1,10000,7064
719251385,I2_1,10000,2828
809045413,I2_2,20000,4857
517525769,I2_1,10000,4889
390203350,I2_2,20000,7442
519886082,I2_2,20000,5583
141952640,I2_2,20000,4688
416156909,I2_1,10000,2720
925036934,I2_1,10000,3791
205907920,I2_1,10000,2668
231210480,I2_2,20000,4654
201786758,I2_1,10000,2584
30077623,I2_1,10000,2825
54067574,I2_1,10000,2664
460919762,I2_2,20000,5235
142184673,I2_2,20000,5820
630429490,I2_2,20000,4688
689388584,I2_1,10000,2656
187778920,I2_1,10000,2732
881883217,I2_1,10000,2779
396539124,I2_1,10000,3076
697642514,I2_2,20000,5469
369169739,I2_1,10000,2636
589299965,I2_1,10000,3014
219511464,I2_2,20000,4739
14348080,I2_2,20000,4761
347736086,I2_1,10000,2967
465965724,I2_2,20000,5288
385189459,I2_2,20000,4751
988619549,I2_2,20000,6911
120951583,I2_2,20000,4670
277455054,I2_2,20000,4684
764916505,I2_2,20000,4605
673781296,I2_1,10000,3763
617172674,I2_2,20000,5949
743244162,I2_2,20000,8033
480566045,I2_2,20000,9032
789064726,I2_2,20000,10054
951331027,I2_2,20000,11100
688689209,I2_2,20000,12524
854568265,I2_2,20000,6740
572909915,I2_2,20000,5167
641914125,I2_1,10000,5634
771441347,I2_2,20000,6772
966787,I2_2,20000,7739
121816935,I2_1,10000,2918
616671771,I2_1,10000,3165
641725002,I2_1,10000,2635
578872544,I2_2,20000,4712
64308941,I2_1,10000,3559
790255103,I2_2,20000,5370
136416626,I2_2,20000,7433
915754924,I2_1,10000,5870
247246007,I2_2,20000,4827
598027896,I2_2,20000,5134
379136496,I2_2,20000,5502
216679248,I2_1,10000,3039
193411833,I2_2,20000,5854
397850947,I2_1,10000,5266
154421264,I2_1,10000,4721
301596238,I2_1,10000,3956
475979183,I2_2,20000,4691
152497451,I2_1,10000,3011
36853657,I2_2,20000,4856
184388850,I2_1,10000,2653
623980137,I2_1,10000,3094
56211922,I2_1,10000,3745
850450435,I2_2,20000,6343
328405677,I2_1,10000,2778
554936729,I2_2,20000,4673
6819258,I2_2,20000,4711
311270848,I2_1,10000,5287
735434384,I2_2,20000,7849
390401537,I2_1,10000,4154
78042618,I2_2,20000,5130
613390159,I2_1,10000,4596
301843039,I2_1,10000,4605
747669873,I2_2,20000,6758
582784442,I2_1,10000,5068
432490142,I2_2,20000,8842
841864896,I2_1,10000,4861
746408493,I2_2,20000,5531
450264376,I2_1,10000,2607
293275743,I2_2,20000,5466
995986635,I2_1,10000,4669
188608624,I2_2,20000,7989
644841019,I2_2,20000,7882
932479952,I2_1,10000,4921
923713329,I2_1,10000,6581
637110418,I2_2,20000,12185
789241974,I2_2,20000,11214
2842831,I2_2,20000,12751
498425622,I2_1,10000,3517
742127417,I2_2,20000,4612
810257522,I2_1,10000,4064
189075675,I2_1,10000,4016
83875917,I2_2,20000,4605
734326871,I2_2,20000,5569
132749563,I2_2,20000,4735
514240584,I2_2,20000,4809
415063840,I2_1,10000,3199
687705972,I2_1,10000,4275
644344599,I2_2,20000,4737
613043791,I2_2,20000,5607
654023845,I2_2,20000,7418
559172449,I2_2,20000,5115
231023894,I2_1,10000,4495
127545476,I2_2,20000,7793
144666347,I2_1,10000,3612
240375303,I2_2,20000,4627
675433403,I2_1,10000,2582
182024650,I2_2,20000,5850
762990267,I2_2,20000,4706
433097659,I2_2,20000,4854
574318074,I2_2,20000,7325
550557158,I2_1,10000,3727
220786684,I2_2,20000,5725
327802711,I2_1,10000,3118
365023302,I2_2,20000,4687
10176859,I2_2,20000,4656
595883891,I2_1,10000,4084
266232207,I2_2,20000,4632
564804807,I2_2,20000,4676
157660480,I2_2,20000,4694
150689409,I2_1,10000,3133
479528905,I2_2,20000,4643
470593618,I2_2,20000,4762
29659519,I2_2,20000,5700
35355293,I2_2,20000,6692
86348418,I2_1,10000,3608
560625174,I2_2,20000,4709
66102763,I2_1,10000,3447
726007087,I2_2,20000,4742
975304990,I2_2,20000,5721
507816525,I2_1,10000,2669
212474383,I2_2,20000,5399
403528228,I2_2,20000,4671
146177653,I2_2,20000,4756
779745674,I2_2,20000,5709
911931247,I2_1,10000,2743
452295780,I2_1,10000,2704
292381634,I2_1,10000,3131
974109678,I2_2,20000,4753
118185924,I2_2,20000,4739
872195569,I2_1,10000,2687
197993575,I2_1,10000,2643
922979896,I2_1,10000,2682
850413634,I2_2,20000,4704
759235185,I2_2,20000,5176
77174205,I2_2,20000,6738
502702118,I2_2,20000,5116
556131103,I2_2,20000,4736
162942475,I2_2,20000,6530
437494283,I2_2,20000,4726
509977534,I2_2,20000,5725
341744167,I2_2,20000,5635
563651189,I2_1,10000,3097
950485782,I2_1,10000,2659
64973903,I2_2,20000,4623
242781054,I2_2,20000,5511
191226206,I2_1,10000,4971
827072471,I2_2,20000,4692
426980159,I2_1,10000,4286
679796112,I2_2,20000,4777
267605037,I2_2,20000,5641
155156037,I2_2,20000,5620
823582309,I2_1,10000,4113
768128935,I2_1,10000,4069
780713283,I2_1,10000,4023
74847182,I2_2,20000,6864
279424439,I2_1,10000,5727
218791168,I2_1,10000,4804
781143517,I2_1,10000,3594
616945542,I2_1,10000,4154
114064909,I2_2,20000,6914
226542627,I2_2,20000,8973
652181858,I2_1,10000,5439
667768254,I2_2,20000,8824
614448772,I2_2,20000,10964
750926710,I2_2,20000,5418
909709621,I2_2,20000,4579
598784359,I2_2,20000,5786
973795997,I2_2,20000,6832
941938509,I2_2,20000,7774
161273502,I2_2,20000,6673
784669669,I2_2,20000,8796
18492397,I2_1,10000,2677
199777368,I2_2,20000,4608
815113577,I2_2,20000,4891
94745412,I2_1,10000,2579
642870568,I2_2,20000,5056
828938382,I2_1,10000,3523
145528809,I2_2,20000,6816
55887417,I2_2,20000,7373
343716151,I2_2,20000,8427
995799610,I2_1,10000,4549
574293247,I2_2,20000,9365
431437439,I2_1,10000,3890
576648579,I2_2,20000,7221
119786097,I2_2,20000,4581
69157672,I2_1,10000,2666
95602010,I2_1,10000,3419
232980736,I2_2,20000,4619
577998264,I2_1,10000,4089
444444394,I2_1,10000,4788
209819936,I2_2,20000,5835
495420824,I2_2,20000,6555
787167084,I2_1,10000,6032
873055230,I2_2,20000,6262
607114378,I2_2,20000,7301
724354396,I2_2,20000,7596
440521148,I2_2,20000,7575
591899068,I2_2,20000,6519
530378549,I2_2,20000,6587
828079249,I2_1,10000,4867
928630600,I2_2,20000,6592
375811508,I2_1,10000,4982
681991052,I2_2,20000,5718
542853188,I2_1,10000,2963
782522600,I2_1,10000,4579
688063765,I2_2,20000,5265
293243399,I2_1,10000,5049
651285977,I2_1,10000,3836
17038114,I2_2,20000,6416
393620434,I2_1,10000,2982
218198900,I2_2,20000,4607
343527310,I2_2,20000,5676
831610189,I2_1,10000,2989
524389142,I2_1,10000,3777
641520212,I2_1,10000,2682
220176110,I2_2,20000,5311
680333345,I2_1,10000,3726
207550328,I2_1,10000,3074
403003654,I2_1,10000,2713
377727224,I2_1,10000,3783
828040408,I2_2,20000,5576
999939372,I2_2,20000,7780
53512347,I2_2,20000,5210
459424168,I2_2,20000,4844
306259038,I2_1,10000,3147
7850973,I2_2,20000,8088
422381812,I2_2,20000,6495
992828390,I2_1,10000,6084
993642282,I2_1,10000,4432
436924630,I2_2,20000,10017
470175314,I2_2,20000,9588
351433361,I2_1,10000,3582
896819620,I2_2,20000,5720
961101131,I2_1,10000,2566
355291531,I2_1,10000,2924
945748699,I2_1,10000,2722
296443162,I2_2,20000,5127
289436331,I2_1,10000,4083
560446784,I2_1,10000,4368
808541539,I2_2,20000,7109
296670205,I2_2,20000,6195
415128073,I2_1,10000,5609
263709679,I2_2,20000,7817
240332510,I2_2,20000,4611
238968446,I2_2,20000,5679
367862510,I2_2,20000,4579
837955061,I2_1,10000,2723
228053003,I2_1,10000,3756
787905063,I2_1,10000,3552
731024808,I2_2,20000,4670
107713283,I2_2,20000,5654
217033908,I2_2,20000,4975
298841138,I2_2,20000,6602
615980355,I2_2,20000,5401
870552603,I2_1,10000,2929
950617006,I2_2,20000,4570
348837348,I2_1,10000,2557
927800202,I2_1,10000,3659
601473483,I2_1,10000,2837
109461348,I2_1,10000,2799
951758112,I2_1,10000,3522
793531908,I2_2,20000,5911
66451936,I2_2,20000,5882
514818109,I2_1,10000,3369
547129681,I2_2,20000,7340
65886520,I2_2,20000,9023
220083063,I2_1,10000,4062
637829953,I2_2,20000,5630
844574536,I2_1,10000,4983
684473633,I2_1,10000,4455
837681240,I2_2,20000,5717
924823178,I2_2,20000,5578
766896464,I2_1,10000,6216
990939149,I2_1,10000,5582
286946918,I2_2,20000,8298
453305591,I2_1,10000,4444
76727419,I2_2,20000,8806
541328909,I2_2,20000,7419
220712679,I2_2,20000,8683
278735221,I2_2,20000,6620
134320362,I2_1,10000,2918
59058193,I2_2,20000,6978
582089825,I2_1,10000,4802
68459958,I2_1,10000,3197
516617479,I2_2,20000,10839
640845661,I2_2,20000,11469
773346179,I2_1,10000,4535
500941388,I2_2,20000,10839
390323559,I2_1,10000,4355
676298117,I2_1,10000,4850
535871079,I2_1,10000,4342
200997065,I2_2,20000,4574
135419199,I2_2,20000,4618
345037364,I2_1,10000,2616
139102622,I2_1,10000,2770
436963452,I2_1,10000,2946
63646136,I2_1,10000,3718
765907369,I2_2,20000,6503
311197845,I2_1,10000,2478
862002187,I2_1,10000,2537
194991677,I2_1,10000,2501
609588405,I2_1,10000,2501
185767561,I2_2,20000,4584
67206287,I2_1,10000,2576
200503018,I2_2,20000,5201
627937909,I2_2,20000,5418
647816207,I2_2,20000,7058
622286815,I2_1,10000,5267
221458814,I2_2,20000,10182
479392345,I2_1,10000,3813
116975827,I2_2,20000,11674
730400040,I2_2,20000,10074
751054498,I2_2,20000,10358
465898570,I2_2,20000,8635
248475166,I2_2,20000,8670
361392430,I2_1,10000,3590
347019867,I2_2,20000,5418
328484412,I2_1,10000,2529
919211655,I2_1,10000,2948
968459264,I2_1,10000,4002
115126650,I2_2,20000,6180
671867446,I2_1,10000,4561
666791254,I2_2,20000,5499
997229155,I2_2,20000,4585
46476888,I2_2,20000,5609
265176467,I2_1,10000,3919
264330002,I2_1,10000,2555
833361858,I2_1,10000,2541
680004649,I2_2,20000,5837
151880887,I2_1,10000,4267
996548347,I2_1,10000,4850
736552089,I2_2,20000,5751
419920737,I2_1,10000,4154
864124196,I2_1,10000,2572
9936609,I2_2,20000,5166
785679501,I2_2,20000,4657
398746797,I2_2,20000,4639
901193112,I2_1,10000,5213
686706726,I2_1,10000,3821
384487615,I2_2,20000,4582
131387935,I2_1,10000,4090
215715757,I2_1,10000,3807
167314826,I2_2,20000,5381
93509083,I2_2,20000,4643
378837347,I2_2,20000,4892
780387183,I2_1,10000,2945
805845238,I2_1,10000,3126
628210617,I2_2,20000,4737
451568861,I2_1,10000,3164
167586446,I2_1,10000,4456
608516312,I2_1,10000,4344
759360575,I2_1,10000,4889
152443002,I2_2,20000,6755
240304918,I2_2,20000,7302
804426687,I2_2,20000,6723
642086875,I2_1,10000,4088
371657015,I2_2,20000,6788
819208519,I2_1,10000,5136
518148658,I2_1,10000,4663
802794032,I2_2,20000,9906
267927817,I2_2,20000,11464
668542413,I2_1,10000,4198
966731719,I2_2,20000,6262
998262648,I2_1,10000,2646
158399385,I2_2,20000,4560
807516766,I2_1,10000,2580
229848257,I2_1,10000,2595
177273087,I2_1,10000,2930
464586002,I2_2,20000,5358
931358462,I2_2,20000,4964
94026538,I2_2,20000,5913
254957115,I2_1,10000,3594
779395037,I2_1,10000,3727
547775136,I2_1,10000,2921
745461967,I2_2,20000,4747
929430568,I2_1,10000,3136
661523365,I2_2,20000,5661
502714710,I2_2,20000,4878
914998405,I2_2,20000,6043
386133582,I2_1,10000,3015
963762003,I2_1,10000,4652
89915465,I2_2,20000,5131
874198827,I2_1,10000,2621
400552176,I2_1,10000,2690
335301233,I2_1,10000,2692
798795945,I2_1,10000,3480
141600363,I2_2,20000,5221
180518275,I2_2,20000,6264
6263754,I2_2,20000,6222
408150507,I2_2,20000,4602
467700482,I2_1,10000,3084
161005116,I2_1,10000,3251
494676110,I2_1,10000,2610
205222143,I2_1,10000,3267
233514676,I2_1,10000,3599
18110349,I2_2,20000,7039
382322794,I2_1,10000,4862
487862420,I2_1,10000,4356
5986665,I2_1,10000,3761
419426695,I2_2,20000,9652
957250222,I2_1,10000,6171
347898940,I2_1,10000,4200
917894153,I2_2,20000,10737
512186903,I2_1,10000,4725
564670787,I2_1,10000,4644
72304157,I2_2,20000,15535
979339381,I2_2,20000,17168
2343637,I2_2,20000,18249
650233656,I2_2,20000,19039
308337329,I2_2,20000,18354
668846208,I2_2,20000,19868
122308372,I2_1,10000,11644
880830722,I2_1,10000,10404
460042590,I2_2,20000,21293
749890849,I2_1,10000,8126
229675471,I2_2,20000,17452
635991007,I2_2,20000,17223
471530667,I2_2,20000,16197
854366136,I2_1,10000,6529
739371253,I2_2,20000,11715
458987547,I2_1,10000,4894
867305210,I2_1,10000,4887
337951774,I2_1,10000,3914
987721672,I2_2,20000,6129
987911477,I2_1,10000,5098
158000752,I2_1,10000,3153
415350977,I2_1,10000,2607
211321660,I2_2,20000,4578
762937325,I2_2,20000,4788
371819807,I2_1,10000,2881
613328935,I2_1,10000,4048
832879301,I2_1,10000,2496
505552656,I2_2,20000,4474
543178487,I2_1,10000,2587
885817529,I2_2,20000,5512
116985169,I2_1,10000,2765
252501457,I2_2,20000,4629
932286876,I2_1,10000,2733
267147565,I2_1,10000,3822
24910567,I2_1,10000,2986
410237343,I2_2,20000,4620
354068541,I2_2,20000,4756
332451495,I2_1,10000,2760
667649095,I2_1,10000,2681
583689420,I2_2,20000,4646
960350948,I2_2,20000,4735
697144880,I2_1,10000,4091
268084422,I2_2,20000,4689
522241430,I2_1,10000,4088
35758948,I2_2,20000,4756
349737645,I2_1,10000,4111
623614883,I2_2,20000,5452
351941766,I2_1,10000,3969
326821749,I2_1,10000,2609
426056540,I2_2,20000,4699
360763139,I2_2,20000,5412
988755288,I2_2,20000,7210
486396556,I2_1,10000,4904
633942696,I2_2,20000,9352
734352259,I2_2,20000,5664
56124372,I2_2,20000,7829
732802204,I2_1,10000,4650
783251905,I2_2,20000,6188
299430353,I2_2,20000,8347
228246475,I2_1,10000,5441
40049183,I2_2,20000,11014
23307203,I2_2,20000,10061
380110158,I2_1,10000,5223
804212031,I2_1,10000,4127
562199230,I2_2,20000,5833
614808615,I2_1,10000,4048
62834472,I2_1,10000,3665
806518379,I2_2,20000,5001
798628925,I2_1,10000,4183
418009309,I2_2,20000,6285
494829437,I2_2,20000,7393
468471211,I2_1,10000,4108
367540551,I2_1,10000,5066
270185064,I2_2,20000,4788
165163308,I2_1,10000,4146
432385955,I2_1,10000,4742
625530359,I2_1,10000,4724
45973759,I2_2,20000,9137
234289591,I2_1,10000,6695
190579701,I2_2,20000,8279
940042142,I2_2,20000,10392
898663246,I2_2,20000,4747
239683634,I2_2,20000,4741
654014697,I2_1,10000,2999
890700619,I2_1,10000,2687
380857329,I2_2,20000,4725
554431114,I2_2,20000,5414
810346935,I2_1,10000,5790
161376280,I2_2,20000,6828
922831683,I2_1,10000,3373
824622172,I2_2,20000,8968
263276936,I2_2,20000,5513
992282671,I2_2,20000,4720
506200845,I2_1,10000,3066
539273980,I2_1,10000,3269
317258348,I2_1,10000,2657
768032670,I2_1,10000,2752
324172760,I2_2,20000,5372
124208538,I2_1,10000,2728
82619521,I2_1,10000,2896
415021431,I2_1,10000,3960
868324965,I2_2,20000,5160
250673850,I2_1,10000,3100
399878944,I2_1,10000,3240
231451058,I2_2,20000,4688
623977675,I2_2,20000,5050
165597608,I2_2,20000,4650
271508571,I2_1,10000,4154
47905102,I2_1,10000,5264
329973127,I2_1,10000,3545
267880500,I2_2,20000,7653
238636725,I2_2,20000,5004
275292760,I2_1,10000,4387
489100101,I2_2,20000,4721
617814259,I2_2,20000,6909
571261199,I2_2,20000,6082
899927955,I2_2,20000,6562
490966422,I2_2,20000,8782
787875082,I2_2,20000,9413
643561732,I2_2,20000,10447
34957708,I2_1,10000,5612
385355175,I2_2,20000,6508
45917268,I2_1,10000,3141
787012514,I2_1,10000,2631
318844085,I2_2,20000,4682
845665246,I2_1,10000,4107
451049789,I2_2,20000,5622
1460743,I2_1,10000,3007
737438334,I2_2,20000,5001
862291660,I2_1,10000,3022
522207627,I2_1,10000,4380
548900960,I2_2,20000,6080
760226928,I2_1,10000,2567
474247319,I2_1,10000,2604
139519272,I2_1,10000,3018
167544963,I2_2,20000,5191
719279620,I2_2,20000,6211
123690640,I2_2,20000,7634
332005098,I2_2,20000,9835
644557721,I2_2,20000,7551
146371186,I2_2,20000,6809
124885966,I2_2,20000,8889
22119075,I2_1,10000,3160
778040483,I2_1,10000,4750
362581257,I2_2,20000,7011
404645316,I2_2,20000,9273
536233496,I2_2,20000,10734
464472675,I2_2,20000,5975
152811385,I2_1,10000,3193
125683808,I2_2,20000,4895
418591031,I2_2,20000,5592
506685288,I2_1,10000,2693
228247698,I2_2,20000,7633
72968132,I2_2,20000,4967
228035,I2_1,10000,2898
344784267,I2_2,20000,6588
831537066,I2_2,20000,6603
367059570,I2_2,20000,5942
999058295,I2_2,20000,5584
900087373,I2_2,20000,6615
662011386,I2_2,20000,5676
699705946,I2_2,20000,5125
334994647,I2_2,20000,6895
776641371,I2_1,10000,4304
957010369,I2_1,10000,3736
947068645,I2_1,10000,2870
113411067,I2_2,20000,4619
823868046,I2_2,20000,5548
259407447,I2_1,10000,2573
263765976,I2_2,20000,4484
511105109,I2_2,20000,4540
99899777,I2_2,20000,4417
588939556,I2_1,10000,2531
683116665,I2_1,10000,3558
826204007,I2_2,20000,4434
501389702,I2_1,10000,2700
572161204,I2_1,10000,3792
957097739,I2_1,10000,3389
458118391,I2_2,20000,4507
804306498,I2_1,10000,3908
976616639,I2_2,20000,5067
234349592,I2_1,10000,2727
362732434,I2_1,10000,3847
590055435,I2_1,10000,2938
996234464,I2_2,20000,5201
755948313,I2_2,20000,5415
598368874,I2_2,20000,4453
749983450,I2_2,20000,6624
189891982,I2_2,20000,4483
749296737,I2_1,10000,4319
455285882,I2_1,10000,4801
449909834,I2_1,10000,4575
78817211,I2_2,20000,8524
734553164,I2_1,10000,2503
187792383,I2_2,20000,4535
702208346,I2_2,20000,4768
812015268,I2_2,20000,4517
115611747,I2_1,10000,2941
495885417,I2_1,10000,2488
890112065,I2_2,20000,4820
797219306,I2_1,10000,2844
848052903,I2_1,10000,3005
250156812,I2_1,10000,2576
571910689,I2_1,10000,3647
201743225,I2_1,10000,2474
868894158,I2_2,20000,4465
285078243,I2_1,10000,2640
825995660,I2_2,20000,4945
236375645,I2_1,10000,2595
447519671,I2_2,20000,4901
676384270,I2_1,10000,3980
911966281,I2_2,20000,8552
88022888,I2_2,20000,6393
619866584,I2_1,10000,5064
151416720,I2_1,10000,5557
822421459,I2_2,20000,10256
402697012,I2_1,10000,5584
880374328,I2_2,20000,13646
586766540,I2_1,10000,4573
372728745,I2_2,20000,13142
744006533,I2_2,20000,14669
102855926,I2_2,20000,16809
241363659,I2_1,10000,6313
426374806,I2_2,20000,14537
884920317,I2_2,20000,12592
79154615,I2_2,20000,7226
795974531,I2_2,20000,5532
445960739,I2_2,20000,7133
118824443,I2_2,20000,6588
630549762,I2_1,10000,5008
658755056,I2_1,10000,2644
950246620,I2_1,10000,2608
734085795,I2_1,10000,2646
720052109,I2_1,10000,2717
372995544,I2_1,10000,2695
479238049,I2_1,10000,2585
736532627,I2_2,20000,5146
544801508,I2_1,10000,4524
394817814,I2_1,10000,3033
402657808,I2_2,20000,5111
618976051,I2_2,20000,6180
363152075,I2_1,10000,5407
11759928,I2_2,20000,8899
409056444,I2_1,10000,4348
950356284,I2_1,10000,5059
70291386,I2_2,20000,13180
17624020,I2_2,20000,9232
863634579,I2_2,20000,8733
313209178,I2_2,20000,9132
213360764,I2_2,20000,10622
684315225,I2_1,10000,4765
713654201,I2_2,20000,11563
999357126,I2_2,20000,4693
203169116,I2_1,10000,2944
965727995,I2_1,10000,2650
779325406,I2_2,20000,4710
879679048,I2_1,10000,2992
56353226,I2_1,10000,3064
853543697,I2_2,20000,4711
409777301,I2_2,20000,5252
593257324,I2_1,10000,2946
790133222,I2_1,10000,3245
120834828,I2_1,10000,2912
418044706,I2_1,10000,2668
765664834,I2_2,20000,5247
868102380,I2_1,10000,3458
624879618,I2_1,10000,2652
856190291,I2_1,10000,2961
870401694,I2_2,20000,4755
785697626,I2_1,10000,4184
119320250,I2_1,10000,4082
474434445,I2_1,10000,5154
105086504,I2_1,10000,3237
137075387,I2_1,10000,3811
502119891,I2_2,20000,6567
733696363,I2_2,20000,5533
432427922,I2_1,10000,2810
511323100,I2_1,10000,3222
566148589,I2_2,20000,5880
77755138,I2_2,20000,5204
914099702,I2_1,10000,2872
389610017,I2_1,10000,2804
217089203,I2_2,20000,5220
433480012,I2_1,10000,4601
775306453,I2_1,10000,3120
77878574,I2_1,10000,3143
711631779,I2_2,20000,4816
641442606,I2_1,10000,5331
989630685,I2_1,10000,3155
292843317,I2_2,20000,4653
727531537,I2_2,20000,5123
781008263,I2_1,10000,3588
54999735,I2_2,20000,6503
77459968,I2_1,10000,4177
520769602,I2_2,20000,6285
76713553,I2_2,20000,7983
238622906,I2_2,20000,8249
863550734,I2_2,20000,5092
79935583,I2_1,10000,5670
280359131,I2_1,10000,3607
205025964,I2_1,10000,3706
92265306,I2_2,20000,5112
373895836,I2_1,10000,2965
623739816,I2_2,20000,4717
166520360,I2_1,10000,3043
632866345,I2_2,20000,5970
278113945,I2_1,10000,3545
999837714,I2_2,20000,5589
505950278,I2_1,10000,2895
690558955,I2_1,10000,2921
880103459,I2_1,10000,3018
274376597,I2_1,10000,2794
400774784,I2_1,10000,2688
187758461,I2_1,10000,2861
901960483,I2_2,20000,5235
607770676,I2_1,10000,2947
69211757,I2_2,20000,5476
722909790,I2_2,20000,4880
90383159,I2_1,10000,2834
479789246,I2_1,10000,2996
617989775,I2_1,10000,4060
750625175,I2_1,10000,3579
425179275,I2_2,20000,5732
823583871,I2_1,10000,3455
633306409,I2_2,20000,6734
499733483,I2_2,20000,5312
617923119,I2_1,10000,4787
483602652,I2_2,20000,5904
980663908,I2_1,10000,4118
49290431,I2_1,10000,4506
106822839,I2_2,20000,9904
925499029,I2_2,20000,8264
626640479,I2_1,10000,5408
314828804,I2_1,10000,4717
156863577,I2_2,20000,9040
910631729,I2_2,20000,7404
139403707,I2_2,20000,9633
765790259,I2_1,10000,2979
887319658,I2_1,10000,3173
476676300,I2_2,20000,4924
680959540,I2_1,10000,5441
747132736,I2_2,20000,6819
356973362,I2_2,20000,5368
424975949,I2_2,20000,4930
305583101,I2_2,20000,4753
359555579,I2_1,10000,4197
667982283,I2_2,20000,7531
670801367,I2_2,20000,5316
170633809,I2_2,20000,5693
35424380,I2_1,10000,4160
854660760,I2_1,10000,4440
656548816,I2_2,20000,5895
382374955,I2_2,20000,6973
781730433,I2_1,10000,5536
939254518,I2_1,10000,7191
988593568,I2_1,10000,6536
98608204,I2_2,20000,6793
339625187,I2_1,10000,3089
377993586,I2_2,20000,4872
866215212,I2_1,10000,2679
741525878,I2_2,20000,5708
834299617,I2_2,20000,4852
410064991,I2_2,20000,6972
514858682,I2_1,10000,3566
797547089,I2_1,10000,4771
404891070,I2_1,10000,3933
788156970,I2_1,10000,4476
635823163,I2_1,10000,4761
582298201,I2_2,20000,6944
914866868,I2_2,20000,7974
556334674,I2_1,10000,5592
481188841,I2_2,20000,7804
706241187,I2_2,20000,9511
59217009,I2_2,20000,7867
47069688,I2_2,20000,10041
337929272,I2_1,10000,5652
803756291,I2_2,20000,10725
185459752,I2_2,20000,12051
623898758,I2_1,10000,6088
376630465,I2_2,20000,12638
359057332,I2_1,10000,6000
50855191,I2_2,20000,11475
830499421,I2_1,10000,6089
902323773,I2_2,20000,5371
4878122,I2_1,10000,3683
333700420,I2_1,10000,4735
720178781,I2_2,20000,4711
301623609,I2_2,20000,6834
619172529,I2_2,20000,4673
968953593,I2_1,10000,4034
952595662,I2_1,10000,4195
289379149,I2_2,20000,6808
110946249,I2_2,20000,4744
538445127,I2_2,20000,5682
953921913,I2_2,20000,6444
243422473,I2_2,20000,7372
654050156,I2_1,10000,3574
559000539,I2_1,10000,3990
578791535,I2_1,10000,3608
861187362,I2_2,20000,4819
794781431,I2_2,20000,4714
809953592,I2_2,20000,6908
13991648,I2_1,10000,3114
270590985,I2_1,10000,3832
310937577,I2_2,20000,6599
577093757,I2_2,20000,6046
680664660,I2_1,10000,3400
381142537,I2_1,10000,3481
400774028,I2_2,20000,5160
769061119,I2_2,20000,6084
685896315,I2_1,10000,2702
347213376,I2_2,20000,4693
869019209,I2_2,20000,5641
859253299,I2_1,10000,3166
558407867,I2_2,20000,5489
978247063,I2_2,20000,4785
462501947,I2_1,10000,4192
136345286,I2_1,10000,5082
949343949,I2_1,10000,2681
641408818,I2_1,10000,3061
964356679,I2_2,20000,5267
904276850,I2_1,10000,3696
160382489,I2_2,20000,6892
689953884,I2_2,20000,7736
618552451,I2_2,20000,9262
829422467,I2_2,20000,9848
495635428,I2_2,20000,8905
49085105,I2_2,20000,5761
442026906,I2_2,20000,7914
413173680,I2_2,20000,5745
863522487,I2_2,20000,7816
787670039,I2_1,10000,2697
833536253,I2_1,10000,3570
640421803,I2_1,10000,3520
707612182,I2_2,20000,4662
838653598,I2_1,10000,3075
780301440,I2_2,20000,4705
503005064,I2_1,10000,3047
787324633,I2_2,20000,5850
891017208,I2_2,20000,4773
824219872,I2_1,10000,5269
997582186,I2_1,10000,4666
962175873,I2_2,20000,5021
409533100,I2_2,20000,5321
616886458,I2_2,20000,4628
240134659,I2_2,20000,4773
861877398,I2_1,10000,3154
588123109,I2_1,10000,5254
451679415,I2_2,20000,7430
622904251,I2_2,20000,8511
280372409,I2_2,20000,7542
255243634,I2_2,20000,7328
301856748,I2_1,10000,4689
534392403,I2_2,20000,5546
678303260,I2_2,20000,7186
689660919,I2_2,20000,4638
895948472,I2_2,20000,5279
244307706,I2_1,10000,5591
859916492,I2_1,10000,3063
646287279,I2_2,20000,5621
535431352,I2_1,10000,5087
718710725,I2_1,10000,4198
856333182,I2_2,20000,4713
586694754,I2_2,20000,4942
884555602,I2_1,10000,2842
856139009,I2_2,20000,6180
646971348,I2_1,10000,3996
986123211,I2_1,10000,3916
111362484,I2_1,10000,4109
357970825,I2_1,10000,3024
36992672,I2_1,10000,4503
786964716,I2_2,20000,6609
39902736,I2_2,20000,6687
731703680,I2_2,20000,6393
736901028,I2_1,10000,5309
252163687,I2_1,10000,6398
402578958,I2_1,10000,5290
159493727,I2_1,10000,2608
739707725,I2_2,20000,5204
458336525,I2_1,10000,2732
971173238,I2_1,10000,3135
892393095,I2_1,10000,4696
708405523,I2_2,20000,6473
274843322,I2_2,20000,8203
781449732,I2_1,10000,2495
900520532,I2_1,10000,2500
236866478,I2_1,10000,3154
843208244,I2_2,20000,4491
386392263,I2_2,20000,4766
216998737,I2_2,20000,4601
535366791,I2_1,10000,4065
885959648,I2_2,20000,4675
281516909,I2_2,20000,5807
449976596,I2_2,20000,4638
42031479,I2_1,10000,3658
196370397,I2_2,20000,4830
2826355,I2_1,10000,3145
490206129,I2_1,10000,4126
256427652,I2_1,10000,3406
946074476,I2_2,20000,7985
874275910,I2_1,10000,4524
808618663,I2_2,20000,4875
125312847,I2_1,10000,2671
856201475,I2_2,20000,4696
661376910,I2_1,10000,2740
585199487,I2_2,20000,5090
746106933,I2_1,10000,4573
772504146,I2_2,20000,7938
795558243,I2_2,20000,7602
28237992,I2_2,20000,6346
917404213,I2_1,10000,2658
283357594,I2_1,10000,3133
104973756,I2_1,10000,4769
497797061,I2_1,10000,4107
948156114,I2_2,20000,7090
270577306,I2_2,20000,6009
255125499,I2_2,20000,7345
205219481,I2_1,10000,5096
437936426,I2_1,10000,6771
516300944,I2_2,20000,7380
669067025,I2_1,10000,6024
867847381,I2_2,20000,8772
128852214,I2_2,20000,8529
137461499,I2_1,10000,5543
556362216,I2_1,10000,6212
349400438,I2_1,10000,2648
851516641,I2_2,20000,4965
121959541,I2_1,10000,2597
769950179,I2_2,20000,5057
514611783,I2_1,10000,5457
778962922,I2_2,20000,8262
327765810,I2_1,10000,4315
581140936,I2_2,20000,10754
386880589,I2_2,20000,11563
625893145,I2_2,20000,5209
896360518,I2_1,10000,4687
867000735,I2_2,20000,6073
105887695,I2_1,10000,3838
736266086,I2_2,20000,5932
451965773,I2_2,20000,7657
330094219,I2_1,10000,3885
588385514,I2_1,10000,4434
165926177,I2_1,10000,6116
907571119,I2_2,20000,7980
273418401,I2_2,20000,6415
349993893,I2_2,20000,4687
276981187,I2_2,20000,5350
40620922,I2_2,20000,5243
278383473,I2_1,10000,4669
677860202,I2_2,20000,6710
893083117,I2_2,20000,7154
692030176,I2_2,20000,5374
906004810,I2_2,20000,4676
601316759,I2_1,10000,3738
685719950,I2_1,10000,3492
285155714,I2_1,10000,4241
873002999,I2_1,10000,5774
699358364,I2_2,20000,7354
438499130,I2_2,20000,6342
97376723,I2_1,10000,6027
140631220,I2_2,20000,9141
402622344,I2_2,20000,9918
894515497,I2_2,20000,7293
155408706,I2_2,20000,9380
182036841,I2_1,10000,3046
350030326,I2_1,10000,4392
708408915,I2_2,20000,8282
992071082,I2_1,10000,4193
484290543,I2_2,20000,10563
922426516,I2_2,20000,8313
494853292,I2_2,20000,5675
963912973,I2_2,20000,5105
842390613,I2_2,20000,5443
318209673,I2_1,10000,3809
819231872,I2_1,10000,2619
857132869,I2_1,10000,2917
82404809,I2_1,10000,3972
493914497,I2_2,20000,4604
634651448,I2_2,20000,5648
81139248,I2_1,10000,3690
89330408,I2_1,10000,4445
75368316,I2_2,20000,6885
389336646,I2_2,20000,4692
191663631,I2_2,20000,5701
48852328,I2_1,10000,3850
504265976,I2_1,10000,2983
115421010,I2_1,10000,2821
572655463,I2_2,20000,4895
206357128,I2_2,20000,5235
620355944,I2_1,10000,3553
697857477,I2_2,20000,5606
347784841,I2_1,10000,2665
92034855,I2_1,10000,2677
457853556,I2_1,10000,3189
214425446,I2_2,20000,5562
719568023,I2_1,10000,4557
358962986,I2_1,10000,3015
830715637,I2_2,20000,5261
638277555,I2_2,20000,4698
324174154,I2_1,10000,3120
167046746,I2_1,10000,2646
907302952,I2_2,20000,5063
694289198,I2_1,10000,2610
844132180,I2_1,10000,3558
179017416,I2_1,10000,3937
186784187,I2_1,10000,4643
53628926,I2_2,20000,6092
921154322,I2_1,10000,3840
519085732,I2_2,20000,5546
924247932,I2_1,10000,3981
76544154,I2_2,20000,4781
699959544,I2_1,10000,3101
480733609,I2_2,20000,7659
362955969,I2_1,10000,4081
859480173,I2_2,20000,5771
101060042,I2_1,10000,5146
252566016,I2_1,10000,5026
321745480,I2_2,20000,4688
25200031,I2_2,20000,4738
438177296,I2_2,20000,6799
443796449,I2_1,10000,2740
104953038,I2_1,10000,2981
556340683,I2_2,20000,5842
548629110,I2_2,20000,5741
523156902,I2_2,20000,8022
978177981,I2_2,20000,10873
543842371,I2_2,20000,8677
755681334,I2_1,10000,5824
113818945,I2_2,20000,7488
37131262,I2_2,20000,6561
208909482,I2_1,10000,4778
79574257,I2_1,10000,4282
427538527,I2_2,20000,5895
770246239,I2_1,10000,3005
828279429,I2_2,20000,4740
465780178,I2_1,10000,4141
855754211,I2_2,20000,5819
508130124,I2_1,10000,3950
144687079,I2_1,10000,5592
249286183,I2_1,10000,4943
427904077,I2_2,20000,5550
487233580,I2_1,10000,4427
63872984,I2_2,20000,5731
210123148,I2_1,10000,3158
656997951,I2_2,20000,6605
151650461,I2_1,10000,5416
461192130,I2_2,20000,8252
425943927,I2_2,20000,8514
947992054,I2_2,20000,4816
838606182,I2_2,20000,6849
803898501,I2_2,20000,7708
336603321,I2_2,20000,7620
220606324,I2_2,20000,8404
339498504,I2_2,20000,9395
217919715,I2_1,10000,3505
480032783,I2_1,10000,2994
625459922,I2_1,10000,4149
351776216,I2_1,10000,5761
888575980,I2_2,20000,4795
599713962,I2_2,20000,5065
851385877,I2_1,10000,3464
936877370,I2_1,10000,4456
138734129,I2_2,20000,7807
854750513,I2_2,20000,6648
404512562,I2_1,10000,3383
459888900,I2_1,10000,4469
97048615,I2_1,10000,4038
784341807,I2_1,10000,2678
130388359,I2_1,10000,3091
301552355,I2_2,20000,5850
169733922,I2_2,20000,7988
660123979,I2_2,20000,5064
871687463,I2_2,20000,5520
875804957,I2_2,20000,5588
408549392,I2_2,20000,8195
355737790,I2_1,10000,4560
854933973,I2_2,20000,5425
489567232,I2_2,20000,7751
665493390,I2_2,20000,5729
883238517,I2_1,10000,5132
831148944,I2_2,20000,5014
788320647,I2_2,20000,7320
270619381,I2_2,20000,4745
820188891,I2_1,10000,4060
252824354,I2_2,20000,6416
327219029,I2_1,10000,2958
594652086,I2_1,10000,3787
11766492,I2_1,10000,3141
526248691,I2_1,10000,3093
435968217,I2_1,10000,4654
662619428,I2_1,10000,5155
847277126,I2_2,20000,7282
541049103,I2_2,20000,5106
855039818,I2_1,10000,4455
66844421,I2_2,20000,7797
991731625,I2_1,10000,3804
961757860,I2_2,20000,8502
718934898,I2_2,20000,4780
570854280,I2_2,20000,6853
554212574,I2_2,20000,6656
460802493,I2_2,20000,5358
756665800,I2_1,10000,3940
389284726,I2_1,10000,5054
897237102,I2_1,10000,6492
266203781,I2_1,10000,3956
330473341,I2_2,20000,7442
564296017,I2_2,20000,4859
955934285,I2_1,10000,2792
370361587,I2_2,20000,4753
978992419,I2_1,10000,3016
917733736,I2_1,10000,2744
768789023,I2_2,20000,4604
914179225,I2_2,20000,4713
254073859,I2_2,20000,5574
25530499,I2_2,20000,7602
504658666,I2_1,10000,2677
128954238,I2_1,10000,2931
138802990,I2_1,10000,2720
575745207,I2_2,20000,4687
550073068,I2_1,10000,2824
219789225,I2_1,10000,2808
372353107,I2_1,10000,3269
397365364,I2_2,20000,4788
531754613,I2_1,10000,4047
84868096,I2_2,20000,7842
807057362,I2_2,20000,5887
350844852,I2_2,20000,6041
605361985,I2_2,20000,8187
901353917,I2_1,10000,4509
214721021,I2_2,20000,6203
316388566,I2_1,10000,4945
645424583,I2_1,10000,5459
530986396,I2_1,10000,6153
748537870,I2_2,20000,11425
418108877,I2_2,20000,9788
288938022,I2_1,10000,5955
378136707,I2_1,10000,4261
252984718,I2_2,20000,13633
24433236,I2_2,20000,15731
104382328,I2_1,10000,5985
112002058,I2_2,20000,15074
170649418,I2_1,10000,4849
910018651,I2_2,20000,17231
276135404,I2_2,20000,11258
629702747,I2_2,20000,13395
176157517,I2_2,20000,12751
525098635,I2_2,20000,10743
479564605,I2_2,20000,9605
685185637,I2_1,10000,2787
157213175,I2_2,20000,4569
665864661,I2_2,20000,5630
10773305,I2_2,20000,7618
877090156,I2_2,20000,9124
173730633,I2_2,20000,11347
799867828,I2_1,10000,5341
521160882,I2_2,20000,9077
137089428,I2_1,10000,4738
939009413,I2_2,20000,5742
893701056,I2_1,10000,3610
682576490,I2_1,10000,4235
674352690,I2_2,20000,6902
677465602,I2_2,20000,6826
844873766,I2_1,10000,3212
814949394,I2_1,10000,3828
44011543,I2_1,10000,2926
418967813,I2_1,10000,3960
218891152,I2_2,20000,6184
242124115,I2_1,10000,5507
69169324,I2_1,10000,2623
709731458,I2_1,10000,2924
269508170,I2_2,20000,4524
565317196,I2_2,20000,5115
982212951,I2_1,10000,3889
925420129,I2_1,10000,2629
761403128,I2_2,20000,5230
374771724,I2_1,10000,3643
648591441,I2_1,10000,2965
393866835,I2_2,20000,4634
242626944,I2_1,10000,5174
385511618,I2_2,20000,5720
526421466,I2_2,20000,7810
487891508,I2_2,20000,9766
406815029,I2_1,10000,3116
642288216,I2_1,10000,4179
54673455,I2_2,20000,6518
548302321,I2_1,10000,5820
201904321,I2_1,10000,6825
466870096,I2_2,20000,4643
198491247,I2_1,10000,2767
470186091,I2_1,10000,3843
653854330,I2_1,10000,3298
52262918,I2_2,20000,6167
757370805,I2_2,20000,5270
226976968,I2_2,20000,4921
787950475,I2_2,20000,5497
470687145,I2_1,10000,3589
867255280,I2_1,10000,3007
457291322,I2_2,20000,5306
41392640,I2_1,10000,2751
385767514,I2_1,10000,2638
859749009,I2_1,10000,2709
16496586,I2_2,20000,5374
829404434,I2_2,20000,5304
797412835,I2_1,10000,2743
926358060,I2_1,10000,3853
540276615,I2_1,10000,3725
26361840,I2_2,20000,5301
292415819,I2_1,10000,4712
244506289,I2_1,10000,5268
383404648,I2_1,10000,5748
769789076,I2_2,20000,7886
906268465,I2_2,20000,7769
14269646,I2_2,20000,9056
656224559,I2_2,20000,4749
846457820,I2_1,10000,5221
621944117,I2_1,10000,4185
61762517,I2_1,10000,3068
349246853,I2_1,10000,2597
949571323,I2_2,20000,4619
88449405,I2_1,10000,5174
534031835,I2_1,10000,4107
597343974,I2_1,10000,3026
125972499,I2_2,20000,5310
989940174,I2_2,20000,4682
662043894,I2_2,20000,4733
142881654,I2_1,10000,5123
748087985,I2_2,20000,8507
506331851,I2_1,10000,4929
812168864,I2_2,20000,4692
83571998,I2_1,10000,3129
324362667,I2_1,10000,2685
677132895,I2_2,20000,4709
85513130,I2_2,20000,5127
946501656,I2_1,10000,3534
835518015,I2_1,10000,4041
175592517,I2_2,20000,6916
297399960,I2_1,10000,2812
366878101,I2_1,10000,3627
310570681,I2_2,20000,5196
447985421,I2_2,20000,5735
883362764,I2_2,20000,6070
557043990,I2_1,10000,4522
602314909,I2_2,20000,5815
805391263,I2_2,20000,4638
652310734,I2_2,20000,6826
248787727,I2_2,20000,4786
726349998,I2_1,10000,5347
78641227,I2_1,10000,2932
922682986,I2_1,10000,2948
236226102,I2_2,20000,4741
399771989,I2_1,10000,3000
626219956,I2_1,10000,2679
675472273,I2_1,10000,4425
685683615,I2_2,20000,4648
106794798,I2_2,20000,5636
269898578,I2_1,10000,3468
873942411,I2_1,10000,2658
3247597,I2_1,10000,2792
245257941,I2_1,10000,3156
737269539,I2_1,10000,4873
584761724,I2_2,20000,7054
235653674,I2_1,10000,5373
471023947,I2_1,10000,3952
662060701,I2_2,20000,8481
216030,I2_2,20000,7442
64260642,I2_1,10000,3144
577652767,I2_1,10000,2693
21907728,I2_1,10000,2688
250382313,I2_1,10000,2956
412991291,I2_2,20000,4692
532240366,I2_2,20000,5060
327350649,I2_1,10000,4424
429232717,I2_1,10000,4007
976078379,I2_1,10000,5119
967537880,I2_2,20000,8330
675678369,I2_1,10000,4727
366472429,I2_1,10000,3061
569088274,I2_1,10000,4791
757679207,I2_2,20000,5945
964903757,I2_2,20000,7038
487707376,I2_2,20000,7296
240660438,I2_2,20000,7362
489913819,I2_1,10000,4427
388458118,I2_2,20000,7833
39958443,I2_2,20000,5064
964785754,I2_2,20000,4645
832008322,I2_1,10000,3142
125830289,I2_1,10000,4149
535193813,I2_2,20000,5004
12253430,I2_1,10000,4447
225239831,I2_2,20000,8722
767262477,I2_2,20000,9200
956381904,I2_2,20000,9696
130968822,I2_1,10000,4826
178111438,I2_2,20000,10805
16507722,I2_1,10000,4234
420823722,I2_1,10000,3787
810929731,I2_2,20000,6054
747483850,I2_2,20000,6003
466735151,I2_2,20000,5210
117483324,I2_1,10000,3603
902519586,I2_2,20000,5664
165546385,I2_2,20000,8413
833744864,I2_2,20000,9183
172437840,I2_1,10000,5505
956424423,I2_2,20000,9154
980803163,I2_2,20000,6507
689617867,I2_1,10000,3768
100076718,I2_1,10000,4551
567044162,I2_2,20000,6374
96267391,I2_1,10000,2991
391431115,I2_1,10000,3503
790036012,I2_2,20000,4671
16161953,I2_2,20000,5251
636325760,I2_1,10000,2941
73058039,I2_2,20000,8340
537433588,I2_1,10000,2624
442762080,I2_1,10000,2645
742609557,I2_1,10000,2911
158877729,I2_2,20000,4630
821153074,I2_1,10000,3262
137384078,I2_2,20000,4531
314508182,I2_1,10000,2912
580139774,I2_2,20000,4767
530691832,I2_2,20000,5313
397254567,I2_1,10000,5124
589681902,I2_1,10000,4215
750026809,I2_1,10000,2962
406690422,I2_2,20000,4699
822917416,I2_1,10000,2568
715574452,I2_2,20000,5365
65859846,I2_2,20000,4547
558925821,I2_2,20000,4770
627232651,I2_1,10000,2965
174687220,I2_2,20000,7442
86077104,I2_2,20000,5888
8026731,I2_2,20000,6230
719344190,I2_1,10000,4586
719176921,I2_2,20000,7297
331200342,I2_1,10000,3903
732071157,I2_2,20000,9385
532409478,I2_2,20000,9858
506249065,I2_1,10000,5506
608870975,I2_2,20000,8818
724604534,I2_2,20000,7720
983667298,I2_2,20000,6599
986250939,I2_1,10000,2551
972821357,I2_2,20000,4973
465175315,I2_1,10000,3400
118442035,I2_2,20000,5691
6967977,I2_2,20000,5757
239745221,I2_1,10000,2668
320437509,I2_1,10000,2631
232808906,I2_1,10000,2668
31456335,I2_2,20000,5109
125940698,I2_1,10000,2710
912766426,I2_1,10000,3811
799574265,I2_1,10000,2812
272808406,I2_2,20000,7378
791717722,I2_2,20000,4644
475562282,I2_1,10000,5257
788036892,I2_1,10000,5245
801722065,I2_1,10000,3177
875980695,I2_1,10000,2645
471166635,I2_1,10000,2888
940157687,I2_1,10000,4111
202422188,I2_1,10000,2707
862334811,I2_2,20000,4628
506777767,I2_2,20000,5160
474385476,I2_1,10000,4554
252985408,I2_1,10000,3574
786434425,I2_2,20000,9509
772634829,I2_1,10000,5696
558451166,I2_1,10000,6282
15595365,I2_2,20000,6429
183503045,I2_1,10000,2764
880657839,I2_2,20000,5685
334296364,I2_1,10000,6229
757321321,I2_1,10000,4595
860113990,I2_2,20000,5748
172558205,I2_2,20000,5829
686642087,I2_1,10000,2647
101759983,I2_2,20000,4678
584616365,I2_1,10000,4137
143578154,I2_1,10000,3420
62608126,I2_1,10000,2652
691917554,I2_2,20000,5324
210109350,I2_2,20000,6334
112148709,I2_1,10000,4654
825752230,I2_2,20000,7944
569880472,I2_2,20000,7759
372822006,I2_2,20000,8212
820952961,I2_2,20000,8925
20919327,I2_2,20000,6119
618065854,I2_1,10000,4620
299689894,I2_1,10000,3204
562710029,I2_1,10000,2642
586937833,I2_2,20000,5285
642842988,I2_2,20000,5311
933230322,I2_1,10000,3201
889180239,I2_1,10000,3038
449536152,I2_1,10000,3112
589351875,I2_2,20000,4812
275497574,I2_1,10000,4196
206930049,I2_2,20000,7143
802050850,I2_1,10000,2649
102083639,I2_1,10000,2835
608051383,I2_1,10000,3943
902008039,I2_2,20000,4734
480178244,I2_2,20000,5762
176331903,I2_1,10000,3153
104150015,I2_1,10000,3258
921452341,I2_2,20000,6203
872026001,I2_1,10000,4016
45885265,I2_1,10000,3674
60956762,I2_1,10000,3469
81689322,I2_2,20000,5290
474910358,I2_1,10000,4131
540887203,I2_2,20000,5079
472982581,I2_1,10000,2852
435113468,I2_1,10000,4484
682835722,I2_1,10000,5261
842530165,I2_2,20000,7916
513807540,I2_2,20000,8469
678269083,I2_1,10000,6124
274119608,I2_2,20000,8782
348651543,I2_1,10000,4905
944903247,I2_2,20000,12128
146788891,I2_1,10000,4471
161392096,I2_2,20000,12292
324346652,I2_2,20000,7927
215943531,I2_1,10000,3001
983614776,I2_1,10000,3950
124352573,I2_2,20000,5028
600876053,I2_1,10000,2761
94407189,I2_2,20000,5186
574966862,I2_2,20000,6697
475963624,I2_1,10000,3943
887426635,I2_2,20000,9866
371613213,I2_1,10000,4214
636694909,I2_1,10000,2731
640576068,I2_2,20000,5800
64506774,I2_2,20000,4808
954872115,I2_1,10000,5380
658578733,I2_1,10000,5260
767277838,I2_2,20000,4863
21660072,I2_1,10000,3098
701168760,I2_2,20000,7552
869833708,I2_2,20000,5788
11239722,I2_2,20000,5710
236953206,I2_2,20000,5618
323756859,I2_1,10000,2703
987629187,I2_2,20000,6869
657196428,I2_2,20000,7896
54443508,I2_1,10000,4841
308126315,I2_1,10000,5336
625635179,I2_1,10000,5363
139580417,I2_2,20000,10000
356347067,I2_1,10000,4747
630092625,I2_2,20000,5932
336297059,I2_2,20000,8305
164898091,I2_1,10000,4823
870773035,I2_2,20000,6370
193789196,I2_1,10000,3906
955252886,I2_2,20000,8477
31661598,I2_2,20000,9879
580499243,I2_1,10000,4278
382152785,I2_2,20000,5432
102385893,I2_1,10000,3514
91131241,I2_2,20000,4855
286240655,I2_1,10000,3992
348873097,I2_1,10000,3850
861698091,I2_2,20000,4751
8419717,I2_1,10000,2683
848212228,I2_2,20000,4793
923035228,I2_1,10000,5264
53234413,I2_2,20000,5648
744459663,I2_2,20000,7829
28540102,I2_2,20000,4920
493919999,I2_1,10000,3850
703719687,I2_1,10000,3031
939441620,I2_2,20000,4830
359109996,I2_1,10000,2805
694870635,I2_2,20000,5808
341030216,I2_1,10000,6339
788820371,I2_1,10000,4707
254202569,I2_2,20000,9082
258857729,I2_1,10000,4256
800610052,I2_2,20000,10065
951239936,I2_2,20000,7041
292582105,I2_1,10000,3891
342759362,I2_2,20000,6070
637838309,I2_1,10000,3986
287142181,I2_1,10000,5149
501034613,I2_2,20000,8484
834929258,I2_2,20000,5055
948071606,I2_2,20000,4842
814042452,I2_1,10000,5428
669245045,I2_2,20000,4833
48246164,I2_2,20000,4831
143356889,I2_2,20000,4815
115059713,I2_2,20000,4749
333148938,I2_1,10000,2814
172171898,I2_1,10000,2840
426637033,I2_1,10000,2865
732345344,I2_2,20000,4817
918103653,I2_2,20000,6911
890335781,I2_2,20000,4850
876760485,I2_2,20000,4825
673924986,I2_1,10000,4245
993084358,I2_1,10000,4809
531725590,I2_2,20000,4814
101090356,I2_2,20000,4785
997253918,I2_2,20000,5874
255730592,I2_2,20000,4897
163712188,I2_1,10000,5523
123794830,I2_2,20000,5280
925579319,I2_2,20000,5730
653269224,I2_1,10000,4075
658012393,I2_1,10000,3131
619158221,I2_1,10000,4755
731460627,I2_2,20000,6479
384505569,I2_2,20000,7975
505964580,I2_2,20000,5013
605938693,I2_1,10000,5075
405610360,I2_1,10000,2853
776304861,I2_2,20000,5499
296979243,I2_2,20000,4786
766590730,I2_1,10000,4196
492145928,I2_2,20000,5593
638915246,I2_2,20000,6540
24997229,I2_1,10000,3116
234788924,I2_2,20000,4799
725242432,I2_1,10000,2986
474775071,I2_1,10000,3139
686680799,I2_2,20000,4835
648311660,I2_1,10000,4286
392888662,I2_1,10000,4064
372730964,I2_2,20000,6740
404728720,I2_1,10000,3278
95924849,I2_1,10000,3073
313771559,I2_2,20000,5129
395773577,I2_2,20000,4876
746528152,I2_1,10000,4303
443053079,I2_1,10000,4349
162493221,I2_1,10000,5598
579654040,I2_1,10000,3248
284313621,I2_1,10000,3264
590911327,I2_2,20000,4737
154351400,I2_2,20000,5738
864871471,I2_2,20000,5850
474738912,I2_1,10000,3020
316080462,I2_1,10000,4203
290552582,I2_2,20000,6347
715147861,I2_2,20000,8011
23627661,I2_2,20000,7307
378060852,I2_1,10000,4422
410206080,I2_2,20000,6560
507566375,I2_1,10000,3660
363405903,I2_1,10000,4146
992708558,I2_2,20000,7937
547565139,I2_1,10000,5428
672678281,I2_1,10000,2876
773841683,I2_1,10000,4014
657354872,I2_1,10000,2761
740067316,I2_1,10000,2841
403992566,I2_1,10000,3337
974749111,I2_2,20000,5823
843102922,I2_2,20000,4835
940825374,I2_2,20000,5124
317830887,I2_2,20000,4881
89968552,I2_1,10000,4316
86171941,I2_2,20000,6871
491376697,I2_2,20000,5045
507863870,I2_2,20000,7187
779912579,I2_1,10000,3578
484520224,I2_1,10000,5370
466798452,I2_1,10000,3379
248252077,I2_2,20000,7144
658890384,I2_1,10000,5708
517718654,I2_2,20000,7950
306950127,I2_2,20000,8881
408295985,I2_1,10000,6209
857774836,I2_1,10000,6171
524073912,I2_2,20000,12527
428860466,I2_2,20000,5876
356974308,I2_1,10000,4009
963012447,I2_2,20000,4840
300533380,I2_1,10000,2945
919607639,I2_2,20000,5245
330425997,I2_2,20000,5590
738358456,I2_1,10000,4472
205481843,I2_2,20000,5289
530954149,I2_2,20000,6259
608213573,I2_1,10000,4573
812308473,I2_2,20000,6223
192111597,I2_1,10000,3009
142610333,I2_2,20000,6162
877584628,I2_1,10000,2800
276031907,I2_1,10000,2966
260061546,I2_2,20000,5350
698113937,I2_1,10000,2913
990985385,I2_1,10000,4056
626788355,I2_2,20000,6217
236447890,I2_2,20000,8020
993251526,I2_2,20000,8312
957501589,I2_1,10000,3613
617884869,I2_2,20000,5237
214909147,I2_2,20000,5524
194502304,I2_1,10000,4161
504891161,I2_2,20000,4934
679160157,I2_2,20000,4905
701298696,I2_1,10000,3318
37854494,I2_2,20000,5650
726000387,I2_1,10000,2824
914201055,I2_2,20000,4871
437933775,I2_1,10000,4360
103580787,I2_1,10000,4277
768585243,I2_1,10000,5924
370179633,I2_1,10000,4184
689630652,I2_2,20000,8019
234953414,I2_1,10000,4028
963665998,I2_2,20000,7188
179887023,I2_2,20000,6625
734737263,I2_2,20000,7132
790161085,I2_2,20000,6716
378499197,I2_1,10000,4990
848086906,I2_1,10000,3891
598469771,I2_1,10000,4680
408157636,I2_1,10000,3837
221825958,I2_1,10000,3105
468030325,I2_2,20000,5473
365154942,I2_2,20000,5222
969289025,I2_2,20000,4748
168665192,I2_1,10000,3226
899776719,I2_2,20000,4911
865577273,I2_1,10000,4309
284007990,I2_1,10000,3232
712042811,I2_2,20000,5487
512949622,I2_1,10000,4829
620170733,I2_2,20000,5608
858127435,I2_1,10000,2851
813595808,I2_1,10000,2862
646303670,I2_1,10000,3957
581358160,I2_2,20000,5733
816330521,I2_1,10000,5086
971082571,I2_2,20000,5191
207374856,I2_1,10000,3548
27448954,I2_1,10000,4695
167169127,I2_1,10000,3557
4821926,I2_1,10000,4081
739796187,I2_1,10000,4617
325013622,I2_1,10000,4084
769434216,I2_2,20000,12542
813434844,I2_1,10000,3983
261528353,I2_2,20000,6871
560317851,I2_1,10000,5185
71848407,I2_1,10000,5137
269413580,I2_1,10000,4500
337729776,I2_2,20000,12928
147178582,I2_2,20000,11866
342594437,I2_2,20000,12985
361122054,I2_1,10000,4565
612094819,I2_2,20000,15600
150013661,I2_1,10000,7367
417271558,I2_1,10000,7868
332968585,I2_2,20000,13888
849710146,I2_2,20000,7218
122547031,I2_1,10000,5470
676921692,I2_2,20000,8344
36883801,I2_1,10000,2865
517323360,I2_1,10000,3297
611855452,I2_2,20000,5795
118627600,I2_2,20000,4791
757433877,I2_2,20000,4733
117511269,I2_1,10000,4303
294477784,I2_2,20000,5497
186325288,I2_1,10000,5952
3490483,I2_2,20000,5819
718490748,I2_2,20000,7962
193756777,I2_1,10000,5476
17709293,I2_2,20000,5534
575336881,I2_1,10000,2828
970164971,I2_1,10000,3270
930323118,I2_2,20000,5976
785581977,I2_2,20000,5332
693878573,I2_1,10000,5422
32681959,I2_2,20000,8405
956675149,I2_2,20000,6485
225275042,I2_1,10000,3521
157518489,I2_1,10000,3192
493374952,I2_1,10000,2716
938951061,I2_2,20000,4773
479295469,I2_2,20000,5657
798395444,I2_1,10000,6181
66342917,I2_2,20000,6806
306471093,I2_2,20000,6740
188395973,I2_1,10000,2775
866511883,I2_2,20000,4815
760006753,I2_1,10000,3311
316849789,I2_1,10000,2789
284767910,I2_1,10000,2872
23708708,I2_1,10000,4095
651717552,I2_1,10000,3469
718849831,I2_1,10000,3702
249664548,I2_1,10000,3623
277371183,I2_2,20000,4795
383691750,I2_1,10000,4203
430965462,I2_2,20000,5759
118652727,I2_1,10000,3120
790069118,I2_1,10000,4782
229270275,I2_2,20000,5031
522496709,I2_2,20000,5596
59345373,I2_1,10000,3964
885901362,I2_2,20000,6014
35528111,I2_1,10000,4547
319305757,I2_1,10000,4681
691252824,I2_2,20000,8793
283607411,I2_1,10000,4969
297420661,I2_2,20000,4840
150334569,I2_1,10000,4372
468180280,I2_2,20000,5329
54965454,I2_1,10000,2875
285718233,I2_1,10000,3658
39950609,I2_1,10000,4890
128426822,I2_2,20000,8112
818913072,I2_1,10000,5672
787753345,I2_1,10000,6217
856475396,I2_1,10000,4612
81948157,I2_2,20000,9979
698040005,I2_1,10000,5793
157943458,I2_1,10000,5231
76988031,I2_2,20000,12393
3602662,I2_2,20000,6621
793910523,I2_1,10000,6062
205571698,I2_1,10000,5413
428411269,I2_2,20000,10082
282605348,I2_1,10000,5725
673715658,I2_2,20000,6399
789131097,I2_1,10000,2986
318970159,I2_1,10000,3815
217940113,I2_1,10000,3039
40222970,I2_2,20000,5309
126963085,I2_1,10000,4741
265964839,I2_1,10000,4612
142275513,I2_2,20000,4787
643131468,I2_2,20000,5105
934409452,I2_1,10000,5102
698678520,I2_2,20000,4758
347264610,I2_2,20000,4939
888074642,I2_2,20000,4885
668761089,I2_1,10000,3210
240626931,I2_1,10000,2947
656581295,I2_1,10000,2853
450644639,I2_2,20000,6073
297020339,I2_2,20000,5278
563373699,I2_1,10000,3721
76476306,I2_2,20000,5584
186886625,I2_2,20000,6457
343460599,I2_2,20000,5155
540392878,I2_2,20000,5859
456462992,I2_1,10000,6339
374723740,I2_1,10000,4732
279088995,I2_2,20000,9590
628802744,I2_1,10000,4621
423677718,I2_2,20000,13313
952947097,I2_2,20000,12337
896034287,I2_2,20000,12799
343394994,I2_1,10000,5387
297436380,I2_2,20000,13603
900780207,I2_2,20000,7751
231577040,I2_1,10000,3940
645021989,I2_1,10000,4497
697115277,I2_2,20000,11777
310207957,I2_2,20000,8489
206429585,I2_1,10000,2896
113983941,I2_1,10000,2820
534836003,I2_1,10000,2937
449194419,I2_1,10000,3085
702500930,I2_2,20000,5781
14564748,I2_2,20000,5822
963364432,I2_2,20000,7581
83246795,I2_2,20000,8564
252500340,I2_1,10000,4654
889446771,I2_2,20000,5881
121660537,I2_2,20000,5729
14818842,I2_1,10000,5270
549334956,I2_1,10000,4684
764496821,I2_2,20000,5457
371316665,I2_1,10000,4111
247451997,I2_2,20000,4855
268046388,I2_1,10000,3264
702857662,I2_2,20000,5318
853445221,I2_2,20000,4932
796393041,I2_1,10000,4440
20114081,I2_1,10000,4377
526803414,I2_1,10000,4198
844322255,I2_1,10000,5158
455034759,I2_1,10000,5119
299946020,I2_1,10000,2806
883631906,I2_1,10000,2815
349902888,I2_1,10000,3847
863173534,I2_1,10000,2880
818339440,I2_2,20000,5208
936415679,I2_2,20000,5090
739678331,I2_1,10000,4179
969916601,I2_1,10000,3469
596134786,I2_2,20000,4839
974957710,I2_1,10000,4225
931228421,I2_2,20000,4912
592990601,I2_2,20000,5791
584616394,I2_2,20000,7843
29704097,I2_2,20000,4860
643774735,I2_1,10000,4386
144268649,I2_1,10000,2802
507768196,I2_1,10000,2923
186620066,I2_1,10000,3093
909413805,I2_1,10000,3872
948426358,I2_2,20000,6853
420057739,I2_1,10000,4421
508701848,I2_1,10000,3290
790958331,I2_2,20000,5590
897775830,I2_2,20000,5370
141846460,I2_2,20000,4811
967388190,I2_1,10000,4078
364681817,I2_1,10000,2869
635901616,I2_2,20000,5541
72916335,I2_1,10000,5458
477311274,I2_2,20000,8498
169961868,I2_1,10000,4251
536085921,I2_2,20000,11691
527606441,I2_1,10000,3319
839479791,I2_1,10000,3968
858737101,I2_2,20000,6785
429233553,I2_1,10000,5739
898459943,I2_2,20000,9467
916831208,I2_2,20000,6520
8694190,I2_2,20000,5124
142026097,I2_1,10000,3076
310693987,I2_1,10000,3313
77085691,I2_2,20000,4858
342013885,I2_1,10000,4210
198000959,I2_2,20000,7788
190600512,I2_2,20000,6308
205153810,I2_1,10000,5339
392935870,I2_2,20000,7568
685871994,I2_2,20000,9806
920616337,I2_1,10000,6201
658906038,I2_1,10000,4489
624751659,I2_1,10000,5666
717011338,I2_1,10000,3970
866488576,I2_2,20000,12996
352475618,I2_2,20000,11335
294901401,I2_2,20000,4802
967289250,I2_1,10000,2836
722889259,I2_1,10000,3024
606924050,I2_1,10000,3303
738439718,I2_2,20000,5573
854419335,I2_1,10000,4185
417190596,I2_1,10000,4783
558131132,I2_1,10000,5520
994011633,I2_1,10000,6110
102421754,I2_2,20000,4860
332819186,I2_1,10000,2876
134234959,I2_2,20000,6354
862644256,I2_1,10000,4665
730825290,I2_2,20000,5128
898697938,I2_2,20000,7218
206154391,I2_1,10000,4055
70661288,I2_2,20000,5005
208165679,I2_1,10000,3173
332651605,I2_1,10000,4380
936167436,I2_1,10000,4387
642148186,I2_1,10000,4814
339851669,I2_1,10000,4571
848282819,I2_2,20000,7850
978579310,I2_2,20000,5084
428529119,I2_1,10000,3339
552434747,I2_2,20000,5213
713527994,I2_1,10000,4089
797290429,I2_1,10000,2674
752046458,I2_1,10000,2668
663237384,I2_1,10000,2676
182716058,I2_1,10000,2684
616686939,I2_2,20000,4721
836853506,I2_2,20000,5484
255747401,I2_2,20000,4753
578845074,I2_2,20000,4811
503248739,I2_1,10000,3405
661789152,I2_2,20000,5871
217207701,I2_1,10000,4718
318613406,I2_2,20000,4974
84274774,I2_2,20000,4785
819104151,I2_1,10000,4147
49207868,I2_2,20000,6284
86394671,I2_2,20000,8453
459619596,I2_2,20000,8418
721922591,I2_2,20000,7208
796777336,I2_1,10000,4573
391401947,I2_1,10000,4563
624666458,I2_2,20000,5022
135812730,I2_1,10000,4454
431888898,I2_2,20000,7060
467515377,I2_1,10000,4050
436507844,I2_2,20000,5862
889848812,I2_1,10000,3268
623619037,I2_1,10000,3544
423191269,I2_2,20000,5200
734211633,I2_1,10000,3632
263297488,I2_2,20000,4833
739190276,I2_1,10000,2798
916583838,I2_1,10000,2875
264924062,I2_1,10000,3248
847268910,I2_1,10000,3573
67515264,I2_2,20000,4965
660842195,I2_2,20000,5477
786752093,I2_2,20000,5776
776213240,I2_2,20000,7996
698478494,I2_2,20000,7981
806094826,I2_1,10000,6293
352400863,I2_1,10000,6674
103832227,I2_2,20000,5934
140701655,I2_2,20000,5164
678933457,I2_1,10000,2872
609291809,I2_1,10000,4012
293168596,I2_1,10000,3267
192661191,I2_1,10000,2932
393191853,I2_1,10000,4632
517497229,I2_2,20000,5369
226604905,I2_1,10000,3619
435382866,I2_1,10000,3902
516766449,I2_1,10000,3140
217875010,I2_1,10000,3052
616638453,I2_2,20000,4952
546964216,I2_2,20000,4880
792344978,I2_2,20000,7059
631274708,I2_2,20000,7996
311259945,I2_1,10000,3715
425253952,I2_2,20000,4861
194942280,I2_2,20000,5874
652048314,I2_1,10000,5288
878077209,I2_1,10000,5789
604912823,I2_2,20000,8047
837770761,I2_2,20000,7894
587359225,I2_2,20000,7835
721411768,I2_1,10000,4035
560308933,I2_2,20000,4923
179573806,I2_1,10000,2871
769057601,I2_1,10000,3239
965596874,I2_1,10000,3102
26916859,I2_2,20000,5166
99088275,I2_2,20000,6121
21978985,I2_2,20000,8028
354833813,I2_2,20000,7738
56853914,I2_2,20000,4924
673208950,I2_1,10000,4289
757201899,I2_1,10000,4780
714729799,I2_2,20000,6626
459142757,I2_1,10000,4157
396917085,I2_2,20000,5343
994797452,I2_1,10000,4180
252706198,I2_2,20000,6092
916239103,I2_2,20000,6619
765350081,I2_1,10000,4181
407186703,I2_1,10000,4578
313900878,I2_2,20000,8730
819291238,I2_2,20000,9647
303740958,I2_2,20000,5631
1542820,I2_2,20000,4863
841697015,I2_2,20000,5017
597204364,I2_1,10000,5519
230170742,I2_2,20000,7201
258023582,I2_2,20000,8304
761678699,I2_1,10000,4426
242898989,I2_2,20000,10845
483151580,I2_2,20000,11410
381681543,I2_2,20000,11263
329258669,I2_2,20000,12393
450279174,I2_2,20000,5238
459646282,I2_1,10000,4534
644112915,I2_1,10000,5338
669075867,I2_1,10000,6375
375707229,I2_1,10000,2932
2353509,I2_1,10000,3042
857103375,I2_1,10000,2808
443088229,I2_1,10000,3259
823574420,I2_2,20000,5305
962108036,I2_2,20000,8014
995032119,I2_2,20000,7183
49132461,I2_1,10000,6519
85589208,I2_2,20000,7710
46183890,I2_2,20000,8024
98728657,I2_2,20000,10269
657994621,I2_2,20000,5635
737781039,I2_2,20000,4843
886147717,I2_2,20000,4825
76136461,I2_1,10000,2839
840544454,I2_2,20000,4871
744202870,I2_2,20000,4850
991681746,I2_1,10000,3226
222621993,I2_1,10000,2820
639477575,I2_1,10000,2837
276414867,I2_1,10000,3684
389858392,I2_2,20000,4945
916585518,I2_1,10000,4430
737858336,I2_1,10000,4802
832119360,I2_1,10000,5354
844967850,I2_1,10000,5961
658564411,I2_2,20000,9002
609517111,I2_2,20000,5617
618414755,I2_1,10000,6249
120855220,I2_1,10000,4021
239149019,I2_1,10000,3760
758144047,I2_1,10000,2850
840584659,I2_1,10000,3959
437310945,I2_2,20000,4802
104537769,I2_2,20000,4835
772169256,I2_2,20000,5993
107256942,I2_1,10000,4770
784273741,I2_2,20000,6977
673975015,I2_2,20000,9161
82768905,I2_2,20000,11259
232110553,I2_2,20000,11314
742441635,I2_2,20000,9581
567278618,I2_2,20000,7495
760411296,I2_2,20000,6089
576484591,I2_1,10000,3062
75451992,I2_1,10000,3963
686661093,I2_1,10000,2847
748743980,I2_2,20000,4881
477122602,I2_1,10000,4332
722991344,I2_2,20000,4830
700164129,I2_2,20000,4880
488080085,I2_1,10000,4348
362387092,I2_1,10000,2929
799291587,I2_1,10000,3377
106404205,I2_1,10000,2846
76893064,I2_1,10000,3473
271918237,I2_2,20000,5797
932328752,I2_1,10000,4727
952905995,I2_2,20000,7649
268959965,I2_2,20000,5609
653301776,I2_1,10000,4379
570025261,I2_2,20000,4938
886174615,I2_2,20000,5932
505393889,I2_2,20000,5050
627786764,I2_2,20000,7287
360275448,I2_1,10000,2848
374143848,I2_1,10000,3256
846955649,I2_1,10000,3010
94384110,I2_2,20000,4808
201019260,I2_2,20000,6838
986292089,I2_2,20000,5780
598102182,I2_2,20000,6384
509127491,I2_1,10000,4627
314661983,I2_2,20000,7937
782950690,I2_2,20000,8659
86398576,I2_2,20000,7680
844193665,I2_1,10000,5894
479470854,I2_2,20000,5322
484230913,I2_2,20000,5819
282301166,I2_1,10000,3091
376254272,I2_2,20000,5818
950903081,I2_2,20000,5578
325859409,I2_2,20000,4854
728446438,I2_1,10000,3419
690346136,I2_2,20000,5083
485061721,I2_2,20000,6983
853481613,I2_1,10000,4490
440049316,I2_1,10000,3267
652448077,I2_1,10000,2992
275046370,I2_2,20000,5102
279259192,I2_1,10000,3165
11053292,I2_1,10000,4267
772482826,I2_2,20000,8015
917014206,I2_1,10000,2871
427524488,I2_2,20000,5278
520764431,I2_1,10000,2803
126728710,I2_1,10000,2855
256990354,I2_2,20000,4914
808775050,I2_1,10000,4395
294346153,I2_2,20000,4848
288522018,I2_2,20000,5848
979311226,I2_2,20000,5311
814404612,I2_1,10000,5766
57192566,I2_2,20000,9609
799826984,I2_2,20000,6198
368492615,I2_1,10000,4991
55454597,I2_2,20000,8445
920637517,I2_1,10000,5125
518503709,I2_1,10000,5039
347759297,I2_2,20000,5340
770867012,I2_1,10000,4622
370613855,I2_1,10000,5766
899740611,I2_2,20000,8141
311742941,I2_2,20000,6244
377890039,I2_1,10000,6134
626840260,I2_2,20000,8655
973585728,I2_2,20000,10799
52919744,I2_2,20000,4840
807714650,I2_1,10000,5444
823984231,I2_2,20000,4825
898267611,I2_1,10000,2795
945195669,I2_1,10000,2917
533830210,I2_2,20000,4815
465668058,I2_2,20000,4799
571221751,I2_2,20000,5606
490188156,I2_2,20000,6957
296087762,I2_2,20000,5962
939471401,I2_2,20000,6477
772962727,I2_2,20000,7342
579538073,I2_1,10000,5599
687186011,I2_2,20000,6676
42723785,I2_2,20000,6246
130104872,I2_1,10000,3851
431654724,I2_1,10000,2845
371471465,I2_1,10000,2898
555516780,I2_2,20000,5487
255366883,I2_2,20000,5081
874470334,I2_1,10000,3056
974544405,I2_2,20000,5464
636333855,I2_1,10000,4870
958115851,I2_1,10000,3056
500988239,I2_2,20000,9007
68143810,I2_1,10000,6095
560615138,I2_1,10000,3596
675451399,I2_2,20000,7054
396424246,I2_1,10000,5199
146967954,I2_1,10000,5200
738984204,I2_1,10000,5575
873512826,I2_2,20000,11866
229387851,I2_2,20000,10574
845846278,I2_2,20000,7838
471381816,I2_1,10000,3992
640905991,I2_1,10000,4768
963087174,I2_2,20000,7372
885341949,I2_2,20000,5661
590240377,I2_2,20000,4936
527170445,I2_2,20000,4850
637695780,I2_2,20000,4826
824936298,I2_2,20000,5855
226569605,I2_2,20000,5132
804326061,I2_1,10000,2916
282759781,I2_2,20000,6488
306183775,I2_2,20000,5189
447619057,I2_2,20000,5873
50363976,I2_1,10000,5289
981280588,I2_2,20000,4848
739116803,I2_2,20000,5837
59090591,I2_2,20000,4933
395936966,I2_2,20000,4834
180689822,I2_1,10000,3229
674855192,I2_2,20000,5197
6390077,I2_2,20000,5097
490289374,I2_2,20000,5185
317386400,I2_1,10000,4533
143982963,I2_2,20000,6447
243459271,I2_1,10000,3633
639742161,I2_2,20000,5528
553940577,I2_2,20000,5993
206790042,I2_1,10000,4267
695367363,I2_2,20000,5799
778523872,I2_1,10000,3855
598169271,I2_2,20000,8232
371029480,I2_2,20000,5470
324672508,I2_2,20000,5772
435774712,I2_1,10000,5164
657689339,I2_1,10000,4674
548193189,I2_2,20000,9000
634387804,I2_2,20000,5997
913810937,I2_2,20000,6723
448861586,I2_2,20000,5600
696140369,I2_2,20000,4887
170362865,I2_2,20000,4925
370388388,I2_2,20000,5181
146358253,I2_2,20000,5642
898531041,I2_2,20000,6571
689050238,I2_1,10000,4779
968282439,I2_2,20000,6991
860749094,I2_1,10000,4260
340638245,I2_1,10000,4770
225422464,I2_1,10000,4181
817522504,I2_1,10000,2861
406565341,I2_2,20000,4874
241094161,I2_2,20000,5266
693510976,I2_1,10000,3163
334141050,I2_1,10000,2872
823699861,I2_2,20000,5220
995466330,I2_2,20000,5063
657352763,I2_2,20000,4840
509887670,I2_1,10000,4316
501268578,I2_2,20000,4841
425932517,I2_1,10000,3124
396438841,I2_2,20000,4892
143418628,I2_2,20000,5432
478717780,I2_1,10000,4139
188599895,I2_2,20000,8582
530314684,I2_2,20000,4884
950729132,I2_2,20000,5842
72566173,I2_1,10000,3762
685329295,I2_1,10000,2904
344853459,I2_1,10000,2850
618986729,I2_2,20000,4960
345970348,I2_2,20000,5766
13318140,I2_1,10000,3179
351450091,I2_1,10000,4147
157912341,I2_1,10000,2858
733533133,I2_1,10000,2869
655209245,I2_2,20000,4888
811618276,I2_2,20000,5272
313200509,I2_2,20000,4802
428502751,I2_1,10000,6434
216136690,I2_1,10000,4796
602799472,I2_2,20000,5985
943739174,I2_2,20000,8191
375426802,I2_1,10000,3676
879381978,I2_1,10000,3288
517733363,I2_1,10000,3752
889261968,I2_1,10000,4267
333687068,I2_2,20000,5435
691500797,I2_1,10000,2904
113820738,I2_2,20000,4909
580235766,I2_2,20000,5868
837999541,I2_1,10000,3180
41737671,I2_2,20000,8957
400503520,I2_2,20000,4845
295265241,I2_2,20000,5777
430691883,I2_1,10000,6386
47931316,I2_1,10000,5731
582464181,I2_2,20000,9195
815567196,I2_2,20000,11468
849643754,I2_2,20000,4907
40767767,I2_2,20000,4969
856927217,I2_1,10000,4155
211692570,I2_1,10000,3428
960799831,I2_2,20000,6151
553554731,I2_2,20000,5218
219134050,I2_2,20000,5179
871451194,I2_1,10000,2875
242065727,I2_2,20000,5319
49524499,I2_1,10000,3122
49996486,I2_2,20000,6476
193506859,I2_2,20000,5923
823679028,I2_1,10000,5377
128750679,I2_1,10000,3615
519852642,I2_1,10000,4437
584731802,I2_2,20000,9210
294746438,I2_2,20000,4872
805923948,I2_1,10000,3166
13132025,I2_1,10000,3278
944569799,I2_1,10000,2912
998843665,I2_1,10000,3971
676695696,I2_1,10000,2798
677781458,I2_1,10000,2858
575762800,I2_2,20000,4879
227362882,I2_2,20000,4968
326253443,I2_2,20000,5367
321398997,I2_1,10000,3742
350380823,I2_1,10000,4175
563162184,I2_2,20000,5913
737541639,I2_2,20000,5454
219884586,I2_1,10000,6064
2588325,I2_1,10000,5335
971728902,I2_1,10000,4709
778118969,I2_2,20000,10412
412572762,I2_2,20000,7901
702534685,I2_1,10000,2805
551815604,I2_2,20000,5530
310828271,I2_1,10000,4243
57083511,I2_2,20000,8640
35250342,I2_1,10000,3807
630707053,I2_1,10000,2903
948551096,I2_1,10000,3328
638451880,I2_2,20000,5160
528461862,I2_1,10000,5348
977882896,I2_1,10000,3828
345814635,I2_1,10000,2839
747685189,I2_1,10000,3090
855885369,I2_2,20000,4890
884394329,I2_1,10000,5482
5301465,I2_1,10000,3915
93446139,I2_2,20000,4827
170317832,I2_2,20000,4884
699396621,I2_2,20000,6965
148187450,I2_2,20000,4966
161130440,I2_2,20000,5888
877632110,I2_1,10000,2942
263113001,I2_2,20000,5383
828660528,I2_1,10000,5382
101775114,I2_1,10000,5945
888843232,I2_2,20000,4965
226084197,I2_2,20000,4835
30169485,I2_2,20000,5705
609223507,I2_2,20000,7929
255990245,I2_2,20000,7915
836593689,I2_2,20000,10127
207552206,I2_2,20000,8150
630859516,I2_2,20000,7856
900752786,I2_2,20000,9875
766163869,I2_2,20000,9708
418098514,I2_2,20000,8463
678063690,I2_2,20000,9226
975867384,I2_1,10000,4435
437370038,I2_2,20000,5227
604017923,I2_2,20000,6973
268531215,I2_1,10000,4284
379224225,I2_2,20000,4915
518842477,I2_1,10000,3259
789751602,I2_2,20000,5151
874041688,I2_2,20000,5821
335648140,I2_2,20000,4975
762749670,I2_2,20000,5250
208220964,I2_1,10000,3626
834798162,I2_2,20000,5839
947733570,I2_2,20000,6028
536036222,I2_1,10000,4125
470690017,I2_1,10000,4431
539539697,I2_1,10000,3796
699153937,I2_1,10000,3221
684843500,I2_1,10000,4321
86161261,I2_2,20000,8743
919040735,I2_1,10000,4783
554951866,I2_1,10000,4342
746842371,I2_2,20000,5903
474839280,I2_2,20000,6828
952863726,I2_2,20000,6817
492998168,I2_1,10000,6194
60566509,I2_1,10000,5600
766925637,I2_2,20000,7752
592093889,I2_2,20000,5277
935732439,I2_2,20000,4893
236941663,I2_1,10000,4305
647255691,I2_1,10000,2815
173589816,I2_1,10000,3350
622830628,I2_2,20000,5114
298344048,I2_1,10000,4126
575883915,I2_2,20000,4860
860541577,I2_1,10000,4317
523896162,I2_2,20000,5280
447350431,I2_1,10000,3840
91413412,I2_2,20000,5447
933592976,I2_2,20000,4920
11341352,I2_2,20000,6856
118023001,I2_1,10000,6252
898427307,I2_1,10000,6747
163218911,I2_2,20000,10733
899311710,I2_1,10000,4720
650882990,I2_2,20000,12356
502725854,I2_1,10000,3866
238404771,I2_1,10000,4487
650116517,I2_2,20000,12958
90334838,I2_2,20000,15107
904597581,I2_1,10000,6065
587946390,I2_2,20000,13223
715680248,I2_2,20000,15092
585219393,I2_2,20000,7715
455853459,I2_1,10000,4633
328489598,I2_1,10000,4153
77878397,I2_2,20000,4819
994730714,I2_1,10000,4193
670482406,I2_2,20000,4913
613925222,I2_1,10000,5495
525536380,I2_1,10000,3808
767011666,I2_2,20000,5072
431729833,I2_2,20000,4879
956829857,I2_1,10000,4450
495740171,I2_2,20000,5269
582699905,I2_2,20000,6265
418493479,I2_2,20000,5381
592224878,I2_2,20000,5631
896927222,I2_1,10000,2813
678334500,I2_1,10000,2822
59099941,I2_1,10000,2764
904507623,I2_2,20000,5139
677865668,I2_1,10000,3644
751721795,I2_2,20000,5306
169871460,I2_2,20000,4937
353594578,I2_1,10000,4264
801954703,I2_2,20000,6863
43260016,I2_2,20000,5330
318907851,I2_2,20000,4863
315711314,I2_2,20000,5185
246444703,I2_1,10000,2984
468347821,I2_2,20000,5623
37645667,I2_1,10000,3195
379586233,I2_1,10000,3659
71485617,I2_2,20000,6378
786783861,I2_2,20000,7995
376023736,I2_2,20000,6151
705641456,I2_2,20000,5060
973014093,I2_2,20000,5113
450893734,I2_1,10000,2814
731129636,I2_1,10000,2771
712853476,I2_1,10000,2825
565898966,I2_1,10000,3042
645468845,I2_2,20000,4819
744036040,I2_1,10000,3444
982695478,I2_2,20000,5625
39558554,I2_2,20000,4841
569264599,I2_1,10000,4343
412513699,I2_1,10000,6137
837701012,I2_2,20000,9139
66202562,I2_2,20000,5950
937246718,I2_2,20000,4965
357701921,I2_2,20000,7183
6333647,I2_2,20000,5338
337341409,I2_1,10000,3185
701609250,I2_1,10000,4278
3957416,I2_1,10000,2823
625546443,I2_1,10000,3623
807107440,I2_2,20000,4940
30539056,I2_1,10000,3418
42186274,I2_1,10000,3716
159971276,I2_1,10000,3528
408226079,I2_2,20000,4901
252386995,I2_1,10000,5377
850961758,I2_1,10000,4172
628702214,I2_2,20000,9113
863842606,I2_1,10000,2846
429071759,I2_1,10000,2840
656842611,I2_2,20000,5616
696151011,I2_1,10000,6280
305733074,I2_2,20000,5163
520141133,I2_2,20000,5832
831287249,I2_2,20000,7741
550037480,I2_1,10000,6128
746560027,I2_2,20000,9324
425269170,I2_1,10000,6128
547774745,I2_2,20000,12530
367301355,I2_1,10000,3945
999482484,I2_2,20000,5632
43661614,I2_1,10000,2856
440783747,I2_2,20000,5137
737406084,I2_1,10000,3091
718364133,I2_2,20000,5697
922500258,I2_2,20000,5609
986308419,I2_1,10000,4013
385427543,I2_2,20000,5789
923674569,I2_1,10000,6467
818646036,I2_1,10000,4788
896962310,I2_2,20000,5751
824330712,I2_2,20000,5981
130547779,I2_2,20000,7328
999645571,I2_2,20000,5738
345711927,I2_2,20000,6843
734087245,I2_2,20000,4839
333803836,I2_1,10000,3153
367040094,I2_2,20000,5578
749817851,I2_1,10000,6037
186254807,I2_1,10000,3571
463295497,I2_1,10000,5175
806158103,I2_2,20000,8146
119451003,I2_1,10000,4069
504984812,I2_2,20000,5215
228770148,I2_2,20000,5469
800361343,I2_1,10000,4883
884450838,I2_2,20000,4913
958725454,I2_2,20000,4811
842002037,I2_2,20000,6995
352299167,I2_2,20000,8543
828682094,I2_1,10000,4412
81675652,I2_2,20000,7090
712898862,I2_1,10000,4384
578098119,I2_2,20000,9552
404161394,I2_1,10000,3808
735230381,I2_1,10000,4614
342230578,I2_1,10000,5168
392806296,I2_1,10000,4728
595651406,I2_2,20000,6561
6770790,I2_1,10000,3603
54121525,I2_2,20000,5374
373592961,I2_2,20000,5953
474985466,I2_1,10000,3655
157604753,I2_2,20000,6438
204322445,I2_1,10000,3402
351304992,I2_1,10000,5144
101242446,I2_2,20000,5093
827865625,I2_1,10000,3562
458208286,I2_1,10000,4471
992287335,I2_2,20000,7419
313254342,I2_2,20000,8460
285195909,I2_2,20000,6494
127609417,I2_1,10000,2628
674658222,I2_1,10000,2721
884720005,I2_2,20000,4873
767254265,I2_1,10000,3427
238131328,I2_1,10000,2808
620166793,I2_1,10000,2733
143925005,I2_2,20000,4786
906233289,I2_1,10000,3054
197362187,I2_2,20000,6749
299970075,I2_2,20000,4900
25379537,I2_2,20000,4892
496677649,I2_2,20000,5165
534853739,I2_2,20000,7322
878926498,I2_2,20000,7617
351510096,I2_2,20000,4815
859513455,I2_1,10000,4317
265583608,I2_1,10000,4887
712076144,I2_2,20000,5374
365120998,I2_2,20000,4804
41262856,I2_2,20000,4737
33400538,I2_2,20000,5115
97294858,I2_1,10000,3114
976604865,I2_1,10000,3326
86956279,I2_2,20000,4846
707741355,I2_2,20000,5282
784573493,I2_1,10000,4146
710684613,I2_1,10000,4019
235210531,I2_1,10000,2908
51560192,I2_1,10000,2856
379026304,I2_2,20000,5814
231609770,I2_2,20000,6995
410990674,I2_2,20000,7227
875174288,I2_2,20000,8284
303657133,I2_2,20000,6883
777192505,I2_2,20000,7332
993235219,I2_2,20000,8296
269608778,I2_1,10000,2880
531045306,I2_1,10000,3310
330190121,I2_1,10000,3115
496641013,I2_2,20000,5989
441592843,I2_2,20000,4963
305952949,I2_2,20000,5886
175252283,I2_2,20000,7131
155780924,I2_2,20000,4805
754493286,I2_2,20000,6037
693235465,I2_2,20000,5768
596771152,I2_1,10000,3715
248830684,I2_1,10000,3913
596267930,I2_1,10000,3416
376338490,I2_2,20000,7274
20846879,I2_1,10000,4983
152582383,I2_2,20000,9481
259160067,I2_2,20000,8852
169892552,I2_1,10000,6118
878052782,I2_1,10000,6805
474144048,I2_1,10000,8450
516058422,I2_1,10000,8501
960303861,I2_2,20000,7495
356036016,I2_1,10000,5565
889888601,I2_2,20000,7016
552614146,I2_2,20000,5133
992140235,I2_2,20000,4814
12134710,I2_1,10000,4283
799353777,I2_1,10000,2777
119480123,I2_2,20000,4910
48587827,I2_1,10000,3342
377805912,I2_2,20000,6333
859497804,I2_2,20000,5218
662402193,I2_1,10000,5739
221155221,I2_2,20000,6834
328478370,I2_2,20000,4847
257399098,I2_1,10000,5492
791808364,I2_1,10000,2987
141506182,I2_2,20000,4904
896731863,I2_1,10000,3921
182731638,I2_1,10000,3163
399377317,I2_1,10000,2809
807325432,I2_2,20000,4840
91800701,I2_2,20000,6041
116345893,I2_1,10000,2850
230942091,I2_1,10000,3906
504832202,I2_2,20000,4826
55427482,I2_2,20000,5278
951907898,I2_2,20000,5082
219280894,I2_2,20000,6023
320579078,I2_1,10000,3417
765445036,I2_1,10000,4835
433510285,I2_2,20000,7071
84992912,I2_2,20000,7658
474877189,I2_2,20000,9793
57788575,I2_2,20000,5863
455802922,I2_1,10000,5354
715286742,I2_1,10000,4808
579956033,I2_2,20000,9267
735392475,I2_1,10000,4175
104875567,I2_1,10000,4546
181142676,I2_2,20000,10881
978322344,I2_1,10000,3914
134184532,I2_2,20000,10703
941631993,I2_2,20000,11561
340551632,I2_1,10000,6675
127473435,I2_1,10000,6623
689880468,I2_1,10000,6481
274458098,I2_2,20000,13222
56743612,I2_2,20000,12663
797251142,I2_2,20000,4759
934750605,I2_2,20000,4818
647683311,I2_2,20000,4800
476574502,I2_1,10000,2825
606994783,I2_1,10000,2840
515830131,I2_1,10000,2800
822791433,I2_2,20000,5174
963147863,I2_2,20000,4973
162079817,I2_2,20000,4879
324077963,I2_1,10000,3207
423663769,I2_1,10000,4296
899329492,I2_1,10000,3152
373066889,I2_2,20000,4946
267722504,I2_2,20000,7153
414314252,I2_2,20000,5041
241565406,I2_2,20000,4896
410426158,I2_1,10000,4257
240584853,I2_2,20000,6446
641764550,I2_2,20000,9099
599496657,I2_1,10000,4612
367749800,I2_2,20000,8927
606065435,I2_1,10000,4929
282064137,I2_1,10000,5474
314098335,I2_2,20000,12189
798612345,I2_2,20000,10986
762090052,I2_2,20000,9851
105649315,I2_2,20000,11080
870341936,I2_2,20000,9842
138739698,I2_1,10000,2855
444169392,I2_1,10000,3153
716326527,I2_1,10000,3158
594510664,I2_1,10000,4799
895818324,I2_1,10000,5261
639851133,I2_1,10000,4911
65887646,I2_2,20000,9502
118043443,I2_2,20000,5560
324356464,I2_1,10000,3654
856625304,I2_2,20000,5790
226957051,I2_1,10000,5651
494582267,I2_1,10000,4372
858547157,I2_2,20000,8989
213952367,I2_2,20000,8431
987658386,I2_2,20000,4836
847450701,I2_1,10000,2721
296413956,I2_1,10000,2882
852897324,I2_1,10000,3252
512608651,I2_1,10000,4462
545448344,I2_2,20000,5902
508537962,I2_1,10000,5254
542061824,I2_1,10000,3616
175541641,I2_1,10000,4297
483806770,I2_2,20000,5951
410232305,I2_1,10000,5335
519969417,I2_2,20000,5837
225937784,I2_2,20000,6781
688434002,I2_1,10000,6152
230695410,I2_2,20000,6204
954054049,I2_1,10000,2833
104802129,I2_2,20000,4814
223745359,I2_1,10000,2858
136329482,I2_1,10000,3306
800441526,I2_2,20000,4842
42403841,I2_1,10000,2981
538758241,I2_1,10000,3701
168523881,I2_2,20000,4871
796304012,I2_2,20000,7047
630763894,I2_1,10000,5701
245789625,I2_1,10000,3782
483827814,I2_2,20000,5118
660374219,I2_1,10000,2856
763425630,I2_1,10000,2861
574252248,I2_1,10000,3971
643680465,I2_1,10000,2810
914220994,I2_2,20000,5230
175189960,I2_1,10000,2996
116303915,I2_1,10000,2893
711608438,I2_2,20000,5538
67896992,I2_1,10000,2806
558815175,I2_2,20000,5239
267678018,I2_1,10000,3130
678427084,I2_2,20000,5692
896861245,I2_2,20000,5202
115260447,I2_1,10000,4610
637010990,I2_2,20000,5751
694552651,I2_1,10000,2835
177232244,I2_1,10000,3057
664626909,I2_2,20000,4826
845410113,I2_1,10000,2730
669833446,I2_2,20000,5089
118284318,I2_2,20000,7185
125954044,I2_2,20000,4993
269410921,I2_1,10000,4342
860945448,I2_1,10000,5570
963534174,I2_1,10000,7183
345716950,I2_1,10000,4092
519415914,I2_2,20000,7359
523874553,I2_2,20000,7292
138479656,I2_1,10000,4419
382755852,I2_2,20000,9309
754226362,I2_2,20000,8756
638606951,I2_2,20000,8710
939484519,I2_2,20000,5617
711440553,I2_2,20000,5146
274427925,I2_1,10000,2908
982743680,I2_2,20000,5366
944580825,I2_1,10000,3324
22282825,I2_1,10000,4447
622260794,I2_2,20000,5311
527517837,I2_1,10000,4728
397514873,I2_2,20000,7275
459862759,I2_1,10000,4905
935351270,I2_1,10000,5948
550191782,I2_2,20000,4868
253665258,I2_2,20000,5275
783688720,I2_1,10000,4074
904132231,I2_1,10000,4069
586483471,I2_1,10000,4358
340398866,I2_1,10000,5339
560669741,I2_2,20000,5245
328600817,I2_1,10000,3720
892516306,I2_2,20000,6939
716584646,I2_2,20000,7575
166704605,I2_2,20000,6948
202734799,I2_1,10000,4179
98374971,I2_1,10000,4162
155958461,I2_1,10000,3460
130141572,I2_2,20000,9328
620173752,I2_1,10000,5837
961641705,I2_2,20000,5022
897090025,I2_1,10000,4480
478208013,I2_2,20000,5606
502021122,I2_2,20000,4866
704851460,I2_2,20000,4904
524540988,I2_1,10000,3086
270050546,I2_2,20000,5349
58990198,I2_1,10000,4742
124267337,I2_2,20000,7008
995109172,I2_1,10000,5142
976912257,I2_1,10000,3879
532708155,I2_2,20000,7289
632495179,I2_1,10000,2814
37082550,I2_2,20000,4813
476155535,I2_2,20000,4851
518408884,I2_1,10000,2942
999265352,I2_1,10000,3079
584950067,I2_2,20000,4880
646798468,I2_1,10000,2837
727381479,I2_1,10000,3098
464535505,I2_2,20000,4985
181524315,I2_2,20000,5352
468682553,I2_2,20000,6173
488714464,I2_2,20000,7245
97250338,I2_2,20000,7666
899603972,I2_2,20000,8350
843447322,I2_1,10000,5521
18848883,I2_2,20000,7098
958191906,I2_2,20000,4849
774709685,I2_2,20000,5727
953505583,I2_1,10000,3216
596907444,I2_1,10000,2787
975790410,I2_2,20000,5743
668556371,I2_2,20000,7262
125341355,I2_2,20000,9765
759422981,I2_2,20000,8584
620342033,I2_2,20000,6956
28124558,I2_2,20000,6808
214728167,I2_2,20000,6690
377384701,I2_2,20000,8788
508927052,I2_1,10000,2806
409254675,I2_2,20000,6252
186452593,I2_2,20000,4672
583114925,I2_2,20000,5694
522254691,I2_1,10000,3947
795145311,I2_1,10000,4988
98476704,I2_2,20000,4968
380769959,I2_2,20000,4803
981118706,I2_1,10000,3140
184902651,I2_1,10000,3562
831789942,I2_1,10000,4330
543051876,I2_1,10000,3046
536397597,I2_2,20000,4877
129040981,I2_2,20000,4843
361851649,I2_1,10000,3666
999003224,I2_2,20000,5065
771526792,I2_1,10000,4758
960987519,I2_1,10000,6470
609073348,I2_2,20000,5097
306922688,I2_1,10000,5531
161951258,I2_1,10000,4155
428915905,I2_2,20000,5401
468288425,I2_2,20000,5779
694570769,I2_2,20000,5594
631473675,I2_1,10000,4141
217392336,I2_2,20000,5650
904666757,I2_2,20000,4946
204719661,I2_2,20000,6255
27894764,I2_1,10000,5696
158473709,I2_1,10000,6237
152769612,I2_1,10000,6563
559357178,I2_2,20000,8896
101461448,I2_2,20000,8603
255451053,I2_2,20000,10765
464659792,I2_1,10000,4866
694478943,I2_1,10000,4880
607837846,I2_2,20000,6796
170915137,I2_1,10000,3726
617517562,I2_1,10000,4593
594080486,I2_2,20000,11652
150782959,I2_1,10000,6205
263138247,I2_1,10000,4393
440500895,I2_2,20000,9342
359534009,I2_1,10000,3222
597014106,I2_2,20000,4809
715428055,I2_1,10000,3537
99581589,I2_2,20000,6251
734074430,I2_1,10000,2712
885803470,I2_2,20000,5395
203130031,I2_1,10000,4919
25026641,I2_1,10000,3161
51446688,I2_2,20000,7518
495117875,I2_2,20000,8007
314655503,I2_2,20000,9086
792942455,I2_1,10000,5613
534333035,I2_2,20000,11709
973557727,I2_1,10000,5001
370197006,I2_2,20000,14379
771605062,I2_1,10000,5506
101854296,I2_2,20000,14241
76521192,I2_2,20000,15238
243110623,I2_2,20000,13205
34486148,I2_2,20000,11098
792690798,I2_2,20000,5162
71606472,I2_2,20000,4872
478544831,I2_1,10000,5044
471631261,I2_2,20000,5128
29499310,I2_2,20000,4912
973099348,I2_1,10000,3010
822191096,I2_2,20000,5129
221108572,I2_1,10000,3549
92013364,I2_2,20000,5738
779626635,I2_2,20000,6676
870340523,I2_1,10000,3520
313568939,I2_2,20000,5163
214892135,I2_2,20000,5173
557490346,I2_2,20000,5701
699171292,I2_2,20000,4857
407994668,I2_2,20000,4855
955432850,I2_2,20000,6974
345932127,I2_1,10000,2770
697068558,I2_1,10000,3372
233457462,I2_2,20000,4746
820547927,I2_1,10000,3370
969691856,I2_2,20000,5341
406103455,I2_1,10000,3597
484581591,I2_2,20000,5826
572568492,I2_1,10000,3427
470063411,I2_1,10000,4209
359298179,I2_1,10000,2705
759916073,I2_1,10000,3377
877582753,I2_2,20000,5802
534813140,I2_2,20000,7416
963178806,I2_1,10000,6136
676074816,I2_1,10000,4479
916065791,I2_2,20000,11393
967177723,I2_2,20000,6461
119244142,I2_1,10000,5956
382744212,I2_2,20000,4835
71812603,I2_2,20000,5890
758575320,I2_2,20000,4772
245690066,I2_2,20000,5973
612140262,I2_1,10000,6447
157612460,I2_1,10000,5913
983430634,I2_1,10000,7021
267563730,I2_2,20000,7459
855295519,I2_1,10000,5955
584303858,I2_1,10000,5078
912678793,I2_2,20000,9407
690561273,I2_1,10000,5265
169976076,I2_1,10000,4824
607459007,I2_1,10000,4399
641350420,I2_1,10000,2804
559113450,I2_1,10000,2891
257836622,I2_1,10000,2631
82349975,I2_1,10000,3846
228666723,I2_1,10000,2799
596969649,I2_1,10000,3861
829753174,I2_1,10000,4458
642780871,I2_1,10000,5034
264244448,I2_2,20000,6749
326223360,I2_2,20000,6658
11237704,I2_1,10000,6185
423431925,I2_1,10000,2913
85762403,I2_1,10000,2935
151510235,I2_1,10000,3388
731015982,I2_2,20000,6520
324698874,I2_2,20000,8309
518596332,I2_2,20000,10569
143021383,I2_1,10000,3619
476948881,I2_1,10000,3774
86693944,I2_1,10000,3440
307473526,I2_1,10000,3631
540172883,I2_1,10000,2755
921845814,I2_1,10000,2691
495465900,I2_1,10000,2723
564773346,I2_2,20000,5624
497980941,I2_2,20000,4873
939135011,I2_1,10000,3204
100232648,I2_1,10000,2984
900116187,I2_1,10000,3213
51787233,I2_1,10000,4653
578154361,I2_1,10000,4841
146259271,I2_1,10000,3979
655525202,I2_2,20000,4740
677693713,I2_1,10000,2766
503398610,I2_1,10000,3093
714067045,I2_2,20000,4785
485452021,I2_2,20000,5283
917287701,I2_1,10000,3091
914561880,I2_1,10000,3106
496637610,I2_1,10000,3941
272608774,I2_2,20000,6521
167220162,I2_1,10000,2847
776768530,I2_2,20000,4842
719149809,I2_1,10000,2840
633805200,I2_1,10000,2844
413967181,I2_2,20000,4860
31715025,I2_2,20000,4956
13029119,I2_2,20000,5033
793913543,I2_2,20000,5506
21775793,I2_1,10000,3625
217854763,I2_2,20000,6491
444754645,I2_2,20000,5607
612059360,I2_1,10000,4513
694140134,I2_1,10000,4079
701006310,I2_1,10000,2863
682962659,I2_1,10000,2767
208384886,I2_1,10000,2825
794739261,I2_2,20000,4807
288782010,I2_2,20000,4771
194421054,I2_1,10000,2827
979129588,I2_1,10000,2663
912230071,I2_1,10000,3597
220364728,I2_1,10000,3075
50239826,I2_2,20000,5404
744348218,I2_2,20000,5691
147169142,I2_1,10000,2732
280258428,I2_2,20000,6513
305505299,I2_1,10000,2788
499641148,I2_1,10000,2868
581477823,I2_1,10000,4226
587852150,I2_1,10000,4292
538263687,I2_1,10000,4113
591355946,I2_2,20000,7447
663536793,I2_1,10000,5599
113837630,I2_1,10000,4955
261808196,I2_2,20000,9667
52670601,I2_2,20000,9461
654296461,I2_2,20000,5685
320232336,I2_1,10000,4257
57332551,I2_1,10000,4358
542407616,I2_2,20000,6525
19602805,I2_2,20000,7278
445187823,I2_2,20000,7182
526001255,I2_1,10000,3597
397326262,I2_2,20000,5453
661950457,I2_2,20000,6385
271511778,I2_1,10000,4008
62393528,I2_2,20000,4734
366226624,I2_1,10000,2776
264623218,I2_2,20000,4867
432302939,I2_1,10000,3148
194776505,I2_2,20000,6838
541846941,I2_2,20000,5043
745615453,I2_1,10000,3158
306852124,I2_2,20000,5060
966826741,I2_1,10000,4419
849433972,I2_1,10000,4885
138379265,I2_1,10000,3943
220009541,I2_2,20000,9980
113785527,I2_1,10000,4994
324614596,I2_2,20000,13241
322259465,I2_2,20000,14157
763467741,I2_1,10000,6044
74594802,I2_2,20000,15861
730124004,I2_2,20000,17952
105654863,I2_2,20000,17711
348300021,I2_2,20000,19434
402425137,I2_1,10000,7478
943247953,I2_1,10000,5783
256816269,I2_2,20000,6567
104987054,I2_1,10000,5947
169498794,I2_1,10000,4166
314929724,I2_2,20000,5941
642093014,I2_2,20000,7947
423357319,I2_1,10000,2823
129961900,I2_1,10000,3970
258934732,I2_1,10000,3815
959560229,I2_1,10000,2835
397084803,I2_1,10000,3964
914763968,I2_2,20000,6178
667367637,I2_2,20000,8306
306270635,I2_1,10000,3603
521014759,I2_1,10000,3006
213921446,I2_1,10000,3354
947606003,I2_2,20000,4872
560675782,I2_1,10000,4324
812727562,I2_1,10000,4170
600227824,I2_1,10000,2997
160411462,I2_2,20000,5635
276160327,I2_1,10000,3964
529997272,I2_2,20000,4978
415207514,I2_1,10000,2835
721443441,I2_1,10000,2800
864075821,I2_2,20000,4800
956154654,I2_1,10000,4207
197772659,I2_2,20000,6745
958909759,I2_2,20000,5738
961803639,I2_2,20000,5264
360337185,I2_1,10000,4579
269208638,I2_2,20000,6923
397699139,I2_2,20000,4875
373220176,I2_2,20000,4836
96967084,I2_1,10000,4726
944634684,I2_2,20000,8662
831288948,I2_2,20000,5380
983584899,I2_1,10000,5805
296735748,I2_1,10000,5416
819311054,I2_2,20000,5840
410141023,I2_1,10000,4086
547455516,I2_1,10000,5128
962587513,I2_2,20000,6592
780096780,I2_1,10000,3177
309156740,I2_1,10000,3759
873868993,I2_2,20000,4941
549781963,I2_1,10000,2920
625180697,I2_2,20000,5188
272821166,I2_1,10000,3280
889917201,I2_1,10000,2835
255966693,I2_2,20000,4857
962284357,I2_1,10000,5454
729871881,I2_1,10000,5328
682880906,I2_2,20000,4996
587815754,I2_1,10000,3394
695629784,I2_1,10000,4639
310458041,I2_1,10000,3534
70398391,I2_2,20000,6524
879538972,I2_1,10000,5245
545252663,I2_1,10000,3529
481873038,I2_2,20000,5679
824203388,I2_1,10000,5119
986054854,I2_1,10000,5661
723574221,I2_2,20000,7449
161549425,I2_2,20000,7612
364731709,I2_1,10000,4334
112301511,I2_1,10000,2866
987218992,I2_1,10000,3401
623968763,I2_2,20000,5165
140154017,I2_1,10000,3639
830662417,I2_2,20000,5179
213665520,I2_1,10000,4549
571016744,I2_1,10000,2770
42180888,I2_1,10000,2791
945498878,I2_1,10000,2888
557416800,I2_1,10000,3298
471477225,I2_2,20000,5881
856376733,I2_1,10000,3111
582375902,I2_1,10000,3112
986835158,I2_1,10000,3292
279426484,I2_1,10000,2959
199831870,I2_2,20000,4926
899212887,I2_2,20000,4886
638618379,I2_1,10000,3070
116453687,I2_2,20000,4826
288597661,I2_2,20000,4849
361794096,I2_2,20000,7012
300260405,I2_2,20000,5197
592752547,I2_2,20000,4840
623310463,I2_1,10000,3252
959981532,I2_2,20000,4859
34850302,I2_2,20000,5131
324719886,I2_2,20000,5225
344671804,I2_2,20000,5821
686482473,I2_1,10000,3307
39067944,I2_2,20000,4887
952099848,I2_1,10000,3524
516725780,I2_1,10000,4690
76327071,I2_1,10000,2945
268987652,I2_2,20000,5746
84059140,I2_2,20000,4807
463473818,I2_1,10000,2836
768013268,I2_1,10000,2872
672140720,I2_2,20000,5231
960970571,I2_2,20000,5802
622791949,I2_1,10000,4231
959501640,I2_2,20000,6255
801206268,I2_1,10000,2852
771789760,I2_2,20000,5707
661048984,I2_2,20000,4932
380221806,I2_2,20000,6628
79700798,I2_1,10000,3535
721846343,I2_2,20000,5459
638727142,I2_1,10000,3543
742345436,I2_1,10000,2889
522781013,I2_2,20000,4875
702961943,I2_2,20000,7011
309388041,I2_1,10000,2795
255368542,I2_1,10000,2889
973590072,I2_2,20000,5337
833325684,I2_2,20000,4934
880634719,I2_1,10000,3032
721156908,I2_1,10000,4284
280169976,I2_1,10000,2883
457115588,I2_2,20000,4767
240444526,I2_1,10000,2981
85033057,I2_1,10000,4741
124927602,I2_2,20000,5489
856443579,I2_1,10000,4898
526764590,I2_2,20000,5199
874655793,I2_2,20000,7630
638373006,I2_2,20000,7442
683265220,I2_2,20000,5299
686836368,I2_1,10000,5766
931368865,I2_2,20000,8048
593948125,I2_1,10000,3508
257397796,I2_2,20000,5294
623692677,I2_2,20000,4794
792125392,I2_1,10000,2806
896945469,I2_2,20000,5989
179732321,I2_2,20000,4678
116969552,I2_1,10000,3165
149626469,I2_2,20000,6430
399696725,I2_1,10000,5216
966211707,I2_1,10000,2902
629277318,I2_2,20000,5269
892100785,I2_2,20000,4804
299126333,I2_2,20000,5729
306761089,I2_2,20000,6619
995965233,I2_2,20000,7636
641820317,I2_2,20000,9005
273885179,I2_2,20000,6777
781738890,I2_2,20000,5816
128498144,I2_2,20000,5062
801338061,I2_1,10000,5650
57180322,I2_1,10000,4121
502260292,I2_2,20000,5152
145152066,I2_1,10000,3125
351124055,I2_1,10000,3608
629309662,I2_2,20000,4804
306928576,I2_1,10000,3104
837579675,I2_1,10000,3959
749733994,I2_2,20000,6896
705912920,I2_1,10000,3636
611780337,I2_1,10000,3125
627943849,I2_1,10000,2794
559790189,I2_2,20000,5091
771255833,I2_1,10000,3138
21460841,I2_1,10000,3854
817789333,I2_2,20000,4695
823252709,I2_1,10000,3417
129275147,I2_1,10000,4105
1016835,I2_2,20000,4953
932709409,I2_2,20000,4941
983299800,I2_1,10000,5353
883238547,I2_2,20000,7518
32164115,I2_2,20000,7522
236590314,I2_2,20000,6382
686628301,I2_2,20000,6953
891860297,I2_2,20000,5234
419417667,I2_1,10000,4601
86191568,I2_1,10000,3785
166822572,I2_1,10000,3074
444140459,I2_1,10000,4273
721815690,I2_1,10000,4224
542940732,I2_1,10000,4821
795685244,I2_1,10000,3507
346682131,I2_1,10000,4232
263794735,I2_2,20000,5057
243988672,I2_1,10000,5619
438943972,I2_1,10000,3180
469435563,I2_2,20000,5255
600719886,I2_1,10000,5712
734453124,I2_2,20000,9088
179346020,I2_2,20000,10003
933784198,I2_1,10000,4011
195673413,I2_2,20000,12601
731288541,I2_2,20000,12095
427201296,I2_1,10000,5064
96708952,I2_1,10000,4943
726204491,I2_2,20000,11641
980944751,I2_1,10000,6161
209906396,I2_2,20000,12201
133883100,I2_2,20000,8882
739618110,I2_2,20000,6656
19380100,I2_2,20000,5025
725475860,I2_1,10000,3905
646254149,I2_2,20000,5120
706757537,I2_1,10000,2697
125226163,I2_1,10000,2883
397407642,I2_1,10000,2765
619371329,I2_1,10000,2759
901222460,I2_1,10000,2745
429502063,I2_2,20000,5440
184164803,I2_1,10000,3733
853749139,I2_1,10000,2751
428109732,I2_2,20000,4879
329244750,I2_2,20000,6920
733988192,I2_1,10000,3211
582374439,I2_2,20000,8593
599919910,I2_2,20000,7008
316245817,I2_2,20000,7097
610402230,I2_2,20000,7753
168320367,I2_1,10000,5178
169272207,I2_2,20000,5898
506595650,I2_2,20000,7398
653159438,I2_2,20000,9707
630935657,I2_2,20000,4937
863286347,I2_1,10000,3173
595053202,I2_1,10000,4017
882277494,I2_2,20000,7658
973930213,I2_2,20000,4880
884761125,I2_2,20000,5959
132446341,I2_1,10000,4124
385270281,I2_2,20000,4962
285808614,I2_2,20000,4828
244404512,I2_1,10000,4160
376821813,I2_1,10000,4799
304229352,I2_2,20000,9082
555917663,I2_1,10000,4383
543679678,I2_2,20000,8804
828710791,I2_2,20000,5343
730918768,I2_2,20000,6222
766984305,I2_1,10000,5620
945544958,I2_2,20000,7687
569787219,I2_1,10000,2805
145057001,I2_2,20000,5817
514541312,I2_2,20000,5873
395691794,I2_2,20000,5854
703003801,I2_2,20000,5866
78141305,I2_1,10000,3972
549669411,I2_1,10000,4583
592837112,I2_2,20000,8982
791078806,I2_2,20000,7502
599335680,I2_2,20000,7633
467139038,I2_1,10000,4417
968419560,I2_2,20000,4814
146816981,I2_2,20000,4913
215868073,I2_2,20000,5913
334207105,I2_2,20000,5623
337203613,I2_2,20000,6773
251183388,I2_2,20000,5813
303829133,I2_1,10000,2775
982343279,I2_2,20000,4784
561961334,I2_1,10000,3152
717776960,I2_1,10000,4304
945800545,I2_2,20000,6536
759247854,I2_1,10000,4987
506971608,I2_1,10000,6774
27427892,I2_2,20000,4888
204413627,I2_2,20000,5442
55735055,I2_2,20000,5349
290739925,I2_2,20000,5832
630093890,I2_1,10000,5221
972424607,I2_2,20000,7765
595898613,I2_1,10000,4383
846275617,I2_2,20000,5290
89531097,I2_1,10000,3708
545894020,I2_1,10000,4303
567070041,I2_1,10000,5346
166504336,I2_2,20000,5651
400616440,I2_2,20000,5014
493779313,I2_1,10000,4342
452474529,I2_1,10000,3524
297567994,I2_2,20000,5858
233507864,I2_2,20000,5144
51045506,I2_1,10000,2902
855300673,I2_1,10000,4520
44560827,I2_1,10000,3983
501546640,I2_2,20000,5315
236881098,I2_1,10000,4275
304418396,I2_1,10000,2837
986636975,I2_2,20000,5269
302613650,I2_1,10000,4198
645524895,I2_2,20000,7336
154123030,I2_2,20000,5600
748778463,I2_2,20000,6868
495481311,I2_2,20000,5287
324040071,I2_2,20000,5912
178082596,I2_1,10000,5198
593747881,I2_2,20000,9013
933986863,I2_1,10000,3818
541356743,I2_1,10000,2845
110943230,I2_2,20000,5197
511287405,I2_2,20000,7335
20822048,I2_1,10000,3118
342936967,I2_1,10000,2882
507917402,I2_1,10000,3280
647013757,I2_1,10000,2814
384761419,I2_1,10000,2824
842044585,I2_2,20000,5852
569343558,I2_1,10000,5207
734891355,I2_2,20000,5278
64973950,I2_2,20000,6898
694343713,I2_2,20000,8548
328973548,I2_1,10000,6143
237539422,I2_2,20000,6766
318183464,I2_1,10000,5692
894799653,I2_1,10000,4075
83929948,I2_1,10000,3455
793875370,I2_2,20000,6827
987315096,I2_2,20000,8962
439085448,I2_2,20000,5589
465675430,I2_2,20000,5718
656027230,I2_2,20000,5663
254272961,I2_1,10000,5255
340504686,I2_2,20000,4794
285782770,I2_2,20000,6126
268718748,I2_2,20000,5175
390850816,I2_2,20000,4847
330674055,I2_1,10000,5263
571764618,I2_2,20000,5951
548039683,I2_2,20000,6718
161677425,I2_2,20000,7301
101303609,I2_1,10000,4322
846018513,I2_2,20000,6431
789444748,I2_2,20000,8684
229004399,I2_2,20000,8973
377472856,I2_1,10000,4532
483103953,I2_1,10000,4988
377149985,I2_1,10000,6284
310820995,I2_2,20000,8335
81705083,I2_1,10000,4790
41414215,I2_1,10000,4115
565086430,I2_1,10000,2849
406092936,I2_1,10000,2865
947102732,I2_1,10000,3248
627473722,I2_2,20000,5499
690317178,I2_2,20000,5346
858853960,I2_2,20000,7375
98993216,I2_1,10000,5675
723970809,I2_2,20000,8046
286999245,I2_2,20000,7325
658475186,I2_1,10000,2950
257850040,I2_1,10000,2799
971968698,I2_2,20000,5440
654823765,I2_1,10000,6002
428342656,I2_1,10000,6529
933818832,I2_1,10000,4114
824198308,I2_2,20000,8903
250718521,I2_2,20000,5537
609289791,I2_1,10000,4979
297851596,I2_1,10000,5526
852612972,I2_1,10000,4697
528408049,I2_2,20000,8034
861620672,I2_2,20000,8792
541543210,I2_2,20000,9794
943102623,I2_2,20000,6321
147790065,I2_2,20000,6152
234660250,I2_2,20000,8369
964059795,I2_1,10000,4669
89306061,I2_2,20000,5661
386914549,I2_1,10000,3376
827010095,I2_1,10000,4484
370820577,I2_1,10000,4708
857001837,I2_2,20000,4852
465771147,I2_2,20000,5817
137159428,I2_2,20000,5342
58825737,I2_2,20000,6761
404138474,I2_2,20000,6146
182731902,I2_1,10000,3501
170411819,I2_2,20000,5696
947107642,I2_1,10000,3015
670166263,I2_2,20000,5459
605538550,I2_1,10000,2787
436721831,I2_1,10000,2820
358938637,I2_2,20000,5234
403414753,I2_2,20000,4857
156754412,I2_1,10000,5418
401336843,I2_1,10000,2884
54111302,I2_1,10000,4562
361706156,I2_2,20000,5258
612350343,I2_2,20000,4835
577577973,I2_1,10000,2907
574455767,I2_1,10000,4024
479970315,I2_1,10000,5062
633589697,I2_1,10000,2798
246341858,I2_2,20000,5437
297662320,I2_2,20000,5821
151081944,I2_2,20000,6159
770237554,I2_2,20000,6185
266378258,I2_1,10000,4570
571845184,I2_2,20000,6733
504755710,I2_2,20000,6064
865851890,I2_1,10000,2768
58798524,I2_2,20000,4765
172660200,I2_1,10000,4214
992455914,I2_1,10000,3103
202070424,I2_1,10000,4115
569512064,I2_2,20000,6713
783309614,I2_2,20000,5427
895334793,I2_2,20000,6344
561673335,I2_1,10000,4735
14267586,I2_2,20000,5789
862798851,I2_2,20000,8809
439723882,I2_2,20000,9927
568169178,I2_1,10000,5556
320339443,I2_1,10000,7199
579844384,I2_1,10000,6631
644649993,I2_2,20000,10944
241663580,I2_2,20000,12591
259436200,I2_2,20000,13613
923137519,I2_1,10000,5472
537590363,I2_2,20000,13499
286939689,I2_2,20000,14937
877306628,I2_2,20000,8632
622993360,I2_2,20000,5158
426250843,I2_1,10000,3277
437485545,I2_2,20000,7769
603974615,I2_1,10000,4898
249383289,I2_1,10000,4261
196487357,I2_1,10000,5889
387296260,I2_2,20000,6926
461510708,I2_1,10000,4202
519522887,I2_1,10000,3565
361283396,I2_2,20000,4848
369436687,I2_2,20000,5396
961634185,I2_1,10000,4816
595353017,I2_1,10000,4371
265930272,I2_1,10000,4264
542899313,I2_1,10000,2807
164254299,I2_2,20000,4831
842795826,I2_1,10000,3656
422455997,I2_2,20000,5167
671531015,I2_2,20000,5738
218791958,I2_2,20000,7931
907365747,I2_2,20000,5248
178503199,I2_1,10000,4048
936958544,I2_1,10000,4973
416185443,I2_2,20000,6401
357648902,I2_2,20000,4897
786718818,I2_1,10000,4241
51391752,I2_1,10000,4737
474396416,I2_2,20000,6752
346243081,I2_1,10000,3180
928772796,I2_1,10000,3803
885666454,I2_2,20000,8101
62066724,I2_2,20000,10355
233483824,I2_2,20000,8338
588634763,I2_2,20000,9225
832418505,I2_2,20000,6104
988645282,I2_1,10000,3211
628712228,I2_1,10000,4889
62665263,I2_2,20000,6268
176607416,I2_2,20000,7402
388406948,I2_1,10000,2773
733362739,I2_1,10000,3791
842594998,I2_2,20000,5820
957712500,I2_1,10000,5289
122277596,I2_2,20000,5786
433104931,I2_2,20000,6900
379150277,I2_1,10000,5669
171379339,I2_1,10000,4720
603991479,I2_1,10000,5153
28066208,I2_1,10000,4588
484881461,I2_1,10000,3576
329245383,I2_2,20000,10240
247488327,I2_1,10000,6169
271394027,I2_2,20000,13563
429171229,I2_2,20000,11640
35466202,I2_1,10000,2919
802680050,I2_1,10000,3399
837349539,I2_2,20000,5104
919278721,I2_2,20000,5220
498072403,I2_1,10000,2730
80999064,I2_1,10000,2876
896374751,I2_1,10000,2787
576421414,I2_2,20000,5224
201500866,I2_1,10000,3187
663714989,I2_1,10000,3384
936650338,I2_1,10000,2938
544908236,I2_2,20000,5388
923930238,I2_2,20000,4963
816349163,I2_1,10000,2914
330216000,I2_1,10000,2825
421963941,I2_1,10000,3303
297542761,I2_2,20000,5016
286357268,I2_1,10000,2974
140303071,I2_1,10000,4116
317625672,I2_1,10000,2829
963931571,I2_2,20000,5323
155008372,I2_1,10000,3128
478138054,I2_2,20000,5742
859475451,I2_2,20000,5313
170861047,I2_1,10000,4215
34038677,I2_1,10000,3211
390767444,I2_1,10000,3127
225638006,I2_2,20000,5003
327315985,I2_1,10000,3134
716857835,I2_1,10000,3515
621831961,I2_2,20000,6994
467405001,I2_2,20000,6197
110087753,I2_2,20000,6870
486289670,I2_1,10000,6162
976907017,I2_1,10000,6749
911311721,I2_2,20000,9539
524488523,I2_1,10000,4584
463054781,I2_2,20000,10928
501306120,I2_2,20000,6805
318835983,I2_2,20000,8972
377658881,I2_2,20000,5871
882308777,I2_1,10000,5288
71404380,I2_1,10000,5148
966250605,I2_2,20000,4994
770845351,I2_2,20000,5856
496749358,I2_1,10000,2903
415382555,I2_1,10000,2802
97763080,I2_1,10000,2964
711727560,I2_2,20000,4841
573639612,I2_2,20000,5720
837963643,I2_2,20000,4827
229976226,I2_2,20000,5859
375047256,I2_2,20000,6141
984526951,I2_2,20000,7212
326649412,I2_2,20000,5979
515966100,I2_1,10000,3046
291165604,I2_1,10000,2738
396965742,I2_2,20000,5387
444301730,I2_1,10000,5669
719487357,I2_1,10000,3692
834897185,I2_1,10000,3562
504727409,I2_2,20000,6666
189190075,I2_2,20000,6872
199180055,I2_2,20000,7402
39582106,I2_2,20000,4808
66230308,I2_1,10000,2770
21662364,I2_2,20000,5386
982514948,I2_2,20000,6364
660191568,I2_1,10000,4662
334487398,I2_2,20000,7032
516189589,I2_2,20000,4983
955838291,I2_2,20000,5177
222654962,I2_1,10000,2914
998290125,I2_1,10000,2814
854818295,I2_2,20000,5271
782294166,I2_1,10000,3697
398645734,I2_2,20000,6602
921879282,I2_1,10000,3385
300732344,I2_1,10000,2867
36804822,I2_1,10000,3291
578555816,I2_2,20000,6020
274264750,I2_2,20000,5242
703781169,I2_1,10000,5255
892160734,I2_1,10000,3179
190678660,I2_2,20000,5186
369360852,I2_2,20000,5799
89948622,I2_2,20000,7167
744436464,I2_1,10000,4322
477292758,I2_1,10000,4374
563832417,I2_1,10000,4200
174831820,I2_2,20000,8868
77177733,I2_1,10000,5817
246739879,I2_1,10000,6427
780929403,I2_2,20000,10033
743275494,I2_2,20000,10969
394229091,I2_2,20000,6894
189038096,I2_1,10000,5106
480207272,I2_2,20000,8433
333815592,I2_1,10000,5597
606397086,I2_2,20000,7725
957561047,I2_2,20000,9036
123532371,I2_2,20000,11317
442177950,I2_2,20000,4861
835391292,I2_2,20000,5151
630763299,I2_2,20000,7291
224083170,I2_2,20000,9100
534073357,I2_2,20000,4877
479431343,I2_1,10000,5419
202572470,I2_2,20000,5101
799094825,I2_1,10000,5730
174537778,I2_1,10000,3805
714946405,I2_1,10000,3138
800549430,I2_2,20000,6028
271659433,I2_2,20000,4945
114455516,I2_1,10000,5522
267731827,I2_1,10000,4412
790599815,I2_2,20000,5357
197475160,I2_2,20000,4663
877163164,I2_1,10000,2689
109298583,I2_2,20000,4879
606151863,I2_1,10000,4246
658087691,I2_2,20000,5765
436327579,I2_2,20000,5990
879100024,I2_2,20000,8039
576702888,I2_2,20000,9236
503056296,I2_2,20000,8827
440623406,I2_2,20000,9667
416731180,I2_1,10000,2688
195444497,I2_2,20000,4859
510818347,I2_1,10000,4268
461314237,I2_2,20000,5704
421290801,I2_2,20000,5061
340577055,I2_1,10000,3101
584463316,I2_1,10000,4253
738167851,I2_1,10000,3710
143401629,I2_1,10000,4897
757870296,I2_1,10000,5596
826580168,I2_2,20000,4898
526698095,I2_2,20000,5290
70017783,I2_1,10000,4500
226664106,I2_2,20000,7223
888541870,I2_1,10000,3840
151394316,I2_2,20000,9943
240244823,I2_2,20000,5813
341372922,I2_1,10000,2857
772309383,I2_1,10000,4393
742576022,I2_1,10000,4334
136283089,I2_1,10000,3280
459299931,I2_1,10000,3564
861441406,I2_1,10000,2860
355958968,I2_1,10000,2827
89278996,I2_1,10000,3121
791866200,I2_2,20000,4816
469197804,I2_1,10000,3275
641369567,I2_2,20000,4883
667901319,I2_1,10000,3116
738810374,I2_1,10000,4451
725347736,I2_1,10000,4458
529670679,I2_1,10000,3340
741890760,I2_1,10000,5117
5657990,I2_2,20000,5629
771645966,I2_2,20000,7439
451797432,I2_2,20000,7478
571594735,I2_2,20000,5788
130614965,I2_2,20000,7059
90034768,I2_2,20000,7005
740195491,I2_1,10000,2801
574141351,I2_2,20000,5194
447021984,I2_1,10000,5242
384691954,I2_1,10000,6361
492129364,I2_1,10000,6338
745908323,I2_1,10000,5561
357496700,I2_1,10000,2897
228980211,I2_2,20000,4811
85185627,I2_1,10000,3133
863909824,I2_1,10000,3749
827062051,I2_2,20000,5881
173415519,I2_2,20000,7971
815145879,I2_2,20000,9047
69572567,I2_2,20000,11270
149275164,I2_2,20000,11662
363158065,I2_1,10000,5416
335185278,I2_1,10000,6488
863365007,I2_1,10000,2917
551737762,I2_2,20000,4802
324239434,I2_1,10000,3141
556317116,I2_2,20000,6362
237115001,I2_2,20000,7632
68293804,I2_1,10000,5026
883906684,I2_1,10000,6009
611380507,I2_2,20000,9864
690382803,I2_2,20000,4919
148130996,I2_1,10000,4377
386909710,I2_2,20000,4758
694730018,I2_1,10000,3257
864675039,I2_1,10000,4939
522272996,I2_2,20000,7107
373062520,I2_2,20000,7318
993026126,I2_2,20000,7175
618350249,I2_1,10000,6075
956126648,I2_1,10000,3471
448346782,I2_2,20000,8261
637759085,I2_1,10000,4965
492783189,I2_1,10000,4343
272875743,I2_1,10000,2837
92801571,I2_1,10000,2907
333424605,I2_1,10000,2688
397096366,I2_1,10000,2809
578913979,I2_2,20000,5417
526708607,I2_2,20000,4774
325773973,I2_1,10000,5417
712087221,I2_2,20000,4950
720842593,I2_1,10000,4165
218944640,I2_1,10000,3145
426186420,I2_1,10000,2722
892223922,I2_2,20000,5780
369709187,I2_2,20000,7421
912022505,I2_1,10000,5407
49111097,I2_2,20000,9117
21279898,I2_2,20000,10242
914669335,I2_1,10000,5521
223276222,I2_1,10000,7276
156718997,I2_2,20000,12107
567828054,I2_2,20000,9024
893030887,I2_1,10000,4603
598644918,I2_1,10000,3714
600369929,I2_2,20000,5852
663601931,I2_2,20000,6829
915074848,I2_2,20000,7291
125253188,I2_2,20000,7021
36561697,I2_1,10000,3244
722914521,I2_2,20000,4858
211531077,I2_1,10000,4230
210261396,I2_2,20000,5270
803115066,I2_2,20000,5331
267665165,I2_1,10000,5794
21613815,I2_2,20000,7831
636196767,I2_2,20000,7948
687594431,I2_2,20000,7484
928067414,I2_2,20000,5735
861325797,I2_1,10000,3041
528746242,I2_2,20000,7935
272581379,I2_1,10000,2890
52848400,I2_2,20000,5561
233664666,I2_1,10000,2840
785772302,I2_1,10000,2835
18084221,I2_2,20000,5279
399478641,I2_1,10000,4631
485048883,I2_1,10000,3134
251462984,I2_1,10000,2884
773379221,I2_2,20000,5473
699737272,I2_1,10000,3232
922400690,I2_1,10000,3730
131340211,I2_1,10000,4268
328714603,I2_2,20000,5460
35995936,I2_2,20000,4904
915805243,I2_2,20000,4816
969893808,I2_2,20000,4951
771634921,I2_1,10000,4230
418723353,I2_2,20000,7977
403473657,I2_1,10000,3732
598976389,I2_2,20000,5805
845579886,I2_1,10000,4287
585738064,I2_2,20000,5761
647186273,I2_1,10000,5131
784239905,I2_2,20000,6319
567178442,I2_2,20000,8344
369962542,I2_1,10000,4543
246844046,I2_2,20000,6742
99929739,I2_2,20000,8975
661101558,I2_2,20000,9941
686751526,I2_2,20000,12635
264527962,I2_2,20000,10389
631944419,I2_1,10000,4582
398294286,I2_2,20000,13283
190534856,I2_1,10000,4886
806985903,I2_1,10000,4531
335457235,I2_2,20000,17493
219940924,I2_2,20000,20204
442711600,I2_2,20000,19316
646860101,I2_1,10000,7641
878979363,I2_2,20000,18513
847371038,I2_2,20000,19463
695056931,I2_2,20000,22144
13952561,I2_2,20000,19945
536280165,I2_2,20000,21418
668185412,I2_1,10000,12353
613531063,I2_2,20000,21334
247772616,I2_2,20000,19210
337527371,I2_2,20000,21505
439092966,I2_2,20000,20208
191740408,I2_2,20000,19040
598462948,I2_2,20000,16326
363856610,I2_2,20000,15636
824691144,I2_2,20000,9899
413963754,I2_2,20000,5617
343170190,I2_2,20000,6922
80846699,I2_2,20000,7766
840536178,I2_2,20000,5261
754964542,I2_1,10000,4586
642890953,I2_2,20000,8349
481820231,I2_2,20000,9448
306896705,I2_1,10000,4316
830266213,I2_2,20000,10849
692701909,I2_2,20000,10872
79964843,I2_2,20000,8205
991535449,I2_2,20000,10143
367321903,I2_1,10000,4534
949961872,I2_1,10000,3998
816559124,I2_2,20000,4717
350452045,I2_2,20000,5824
839842897,I2_1,10000,2797
924028868,I2_1,10000,4479
399253522,I2_1,10000,3850
893357807,I2_2,20000,6145
603010252,I2_2,20000,7347
110768188,I2_2,20000,6249
679091022,I2_1,10000,4597
712317076,I2_2,20000,5320
2243096,I2_1,10000,2763
793869167,I2_1,10000,2757
299266685,I2_2,20000,5201
388903993,I2_1,10000,2771
491885678,I2_1,10000,2786
384739389,I2_1,10000,2720
664176879,I2_1,10000,3938
331962253,I2_1,10000,3010
439045085,I2_1,10000,2736
794965583,I2_1,10000,3799
703194456,I2_1,10000,2737
645652726,I2_1,10000,2711
266059541,I2_1,10000,3009
9830950,I2_1,10000,2803
985513526,I2_2,20000,5254
846633527,I2_2,20000,5021
163431772,I2_1,10000,4437
750919011,I2_1,10000,4121
632864606,I2_2,20000,5794
485389983,I2_1,10000,2807
811543308,I2_1,10000,2860
686501128,I2_2,20000,5307
238093292,I2_1,10000,4201
847629957,I2_1,10000,3320
335536443,I2_2,20000,8166
738586617,I2_2,20000,5483
801607787,I2_1,10000,3679
628857055,I2_2,20000,6088
374333117,I2_1,10000,4224
14417133,I2_1,10000,5405
45771873,I2_1,10000,3052
14042076,I2_1,10000,2686
14561453,I2_2,20000,5093
69043390,I2_1,10000,3026
250485699,I2_2,20000,4820
462137818,I2_2,20000,5903
121779735,I2_1,10000,3190
269900596,I2_2,20000,5422
927179110,I2_1,10000,6059
957219155,I2_2,20000,4886
726420612,I2_1,10000,3306
281927174,I2_1,10000,2939
168999440,I2_1,10000,4123
293205528,I2_1,10000,2840
798643615,I2_1,10000,3368
814474948,I2_1,10000,3657
917086042,I2_2,20000,5157
389961949,I2_2,20000,4839
393227479,I2_1,10000,3140
547119850,I2_1,10000,4891
845307534,I2_2,20000,5264
730790135,I2_1,10000,3598
818371919,I2_2,20000,5990
312922593,I2_1,10000,4540
94062264,I2_2,20000,6684
623819355,I2_1,10000,4897
912630601,I2_1,10000,5352
7715805,I2_1,10000,7121
829528968,I2_1,10000,6555
564820289,I2_2,20000,8090
240607295,I2_1,10000,5689
65190163,I2_2,20000,10181
507038577,I2_2,20000,6210
415160826,I2_1,10000,4450
412424371,I2_2,20000,8870
495139267,I2_1,10000,4302
487088608,I2_2,20000,8709
421460860,I2_2,20000,5883
752601693,I2_1,10000,6386
532073973,I2_1,10000,5671
437863145,I2_1,10000,4255
362290160,I2_1,10000,6028
726700204,I2_2,20000,11106
354293661,I2_1,10000,3102
574759178,I2_2,20000,7961
452023401,I2_2,20000,6466
175395842,I2_2,20000,6723
701206308,I2_1,10000,6147
689783941,I2_1,10000,4262
395115949,I2_2,20000,7622
70035592,I2_2,20000,6063
340159718,I2_1,10000,2631
971760403,I2_2,20000,4691
163745868,I2_1,10000,5202
907895239,I2_1,10000,4227
938213035,I2_2,20000,4652
533226347,I2_1,10000,3991
232064966,I2_2,20000,5802
486788849,I2_2,20000,5733
96600027,I2_2,20000,7921
773350371,I2_2,20000,7821
531343207,I2_2,20000,9866
584064371,I2_2,20000,10587
166609705,I2_2,20000,10221
272672905,I2_1,10000,2731
336950487,I2_1,10000,3062
967623544,I2_1,10000,2626
449581834,I2_1,10000,2646
621191682,I2_2,20000,4898
898038773,I2_2,20000,4949
841499538,I2_1,10000,2752
12361597,I2_1,10000,2759
490173041,I2_2,20000,4770
208780717,I2_1,10000,3546
34812343,I2_2,20000,6234
211136060,I2_2,20000,8332
257542936,I2_1,10000,6525
694714735,I2_2,20000,10848
277546787,I2_2,20000,7921
255746772,I2_2,20000,7450
619736253,I2_2,20000,4672
64705811,I2_2,20000,4609
760129007,I2_2,20000,5706
296253887,I2_2,20000,4703
841152650,I2_1,10000,3065
892732641,I2_2,20000,4875
333933085,I2_1,10000,2784
568956025,I2_2,20000,5033
380878434,I2_2,20000,4759
261129944,I2_1,10000,3102
201326782,I2_2,20000,5694
206723896,I2_1,10000,5096
400828604,I2_2,20000,4830
774696376,I2_1,10000,3160
901609213,I2_1,10000,2820
284361924,I2_1,10000,4560
224642682,I2_2,20000,5266
648652448,I2_2,20000,6208
204429275,I2_2,20000,8831
856166035,I2_2,20000,9208
909807091,I2_1,10000,4301
167975042,I2_2,20000,11746
375444627,I2_2,20000,11796
923330426,I2_2,20000,13910
855217118,I2_2,20000,15997
374358519,I2_2,20000,14800
620726044,I2_2,20000,11752
570439729,I2_2,20000,11750
206127589,I2_2,20000,10664
333385503,I2_1,10000,3528
830271547,I2_2,20000,5401
431568465,I2_2,20000,6349
926547360,I2_1,10000,4662
699758320,I2_2,20000,5090
830807817,I2_1,10000,3911
322089368,I2_2,20000,6436
298831968,I2_1,10000,3092
949544522,I2_2,20000,4732
905060614,I2_1,10000,3054
51611585,I2_1,10000,4114
381976886,I2_2,20000,5257
856200661,I2_1,10000,3280
731143842,I2_1,10000,3641
731214772,I2_2,20000,6911
640803711,I2_1,10000,5522
940931239,I2_1,10000,4250
569388235,I2_2,20000,8167
493711799,I2_2,20000,10781
179975403,I2_2,20000,10202
66611703,I2_1,10000,4336
233774271,I2_2,20000,7912
366399653,I2_2,20000,10290
502625799,I2_2,20000,5570
911660227,I2_2,20000,5689
538388971,I2_2,20000,7249
272207165,I2_2,20000,7128
524101157,I2_1,10000,5409
786693794,I2_2,20000,8063
519560462,I2_1,10000,3766
948405910,I2_2,20000,12207
508922652,I2_2,20000,12360
864047085,I2_1,10000,4223
254574240,I2_2,20000,12298
962280448,I2_1,10000,3363
489064666,I2_1,10000,3053
977086222,I2_1,10000,2955
809978956,I2_2,20000,4602
529927348,I2_1,10000,2747
647812046,I2_1,10000,2963
885499150,I2_1,10000,2716
662885643,I2_1,10000,3313
281207654,I2_1,10000,2740
376624190,I2_2,20000,4759
462527137,I2_2,20000,4787
524460121,I2_1,10000,5364
833587017,I2_2,20000,5194
970385249,I2_2,20000,5129
453623071,I2_1,10000,5628
794929701,I2_2,20000,7956
655765113,I2_2,20000,4833
779620613,I2_1,10000,3143
698228035,I2_2,20000,5303
925125281,I2_1,10000,4161
371836605,I2_1,10000,3221
578731057,I2_2,20000,4829
704793298,I2_2,20000,6931
486818415,I2_1,10000,2801
343519749,I2_1,10000,2877
197449183,I2_2,20000,4870
677143229,I2_2,20000,4856
816764234,I2_1,10000,2988
385795470,I2_1,10000,3063
87554025,I2_1,10000,2888
608498266,I2_1,10000,2806
57536260,I2_1,10000,2832
616737301,I2_1,10000,3171
270812376,I2_1,10000,2885
143112013,I2_2,20000,4952
12214789,I2_1,10000,5442
246039129,I2_1,10000,3268
26592982,I2_2,20000,7417
117028182,I2_2,20000,4958
278182405,I2_2,20000,7152
98409340,I2_2,20000,5888
713061051,I2_1,10000,3042
266220229,I2_2,20000,6008
815729558,I2_1,10000,3578
596574765,I2_2,20000,5797
633256318,I2_2,20000,5832
168113765,I2_2,20000,4844
279342227,I2_2,20000,5661
159774886,I2_1,10000,3612
466003232,I2_2,20000,5340
5933680,I2_2,20000,5531
976750556,I2_1,10000,2983
128222284,I2_1,10000,2923
873643095,I2_2,20000,4820
971244036,I2_2,20000,4868
128896686,I2_2,20000,6959
595864933,I2_2,20000,6186
561005442,I2_1,10000,3665
658402272,I2_1,10000,2985
162040043,I2_1,10000,2805
15513065,I2_2,20000,6198
692629329,I2_2,20000,5717
336213317,I2_1,10000,5157
531743321,I2_2,20000,5193
759991978,I2_2,20000,5848
68264502,I2_1,10000,4546
167284790,I2_2,20000,7850
417027205,I2_2,20000,7593
12751266,I2_2,20000,9665
603520832,I2_1,10000,4765
717234527,I2_2,20000,6855
367458920,I2_2,20000,7582
973546594,I2_1,10000,3144
458407377,I2_2,20000,5377
569396726,I2_2,20000,6447
517673708,I2_2,20000,6062
209677912,I2_2,20000,6027
999005241,I2_1,10000,2795
12691444,I2_2,20000,4861
53227447,I2_1,10000,3392
101376353,I2_1,10000,3699
582925901,I2_1,10000,3737
99478533,I2_1,10000,3747
800060768,I2_2,20000,5154
630653463,I2_1,10000,3435
766040570,I2_2,20000,8075
417590447,I2_1,10000,3093
762305543,I2_2,20000,5101
527228210,I2_1,10000,3679
273112152,I2_1,10000,4223
385086199,I2_2,20000,5343
486911125,I2_2,20000,4949
771909987,I2_2,20000,5451
928785242,I2_1,10000,3814
764207257,I2_2,20000,5955
54263626,I2_2,20000,9246
185164269,I2_2,20000,11517
703307962,I2_2,20000,12467
234244889,I2_2,20000,12928
113515719,I2_2,20000,15040
758116660,I2_1,10000,5415
572698658,I2_2,20000,16422
483945645,I2_2,20000,16263
89642625,I2_2,20000,18442
924683045,I2_2,20000,17164
102469898,I2_2,20000,17777
940385948,I2_2,20000,8130
846531274,I2_1,10000,6430
333628397,I2_1,10000,4123
579830587,I2_1,10000,5373
602643272,I2_1,10000,2711
381185224,I2_2,20000,4792
386362013,I2_2,20000,4859
880933140,I2_1,10000,2862
305408973,I2_1,10000,2879
11076122,I2_1,10000,3376
418099508,I2_2,20000,6476
266156431,I2_1,10000,3721
38588451,I2_1,10000,3048
122664958,I2_1,10000,4504
376920925,I2_2,20000,8336
824112610,I2_2,20000,6307
867278293,I2_1,10000,2973
434000146,I2_1,10000,2896
441733996,I2_2,20000,5569
496981722,I2_1,10000,2814
317951517,I2_2,20000,5282
226673981,I2_1,10000,5863
522314239,I2_1,10000,6585
643170584,I2_1,10000,6428
695229883,I2_2,20000,10364
435585468,I2_1,10000,3298
297476354,I2_2,20000,5219
172505803,I2_2,20000,5784
236076833,I2_2,20000,6890
356981102,I2_2,20000,6471
660243832,I2_1,10000,4725
130179316,I2_1,10000,5312
439595614,I2_1,10000,4729
433488696,I2_2,20000,10759
797868503,I2_2,20000,8015
107781049,I2_1,10000,5682
470671523,I2_2,20000,8860
343257553,I2_2,20000,5353
781839466,I2_1,10000,3143
205707596,I2_1,10000,3970
63828114,I2_2,20000,5315
120714274,I2_1,10000,2927
244578590,I2_1,10000,4032
549661285,I2_1,10000,2784
391574720,I2_1,10000,3198
600898529,I2_1,10000,3146
62283113,I2_2,20000,6083
491231690,I2_2,20000,7202
243574762,I2_1,10000,3626
766944971,I2_2,20000,5462
1958201,I2_2,20000,6313
392463815,I2_2,20000,5294
130704687,I2_2,20000,5006
251669783,I2_1,10000,3085
135014541,I2_1,10000,4046
79828880,I2_2,20000,8673
248309974,I2_1,10000,5084
602571100,I2_1,10000,4414
700239789,I2_2,20000,10712
45374123,I2_1,10000,5089
751435957,I2_1,10000,4405
243811427,I2_2,20000,11092
355232945,I2_1,10000,2944
31632015,I2_2,20000,5343
420231138,I2_1,10000,2851
59936564,I2_2,20000,5403
562323253,I2_1,10000,4321
666216990,I2_1,10000,3851
55928322,I2_1,10000,3787
886095578,I2_2,20000,6326
882165111,I2_1,10000,2885
930596951,I2_2,20000,5349
527483777,I2_1,10000,3083
161390822,I2_2,20000,5418
681212851,I2_1,10000,3665
802490939,I2_2,20000,6218
812758554,I2_2,20000,5146
74276068,I2_1,10000,3211
758544753,I2_1,10000,4285
374675690,I2_1,10000,4718
564985172,I2_2,20000,5279
82373933,I2_2,20000,5214
936553133,I2_1,10000,4459
75887053,I2_1,10000,5125
945053807,I2_1,10000,5631
43900913,I2_2,20000,8055
49382199,I2_2,20000,7067
153941057,I2_2,20000,6060
175891515,I2_2,20000,7071
826731370,I2_2,20000,5627
429724399,I2_1,10000,3619
978825525,I2_2,20000,6502
643305831,I2_2,20000,5516
304181841,I2_1,10000,3144
746664637,I2_1,10000,3604
400758664,I2_1,10000,3197
307950887,I2_2,20000,6345
156071239,I2_1,10000,2862
33411512,I2_2,20000,5666
117859560,I2_2,20000,4849
631238424,I2_2,20000,5795
608964078,I2_2,20000,5722
458256406,I2_2,20000,7431
940167700,I2_2,20000,5937
160981366,I2_1,10000,5393
121002443,I2_1,10000,3930
502843106,I2_1,10000,2957
284482838,I2_1,10000,2828
785947330,I2_1,10000,2844
816162388,I2_2,20000,4968
927177813,I2_1,10000,4305
77650281,I2_1,10000,3445
354656542,I2_1,10000,4298
522451352,I2_2,20000,6985
20509250,I2_1,10000,3308
2586995,I2_1,10000,4950
78647655,I2_2,20000,6795
187923045,I2_2,20000,6292
718284419,I2_2,20000,5397
323831819,I2_2,20000,6151
782015205,I2_1,10000,3516
664484785,I2_2,20000,5582
728482587,I2_2,20000,7738
837354876,I2_2,20000,7730
179746399,I2_1,10000,2887
245100701,I2_1,10000,2674
869666440,I2_2,20000,4885
893332700,I2_1,10000,5132
900073960,I2_2,20000,8014
910617842,I2_1,10000,2550
571662549,I2_1,10000,2532
283040186,I2_1,10000,2480
732753860,I2_1,10000,3246
573062545,I2_2,20000,4467
20974435,I2_1,10000,2519
746654389,I2_2,20000,4569
801671285,I2_2,20000,4546
906965568,I2_2,20000,4629
893964922,I2_2,20000,4712
988351647,I2_2,20000,4887
882370941,I2_2,20000,4669
740907553,I2_2,20000,6796
913085903,I2_1,10000,3807
677668466,I2_1,10000,3873
788930878,I2_2,20000,7459
683980255,I2_1,10000,5793
531017771,I2_1,10000,7461
512184097,I2_2,20000,11317
313670616,I2_1,10000,4761
272021280,I2_2,20000,12059
994676348,I2_2,20000,10553
335960811,I2_1,10000,5879
500482791,I2_1,10000,4301
418686115,I2_1,10000,5919
878469866,I2_2,20000,14829
342785445,I2_2,20000,16940
969483031,I2_2,20000,9434
893465184,I2_2,20000,11692
586974288,I2_1,10000,3174
847201625,I2_2,20000,4985
237039547,I2_2,20000,6899
787067078,I2_2,20000,6441
279003482,I2_2,20000,6143
593122359,I2_1,10000,3436
415670527,I2_1,10000,3990
589428858,I2_1,10000,5557
888726894,I2_2,20000,5546
723513552,I2_1,10000,2977
45223412,I2_1,10000,3521
344397237,I2_1,10000,2640
543208237,I2_1,10000,3741
719240647,I2_2,20000,4944
490745913,I2_1,10000,2821
661994453,I2_1,10000,3804
831202036,I2_1,10000,3738
169278522,I2_2,20000,6648
775353855,I2_2,20000,4548
184478079,I2_1,10000,3983
24985996,I2_2,20000,7631
149086753,I2_1,10000,2506
222873072,I2_2,20000,4716
729380347,I2_1,10000,3036
490522020,I2_2,20000,5603
216010797,I2_2,20000,4675
949881631,I2_2,20000,4981
156228099,I2_1,10000,5531
926913929,I2_1,10000,3545
711417602,I2_1,10000,4520
597971530,I2_1,10000,4401
889133754,I2_2,20000,6776
382930237,I2_1,10000,2744
909618022,I2_1,10000,2693
776931546,I2_1,10000,3073
939064404,I2_2,20000,6393
531680865,I2_2,20000,5028
927378687,I2_2,20000,5636
380307649,I2_2,20000,5566
418084353,I2_2,20000,7653
346050217,I2_1,10000,2954
568807620,I2_2,20000,4662
308908614,I2_2,20000,5570
41477596,I2_1,10000,3007
461648757,I2_1,10000,4050
653512732,I2_2,20000,5126
464628821,I2_2,20000,5889
746245594,I2_2,20000,4608
205438146,I2_1,10000,4181
833380539,I2_2,20000,5541
124357010,I2_2,20000,7187
740877422,I2_1,10000,3973
937581121,I2_1,10000,2643
118548686,I2_1,10000,2707
18660120,I2_1,10000,2959
693550160,I2_1,10000,4200
528739895,I2_1,10000,2583
199237491,I2_1,10000,2607
314672000,I2_1,10000,2850
279345791,I2_2,20000,5197
430770912,I2_1,10000,4628
301032635,I2_1,10000,2617
47012888,I2_1,10000,2664
404793675,I2_1,10000,3125
622271495,I2_2,20000,5113
45832883,I2_2,20000,5406
844865623,I2_1,10000,3378
751225511,I2_1,10000,3402
109478009,I2_2,20000,9082
344002479,I2_1,10000,5396
259249727,I2_1,10000,6515
898526712,I2_1,10000,5353
468709814,I2_1,10000,3932
897827009,I2_2,20000,4992
378250660,I2_2,20000,5603
149265954,I2_1,10000,4038
982999758,I2_2,20000,8434
633729435,I2_2,20000,5457
294734387,I2_2,20000,6517
566648753,I2_2,20000,8647
961612082,I2_2,20000,6485
508524846,I2_2,20000,8098
613023031,I2_2,20000,9111
561972081,I2_1,10000,5367
152434929,I2_2,20000,8641
68571218,I2_1,10000,4443
835914619,I2_1,10000,3336
967514166,I2_2,20000,9317
46184529,I2_1,10000,6051
564778754,I2_1,10000,4936
793095739,I2_2,20000,13565
239008982,I2_2,20000,12517
548253242,I2_2,20000,13615
699093887,I2_1,10000,6525
347255787,I2_2,20000,12539
672619006,I2_1,10000,4894
391332624,I2_2,20000,12380
853914076,I2_2,20000,11314
646466073,I2_1,10000,4234
362403694,I2_2,20000,14409
823944427,I2_2,20000,11099
444007317,I2_2,20000,10042
903854714,I2_2,20000,6946
880468818,I2_1,10000,4384
795936756,I2_2,20000,5489
355669209,I2_2,20000,7099
387719932,I2_2,20000,4657
467449936,I2_2,20000,4589
188050950,I2_1,10000,3996
478722129,I2_1,10000,4522
920077781,I2_2,20000,4482
283659603,I2_2,20000,5562
316962005,I2_2,20000,4565
300495246,I2_1,10000,2804
424965307,I2_2,20000,4566
164866858,I2_2,20000,5553
505667501,I2_2,20000,4436
311110960,I2_2,20000,5424
348801323,I2_1,10000,3698
376963179,I2_2,20000,5338
182304590,I2_1,10000,4774
281061690,I2_1,10000,4757
473171424,I2_2,20000,6518
558782040,I2_1,10000,4995
15721151,I2_1,10000,2393
831736904,I2_1,10000,2611
531802319,I2_1,10000,3803
11623126,I2_1,10000,2478
904961176,I2_2,20000,4629
859158899,I2_2,20000,4518
290475788,I2_1,10000,2570
798476326,I2_1,10000,2491
868567351,I2_1,10000,2550
808785237,I2_1,10000,2431
99377706,I2_1,10000,2570
637568580,I2_2,20000,5164
336273042,I2_2,20000,5420
106109081,I2_2,20000,4563
975997183,I2_2,20000,5605
31093614,I2_1,10000,2700
609864404,I2_2,20000,4513
148994693,I2_1,10000,2851
162528191,I2_2,20000,4634
281052901,I2_1,10000,4123
206002829,I2_1,10000,3741
621799055,I2_2,20000,5925
348390961,I2_2,20000,6991
539727772,I2_1,10000,6467
152256781,I2_1,10000,5931
120969300,I2_1,10000,4511
318922201,I2_1,10000,5603
892277686,I2_1,10000,2526
213375441,I2_2,20000,4997
358337431,I2_1,10000,3477
116983794,I2_2,20000,6676
517315902,I2_2,20000,8317
602218508,I2_2,20000,7916
220715346,I2_1,10000,5120
628332856,I2_1,10000,2619
99390039,I2_2,20000,4702
921412717,I2_2,20000,5790
730286518,I2_2,20000,6808
994830155,I2_2,20000,5720
118043041,I2_2,20000,7849
732226439,I2_1,10000,2830
134071511,I2_1,10000,2867
670835848,I2_1,10000,3190
855890877,I2_1,10000,4195
10114424,I2_1,10000,4867
108871023,I2_2,20000,5267
941696846,I2_1,10000,4721
526466899,I2_2,20000,7328
773836136,I2_1,10000,5115
626783579,I2_1,10000,5666
811933800,I2_2,20000,7912
746628089,I2_2,20000,9157
470521954,I2_1,10000,3053
970388686,I2_1,10000,3334
146679978,I2_1,10000,2678
298452089,I2_1,10000,3054
935892045,I2_2,20000,4857
549668026,I2_2,20000,6950
452864864,I2_1,10000,2754
130101999,I2_2,20000,4857
786456301,I2_1,10000,5429
488381583,I2_2,20000,5721
238486328,I2_1,10000,2733
859291045,I2_2,20000,4924
124855114,I2_2,20000,5761
624607898,I2_2,20000,6730
448622142,I2_1,10000,3549
717416459,I2_2,20000,7309
480446194,I2_2,20000,4886
397529426,I2_1,10000,3128
711315565,I2_1,10000,4325
560753928,I2_2,20000,6694
152591817,I2_1,10000,6001
961933441,I2_1,10000,5313
124704481,I2_1,10000,4946
561636132,I2_2,20000,8726
533517296,I2_1,10000,2849
693282318,I2_1,10000,3141
887396329,I2_1,10000,3184
801584797,I2_2,20000,5889
585489767,I2_2,20000,4817
829820664,I2_2,20000,5773
626697429,I2_1,10000,3123
592721158,I2_2,20000,5036
109007600,I2_1,10000,4372
565188848,I2_2,20000,6970
78165918,I2_1,10000,3885
738430368,I2_1,10000,3586
18703376,I2_2,20000,5076
429780665,I2_2,20000,4797
185223844,I2_1,10000,2874
871345921,I2_1,10000,3485
277686076,I2_1,10000,3620
702691800,I2_2,20000,5773
428558892,I2_2,20000,6993
86365365,I2_1,10000,5589
802175955,I2_2,20000,11666
537534884,I2_2,20000,4904
314852533,I2_1,10000,5469
392018973,I2_1,10000,3262
153132848,I2_2,20000,5111
67632553,I2_1,10000,3532
993525738,I2_1,10000,3206
303311451,I2_1,10000,2713
53860708,I2_1,10000,2900
462767492,I2_1,10000,2760
321300646,I2_2,20000,5361
832781944,I2_2,20000,5095
127580247,I2_1,10000,3041
186281835,I2_2,20000,5414
120989267,I2_1,10000,4898
440665381,I2_2,20000,5096
274938142,I2_2,20000,5923
716446380,I2_1,10000,4353
129524108,I2_2,20000,5534
584029655,I2_1,10000,2750
177391522,I2_2,20000,4897
245629557,I2_2,20000,5609
457731407,I2_1,10000,2771
478068399,I2_2,20000,4762
247176040,I2_2,20000,4982
46900984,I2_2,20000,5333
546568673,I2_2,20000,7621
318225993,I2_1,10000,4704
906933802,I2_2,20000,5800
955785166,I2_2,20000,7777
977960730,I2_1,10000,4443
393956093,I2_2,20000,7639
971257301,I2_2,20000,8755
169780391,I2_2,20000,8009
209297509,I2_2,20000,9465
711955110,I2_1,10000,3033
580532679,I2_2,20000,5323
536987590,I2_2,20000,5807
197604408,I2_2,20000,6194
456522162,I2_2,20000,6029
266805863,I2_1,10000,5001
484399864,I2_1,10000,4466
406050320,I2_1,10000,4156
125143190,I2_2,20000,11156
370187744,I2_2,20000,11168
24817445,I2_1,10000,5157
15849326,I2_1,10000,4655
735341089,I2_1,10000,3454
484308246,I2_2,20000,6900
448432573,I2_1,10000,5211
734833704,I2_1,10000,5202
748425284,I2_1,10000,4822
688825296,I2_1,10000,5352
56791934,I2_1,10000,3547
47283996,I2_2,20000,4755
855700978,I2_1,10000,2683
507353150,I2_2,20000,4792
705994713,I2_1,10000,5484
493533444,I2_1,10000,2867
707344021,I2_2,20000,5510
704381854,I2_1,10000,2874
756746552,I2_1,10000,2934
29286496,I2_1,10000,2910
588013454,I2_1,10000,2960
259263206,I2_2,20000,5534
653330903,I2_1,10000,3830
283055966,I2_1,10000,3208
940296391,I2_1,10000,3783
987026634,I2_2,20000,7120
899224120,I2_2,20000,5241
278621339,I2_1,10000,3160
880685773,I2_1,10000,3625
900155975,I2_2,20000,4845
665045909,I2_2,20000,4922
721897428,I2_2,20000,4934
757792821,I2_2,20000,5718
614086008,I2_2,20000,8244
728114729,I2_2,20000,4855
676668753,I2_2,20000,4865
748193822,I2_1,10000,3161
258593532,I2_2,20000,4850
695638031,I2_1,10000,3152
339979668,I2_2,20000,5223
719089155,I2_2,20000,5830
451121004,I2_2,20000,6934
275985542,I2_1,10000,5142
125947417,I2_2,20000,5283
935949434,I2_2,20000,4975
969189318,I2_1,10000,3785
962790078,I2_1,10000,3822
272657934,I2_2,20000,5077
500746039,I2_1,10000,4466
706901837,I2_1,10000,2873
204197448,I2_2,20000,6381
198615351,I2_2,20000,4940
721447277,I2_2,20000,5034
366771546,I2_2,20000,5394
236294448,I2_1,10000,2905
602887990,I2_1,10000,2975
933649488,I2_1,10000,2869
862723580,I2_1,10000,2875
453942659,I2_2,20000,5471
472824899,I2_2,20000,5623
790743349,I2_2,20000,4854
740648977,I2_1,10000,4412
893793623,I2_1,10000,4948
845207617,I2_1,10000,5675
12037185,I2_1,10000,6167
594369978,I2_1,10000,6025
42381988,I2_2,20000,5642
64146273,I2_2,20000,5920
865838854,I2_2,20000,4838
732476105,I2_2,20000,4948
838629002,I2_2,20000,4962
721586095,I2_1,10000,4388
202264682,I2_2,20000,5738
781976097,I2_2,20000,4944
545097196,I2_1,10000,2834
787176434,I2_1,10000,3134
340347067,I2_1,10000,4722
96037990,I2_2,20000,7504
55127740,I2_2,20000,9662
393789191,I2_1,10000,7142
222141588,I2_2,20000,11861
263119072,I2_2,20000,7158
78816289,I2_2,20000,5798
469057656,I2_2,20000,5326
419364713,I2_2,20000,6384
766822873,I2_1,10000,4624
985610638,I2_2,20000,6186
684408627,I2_2,20000,5830
47506366,I2_1,10000,5875
597215473,I2_2,20000,5170
523048977,I2_1,10000,3596
803042728,I2_1,10000,2882
580439999,I2_1,10000,2925
110514213,I2_1,10000,2969
971454672,I2_1,10000,4804
106205272,I2_2,20000,4951
818786162,I2_1,10000,3537
410900657,I2_1,10000,2927
629294672,I2_1,10000,4058
847299847,I2_1,10000,5075
226155609,I2_1,10000,2861
818871437,I2_2,20000,5459
220953537,I2_1,10000,3808
929814079,I2_2,20000,5259
854325388,I2_2,20000,5279
908361756,I2_1,10000,4665
777145035,I2_1,10000,3210
778937293,I2_2,20000,10029
782418895,I2_2,20000,4901
16006635,I2_2,20000,5850
144565560,I2_1,10000,6518
407320461,I2_2,20000,6802
533698677,I2_2,20000,8034
64378092,I2_1,10000,4587
697783056,I2_2,20000,8060
51520658,I2_2,20000,6023
605722367,I2_1,10000,3844
161714948,I2_2,20000,5439
165566673,I2_2,20000,4934
184481556,I2_1,10000,3839
325185102,I2_1,10000,3171
49534066,I2_2,20000,5558
402486132,I2_2,20000,5277
536884626,I2_1,10000,4684
928090560,I2_2,20000,6999
231413296,I2_1,10000,5428
298346976,I2_2,20000,11058
700359155,I2_2,20000,7471
545801602,I2_1,10000,4874
38060812,I2_2,20000,8196
781784097,I2_2,20000,7016
635735133,I2_1,10000,5489
471623949,I2_1,10000,5276
588041645,I2_1,10000,3010
109715694,I2_2,20000,5170
638527478,I2_1,10000,4528
347205734,I2_2,20000,4857
154658324,I2_2,20000,4878
720215854,I2_1,10000,2803
911617963,I2_2,20000,4867
706619706,I2_2,20000,5865
558828970,I2_1,10000,3345
108750448,I2_2,20000,6296
180813122,I2_1,10000,4099
782220819,I2_2,20000,8209
260345969,I2_2,20000,5693
675616245,I2_1,10000,4912
795618983,I2_1,10000,3202
706821241,I2_2,20000,7425
378938277,I2_1,10000,6194
91270265,I2_1,10000,3318
636599286,I2_2,20000,10299
933717250,I2_1,10000,3628
51507589,I2_2,20000,12019
474392482,I2_2,20000,4855
205447035,I2_2,20000,7149
492875866,I2_1,10000,3634
680612783,I2_2,20000,6410
876301018,I2_1,10000,4665
225135687,I2_2,20000,9236
561630835,I2_2,20000,7926
228420820,I2_1,10000,3960
484223451,I2_1,10000,4535
779341640,I2_2,20000,12141
97641196,I2_2,20000,7556
652533424,I2_2,20000,5378
988727345,I2_1,10000,2835
56741158,I2_2,20000,4987
526715799,I2_2,20000,7148
442549501,I2_2,20000,4898
165160928,I2_1,10000,4828
911050896,I2_1,10000,2790
822599360,I2_2,20000,10198
79427035,I2_1,10000,5405
949471482,I2_2,20000,9866
416674166,I2_2,20000,7596
2605734,I2_1,10000,2866
134186038,I2_2,20000,9655
917143384,I2_2,20000,4845
590931666,I2_2,20000,4983
611087143,I2_1,10000,3038
865438022,I2_2,20000,5572
204758834,I2_1,10000,4409
27587989,I2_1,10000,5069
21397774,I2_2,20000,5161
929463440,I2_1,10000,4314
497752483,I2_1,10000,5490
290891000,I2_1,10000,3692
279606084,I2_2,20000,5906
557964557,I2_2,20000,7478
960191214,I2_1,10000,4173
752438599,I2_2,20000,6274
958022823,I2_2,20000,4885
62453433,I2_2,20000,5275
216043865,I2_1,10000,3117
656568709,I2_1,10000,2858
116121404,I2_1,10000,2998
777474435,I2_1,10000,4112
833203721,I2_2,20000,5230
30341590,I2_1,10000,4566
696871046,I2_2,20000,8978
241694621,I2_2,20000,10289
638445279,I2_1,10000,4006
115789055,I2_1,10000,3489
246874009,I2_2,20000,12929
688901555,I2_1,10000,4879
778430915,I2_1,10000,5408
727868043,I2_1,10000,5899
159954591,I2_2,20000,6650
493503487,I2_2,20000,4848
304455570,I2_2,20000,6969
918762130,I2_1,10000,2831
751393780,I2_2,20000,4803
793287431,I2_2,20000,4939
520544696,I2_1,10000,4509
548873955,I2_1,10000,4378
3611341,I2_1,10000,3853
991510642,I2_2,20000,7069
718074981,I2_2,20000,9194
585881186,I2_2,20000,10505
524707480,I2_2,20000,11588
587759252,I2_2,20000,13203
949910804,I2_2,20000,6116
33348464,I2_1,10000,2788
52569693,I2_1,10000,2896
571345916,I2_1,10000,4544
267634146,I2_2,20000,5223
445690376,I2_2,20000,5394
573503504,I2_2,20000,5044
901830869,I2_1,10000,4486
74616938,I2_2,20000,6026
752164003,I2_2,20000,8258
770366759,I2_1,10000,3290
670220955,I2_2,20000,11308
146261938,I2_2,20000,5133
156932909,I2_1,10000,2816
577946572,I2_1,10000,2867
819550726,I2_1,10000,3092
270287098,I2_2,20000,5404
776681925,I2_1,10000,4865
917004462,I2_2,20000,5331
735424197,I2_2,20000,4851
658983706,I2_2,20000,5933
978633015,I2_1,10000,6517
369377498,I2_1,10000,4753
795072537,I2_2,20000,6070
279021540,I2_1,10000,3670
939621859,I2_2,20000,5274
18371713,I2_2,20000,7380
980525155,I2_2,20000,4854
234765681,I2_2,20000,4844
57984126,I2_2,20000,4995
392458476,I2_1,10000,5605
798210711,I2_1,10000,6259
747904652,I2_2,20000,9631
667011092,I2_2,20000,6054
242911778,I2_2,20000,7088
926896414,I2_2,20000,4776
507048485,I2_1,10000,5305
313864733,I2_1,10000,3888
873548796,I2_2,20000,6920
65811079,I2_1,10000,3756
244234394,I2_1,10000,3120
515942406,I2_2,20000,4794
447182614,I2_1,10000,2781
716679498,I2_1,10000,2798
744691655,I2_2,20000,4841
198674544,I2_1,10000,4188
252778724,I2_2,20000,7830
687862454,I2_2,20000,4860
473931590,I2_2,20000,4839
27889663,I2_2,20000,5829
809061492,I2_1,10000,3125
632039386,I2_2,20000,5266
595628533,I2_2,20000,4683
763165737,I2_1,10000,2765
624810728,I2_2,20000,4994
411308451,I2_2,20000,5354
930762770,I2_2,20000,7484
697580584,I2_1,10000,4648
628625737,I2_2,20000,6960
607024803,I2_2,20000,5271
933446568,I2_1,10000,4653
190422817,I2_2,20000,8581
804386628,I2_1,10000,4636
691940260,I2_2,20000,10214
927559059,I2_1,10000,5027
240234501,I2_1,10000,3330
40169780,I2_2,20000,13596
551285082,I2_1,10000,4220
941355656,I2_1,10000,5359
861852599,I2_2,20000,15826
743572720,I2_1,10000,6194
503965535,I2_2,20000,7703
659955317,I2_2,20000,5274
647063789,I2_1,10000,2813
459639291,I2_2,20000,4917
981959843,I2_1,10000,4255
823222751,I2_2,20000,6853
869461610,I2_2,20000,5707
794081130,I2_2,20000,5525
644829031,I2_1,10000,5174
323860104,I2_2,20000,6646
271090064,I2_1,10000,3334
353756331,I2_1,10000,3093
221268042,I2_2,20000,5162
7425555,I2_1,10000,4573
133026340,I2_1,10000,6340
499655582,I2_2,20000,8536
273036479,I2_2,20000,6133
288766292,I2_1,10000,4938
877180878,I2_1,10000,5556
672773427,I2_1,10000,3154
149633610,I2_2,20000,4753
588187016,I2_2,20000,4986
426373392,I2_1,10000,3126
821851725,I2_2,20000,6964
838558043,I2_2,20000,5617
41994914,I2_2,20000,4699
198441615,I2_2,20000,7054
84776355,I2_1,10000,4102
414774611,I2_2,20000,6450
61437014,I2_2,20000,8113
909069344,I2_1,10000,5080
484758188,I2_1,10000,5177
691684581,I2_1,10000,5216
347650813,I2_2,20000,10156
194189775,I2_1,10000,5067
680626073,I2_1,10000,4441
55703276,I2_2,20000,8832
569631722,I2_2,20000,5375
995168953,I2_2,20000,5085
845064398,I2_1,10000,2792
279246060,I2_2,20000,5841
325758880,I2_2,20000,5803
140071332,I2_2,20000,5798
412170238,I2_2,20000,6798
487038247,I2_1,10000,3640
766319881,I2_2,20000,6775
552702566,I2_1,10000,2745
151087711,I2_1,10000,3332
176849921,I2_1,10000,2701
195896966,I2_1,10000,2910
391753355,I2_1,10000,4501
833521911,I2_2,20000,5267
895543849,I2_1,10000,3670
254565045,I2_2,20000,6963
166828762,I2_1,10000,4541
524982890,I2_1,10000,3371
481917597,I2_2,20000,8347
474763392,I2_1,10000,5126
616751898,I2_1,10000,3483
272611349,I2_2,20000,7934
196815720,I2_1,10000,5511
513821198,I2_2,20000,10051
105264080,I2_2,20000,8910
25645267,I2_1,10000,5679
64287422,I2_1,10000,4053
779551042,I2_2,20000,8227
561500285,I2_1,10000,4460
52169600,I2_1,10000,4370
111141164,I2_2,20000,6023
242258723,I2_1,10000,3199
810727376,I2_1,10000,3730
425192811,I2_1,10000,3978
186359905,I2_1,10000,2785
224879426,I2_1,10000,2732
80554494,I2_1,10000,2733
5759623,I2_1,10000,3800
173330776,I2_1,10000,2793
448167684,I2_1,10000,3030
536800640,I2_2,20000,6086
163029447,I2_1,10000,3641
825466090,I2_2,20000,6514
511150920,I2_1,10000,3031
334413091,I2_1,10000,3301
367709588,I2_1,10000,3301
947275026,I2_2,20000,5119
511906072,I2_2,20000,5101
836741146,I2_1,10000,4349
258074448,I2_1,10000,4320
188162822,I2_1,10000,3072
833018094,I2_2,20000,4764
186207637,I2_1,10000,2848
462668111,I2_2,20000,4822
971171908,I2_1,10000,5364
322839004,I2_1,10000,4131
861206912,I2_2,20000,4634
620470231,I2_1,10000,3723
530614721,I2_1,10000,4699
286918029,I2_1,10000,5325
64100936,I2_1,10000,5197
913372724,I2_2,20000,9222
993408995,I2_1,10000,6279
758723776,I2_2,20000,8045
430913515,I2_1,10000,4259
178259397,I2_1,10000,3546
560545673,I2_1,10000,3786
205958336,I2_1,10000,2884
246926433,I2_1,10000,3270
738099234,I2_1,10000,5080
888671420,I2_2,20000,4718
743428253,I2_1,10000,4052
262456032,I2_1,10000,4325
91778588,I2_2,20000,5209
999181066,I2_2,20000,7540
697168981,I2_2,20000,9749
120446962,I2_2,20000,8988
957578979,I2_1,10000,5314
652638190,I2_1,10000,5804
33850170,I2_2,20000,9056
281519154,I2_2,20000,8110
572551139,I2_2,20000,7411
276888649,I2_2,20000,5830
392448868,I2_1,10000,2955
846980122,I2_2,20000,4995
594173390,I2_1,10000,4418
395689062,I2_2,20000,5365
893133566,I2_2,20000,4848
84156377,I2_2,20000,5562
421362812,I2_1,10000,3955
377825058,I2_1,10000,2964
811842084,I2_2,20000,4729
445352067,I2_1,10000,2763
591512017,I2_1,10000,3387
265595594,I2_2,20000,6098
114709405,I2_1,10000,5049
606602617,I2_1,10000,4625
649952454,I2_2,20000,7168
595585267,I2_1,10000,2760
300854471,I2_1,10000,2848
982778122,I2_2,20000,4754
704994949,I2_2,20000,6773
395397230,I2_1,10000,4002
103216752,I2_2,20000,4927
937917097,I2_1,10000,2850
597517888,I2_1,10000,2888
610710273,I2_1,10000,4571
118414580,I2_2,20000,5310
866905593,I2_1,10000,3994
823471088,I2_1,10000,2854
737900309,I2_1,10000,4010
954845764,I2_2,20000,4977
104849345,I2_1,10000,3253
696833685,I2_2,20000,7085
832774556,I2_1,10000,4367
826896009,I2_2,20000,6784
430804097,I2_2,20000,4852
647962134,I2_1,10000,4470
403689375,I2_1,10000,3983
817176866,I2_1,10000,4746
192919551,I2_2,20000,8397
756750697,I2_2,20000,4930
607156443,I2_2,20000,5294
217106829,I2_1,10000,3828
620967147,I2_2,20000,5999
848726990,I2_2,20000,5199
356159005,I2_2,20000,7194
402488433,I2_1,10000,2833
883547237,I2_1,10000,2846
965708144,I2_1,10000,3943
725725879,I2_1,10000,2808
916801781,I2_2,20000,5533
954794608,I2_2,20000,7654
956245323,I2_1,10000,4978
231079255,I2_1,10000,4358
217205323,I2_1,10000,6100
150726364,I2_1,10000,4073
311078090,I2_2,20000,11793
783949241,I2_1,10000,3924
643359823,I2_1,10000,4471
625097186,I2_2,20000,13672
617235426,I2_2,20000,12480
80162492,I2_1,10000,5656
155289418,I2_1,10000,5167
573986988,I2_1,10000,5083
485648067,I2_2,20000,10171
406718421,I2_2,20000,7980
127440140,I2_2,20000,6470
785789634,I2_1,10000,5817
622415045,I2_2,20000,5251
587258083,I2_1,10000,4503
756280992,I2_1,10000,4593
168790135,I2_2,20000,5129
336208314,I2_2,20000,6113
576109569,I2_1,10000,2910
989236612,I2_1,10000,3386
110741302,I2_1,10000,3676
527337927,I2_1,10000,3016
457893268,I2_2,20000,5419
770957654,I2_2,20000,4934
117478276,I2_1,10000,4352
933112652,I2_1,10000,3398
670528043,I2_1,10000,2849
311839693,I2_1,10000,2984
970236811,I2_1,10000,4661
346672555,I2_2,20000,5181
237857866,I2_2,20000,4934
991758376,I2_1,10000,4255
630349686,I2_1,10000,2823
888586954,I2_1,10000,2855
434771360,I2_2,20000,5315
656727759,I2_1,10000,2826
650591816,I2_1,10000,2821
913584857,I2_1,10000,3922
492293446,I2_2,20000,5526
674221388,I2_2,20000,4884
582632485,I2_1,10000,3323
472703362,I2_1,10000,3607
409293151,I2_2,20000,4923
877417447,I2_2,20000,4967
583608948,I2_2,20000,4833
869185204,I2_1,10000,3670
720345480,I2_1,10000,3084
910859141,I2_2,20000,5388
549458172,I2_1,10000,4854
658798799,I2_1,10000,3053
426097033,I2_1,10000,4189
486669990,I2_2,20000,6568
479754214,I2_1,10000,5504
663138662,I2_1,10000,4212
886076755,I2_1,10000,3204
532698443,I2_1,10000,2763
675221468,I2_2,20000,5214
872882015,I2_1,10000,3677
808782877,I2_2,20000,6374
986744161,I2_2,20000,7343
501844587,I2_1,10000,5634
711933983,I2_2,20000,9743
392949676,I2_2,20000,9632
918459093,I2_1,10000,2931
887747085,I2_1,10000,2854
576171473,I2_1,10000,3061
700067109,I2_1,10000,3301
120227808,I2_2,20000,5177
212263477,I2_2,20000,6333
424501312,I2_2,20000,4938
696118719,I2_2,20000,5835
131156867,I2_2,20000,5176
578929154,I2_1,10000,5678
136586516,I2_2,20000,8187
103571914,I2_2,20000,9053
173009037,I2_2,20000,5916
63045414,I2_2,20000,7367
251646300,I2_2,20000,6298
715856563,I2_1,10000,4432
427270980,I2_2,20000,9029
664275261,I2_1,10000,3529
432508039,I2_1,10000,2829
107810888,I2_2,20000,4907
883948271,I2_2,20000,5306
51908562,I2_2,20000,5701
281439670,I2_2,20000,5479
528656940,I2_1,10000,3609
936234582,I2_1,10000,3167
965987129,I2_2,20000,5744
304049090,I2_2,20000,5271
277131588,I2_2,20000,4941
243556259,I2_1,10000,5228
250604334,I2_1,10000,3112
234465113,I2_1,10000,3891
624200073,I2_2,20000,5368
216800136,I2_1,10000,3336
404821727,I2_1,10000,4775
302374789,I2_1,10000,2988
416435046,I2_1,10000,4139
279539236,I2_2,20000,4960
232828863,I2_2,20000,5556
273423526,I2_2,20000,7180
336314268,I2_2,20000,5029
610231934,I2_2,20000,7047
216294902,I2_2,20000,5234
504055920,I2_2,20000,6094
540806097,I2_1,10000,4503
956540337,I2_1,10000,4253
472525151,I2_2,20000,7179
990359216,I2_2,20000,4900
697611689,I2_2,20000,5370
878566685,I2_1,10000,4159
859006311,I2_2,20000,6821
851837805,I2_2,20000,7628
889267176,I2_1,10000,5139
134897585,I2_2,20000,8981
670072484,I2_2,20000,6545
454000837,I2_1,10000,5659
148649398,I2_2,20000,6205
335371269,I2_1,10000,5013
402282560,I2_2,20000,9942
379512979,I2_2,20000,9835
310565484,I2_1,10000,4333
845011135,I2_2,20000,12144
582194640,I2_1,10000,3970
238055002,I2_2,20000,6459
932134656,I2_1,10000,5445
186955971,I2_1,10000,5900
522835356,I2_2,20000,5551
34360883,I2_2,20000,5514
702822809,I2_2,20000,5551
200381449,I2_1,10000,2988
97443433,I2_2,20000,7622
562967704,I2_1,10000,4959
169479282,I2_1,10000,5446
56443232,I2_2,20000,5704
796606348,I2_1,10000,5075
504163767,I2_2,20000,5245
385032456,I2_1,10000,2807
218009543,I2_1,10000,4230
621067588,I2_1,10000,3959
410465977,I2_1,10000,4753
786080370,I2_2,20000,6061
1369773,I2_2,20000,4843
15082097,I2_1,10000,3066
27915834,I2_1,10000,3154
470804575,I2_2,20000,5415
584795169,I2_1,10000,4925
585113210,I2_2,20000,7518
432101716,I2_2,20000,4883
390629621,I2_2,20000,5891
41966640,I2_2,20000,6768
399555803,I2_1,10000,3472
512440787,I2_2,20000,5477
939133735,I2_2,20000,6358
804005540,I2_2,20000,4956
643449313,I2_1,10000,5552
698813115,I2_1,10000,5352
866604163,I2_2,20000,8008
811688244,I2_1,10000,5367
275508224,I2_2,20000,5867
17896023,I2_2,20000,5859
487953606,I2_1,10000,2922
324883891,I2_1,10000,2891
586635643,I2_1,10000,3945
165850377,I2_1,10000,4489
578543010,I2_2,20000,7008
390769202,I2_1,10000,3537
366236220,I2_2,20000,6531
163299388,I2_2,20000,5711
964990502,I2_2,20000,5573
946732180,I2_2,20000,4896
955617434,I2_1,10000,2893
840131172,I2_2,20000,4900
599962034,I2_2,20000,4903
509936716,I2_2,20000,5905
711017987,I2_2,20000,5253
580501837,I2_2,20000,4944
640785899,I2_1,10000,5532
676448291,I2_2,20000,6059
946269938,I2_2,20000,8490
499297449,I2_1,10000,3165
203785290,I2_2,20000,9072
933779773,I2_1,10000,3955
337165658,I2_2,20000,6462
197776873,I2_1,10000,2835
779090212,I2_2,20000,5200
359353425,I2_1,10000,2914
911720116,I2_1,10000,3543
804151220,I2_1,10000,4580
369141861,I2_1,10000,2945
138815518,I2_2,20000,5750
802679696,I2_1,10000,2820
32777348,I2_1,10000,2933
455836417,I2_2,20000,4905
856904099,I2_1,10000,4332
316260283,I2_1,10000,3670
995344237,I2_1,10000,2831
278391838,I2_2,20000,4892
202829150,I2_1,10000,3913
994684575,I2_1,10000,3187
156983434,I2_2,20000,6455
218562267,I2_2,20000,5770
770913299,I2_2,20000,7499
29806806,I2_1,10000,4176
784239533,I2_1,10000,4645
214663251,I2_2,20000,6315
710593884,I2_2,20000,4876
667653866,I2_2,20000,6976
350750110,I2_2,20000,5149
330639659,I2_1,10000,2826
4902603,I2_1,10000,2871
582837706,I2_2,20000,5238
408255807,I2_2,20000,5619
521121892,I2_1,10000,3144
167638115,I2_2,20000,5581
470002440,I2_1,10000,4988
831407630,I2_1,10000,3003
63068548,I2_1,10000,3054
323343730,I2_1,10000,2801
814925641,I2_2,20000,5677
239546971,I2_2,20000,4957
591640555,I2_1,10000,4367
714795468,I2_1,10000,3285
40814577,I2_2,20000,5143
471185130,I2_2,20000,4865
656941391,I2_2,20000,4890
393125182,I2_2,20000,6217
674015278,I2_2,20000,4887
905365952,I2_2,20000,4923
63974,I2_1,10000,2845
993123616,I2_2,20000,5195
580316913,I2_2,20000,4793
394750871,I2_1,10000,3334
796028032,I2_1,10000,3327
306391408,I2_2,20000,5928
948220344,I2_1,10000,3720
521423992,I2_2,20000,5761
198658693,I2_1,10000,5126
60536575,I2_2,20000,4814
898585212,I2_1,10000,2750
454194911,I2_1,10000,2787
301640280,I2_1,10000,2911
507418633,I2_1,10000,4048
52083546,I2_1,10000,3199
750795723,I2_1,10000,2829
369549421,I2_2,20000,7118
989519300,I2_2,20000,8162
869832435,I2_1,10000,4755
998128606,I2_1,10000,5341
262735875,I2_1,10000,6903
306704512,I2_2,20000,11453
911885097,I2_1,10000,3374
285742846,I2_1,10000,4628
230016572,I2_2,20000,13110
564419177,I2_1,10000,5754
377347603,I2_2,20000,14723
95641564,I2_2,20000,8452
422997272,I2_1,10000,6736
775390983,I2_1,10000,7929
667627885,I2_2,20000,10559
11221585,I2_1,10000,5066
70165032,I2_1,10000,6679
921586279,I2_2,20000,13758
880009198,I2_2,20000,11602
487546666,I2_2,20000,13260
601311215,I2_1,10000,3993
471889628,I2_2,20000,6124
870696964,I2_1,10000,4836
950400640,I2_2,20000,5029
108165759,I2_2,20000,7138
756664042,I2_1,10000,3525
759948692,I2_1,10000,5200
714823740,I2_2,20000,4894
779963505,I2_1,10000,2813
17684036,I2_1,10000,3608
521784682,I2_2,20000,4870
263574920,I2_1,10000,2835
663888815,I2_2,20000,4848
882835350,I2_1,10000,3057
460023989,I2_1,10000,4282
397893104,I2_1,10000,2841
82771004,I2_1,10000,3079
886564625,I2_2,20000,6534
535987773,I2_2,20000,4879
321465133,I2_2,20000,5779
323856811,I2_2,20000,5632
605156571,I2_1,10000,3465
520561337,I2_2,20000,4836
873824569,I2_2,20000,5496
310887667,I2_2,20000,7652
213343005,I2_2,20000,4816
23425721,I2_2,20000,5798
811922089,I2_1,10000,3403
965638799,I2_1,10000,3863
250800691,I2_2,20000,6702
315900402,I2_1,10000,5161
896079136,I2_2,20000,4873
877903499,I2_1,10000,4321
287414266,I2_2,20000,6855
45247405,I2_1,10000,3013
5111047,I2_1,10000,2831
396997827,I2_1,10000,3941
361998988,I2_2,20000,4992
834318853,I2_1,10000,4827
679228673,I2_2,20000,7229
771847712,I2_1,10000,5406
83316543,I2_1,10000,4805
865664741,I2_2,20000,10276
848609543,I2_2,20000,9128
446721190,I2_2,20000,9083
259559932,I2_2,20000,9953
890584073,I2_2,20000,7558
786469705,I2_1,10000,3393
360710688,I2_1,10000,3749
486582658,I2_2,20000,7053
203285349,I2_1,10000,2894
234584654,I2_2,20000,6394
131304078,I2_2,20000,5419
528302098,I2_1,10000,3607
393583642,I2_2,20000,6413
338694445,I2_2,20000,6345
851343020,I2_2,20000,4742
369421385,I2_1,10000,2797
420347663,I2_1,10000,2816
211960216,I2_1,10000,2817
745722199,I2_1,10000,2855
1297456,I2_1,10000,2851
112402569,I2_2,20000,4938
285566763,I2_2,20000,5264
944625983,I2_1,10000,3241
282437767,I2_1,10000,4878
735982401,I2_2,20000,6672
621600675,I2_1,10000,4236
621136998,I2_2,20000,8799
172086184,I2_1,10000,4811
661599666,I2_2,20000,7447
398577014,I2_2,20000,4870
121737858,I2_2,20000,6908
103851772,I2_1,10000,4540
368644417,I2_2,20000,7359
454384669,I2_2,20000,7795
382101909,I2_1,10000,6277
693112364,I2_1,10000,6785
181384149,I2_2,20000,9008
292960093,I2_1,10000,6030
181187746,I2_1,10000,5012
34138243,I2_2,20000,13591
291117406,I2_2,20000,12528
898261354,I2_2,20000,5782
313744472,I2_1,10000,5319
839396985,I2_2,20000,6604
276166842,I2_1,10000,4064
153545727,I2_1,10000,2967
486028371,I2_1,10000,3209
61243833,I2_1,10000,3734
506942447,I2_2,20000,4812
297427318,I2_1,10000,3071
220086133,I2_1,10000,2832
634803113,I2_2,20000,5114
13447799,I2_1,10000,3384
128075481,I2_1,10000,3786
449990681,I2_2,20000,4918
310352935,I2_1,10000,4337
34825375,I2_2,20000,7998
841420326,I2_1,10000,2837
839846291,I2_2,20000,5475
164466621,I2_2,20000,4988
846712686,I2_2,20000,5638
454719829,I2_1,10000,3623
727392081,I2_2,20000,5792
452708053,I2_1,10000,3313
976969439,I2_1,10000,3644
552410581,I2_2,20000,5394
304174537,I2_2,20000,4817
561207618,I2_2,20000,5110
390692887,I2_2,20000,5934
199458779,I2_1,10000,2783
776317086,I2_1,10000,2845
285723990,I2_1,10000,3312
838156075,I2_2,20000,5629
431657547,I2_1,10000,4589
159495120,I2_2,20000,5075
479430468,I2_1,10000,3623
934172834,I2_1,10000,3726
946585328,I2_1,10000,3127
264821935,I2_2,20000,5641
128276342,I2_1,10000,3783
628487849,I2_2,20000,4886
730138501,I2_1,10000,5462
285000714,I2_2,20000,4808
115462447,I2_1,10000,2825
717194452,I2_1,10000,3260
282097602,I2_2,20000,5777
835100433,I2_2,20000,7318
704997248,I2_2,20000,6256
748076601,I2_1,10000,5598
947390777,I2_2,20000,8033
938864045,I2_1,10000,2928
541832592,I2_1,10000,3515
857279523,I2_2,20000,5965
724443624,I2_1,10000,5809
531847504,I2_1,10000,5189
756095625,I2_2,20000,5919
163347026,I2_1,10000,2839
600753244,I2_1,10000,2868
850414388,I2_2,20000,5445
217803632,I2_1,10000,2797
632470713,I2_1,10000,2771
808882391,I2_2,20000,4906
497729159,I2_1,10000,3308
623088060,I2_1,10000,3138
993834885,I2_1,10000,2940
776072842,I2_1,10000,2895
178734790,I2_1,10000,3288
946089571,I2_1,10000,2806
859954932,I2_2,20000,5517
698234780,I2_1,10000,2958
799152778,I2_2,20000,5758
31126919,I2_2,20000,4945
853686040,I2_1,10000,4581
501117258,I2_1,10000,5913
968152426,I2_1,10000,3177
643852945,I2_2,20000,6053
809041158,I2_2,20000,6231
279952191,I2_2,20000,7844
152792217,I2_2,20000,9250
828770410,I2_1,10000,5391
744518201,I2_2,20000,12358
599915569,I2_2,20000,11368
484240430,I2_2,20000,5312
787246609,I2_1,10000,3611
479301470,I2_2,20000,5907
220272290,I2_1,10000,3758
132616229,I2_1,10000,3077
708247893,I2_2,20000,5281
402900765,I2_2,20000,4895
449010965,I2_1,10000,5463
784355899,I2_2,20000,8217
523779971,I2_1,10000,4012
482541969,I2_2,20000,7305
188632829,I2_1,10000,4478
979315209,I2_2,20000,7047
176433757,I2_2,20000,5888
252663161,I2_1,10000,3326
54082667,I2_1,10000,3640
897174440,I2_1,10000,2833
644772069,I2_2,20000,5300
777225700,I2_2,20000,4772
358152736,I2_1,10000,3867
899237486,I2_1,10000,2889
233108307,I2_1,10000,3459
843472569,I2_2,20000,4933
944863046,I2_1,10000,3620
408741008,I2_2,20000,6583
841401771,I2_2,20000,5063
846958053,I2_1,10000,2814
417037262,I2_1,10000,2827
46711182,I2_1,10000,2862
433799927,I2_1,10000,2820
513230705,I2_1,10000,3963
575349274,I2_2,20000,5108
957042641,I2_1,10000,6765
651609356,I2_2,20000,6332
15735739,I2_2,20000,6347
435791753,I2_1,10000,6346
530795224,I2_2,20000,10227
258443832,I2_2,20000,9525
434894926,I2_1,10000,4485
202316965,I2_2,20000,12770
573837663,I2_1,10000,3908
61705466,I2_2,20000,13260
508576361,I2_2,20000,14338
815880906,I2_1,10000,5521
327717863,I2_2,20000,17665
304137395,I2_1,10000,6602
185088445,I2_2,20000,16778
76036722,I2_2,20000,5242
904248239,I2_1,10000,2758
358052514,I2_2,20000,5210
818547924,I2_2,20000,7232
258055168,I2_1,10000,3236
981589584,I2_2,20000,5631
209703254,I2_1,10000,6288
266446971,I2_2,20000,6354
464749145,I2_2,20000,6495
100745017,I2_1,10000,5285
614345970,I2_1,10000,5294
686454921,I2_1,10000,2968
859577819,I2_1,10000,3626
651500977,I2_1,10000,4165
963483672,I2_2,20000,6493
61278021,I2_1,10000,5864
182584957,I2_1,10000,5398
91388926,I2_1,10000,5587
840467707,I2_1,10000,2946
705795960,I2_1,10000,3703
98903499,I2_2,20000,6380
673540272,I2_1,10000,3654
400362384,I2_2,20000,7663
422984108,I2_2,20000,7308
875029228,I2_1,10000,2922
443367868,I2_2,20000,5641
317637716,I2_2,20000,4819
554106492,I2_1,10000,2790
838271787,I2_2,20000,5183
400408312,I2_2,20000,5823
496738347,I2_2,20000,5818
341853617,I2_1,10000,6298
483680455,I2_1,10000,5720
51663348,I2_2,20000,8568
573433568,I2_1,10000,5678
392495709,I2_1,10000,7302
15995580,I2_1,10000,6237
59603369,I2_2,20000,9180
700417696,I2_2,20000,9062
938316781,I2_1,10000,2896
207596289,I2_2,20000,5336
647307843,I2_2,20000,4817
478568674,I2_1,10000,3328
456566099,I2_1,10000,3057
620315956,I2_2,20000,5611
413518798,I2_1,10000,2734
670826994,I2_1,10000,2853
184578807,I2_1,10000,3237
103535095,I2_2,20000,6706
518846611,I2_2,20000,4789
558449524,I2_2,20000,5112
966851655,I2_1,10000,2778
253453367,I2_2,20000,5358
379452221,I2_1,10000,3776
34328422,I2_1,10000,3695
159614605,I2_1,10000,4154
109617125,I2_2,20000,8236
405989275,I2_2,20000,5733
295554974,I2_2,20000,5733
158804650,I2_2,20000,7855
384938319,I2_2,20000,7377
983641457,I2_2,20000,10017
363572022,I2_1,10000,5941
401101178,I2_1,10000,3901
906438626,I2_2,20000,8923
255529804,I2_1,10000,3184
701967236,I2_1,10000,3434
322145234,I2_1,10000,3692
228268107,I2_1,10000,2899
56612544,I2_1,10000,4087
956369557,I2_1,10000,4646
158464994,I2_2,20000,6001
441436973,I2_2,20000,5226
274975070,I2_1,10000,5807
600135181,I2_2,20000,8967
425032234,I2_2,20000,10359
928348537,I2_2,20000,8388
398627959,I2_1,10000,3083
802979480,I2_2,20000,4772
522666529,I2_2,20000,4839
127493011,I2_1,10000,2895
792198858,I2_1,10000,3300
601395894,I2_1,10000,4399
341860579,I2_2,20000,5885
92284454,I2_1,10000,5287
118292959,I2_1,10000,3484
544992498,I2_2,20000,6957
688548188,I2_2,20000,7987
759324768,I2_1,10000,5468
83251561,I2_2,20000,10450
485404173,I2_1,10000,3760
114228856,I2_1,10000,3715
161877127,I2_2,20000,6939
496009318,I2_1,10000,5233
250564780,I2_2,20000,5362
752436890,I2_1,10000,4675
385866235,I2_1,10000,3160
348220043,I2_2,20000,9209
383898264,I2_1,10000,2894
981561342,I2_2,20000,5519
253770996,I2_1,10000,3147
199490200,I2_1,10000,3884
935928889,I2_2,20000,5482
822113773,I2_1,10000,4167
92829773,I2_2,20000,6879
566694055,I2_1,10000,2901
753769916,I2_2,20000,5519
172195439,I2_2,20000,5121
301735049,I2_2,20000,5104
78592842,I2_2,20000,5700
341313109,I2_1,10000,3201
611134419,I2_1,10000,4420
58882036,I2_1,10000,5224
437146894,I2_2,20000,4943
694909035,I2_1,10000,3616
846472047,I2_2,20000,5275
809468840,I2_1,10000,4677
322152337,I2_1,10000,3235
427525373,I2_2,20000,5013
730013237,I2_1,10000,2927
155465396,I2_1,10000,2835
614424001,I2_1,10000,2973
674993860,I2_1,10000,2860
951093125,I2_1,10000,3246
591840750,I2_1,10000,2944
67261044,I2_2,20000,4862
617516199,I2_1,10000,3178
728325295,I2_1,10000,2867
910582565,I2_1,10000,2812
87132307,I2_1,10000,2908
57858215,I2_1,10000,4054
121121036,I2_1,10000,3870
196216101,I2_1,10000,2878
811709911,I2_2,20000,4835
774440213,I2_2,20000,6981
629966003,I2_1,10000,3639
670508398,I2_1,10000,3091
599081534,I2_2,20000,5674
741160443,I2_1,10000,2991
717262696,I2_1,10000,2986
236143940,I2_1,10000,2857
198579163,I2_1,10000,2792
668351704,I2_2,20000,5760
430360827,I2_2,20000,5770
712404777,I2_2,20000,5825
27688924,I2_2,20000,5737
217431157,I2_1,10000,3872
404544912,I2_2,20000,5628
744291181,I2_2,20000,5633
723206002,I2_2,20000,4859
213365282,I2_1,10000,2866
334060319,I2_1,10000,3276
418779885,I2_1,10000,2917
665862512,I2_2,20000,4850
778222725,I2_2,20000,5369
844374299,I2_2,20000,5697
418036520,I2_2,20000,6561
125853964,I2_1,10000,2832
796233463,I2_1,10000,3489
476487038,I2_1,10000,4656
752053920,I2_1,10000,3469
158268236,I2_2,20000,5782
496222983,I2_2,20000,7989
275213526,I2_1,10000,3440
535344695,I2_2,20000,6501
231346551,I2_1,10000,4371
509623639,I2_1,10000,5978
725788558,I2_2,20000,6879
306334963,I2_2,20000,8784
174808961,I2_2,20000,11373
122452145,I2_1,10000,4060
8093180,I2_2,20000,6052
434675557,I2_2,20000,4851
885595682,I2_1,10000,3236
312256243,I2_1,10000,2836
420504846,I2_2,20000,5685
979218348,I2_1,10000,2807
381313809,I2_2,20000,4810
705267655,I2_1,10000,3639
804187191,I2_2,20000,5515
785405310,I2_2,20000,6321
823079186,I2_1,10000,4845
302355475,I2_1,10000,2868
6575646,I2_2,20000,4820
957814020,I2_1,10000,2841
860910557,I2_1,10000,3613
973911643,I2_1,10000,3620
476466489,I2_1,10000,4894
84190,I2_1,10000,5547
707774106,I2_2,20000,5806
152547828,I2_1,10000,6406
367777684,I2_2,20000,8477
40838405,I2_2,20000,8882
656173217,I2_2,20000,8402
372580038,I2_1,10000,4106
460402650,I2_1,10000,3737
94895782,I2_2,20000,5103
675771548,I2_2,20000,5000
925421685,I2_1,10000,2821
653632230,I2_1,10000,3014
320397060,I2_1,10000,3534
466212416,I2_2,20000,5296
312779795,I2_1,10000,4712
368309989,I2_1,10000,2893
450427337,I2_1,10000,3095
543994992,I2_2,20000,4822
116014915,I2_1,10000,2801
78221570,I2_1,10000,2836
814131545,I2_1,10000,3301
439511071,I2_2,20000,5343
714408936,I2_2,20000,8050
942468750,I2_2,20000,8030
272326539,I2_1,10000,4426
902813272,I2_2,20000,8728
472467252,I2_2,20000,9079
441239179,I2_2,20000,7390
863341415,I2_1,10000,2898
466090741,I2_1,10000,3241
5070474,I2_1,10000,4295
777957205,I2_1,10000,3025
274983666,I2_1,10000,3118
707403651,I2_1,10000,2934
922987113,I2_2,20000,5821
601214388,I2_1,10000,4162
45145336,I2_2,20000,4935
32578199,I2_1,10000,4897
870292477,I2_1,10000,3598
750204570,I2_1,10000,4753
419092320,I2_1,10000,2928
553183172,I2_1,10000,3819
711977010,I2_1,10000,2865
185141397,I2_2,20000,5322
374363244,I2_1,10000,2889
920253760,I2_2,20000,4881
513013307,I2_1,10000,3332
640308207,I2_1,10000,2848
817844017,I2_2,20000,5507
96212865,I2_1,10000,2963
397569580,I2_2,20000,4879
142681988,I2_1,10000,4188
147813021,I2_2,20000,6134
487640178,I2_2,20000,5237
947432152,I2_1,10000,4652
647825364,I2_2,20000,9143
754489144,I2_2,20000,7288
747353753,I2_2,20000,9355
914112218,I2_2,20000,6816
631180366,I2_2,20000,8487
325379062,I2_2,20000,8108
698227875,I2_1,10000,5482
997686642,I2_2,20000,11019
627084707,I2_1,10000,4518
852786079,I2_2,20000,4970
884038368,I2_2,20000,6994
103354377,I2_1,10000,2801
404864202,I2_2,20000,5317
409224377,I2_1,10000,3686
565136240,I2_1,10000,3714
561706150,I2_1,10000,4994
949581990,I2_1,10000,4714
399801877,I2_2,20000,7478
823450383,I2_1,10000,5082
566063431,I2_2,20000,9468
939419487,I2_2,20000,8486
378693774,I2_2,20000,10650
833675200,I2_1,10000,2839
615628162,I2_2,20000,4870
495486940,I2_1,10000,3264
829261984,I2_2,20000,5537
143709225,I2_1,10000,3353
406961792,I2_2,20000,4855
587573890,I2_1,10000,2833
928233647,I2_1,10000,3287
185125080,I2_1,10000,2884
325201221,I2_1,10000,2901
505371836,I2_2,20000,4907
80052605,I2_1,10000,4251
107126094,I2_1,10000,2842
366178656,I2_2,20000,5887
324103694,I2_2,20000,6309
610752451,I2_1,10000,4578
223553558,I2_2,20000,6704
304334761,I2_1,10000,3914
633009282,I2_2,20000,6401
624902525,I2_2,20000,4916
4258785,I2_1,10000,2841
647969031,I2_1,10000,3592
978895859,I2_2,20000,5006
56286345,I2_1,10000,3175
48212939,I2_1,10000,3600
71428787,I2_2,20000,7779
311760242,I2_1,10000,3001
711760604,I2_1,10000,2890
809540450,I2_1,10000,2900
920011046,I2_1,10000,3364
753053707,I2_2,20000,5122
356344355,I2_1,10000,5233
861269967,I2_2,20000,8461
100907239,I2_2,20000,7427
977689418,I2_2,20000,8372
69036048,I2_2,20000,10686
862029500,I2_2,20000,9546
605343768,I2_2,20000,6876
698498553,I2_1,10000,4317
934682945,I2_1,10000,3824
165990871,I2_2,20000,5748
776485986,I2_1,10000,3263
769501768,I2_1,10000,4377
203454365,I2_1,10000,3845
630741051,I2_1,10000,4174
68784508,I2_1,10000,4575
471961712,I2_1,10000,5137
170591791,I2_2,20000,11234
83590575,I2_1,10000,4407
599548843,I2_2,20000,10963
882157472,I2_1,10000,3725
125053539,I2_1,10000,3653
140560337,I2_1,10000,4856
480678006,I2_1,10000,3070
349920141,I2_2,20000,5032
831188673,I2_2,20000,6384
197943885,I2_1,10000,3093
464232264,I2_1,10000,4058
799616637,I2_1,10000,3081
642218159,I2_2,20000,5396
645617520,I2_1,10000,4006
284712329,I2_2,20000,6074
760715689,I2_2,20000,8422
618933000,I2_2,20000,9511
946832361,I2_2,20000,6953
706747851,I2_2,20000,8702
963781121,I2_2,20000,9197
66045563,I2_1,10000,4228
498277969,I2_1,10000,4157
319052559,I2_1,10000,3709
322845631,I2_2,20000,5263
383019144,I2_1,10000,4671
579507624,I2_1,10000,3140
692481707,I2_1,10000,2896
861515493,I2_1,10000,3349
512244108,I2_2,20000,5611
873682523,I2_1,10000,3556
581463143,I2_2,20000,5689
131614584,I2_1,10000,3359
743104151,I2_2,20000,5500
550479644,I2_1,10000,6146
641993260,I2_1,10000,5419
302116779,I2_1,10000,6612
107917672,I2_1,10000,7414
674464602,I2_1,10000,4071
404139496,I2_2,20000,12808
301355423,I2_1,10000,5687
536466520,I2_2,20000,11443
747074295,I2_2,20000,5808
753946955,I2_1,10000,3090
199331931,I2_2,20000,5322
533901386,I2_1,10000,2893
585760531,I2_1,10000,2987
624373184,I2_1,10000,3615
899865296,I2_2,20000,4864
666990118,I2_2,20000,5511
600341790,I2_2,20000,5789
539748456,I2_1,10000,3186
811162099,I2_1,10000,4197
966187824,I2_1,10000,4107
533190350,I2_2,20000,5299
11965456,I2_1,10000,3673
256171221,I2_1,10000,3177
420598765,I2_2,20000,4829
709317965,I2_1,10000,2838
597535388,I2_1,10000,3642
652845237,I2_2,20000,5455
77298576,I2_2,20000,6379
66665915,I2_2,20000,6131
169800747,I2_1,10000,5797
860167655,I2_1,10000,6417
213437641,I2_1,10000,4404
799222798,I2_1,10000,3302
299047079,I2_1,10000,2840
101371051,I2_1,10000,2868
944587295,I2_1,10000,2988
840158955,I2_2,20000,5014
188947157,I2_2,20000,5226
407413390,I2_1,10000,5262
238793747,I2_1,10000,4760
862292814,I2_2,20000,7068
247595489,I2_2,20000,5112
566528855,I2_2,20000,7173
472146661,I2_2,20000,5014
771603094,I2_1,10000,5487
453509658,I2_2,20000,6021
851227526,I2_1,10000,3707
303955736,I2_1,10000,4321
730574119,I2_1,10000,4853
814038417,I2_2,20000,6757
631582319,I2_1,10000,6180
849329469,I2_2,20000,8303
585468968,I2_2,20000,9389
343259863,I2_2,20000,11181
847673028,I2_1,10000,4585
976737139,I2_2,20000,13080
380995884,I2_2,20000,5519
544698480,I2_1,10000,6076
509498324,I2_1,10000,3215
548276085,I2_1,10000,3248
138319423,I2_1,10000,4817
891015859,I2_2,20000,5644
672005403,I2_1,10000,6509
813721220,I2_2,20000,8309
581151139,I2_1,10000,5347
111616347,I2_1,10000,3968
406579721,I2_2,20000,9044
176713258,I2_2,20000,11280
429407652,I2_2,20000,12760
645111639,I2_2,20000,10025
352951652,I2_1,10000,5182
868529749,I2_1,10000,6821
225454719,I2_2,20000,5840
787405094,I2_2,20000,6853
172374085,I2_2,20000,6068
546162614,I2_1,10000,3141
217770114,I2_1,10000,3784
756553045,I2_2,20000,5294
307240889,I2_1,10000,3532
390295736,I2_2,20000,6319
253423167,I2_1,10000,4644
684437418,I2_2,20000,7312
560350895,I2_1,10000,4496
166575383,I2_2,20000,9274
300183228,I2_2,20000,9697
621802885,I2_2,20000,8619
897385190,I2_1,10000,4851
569068586,I2_2,20000,10300
439000858,I2_1,10000,5379
69460050,I2_2,20000,13499
748408493,I2_1,10000,3872
753245105,I2_2,20000,8219
885769979,I2_1,10000,4925
630285677,I2_1,10000,5328
764556252,I2_2,20000,12331
713805274,I2_2,20000,10550
948732719,I2_2,20000,10231
690795233,I2_2,20000,7971
120740150,I2_2,20000,4850
556654803,I2_2,20000,4723
187920456,I2_2,20000,4837
382156050,I2_1,10000,4245
434924298,I2_1,10000,3512
918075520,I2_2,20000,6079
744041662,I2_1,10000,2968
945311287,I2_1,10000,2853
286689462,I2_2,20000,4752
845380988,I2_1,10000,2804
638695499,I2_1,10000,3301
968004589,I2_2,20000,5718
180145088,I2_1,10000,4621
804841087,I2_1,10000,5738
449684588,I2_2,20000,4804
32848161,I2_2,20000,4936
404095005,I2_2,20000,5991
622773283,I2_2,20000,6985
730624866,I2_2,20000,6641
794738975,I2_2,20000,7263
264190480,I2_1,10000,3379
916284231,I2_1,10000,3681
379188949,I2_1,10000,3163
826806167,I2_2,20000,5492
810348798,I2_2,20000,4807
784384201,I2_1,10000,4328
900702365,I2_1,10000,4409
107280540,I2_1,10000,3804
821428964,I2_2,20000,6223
204360006,I2_2,20000,8018
522286759,I2_2,20000,7706
500230143,I2_2,20000,5660
888549974,I2_2,20000,5807
312288998,I2_1,10000,4270
987091160,I2_2,20000,6892
527388819,I2_1,10000,6305
660346315,I2_2,20000,5724
37252726,I2_1,10000,5448
144673865,I2_1,10000,2867
961483744,I2_2,20000,5908
721018776,I2_1,10000,5317
345375253,I2_1,10000,3552
350588555,I2_1,10000,4032
679868513,I2_1,10000,4435
852989966,I2_2,20000,8952
687184306,I2_1,10000,4352
838220149,I2_1,10000,4933
194218827,I2_1,10000,5332
652120870,I2_2,20000,11114
682959893,I2_2,20000,12041
428413540,I2_1,10000,2738
49393855,I2_2,20000,4684
326361985,I2_2,20000,6194
73067993,I2_1,10000,4485
247058969,I2_2,20000,6503
57278376,I2_1,10000,3459
848298836,I2_1,10000,2951
10285856,I2_1,10000,3958
625160778,I2_2,20000,5587
299832210,I2_2,20000,7183
524029982,I2_2,20000,6239
368039542,I2_1,10000,5506
776935296,I2_2,20000,5340
824954224,I2_2,20000,4972
100673198,I2_1,10000,2806
549794994,I2_2,20000,4894
965962596,I2_2,20000,7111
356655276,I2_2,20000,6748
129356375,I2_2,20000,6405
154185518,I2_1,10000,3414
74546333,I2_2,20000,5059
240440084,I2_1,10000,2977
847127480,I2_2,20000,5248
777219687,I2_1,10000,4187
412222231,I2_2,20000,6435
316017023,I2_1,10000,5721
49191426,I2_1,10000,6288
833628132,I2_1,10000,5008
547227711,I2_2,20000,8704
852514270,I2_1,10000,2790
50032576,I2_2,20000,5225
621311953,I2_2,20000,7498
728829772,I2_2,20000,5599
64152294,I2_2,20000,5668
195895764,I2_2,20000,7790
372543405,I2_2,20000,4837
178662576,I2_2,20000,6176
781536713,I2_2,20000,4879
627132198,I2_1,10000,5396
91869545,I2_2,20000,6484
526642846,I2_2,20000,5044
634252207,I2_1,10000,4087
966732220,I2_2,20000,5257
174883850,I2_1,10000,4690
282348503,I2_1,10000,3025
990839889,I2_1,10000,4361
824936285,I2_2,20000,7789
316299178,I2_2,20000,6865
652411607,I2_1,10000,5128
41642219,I2_1,10000,6208
562062139,I2_2,20000,8463
671508140,I2_1,10000,6640
221347646,I2_1,10000,7181
793301920,I2_1,10000,6510
184128639,I2_2,20000,9443
121183010,I2_2,20000,10064
217926438,I2_1,10000,3138
950516824,I2_2,20000,5148
387753925,I2_1,10000,4522
725982622,I2_1,10000,6115
425752859,I2_2,20000,7791
521598154,I2_2,20000,8146
887824990,I2_2,20000,5209
250908799,I2_2,20000,6235
916960127,I2_1,10000,3611
268385826,I2_1,10000,4109
943061165,I2_1,10000,5607
732648213,I2_2,20000,5265
808948488,I2_2,20000,5292
610036247,I2_2,20000,6873
812140913,I2_1,10000,4112
329028934,I2_1,10000,3958
497576581,I2_1,10000,4291
69497145,I2_2,20000,10558
866446007,I2_1,10000,5909
908765367,I2_2,20000,13193
947302904,I2_2,20000,12786
227583327,I2_2,20000,13492
415637965,I2_2,20000,11239
843443943,I2_2,20000,5125
109338543,I2_2,20000,5509
2729617,I2_2,20000,5913
388091070,I2_2,20000,6544
668546807,I2_1,10000,4895
915745114,I2_1,10000,2659
94180462,I2_2,20000,5287
872744611,I2_1,10000,4698
21309717,I2_1,10000,4096
770985801,I2_1,10000,4077
176601210,I2_2,20000,4851
60970398,I2_1,10000,4180
778623363,I2_2,20000,5879
337827536,I2_1,10000,5106
359326396,I2_2,20000,7605
72039045,I2_1,10000,2938
52332168,I2_1,10000,2912
904492706,I2_2,20000,4868
478757176,I2_2,20000,4752
190460251,I2_1,10000,2736
643882716,I2_2,20000,5303
894922542,I2_2,20000,6264
350541050,I2_1,10000,5702
556341795,I2_2,20000,7652
877952398,I2_2,20000,8694
328763233,I2_1,10000,4774
268908362,I2_2,20000,6056
122134386,I2_2,20000,5303
803132759,I2_1,10000,3206
175529959,I2_1,10000,4343
628206464,I2_1,10000,4568
78312978,I2_1,10000,5050
911652993,I2_1,10000,5639
861267343,I2_2,20000,7813
511172019,I2_2,20000,9506
12587319,I2_1,10000,3971
4626298,I2_1,10000,4042
517667040,I2_1,10000,3895
224541761,I2_1,10000,5131
39469558,I2_2,20000,8210
441788439,I2_1,10000,5494
95277295,I2_2,20000,6485
996113017,I2_2,20000,7441
557755398,I2_1,10000,2873
236042559,I2_2,20000,5350
974446098,I2_1,10000,3196
194202777,I2_1,10000,4090
482420834,I2_2,20000,4706
947758600,I2_1,10000,2806
168134752,I2_1,10000,3241
487103326,I2_2,20000,4847
466143521,I2_1,10000,3904
224837699,I2_1,10000,5026
448041049,I2_1,10000,3546
926340454,I2_1,10000,3527
230459950,I2_2,20000,4718
820188265,I2_2,20000,4752
628812798,I2_1,10000,3172
123830025,I2_1,10000,2709
645715371,I2_2,20000,5059
144464918,I2_1,10000,2697
527383583,I2_1,10000,3432
34875660,I2_2,20000,5058
683435694,I2_2,20000,5617
526221396,I2_2,20000,7769
333440114,I2_1,10000,2968
730890294,I2_2,20000,5268
480786482,I2_1,10000,4665
120775339,I2_1,10000,2810
561497422,I2_2,20000,5179
638087346,I2_2,20000,5673
212021067,I2_2,20000,4921
963506409,I2_1,10000,4128
163644203,I2_2,20000,5883
250143993,I2_1,10000,3023
764946245,I2_2,20000,4809
300733646,I2_2,20000,5105
466886481,I2_1,10000,5660
136846850,I2_1,10000,5068
253024393,I2_2,20000,6185
799663266,I2_2,20000,5596
39286228,I2_2,20000,5295
38455106,I2_1,10000,4650
523630610,I2_1,10000,4100
640376903,I2_1,10000,4044
416751879,I2_2,20000,5379
559595782,I2_1,10000,4857
495610369,I2_1,10000,5329
983853630,I2_1,10000,5324
713187750,I2_2,20000,9826
800760848,I2_1,10000,7106
483966084,I2_1,10000,4519
595430889,I2_1,10000,6215
284867881,I2_2,20000,13531
219889949,I2_2,20000,13594
503688504,I2_2,20000,9641
507254682,I2_1,10000,6033
513144357,I2_1,10000,6637
659827982,I2_2,20000,6698
460185360,I2_1,10000,4977
813734730,I2_1,10000,5574
105420548,I2_2,20000,8921
974404812,I2_1,10000,3968
548647913,I2_1,10000,4475
26933679,I2_2,20000,6598
176004407,I2_1,10000,2692
628545602,I2_1,10000,3802
403618340,I2_1,10000,2933
93813861,I2_2,20000,4720
918929766,I2_2,20000,4679
186795669,I2_1,10000,3548
645871216,I2_2,20000,5285
867705507,I2_2,20000,6289
356312391,I2_2,20000,5182
428273367,I2_2,20000,4744
115890898,I2_2,20000,5627
787154825,I2_1,10000,3476
681383779,I2_1,10000,3124
639486318,I2_2,20000,4744
883593705,I2_1,10000,4231
62730958,I2_2,20000,6874
379156410,I2_2,20000,5368
801433794,I2_2,20000,5844
824843536,I2_2,20000,5812
540268980,I2_2,20000,6829
709425691,I2_2,20000,5766
774432995,I2_1,10000,4076
247824425,I2_1,10000,3409
560736568,I2_2,20000,5992
181915277,I2_2,20000,5695
814733227,I2_2,20000,5766
74908730,I2_1,10000,3969
405119169,I2_1,10000,5666
997702996,I2_2,20000,8461
43854551,I2_1,10000,5223
352268768,I2_1,10000,4581
620548064,I2_1,10000,5104
23871174,I2_1,10000,6896
315471907,I2_2,20000,7331
796568474,I2_2,20000,5472
377286153,I2_1,10000,6021
549554595,I2_1,10000,4673
956439913,I2_2,20000,5987
89783464,I2_2,20000,5419
989741243,I2_1,10000,2688
812684975,I2_2,20000,4926
752397931,I2_1,10000,2601
699103598,I2_1,10000,3561
791664583,I2_1,10000,4826
677966991,I2_2,20000,8045
656919104,I2_1,10000,5199
96153017,I2_1,10000,3582
510968874,I2_2,20000,7897
130176509,I2_1,10000,4957
103845013,I2_1,10000,5440
459146100,I2_2,20000,9451
791779428,I2_2,20000,8112
897722196,I2_2,20000,5173
323578086,I2_1,10000,3232
691279532,I2_1,10000,2874
217198607,I2_2,20000,4806
836631977,I2_2,20000,6891
265767729,I2_1,10000,3954
14743915,I2_2,20000,4767
206328494,I2_1,10000,4140
577683968,I2_1,10000,2711
966133871,I2_1,10000,3046
588849442,I2_2,20000,5050
480235627,I2_1,10000,2788
469154579,I2_1,10000,2759
712163112,I2_2,20000,4735
321988864,I2_2,20000,4962
137767632,I2_1,10000,4395
75893222,I2_1,10000,3678
878162432,I2_2,20000,6290
120231575,I2_1,10000,2778
638720975,I2_2,20000,4887
836334089,I2_2,20000,4959
445375414,I2_1,10000,2939
995086439,I2_2,20000,6017
833173444,I2_1,10000,2938
881859528,I2_1,10000,3136
945623558,I2_1,10000,2892
168047815,I2_1,10000,4983
265855369,I2_2,20000,5277
878238846,I2_2,20000,6023
717756425,I2_1,10000,4486
124379441,I2_1,10000,3678
613626468,I2_1,10000,3884
221631529,I2_2,20000,5524
42840869,I2_2,20000,4895
610990508,I2_1,10000,4304
197418001,I2_2,20000,5868
283065943,I2_1,10000,5172
785272726,I2_1,10000,3559
674044838,I2_1,10000,4603
976462005,I2_1,10000,5179
945304792,I2_1,10000,6795
36876483,I2_2,20000,11266
633671332,I2_2,20000,8772
809895989,I2_2,20000,6579
362484616,I2_2,20000,7168
898777526,I2_1,10000,2846
657534913,I2_1,10000,3947
609482290,I2_2,20000,4835
223365754,I2_1,10000,3204
187731789,I2_2,20000,6158
527073179,I2_2,20000,4920
795230600,I2_1,10000,4320
1227262,I2_1,10000,4299
159274765,I2_2,20000,4808
315739068,I2_1,10000,3065
570547854,I2_2,20000,4751
60717309,I2_1,10000,2831
853480616,I2_1,10000,3125
35024648,I2_1,10000,3887
71064644,I2_2,20000,5323
968596352,I2_1,10000,3300
404639578,I2_2,20000,5704
615466894,I2_1,10000,4694
996540659,I2_1,10000,2894
477109992,I2_2,20000,5545
869268189,I2_2,20000,5694
253260136,I2_1,10000,6161
976356590,I2_2,20000,4860
73677410,I2_1,10000,3742
164429328,I2_1,10000,4246
447561412,I2_2,20000,7173
439920123,I2_1,10000,5832
868730471,I2_1,10000,6970
577891289,I2_1,10000,6133
26697832,I2_2,20000,4912
358806059,I2_1,10000,4462
8475856,I2_2,20000,5209
563999959,I2_2,20000,7470
697151779,I2_2,20000,6858
150902572,I2_1,10000,3401
939394035,I2_1,10000,3847
907935749,I2_2,20000,6032
582006222,I2_1,10000,4192
248995370,I2_1,10000,4153
849959835,I2_2,20000,5249
563621739,I2_1,10000,2760
240205414,I2_1,10000,2815
985450810,I2_2,20000,4841
522357019,I2_2,20000,5882
589905574,I2_2,20000,4851
172019353,I2_1,10000,3700
340228304,I2_1,10000,3099
456055391,I2_2,20000,5440
435173245,I2_1,10000,2853
922918530,I2_1,10000,2848
67117268,I2_2,20000,5352
842692429,I2_2,20000,5776
686239295,I2_2,20000,6699
358744780,I2_1,10000,3875
516989832,I2_1,10000,4637
694148812,I2_2,20000,7400
746487835,I2_2,20000,8296
711795517,I2_1,10000,6079
124749365,I2_2,20000,7738
841059339,I2_1,10000,4995
947427808,I2_2,20000,11138
981523680,I2_1,10000,4983
183792192,I2_1,10000,3891
446959551,I2_2,20000,14525
151089654,I2_2,20000,7441
74497371,I2_2,20000,6279
32484609,I2_1,10000,4504
955670975,I2_2,20000,7798
950166818,I2_2,20000,9097
670180551,I2_1,10000,2843
439665558,I2_1,10000,2849
2754111,I2_2,20000,5189
376313912,I2_2,20000,6785
549306691,I2_1,10000,6265
575479363,I2_2,20000,4911
577065891,I2_1,10000,3433
847862351,I2_1,10000,2818
719217838,I2_2,20000,5932
383543401,I2_1,10000,5261
39658191,I2_1,10000,4627
239018180,I2_2,20000,8119
550777322,I2_2,20000,10244
175108294,I2_1,10000,2835
369460353,I2_2,20000,5421
882032034,I2_1,10000,3276
281217530,I2_2,20000,6217
922416480,I2_2,20000,4820
105118719,I2_2,20000,5939
327188997,I2_1,10000,2820
722304200,I2_2,20000,6271
639179972,I2_2,20000,4902
73501736,I2_2,20000,4855
142713616,I2_1,10000,5448
315353540,I2_2,20000,5742
417022779,I2_2,20000,5144
357520771,I2_1,10000,3110
54988735,I2_1,10000,3327
40055575,I2_2,20000,4935
521630896,I2_2,20000,5033
781785211,I2_1,10000,5562
856518278,I2_1,10000,6085
871001662,I2_2,20000,10039
824527948,I2_1,10000,5056
901005258,I2_2,20000,7587
71163426,I2_2,20000,9087
476658180,I2_1,10000,5219
872772168,I2_2,20000,7081
105649294,I2_2,20000,4813
47808541,I2_2,20000,4861
802345152,I2_2,20000,4821
13852070,I2_2,20000,5815
129857182,I2_1,10000,2774
981243067,I2_2,20000,4889
503351454,I2_2,20000,7017
588431526,I2_2,20000,4840
338251854,I2_2,20000,4886
697622154,I2_1,10000,2822
924385321,I2_1,10000,3263
573996947,I2_2,20000,6449
566527413,I2_1,10000,5821
581559906,I2_2,20000,8388
816173825,I2_2,20000,9443
785823282,I2_2,20000,7092
563268132,I2_2,20000,6928
773173182,I2_1,10000,4876
201475948,I2_1,10000,6617
686038679,I2_2,20000,9794
191098969,I2_2,20000,11317
266110890,I2_2,20000,7837
31052712,I2_1,10000,3557
199710720,I2_1,10000,4254
337490531,I2_2,20000,5250
513836882,I2_1,10000,3078
461569282,I2_2,20000,4873
531720983,I2_1,10000,2955
339682307,I2_1,10000,4992
695946996,I2_2,20000,4939
291832473,I2_2,20000,7109
973508343,I2_1,10000,5742
971359623,I2_1,10000,5158
704593911,I2_2,20000,7335
279941303,I2_1,10000,4064
787745208,I2_1,10000,4066
616982383,I2_1,10000,5133
908917553,I2_2,20000,12430
331076521,I2_2,20000,11284
13859280,I2_1,10000,5491
32771191,I2_1,10000,3944
579146926,I2_2,20000,12562
778822974,I2_2,20000,10759
587804243,I2_1,10000,3647
792912865,I2_2,20000,6257
605151434,I2_1,10000,3077
158439571,I2_1,10000,3101
220269449,I2_1,10000,4847
431520105,I2_2,20000,6872
437840718,I2_2,20000,6409
381132192,I2_2,20000,7629
56306731,I2_1,10000,2816
702160065,I2_2,20000,4832
404952119,I2_1,10000,3252
431251533,I2_1,10000,3115
213548936,I2_2,20000,4781
391375922,I2_2,20000,4861
981974135,I2_1,10000,5464
890747766,I2_2,20000,5789
915410958,I2_1,10000,4257
715691871,I2_2,20000,4902
600725749,I2_1,10000,3399
461623091,I2_1,10000,2866
814167790,I2_1,10000,2881
956015719,I2_1,10000,2894
