request_id,graph_id,slo,latency
651572110,I2_1,10000,3209
81191850,I2_2,20000,5684
485946492,I2_2,20000,7844
431514450,I2_1,10000,3649
212583334,I2_2,20000,5530
153336306,I2_1,10000,4179
142599814,I2_2,20000,5259
7069694,I2_2,20000,4618
595440027,I2_2,20000,4964
242724749,I2_1,10000,4495
465106018,I2_1,10000,4297
77443542,I2_2,20000,4816
500843335,I2_1,10000,3380
679465891,I2_2,20000,6124
714203279,I2_2,20000,5679
746272997,I2_2,20000,7316
87261024,I2_2,20000,7248
9700796,I2_1,10000,5466
957351353,I2_2,20000,10002
803507460,I2_2,20000,11068
492929862,I2_1,10000,3056
662880512,I2_1,10000,2778
397217626,I2_1,10000,3188
523780837,I2_1,10000,2601
124932320,I2_2,20000,5773
74095265,I2_1,10000,5230
169455596,I2_2,20000,6803
460461059,I2_1,10000,5056
859286134,I2_2,20000,9528
29795240,I2_2,20000,6590
28280904,I2_2,20000,7667
738198414,I2_2,20000,7170
723381043,I2_2,20000,8804
342055759,I2_1,10000,4978
482260978,I2_1,10000,2631
315673885,I2_1,10000,2621
661652308,I2_1,10000,2921
140863599,I2_2,20000,4733
968073672,I2_2,20000,6413
41932269,I2_1,10000,4181
884651416,I2_2,20000,5252
987249529,I2_2,20000,5243
477159033,I2_1,10000,5820
877076626,I2_1,10000,4120
285258276,I2_1,10000,5270
643613143,I2_2,20000,8954
896503165,I2_1,10000,6302
742927016,I2_2,20000,9508
708113027,I2_1,10000,3857
70499747,I2_2,20000,6726
996686895,I2_2,20000,7674
660798345,I2_1,10000,5719
414587036,I2_1,10000,4568
233641049,I2_2,20000,5116
845717593,I2_1,10000,5694
258237817,I2_2,20000,8007
156844336,I2_1,10000,3518
213186541,I2_2,20000,9984
718107354,I2_2,20000,5233
262493627,I2_1,10000,2769
353230212,I2_1,10000,3049
879565088,I2_1,10000,2753
951317970,I2_2,20000,5607
258425518,I2_1,10000,2762
781312785,I2_1,10000,3425
408720151,I2_1,10000,4737
378387522,I2_1,10000,3470
866426035,I2_2,20000,4863
622018305,I2_2,20000,5656
302040380,I2_2,20000,4852
434120287,I2_2,20000,5825
653841062,I2_2,20000,5181
402728475,I2_2,20000,5961
40802894,I2_1,10000,5248
92960288,I2_1,10000,4102
222689022,I2_2,20000,5658
929783852,I2_2,20000,5702
770928025,I2_2,20000,6053
381694818,I2_1,10000,5586
368193247,I2_1,10000,3784
818423459,I2_2,20000,5332
177646685,I2_2,20000,6277
693892363,I2_1,10000,4625
101861225,I2_2,20000,6815
315975594,I2_1,10000,2882
940990345,I2_2,20000,6115
980249501,I2_1,10000,4982
735538635,I2_1,10000,5433
379615040,I2_2,20000,9606
290763416,I2_2,20000,11156
834048761,I2_2,20000,9930
796938136,I2_2,20000,12631
53443809,I2_1,10000,4375
40723386,I2_2,20000,13856
373318924,I2_2,20000,15587
144998541,I2_1,10000,6633
559594648,I2_2,20000,16993
770057573,I2_1,10000,4816
223928042,I2_2,20000,14081
432149759,I2_2,20000,11732
388930123,I2_2,20000,10113
904098828,I2_1,10000,3665
113089244,I2_1,10000,3809
505136078,I2_2,20000,14005
629741662,I2_1,10000,5464
665316254,I2_1,10000,3001
420964016,I2_2,20000,4698
942102909,I2_2,20000,4662
51304686,I2_1,10000,3165
573632956,I2_2,20000,8192
182978742,I2_1,10000,3093
710103113,I2_1,10000,2693
650091155,I2_2,20000,4647
527213270,I2_1,10000,4130
144491676,I2_1,10000,3973
362486275,I2_1,10000,2644
114560670,I2_1,10000,3260
947051636,I2_1,10000,3600
518328821,I2_2,20000,6793
327469596,I2_1,10000,2572
724577517,I2_1,10000,2715
904426279,I2_2,20000,5329
119158313,I2_1,10000,2968
669539434,I2_2,20000,4676
415845246,I2_1,10000,4082
267416646,I2_2,20000,6619
235246280,I2_2,20000,4546
181402432,I2_2,20000,6582
474155813,I2_2,20000,4786
171761673,I2_2,20000,4773
348700230,I2_2,20000,4866
930007028,I2_2,20000,4592
818442477,I2_2,20000,5068
464193763,I2_2,20000,4727
135889369,I2_1,10000,5299
93189930,I2_1,10000,4882
581458379,I2_2,20000,5922
456088835,I2_1,10000,5283
880778910,I2_1,10000,4000
734885356,I2_2,20000,10897
483223207,I2_1,10000,4986
9923643,I2_1,10000,4307
99703092,I2_2,20000,14438
230721150,I2_2,20000,12613
422708595,I2_2,20000,13774
736960379,I2_1,10000,6496
213925313,I2_1,10000,6981
364153590,I2_1,10000,5542
739512071,I2_2,20000,16631
540347156,I2_1,10000,5920
616525700,I2_2,20000,17658
281765947,I2_1,10000,6347
595328682,I2_2,20000,13246
776229793,I2_2,20000,14542
369640667,I2_2,20000,14996
892864137,I2_2,20000,6493
139063154,I2_1,10000,4042
797186093,I2_2,20000,8859
932129341,I2_2,20000,6875
883312304,I2_1,10000,4666
323997258,I2_2,20000,5075
886905188,I2_2,20000,5338
389315872,I2_1,10000,2950
178468254,I2_1,10000,3992
508186249,I2_1,10000,3171
361906735,I2_1,10000,2689
228163874,I2_2,20000,5241
656010364,I2_2,20000,4616
902131241,I2_1,10000,2609
402868619,I2_1,10000,3669
482760627,I2_1,10000,3540
577904000,I2_1,10000,2695
542361907,I2_1,10000,2984
700324931,I2_2,20000,4823
917954727,I2_2,20000,6066
884269477,I2_1,10000,4336
982612913,I2_2,20000,7603
116436558,I2_2,20000,8645
75159612,I2_2,20000,6045
673469021,I2_1,10000,4421
847840081,I2_2,20000,8229
547610232,I2_1,10000,4189
801936470,I2_2,20000,9643
646134665,I2_2,20000,12836
824862381,I2_2,20000,14957
910940576,I2_2,20000,15038
425695280,I2_2,20000,17139
663446037,I2_2,20000,17475
502155657,I2_2,20000,12220
743596722,I2_1,10000,6444
809213561,I2_2,20000,11050
392881865,I2_2,20000,11098
998373625,I2_1,10000,4121
854665512,I2_2,20000,12525
972217900,I2_2,20000,12971
772441231,I2_2,20000,6794
859011559,I2_1,10000,5187
717987180,I2_2,20000,8589
828534586,I2_2,20000,5088
928701250,I2_2,20000,4953
545926547,I2_1,10000,4180
908652808,I2_2,20000,7683
12984991,I2_2,20000,8538
221156555,I2_1,10000,3820
108885660,I2_1,10000,4680
727767155,I2_2,20000,6402
111433285,I2_2,20000,7216
271043631,I2_1,10000,4562
818088140,I2_1,10000,2899
867157314,I2_2,20000,4529
299703242,I2_2,20000,6498
989152627,I2_1,10000,2617
735804323,I2_1,10000,3775
897111714,I2_1,10000,2680
895674473,I2_2,20000,5409
536892101,I2_2,20000,5993
111751009,I2_2,20000,5503
758849767,I2_1,10000,3952
997791690,I2_1,10000,2528
144658566,I2_1,10000,2604
840009021,I2_1,10000,2540
157931155,I2_1,10000,2730
123671859,I2_1,10000,2667
470572108,I2_1,10000,2721
118136787,I2_1,10000,2582
44163049,I2_2,20000,5599
18916410,I2_1,10000,3960
132491646,I2_1,10000,4520
221180884,I2_2,20000,9815
597949719,I2_2,20000,9232
844749868,I2_2,20000,8545
16854828,I2_1,10000,5760
884657794,I2_1,10000,4226
171132266,I2_2,20000,11915
424912298,I2_2,20000,10778
673896448,I2_1,10000,3904
267573863,I2_2,20000,14496
44008050,I2_2,20000,6483
504393198,I2_2,20000,7563
4654205,I2_1,10000,5348
865824278,I2_1,10000,6976
668816757,I2_1,10000,7548
622690868,I2_2,20000,10744
832860005,I2_1,10000,4930
346667959,I2_1,10000,3305
53210804,I2_2,20000,12322
609249228,I2_1,10000,4804
251138486,I2_2,20000,11762
127860292,I2_2,20000,10095
816384449,I2_2,20000,11172
213952132,I2_1,10000,5703
200180068,I2_1,10000,4220
830947311,I2_2,20000,11109
355794006,I2_1,10000,4713
763306035,I2_1,10000,5799
480528874,I2_1,10000,6357
826093941,I2_2,20000,14160
899238001,I2_1,10000,4136
561290716,I2_2,20000,15649
665823750,I2_2,20000,17710
907547210,I2_2,20000,16068
673609303,I2_2,20000,14973
150011270,I2_1,10000,2871
322469666,I2_1,10000,3709
858668134,I2_2,20000,5013
65584171,I2_2,20000,4659
164035048,I2_1,10000,3793
892561654,I2_1,10000,3952
226687507,I2_1,10000,3052
978947453,I2_2,20000,4794
529249156,I2_1,10000,2646
336299389,I2_2,20000,4568
790227535,I2_1,10000,3004
210086484,I2_1,10000,2523
603345475,I2_1,10000,2781
500087732,I2_2,20000,4538
214218348,I2_2,20000,4570
620977953,I2_1,10000,2766
201083958,I2_1,10000,3413
535365051,I2_1,10000,3566
299636305,I2_2,20000,4671
438057673,I2_2,20000,6824
568431957,I2_1,10000,3208
939791039,I2_2,20000,7825
318276693,I2_1,10000,3845
985951891,I2_1,10000,4254
368398301,I2_1,10000,2730
164776376,I2_1,10000,2739
255601369,I2_2,20000,5314
179095379,I2_2,20000,4991
109180638,I2_1,10000,3008
162858363,I2_1,10000,3127
470281193,I2_1,10000,2794
844777773,I2_1,10000,4519
331462793,I2_2,20000,5208
606153553,I2_1,10000,4107
748624447,I2_2,20000,9191
723241807,I2_2,20000,4653
830377106,I2_1,10000,3779
352710076,I2_1,10000,4973
906375633,I2_1,10000,6161
622611173,I2_1,10000,4632
656616634,I2_1,10000,5186
851120783,I2_1,10000,5243
945660285,I2_2,20000,9032
557405451,I2_2,20000,6467
279097650,I2_1,10000,5245
411234225,I2_1,10000,3186
583626214,I2_1,10000,2735
312840276,I2_2,20000,5245
883936136,I2_1,10000,4110
628468373,I2_1,10000,4000
739517113,I2_2,20000,5672
108539943,I2_2,20000,7767
973593053,I2_2,20000,5679
215193845,I2_2,20000,4834
312647094,I2_2,20000,5859
324172897,I2_1,10000,2891
595672346,I2_2,20000,5228
613529242,I2_1,10000,5186
218021650,I2_1,10000,6767
393498350,I2_1,10000,6210
256571968,I2_1,10000,3322
964186132,I2_1,10000,4644
525731015,I2_1,10000,2812
960678758,I2_2,20000,5401
737092448,I2_1,10000,5964
455405211,I2_2,20000,8149
844078664,I2_2,20000,9873
380132651,I2_2,20000,8600
967237073,I2_1,10000,4478
604036765,I2_2,20000,12111
425861489,I2_2,20000,11897
921094973,I2_1,10000,4544
392452507,I2_2,20000,7494
195371343,I2_1,10000,3941
701910905,I2_2,20000,10047
615819620,I2_2,20000,7668
926990786,I2_1,10000,4863
568737909,I2_1,10000,4357
523921975,I2_2,20000,7576
9960419,I2_1,10000,3729
988766194,I2_1,10000,3431
370283103,I2_2,20000,5746
105753929,I2_2,20000,6569
839366067,I2_1,10000,4129
341936719,I2_2,20000,10153
577230212,I2_1,10000,3612
620679616,I2_1,10000,3579
538952320,I2_1,10000,3141
141974773,I2_1,10000,2531
994486700,I2_1,10000,2659
248743772,I2_1,10000,4041
665193880,I2_1,10000,3200
436179621,I2_2,20000,7485
209089074,I2_2,20000,7306
558053880,I2_1,10000,5993
897647521,I2_1,10000,5420
248443292,I2_2,20000,9978
597661984,I2_2,20000,11936
495671216,I2_1,10000,4270
663004068,I2_1,10000,2996
113677770,I2_2,20000,5022
106786030,I2_2,20000,4661
490739859,I2_1,10000,3047
397111685,I2_2,20000,5272
492337276,I2_1,10000,4598
481344536,I2_2,20000,8671
901742564,I2_2,20000,6455
719159411,I2_1,10000,4228
507406420,I2_2,20000,4621
418249086,I2_1,10000,3332
31258950,I2_2,20000,4732
323766148,I2_2,20000,5105
913216398,I2_2,20000,5684
33146669,I2_1,10000,4112
672846985,I2_1,10000,3143
21602266,I2_2,20000,5720
152796407,I2_1,10000,3246
381127798,I2_2,20000,4669
505512406,I2_2,20000,5576
313290517,I2_2,20000,7751
857876485,I2_2,20000,5364
703970794,I2_2,20000,7552
433443181,I2_2,20000,5288
682963233,I2_1,10000,5717
419660645,I2_1,10000,4156
778564646,I2_2,20000,7400
665337017,I2_2,20000,7889
275165648,I2_2,20000,8321
768231306,I2_1,10000,5545
876173678,I2_1,10000,4668
87888645,I2_1,10000,5279
117591368,I2_1,10000,5805
465920467,I2_1,10000,4665
191157401,I2_2,20000,16264
60885967,I2_1,10000,6662
343375585,I2_2,20000,17780
438395263,I2_2,20000,13862
539807153,I2_2,20000,10819
510847077,I2_2,20000,12909
159151541,I2_1,10000,5280
385767339,I2_2,20000,16619
55703038,I2_2,20000,13934
588952359,I2_2,20000,15539
515921140,I2_2,20000,13974
922086250,I2_1,10000,4020
263832355,I2_1,10000,3921
365094030,I2_2,20000,4660
760555222,I2_1,10000,4095
418935982,I2_1,10000,5113
371499692,I2_2,20000,4663
413034582,I2_1,10000,2739
261405972,I2_2,20000,5228
86767977,I2_2,20000,4921
355186485,I2_1,10000,2762
53349826,I2_2,20000,6134
218737246,I2_1,10000,4035
309298696,I2_2,20000,6265
867110960,I2_1,10000,4480
248724999,I2_1,10000,4912
976383537,I2_1,10000,5972
14943504,I2_2,20000,4669
284897372,I2_1,10000,3062
29125466,I2_2,20000,4611
401386525,I2_2,20000,6806
734285605,I2_2,20000,6460
873516772,I2_2,20000,5990
102324069,I2_1,10000,4273
814789489,I2_2,20000,8771
654212685,I2_2,20000,5637
496453550,I2_1,10000,5098
168154527,I2_1,10000,2702
718922825,I2_1,10000,3749
84659383,I2_2,20000,5813
751528085,I2_2,20000,5815
34780515,I2_1,10000,5097
445502302,I2_1,10000,5118
500305409,I2_1,10000,5206
785690987,I2_2,20000,11953
586646527,I2_1,10000,5158
698308640,I2_2,20000,12290
774958986,I2_1,10000,5517
581889154,I2_1,10000,6027
503629283,I2_2,20000,15420
666488839,I2_2,20000,16577
534768187,I2_2,20000,15530
869437258,I2_2,20000,16980
812006994,I2_1,10000,7291
114356218,I2_1,10000,6690
484794331,I2_2,20000,18678
857305850,I2_1,10000,8796
591874489,I2_1,10000,10324
762967605,I2_1,10000,10918
729683242,I2_2,20000,21761
208807838,I2_2,20000,16275
626161158,I2_2,20000,18327
369412874,I2_2,20000,11706
423062571,I2_2,20000,12240
919794158,I2_1,10000,5162
563287935,I2_2,20000,12040
850760609,I2_1,10000,3720
552281179,I2_2,20000,14748
508423633,I2_2,20000,11584
522194979,I2_2,20000,8074
412619627,I2_2,20000,7171
527404568,I2_1,10000,4482
484717395,I2_2,20000,5405
634095467,I2_1,10000,3250
896496749,I2_2,20000,4504
566954457,I2_1,10000,2542
489654558,I2_1,10000,2584
15051054,I2_1,10000,2690
62107165,I2_1,10000,2672
384824541,I2_1,10000,2704
245209108,I2_2,20000,5008
767164693,I2_1,10000,3791
489304441,I2_2,20000,7980
553172159,I2_1,10000,3744
600677270,I2_2,20000,6147
755176965,I2_1,10000,2555
993003180,I2_2,20000,5551
622318615,I2_1,10000,3980
528128521,I2_1,10000,3532
94068639,I2_1,10000,4022
352301866,I2_2,20000,7841
470405314,I2_2,20000,8791
527705069,I2_1,10000,5381
868333504,I2_1,10000,4316
179768671,I2_1,10000,2961
252999972,I2_1,10000,2936
291900507,I2_2,20000,5261
991992140,I2_1,10000,4683
531617789,I2_2,20000,6190
395913689,I2_2,20000,7699
637984749,I2_1,10000,5231
382200157,I2_1,10000,5705
740361509,I2_1,10000,5071
499186533,I2_2,20000,11653
292800166,I2_1,10000,4867
826411564,I2_2,20000,13181
290139678,I2_1,10000,5263
634890774,I2_1,10000,4757
740838091,I2_1,10000,5306
885863136,I2_2,20000,12083
657739542,I2_1,10000,4171
504540010,I2_2,20000,11524
676970884,I2_2,20000,12562
593782209,I2_1,10000,4149
47087216,I2_2,20000,11751
226676348,I2_1,10000,3139
108178937,I2_2,20000,11991
654988973,I2_2,20000,4681
637900335,I2_2,20000,6757
53307581,I2_1,10000,2963
385065572,I2_1,10000,2516
506173098,I2_1,10000,2523
916676859,I2_1,10000,3600
55867300,I2_1,10000,4690
830896365,I2_1,10000,2485
28836356,I2_2,20000,4525
478255972,I2_1,10000,5080
123600641,I2_2,20000,4975
392495970,I2_1,10000,2604
940400430,I2_1,10000,2702
64185334,I2_2,20000,5371
136530538,I2_1,10000,3756
386401069,I2_2,20000,6881
461789686,I2_1,10000,4884
303385160,I2_1,10000,4857
282401247,I2_2,20000,11251
532993846,I2_1,10000,5967
38330559,I2_1,10000,3265
223705544,I2_2,20000,12941
798169318,I2_2,20000,11431
982677530,I2_2,20000,9770
988776486,I2_1,10000,4017
25296838,I2_1,10000,4700
151457873,I2_2,20000,4571
444536377,I2_1,10000,4143
17523938,I2_1,10000,3895
589092936,I2_2,20000,7108
203877891,I2_1,10000,5315
184274852,I2_2,20000,8633
770219688,I2_1,10000,4225
942818191,I2_1,10000,4986
678895179,I2_2,20000,9723
762017622,I2_2,20000,4665
132264963,I2_1,10000,3015
865814675,I2_1,10000,2926
661026714,I2_1,10000,3793
982784472,I2_2,20000,5074
773768653,I2_1,10000,3177
328584925,I2_2,20000,4707
870461665,I2_2,20000,4640
691660688,I2_1,10000,2950
737885846,I2_1,10000,3119
462630524,I2_1,10000,3835
778273242,I2_2,20000,6259
935825632,I2_1,10000,5683
611639793,I2_1,10000,4834
887575308,I2_2,20000,5674
518390672,I2_1,10000,4097
274157136,I2_2,20000,5938
659415827,I2_1,10000,2745
463976343,I2_1,10000,2533
920629140,I2_1,10000,2518
101197448,I2_2,20000,4545
606604627,I2_1,10000,3288
158245344,I2_1,10000,2910
111891370,I2_1,10000,4465
462325101,I2_1,10000,3846
443579685,I2_2,20000,6158
522676832,I2_1,10000,3928
152265522,I2_1,10000,5227
860872346,I2_1,10000,5035
819379857,I2_1,10000,6615
870396128,I2_1,10000,8240
853273495,I2_1,10000,7644
80958645,I2_2,20000,11135
626210459,I2_1,10000,8047
855499766,I2_1,10000,8600
539443765,I2_2,20000,15482
134150756,I2_2,20000,17586
693412823,I2_2,20000,16725
170225569,I2_2,20000,13801
554519125,I2_1,10000,6415
75857445,I2_2,20000,14954
756906408,I2_2,20000,13659
722603732,I2_2,20000,14582
600490316,I2_1,10000,4658
113170563,I2_1,10000,4505
432772978,I2_1,10000,2916
897863323,I2_1,10000,2867
528189669,I2_1,10000,3566
981623889,I2_1,10000,4682
423417345,I2_2,20000,4579
613100871,I2_1,10000,3233
420053694,I2_1,10000,3357
163664764,I2_2,20000,4824
857030705,I2_2,20000,4978
474507237,I2_1,10000,2708
70205511,I2_2,20000,5396
950521881,I2_2,20000,4651
552042176,I2_2,20000,4714
549155482,I2_1,10000,4037
76902529,I2_1,10000,5135
289627000,I2_2,20000,4726
680837631,I2_2,20000,4753
95082876,I2_2,20000,4986
309893311,I2_1,10000,2824
729153666,I2_1,10000,2610
139210471,I2_1,10000,2676
915216166,I2_1,10000,2986
273587028,I2_1,10000,4761
919746521,I2_2,20000,4898
560837834,I2_2,20000,5749
356212204,I2_1,10000,3025
637535090,I2_1,10000,4870
304701424,I2_2,20000,5888
924571348,I2_1,10000,4694
955253750,I2_1,10000,5711
894144107,I2_2,20000,9672
136996732,I2_2,20000,10060
512587353,I2_1,10000,6695
316336546,I2_1,10000,7246
214223790,I2_2,20000,11484
428304732,I2_2,20000,5290
441322034,I2_2,20000,6884
987797350,I2_1,10000,6262
273150797,I2_1,10000,4557
567841830,I2_2,20000,11835
755382349,I2_2,20000,10096
363682855,I2_1,10000,4983
507899785,I2_2,20000,10441
294196967,I2_1,10000,4982
904907093,I2_2,20000,13257
909847466,I2_1,10000,5068
813652418,I2_1,10000,4542
998211778,I2_2,20000,5817
85183714,I2_1,10000,5225
840113984,I2_1,10000,3305
108317670,I2_2,20000,5946
690393493,I2_2,20000,5093
838229003,I2_1,10000,3242
362069703,I2_2,20000,5048
980837248,I2_1,10000,3448
467986335,I2_1,10000,2963
271235591,I2_1,10000,2637
500633419,I2_1,10000,2705
418861726,I2_2,20000,5426
708762194,I2_2,20000,6493
746696844,I2_1,10000,4833
730904232,I2_2,20000,7005
972034119,I2_2,20000,4983
463390840,I2_2,20000,4731
89382548,I2_2,20000,5720
339728230,I2_2,20000,5126
68032112,I2_1,10000,4494
215712857,I2_1,10000,3053
507022341,I2_1,10000,2730
53151557,I2_2,20000,5197
622311685,I2_2,20000,6703
677384132,I2_1,10000,3112
668684643,I2_2,20000,6213
363895652,I2_1,10000,4231
181986153,I2_2,20000,5814
447603150,I2_1,10000,5196
603783755,I2_2,20000,6196
38001919,I2_1,10000,4439
398566662,I2_2,20000,6793
622895705,I2_1,10000,4086
2463745,I2_1,10000,3588
114165865,I2_1,10000,4264
86099266,I2_2,20000,4799
531579864,I2_1,10000,4209
99603329,I2_1,10000,5798
349702053,I2_1,10000,6162
576341780,I2_2,20000,9524
123250344,I2_2,20000,11450
750194997,I2_2,20000,12855
880542076,I2_2,20000,13231
114626335,I2_2,20000,5133
248505785,I2_2,20000,6832
97813616,I2_1,10000,4151
303045681,I2_1,10000,2541
761275642,I2_1,10000,2481
437808209,I2_2,20000,4819
693356546,I2_2,20000,4809
663547204,I2_2,20000,5441
999577600,I2_2,20000,4733
646339178,I2_1,10000,4125
237787873,I2_1,10000,5751
534814342,I2_2,20000,6823
170631684,I2_2,20000,7847
305593265,I2_1,10000,3068
354891926,I2_1,10000,3528
484849830,I2_2,20000,8131
807788724,I2_1,10000,5151
986284334,I2_1,10000,4531
784860128,I2_1,10000,2527
661979342,I2_2,20000,4625
651333512,I2_2,20000,5545
290753997,I2_2,20000,4658
557262441,I2_1,10000,4699
850761586,I2_2,20000,6917
542643544,I2_1,10000,5302
939067498,I2_2,20000,5300
399088850,I2_1,10000,3653
692971543,I2_1,10000,4539
516747445,I2_1,10000,4682
758243204,I2_2,20000,8137
831892568,I2_1,10000,5758
368956251,I2_2,20000,5366
554220939,I2_1,10000,4700
306935014,I2_2,20000,4660
515220813,I2_1,10000,2518
275806891,I2_2,20000,4732
285624294,I2_1,10000,4203
92756455,I2_2,20000,6144
209779587,I2_2,20000,5666
408810933,I2_1,10000,6194
863050881,I2_1,10000,4451
283755505,I2_2,20000,6036
360872062,I2_2,20000,4594
735730021,I2_2,20000,4652
603962370,I2_2,20000,5009
622203798,I2_1,10000,3019
270097652,I2_1,10000,3618
242044109,I2_1,10000,5296
438104045,I2_1,10000,4012
217690359,I2_2,20000,7805
433378649,I2_2,20000,7578
570705238,I2_2,20000,8025
363440570,I2_1,10000,5401
243374129,I2_2,20000,11262
470867636,I2_1,10000,4838
398753716,I2_1,10000,3845
933791007,I2_2,20000,12857
44500600,I2_1,10000,2704
338005540,I2_2,20000,4691
479372028,I2_1,10000,3021
154965881,I2_2,20000,6003
110618838,I2_1,10000,5435
913005423,I2_2,20000,9173
985507025,I2_1,10000,4671
115419760,I2_2,20000,10720
251779092,I2_2,20000,12269
400382635,I2_2,20000,11574
663417115,I2_1,10000,5484
951856554,I2_1,10000,4798
553461713,I2_1,10000,5937
409381957,I2_2,20000,14001
205727098,I2_1,10000,6561
40636777,I2_1,10000,7107
49186706,I2_2,20000,16597
587598025,I2_1,10000,5936
155776436,I2_1,10000,7548
713783146,I2_1,10000,6831
757094759,I2_2,20000,14082
338556638,I2_2,20000,13455
453956034,I2_2,20000,15116
383221657,I2_2,20000,16458
924195410,I2_1,10000,7036
671619409,I2_1,10000,5325
72119075,I2_2,20000,12954
595179511,I2_2,20000,8098
206667830,I2_2,20000,4534
807292519,I2_2,20000,5612
913502915,I2_1,10000,6157
140275381,I2_2,20000,7079
468353477,I2_1,10000,5315
293797893,I2_2,20000,10354
593819410,I2_2,20000,10559
752419865,I2_1,10000,4651
968150672,I2_2,20000,11328
461822852,I2_1,10000,2840
816346484,I2_1,10000,2745
722925256,I2_2,20000,4593
582918379,I2_2,20000,4578
313322668,I2_2,20000,5500
654175439,I2_2,20000,6464
582104351,I2_2,20000,6185
288235872,I2_2,20000,4869
304361142,I2_1,10000,4320
611629477,I2_1,10000,4186
52148369,I2_2,20000,5741
375095495,I2_2,20000,7887
933600228,I2_2,20000,5609
711662170,I2_2,20000,5661
94807955,I2_2,20000,5724
35097295,I2_2,20000,6742
721484743,I2_1,10000,2780
431930916,I2_1,10000,3013
596284099,I2_2,20000,6582
816231682,I2_1,10000,3136
851121185,I2_1,10000,2930
794437574,I2_2,20000,5269
379416685,I2_2,20000,7432
107380102,I2_1,10000,4664
165772505,I2_2,20000,8473
393765420,I2_1,10000,4826
271203565,I2_1,10000,3807
760397426,I2_2,20000,10483
364058478,I2_2,20000,11924
25243638,I2_1,10000,5380
689745733,I2_2,20000,13402
396562740,I2_2,20000,9417
267860305,I2_2,20000,7708
337711765,I2_1,10000,3556
835985844,I2_2,20000,5542
758805325,I2_2,20000,6260
331987302,I2_1,10000,4700
102722190,I2_1,10000,3700
765298540,I2_1,10000,2641
698716822,I2_1,10000,2809
217856630,I2_1,10000,2962
840499433,I2_2,20000,4629
434335485,I2_1,10000,2612
505206457,I2_1,10000,2779
148955433,I2_1,10000,3124
515643236,I2_2,20000,6280
951155475,I2_1,10000,5372
620756879,I2_1,10000,6074
991641850,I2_1,10000,6225
276729751,I2_2,20000,10807
550247876,I2_1,10000,4148
5901821,I2_2,20000,12785
956165092,I2_1,10000,4623
70316773,I2_2,20000,7251
734779779,I2_1,10000,5383
353601118,I2_2,20000,10250
416444276,I2_2,20000,10155
367924892,I2_1,10000,4192
885348587,I2_2,20000,9482
771450975,I2_2,20000,8712
645089069,I2_2,20000,10878
619904536,I2_2,20000,5397
577085289,I2_2,20000,7492
520741803,I2_1,10000,3293
85873036,I2_2,20000,6215
84914305,I2_2,20000,5010
443133036,I2_1,10000,4244
465172248,I2_1,10000,2542
749758957,I2_2,20000,6240
942057298,I2_1,10000,3579
937224945,I2_1,10000,4024
691242698,I2_1,10000,4548
526876827,I2_2,20000,6736
124920358,I2_1,10000,4459
4081678,I2_2,20000,4871
56758355,I2_1,10000,2757
555213277,I2_1,10000,2731
961694371,I2_1,10000,2955
382016208,I2_1,10000,4036
569529261,I2_1,10000,2639
20865123,I2_1,10000,2666
489568696,I2_2,20000,4662
401700007,I2_1,10000,4090
717327937,I2_2,20000,5513
711048050,I2_2,20000,5045
396756250,I2_1,10000,2725
872228926,I2_1,10000,2777
742799244,I2_1,10000,2765
674837877,I2_2,20000,4779
199992923,I2_2,20000,5873
205187184,I2_2,20000,5977
169082359,I2_1,10000,4988
485814052,I2_1,10000,5528
398019983,I2_2,20000,6859
369811327,I2_2,20000,4841
718682017,I2_1,10000,2746
362768095,I2_1,10000,2796
342512534,I2_2,20000,5726
140197592,I2_2,20000,5633
102443400,I2_2,20000,6931
312734288,I2_2,20000,6868
33705203,I2_2,20000,4664
654217233,I2_2,20000,4761
864415327,I2_1,10000,4107
564164005,I2_1,10000,4033
110639623,I2_2,20000,9092
114702296,I2_1,10000,3323
916185964,I2_2,20000,4690
276406621,I2_1,10000,3138
761318730,I2_1,10000,2598
454342168,I2_1,10000,2728
732561103,I2_1,10000,3085
984387822,I2_2,20000,5697
937650815,I2_2,20000,5169
95496811,I2_2,20000,5922
550993943,I2_2,20000,4758
360365548,I2_1,10000,2708
418614326,I2_2,20000,5557
31739443,I2_2,20000,5759
890972829,I2_2,20000,6762
62347211,I2_2,20000,5571
127951187,I2_2,20000,6576
763996425,I2_1,10000,2761
289454085,I2_1,10000,2789
930121361,I2_1,10000,3181
801551962,I2_2,20000,4771
238722713,I2_1,10000,3228
642359371,I2_1,10000,3474
956185221,I2_2,20000,5175
666544931,I2_2,20000,5850
670577840,I2_1,10000,3080
711884571,I2_1,10000,4579
139466453,I2_2,20000,6339
648479870,I2_1,10000,3902
570883600,I2_1,10000,2854
594618722,I2_1,10000,2869
72342435,I2_2,20000,4829
584841470,I2_1,10000,5380
70570608,I2_2,20000,6641
351592540,I2_2,20000,6660
760011831,I2_2,20000,5747
251638625,I2_1,10000,3163
699504464,I2_2,20000,10049
492602530,I2_1,10000,5967
529331730,I2_1,10000,5224
113715106,I2_2,20000,8691
139337784,I2_1,10000,6892
867707426,I2_1,10000,7542
633723069,I2_1,10000,7374
612992645,I2_1,10000,5580
767530005,I2_2,20000,12268
312218869,I2_2,20000,13195
419455169,I2_1,10000,5543
826871689,I2_2,20000,12810
500913384,I2_2,20000,14582
813569022,I2_2,20000,9722
520949619,I2_1,10000,5394
517112582,I2_2,20000,6205
105684587,I2_1,10000,6037
768173151,I2_2,20000,8994
528332323,I2_2,20000,10483
595638044,I2_1,10000,3114
395821402,I2_2,20000,5237
284994235,I2_2,20000,7101
944350924,I2_2,20000,8217
118127085,I2_1,10000,4774
488821519,I2_1,10000,6455
806287872,I2_2,20000,10218
562002323,I2_2,20000,10308
161036044,I2_1,10000,5402
388276437,I2_2,20000,9184
171558438,I2_1,10000,5341
521005484,I2_1,10000,4879
659442025,I2_1,10000,3719
469513865,I2_1,10000,2584
143722984,I2_1,10000,2999
325950734,I2_2,20000,4766
267531973,I2_2,20000,6984
67942135,I2_2,20000,4630
873434991,I2_2,20000,4651
421928459,I2_1,10000,2616
480312106,I2_2,20000,5066
866798760,I2_1,10000,2734
76438030,I2_2,20000,5886
377928768,I2_2,20000,6791
100200296,I2_1,10000,4050
162149259,I2_1,10000,5366
163486391,I2_1,10000,4420
261345054,I2_2,20000,6061
924625288,I2_1,10000,3273
818530808,I2_2,20000,8309
54651097,I2_2,20000,5789
281193928,I2_1,10000,5154
714707277,I2_1,10000,3609
313845500,I2_1,10000,4074
620634258,I2_2,20000,8672
443624675,I2_2,20000,6713
249366760,I2_2,20000,5956
665955839,I2_1,10000,5311
15542458,I2_1,10000,4683
90823498,I2_2,20000,7299
378934549,I2_2,20000,9360
639697383,I2_1,10000,6314
11194597,I2_2,20000,9094
996286111,I2_2,20000,10594
905298662,I2_1,10000,6342
662518467,I2_1,10000,4269
951037562,I2_2,20000,9601
230225781,I2_2,20000,10722
821240109,I2_1,10000,2620
639141830,I2_2,20000,4600
630411072,I2_1,10000,2832
121415313,I2_2,20000,5493
652910870,I2_2,20000,5048
162887292,I2_2,20000,4739
771446747,I2_2,20000,4551
590617942,I2_2,20000,6623
27410573,I2_1,10000,4854
364986866,I2_2,20000,6439
531547793,I2_1,10000,5851
21018650,I2_1,10000,4394
483507852,I2_2,20000,7478
810188166,I2_1,10000,5276
684327954,I2_1,10000,4882
531116329,I2_2,20000,8332
896890820,I2_1,10000,4981
958336383,I2_1,10000,5500
962432665,I2_2,20000,4579
959060042,I2_2,20000,4629
620579877,I2_1,10000,3526
815297403,I2_2,20000,5272
323070482,I2_2,20000,5906
412489124,I2_1,10000,2618
2752944,I2_1,10000,3497
391168423,I2_1,10000,2790
411151331,I2_2,20000,4555
199745715,I2_2,20000,5738
428255788,I2_2,20000,5481
496628802,I2_2,20000,5509
368625656,I2_2,20000,4786
744702057,I2_1,10000,3621
413191636,I2_2,20000,5069
78040716,I2_2,20000,4981
780142110,I2_2,20000,4983
693977399,I2_2,20000,4719
119372832,I2_2,20000,6823
419311903,I2_1,10000,3735
430389544,I2_1,10000,5261
304656437,I2_2,20000,8405
811534417,I2_2,20000,7522
197485543,I2_1,10000,4795
166736065,I2_1,10000,4416
348274136,I2_2,20000,12196
853344032,I2_2,20000,5492
430308277,I2_2,20000,5728
600786761,I2_1,10000,2694
129213447,I2_1,10000,3542
24357286,I2_2,20000,5203
757599665,I2_2,20000,5247
138071092,I2_1,10000,4268
889476460,I2_1,10000,3583
157604287,I2_1,10000,3901
241958300,I2_2,20000,6883
810763752,I2_2,20000,5592
789182238,I2_1,10000,4910
575710702,I2_1,10000,4170
13019276,I2_2,20000,7172
624109044,I2_1,10000,3428
483928014,I2_2,20000,5026
840361680,I2_1,10000,3815
658182790,I2_2,20000,5699
396707574,I2_2,20000,5524
397347020,I2_1,10000,3174
336851377,I2_1,10000,4294
236812678,I2_2,20000,5383
100909273,I2_1,10000,4796
566465943,I2_2,20000,8505
303864147,I2_1,10000,3086
596154860,I2_2,20000,4839
857011911,I2_1,10000,2749
338943554,I2_2,20000,4665
119073188,I2_2,20000,6119
227483134,I2_1,10000,4418
306221028,I2_2,20000,8726
909839112,I2_2,20000,7506
891070804,I2_1,10000,2828
81342388,I2_2,20000,4892
623870411,I2_1,10000,3856
714244288,I2_2,20000,8050
728234089,I2_1,10000,2594
147545570,I2_2,20000,5175
927042466,I2_1,10000,3928
226441103,I2_1,10000,4354
570932478,I2_2,20000,7727
942351853,I2_2,20000,8817
630681681,I2_1,10000,5478
858891266,I2_1,10000,6556
723715023,I2_2,20000,6047
275924585,I2_1,10000,4415
328979297,I2_1,10000,5827
466478404,I2_2,20000,5638
932283555,I2_2,20000,4643
136994280,I2_2,20000,5389
297412756,I2_2,20000,6312
132301422,I2_1,10000,4603
863458197,I2_2,20000,6637
838874103,I2_1,10000,2833
230543794,I2_2,20000,5916
647004135,I2_2,20000,7692
896600857,I2_1,10000,5744
107497175,I2_1,10000,6278
370523360,I2_1,10000,4918
966291590,I2_1,10000,6550
214268715,I2_2,20000,13530
813541578,I2_1,10000,6588
64315211,I2_2,20000,13090
775115204,I2_1,10000,4923
190614179,I2_2,20000,8652
444827269,I2_2,20000,9677
11866487,I2_1,10000,4216
341176388,I2_2,20000,10737
60433506,I2_2,20000,9687
363779296,I2_2,20000,10143
425953394,I2_2,20000,7890
249522623,I2_1,10000,5336
344896416,I2_2,20000,10396
503065092,I2_2,20000,13053
196123432,I2_1,10000,4159
945416229,I2_1,10000,4653
928709838,I2_1,10000,5757
151089406,I2_2,20000,16247
86952066,I2_1,10000,8387
398367723,I2_2,20000,18842
99141918,I2_2,20000,16128
881957546,I2_2,20000,16951
306432452,I2_2,20000,19754
820830460,I2_1,10000,7067
87093785,I2_1,10000,4364
70937204,I2_2,20000,7455
986100482,I2_1,10000,4738
744581379,I2_1,10000,5254
305921498,I2_2,20000,11741
299757775,I2_1,10000,5713
995929765,I2_2,20000,14426
24468839,I2_1,10000,5273
883791933,I2_1,10000,4858
387762697,I2_1,10000,4830
270839723,I2_2,20000,11038
522436279,I2_2,20000,8354
493167188,I2_1,10000,4030
205065798,I2_2,20000,11261
590594410,I2_2,20000,5210
281356564,I2_2,20000,4843
50401653,I2_1,10000,4037
423597000,I2_1,10000,4477
75603907,I2_2,20000,6386
394393030,I2_2,20000,7117
305716199,I2_1,10000,4339
21018211,I2_1,10000,3869
483929169,I2_1,10000,4999
456275997,I2_2,20000,10726
239066192,I2_1,10000,4907
497695923,I2_1,10000,5157
718096041,I2_2,20000,10712
216535134,I2_2,20000,9299
725360947,I2_1,10000,6344
992418063,I2_1,10000,6901
916189738,I2_1,10000,7770
346934440,I2_1,10000,5085
114500947,I2_2,20000,4607
782152405,I2_2,20000,5397
145894858,I2_1,10000,4386
911282623,I2_1,10000,3724
735166111,I2_2,20000,4624
139825857,I2_1,10000,2461
601777534,I2_2,20000,4672
157863468,I2_2,20000,4541
647363646,I2_1,10000,3090
56852885,I2_2,20000,5195
561465769,I2_1,10000,3983
194117485,I2_1,10000,3183
35498882,I2_2,20000,7068
64369317,I2_2,20000,6611
416088481,I2_2,20000,4571
274930361,I2_2,20000,5562
857558555,I2_2,20000,4715
181374880,I2_1,10000,2926
121157790,I2_2,20000,5802
821002304,I2_1,10000,2657
188894565,I2_1,10000,2648
866157733,I2_2,20000,5560
226885489,I2_2,20000,5654
497013999,I2_1,10000,6210
258384414,I2_2,20000,8426
23108894,I2_1,10000,5858
97691819,I2_1,10000,5278
587335947,I2_1,10000,5869
126290857,I2_2,20000,4996
630706104,I2_2,20000,5549
659362451,I2_1,10000,4472
950670369,I2_1,10000,4436
845258070,I2_2,20000,7785
512405292,I2_1,10000,4980
371305972,I2_1,10000,4421
567175819,I2_2,20000,10400
897351561,I2_1,10000,4496
444920514,I2_2,20000,9686
946380601,I2_2,20000,5444
626688942,I2_2,20000,4620
618592471,I2_2,20000,4584
39624912,I2_1,10000,3123
511986533,I2_2,20000,5036
60748570,I2_2,20000,7099
764948401,I2_2,20000,8804
135096652,I2_2,20000,8274
752634327,I2_1,10000,3368
827333962,I2_1,10000,3312
776404506,I2_1,10000,4265
539159247,I2_2,20000,6977
484242499,I2_1,10000,5827
295111959,I2_1,10000,5513
586119505,I2_2,20000,8086
109401003,I2_1,10000,2527
494642927,I2_1,10000,4041
557645879,I2_2,20000,4607
292129078,I2_2,20000,4582
998427485,I2_1,10000,2894
254692902,I2_1,10000,4466
352464201,I2_1,10000,3832
920171064,I2_2,20000,6136
423271685,I2_1,10000,4510
575521803,I2_2,20000,5213
545582781,I2_1,10000,2935
127937982,I2_2,20000,8497
163558907,I2_1,10000,3954
68826682,I2_2,20000,6882
268789513,I2_2,20000,6852
340630461,I2_1,10000,4186
437347533,I2_2,20000,4803
509428678,I2_1,10000,3242
531278161,I2_2,20000,4862
301576412,I2_1,10000,3537
536412183,I2_2,20000,5361
886220226,I2_2,20000,6201
797654589,I2_2,20000,6828
655173104,I2_2,20000,5715
854726055,I2_1,10000,3916
727508080,I2_2,20000,7172
663328087,I2_1,10000,3383
184302378,I2_1,10000,3042
536157401,I2_2,20000,4672
106938036,I2_1,10000,4059
501568986,I2_1,10000,3691
434108178,I2_2,20000,5629
967867872,I2_2,20000,6708
123411674,I2_2,20000,4712
276412889,I2_1,10000,3987
151528147,I2_1,10000,2710
333783883,I2_1,10000,3772
735365178,I2_1,10000,3666
182285494,I2_1,10000,2843
96864204,I2_2,20000,5898
276683278,I2_2,20000,8239
760379557,I2_2,20000,8753
432360246,I2_1,10000,5629
412490106,I2_1,10000,6502
846435758,I2_2,20000,12968
260049960,I2_2,20000,13211
347387848,I2_2,20000,13032
856543967,I2_1,10000,7098
669841088,I2_1,10000,6647
139156718,I2_1,10000,6639
911398007,I2_1,10000,6981
54657441,I2_2,20000,16750
349692379,I2_1,10000,7892
116531033,I2_2,20000,16897
984611718,I2_2,20000,15776
249363196,I2_2,20000,14843
59577668,I2_1,10000,6122
498358845,I2_1,10000,5011
690021864,I2_2,20000,9754
526039654,I2_1,10000,4741
447877974,I2_2,20000,5589
196541539,I2_1,10000,4078
252475737,I2_2,20000,8804
456231618,I2_2,20000,8911
448488304,I2_1,10000,5275
723062962,I2_2,20000,8282
408710072,I2_2,20000,9533
284292874,I2_2,20000,6910
394953562,I2_2,20000,6267
45690500,I2_1,10000,4660
188367146,I2_1,10000,4361
726461600,I2_2,20000,10386
340104385,I2_1,10000,5773
537733916,I2_1,10000,5327
73446333,I2_2,20000,6416
178249126,I2_1,10000,2784
49315252,I2_1,10000,3914
680666190,I2_2,20000,4594
147438867,I2_2,20000,4504
719853701,I2_1,10000,2545
173059825,I2_1,10000,2494
642002095,I2_2,20000,4530
512502139,I2_1,10000,2851
851420987,I2_2,20000,7540
915868398,I2_2,20000,6303
987539781,I2_2,20000,5298
680022773,I2_2,20000,5222
1605577,I2_2,20000,4886
449077862,I2_1,10000,2910
464658498,I2_1,10000,3414
10283178,I2_2,20000,4518
65403498,I2_2,20000,5413
59686478,I2_2,20000,4507
449475307,I2_2,20000,6589
50080540,I2_2,20000,4507
918355965,I2_1,10000,3888
444384447,I2_1,10000,4006
861344720,I2_1,10000,2423
487429728,I2_1,10000,2536
458024062,I2_1,10000,2956
128092014,I2_2,20000,4445
979582546,I2_2,20000,4907
894562590,I2_1,10000,3237
246152721,I2_1,10000,4284
796233548,I2_1,10000,4729
360066649,I2_1,10000,5140
693171439,I2_2,20000,9225
314087950,I2_2,20000,9618
404702446,I2_1,10000,2519
940817725,I2_2,20000,4829
481005943,I2_1,10000,3893
399769963,I2_2,20000,6072
66083838,I2_1,10000,5385
840095554,I2_1,10000,5947
890477947,I2_1,10000,5944
255029376,I2_1,10000,5400
427969352,I2_1,10000,4314
265864869,I2_1,10000,5585
738542092,I2_1,10000,2583
473637497,I2_1,10000,2457
904769755,I2_2,20000,4609
509241821,I2_1,10000,3056
699769969,I2_2,20000,7772
880868390,I2_2,20000,5361
491399793,I2_2,20000,5876
711156125,I2_1,10000,4827
399899734,I2_1,10000,5379
161904223,I2_2,20000,9681
180529044,I2_1,10000,4382
453862170,I2_2,20000,10688
205638067,I2_2,20000,11187
46440244,I2_2,20000,9968
184068699,I2_1,10000,4281
889048285,I2_2,20000,12797
912000380,I2_2,20000,5961
867171079,I2_1,10000,3883
849063606,I2_2,20000,4576
238256230,I2_1,10000,2616
995589476,I2_2,20000,4631
827192860,I2_1,10000,3007
319271085,I2_1,10000,2926
577579411,I2_2,20000,4675
66661158,I2_2,20000,5753
505106181,I2_2,20000,4993
922752416,I2_2,20000,6483
71291468,I2_1,10000,5933
595840697,I2_2,20000,9131
851950772,I2_1,10000,5921
448866721,I2_2,20000,9190
531534608,I2_2,20000,8605
676827042,I2_1,10000,5427
861365038,I2_2,20000,11802
225947182,I2_2,20000,10007
461472694,I2_2,20000,9891
408579652,I2_1,10000,4255
327638320,I2_2,20000,13011
989447980,I2_1,10000,4711
692669281,I2_2,20000,8101
407296475,I2_2,20000,4967
485066620,I2_1,10000,3308
185243246,I2_2,20000,5438
298253797,I2_1,10000,3349
792077188,I2_2,20000,4512
261674127,I2_2,20000,5327
551269535,I2_1,10000,3689
983615845,I2_2,20000,5053
624887088,I2_1,10000,3909
552974817,I2_2,20000,6388
6967252,I2_2,20000,7495
463289714,I2_1,10000,4160
523003987,I2_2,20000,9360
560093788,I2_2,20000,5235
710111166,I2_2,20000,5623
975718184,I2_2,20000,6849
671328468,I2_2,20000,7500
208198124,I2_2,20000,4532
417634570,I2_1,10000,3910
122231887,I2_1,10000,5149
295138565,I2_1,10000,3551
495521846,I2_2,20000,6469
967633658,I2_1,10000,5950
531012620,I2_2,20000,9591
313417924,I2_2,20000,11694
97022334,I2_1,10000,5204
147185052,I2_2,20000,12009
915154576,I2_2,20000,12445
221515447,I2_2,20000,11433
972150807,I2_2,20000,10782
427341483,I2_2,20000,8750
494505404,I2_1,10000,2550
877032747,I2_1,10000,2511
182756322,I2_2,20000,4545
523644975,I2_2,20000,6590
58352710,I2_2,20000,5315
771935458,I2_2,20000,7414
614954576,I2_2,20000,4638
468805202,I2_2,20000,4597
344219969,I2_1,10000,2981
350803052,I2_2,20000,5602
824725292,I2_2,20000,4724
881817933,I2_1,10000,2731
940960248,I2_2,20000,5302
610809759,I2_1,10000,2957
213359664,I2_2,20000,5205
496872216,I2_1,10000,4642
525024124,I2_1,10000,5715
29631720,I2_1,10000,3215
752540430,I2_1,10000,2767
848017425,I2_1,10000,2584
110497954,I2_1,10000,2522
921505999,I2_1,10000,2952
352115378,I2_2,20000,4630
491464506,I2_2,20000,4588
617222175,I2_1,10000,2608
114160370,I2_1,10000,2596
626297844,I2_1,10000,2910
811079590,I2_1,10000,2536
864836263,I2_1,10000,2687
331880763,I2_1,10000,2576
201317389,I2_2,20000,4828
735407105,I2_2,20000,5166
741471503,I2_1,10000,3111
934514782,I2_1,10000,3981
304436651,I2_1,10000,3883
202323243,I2_2,20000,5331
923878127,I2_1,10000,4783
527602678,I2_2,20000,8855
366685584,I2_1,10000,3082
758737322,I2_1,10000,3572
224881446,I2_2,20000,7406
493645596,I2_1,10000,4993
238252538,I2_1,10000,4432
672080253,I2_1,10000,6262
70462344,I2_2,20000,5318
392057290,I2_2,20000,4697
231044783,I2_2,20000,5141
646821865,I2_2,20000,5585
152768523,I2_1,10000,4001
458509780,I2_1,10000,2578
344430208,I2_2,20000,4633
551970259,I2_2,20000,5601
482534138,I2_1,10000,3329
504449602,I2_2,20000,5447
419220376,I2_1,10000,4799
73415382,I2_1,10000,5503
735785918,I2_2,20000,4684
875477655,I2_1,10000,2714
630662887,I2_1,10000,2685
301367595,I2_1,10000,3301
151104403,I2_2,20000,4684
868482876,I2_2,20000,5617
437143850,I2_1,10000,3464
740496128,I2_2,20000,6399
352541646,I2_1,10000,3444
39946467,I2_2,20000,6864
435130800,I2_1,10000,5737
478708324,I2_1,10000,6291
486204479,I2_1,10000,5177
681392142,I2_2,20000,9037
859743863,I2_2,20000,10605
817107042,I2_1,10000,6659
255320509,I2_1,10000,5503
615725826,I2_1,10000,4429
297293906,I2_1,10000,3510
290016006,I2_2,20000,13574
388902857,I2_2,20000,15681
34042599,I2_1,10000,6261
531463473,I2_2,20000,12898
78836387,I2_2,20000,13928
951033401,I2_2,20000,14959
889844829,I2_1,10000,6478
372444524,I2_1,10000,5963
634302576,I2_2,20000,16563
67987727,I2_1,10000,8117
334589031,I2_1,10000,7618
718098544,I2_1,10000,7542
781293677,I2_1,10000,7405
64701264,I2_1,10000,6583
406964030,I2_1,10000,5954
664636293,I2_2,20000,9774
274404142,I2_2,20000,10143
139317078,I2_1,10000,6380
837622098,I2_1,10000,3732
799629364,I2_2,20000,13702
636151909,I2_2,20000,7275
784616774,I2_1,10000,5249
225706643,I2_2,20000,7648
473323895,I2_2,20000,8165
176075478,I2_2,20000,5705
577552343,I2_1,10000,3890
385284238,I2_2,20000,4929
612217323,I2_1,10000,3667
290472086,I2_2,20000,5517
907951930,I2_2,20000,4589
889363539,I2_1,10000,3759
643350886,I2_1,10000,3791
973003380,I2_2,20000,6392
231960820,I2_1,10000,4400
563840127,I2_1,10000,5541
382382096,I2_2,20000,11315
778968207,I2_2,20000,5186
262579893,I2_1,10000,5706
399427040,I2_1,10000,4984
305204150,I2_1,10000,3899
313524159,I2_2,20000,5536
367604906,I2_2,20000,7095
117197053,I2_2,20000,5463
827853813,I2_1,10000,4828
446206071,I2_1,10000,3699
496154237,I2_2,20000,4822
961217263,I2_1,10000,3149
174636284,I2_2,20000,7917
401195731,I2_2,20000,5703
459544612,I2_1,10000,6093
586235104,I2_1,10000,4608
620216003,I2_2,20000,9442
411264022,I2_1,10000,4470
345777597,I2_1,10000,3876
557758525,I2_1,10000,5492
549996240,I2_2,20000,11726
219245610,I2_2,20000,8332
642636725,I2_2,20000,4535
109348819,I2_2,20000,7096
470043155,I2_2,20000,5853
932955028,I2_1,10000,4192
366454092,I2_2,20000,8430
181118934,I2_2,20000,5437
404493132,I2_1,10000,3785
303362371,I2_2,20000,5089
722338910,I2_1,10000,3914
270504273,I2_1,10000,3837
468885687,I2_2,20000,7923
411935677,I2_1,10000,5127
866782503,I2_1,10000,3413
807770176,I2_1,10000,3844
442583537,I2_2,20000,6773
529791750,I2_2,20000,4938
270740595,I2_1,10000,4226
589833284,I2_1,10000,4125
289131379,I2_1,10000,2917
999876463,I2_2,20000,5424
816627236,I2_1,10000,4895
685386709,I2_1,10000,3683
476174275,I2_1,10000,4782
813189428,I2_2,20000,8570
217152286,I2_1,10000,4350
109862356,I2_1,10000,2997
652977234,I2_2,20000,4920
418272386,I2_1,10000,4301
99987677,I2_1,10000,5836
54969072,I2_2,20000,7953
317618877,I2_2,20000,9657
903244796,I2_2,20000,8938
888273932,I2_1,10000,4884
526635406,I2_1,10000,4135
277908925,I2_1,10000,3862
512957461,I2_2,20000,4996
551218136,I2_2,20000,5176
116395248,I2_2,20000,4531
757152336,I2_1,10000,3893
903963649,I2_1,10000,4314
514137719,I2_2,20000,4959
6560927,I2_1,10000,3854
497827438,I2_2,20000,6833
516555656,I2_2,20000,4722
626858749,I2_1,10000,4099
144554795,I2_1,10000,4416
926208656,I2_1,10000,5177
318154517,I2_2,20000,6560
777038782,I2_1,10000,2652
745698523,I2_1,10000,2658
346753960,I2_1,10000,2503
334244034,I2_2,20000,4618
463892359,I2_2,20000,6610
774654026,I2_2,20000,6464
612916469,I2_2,20000,4766
565736376,I2_1,10000,4072
2552939,I2_2,20000,6510
997338364,I2_1,10000,2977
604909644,I2_2,20000,5025
10251738,I2_2,20000,7136
463617429,I2_1,10000,4422
586263730,I2_2,20000,5671
207889255,I2_2,20000,5969
125726488,I2_1,10000,5473
403263387,I2_2,20000,7695
245558399,I2_1,10000,2958
512807721,I2_2,20000,10050
973975995,I2_1,10000,2673
522159302,I2_2,20000,5151
277622005,I2_1,10000,3519
171768029,I2_1,10000,4099
843062454,I2_1,10000,4485
704904657,I2_2,20000,9446
117286122,I2_2,20000,10469
547058804,I2_1,10000,6443
710895309,I2_1,10000,7025
929727235,I2_1,10000,8174
880290072,I2_1,10000,5461
204296500,I2_1,10000,4328
80372301,I2_2,20000,6620
513879359,I2_1,10000,2653
813701016,I2_2,20000,5053
998287177,I2_2,20000,4778
245029323,I2_2,20000,4571
207727345,I2_2,20000,4562
349186116,I2_2,20000,4639
299267901,I2_2,20000,4644
336227188,I2_1,10000,2691
721991968,I2_2,20000,4737
529563535,I2_1,10000,3192
51597902,I2_1,10000,2726
634469104,I2_1,10000,2822
388019452,I2_2,20000,4913
312560955,I2_1,10000,4324
131352451,I2_1,10000,4782
670114421,I2_2,20000,8918
124925176,I2_2,20000,6673
930367749,I2_1,10000,3611
511326901,I2_2,20000,7766
38755353,I2_1,10000,3542
779802676,I2_2,20000,6456
978134757,I2_2,20000,5608
834071064,I2_1,10000,4485
70831512,I2_2,20000,5600
663185832,I2_1,10000,3657
190949312,I2_1,10000,2782
313014492,I2_2,20000,6296
252738657,I2_2,20000,5665
38074988,I2_2,20000,5595
177162765,I2_2,20000,7721
882943277,I2_2,20000,10012
421407628,I2_2,20000,7388
323305525,I2_1,10000,5770
371874939,I2_1,10000,5190
909165133,I2_1,10000,5621
786268007,I2_2,20000,13424
595815464,I2_2,20000,9310
529657462,I2_2,20000,10858
346086298,I2_1,10000,6406
812929623,I2_2,20000,9127
172480994,I2_2,20000,10247
546098636,I2_1,10000,4309
130259655,I2_2,20000,13523
226855139,I2_1,10000,4987
628562136,I2_2,20000,15639
818342191,I2_1,10000,5488
658986583,I2_2,20000,18150
865343043,I2_2,20000,10799
535083574,I2_2,20000,11273
543890393,I2_1,10000,5865
99283263,I2_1,10000,6329
516341032,I2_2,20000,13420
545113217,I2_1,10000,5282
11279402,I2_2,20000,12319
199760483,I2_1,10000,4498
14593952,I2_2,20000,7087
988603683,I2_1,10000,5449
613815788,I2_2,20000,9309
290549326,I2_1,10000,3808
800418097,I2_1,10000,4419
778385245,I2_2,20000,13728
653615108,I2_2,20000,7203
199668466,I2_1,10000,2718
225876947,I2_1,10000,3000
985154829,I2_2,20000,5042
89351233,I2_1,10000,2902
171453652,I2_1,10000,3948
344006477,I2_1,10000,2648
363234780,I2_2,20000,5441
140770843,I2_2,20000,4638
17634796,I2_2,20000,4642
954871983,I2_2,20000,4672
967148653,I2_1,10000,4417
802383426,I2_1,10000,5046
649134843,I2_1,10000,4418
971827838,I2_2,20000,9521
131885177,I2_2,20000,10575
296843316,I2_1,10000,4871
371234497,I2_2,20000,13202
354162753,I2_2,20000,4953
329575453,I2_1,10000,3974
451696658,I2_1,10000,3525
703813737,I2_1,10000,3807
256870499,I2_2,20000,7265
150794131,I2_2,20000,4737
683226744,I2_1,10000,2654
15513631,I2_2,20000,6139
164304474,I2_1,10000,4321
857363168,I2_2,20000,8860
180391291,I2_1,10000,4337
94297095,I2_2,20000,11374
642398228,I2_1,10000,3214
592832741,I2_2,20000,8570
961433532,I2_2,20000,4707
601902251,I2_1,10000,2982
84886977,I2_1,10000,4747
911184905,I2_2,20000,4708
578102102,I2_1,10000,3950
990173027,I2_1,10000,2968
789006749,I2_2,20000,4557
11125469,I2_2,20000,6655
730314253,I2_2,20000,5035
312064325,I2_1,10000,4878
284366859,I2_1,10000,5923
128355807,I2_1,10000,3153
934435511,I2_1,10000,4616
294861655,I2_2,20000,6718
869867127,I2_2,20000,8815
727900999,I2_2,20000,9994
782656439,I2_2,20000,10336
269240438,I2_2,20000,6748
142396624,I2_2,20000,8931
632823885,I2_2,20000,7517
762452082,I2_1,10000,6100
88773783,I2_1,10000,6518
599711350,I2_2,20000,9867
669878265,I2_1,10000,5921
190132902,I2_1,10000,4299
277697190,I2_2,20000,13188
638408559,I2_2,20000,9383
90192387,I2_1,10000,2768
352795938,I2_1,10000,3088
692917905,I2_2,20000,4832
283580734,I2_1,10000,3614
834596475,I2_2,20000,5213
629735688,I2_1,10000,4000
492512122,I2_2,20000,7100
462651193,I2_2,20000,6295
241656932,I2_2,20000,7908
272848884,I2_1,10000,5994
507890358,I2_1,10000,5422
42534216,I2_1,10000,6085
966755881,I2_1,10000,5013
805013504,I2_1,10000,4466
216288945,I2_1,10000,3898
297892161,I2_2,20000,16038
525953394,I2_1,10000,5961
388369376,I2_2,20000,18549
29513294,I2_2,20000,20093
286525186,I2_2,20000,21167
529375701,I2_1,10000,6496
112580342,I2_1,10000,5003
591859374,I2_1,10000,4726
891892143,I2_1,10000,4859
371077909,I2_2,20000,11464
361724421,I2_1,10000,4919
71769881,I2_2,20000,14086
227912767,I2_2,20000,13354
487785557,I2_2,20000,10611
32118487,I2_2,20000,11029
121380664,I2_1,10000,5168
609851056,I2_1,10000,6173
426123909,I2_2,20000,4506
723381099,I2_1,10000,2833
357275369,I2_2,20000,5069
616798956,I2_1,10000,4451
956169500,I2_1,10000,4404
210960181,I2_1,10000,3358
348057909,I2_2,20000,7695
113426070,I2_1,10000,4279
935411755,I2_1,10000,5098
269508321,I2_2,20000,9784
482951578,I2_1,10000,3094
629407489,I2_1,10000,4367
249961007,I2_2,20000,5414
154994218,I2_1,10000,4047
993098182,I2_2,20000,5727
678424899,I2_1,10000,3933
127791726,I2_2,20000,8135
29398073,I2_2,20000,10358
918614389,I2_2,20000,10835
304839446,I2_1,10000,5910
790010131,I2_1,10000,5432
517253131,I2_2,20000,13499
760081098,I2_1,10000,5226
16440978,I2_2,20000,13292
911098092,I2_1,10000,3852
64148114,I2_2,20000,10524
969511220,I2_2,20000,13529
682060447,I2_2,20000,13848
307997054,I2_2,20000,12156
799956963,I2_1,10000,6337
729562540,I2_1,10000,6769
394573350,I2_1,10000,4862
844407184,I2_2,20000,16942
635028590,I2_1,10000,7311
444925538,I2_2,20000,17069
721272303,I2_1,10000,8689
742602953,I2_1,10000,4059
995701746,I2_1,10000,4446
680033591,I2_1,10000,4294
449210645,I2_2,20000,5312
170253857,I2_1,10000,3724
921828301,I2_2,20000,6837
632079542,I2_2,20000,5433
144861564,I2_1,10000,2786
491916238,I2_2,20000,4548
61248634,I2_1,10000,3963
190973026,I2_2,20000,5100
715050955,I2_2,20000,7095
955515693,I2_1,10000,2895
155072098,I2_1,10000,2914
168194641,I2_2,20000,4513
356167897,I2_2,20000,5470
951177317,I2_2,20000,5352
474778748,I2_2,20000,6636
500355837,I2_2,20000,7598
997658386,I2_2,20000,5581
921523487,I2_1,10000,4824
27388825,I2_1,10000,5276
874661431,I2_1,10000,5877
550792281,I2_1,10000,6466
793927409,I2_2,20000,7381
217489113,I2_2,20000,5404
152687857,I2_1,10000,2644
49657457,I2_1,10000,2834
325994980,I2_1,10000,2561
247871635,I2_1,10000,3245
429071152,I2_2,20000,5147
255193024,I2_1,10000,5643
800893269,I2_1,10000,6256
935177761,I2_2,20000,8015
633456198,I2_1,10000,2647
981735832,I2_1,10000,2612
637568728,I2_2,20000,4742
352794951,I2_1,10000,5328
103405149,I2_1,10000,4554
279077191,I2_2,20000,7897
483879610,I2_1,10000,4389
111260347,I2_1,10000,4218
98116794,I2_2,20000,10359
256406191,I2_1,10000,3943
857378372,I2_2,20000,4877
782720,I2_2,20000,7075
820407156,I2_2,20000,4538
173422016,I2_2,20000,5496
937896858,I2_2,20000,4503
353489258,I2_2,20000,6255
45644708,I2_1,10000,3360
630757695,I2_2,20000,6625
674548560,I2_2,20000,7960
641479579,I2_2,20000,7004
783742524,I2_2,20000,7285
939809757,I2_2,20000,8375
385417556,I2_2,20000,5664
164930303,I2_1,10000,4206
195870952,I2_2,20000,6439
401186617,I2_2,20000,6637
907388202,I2_2,20000,5918
562987712,I2_1,10000,4232
512565123,I2_2,20000,8775
919256129,I2_1,10000,3979
538626321,I2_2,20000,11822
602285938,I2_1,10000,4888
108977932,I2_1,10000,2602
970018095,I2_1,10000,2656
540520477,I2_2,20000,4600
59450712,I2_2,20000,4637
521246154,I2_1,10000,2966
229965045,I2_1,10000,2576
278568258,I2_1,10000,3695
991133582,I2_2,20000,6642
305084088,I2_2,20000,6203
763425302,I2_1,10000,5513
618028297,I2_1,10000,5594
347138241,I2_1,10000,6701
678176006,I2_1,10000,4060
823074276,I2_1,10000,3096
430731176,I2_2,20000,4620
629559187,I2_1,10000,3209
570207355,I2_2,20000,5788
342275541,I2_2,20000,4972
419322187,I2_1,10000,3242
701780515,I2_1,10000,3773
152238881,I2_2,20000,5320
174523825,I2_1,10000,3776
492468766,I2_2,20000,6815
486089618,I2_1,10000,5513
101353087,I2_1,10000,6095
402346107,I2_2,20000,9331
407448440,I2_2,20000,10224
271574034,I2_2,20000,10028
284901420,I2_1,10000,4348
74266158,I2_2,20000,11280
929422759,I2_1,10000,3885
666412276,I2_2,20000,11696
414607688,I2_2,20000,12926
332613037,I2_2,20000,9538
508277377,I2_2,20000,7411
233743354,I2_1,10000,6930
621272677,I2_1,10000,6184
970627154,I2_1,10000,5996
71645880,I2_1,10000,5764
240918320,I2_1,10000,4329
625196848,I2_1,10000,3902
453019205,I2_2,20000,14381
478460768,I2_1,10000,4764
885047362,I2_1,10000,4182
241858787,I2_2,20000,12799
659968000,I2_1,10000,5756
843066735,I2_1,10000,4215
225643915,I2_2,20000,11087
48753990,I2_1,10000,3708
917313262,I2_2,20000,8289
400082113,I2_2,20000,5320
529538370,I2_2,20000,4471
246316863,I2_2,20000,6351
508489233,I2_1,10000,4510
348955813,I2_1,10000,5008
10387070,I2_1,10000,6098
7755169,I2_2,20000,8385
891812031,I2_1,10000,5856
217994129,I2_2,20000,8411
254107247,I2_1,10000,2916
36066476,I2_1,10000,3537
589944045,I2_1,10000,4063
842862237,I2_1,10000,3394
699708328,I2_2,20000,4643
942541561,I2_1,10000,3506
837402309,I2_2,20000,5219
784643149,I2_2,20000,6487
960582476,I2_2,20000,6384
249250262,I2_1,10000,4697
169233592,I2_1,10000,4101
365202891,I2_2,20000,9707
444658655,I2_2,20000,7344
159292039,I2_2,20000,6408
934996633,I2_2,20000,5481
126892274,I2_2,20000,7986
880192454,I2_2,20000,7335
969772930,I2_1,10000,4769
511842348,I2_2,20000,9896
97912964,I2_1,10000,5200
221003365,I2_2,20000,12441
270797659,I2_2,20000,8416
436605847,I2_2,20000,6434
147219085,I2_2,20000,8562
635223188,I2_2,20000,4999
272683103,I2_1,10000,3374
606873388,I2_2,20000,5493
768871996,I2_1,10000,3916
53733997,I2_1,10000,4176
302415164,I2_1,10000,3455
525841010,I2_2,20000,7592
334244457,I2_1,10000,2987
170149350,I2_2,20000,4943
109670686,I2_2,20000,7521
198761350,I2_2,20000,6863
153108894,I2_1,10000,6140
290963397,I2_2,20000,10518
105707515,I2_2,20000,10452
261390238,I2_2,20000,7280
253283590,I2_2,20000,5750
226140571,I2_1,10000,3127
336535293,I2_1,10000,2538
894392580,I2_1,10000,3721
384018144,I2_1,10000,3567
505658045,I2_2,20000,4534
405262665,I2_1,10000,3108
430531816,I2_1,10000,2459
644581718,I2_1,10000,2448
797175220,I2_1,10000,2593
133882255,I2_2,20000,5339
375514782,I2_1,10000,2485
392104463,I2_2,20000,5862
142734631,I2_1,10000,4581
525834584,I2_1,10000,3921
198717058,I2_2,20000,6378
970353416,I2_2,20000,8629
753292144,I2_2,20000,6001
300147519,I2_2,20000,7008
800996781,I2_1,10000,4121
443602650,I2_2,20000,7679
389925353,I2_1,10000,5493
548717215,I2_2,20000,5560
834444941,I2_2,20000,6453
537544791,I2_1,10000,2706
511588158,I2_2,20000,4877
520491885,I2_2,20000,4472
657331927,I2_1,10000,3819
337404256,I2_2,20000,7596
626401181,I2_1,10000,2955
946106610,I2_1,10000,3995
782487837,I2_1,10000,3179
83814023,I2_1,10000,3040
90027007,I2_1,10000,2744
401563273,I2_1,10000,3238
531952798,I2_1,10000,4031
147766626,I2_2,20000,5372
202476816,I2_1,10000,3090
319011114,I2_2,20000,5141
383401793,I2_1,10000,4518
550578799,I2_1,10000,4463
533632153,I2_2,20000,8361
171829540,I2_2,20000,7509
145880048,I2_1,10000,5443
735627530,I2_1,10000,5401
99921391,I2_2,20000,10847
505263308,I2_2,20000,11313
896483829,I2_2,20000,9640
510807344,I2_2,20000,8656
186269444,I2_2,20000,8450
685593398,I2_2,20000,10524
790385352,I2_1,10000,4660
39079714,I2_2,20000,6736
469761578,I2_2,20000,9282
330110695,I2_2,20000,10329
886258733,I2_1,10000,4878
582671267,I2_1,10000,5452
625050166,I2_2,20000,11995
840953666,I2_1,10000,5972
313110597,I2_1,10000,5397
268753683,I2_2,20000,14136
592387281,I2_2,20000,10950
411009188,I2_1,10000,2939
547024988,I2_1,10000,4021
208219614,I2_1,10000,3556
357248490,I2_2,20000,5252
615842205,I2_2,20000,6746
716628311,I2_2,20000,5128
597181682,I2_1,10000,5015
500198863,I2_2,20000,4968
503366546,I2_1,10000,2605
279985768,I2_1,10000,2621
359649111,I2_2,20000,5168
350528961,I2_2,20000,4936
698399424,I2_1,10000,4305
818915082,I2_2,20000,6388
796343938,I2_1,10000,4684
310621719,I2_1,10000,5290
248299918,I2_2,20000,6702
796424194,I2_1,10000,5188
89918888,I2_2,20000,4650
669201903,I2_2,20000,4922
897248030,I2_1,10000,3019
452698389,I2_1,10000,2731
562724678,I2_1,10000,3165
32584043,I2_1,10000,2822
439879564,I2_2,20000,5834
989572859,I2_1,10000,3549
266106331,I2_2,20000,5398
80774688,I2_2,20000,5369
556969538,I2_1,10000,4729
676044559,I2_1,10000,5239
362704608,I2_1,10000,4174
694117485,I2_1,10000,3323
194859189,I2_2,20000,8638
389389739,I2_2,20000,10852
447894192,I2_1,10000,3132
870560672,I2_2,20000,5106
962321896,I2_1,10000,4528
850397516,I2_1,10000,5605
740008195,I2_2,20000,7641
823365247,I2_1,10000,6170
701532163,I2_2,20000,11343
96502186,I2_2,20000,11241
805402765,I2_2,20000,12726
763936116,I2_1,10000,5851
608542992,I2_1,10000,4235
465689116,I2_2,20000,7278
195088483,I2_1,10000,3169
429082807,I2_1,10000,2625
322584523,I2_1,10000,2574
256705886,I2_2,20000,5165
402147242,I2_1,10000,2835
96420882,I2_1,10000,2677
235732955,I2_2,20000,4935
867454860,I2_1,10000,3618
895045263,I2_2,20000,5458
171584001,I2_2,20000,7308
906113157,I2_2,20000,4907
468270844,I2_1,10000,3800
463587363,I2_2,20000,5367
632854224,I2_2,20000,7229
81892555,I2_2,20000,7008
340416470,I2_1,10000,3305
411559805,I2_2,20000,4720
29513130,I2_2,20000,4786
374199671,I2_2,20000,5427
955388537,I2_1,10000,4296
477631278,I2_2,20000,8372
36322451,I2_1,10000,3914
386798464,I2_2,20000,8660
45097732,I2_1,10000,3969
32037403,I2_1,10000,5030
664841617,I2_1,10000,2830
357835911,I2_2,20000,5319
911910623,I2_1,10000,5801
107529155,I2_1,10000,5162
844116428,I2_1,10000,6203
176922525,I2_1,10000,5068
438150117,I2_2,20000,4731
72887731,I2_1,10000,2788
635638434,I2_1,10000,2866
373070517,I2_1,10000,3301
705388180,I2_1,10000,3720
508127503,I2_1,10000,4085
324877538,I2_2,20000,4869
691972150,I2_2,20000,6732
990921126,I2_2,20000,8801
40060645,I2_1,10000,2858
716687521,I2_2,20000,7792
331899588,I2_1,10000,3213
209939944,I2_1,10000,2729
664435521,I2_1,10000,3869
949385781,I2_1,10000,2719
19013719,I2_2,20000,5099
805520292,I2_1,10000,3042
701544396,I2_1,10000,3245
121633065,I2_1,10000,4349
873726255,I2_1,10000,3778
453524929,I2_1,10000,4346
210920711,I2_1,10000,4773
921804642,I2_2,20000,6508
769094881,I2_2,20000,7459
576804680,I2_1,10000,4961
713210767,I2_1,10000,3380
594115267,I2_1,10000,2718
419553740,I2_1,10000,2948
199236789,I2_1,10000,2886
598694834,I2_2,20000,5061
548057395,I2_2,20000,5623
13311568,I2_2,20000,5836
659792319,I2_1,10000,3804
538669252,I2_2,20000,5644
496656831,I2_2,20000,6238
200839188,I2_1,10000,4561
775317421,I2_2,20000,8860
800529819,I2_2,20000,7510
600840818,I2_1,10000,2866
988339679,I2_1,10000,2872
473550825,I2_1,10000,2956
832799070,I2_1,10000,4161
961835910,I2_2,20000,4850
43699424,I2_2,20000,4894
87939577,I2_1,10000,2914
831325588,I2_2,20000,4855
739212175,I2_2,20000,7008
597287881,I2_2,20000,5662
254476673,I2_1,10000,3099
84801864,I2_2,20000,4922
591811703,I2_2,20000,4984
329065802,I2_1,10000,2871
702453403,I2_2,20000,5262
163697809,I2_2,20000,5219
367287563,I2_2,20000,5309
532911713,I2_1,10000,5698
594474148,I2_2,20000,5896
694068025,I2_2,20000,5362
492903382,I2_1,10000,3721
507064358,I2_1,10000,3779
883260302,I2_2,20000,4962
25067204,I2_2,20000,4891
154975571,I2_2,20000,4873
789702445,I2_1,10000,3305
684411321,I2_1,10000,4267
806415354,I2_2,20000,7802
268316316,I2_2,20000,5195
356123416,I2_2,20000,6281
365302546,I2_2,20000,6310
872548226,I2_1,10000,5411
372199925,I2_2,20000,5537
182895146,I2_2,20000,5178
633603300,I2_1,10000,3072
835067396,I2_1,10000,3477
643330098,I2_2,20000,4841
803121510,I2_1,10000,2841
430040673,I2_1,10000,2906
778936352,I2_1,10000,3890
984376506,I2_1,10000,4490
124464161,I2_2,20000,5660
598677238,I2_1,10000,3996
154350612,I2_2,20000,8393
217704032,I2_1,10000,2963
880349149,I2_1,10000,3339
135360667,I2_1,10000,2830
908284776,I2_1,10000,3226
514511114,I2_2,20000,5366
877248411,I2_1,10000,5831
505870656,I2_1,10000,5894
552726686,I2_2,20000,7959
322398798,I2_1,10000,5536
31564324,I2_2,20000,11758
816813513,I2_2,20000,9484
669063928,I2_2,20000,9767
454987714,I2_1,10000,5421
73826546,I2_1,10000,4376
101406509,I2_2,20000,5352
794964031,I2_1,10000,2849
409752452,I2_1,10000,4354
781675433,I2_1,10000,4006
678827366,I2_1,10000,5619
412130043,I2_2,20000,8672
863505449,I2_2,20000,10816
620821301,I2_2,20000,11637
956978870,I2_2,20000,12465
565814673,I2_2,20000,5232
146639916,I2_1,10000,3314
304110285,I2_1,10000,4072
281951691,I2_2,20000,6192
888018310,I2_2,20000,4803
234967547,I2_2,20000,5881
943724528,I2_2,20000,4995
475705499,I2_2,20000,5951
44413452,I2_1,10000,2845
310833376,I2_1,10000,3997
907220516,I2_2,20000,5769
94800467,I2_2,20000,6835
113494253,I2_2,20000,9063
608349760,I2_2,20000,10112
131052624,I2_2,20000,4878
387944579,I2_1,10000,3409
570831104,I2_2,20000,5334
645194595,I2_2,20000,7001
604131938,I2_2,20000,8578
465367531,I2_1,10000,5281
858437119,I2_1,10000,3748
858679786,I2_2,20000,8309
758428310,I2_1,10000,2879
926505299,I2_2,20000,6858
129826043,I2_2,20000,5295
303097156,I2_1,10000,3373
865462903,I2_1,10000,4366
279577850,I2_1,10000,3948
497787367,I2_2,20000,7818
989557514,I2_2,20000,5237
364961737,I2_1,10000,4137
322921176,I2_1,10000,4170
434151546,I2_2,20000,4849
972510590,I2_1,10000,4230
122429619,I2_1,10000,3301
525929178,I2_1,10000,4030
75746353,I2_1,10000,4001
216784863,I2_1,10000,5020
690529004,I2_1,10000,4149
100811250,I2_2,20000,5117
960150990,I2_1,10000,4565
894092170,I2_2,20000,7109
184281810,I2_2,20000,6244
18487194,I2_1,10000,3961
978555216,I2_2,20000,6827
959054049,I2_1,10000,5204
100464946,I2_2,20000,9533
390218754,I2_2,20000,11218
388122425,I2_1,10000,5534
445068174,I2_1,10000,4889
729248976,I2_2,20000,15276
843713151,I2_2,20000,17404
913560082,I2_2,20000,19560
118818118,I2_2,20000,19447
194105947,I2_1,10000,7826
50481978,I2_1,10000,9410
711795484,I2_2,20000,16267
896352492,I2_2,20000,14846
851638532,I2_2,20000,13959
460369543,I2_1,10000,6530
61989257,I2_2,20000,12784
827033727,I2_1,10000,8132
852976242,I2_1,10000,4351
754157333,I2_2,20000,7794
737110296,I2_1,10000,4244
781378557,I2_1,10000,4725
440229384,I2_1,10000,3669
540484961,I2_2,20000,5124
877354569,I2_2,20000,5971
748849986,I2_2,20000,4999
174719552,I2_1,10000,4954
188369759,I2_1,10000,4374
215898156,I2_2,20000,5413
676525840,I2_2,20000,7793
76976886,I2_2,20000,7761
662119936,I2_2,20000,6059
36758825,I2_1,10000,4275
535345048,I2_1,10000,5409
852807238,I2_2,20000,4666
502126675,I2_2,20000,5617
749327373,I2_2,20000,5627
326118109,I2_2,20000,5607
634773817,I2_2,20000,6918
553427237,I2_2,20000,5997
251901767,I2_1,10000,3078
708989433,I2_1,10000,4597
709882218,I2_2,20000,6386
781668474,I2_1,10000,3136
428754634,I2_1,10000,3492
417169404,I2_2,20000,4716
461081720,I2_1,10000,5253
446588641,I2_1,10000,5149
642107996,I2_2,20000,4711
28197506,I2_1,10000,3164
408246893,I2_2,20000,5614
132890461,I2_1,10000,4975
434830268,I2_2,20000,8792
328285555,I2_1,10000,3349
456622714,I2_1,10000,3885
686240389,I2_2,20000,7046
643947018,I2_1,10000,5357
448963305,I2_2,20000,8677
338216183,I2_2,20000,9579
331230310,I2_2,20000,11787
878702566,I2_2,20000,12665
640587489,I2_1,10000,5997
26754045,I2_1,10000,5567
38389444,I2_2,20000,16408
588015039,I2_2,20000,18978
214303822,I2_1,10000,9355
596754256,I2_1,10000,4465
303133333,I2_2,20000,14137
419703378,I2_2,20000,12921
999673296,I2_2,20000,10706
949147316,I2_2,20000,12864
633569243,I2_1,10000,6453
60582102,I2_2,20000,13774
736019786,I2_1,10000,5761
860347850,I2_2,20000,15923
455363185,I2_2,20000,15208
603068162,I2_2,20000,11503
957274929,I2_1,10000,5285
210593282,I2_2,20000,11431
249889238,I2_2,20000,11393
16586422,I2_2,20000,7999
905358370,I2_2,20000,9122
906340323,I2_2,20000,5507
706722491,I2_2,20000,6662
939012423,I2_2,20000,5633
389845747,I2_2,20000,4548
719250335,I2_1,10000,2715
105269019,I2_1,10000,3860
70958066,I2_1,10000,2933
42491613,I2_1,10000,2592
661366733,I2_1,10000,3111
910323451,I2_2,20000,4745
900934295,I2_1,10000,4031
173066800,I2_2,20000,6660
694034519,I2_1,10000,2834
229886419,I2_2,20000,5388
115434976,I2_2,20000,5208
576374539,I2_1,10000,5750
620853464,I2_1,10000,4074
68117528,I2_2,20000,7838
880937283,I2_2,20000,6575
34834093,I2_1,10000,4779
751699996,I2_2,20000,8924
805781399,I2_2,20000,5542
371868530,I2_2,20000,6792
799013148,I2_2,20000,6480
315848723,I2_1,10000,3914
324118425,I2_2,20000,6735
828355960,I2_2,20000,6613
882966584,I2_1,10000,5864
642355373,I2_1,10000,6459
431523683,I2_2,20000,10893
16300799,I2_2,20000,12517
259047941,I2_2,20000,11437
728389169,I2_1,10000,5110
93983440,I2_1,10000,4538
411489928,I2_1,10000,5600
797931206,I2_1,10000,7143
622987759,I2_1,10000,4547
685017447,I2_2,20000,6135
538285074,I2_1,10000,5538
806938266,I2_1,10000,5388
649149450,I2_1,10000,5965
641318143,I2_2,20000,5445
465997825,I2_2,20000,4535
830028382,I2_1,10000,2925
682380390,I2_1,10000,3940
120091109,I2_2,20000,5147
763140130,I2_1,10000,2532
608091596,I2_1,10000,3079
396982571,I2_2,20000,5633
153552832,I2_1,10000,2976
830802079,I2_2,20000,5236
634163105,I2_1,10000,2652
884596824,I2_1,10000,3210
50838051,I2_2,20000,5358
257318996,I2_2,20000,4958
755238847,I2_1,10000,4352
194700702,I2_2,20000,5732
32366065,I2_1,10000,2737
674991603,I2_1,10000,2739
856960061,I2_1,10000,2692
472696846,I2_2,20000,5331
42501924,I2_1,10000,3092
223687317,I2_2,20000,5503
60218683,I2_2,20000,5131
946657289,I2_2,20000,6614
689637300,I2_1,10000,5886
343078445,I2_1,10000,4259
11858133,I2_2,20000,6518
632297554,I2_2,20000,4751
130782508,I2_1,10000,3144
615177690,I2_2,20000,4881
715539102,I2_1,10000,4283
516493834,I2_2,20000,6187
949154131,I2_1,10000,4112
380084470,I2_2,20000,6059
977008535,I2_1,10000,4289
851829179,I2_1,10000,3699
349336409,I2_1,10000,3492
9392938,I2_2,20000,6431
958267254,I2_1,10000,5172
847783977,I2_2,20000,9131
592941455,I2_2,20000,6161
844474406,I2_1,10000,4869
6321148,I2_1,10000,3063
325019907,I2_2,20000,4857
788480232,I2_1,10000,4113
779344291,I2_2,20000,5580
361635753,I2_1,10000,4909
694108164,I2_1,10000,4282
665634109,I2_2,20000,7474
945574293,I2_2,20000,9633
485047251,I2_2,20000,9519
411323843,I2_2,20000,10053
248706379,I2_2,20000,9984
133893679,I2_1,10000,2952
134889325,I2_2,20000,5635
637506995,I2_1,10000,3483
173847415,I2_1,10000,4503
20369355,I2_1,10000,3734
199869233,I2_1,10000,3778
287342998,I2_1,10000,2735
452730944,I2_2,20000,4933
538496885,I2_1,10000,2796
982354159,I2_1,10000,2813
294181917,I2_1,10000,3834
199133338,I2_1,10000,4851
705999107,I2_1,10000,3212
542654465,I2_1,10000,4750
904786374,I2_2,20000,6745
618279362,I2_2,20000,9614
735871443,I2_1,10000,7168
69665892,I2_1,10000,4157
114053231,I2_2,20000,6391
889638491,I2_1,10000,2817
187516227,I2_1,10000,3645
594170382,I2_2,20000,4821
390406261,I2_2,20000,5736
999437700,I2_1,10000,2833
881420844,I2_2,20000,4846
22114201,I2_1,10000,2965
938547351,I2_1,10000,4044
920710669,I2_1,10000,4027
836052500,I2_1,10000,5632
458832477,I2_1,10000,6301
343442755,I2_2,20000,5994
822768942,I2_1,10000,5444
54722500,I2_1,10000,4779
725735988,I2_2,20000,6495
263945853,I2_2,20000,6729
542889033,I2_1,10000,3194
38157092,I2_2,20000,5546
255471304,I2_2,20000,5878
86021944,I2_2,20000,6000
726136728,I2_1,10000,5441
463130087,I2_1,10000,6476
326987519,I2_2,20000,5000
978294985,I2_2,20000,4818
885320165,I2_1,10000,2812
123335432,I2_1,10000,2835
686071272,I2_1,10000,2841
626583731,I2_2,20000,5486
371413051,I2_1,10000,2896
648945059,I2_2,20000,5305
749590202,I2_1,10000,2904
55041076,I2_1,10000,4052
676580550,I2_1,10000,2791
460939679,I2_1,10000,2808
184940978,I2_1,10000,3708
822033012,I2_1,10000,3203
207564689,I2_2,20000,6431
754288967,I2_2,20000,6355
554152520,I2_1,10000,6197
929451403,I2_1,10000,6736
275369650,I2_2,20000,6793
152063133,I2_1,10000,4987
660967600,I2_1,10000,4649
398804386,I2_1,10000,3423
189408303,I2_2,20000,9245
844884847,I2_2,20000,8531
326971835,I2_1,10000,3112
769957946,I2_2,20000,4950
652689766,I2_1,10000,3264
314169064,I2_1,10000,3813
968540473,I2_1,10000,4158
671516806,I2_2,20000,5284
671487395,I2_2,20000,5300
411559578,I2_1,10000,3052
415683950,I2_1,10000,3715
366011811,I2_1,10000,5411
120978669,I2_2,20000,5254
386725650,I2_2,20000,7976
939813752,I2_1,10000,6562
37685388,I2_1,10000,4364
964919229,I2_2,20000,9654
819180171,I2_1,10000,2838
578728922,I2_1,10000,2866
412156767,I2_1,10000,3973
442882179,I2_1,10000,3117
748345099,I2_2,20000,5363
938328821,I2_2,20000,6318
596615448,I2_2,20000,4976
960499293,I2_2,20000,7324
999208016,I2_2,20000,5679
665192676,I2_2,20000,5883
660741434,I2_2,20000,6692
62091092,I2_1,10000,2809
407650993,I2_1,10000,2946
269039941,I2_2,20000,5422
586080215,I2_1,10000,3736
187940102,I2_2,20000,4819
191380288,I2_1,10000,4349
213273951,I2_2,20000,5630
58741190,I2_1,10000,5175
47278887,I2_2,20000,7055
962036104,I2_1,10000,3806
532558185,I2_2,20000,4821
536947743,I2_2,20000,5853
706303,I2_1,10000,3801
636420544,I2_1,10000,3961
454497441,I2_2,20000,7169
557175633,I2_1,10000,5149
853325460,I2_1,10000,4462
569987893,I2_2,20000,9284
400195873,I2_2,20000,6800
314398020,I2_2,20000,9049
410726328,I2_1,10000,2832
482192970,I2_2,20000,4826
203499710,I2_1,10000,2856
244031598,I2_1,10000,4986
344108869,I2_2,20000,4902
915004374,I2_1,10000,4264
767220257,I2_2,20000,8121
177262655,I2_1,10000,3289
962318109,I2_1,10000,4312
818222938,I2_2,20000,5372
929591107,I2_2,20000,5053
89016075,I2_1,10000,5621
951726113,I2_1,10000,3560
912911191,I2_2,20000,5330
588500243,I2_1,10000,3744
530614103,I2_1,10000,4150
224213938,I2_2,20000,7156
392284725,I2_1,10000,2895
474774880,I2_1,10000,2822
822273227,I2_2,20000,5238
41945786,I2_1,10000,3079
302432267,I2_2,20000,5738
572670635,I2_1,10000,2810
627776311,I2_1,10000,2855
703114338,I2_2,20000,11539
831005620,I2_2,20000,12548
294511775,I2_1,10000,11855
859475745,I2_1,10000,11249
680289432,I2_2,20000,15759
790812220,I2_2,20000,17510
24945562,I2_2,20000,15250
461211080,I2_1,10000,5671
463407415,I2_2,20000,8895
963300888,I2_1,10000,6702
578131170,I2_1,10000,7248
231345943,I2_2,20000,11213
991685792,I2_1,10000,4846
147451875,I2_2,20000,5060
589880560,I2_1,10000,3429
286375308,I2_2,20000,8453
707548352,I2_1,10000,4511
862209122,I2_2,20000,7883
22337003,I2_2,20000,8259
989043055,I2_2,20000,11017
207850695,I2_1,10000,6136
121363202,I2_1,10000,4411
743173045,I2_2,20000,8566
543416246,I2_1,10000,5656
81853758,I2_2,20000,10996
270832931,I2_2,20000,9482
960100305,I2_1,10000,6594
400456820,I2_1,10000,7205
182540042,I2_2,20000,13185
408478840,I2_2,20000,14187
246798583,I2_2,20000,13866
605254883,I2_2,20000,5706
556721143,I2_1,10000,2821
158484637,I2_2,20000,4865
241521712,I2_1,10000,4429
527455270,I2_1,10000,5695
937126074,I2_1,10000,6532
180608277,I2_1,10000,3277
669947346,I2_2,20000,5647
246017701,I2_2,20000,4862
572479458,I2_2,20000,7008
456121620,I2_2,20000,5874
267193395,I2_2,20000,5267
523436560,I2_1,10000,3807
19755896,I2_2,20000,4828
86776294,I2_1,10000,2825
68246773,I2_2,20000,4821
965499095,I2_2,20000,5332
775618072,I2_1,10000,3859
430774207,I2_2,20000,4957
151971047,I2_2,20000,4831
776132618,I2_1,10000,2926
162829424,I2_1,10000,3899
733717653,I2_2,20000,4917
733905182,I2_1,10000,5388
792840041,I2_2,20000,5729
813219614,I2_1,10000,4180
990195341,I2_2,20000,5611
586956958,I2_2,20000,5636
67132934,I2_2,20000,4907
289237083,I2_1,10000,5316
867376275,I2_2,20000,7445
569332570,I2_2,20000,5917
141909343,I2_2,20000,7500
955701150,I2_1,10000,5317
63520773,I2_1,10000,3988
356678963,I2_2,20000,5401
653620,I2_1,10000,3792
790154368,I2_2,20000,6448
590598779,I2_2,20000,6879
446209082,I2_1,10000,5194
789617723,I2_2,20000,5692
312036409,I2_2,20000,6084
916790269,I2_1,10000,3154
985530125,I2_1,10000,4738
919781947,I2_2,20000,6544
737113624,I2_2,20000,8217
575862056,I2_1,10000,4153
598839968,I2_2,20000,6058
466805329,I2_1,10000,3228
754478866,I2_1,10000,2857
846289338,I2_1,10000,2845
336095933,I2_1,10000,3634
837302284,I2_2,20000,6752
663546611,I2_1,10000,5872
893023844,I2_1,10000,4584
815246575,I2_1,10000,4100
937482818,I2_2,20000,11758
920921937,I2_1,10000,6709
627965467,I2_1,10000,5536
500545176,I2_2,20000,13296
441364877,I2_2,20000,14929
527303597,I2_2,20000,13059
991116397,I2_2,20000,15196
955277389,I2_2,20000,17325
909436460,I2_2,20000,11153
233676395,I2_2,20000,6731
824930048,I2_2,20000,4796
599879260,I2_2,20000,5771
546338664,I2_2,20000,4780
535963083,I2_1,10000,4213
379654667,I2_2,20000,7969
164802837,I2_1,10000,3340
496047899,I2_1,10000,4057
764883507,I2_2,20000,6789
835314293,I2_1,10000,5829
857806770,I2_2,20000,6391
547289003,I2_1,10000,3077
628447342,I2_2,20000,6383
889690377,I2_1,10000,5240
380052430,I2_1,10000,3986
455448802,I2_1,10000,2854
87115274,I2_1,10000,3200
738626415,I2_1,10000,3169
338700843,I2_1,10000,4982
693045730,I2_1,10000,3848
691585520,I2_2,20000,6023
633644191,I2_2,20000,6638
750815322,I2_2,20000,7750
224311001,I2_1,10000,5588
993729424,I2_1,10000,7211
911296573,I2_1,10000,7769
329130703,I2_2,20000,10704
60981049,I2_1,10000,4932
988875277,I2_1,10000,3229
524443159,I2_2,20000,12477
775577868,I2_1,10000,5342
241782930,I2_2,20000,8533
437070377,I2_1,10000,5970
131610687,I2_1,10000,5252
896903318,I2_2,20000,11785
515086740,I2_2,20000,8863
596129789,I2_1,10000,4011
310415491,I2_1,10000,4525
783904690,I2_2,20000,5823
282409264,I2_2,20000,8008
526055118,I2_2,20000,6224
745235244,I2_2,20000,8460
478770582,I2_1,10000,5513
805652453,I2_2,20000,9400
776266524,I2_1,10000,3867
47991272,I2_2,20000,10269
924460377,I2_1,10000,4305
932217740,I2_2,20000,9196
941955210,I2_2,20000,8697
779884563,I2_2,20000,7134
710364767,I2_2,20000,4809
902460494,I2_1,10000,3216
817520833,I2_1,10000,3084
198901346,I2_2,20000,4861
165641666,I2_1,10000,4159
844340314,I2_1,10000,3145
640286713,I2_1,10000,2694
787997841,I2_1,10000,2807
787139558,I2_1,10000,2797
599698282,I2_1,10000,2916
511681148,I2_2,20000,6556
488037527,I2_2,20000,5810
40290152,I2_1,10000,6370
200970380,I2_1,10000,6829
255508609,I2_2,20000,7668
628475521,I2_2,20000,8384
70739798,I2_1,10000,3668
34706204,I2_2,20000,6636
720161407,I2_2,20000,6819
722405638,I2_2,20000,6733
824982532,I2_1,10000,3592
164199146,I2_1,10000,3196
422728736,I2_1,10000,4747
143139591,I2_1,10000,4122
62376527,I2_2,20000,6534
226517988,I2_1,10000,3045
670593119,I2_2,20000,5730
714559085,I2_1,10000,4873
622425996,I2_1,10000,5857
685018895,I2_2,20000,7134
607403824,I2_1,10000,5753
815997695,I2_1,10000,6821
694924993,I2_1,10000,6263
892564836,I2_1,10000,5618
635605715,I2_1,10000,6253
832047303,I2_2,20000,8837
943188106,I2_2,20000,4749
805891220,I2_1,10000,4216
705681658,I2_1,10000,3075
991327962,I2_1,10000,3144
555638054,I2_1,10000,2801
743532969,I2_1,10000,2790
561309347,I2_1,10000,3612
577787952,I2_1,10000,4158
664565493,I2_1,10000,4916
37979381,I2_2,20000,7638
301587705,I2_2,20000,5294
146679739,I2_1,10000,5788
456974467,I2_2,20000,4819
258645729,I2_2,20000,5292
343737905,I2_1,10000,3840
814146800,I2_2,20000,6748
426959978,I2_1,10000,2605
584055748,I2_1,10000,3634
237723870,I2_1,10000,3385
339813167,I2_2,20000,6638
216156773,I2_1,10000,5974
616131735,I2_1,10000,6498
252008134,I2_2,20000,8095
243160393,I2_2,20000,8080
938343063,I2_1,10000,4903
422808442,I2_2,20000,7071
134056118,I2_1,10000,3811
159583884,I2_2,20000,8743
225915154,I2_1,10000,2643
533510051,I2_2,20000,5140
479303658,I2_2,20000,6681
872730373,I2_1,10000,4107
597070320,I2_2,20000,4674
860059219,I2_1,10000,3082
776844969,I2_1,10000,5138
354564638,I2_2,20000,7731
290279376,I2_2,20000,7660
62000016,I2_1,10000,5041
212236169,I2_1,10000,3116
291244630,I2_2,20000,11942
496481656,I2_2,20000,9841
321374081,I2_2,20000,11586
40534810,I2_1,10000,4352
961348166,I2_2,20000,12258
280235405,I2_1,10000,6016
678212350,I2_2,20000,15052
575501109,I2_1,10000,6514
390295421,I2_2,20000,15511
825850797,I2_1,10000,6079
355465945,I2_1,10000,6421
770764863,I2_1,10000,5503
805658259,I2_2,20000,5958
592915995,I2_2,20000,5885
668386428,I2_1,10000,5336
698624230,I2_2,20000,6349
526940467,I2_2,20000,7383
433672161,I2_1,10000,3829
156066177,I2_1,10000,3033
335472646,I2_2,20000,4741
52130892,I2_2,20000,5573
318652607,I2_1,10000,2767
723310110,I2_2,20000,4662
882163411,I2_2,20000,4864
873003768,I2_1,10000,4958
26981566,I2_2,20000,5219
196408474,I2_2,20000,6556
78510803,I2_2,20000,4802
873307303,I2_1,10000,3031
623180047,I2_1,10000,2700
528410123,I2_1,10000,3816
209351993,I2_1,10000,3850
929526667,I2_2,20000,4637
786774617,I2_2,20000,5620
492165573,I2_2,20000,4686
975540734,I2_1,10000,5246
298428718,I2_1,10000,3465
149872265,I2_2,20000,4715
757747301,I2_1,10000,4026
545047812,I2_1,10000,4043
422829508,I2_2,20000,8564
6645436,I2_2,20000,8354
66386065,I2_1,10000,5123
393191697,I2_1,10000,4317
223804722,I2_2,20000,8939
190103942,I2_1,10000,5981
267931284,I2_1,10000,5405
533703810,I2_2,20000,11418
320973646,I2_2,20000,11336
839629526,I2_1,10000,5426
804550635,I2_2,20000,11374
377876814,I2_1,10000,3967
197372292,I2_2,20000,9224
738690989,I2_1,10000,4963
360222480,I2_1,10000,4943
615184151,I2_2,20000,6467
408178839,I2_2,20000,8615
63048549,I2_1,10000,2747
56512730,I2_1,10000,3256
16582393,I2_2,20000,4942
159831995,I2_2,20000,5167
57450207,I2_2,20000,4758
504635099,I2_2,20000,4774
388580478,I2_1,10000,3129
619080688,I2_2,20000,4835
68603003,I2_2,20000,4992
708116921,I2_1,10000,5875
329336434,I2_1,10000,3965
113734396,I2_1,10000,3971
514563845,I2_1,10000,3408
921490501,I2_2,20000,6289
548552838,I2_1,10000,5103
729629799,I2_2,20000,7712
843557694,I2_2,20000,4766
140279360,I2_1,10000,5345
88678155,I2_1,10000,4626
913241081,I2_2,20000,9022
441719955,I2_2,20000,5834
922572708,I2_2,20000,6215
159496089,I2_2,20000,8018
60575235,I2_2,20000,7873
591529544,I2_1,10000,4285
697029543,I2_2,20000,8651
456231808,I2_1,10000,2793
156754224,I2_1,10000,2891
928641155,I2_2,20000,5160
503294881,I2_2,20000,6713
361387162,I2_1,10000,4068
733679519,I2_2,20000,5086
255240742,I2_1,10000,3086
706790804,I2_1,10000,3246
9638489,I2_1,10000,3101
691066007,I2_2,20000,4845
147028544,I2_2,20000,5125
982547451,I2_2,20000,6563
673590913,I2_2,20000,5691
603927261,I2_1,10000,2905
580550341,I2_2,20000,5202
61745755,I2_1,10000,3769
267996235,I2_2,20000,4866
477673241,I2_1,10000,2762
287722499,I2_1,10000,3759
740180109,I2_2,20000,5586
210967813,I2_2,20000,7737
891253475,I2_2,20000,6269
369330288,I2_2,20000,7242
52780409,I2_1,10000,5638
430365476,I2_1,10000,4995
191839514,I2_1,10000,4573
244990902,I2_2,20000,8266
279469442,I2_1,10000,4776
65323217,I2_2,20000,9035
447697199,I2_2,20000,10891
802334932,I2_2,20000,9149
693885942,I2_1,10000,2729
70251646,I2_1,10000,3197
834384385,I2_2,20000,11927
170011913,I2_1,10000,11349
1802117,I2_1,10000,12858
818557305,I2_1,10000,7326
416664351,I2_1,10000,6180
981954585,I2_2,20000,17235
997125112,I2_1,10000,6548
952046791,I2_1,10000,6428
806242886,I2_2,20000,18174
487621279,I2_1,10000,8093
385975518,I2_2,20000,10190
586035727,I2_2,20000,10970
422824301,I2_2,20000,9911
994797819,I2_2,20000,9395
783077573,I2_1,10000,3948
373326299,I2_2,20000,5475
13164134,I2_2,20000,6446
911016263,I2_2,20000,8088
601775332,I2_1,10000,5866
899183656,I2_1,10000,6517
346695959,I2_2,20000,7509
282693294,I2_2,20000,4732
910997978,I2_1,10000,2961
851441081,I2_2,20000,6648
419526207,I2_2,20000,6424
489016472,I2_1,10000,3125
103993689,I2_2,20000,6414
239504921,I2_1,10000,5450
340235753,I2_1,10000,5373
795480600,I2_1,10000,4901
606456119,I2_1,10000,3470
552400258,I2_2,20000,9727
275749942,I2_1,10000,2921
468746867,I2_2,20000,5509
918093316,I2_1,10000,2740
871414216,I2_1,10000,2921
866795168,I2_2,20000,4735
191866894,I2_1,10000,5235
240556877,I2_2,20000,6652
135994963,I2_1,10000,4181
829183141,I2_2,20000,6579
305548805,I2_1,10000,3126
471052523,I2_2,20000,4791
456144451,I2_2,20000,4951
296638187,I2_2,20000,5703
219944856,I2_2,20000,7896
947527584,I2_2,20000,7718
994699326,I2_2,20000,5510
860082146,I2_2,20000,5551
999152501,I2_1,10000,5123
450053836,I2_2,20000,7481
702466391,I2_2,20000,5368
66350419,I2_1,10000,5100
793112429,I2_1,10000,5685
591318764,I2_2,20000,7838
450937930,I2_1,10000,4781
670860176,I2_2,20000,6418
144619143,I2_1,10000,4989
629468398,I2_1,10000,3890
381069867,I2_1,10000,3847
407603001,I2_2,20000,6816
824591955,I2_2,20000,8687
759089428,I2_2,20000,9754
51935155,I2_2,20000,5227
805693991,I2_1,10000,2700
493374648,I2_1,10000,2671
243835762,I2_2,20000,5083
961510776,I2_1,10000,2639
939218660,I2_1,10000,2598
134610765,I2_2,20000,4887
821207679,I2_2,20000,4948
272916186,I2_2,20000,4773
347088051,I2_2,20000,5667
254586135,I2_2,20000,5641
545294472,I2_1,10000,2747
276094935,I2_1,10000,3099
906434063,I2_1,10000,3299
567803942,I2_2,20000,5192
647931804,I2_1,10000,2736
204062416,I2_2,20000,5292
53208472,I2_1,10000,4709
697224354,I2_1,10000,3039
230050626,I2_1,10000,2762
841928503,I2_2,20000,4865
825458275,I2_2,20000,5376
123894777,I2_1,10000,5881
134685816,I2_1,10000,6376
545143967,I2_1,10000,7042
822496437,I2_1,10000,5412
625149616,I2_2,20000,8035
629911773,I2_1,10000,5047
963967479,I2_2,20000,7633
573913008,I2_2,20000,9219
295027342,I2_1,10000,3612
155158291,I2_1,10000,3191
271268073,I2_2,20000,5655
890470626,I2_2,20000,7927
480316759,I2_2,20000,7011
753807816,I2_2,20000,6978
771836093,I2_2,20000,9602
242606778,I2_1,10000,4014
495493764,I2_2,20000,8161
566803933,I2_2,20000,10383
851777268,I2_1,10000,5352
100894510,I2_2,20000,9888
344689651,I2_1,10000,4431
744790778,I2_1,10000,6016
250435992,I2_2,20000,15510
25055827,I2_1,10000,5943
388430705,I2_2,20000,9620
474885599,I2_2,20000,10141
985319355,I2_2,20000,8972
218052700,I2_2,20000,11151
958965803,I2_2,20000,5674
132597166,I2_1,10000,5075
39243966,I2_2,20000,4613
477203106,I2_1,10000,3699
786241999,I2_1,10000,2993
125901635,I2_1,10000,3705
436531224,I2_1,10000,3164
5339113,I2_1,10000,4704
798989572,I2_2,20000,5612
932777528,I2_2,20000,7239
38937853,I2_1,10000,6014
462093102,I2_1,10000,5522
258421170,I2_1,10000,5397
726218003,I2_1,10000,3076
806020069,I2_1,10000,3105
149943000,I2_2,20000,7522
424038585,I2_1,10000,4722
849723912,I2_1,10000,3993
724484399,I2_1,10000,4945
485885032,I2_1,10000,5465
513369713,I2_2,20000,11459
917630871,I2_2,20000,13598
479791818,I2_2,20000,12736
360668255,I2_2,20000,14447
935235189,I2_1,10000,6576
954473828,I2_1,10000,7586
354057134,I2_1,10000,2628
281387659,I2_1,10000,3308
73130766,I2_2,20000,4603
758315943,I2_2,20000,4732
720451519,I2_1,10000,5273
574165436,I2_1,10000,3859
174423029,I2_2,20000,8957
826014744,I2_2,20000,4685
710264101,I2_1,10000,4687
215489499,I2_1,10000,4029
204563142,I2_1,10000,3516
594170107,I2_2,20000,5082
760009874,I2_2,20000,5094
854316766,I2_1,10000,3835
515827078,I2_2,20000,6344
52086593,I2_2,20000,5680
467720893,I2_2,20000,5669
814564808,I2_1,10000,5067
207043895,I2_1,10000,4446
912797776,I2_1,10000,3979
648516965,I2_2,20000,7685
86272023,I2_2,20000,5008
986822776,I2_2,20000,4707
934519824,I2_1,10000,2715
820852351,I2_2,20000,5361
238729217,I2_1,10000,3027
764849635,I2_1,10000,4112
248959603,I2_2,20000,6440
261795558,I2_1,10000,5741
617696744,I2_1,10000,6741
222132194,I2_1,10000,2737
859866591,I2_1,10000,2713
379507681,I2_2,20000,4787
863622680,I2_1,10000,4245
12204677,I2_1,10000,3423
636582012,I2_2,20000,5125
606992396,I2_1,10000,2761
125811705,I2_1,10000,3050
316750541,I2_1,10000,2902
961723057,I2_1,10000,3330
315036413,I2_2,20000,4883
992952873,I2_1,10000,5205
386232116,I2_2,20000,5669
335421492,I2_2,20000,5385
984478906,I2_2,20000,5844
764758221,I2_1,10000,4073
300674226,I2_2,20000,5667
802478314,I2_2,20000,5390
963469701,I2_2,20000,6265
470730421,I2_1,10000,4467
483811585,I2_1,10000,3743
818487851,I2_1,10000,3267
901892730,I2_2,20000,5648
609156540,I2_2,20000,4808
100495767,I2_2,20000,6534
743307364,I2_1,10000,5911
843863549,I2_1,10000,5251
455415366,I2_1,10000,4248
889093276,I2_2,20000,9257
880063706,I2_1,10000,5043
756217566,I2_1,10000,4550
593119534,I2_2,20000,11863
214031093,I2_1,10000,5558
875824127,I2_2,20000,13310
963664840,I2_2,20000,14389
885883211,I2_2,20000,8690
526626263,I2_2,20000,6015
307741041,I2_2,20000,7706
148520674,I2_2,20000,7839
72677794,I2_1,10000,5201
835154433,I2_1,10000,4503
828435575,I2_2,20000,6719
937243458,I2_2,20000,8717
863715952,I2_2,20000,9254
435321271,I2_2,20000,5826
440472405,I2_1,10000,5612
817158640,I2_1,10000,5996
51560830,I2_1,10000,6635
972255057,I2_2,20000,9427
275603294,I2_2,20000,9377
453465519,I2_1,10000,6054
85820037,I2_1,10000,4268
196791672,I2_2,20000,10814
47049732,I2_2,20000,9913
590253034,I2_2,20000,10766
666620244,I2_1,10000,2825
804306359,I2_1,10000,2806
230148289,I2_1,10000,2999
716169326,I2_1,10000,2835
800571581,I2_1,10000,2840
140706263,I2_2,20000,4871
32484183,I2_1,10000,4263
764045901,I2_2,20000,6827
566797566,I2_1,10000,4180
527367236,I2_2,20000,5247
674538507,I2_1,10000,2768
970510461,I2_1,10000,3409
996530358,I2_1,10000,3163
696924059,I2_2,20000,4915
782376099,I2_2,20000,7157
285799611,I2_1,10000,2799
967100766,I2_2,20000,5186
777380503,I2_1,10000,5686
128595466,I2_2,20000,8255
226902116,I2_2,20000,9461
976798121,I2_2,20000,6960
723667287,I2_1,10000,6341
60050077,I2_1,10000,4409
81982866,I2_1,10000,4513
677341503,I2_1,10000,6176
211399928,I2_2,20000,12838
253600781,I2_1,10000,5004
567609392,I2_2,20000,14926
690611938,I2_2,20000,13217
612937795,I2_1,10000,5918
917858114,I2_2,20000,14208
975068370,I2_2,20000,13505
561390601,I2_1,10000,5983
941243156,I2_2,20000,12860
398250118,I2_2,20000,9665
559429962,I2_1,10000,5769
322835609,I2_2,20000,9624
702051512,I2_1,10000,3645
703112639,I2_2,20000,9769
659180896,I2_2,20000,4780
856575663,I2_2,20000,4774
669378148,I2_2,20000,4737
684870183,I2_2,20000,6814
489433335,I2_1,10000,2751
225665116,I2_1,10000,2713
458564512,I2_1,10000,2746
251697830,I2_1,10000,3270
453850792,I2_2,20000,5545
696181816,I2_1,10000,4179
301699100,I2_1,10000,4880
626461610,I2_1,10000,5245
276251793,I2_2,20000,7998
426377501,I2_1,10000,5236
799768117,I2_1,10000,5346
832464126,I2_2,20000,5575
19260040,I2_2,20000,6638
223457758,I2_1,10000,5231
779901883,I2_2,20000,8815
450762869,I2_1,10000,3813
97153373,I2_1,10000,3906
228142985,I2_2,20000,11277
441487932,I2_2,20000,7600
989961452,I2_1,10000,5414
527766804,I2_2,20000,9218
148591964,I2_1,10000,3758
289317876,I2_1,10000,4663
74143126,I2_1,10000,5996
387329384,I2_1,10000,3635
431291742,I2_1,10000,4172
914959963,I2_2,20000,5584
648120224,I2_1,10000,4936
677981693,I2_2,20000,7234
987992141,I2_2,20000,4718
572864598,I2_1,10000,2980
919097616,I2_1,10000,4304
752941908,I2_2,20000,6821
49547421,I2_2,20000,8914
172861037,I2_1,10000,5667
926211065,I2_1,10000,6250
493854764,I2_2,20000,13273
713114524,I2_2,20000,11706
732686362,I2_2,20000,12626
356111513,I2_2,20000,10255
352010949,I2_1,10000,5386
454007477,I2_2,20000,8622
892135514,I2_2,20000,10239
388319899,I2_1,10000,4333
278212525,I2_2,20000,12990
64357042,I2_2,20000,14005
939412869,I2_2,20000,11337
280567991,I2_2,20000,10268
723824221,I2_1,10000,6391
158749349,I2_2,20000,11320
827271480,I2_2,20000,9194
391279206,I2_1,10000,5854
541746694,I2_2,20000,8484
11950427,I2_1,10000,3693
813237899,I2_2,20000,11934
960580029,I2_1,10000,2910
694464627,I2_1,10000,4110
788764939,I2_1,10000,2607
394907248,I2_2,20000,5842
314056145,I2_2,20000,4599
226012941,I2_2,20000,5458
451023386,I2_1,10000,2798
901741187,I2_1,10000,2597
422717306,I2_2,20000,5489
835411346,I2_1,10000,2525
995323773,I2_2,20000,4667
426665698,I2_2,20000,5534
637624807,I2_2,20000,6435
220530077,I2_2,20000,4666
997896514,I2_2,20000,4928
500073079,I2_2,20000,4679
624094580,I2_1,10000,4049
9537583,I2_2,20000,5466
323298239,I2_2,20000,4673
862838321,I2_2,20000,5429
957319191,I2_1,10000,3496
221214923,I2_2,20000,5532
419837399,I2_2,20000,7657
136769775,I2_2,20000,4653
659909448,I2_1,10000,2853
166154681,I2_1,10000,2618
468917618,I2_1,10000,2729
141770517,I2_1,10000,2618
275493423,I2_2,20000,5520
654815229,I2_2,20000,6063
233654352,I2_2,20000,6252
370212797,I2_1,10000,4676
732481705,I2_2,20000,5006
8335079,I2_2,20000,6243
550849529,I2_2,20000,4802
891440208,I2_1,10000,4228
842543630,I2_1,10000,4132
622814239,I2_2,20000,8394
418633185,I2_1,10000,6515
974863551,I2_2,20000,8580
870841494,I2_2,20000,10607
981742461,I2_1,10000,3010
980153907,I2_1,10000,3675
769718837,I2_1,10000,4225
385028163,I2_2,20000,5608
531057687,I2_1,10000,5068
172132304,I2_2,20000,6645
659628236,I2_1,10000,5981
823897807,I2_1,10000,5393
596283532,I2_2,20000,6943
73046751,I2_2,20000,9069
894805525,I2_2,20000,7630
860417429,I2_2,20000,9658
513037450,I2_1,10000,2836
22974350,I2_1,10000,2940
211884250,I2_2,20000,4670
626740635,I2_2,20000,5303
650547593,I2_2,20000,4587
703042493,I2_2,20000,5649
873240920,I2_1,10000,3013
439331803,I2_1,10000,3143
93870118,I2_1,10000,3551
158322470,I2_2,20000,5715
753448346,I2_2,20000,8455
207934342,I2_2,20000,8437
393141157,I2_1,10000,4406
532212061,I2_2,20000,8608
746929092,I2_2,20000,7684
83887788,I2_2,20000,7681
605658506,I2_2,20000,8751
711421488,I2_2,20000,5573
744490392,I2_2,20000,7892
966350412,I2_2,20000,7736
375881013,I2_1,10000,2834
168570564,I2_1,10000,2669
880295203,I2_1,10000,2589
920778375,I2_2,20000,5599
512752506,I2_2,20000,4692
242217782,I2_2,20000,5902
662050743,I2_1,10000,3155
438090011,I2_1,10000,4211
765044253,I2_1,10000,3235
210983851,I2_2,20000,4694
683062999,I2_1,10000,5002
164757209,I2_2,20000,4801
176782789,I2_1,10000,3794
346510638,I2_2,20000,5001
873651286,I2_2,20000,6921
11182198,I2_1,10000,5428
450382597,I2_1,10000,4582
269191621,I2_1,10000,2610
668923097,I2_1,10000,3093
235032221,I2_2,20000,5380
385855801,I2_2,20000,5545
208157949,I2_2,20000,5861
422014336,I2_2,20000,4836
657575138,I2_1,10000,4020
419030340,I2_1,10000,4119
780349473,I2_1,10000,4400
441930850,I2_1,10000,2975
301482230,I2_2,20000,6387
318848388,I2_1,10000,4426
731595987,I2_2,20000,5112
611755461,I2_2,20000,6325
571322088,I2_2,20000,5561
402887929,I2_1,10000,4853
558271086,I2_1,10000,4329
96161800,I2_2,20000,8013
195981200,I2_1,10000,5108
980367527,I2_2,20000,7339
198941677,I2_1,10000,3499
367284658,I2_2,20000,4867
361028178,I2_2,20000,4677
632261742,I2_1,10000,5027
972796267,I2_1,10000,4399
804240434,I2_2,20000,5706
291211063,I2_1,10000,4558
586061873,I2_2,20000,5040
809198824,I2_2,20000,6256
483068795,I2_2,20000,9158
718601960,I2_2,20000,5353
745994693,I2_1,10000,5780
94884217,I2_2,20000,5054
338628141,I2_1,10000,2755
904606279,I2_1,10000,2974
341669516,I2_2,20000,4618
637849497,I2_2,20000,5584
526046235,I2_2,20000,5592
199023323,I2_1,10000,2973
676987018,I2_1,10000,2631
704474823,I2_2,20000,4955
37619999,I2_1,10000,2871
695331298,I2_2,20000,6785
810998796,I2_1,10000,5068
474101626,I2_1,10000,5088
207717164,I2_1,10000,5801
983500759,I2_1,10000,4235
905684444,I2_1,10000,2654
516938063,I2_1,10000,4301
215734781,I2_2,20000,4961
220312407,I2_1,10000,3524
988469210,I2_2,20000,6540
720217137,I2_1,10000,2834
93926590,I2_1,10000,3394
726167550,I2_1,10000,3540
186972649,I2_1,10000,3421
355705067,I2_2,20000,5790
68722106,I2_2,20000,6792
590917943,I2_2,20000,5692
485818658,I2_1,10000,3971
177885326,I2_1,10000,5613
550744052,I2_2,20000,5309
592255891,I2_1,10000,3554
288073972,I2_2,20000,6349
709563784,I2_2,20000,6174
621058583,I2_2,20000,4787
26134923,I2_1,10000,5200
174907527,I2_1,10000,3082
651039660,I2_1,10000,3593
250603669,I2_1,10000,2989
225858437,I2_2,20000,5286
492456443,I2_1,10000,3686
774616480,I2_2,20000,5461
302801561,I2_2,20000,7583
64182791,I2_1,10000,4734
229397134,I2_2,20000,7881
276414362,I2_2,20000,8791
267988939,I2_1,10000,3510
218083948,I2_2,20000,6565
809973836,I2_2,20000,8132
104721452,I2_1,10000,3987
613627806,I2_2,20000,5258
856094274,I2_1,10000,5649
372908564,I2_2,20000,6667
431828880,I2_2,20000,8682
692989545,I2_2,20000,7026
887363508,I2_1,10000,3699
577096679,I2_1,10000,4792
779681307,I2_1,10000,4219
929681836,I2_1,10000,2745
960721792,I2_1,10000,2805
525626080,I2_1,10000,2744
300458636,I2_2,20000,5423
686614075,I2_2,20000,5000
576559179,I2_1,10000,5112
744781855,I2_2,20000,6352
271294771,I2_2,20000,5569
632115909,I2_2,20000,4767
638540229,I2_2,20000,5656
995163032,I2_2,20000,7834
51114402,I2_2,20000,4728
5052961,I2_1,10000,2694
823809523,I2_2,20000,6155
950609595,I2_2,20000,5084
179913554,I2_2,20000,6053
966019007,I2_1,10000,5401
922800944,I2_2,20000,5369
17609273,I2_1,10000,2897
583568605,I2_2,20000,4897
974447589,I2_1,10000,2641
350703380,I2_1,10000,2910
178963618,I2_2,20000,5467
994892689,I2_1,10000,3522
633545267,I2_2,20000,4680
250207622,I2_1,10000,3128
603661854,I2_2,20000,4788
107838576,I2_2,20000,6882
93778453,I2_2,20000,5442
45185390,I2_2,20000,7600
945728070,I2_2,20000,5665
465506166,I2_1,10000,2622
774519235,I2_2,20000,5359
757029562,I2_2,20000,7462
655231870,I2_1,10000,4567
652635507,I2_2,20000,8968
159015102,I2_2,20000,7363
427918516,I2_1,10000,4570
929351427,I2_2,20000,10520
710111253,I2_2,20000,6054
183069441,I2_1,10000,3159
542630878,I2_1,10000,2608
231652086,I2_2,20000,4691
7307673,I2_1,10000,3096
810505626,I2_2,20000,5781
612099961,I2_2,20000,7444
190359176,I2_2,20000,7051
243286912,I2_1,10000,5244
256445588,I2_1,10000,3223
571227442,I2_2,20000,9946
38205793,I2_1,10000,3234
261796247,I2_2,20000,5128
64350342,I2_1,10000,3702
760827618,I2_1,10000,3584
772087759,I2_1,10000,4603
256854070,I2_1,10000,2673
428803096,I2_2,20000,4690
295680746,I2_1,10000,4021
778825401,I2_1,10000,2707
281529118,I2_2,20000,5243
705911108,I2_1,10000,3558
268611805,I2_1,10000,2860
498843834,I2_1,10000,2780
789405508,I2_1,10000,3296
309574871,I2_1,10000,4526
900025866,I2_2,20000,7254
984109743,I2_1,10000,6450
285873827,I2_1,10000,3982
515555598,I2_2,20000,7506
712317417,I2_2,20000,5085
136921237,I2_2,20000,4702
548208632,I2_2,20000,5535
792591132,I2_1,10000,4196
617081699,I2_2,20000,6686
649953697,I2_1,10000,5871
309663202,I2_1,10000,5265
939771252,I2_1,10000,5674
750338848,I2_2,20000,8922
966354292,I2_2,20000,11134
728884966,I2_2,20000,10962
637517746,I2_2,20000,12367
5792729,I2_2,20000,7829
606354556,I2_1,10000,3066
107599782,I2_1,10000,4100
933790835,I2_1,10000,3627
742128095,I2_1,10000,4588
353649897,I2_1,10000,2795
100490024,I2_2,20000,5442
752335094,I2_1,10000,3978
136688545,I2_1,10000,4452
287182624,I2_1,10000,5875
107287122,I2_2,20000,6541
414390187,I2_2,20000,8746
67021685,I2_2,20000,8193
518670663,I2_2,20000,7012
395714473,I2_1,10000,5335
824574539,I2_2,20000,10229
810030922,I2_2,20000,11308
558690971,I2_1,10000,4237
260978108,I2_2,20000,12919
335630554,I2_1,10000,2932
308943873,I2_2,20000,5297
815645317,I2_1,10000,4698
97235026,I2_2,20000,7348
702006263,I2_1,10000,3863
850099550,I2_2,20000,7544
938358615,I2_2,20000,4656
221377006,I2_2,20000,5757
238356232,I2_2,20000,6620
184890579,I2_2,20000,6340
667654038,I2_2,20000,7650
893340958,I2_2,20000,9429
538264789,I2_1,10000,3564
703496364,I2_2,20000,5773
291401401,I2_1,10000,4103
495580563,I2_1,10000,4418
182903062,I2_1,10000,3092
645934376,I2_1,10000,3687
860923432,I2_2,20000,4670
195506263,I2_1,10000,4050
676980586,I2_1,10000,2706
105390576,I2_1,10000,2661
142142746,I2_2,20000,4626
727701531,I2_1,10000,4092
811808053,I2_1,10000,2651
990336337,I2_2,20000,4715
475666727,I2_1,10000,3124
614409601,I2_1,10000,2700
722091325,I2_1,10000,3768
497897596,I2_2,20000,4869
75365270,I2_2,20000,5863
751399289,I2_1,10000,4115
572351928,I2_1,10000,4565
892141338,I2_2,20000,9024
800359654,I2_2,20000,10615
204924594,I2_2,20000,7731
739300079,I2_1,10000,2742
823085431,I2_1,10000,2702
688106824,I2_1,10000,2732
807801110,I2_1,10000,2815
772612995,I2_2,20000,4646
565217149,I2_1,10000,2685
201188811,I2_2,20000,4757
176068316,I2_2,20000,4928
632725238,I2_1,10000,3195
404905125,I2_2,20000,8426
541001016,I2_2,20000,5376
493606738,I2_1,10000,4273
686627129,I2_1,10000,4169
367758647,I2_1,10000,3912
534452414,I2_2,20000,9842
107135550,I2_1,10000,2734
201645760,I2_1,10000,2912
404909194,I2_2,20000,4911
862092466,I2_1,10000,3157
971987611,I2_2,20000,4927
953381498,I2_2,20000,4858
665303888,I2_1,10000,2865
482289001,I2_1,10000,3260
650220551,I2_2,20000,4876
369608610,I2_2,20000,7311
430987213,I2_1,10000,3681
340292459,I2_1,10000,4852
474097676,I2_1,10000,4821
996786304,I2_1,10000,6027
760906207,I2_1,10000,6464
970936672,I2_1,10000,4060
64676331,I2_2,20000,12623
568200219,I2_2,20000,14277
213629600,I2_2,20000,13126
580399961,I2_1,10000,5224
677555501,I2_1,10000,6377
681259429,I2_1,10000,4187
209089397,I2_2,20000,7027
537894397,I2_2,20000,9436
428411707,I2_1,10000,3438
696319966,I2_1,10000,3862
494643302,I2_1,10000,4320
206868909,I2_2,20000,5417
957124097,I2_1,10000,6046
445287122,I2_2,20000,6426
968452493,I2_2,20000,5953
233798297,I2_1,10000,3693
402012211,I2_1,10000,3784
641983358,I2_1,10000,3882
836911191,I2_1,10000,2805
739189713,I2_1,10000,2899
874031350,I2_2,20000,5054
787210100,I2_2,20000,4903
889601672,I2_2,20000,5921
144159178,I2_2,20000,5840
944139009,I2_1,10000,2856
149670937,I2_1,10000,4085
393622753,I2_1,10000,3546
984856078,I2_2,20000,6933
522827655,I2_1,10000,4568
96997080,I2_1,10000,5268
958272051,I2_2,20000,8955
60480059,I2_1,10000,3182
939964202,I2_2,20000,4924
714063002,I2_1,10000,4268
367068425,I2_2,20000,6830
475435024,I2_1,10000,2822
807492436,I2_2,20000,5355
972442530,I2_2,20000,5764
97476820,I2_2,20000,6376
766111748,I2_1,10000,4649
428043226,I2_1,10000,6266
78011153,I2_1,10000,6898
723689359,I2_2,20000,6407
71884931,I2_1,10000,4552
524031924,I2_2,20000,9742
743506202,I2_1,10000,4004
174226001,I2_2,20000,11724
100644171,I2_1,10000,3903
511598686,I2_2,20000,14943
759237516,I2_1,10000,4320
475713917,I2_2,20000,8501
973617142,I2_2,20000,5969
305216307,I2_1,10000,3577
663682830,I2_2,20000,5675
138780540,I2_2,20000,6804
556366918,I2_2,20000,7836
511576109,I2_2,20000,5117
264551895,I2_2,20000,5587
402191117,I2_1,10000,5054
933390605,I2_2,20000,5087
17884049,I2_1,10000,3915
732601520,I2_1,10000,3215
648177797,I2_1,10000,3673
22588921,I2_2,20000,5069
895020640,I2_1,10000,3755
270223904,I2_1,10000,2663
595560266,I2_1,10000,2673
855133724,I2_1,10000,2710
993246270,I2_2,20000,4671
681639313,I2_2,20000,5469
875143547,I2_1,10000,4595
476265947,I2_1,10000,2933
118206484,I2_1,10000,3061
650153858,I2_1,10000,2754
128823491,I2_2,20000,5067
301950003,I2_1,10000,4004
556330577,I2_2,20000,6323
774555979,I2_1,10000,2748
952633153,I2_1,10000,3346
964900908,I2_1,10000,4224
853204980,I2_1,10000,5953
952020642,I2_1,10000,4618
21819823,I2_2,20000,9548
951365387,I2_2,20000,11203
611380509,I2_1,10000,5085
562078008,I2_2,20000,13833
827905745,I2_1,10000,5476
838799153,I2_2,20000,16188
935875660,I2_2,20000,15624
652577690,I2_2,20000,10417
787330453,I2_2,20000,4669
570159102,I2_2,20000,4693
365111121,I2_1,10000,4091
841176950,I2_2,20000,5697
588121369,I2_2,20000,6337
596045128,I2_1,10000,4076
814497290,I2_2,20000,8590
968508894,I2_1,10000,5090
488044709,I2_2,20000,10892
625687191,I2_1,10000,5638
957706307,I2_1,10000,5639
874944704,I2_1,10000,6181
148144189,I2_2,20000,12317
557181661,I2_1,10000,5558
966445409,I2_1,10000,5111
164492527,I2_2,20000,18355
998878726,I2_2,20000,19320
892011616,I2_2,20000,17082
865457342,I2_1,10000,10314
415199022,I2_2,20000,15830
152229356,I2_1,10000,6406
353397234,I2_1,10000,5401
345064066,I2_2,20000,12948
119686461,I2_2,20000,15618
912903879,I2_2,20000,14980
326222436,I2_1,10000,6398
309290304,I2_2,20000,9628
512988533,I2_2,20000,8068
414985510,I2_1,10000,8127
934329293,I2_1,10000,4749
284242152,I2_1,10000,4644
557279432,I2_1,10000,4368
867235075,I2_2,20000,13405
796570066,I2_2,20000,15000
467067590,I2_2,20000,15042
498658925,I2_1,10000,6922
41665910,I2_2,20000,16503
74150670,I2_1,10000,6343
842398744,I2_2,20000,18937
599855440,I2_2,20000,14252
687831265,I2_2,20000,13813
592606806,I2_2,20000,14858
258508421,I2_2,20000,15816
411151801,I2_1,10000,6392
273287659,I2_2,20000,15870
331559347,I2_1,10000,5775
997947999,I2_1,10000,7365
629071240,I2_2,20000,11800
216295921,I2_2,20000,7585
270802341,I2_2,20000,8677
899591095,I2_2,20000,5796
638488863,I2_1,10000,4223
249922971,I2_2,20000,4517
233137364,I2_2,20000,5394
625079768,I2_2,20000,6743
597162400,I2_2,20000,5916
32553731,I2_1,10000,2911
288562878,I2_1,10000,4094
508773225,I2_1,10000,4947
656096934,I2_1,10000,4380
523275261,I2_2,20000,4951
722694868,I2_2,20000,5831
108686242,I2_1,10000,2504
575284916,I2_2,20000,4778
142489928,I2_1,10000,2747
47783423,I2_2,20000,7010
848287739,I2_2,20000,5200
701125599,I2_2,20000,6617
88806161,I2_1,10000,2478
319258371,I2_1,10000,4060
555958602,I2_2,20000,4693
346200075,I2_1,10000,3788
930243734,I2_1,10000,2983
911372916,I2_1,10000,2456
748463018,I2_2,20000,4608
270281924,I2_1,10000,4021
559750265,I2_1,10000,2655
894843610,I2_1,10000,2627
870109712,I2_1,10000,2668
864013166,I2_1,10000,3374
953510128,I2_2,20000,4636
7075213,I2_1,10000,2586
770848713,I2_2,20000,5073
359142222,I2_1,10000,5654
978990883,I2_2,20000,8345
548290706,I2_1,10000,3880
22259424,I2_2,20000,9768
95310203,I2_2,20000,8679
880075229,I2_1,10000,4321
788520976,I2_2,20000,6528
961621468,I2_2,20000,6824
349719806,I2_2,20000,7421
909352365,I2_2,20000,6363
768098478,I2_1,10000,4550
792152595,I2_2,20000,6721
250191778,I2_2,20000,5795
969982943,I2_2,20000,5811
177879666,I2_2,20000,8336
214354909,I2_2,20000,8313
892054600,I2_1,10000,4370
129068316,I2_2,20000,9761
809903888,I2_1,10000,5360
682389886,I2_2,20000,9564
986641174,I2_1,10000,5719
878964070,I2_1,10000,4366
230810091,I2_2,20000,13371
895407881,I2_2,20000,12501
711820186,I2_1,10000,5577
419671673,I2_1,10000,3976
153343165,I2_1,10000,4560
564069102,I2_1,10000,4399
30741195,I2_1,10000,2675
908480666,I2_1,10000,2859
738842709,I2_2,20000,5128
169665794,I2_1,10000,3353
802620606,I2_2,20000,4705
247384148,I2_1,10000,5857
301012461,I2_2,20000,7834
677170076,I2_1,10000,4481
104520343,I2_1,10000,4352
284128343,I2_2,20000,5733
395892163,I2_1,10000,5572
891816351,I2_1,10000,5096
776707141,I2_1,10000,5653
525382585,I2_1,10000,5448
347203342,I2_1,10000,5353
951625736,I2_1,10000,6201
935058529,I2_1,10000,5157
421939889,I2_2,20000,14346
256931347,I2_1,10000,5504
144959254,I2_2,20000,16980
18526396,I2_1,10000,6988
851860145,I2_1,10000,7520
279126587,I2_2,20000,12404
589342396,I2_1,10000,6335
639835334,I2_2,20000,14367
511721093,I2_2,20000,14633
237713689,I2_2,20000,14795
886361643,I2_2,20000,12719
388514117,I2_2,20000,12637
83385578,I2_1,10000,3786
725353191,I2_1,10000,3485
234365364,I2_2,20000,5348
717271923,I2_1,10000,4668
722504576,I2_2,20000,5644
760328984,I2_2,20000,4553
860081964,I2_2,20000,5483
898530525,I2_1,10000,5005
251048885,I2_1,10000,4846
641613747,I2_2,20000,9103
550154249,I2_1,10000,6088
720850719,I2_1,10000,3427
242178661,I2_2,20000,6718
222033504,I2_1,10000,4371
147358935,I2_2,20000,5918
903897362,I2_2,20000,6853
979605494,I2_1,10000,2689
785135982,I2_2,20000,6221
900998417,I2_2,20000,5064
556775492,I2_1,10000,4410
134092660,I2_2,20000,6660
323350222,I2_2,20000,6443
489899204,I2_2,20000,4711
298751595,I2_1,10000,2712
680655171,I2_1,10000,3234
630752217,I2_1,10000,3519
983931716,I2_2,20000,6447
63596925,I2_1,10000,3035
47592497,I2_1,10000,3408
489641583,I2_2,20000,6316
729540133,I2_1,10000,3599
629646595,I2_1,10000,3970
237491522,I2_2,20000,4723
163040990,I2_1,10000,5250
991910872,I2_2,20000,7706
8260319,I2_2,20000,5691
790589689,I2_2,20000,6701
14565247,I2_2,20000,6566
822616481,I2_2,20000,7463
32776623,I2_2,20000,7260
471694197,I2_2,20000,6024
257315859,I2_1,10000,5340
758109637,I2_1,10000,5919
826770870,I2_2,20000,10296
898326627,I2_2,20000,7461
313331347,I2_2,20000,9163
958537463,I2_2,20000,9808
858392625,I2_1,10000,5992
690883186,I2_1,10000,4345
387474745,I2_2,20000,8598
821694799,I2_2,20000,9494
100580298,I2_2,20000,8298
744541755,I2_2,20000,10507
463134624,I2_2,20000,12339
651163312,I2_2,20000,8801
94770515,I2_2,20000,9545
531412515,I2_1,10000,5897
636613126,I2_2,20000,6275
223476517,I2_1,10000,4614
130610778,I2_1,10000,3937
499786482,I2_2,20000,6240
389894798,I2_1,10000,2886
443783335,I2_2,20000,5059
55750186,I2_1,10000,4472
42789457,I2_2,20000,5830
973889260,I2_2,20000,4556
276749144,I2_1,10000,4042
766814515,I2_2,20000,6083
975541407,I2_2,20000,6328
503864554,I2_2,20000,6765
827096448,I2_1,10000,2893
275388117,I2_1,10000,2982
584565300,I2_2,20000,4574
471326338,I2_1,10000,5099
176201563,I2_1,10000,4994
697743181,I2_1,10000,3880
22583623,I2_1,10000,4338
125843066,I2_2,20000,6774
194616359,I2_1,10000,3164
252603485,I2_1,10000,2609
587521395,I2_1,10000,2779
201014411,I2_2,20000,5311
103855272,I2_2,20000,4777
263818062,I2_1,10000,2493
610903077,I2_1,10000,2437
414359909,I2_2,20000,5061
409049269,I2_1,10000,4514
535150308,I2_1,10000,2889
501395622,I2_2,20000,6080
676473952,I2_1,10000,3815
404372913,I2_2,20000,8184
153888665,I2_1,10000,4757
265325457,I2_1,10000,4770
566538599,I2_1,10000,6547
113088335,I2_2,20000,4521
390554015,I2_1,10000,5027
721388593,I2_2,20000,6435
979176810,I2_1,10000,4211
765714313,I2_1,10000,4747
559830450,I2_1,10000,2644
335507787,I2_1,10000,2528
461199616,I2_1,10000,2880
351059536,I2_2,20000,4486
837321577,I2_2,20000,5520
139825339,I2_1,10000,3373
122445913,I2_1,10000,2987
302021707,I2_1,10000,2661
37022356,I2_1,10000,2737
741057278,I2_1,10000,2907
611644326,I2_2,20000,5324
758209674,I2_1,10000,5892
987554825,I2_1,10000,4079
767747594,I2_1,10000,4210
690222839,I2_2,20000,9261
768631743,I2_1,10000,6385
168836448,I2_1,10000,4202
382921169,I2_2,20000,6739
646241721,I2_1,10000,2686
900626999,I2_2,20000,4918
994550898,I2_1,10000,2837
825600011,I2_2,20000,5417
203067272,I2_1,10000,3745
760390698,I2_2,20000,4965
991972069,I2_1,10000,4260
974815709,I2_2,20000,5337
459972624,I2_1,10000,4121
277915390,I2_1,10000,3345
327911287,I2_1,10000,5188
407317391,I2_2,20000,4967
475923731,I2_1,10000,4225
825061802,I2_1,10000,2871
904679778,I2_1,10000,2855
156369868,I2_1,10000,2896
648067310,I2_1,10000,2856
81462322,I2_2,20000,5433
452813590,I2_1,10000,3779
751965751,I2_2,20000,5945
449691598,I2_2,20000,8312
560441259,I2_2,20000,8288
823697453,I2_2,20000,5705
371950741,I2_1,10000,2748
572850296,I2_2,20000,4819
397518484,I2_2,20000,5533
384622582,I2_1,10000,2622
851916690,I2_2,20000,4694
890655629,I2_2,20000,5271
853919833,I2_2,20000,5705
317059092,I2_1,10000,5189
614220300,I2_2,20000,9818
875781612,I2_1,10000,5307
73141314,I2_1,10000,4768
131020543,I2_2,20000,5866
682829011,I2_2,20000,5904
922812685,I2_1,10000,3003
768126028,I2_1,10000,4123
475705436,I2_2,20000,5794
82364672,I2_2,20000,4771
947065452,I2_2,20000,5664
464135345,I2_1,10000,5806
104908092,I2_2,20000,6993
843180517,I2_1,10000,6096
846381485,I2_1,10000,4517
604220845,I2_2,20000,10712
255089826,I2_1,10000,5581
481380862,I2_2,20000,13337
522938156,I2_2,20000,12065
678276935,I2_2,20000,14163
376903614,I2_2,20000,13129
932201283,I2_1,10000,5007
304153149,I2_1,10000,4748
775015198,I2_2,20000,9509
204608774,I2_2,20000,4763
547925541,I2_2,20000,5808
304997038,I2_1,10000,6277
658923294,I2_1,10000,6801
731494103,I2_1,10000,6338
636739296,I2_1,10000,5007
781097168,I2_2,20000,8780
413193358,I2_1,10000,3038
124808891,I2_2,20000,4718
965364288,I2_2,20000,6253
285997207,I2_2,20000,8375
284025390,I2_1,10000,5598
394959103,I2_2,20000,8905
17146779,I2_2,20000,8237
377443355,I2_2,20000,6787
960725362,I2_1,10000,4600
870824857,I2_2,20000,8256
401693943,I2_1,10000,4038
614588374,I2_1,10000,2797
245158168,I2_1,10000,3353
553465336,I2_2,20000,6040
160475311,I2_1,10000,4999
876270904,I2_2,20000,6696
985069376,I2_2,20000,7194
508911243,I2_1,10000,2680
958636114,I2_1,10000,2596
213354964,I2_1,10000,2959
866958369,I2_2,20000,4693
680423881,I2_2,20000,5274
118562537,I2_1,10000,3725
138136634,I2_1,10000,3092
913550633,I2_1,10000,3232
983686221,I2_1,10000,2836
278949235,I2_2,20000,5554
42766985,I2_1,10000,3041
494655910,I2_2,20000,6114
402318952,I2_1,10000,3105
443136170,I2_1,10000,3594
307687351,I2_2,20000,5735
992333296,I2_2,20000,5494
177264584,I2_1,10000,3534
424387665,I2_1,10000,2979
470227229,I2_1,10000,2908
229037575,I2_1,10000,2662
693701273,I2_2,20000,4747
575108724,I2_1,10000,3049
274312976,I2_1,10000,3502
605153093,I2_1,10000,4931
888485857,I2_2,20000,5051
832816193,I2_1,10000,5252
973813529,I2_1,10000,4199
522064762,I2_2,20000,7263
41843845,I2_1,10000,5352
617851825,I2_1,10000,3623
377552478,I2_1,10000,3053
649449198,I2_1,10000,3004
931095628,I2_2,20000,4847
438916121,I2_1,10000,2692
211833995,I2_1,10000,3633
423415537,I2_1,10000,4137
776044681,I2_1,10000,5241
244154558,I2_1,10000,6341
559442527,I2_2,20000,9785
696285191,I2_2,20000,8464
703483296,I2_1,10000,4995
232924739,I2_2,20000,10662
489471645,I2_1,10000,4967
140828673,I2_2,20000,10268
698620309,I2_2,20000,11327
548262627,I2_2,20000,9095
901410708,I2_2,20000,11377
698714348,I2_1,10000,5501
535936176,I2_2,20000,5000
995452980,I2_2,20000,5574
713982008,I2_2,20000,7164
730105649,I2_2,20000,9241
765714664,I2_1,10000,4488
555379037,I2_2,20000,8734
353234619,I2_2,20000,10801
474516247,I2_2,20000,5154
338162858,I2_1,10000,3561
391822386,I2_1,10000,2961
53006969,I2_1,10000,5587
501989874,I2_2,20000,6707
240122195,I2_2,20000,5042
211062107,I2_1,10000,5530
737497937,I2_1,10000,5006
108363679,I2_2,20000,5242
807166240,I2_1,10000,4090
916514479,I2_1,10000,4131
958594708,I2_2,20000,7759
5914387,I2_2,20000,6986
95267909,I2_1,10000,4192
843351262,I2_2,20000,8010
89286760,I2_1,10000,2995
374139272,I2_1,10000,2737
872309307,I2_1,10000,3930
242383176,I2_1,10000,3044
140128156,I2_1,10000,3526
117094559,I2_2,20000,5473
402779741,I2_1,10000,3579
76855087,I2_2,20000,7084
913310776,I2_2,20000,8109
677801803,I2_1,10000,5081
718319319,I2_1,10000,5641
44665608,I2_2,20000,8861
790331326,I2_1,10000,5892
296737290,I2_1,10000,3185
209232190,I2_2,20000,8565
635866371,I2_2,20000,8359
240501440,I2_2,20000,9605
827333815,I2_2,20000,11722
508785016,I2_2,20000,5520
138424975,I2_2,20000,6465
579134700,I2_1,10000,2670
581720518,I2_2,20000,9563
837129539,I2_2,20000,4876
717588802,I2_2,20000,5567
35246901,I2_1,10000,4780
174790748,I2_1,10000,4258
95304227,I2_2,20000,9342
454311850,I2_2,20000,9006
63018583,I2_1,10000,5451
857217366,I2_2,20000,11553
427396545,I2_2,20000,10717
810031666,I2_2,20000,10377
421896808,I2_1,10000,2614
18008623,I2_2,20000,10969
469528527,I2_1,10000,4707
607055313,I2_1,10000,5181
445576046,I2_1,10000,5793
810165007,I2_1,10000,4122
601101130,I2_1,10000,3495
26150534,I2_2,20000,7314
82904566,I2_1,10000,3834
627173099,I2_2,20000,8517
271942810,I2_2,20000,6409
715820674,I2_2,20000,8436
900393899,I2_1,10000,3304
280802257,I2_1,10000,4337
696143814,I2_1,10000,2943
316342301,I2_2,20000,5784
646668603,I2_1,10000,3004
13771730,I2_1,10000,3109
393088788,I2_1,10000,3034
698206435,I2_2,20000,4785
226014083,I2_1,10000,5348
833504750,I2_1,10000,5192
328337384,I2_1,10000,5144
399631834,I2_1,10000,4441
404698725,I2_2,20000,8720
106366354,I2_2,20000,5800
643089912,I2_2,20000,9057
829403791,I2_2,20000,8413
998300378,I2_1,10000,5788
71335500,I2_1,10000,6351
639890577,I2_1,10000,7127
666160140,I2_1,10000,6169
183371313,I2_2,20000,9567
383148908,I2_2,20000,4558
302405156,I2_2,20000,4626
446014721,I2_1,10000,2521
952822759,I2_2,20000,4708
603694429,I2_2,20000,4484
654383721,I2_2,20000,4749
511564041,I2_1,10000,3975
167173281,I2_2,20000,7133
580014038,I2_1,10000,5391
740391415,I2_1,10000,6075
676235693,I2_2,20000,8148
446309816,I2_2,20000,5518
190001436,I2_2,20000,6419
564454715,I2_2,20000,6909
652751780,I2_2,20000,9606
864203289,I2_1,10000,5691
647130870,I2_1,10000,4253
259887627,I2_2,20000,6389
476748790,I2_1,10000,4159
405136595,I2_2,20000,5080
247611426,I2_2,20000,5948
289913688,I2_1,10000,3350
301332935,I2_1,10000,4388
818436419,I2_2,20000,7647
482749509,I2_2,20000,6965
743417165,I2_1,10000,5352
522123915,I2_1,10000,2644
803616898,I2_1,10000,2933
607248801,I2_2,20000,4515
479828462,I2_1,10000,2934
564234996,I2_2,20000,5595
998318335,I2_1,10000,4936
34949405,I2_1,10000,4523
952775889,I2_2,20000,8151
84100445,I2_1,10000,2648
96935707,I2_1,10000,2624
397952077,I2_1,10000,2575
751943416,I2_1,10000,2687
287537968,I2_2,20000,4626
759528056,I2_2,20000,6713
411353076,I2_1,10000,2721
362684809,I2_1,10000,3880
60422859,I2_2,20000,5028
672763498,I2_2,20000,6725
903748699,I2_1,10000,4921
838938210,I2_2,20000,8624
500897072,I2_1,10000,2768
187998299,I2_1,10000,2739
232930856,I2_1,10000,2866
218429551,I2_2,20000,4726
495829420,I2_2,20000,5591
516156053,I2_2,20000,6804
379313890,I2_2,20000,7864
377142272,I2_2,20000,4515
120352745,I2_1,10000,2854
842559791,I2_1,10000,2646
615926282,I2_1,10000,2761
873126791,I2_2,20000,4918
613239347,I2_2,20000,5273
544076187,I2_1,10000,4705
865937097,I2_1,10000,4008
763567531,I2_2,20000,7774
952762729,I2_2,20000,7629
300153179,I2_1,10000,4278
660477249,I2_2,20000,10670
465796136,I2_2,20000,7798
25956201,I2_2,20000,4656
477994599,I2_1,10000,5104
966041198,I2_1,10000,2634
582519364,I2_2,20000,5230
730627943,I2_1,10000,5656
70469949,I2_1,10000,4557
937144263,I2_2,20000,6711
450596134,I2_1,10000,4502
758472343,I2_1,10000,4750
652945217,I2_1,10000,3724
941952478,I2_2,20000,5629
100665545,I2_1,10000,6179
243588346,I2_1,10000,5488
728028406,I2_2,20000,7774
998104057,I2_1,10000,5594
16527452,I2_1,10000,2930
299837062,I2_1,10000,4388
132439130,I2_1,10000,5274
596318205,I2_2,20000,7247
716433251,I2_1,10000,2818
411748014,I2_2,20000,4839
528043677,I2_1,10000,5403
455818302,I2_1,10000,5703
929696329,I2_1,10000,3315
514987127,I2_2,20000,9563
433369977,I2_2,20000,8495
939507372,I2_1,10000,5454
860788744,I2_2,20000,11728
526354737,I2_2,20000,10203
965245808,I2_1,10000,5963
270118171,I2_2,20000,11754
698212978,I2_2,20000,12768
509031126,I2_1,10000,6741
744662375,I2_2,20000,15040
713365623,I2_2,20000,14818
488708759,I2_1,10000,2729
107016610,I2_2,20000,5047
764043168,I2_2,20000,6760
96501136,I2_1,10000,4136
46388317,I2_1,10000,2938
61095911,I2_2,20000,4650
6578272,I2_2,20000,4809
60590701,I2_1,10000,4227
600648254,I2_1,10000,3321
644619963,I2_2,20000,6136
688917944,I2_1,10000,4473
558148565,I2_2,20000,8773
837181071,I2_2,20000,5181
166629262,I2_2,20000,6591
124752736,I2_2,20000,5030
410203391,I2_1,10000,5581
719444689,I2_1,10000,5583
463696267,I2_1,10000,5586
316262145,I2_1,10000,4426
281480169,I2_1,10000,4829
816000771,I2_1,10000,4332
710113370,I2_2,20000,9956
549920825,I2_1,10000,3688
897341232,I2_1,10000,2643
66845464,I2_1,10000,2698
742442176,I2_2,20000,4976
39226528,I2_2,20000,4626
626024281,I2_2,20000,4737
767486325,I2_1,10000,4120
256871358,I2_1,10000,4025
161279324,I2_1,10000,5675
63613453,I2_1,10000,4994
450702858,I2_2,20000,7724
469857436,I2_2,20000,10342
774678148,I2_1,10000,5833
790732125,I2_1,10000,4164
415233365,I2_2,20000,10182
49293069,I2_1,10000,4335
643862433,I2_2,20000,12730
994728034,I2_2,20000,10165
461629581,I2_2,20000,8004
422593948,I2_2,20000,9633
884828237,I2_2,20000,11727
880013344,I2_1,10000,5258
938087236,I2_2,20000,13211
357765576,I2_1,10000,4671
41945026,I2_2,20000,16894
258786936,I2_2,20000,15337
557330508,I2_2,20000,16375
575242275,I2_1,10000,6255
119713258,I2_2,20000,13416
451965188,I2_1,10000,3427
450913907,I2_1,10000,2594
939526473,I2_1,10000,2641
384595936,I2_2,20000,5027
15922327,I2_1,10000,4078
429488693,I2_1,10000,3920
213981514,I2_2,20000,5464
287070182,I2_2,20000,4676
596161055,I2_2,20000,5668
713944621,I2_1,10000,2987
459794898,I2_1,10000,4366
183217412,I2_1,10000,3181
524257215,I2_2,20000,5505
147987863,I2_1,10000,5729
795058021,I2_2,20000,5581
899035260,I2_1,10000,4971
56835053,I2_2,20000,8726
798461804,I2_1,10000,4249
646365197,I2_2,20000,9939
583725554,I2_1,10000,3059
675948890,I2_2,20000,4735
635869812,I2_2,20000,6256
355877486,I2_1,10000,6151
932738988,I2_1,10000,3780
205288279,I2_2,20000,7128
762887529,I2_2,20000,5847
365235175,I2_2,20000,4836
560963112,I2_1,10000,6038
499218748,I2_2,20000,5119
42595451,I2_2,20000,4828
889697125,I2_2,20000,4767
189455461,I2_2,20000,5908
356119660,I2_1,10000,4337
832448190,I2_1,10000,5412
432343168,I2_1,10000,3612
355552724,I2_1,10000,2698
795476526,I2_2,20000,4676
472987357,I2_1,10000,2941
149499632,I2_2,20000,4674
111219622,I2_2,20000,4674
628887393,I2_2,20000,4718
914278304,I2_2,20000,4840
55250298,I2_1,10000,3477
757517386,I2_2,20000,5333
225753147,I2_2,20000,7579
426377495,I2_2,20000,4751
726442858,I2_2,20000,6874
375076373,I2_2,20000,8997
442528042,I2_2,20000,6577
868561277,I2_2,20000,8728
24497071,I2_1,10000,4753
956043329,I2_2,20000,6243
599797671,I2_2,20000,4866
214454056,I2_2,20000,6652
375856962,I2_2,20000,4655
737713962,I2_1,10000,4076
429182748,I2_1,10000,3524
214225666,I2_1,10000,5435
676206798,I2_2,20000,8234
592800666,I2_2,20000,8058
16887719,I2_1,10000,5186
985030375,I2_1,10000,6735
100616820,I2_2,20000,10180
871914378,I2_2,20000,11691
897494599,I2_2,20000,12772
367194485,I2_1,10000,4477
708552737,I2_2,20000,6889
372794214,I2_1,10000,5188
944090454,I2_2,20000,6241
114675656,I2_2,20000,5144
197596969,I2_1,10000,2766
366637911,I2_1,10000,3607
268934231,I2_1,10000,3000
502994363,I2_2,20000,5249
408360837,I2_2,20000,4766
610244813,I2_2,20000,5731
465186602,I2_1,10000,3001
850585485,I2_1,10000,4010
328395702,I2_1,10000,2721
155415232,I2_1,10000,3439
611963651,I2_2,20000,4680
835361001,I2_2,20000,5584
334625591,I2_1,10000,4964
162274570,I2_2,20000,8236
381250208,I2_1,10000,5334
687870929,I2_2,20000,11463
795655513,I2_1,10000,3811
62380269,I2_2,20000,11785
368733206,I2_1,10000,3774
157075088,I2_1,10000,4987
946367713,I2_2,20000,14402
139743181,I2_1,10000,5532
808037928,I2_2,20000,7700
700202169,I2_1,10000,5244
580727286,I2_1,10000,4961
597855796,I2_2,20000,10327
11741607,I2_2,20000,9325
195830820,I2_2,20000,6866
251217372,I2_2,20000,9283
841136845,I2_1,10000,5517
669435059,I2_2,20000,7849
22282155,I2_1,10000,7077
265969813,I2_1,10000,6535
410251259,I2_1,10000,7568
203807106,I2_1,10000,7841
945829478,I2_1,10000,5274
857312891,I2_2,20000,11914
733005483,I2_2,20000,8620
996429110,I2_1,10000,2793
876140690,I2_2,20000,4529
358182197,I2_1,10000,2617
386406941,I2_2,20000,4737
689790795,I2_1,10000,4178
724754019,I2_2,20000,6428
317671216,I2_2,20000,4664
780811493,I2_2,20000,4641
942585676,I2_1,10000,3436
329886974,I2_2,20000,5302
257829792,I2_2,20000,6342
467604733,I2_2,20000,5165
4681542,I2_2,20000,6664
814072947,I2_2,20000,4661
606286911,I2_1,10000,3083
11343467,I2_2,20000,5223
172015941,I2_1,10000,5020
618502589,I2_2,20000,6805
364388599,I2_1,10000,2771
776605626,I2_1,10000,2866
77274606,I2_1,10000,3189
815218688,I2_1,10000,2705
819127712,I2_2,20000,5262
840889227,I2_2,20000,5265
4069150,I2_1,10000,2955
752255199,I2_2,20000,4770
175916513,I2_2,20000,5858
529114105,I2_2,20000,4785
673777862,I2_1,10000,4158
10155260,I2_1,10000,4077
423495667,I2_1,10000,2690
9459647,I2_2,20000,5812
280947768,I2_2,20000,5138
551508328,I2_2,20000,7232
492270487,I2_1,10000,3166
456171708,I2_1,10000,4779
358046133,I2_2,20000,6595
150857354,I2_2,20000,7695
186572880,I2_2,20000,5128
517893536,I2_1,10000,5077
544932432,I2_2,20000,5795
282801889,I2_1,10000,5608
411921072,I2_1,10000,6205
919887209,I2_1,10000,4046
382353753,I2_2,20000,11001
949245090,I2_1,10000,5969
670241531,I2_2,20000,8524
926828021,I2_2,20000,4797
624209415,I2_1,10000,3084
2554757,I2_1,10000,4169
793653235,I2_1,10000,4319
1333562,I2_2,20000,7466
469038994,I2_2,20000,9655
38995437,I2_2,20000,8044
168684798,I2_2,20000,8732
235437983,I2_2,20000,5996
596452442,I2_2,20000,5838
155023739,I2_1,10000,3337
368108702,I2_2,20000,5919
540797713,I2_2,20000,4678
248557015,I2_2,20000,4631
644414932,I2_1,10000,2649
662533026,I2_2,20000,4663
419525041,I2_2,20000,5607
410539591,I2_2,20000,4880
278924819,I2_2,20000,4762
870110071,I2_1,10000,5360
911741170,I2_2,20000,5985
99649664,I2_1,10000,3534
630058556,I2_1,10000,2973
916461110,I2_2,20000,4640
81148727,I2_1,10000,4062
407301706,I2_2,20000,4856
691858282,I2_2,20000,7090
557410817,I2_2,20000,4768
194376034,I2_1,10000,4373
70450781,I2_2,20000,4761
481623353,I2_1,10000,5353
914820149,I2_1,10000,6372
239304486,I2_1,10000,3724
109997997,I2_2,20000,4565
592019704,I2_1,10000,2908
231438896,I2_1,10000,2631
584733489,I2_1,10000,2700
930353000,I2_2,20000,5096
713012682,I2_2,20000,5655
675020806,I2_1,10000,4081
786795586,I2_1,10000,3988
304945864,I2_1,10000,3606
997804858,I2_2,20000,4628
861098348,I2_1,10000,3871
764823786,I2_1,10000,3978
654105569,I2_1,10000,2665
191704041,I2_2,20000,5607
728788080,I2_2,20000,5993
502476645,I2_1,10000,5088
630112316,I2_2,20000,7112
593745829,I2_1,10000,5851
555804206,I2_2,20000,8190
836818248,I2_2,20000,5122
291836249,I2_2,20000,5636
918424956,I2_1,10000,5076
581479141,I2_1,10000,5650
585442592,I2_2,20000,8285
909222545,I2_1,10000,4517
81734783,I2_2,20000,9763
143748566,I2_2,20000,8019
333632262,I2_2,20000,10139
643584702,I2_2,20000,10554
309634811,I2_2,20000,7385
496875399,I2_2,20000,7353
689643444,I2_2,20000,4531
873744575,I2_1,10000,2592
521902919,I2_2,20000,4981
878823171,I2_1,10000,2650
932299570,I2_2,20000,5499
439669399,I2_2,20000,5666
910511062,I2_2,20000,8536
561728316,I2_2,20000,8647
269851026,I2_1,10000,3592
189714537,I2_2,20000,7286
973644572,I2_2,20000,4679
361984968,I2_2,20000,5653
298321522,I2_1,10000,2885
696631035,I2_1,10000,3687
913815615,I2_2,20000,6268
215508767,I2_2,20000,4721
281193335,I2_2,20000,5222
188303366,I2_2,20000,7342
2765019,I2_1,10000,5308
69789466,I2_2,20000,7985
181553687,I2_1,10000,3768
40322166,I2_2,20000,8537
318607661,I2_1,10000,3758
200389775,I2_2,20000,6465
471524202,I2_1,10000,3275
247464217,I2_1,10000,3330
785191378,I2_1,10000,4400
932952864,I2_2,20000,7533
39075832,I2_1,10000,4812
692181193,I2_1,10000,4249
665763433,I2_2,20000,8861
324350076,I2_1,10000,2835
653000196,I2_1,10000,4310
613061883,I2_1,10000,4259
238357202,I2_2,20000,8118
308621558,I2_1,10000,4809
325627361,I2_1,10000,2789
969624466,I2_2,20000,10818
185312303,I2_2,20000,4453
732211292,I2_1,10000,2858
771025282,I2_2,20000,4618
178023277,I2_1,10000,5051
258156497,I2_1,10000,2583
50004752,I2_1,10000,2536
995616866,I2_1,10000,2545
501553231,I2_2,20000,4789
568347561,I2_1,10000,4053
965091993,I2_1,10000,4103
256382504,I2_1,10000,4533
888479290,I2_2,20000,7267
33644395,I2_1,10000,5013
568847257,I2_2,20000,9201
872032801,I2_1,10000,3614
955984481,I2_1,10000,3448
30804187,I2_1,10000,2548
487897907,I2_1,10000,3047
193255006,I2_1,10000,4095
741078727,I2_2,20000,6758
152953975,I2_1,10000,6075
593853456,I2_1,10000,4903
242773371,I2_2,20000,11167
385589146,I2_2,20000,11874
456694786,I2_2,20000,9562
875251058,I2_2,20000,8400
171377247,I2_1,10000,4204
915161269,I2_2,20000,9139
664119024,I2_1,10000,2846
312868465,I2_1,10000,2923
66295323,I2_2,20000,5470
969753506,I2_1,10000,4877
479984385,I2_2,20000,8121
366119522,I2_2,20000,7500
138986125,I2_2,20000,6968
456581753,I2_1,10000,4651
834849485,I2_1,10000,3009
284269091,I2_2,20000,11103
802188207,I2_2,20000,9876
888157603,I2_2,20000,9558
805632182,I2_1,10000,5041
322868257,I2_1,10000,2533
489819025,I2_1,10000,2805
964337018,I2_2,20000,4908
795154163,I2_2,20000,5381
970484319,I2_2,20000,5800
329728550,I2_1,10000,2497
234482544,I2_2,20000,5070
328708566,I2_2,20000,4534
195197813,I2_1,10000,5031
560708344,I2_1,10000,4663
776150974,I2_2,20000,9022
598888070,I2_2,20000,6671
678554828,I2_2,20000,6581
641102199,I2_1,10000,5388
523819083,I2_2,20000,8542
97261573,I2_2,20000,10525
376076621,I2_2,20000,10642
499878494,I2_2,20000,12770
492379129,I2_2,20000,13669
437994647,I2_2,20000,13599
923762430,I2_2,20000,9339
420349088,I2_2,20000,10913
199082981,I2_2,20000,6656
682298878,I2_1,10000,5160
878154262,I2_2,20000,10255
918707844,I2_1,10000,3725
706898705,I2_1,10000,3668
199923953,I2_2,20000,10464
233234332,I2_1,10000,5680
708628969,I2_1,10000,6325
66270670,I2_2,20000,8829
590550889,I2_2,20000,6421
665514373,I2_1,10000,5923
317292426,I2_1,10000,3811
84000857,I2_1,10000,5120
913495337,I2_1,10000,4941
577787438,I2_1,10000,3877
695393166,I2_1,10000,4327
790999913,I2_2,20000,7071
922033747,I2_2,20000,8051
441821737,I2_1,10000,4292
124245673,I2_2,20000,5271
367799394,I2_1,10000,4170
376326893,I2_1,10000,2893
661152668,I2_1,10000,2423
730410218,I2_1,10000,2480
287317191,I2_2,20000,4923
656076632,I2_1,10000,5442
782882185,I2_2,20000,6821
789550507,I2_1,10000,4075
151415031,I2_2,20000,8433
32414700,I2_2,20000,8369
902968328,I2_1,10000,3676
74114311,I2_2,20000,4513
91521808,I2_2,20000,4745
811181429,I2_2,20000,6847
187713512,I2_2,20000,5954
966168637,I2_1,10000,4099
901441402,I2_2,20000,6717
978040681,I2_2,20000,8848
689682354,I2_1,10000,5281
325159802,I2_2,20000,6755
801353711,I2_1,10000,3717
34596050,I2_2,20000,5912
299442601,I2_2,20000,4912
992426506,I2_1,10000,3335
634773972,I2_2,20000,6388
788085206,I2_2,20000,7361
232335896,I2_2,20000,7420
326141702,I2_2,20000,8366
284210041,I2_2,20000,6362
367680759,I2_2,20000,7280
644708673,I2_2,20000,8861
879295,I2_2,20000,6713
123278157,I2_1,10000,5169
405793521,I2_2,20000,6641
602325283,I2_2,20000,4435
414333620,I2_2,20000,5382
943631331,I2_1,10000,3313
916899361,I2_1,10000,2430
142030342,I2_2,20000,4463
797047689,I2_1,10000,2901
424143608,I2_1,10000,4523
337373281,I2_2,20000,6085
201036959,I2_2,20000,7133
181137572,I2_1,10000,4302
402893488,I2_2,20000,9401
851222785,I2_1,10000,2555
837628483,I2_1,10000,2512
276869254,I2_2,20000,4514
294096488,I2_1,10000,3952
222249071,I2_1,10000,3866
764883899,I2_2,20000,4484
423048185,I2_1,10000,2752
448904872,I2_2,20000,4548
462018914,I2_1,10000,4016
422032782,I2_2,20000,5032
411659940,I2_1,10000,5583
17860203,I2_1,10000,4482
608573824,I2_2,20000,6747
143156157,I2_1,10000,5068
336727936,I2_1,10000,6142
710274654,I2_1,10000,3325
388789913,I2_2,20000,6156
763254983,I2_1,10000,3854
128166605,I2_1,10000,2888
647408247,I2_1,10000,3580
994119910,I2_2,20000,5004
724046608,I2_1,10000,2609
476687909,I2_2,20000,4892
140279971,I2_1,10000,5033
265300044,I2_1,10000,6013
601755521,I2_2,20000,4914
217894906,I2_1,10000,2864
55013844,I2_1,10000,3060
383546775,I2_2,20000,4685
588964461,I2_2,20000,6770
903614726,I2_2,20000,6525
428065432,I2_2,20000,5717
970033542,I2_2,20000,7828
86498122,I2_1,10000,5375
436448503,I2_2,20000,9539
661227178,I2_2,20000,10598
775228530,I2_2,20000,9523
132408079,I2_2,20000,9020
707292608,I2_1,10000,4272
367867557,I2_2,20000,8567
906428344,I2_2,20000,6926
885009059,I2_2,20000,9068
641535290,I2_1,10000,5847
507554638,I2_1,10000,4260
786641073,I2_2,20000,11294
229773331,I2_2,20000,11839
130544610,I2_1,10000,3459
374447506,I2_1,10000,2499
836869774,I2_2,20000,4570
485137331,I2_2,20000,4888
542989107,I2_2,20000,6940
114129524,I2_1,10000,2565
972151736,I2_1,10000,2639
788141517,I2_1,10000,3699
418850405,I2_1,10000,3552
317064710,I2_2,20000,4576
849141338,I2_1,10000,2837
767064663,I2_2,20000,5400
152862304,I2_2,20000,4874
410019808,I2_1,10000,3342
184333643,I2_2,20000,5018
929978658,I2_1,10000,2545
528167061,I2_1,10000,2871
708474061,I2_2,20000,4649
461891928,I2_1,10000,5223
981977277,I2_2,20000,5800
293546281,I2_2,20000,5779
151623731,I2_2,20000,5702
75019903,I2_1,10000,5102
359960170,I2_1,10000,5654
992148753,I2_2,20000,9511
509554071,I2_1,10000,3860
138887051,I2_1,10000,2789
486431395,I2_2,20000,4485
718206791,I2_2,20000,5025
400138942,I2_1,10000,4465
155171483,I2_1,10000,4102
684585181,I2_2,20000,6654
388890843,I2_2,20000,4707
299927969,I2_1,10000,4154
238483036,I2_1,10000,4291
637422881,I2_1,10000,2559
249495768,I2_2,20000,5191
436707918,I2_1,10000,4622
662707297,I2_2,20000,8004
988247270,I2_2,20000,10288
364462922,I2_2,20000,9807
736193729,I2_1,10000,3457
767627207,I2_2,20000,7617
69771121,I2_1,10000,6180
637879771,I2_1,10000,4320
506511904,I2_2,20000,12900
323565967,I2_1,10000,4920
206782555,I2_1,10000,5429
250330865,I2_2,20000,9343
445200730,I2_1,10000,4677
350460527,I2_1,10000,5231
146442258,I2_1,10000,6183
774570319,I2_2,20000,15420
748704720,I2_2,20000,16004
532065216,I2_2,20000,15623
22574480,I2_1,10000,7195
603510766,I2_2,20000,17757
717852676,I2_1,10000,9374
110950990,I2_2,20000,18288
568280195,I2_1,10000,9424
755782072,I2_1,10000,7206
425465236,I2_1,10000,5611
122789823,I2_1,10000,7095
370932933,I2_2,20000,20129
397868870,I2_2,20000,20236
482644903,I2_1,10000,11510
811535762,I2_2,20000,16018
98269359,I2_2,20000,4627
117566870,I2_2,20000,5573
338519043,I2_1,10000,2622
423918629,I2_1,10000,3119
628607867,I2_2,20000,4689
585206404,I2_1,10000,3015
541380086,I2_1,10000,3455
237019161,I2_1,10000,4003
586925229,I2_2,20000,5113
183645125,I2_1,10000,4014
502768002,I2_1,10000,2567
740072710,I2_1,10000,2638
684203498,I2_1,10000,3138
332940918,I2_2,20000,4714
527280009,I2_1,10000,2650
501858788,I2_1,10000,3107
362181938,I2_2,20000,5574
323366983,I2_1,10000,3228
784932780,I2_2,20000,5412
255006339,I2_2,20000,5215
718186293,I2_1,10000,3622
949877996,I2_1,10000,4204
924580438,I2_1,10000,4128
417987385,I2_2,20000,4710
249659785,I2_1,10000,3471
950137802,I2_2,20000,4743
503629681,I2_1,10000,4152
346437140,I2_2,20000,6806
930144601,I2_1,10000,4413
755258811,I2_2,20000,9020
186706467,I2_2,20000,10274
949117354,I2_2,20000,5688
34931642,I2_2,20000,8883
767097801,I2_2,20000,8733
862382800,I2_2,20000,9820
341161854,I2_2,20000,10961
617889458,I2_2,20000,5959
192313349,I2_2,20000,8176
959719522,I2_1,10000,5346
12701179,I2_2,20000,10784
836040824,I2_1,10000,3370
186403732,I2_1,10000,4402
602996469,I2_2,20000,12901
13264945,I2_2,20000,11202
316361410,I2_2,20000,8542
433825438,I2_2,20000,9405
148091726,I2_2,20000,5404
145207724,I2_2,20000,4624
800454381,I2_2,20000,5546
416726629,I2_1,10000,2984
541081831,I2_1,10000,2574
54650343,I2_1,10000,2718
46826387,I2_1,10000,3178
394029791,I2_2,20000,5529
456265140,I2_1,10000,4583
480389340,I2_1,10000,3980
901889716,I2_1,10000,4503
410899866,I2_2,20000,7771
7390173,I2_1,10000,5449
49159746,I2_2,20000,10086
232924559,I2_1,10000,2757
400155858,I2_1,10000,2642
514181358,I2_2,20000,4729
243188678,I2_2,20000,4766
895122412,I2_2,20000,5582
405836747,I2_2,20000,5173
517752008,I2_2,20000,6846
958070580,I2_1,10000,5219
854757120,I2_1,10000,4532
697701173,I2_1,10000,4889
812076611,I2_1,10000,6535
771165194,I2_2,20000,7137
713680063,I2_1,10000,4314
135623731,I2_1,10000,5863
66431545,I2_1,10000,6436
3421456,I2_1,10000,5456
910002992,I2_2,20000,12440
267730091,I2_1,10000,2710
775958042,I2_2,20000,5086
507284899,I2_1,10000,4011
711261555,I2_2,20000,8441
186238660,I2_2,20000,5514
998804383,I2_1,10000,4120
265457389,I2_1,10000,3543
317085866,I2_1,10000,2743
267917200,I2_1,10000,2670
679233380,I2_1,10000,2876
801376784,I2_2,20000,4729
764785662,I2_2,20000,5762
123300,I2_2,20000,6698
278120611,I2_2,20000,6358
387500696,I2_2,20000,7233
255713280,I2_1,10000,3526
712390852,I2_1,10000,2982
194189041,I2_1,10000,2759
558098892,I2_1,10000,3289
784731486,I2_2,20000,6375
904309329,I2_1,10000,5404
304592241,I2_2,20000,9146
552070442,I2_2,20000,7968
887934141,I2_2,20000,8831
983425499,I2_2,20000,10420
121808537,I2_2,20000,12501
757742011,I2_1,10000,5238
838121602,I2_2,20000,11950
687410114,I2_1,10000,2959
403742705,I2_1,10000,4143
432149426,I2_1,10000,3270
670101015,I2_2,20000,6248
646229907,I2_2,20000,6724
49234716,I2_1,10000,2758
312260611,I2_2,20000,5748
144386492,I2_1,10000,4710
835342301,I2_1,10000,4504
250074201,I2_2,20000,8883
57808840,I2_1,10000,6048
718580457,I2_1,10000,3145
411287436,I2_2,20000,7962
156835486,I2_2,20000,6559
886173891,I2_1,10000,3510
659823740,I2_1,10000,3129
44038704,I2_1,10000,3061
628456003,I2_1,10000,3737
78359739,I2_1,10000,3693
649368698,I2_1,10000,2694
179776702,I2_2,20000,4548
10916313,I2_2,20000,4620
778969426,I2_2,20000,5551
454268639,I2_1,10000,6100
133038143,I2_1,10000,5464
929772110,I2_2,20000,5596
916366983,I2_2,20000,5644
424679046,I2_1,10000,6117
914804962,I2_1,10000,4475
215019225,I2_2,20000,9800
383074183,I2_1,10000,5847
851916586,I2_1,10000,6369
223385510,I2_2,20000,10891
552710498,I2_2,20000,11913
480051719,I2_1,10000,3792
187637559,I2_1,10000,3040
652126099,I2_2,20000,6656
132326915,I2_2,20000,4954
745874169,I2_1,10000,5222
126366927,I2_1,10000,3798
517202602,I2_1,10000,2696
23435457,I2_1,10000,2639
522619739,I2_1,10000,2549
90558345,I2_1,10000,2607
678511,I2_1,10000,2903
352624782,I2_1,10000,2954
490310706,I2_2,20000,5726
717088666,I2_1,10000,3109
784384070,I2_2,20000,5902
467472731,I2_1,10000,2897
662756602,I2_1,10000,3528
688981425,I2_1,10000,2661
919638608,I2_2,20000,6039
549399672,I2_2,20000,6128
290649793,I2_2,20000,5609
248537956,I2_2,20000,8250
162609775,I2_1,10000,4539
569605614,I2_2,20000,5363
618213458,I2_2,20000,5373
529121365,I2_2,20000,6630
409093253,I2_2,20000,5563
88552641,I2_2,20000,4617
58105476,I2_1,10000,3011
672088184,I2_1,10000,2662
810989939,I2_1,10000,2911
261060914,I2_2,20000,5630
265117413,I2_2,20000,6856
962021056,I2_2,20000,7508
483627091,I2_2,20000,8369
361926798,I2_1,10000,3255
671451500,I2_2,20000,4702
669930893,I2_1,10000,3926
937306014,I2_2,20000,4509
202068177,I2_1,10000,2640
539281009,I2_2,20000,5236
793988268,I2_2,20000,5081
3393268,I2_2,20000,6640
468586188,I2_1,10000,4021
441897855,I2_2,20000,4564
196246373,I2_2,20000,4535
539075332,I2_2,20000,4679
274375730,I2_1,10000,3039
569013541,I2_1,10000,3934
346754169,I2_2,20000,4677
952919099,I2_1,10000,4060
868587761,I2_2,20000,5760
426292087,I2_2,20000,6284
450822241,I2_1,10000,3998
45678307,I2_2,20000,5057
819536892,I2_2,20000,6845
501552929,I2_1,10000,4139
904875720,I2_1,10000,3963
759184226,I2_2,20000,9901
201211745,I2_2,20000,6867
604296745,I2_1,10000,2641
322465967,I2_2,20000,5470
522840759,I2_2,20000,4607
872079980,I2_1,10000,3658
739030613,I2_1,10000,2598
348063182,I2_1,10000,2744
334209509,I2_1,10000,2699
56654719,I2_2,20000,5151
853559175,I2_1,10000,4227
620508240,I2_2,20000,7917
22196777,I2_2,20000,8591
262922982,I2_2,20000,8569
523497066,I2_2,20000,7104
589925944,I2_1,10000,4235
361112001,I2_2,20000,9379
124610430,I2_2,20000,8192
807221743,I2_1,10000,2686
971751585,I2_2,20000,5931
496657976,I2_2,20000,7100
178465825,I2_1,10000,2830
990345147,I2_2,20000,9860
713739664,I2_2,20000,6189
708523619,I2_1,10000,4132
961811917,I2_1,10000,3638
114434828,I2_1,10000,2591
221414199,I2_1,10000,2578
44404912,I2_2,20000,4633
192149571,I2_1,10000,2994
643486906,I2_1,10000,4460
424550707,I2_1,10000,4160
65245664,I2_2,20000,8056
829883933,I2_2,20000,4708
431617032,I2_2,20000,4722
402609684,I2_2,20000,4685
176732568,I2_1,10000,2866
489734185,I2_1,10000,4633
367037661,I2_2,20000,4656
891683243,I2_1,10000,4992
452263643,I2_2,20000,5134
368913702,I2_2,20000,7269
963155716,I2_2,20000,6090
333918375,I2_1,10000,5430
993208257,I2_2,20000,8785
86799832,I2_2,20000,11220
265002488,I2_2,20000,10062
536132167,I2_1,10000,4817
6193252,I2_2,20000,12340
386560750,I2_1,10000,4643
498609255,I2_1,10000,4485
68364393,I2_2,20000,6612
305417122,I2_2,20000,7683
338328035,I2_2,20000,8743
289836762,I2_2,20000,6198
556752548,I2_2,20000,5787
750985708,I2_1,10000,5229
977577122,I2_2,20000,4657
481655298,I2_2,20000,6755
225271802,I2_2,20000,4750
429719265,I2_1,10000,3757
63252915,I2_2,20000,4570
659717545,I2_2,20000,4623
482810612,I2_1,10000,2994
628123291,I2_1,10000,5001
464777911,I2_1,10000,4431
818739321,I2_2,20000,5777
668036141,I2_2,20000,7990
204857034,I2_2,20000,9440
358662204,I2_2,20000,9584
944223571,I2_1,10000,4220
276045680,I2_2,20000,9529
573457119,I2_1,10000,2634
495955241,I2_1,10000,2571
598659073,I2_1,10000,2958
963671016,I2_2,20000,5633
741932505,I2_1,10000,2563
729608452,I2_1,10000,2683
626751476,I2_2,20000,4642
133944959,I2_1,10000,4087
975733259,I2_1,10000,5159
620065483,I2_1,10000,3633
605757813,I2_2,20000,6393
178313751,I2_1,10000,2884
483558887,I2_2,20000,4593
308045688,I2_1,10000,2530
632418068,I2_2,20000,4548
785159271,I2_2,20000,4734
612342591,I2_1,10000,3053
555711575,I2_2,20000,7410
21708843,I2_2,20000,5704
829306442,I2_2,20000,7007
366118644,I2_1,10000,5363
426087305,I2_2,20000,9890
319508776,I2_1,10000,3421
677658872,I2_1,10000,4795
307053403,I2_1,10000,2622
986254074,I2_1,10000,3784
516406068,I2_1,10000,2580
759635855,I2_1,10000,2596
810721794,I2_2,20000,5680
644604429,I2_2,20000,4496
404482160,I2_1,10000,3591
590837780,I2_1,10000,2631
431010427,I2_2,20000,5421
278794558,I2_2,20000,4532
911358658,I2_2,20000,6074
424447064,I2_1,10000,3396
952446584,I2_2,20000,6814
713243172,I2_1,10000,4572
221785872,I2_2,20000,6058
885013872,I2_2,20000,7262
214789372,I2_1,10000,5038
247230969,I2_1,10000,5143
593577753,I2_1,10000,3003
162388188,I2_2,20000,4642
725178635,I2_2,20000,4869
365730751,I2_1,10000,2651
130861915,I2_2,20000,5507
999848395,I2_1,10000,3904
245619188,I2_2,20000,4528
600274976,I2_2,20000,5635
141838296,I2_2,20000,6756
858461229,I2_1,10000,4868
720626042,I2_1,10000,6448
559473185,I2_2,20000,9704
300471378,I2_2,20000,7576
199765562,I2_2,20000,5420
135746990,I2_2,20000,7610
17489141,I2_1,10000,3946
301134325,I2_2,20000,6500
316247001,I2_1,10000,4829
651706877,I2_2,20000,8337
737035679,I2_1,10000,5000
450340084,I2_2,20000,10270
602148206,I2_1,10000,6646
275492911,I2_1,10000,4398
989228539,I2_2,20000,12440
19855008,I2_1,10000,3837
817741780,I2_2,20000,13057
60076026,I2_1,10000,4256
317405652,I2_2,20000,16112
295338070,I2_2,20000,17706
699423483,I2_2,20000,17487
270240745,I2_1,10000,7934
894831958,I2_2,20000,19529
694169988,I2_1,10000,9342
708234664,I2_2,20000,10376
779833482,I2_1,10000,3819
604154406,I2_1,10000,2885
391006303,I2_1,10000,3561
288432221,I2_1,10000,4580
302259969,I2_1,10000,5596
893342701,I2_1,10000,2484
793095270,I2_1,10000,2541
386742596,I2_1,10000,2593
209059887,I2_2,20000,6425
909195308,I2_2,20000,4559
547985171,I2_1,10000,5052
870449342,I2_1,10000,4062
516236856,I2_1,10000,3020
540626033,I2_2,20000,5798
788374161,I2_1,10000,4218
925157276,I2_2,20000,6042
235463112,I2_1,10000,4307
832429176,I2_2,20000,7728
190002173,I2_1,10000,2703
714761795,I2_1,10000,2604
780416879,I2_1,10000,2701
211899753,I2_2,20000,6093
451683591,I2_2,20000,5638
668232867,I2_2,20000,8239
542743365,I2_1,10000,6135
935831920,I2_1,10000,4456
25144436,I2_2,20000,11550
542752257,I2_2,20000,12158
49838486,I2_2,20000,14901
782069426,I2_1,10000,5395
9764339,I2_2,20000,15763
183720193,I2_2,20000,16730
939459435,I2_1,10000,6425
815313903,I2_2,20000,15608
646516577,I2_1,10000,6492
802107777,I2_2,20000,15955
979675964,I2_1,10000,4360
511935549,I2_1,10000,4362
293518602,I2_2,20000,10727
650515223,I2_1,10000,4299
692946662,I2_2,20000,12833
337942666,I2_2,20000,10619
542791393,I2_2,20000,5895
366444135,I2_1,10000,5432
108170624,I2_2,20000,6522
7525003,I2_1,10000,2977
132369278,I2_2,20000,10320
846404707,I2_1,10000,5474
603394359,I2_1,10000,4894
604798961,I2_2,20000,7460
498561642,I2_2,20000,9750
226480286,I2_2,20000,5616
84789068,I2_1,10000,4906
680520060,I2_2,20000,6950
849986590,I2_1,10000,5337
50617482,I2_2,20000,10165
976267907,I2_1,10000,3822
612015228,I2_2,20000,5865
864065815,I2_1,10000,3657
955215552,I2_1,10000,3639
731286747,I2_1,10000,3059
70000313,I2_2,20000,4723
853992735,I2_2,20000,4558
755040527,I2_1,10000,2657
710134643,I2_2,20000,5205
51061983,I2_1,10000,2666
889669533,I2_1,10000,2903
480373202,I2_1,10000,3469
881592707,I2_2,20000,6686
641974031,I2_2,20000,5003
702005531,I2_1,10000,5570
434603106,I2_1,10000,4483
303461541,I2_1,10000,3358
750517816,I2_1,10000,3521
996130053,I2_1,10000,2924
415444512,I2_2,20000,5391
135878337,I2_1,10000,2829
667390079,I2_1,10000,2662
614882364,I2_1,10000,2850
794452031,I2_2,20000,6458
663312832,I2_2,20000,6778
183281012,I2_1,10000,5108
590871840,I2_1,10000,3959
541701619,I2_2,20000,11058
724302115,I2_2,20000,6637
341048965,I2_2,20000,6549
213350089,I2_1,10000,2514
399221239,I2_1,10000,2764
127651667,I2_1,10000,2673
662259161,I2_1,10000,3426
14292817,I2_1,10000,2633
151878563,I2_1,10000,2613
560879708,I2_2,20000,4712
488856265,I2_1,10000,3055
780904204,I2_1,10000,2796
613684931,I2_2,20000,4774
944350620,I2_1,10000,3041
81124792,I2_2,20000,4799
633843055,I2_1,10000,3434
863485489,I2_2,20000,4954
971426484,I2_1,10000,5248
373361444,I2_2,20000,5481
118879107,I2_1,10000,5133
458754169,I2_1,10000,3988
298192084,I2_2,20000,9196
381452698,I2_2,20000,4833
265058619,I2_1,10000,5377
894584613,I2_1,10000,4271
545072476,I2_1,10000,4677
753364706,I2_2,20000,6892
251979407,I2_1,10000,6206
651336082,I2_1,10000,5016
735760277,I2_1,10000,5592
850395493,I2_2,20000,11495
370662051,I2_2,20000,6320
943417118,I2_1,10000,4682
746478083,I2_2,20000,7454
832192720,I2_1,10000,5066
44713860,I2_2,20000,10086
628719861,I2_2,20000,9813
744946393,I2_2,20000,11448
391667103,I2_1,10000,4755
788864838,I2_2,20000,14093
259031021,I2_1,10000,5338
442445360,I2_2,20000,15580
652269233,I2_2,20000,14855
287504062,I2_1,10000,5884
578810375,I2_1,10000,6499
412757692,I2_2,20000,15445
383237250,I2_1,10000,4803
333281586,I2_2,20000,17987
59844341,I2_2,20000,16501
906191451,I2_2,20000,15795
270103386,I2_2,20000,13167
517390361,I2_2,20000,12664
628163788,I2_2,20000,10678
693150007,I2_1,10000,4853
411993366,I2_2,20000,12066
32444461,I2_1,10000,5359
612907267,I2_1,10000,3771
408793912,I2_1,10000,4740
371659907,I2_2,20000,10298
604520786,I2_2,20000,10217
371092246,I2_1,10000,3224
253166637,I2_1,10000,3617
801502459,I2_2,20000,5931
365913068,I2_2,20000,5708
985956443,I2_1,10000,3881
438546115,I2_2,20000,4638
758348365,I2_1,10000,3918
37435739,I2_2,20000,4712
258694748,I2_1,10000,2938
542375672,I2_1,10000,4481
152145197,I2_2,20000,7615
215983897,I2_2,20000,7513
44247942,I2_2,20000,7523
813646733,I2_2,20000,6931
326189033,I2_2,20000,5591
326054937,I2_2,20000,5584
65784915,I2_1,10000,4985
147855403,I2_1,10000,5375
695241770,I2_2,20000,7544
238527468,I2_1,10000,4919
626744167,I2_1,10000,3137
962308698,I2_1,10000,4786
452671547,I2_2,20000,5589
252218276,I2_2,20000,7516
518666575,I2_2,20000,8446
313992200,I2_1,10000,4532
243159718,I2_2,20000,6669
159120131,I2_1,10000,2773
828668603,I2_1,10000,3057
754534202,I2_1,10000,2710
756888889,I2_1,10000,3788
396887676,I2_1,10000,2936
655720001,I2_1,10000,4061
867731559,I2_2,20000,4681
584822052,I2_2,20000,5583
226134855,I2_1,10000,2733
644974246,I2_2,20000,5222
574344436,I2_2,20000,6903
839564914,I2_1,10000,4214
165471779,I2_1,10000,4118
162214774,I2_2,20000,5786
638829438,I2_1,10000,3586
226966147,I2_2,20000,8884
617091071,I2_1,10000,3754
165065113,I2_1,10000,3512
993242747,I2_2,20000,4836
581988461,I2_2,20000,4773
350487822,I2_1,10000,2794
951873337,I2_2,20000,6853
365973333,I2_1,10000,4647
298332019,I2_1,10000,2974
769925144,I2_2,20000,10284
576302658,I2_2,20000,10750
703566866,I2_2,20000,6614
930829809,I2_1,10000,4136
905881243,I2_1,10000,3510
922543403,I2_1,10000,4263
998032538,I2_2,20000,4556
732489494,I2_1,10000,3983
173622909,I2_1,10000,3818
704112814,I2_1,10000,3737
845562081,I2_1,10000,3722
494686947,I2_1,10000,2978
256863151,I2_1,10000,4483
5402323,I2_1,10000,5020
689027266,I2_2,20000,7666
448546554,I2_1,10000,4400
237814265,I2_2,20000,8640
485853931,I2_2,20000,9215
613805290,I2_1,10000,5380
993527972,I2_2,20000,10731
60886845,I2_2,20000,11508
551294283,I2_2,20000,7926
718669313,I2_2,20000,10029
623859478,I2_2,20000,12155
385029956,I2_2,20000,10023
828317509,I2_2,20000,8851
666232372,I2_1,10000,6208
117975929,I2_2,20000,8225
745280748,I2_2,20000,10498
789976752,I2_2,20000,5403
900517192,I2_1,10000,4976
744475561,I2_2,20000,7542
704210191,I2_1,10000,3204
42607269,I2_2,20000,5327
267652325,I2_1,10000,3357
962250341,I2_1,10000,2532
19693969,I2_2,20000,4732
636116673,I2_1,10000,3829
52603785,I2_1,10000,4305
332100021,I2_2,20000,8737
587505434,I2_2,20000,6394
107534756,I2_1,10000,2775
381954798,I2_1,10000,3029
701365386,I2_2,20000,5134
223709542,I2_1,10000,4533
975051818,I2_1,10000,4875
653283736,I2_2,20000,5553
112963922,I2_2,20000,5104
355599499,I2_1,10000,5462
231196076,I2_1,10000,5934
705624479,I2_1,10000,3786
998344975,I2_2,20000,4677
721900409,I2_2,20000,6791
626613084,I2_1,10000,3729
896883443,I2_1,10000,4506
827672216,I2_2,20000,7466
681629943,I2_2,20000,7488
439049669,I2_1,10000,4782
307534066,I2_2,20000,5706
920551473,I2_1,10000,4126
601862375,I2_2,20000,5999
434051729,I2_1,10000,3894
437876425,I2_1,10000,3708
169378105,I2_2,20000,4731
533953200,I2_1,10000,3406
219687800,I2_2,20000,7349
954219300,I2_2,20000,5225
586513523,I2_2,20000,5578
186437697,I2_1,10000,2764
303248747,I2_1,10000,2953
673787804,I2_1,10000,2832
703585214,I2_1,10000,2935
212703185,I2_2,20000,4726
484423638,I2_2,20000,5697
716122437,I2_2,20000,5277
643633237,I2_1,10000,2774
111945664,I2_1,10000,3949
974398854,I2_2,20000,5268
975105522,I2_1,10000,4566
858418276,I2_1,10000,3098
368754769,I2_2,20000,8866
654904438,I2_2,20000,4796
735585776,I2_2,20000,5605
932934866,I2_2,20000,4695
887005798,I2_1,10000,3103
16750544,I2_1,10000,2846
457983089,I2_1,10000,4062
689682705,I2_1,10000,2797
854467387,I2_1,10000,2744
754126062,I2_2,20000,4783
698151363,I2_2,20000,4737
818991964,I2_1,10000,3103
952852815,I2_2,20000,5328
369366752,I2_2,20000,5804
109872681,I2_1,10000,5231
17811298,I2_1,10000,4564
242607396,I2_2,20000,9559
206040087,I2_1,10000,3837
537820933,I2_2,20000,10418
84388086,I2_1,10000,4330
459150271,I2_2,20000,13367
807599470,I2_1,10000,4857
398057610,I2_1,10000,5403
951947888,I2_2,20000,7568
259533913,I2_2,20000,4740
735692247,I2_1,10000,4105
853936205,I2_2,20000,5557
495717103,I2_2,20000,4716
945474469,I2_1,10000,5295
898519129,I2_2,20000,6631
162982851,I2_2,20000,4750
997546405,I2_2,20000,5018
730994320,I2_1,10000,3556
713691035,I2_1,10000,4195
977261984,I2_1,10000,5949
259067922,I2_2,20000,6669
568853782,I2_2,20000,6019
91305038,I2_2,20000,4858
761323889,I2_2,20000,5724
907896640,I2_1,10000,2934
765327847,I2_1,10000,3442
663775242,I2_2,20000,4790
79555009,I2_2,20000,4805
910933450,I2_1,10000,4245
271942047,I2_1,10000,4149
274101404,I2_1,10000,2912
321673544,I2_1,10000,3214
780792876,I2_2,20000,4957
160364928,I2_2,20000,5280
34682886,I2_2,20000,6700
231956637,I2_1,10000,2975
253577460,I2_1,10000,2902
518058654,I2_1,10000,3631
67318378,I2_2,20000,4812
288596322,I2_2,20000,5040
726668233,I2_1,10000,3126
657018547,I2_1,10000,5082
632050287,I2_1,10000,3821
8440053,I2_2,20000,7385
659155848,I2_2,20000,5342
902601695,I2_1,10000,5831
622518251,I2_1,10000,6312
744301833,I2_2,20000,10729
872948367,I2_2,20000,11716
199246217,I2_2,20000,11072
960387302,I2_2,20000,11089
102384050,I2_1,10000,4662
995453818,I2_2,20000,7147
549160311,I2_2,20000,9378
913300051,I2_1,10000,3113
509114954,I2_1,10000,4034
149395821,I2_1,10000,2731
894203013,I2_2,20000,5320
201490295,I2_1,10000,3519
329017875,I2_2,20000,4706
250179786,I2_2,20000,6772
943770356,I2_2,20000,7375
810350208,I2_1,10000,4235
111667844,I2_2,20000,7608
557315044,I2_2,20000,5630
124130125,I2_1,10000,5544
472131151,I2_1,10000,4928
780726155,I2_1,10000,4907
646933147,I2_1,10000,3870
90123899,I2_2,20000,10452
862285669,I2_1,10000,5499
822138728,I2_2,20000,7532
284025053,I2_1,10000,4311
458914547,I2_1,10000,2573
853294531,I2_1,10000,2618
159591943,I2_1,10000,2551
850372502,I2_2,20000,4798
235029006,I2_1,10000,3262
27396755,I2_1,10000,4888
56815488,I2_2,20000,6071
148471591,I2_1,10000,4502
205897659,I2_1,10000,3380
722604862,I2_2,20000,8891
981879949,I2_1,10000,6305
967760539,I2_2,20000,12644
542857372,I2_2,20000,11350
559028675,I2_2,20000,13539
835281101,I2_1,10000,5373
509777341,I2_2,20000,6897
852988259,I2_1,10000,4758
302387676,I2_1,10000,5334
957302710,I2_2,20000,5351
45104119,I2_2,20000,6498
402859358,I2_1,10000,2520
463496362,I2_2,20000,4600
208150144,I2_1,10000,4131
72229969,I2_1,10000,4619
71412322,I2_2,20000,5701
126613049,I2_1,10000,5463
805250284,I2_1,10000,7151
85909564,I2_1,10000,7590
756071603,I2_1,10000,5399
227114871,I2_2,20000,10887
295707914,I2_1,10000,4321
674208978,I2_2,20000,13984
552193478,I2_1,10000,3743
3769515,I2_2,20000,6777
27077360,I2_2,20000,5624
229595540,I2_1,10000,4574
994875648,I2_1,10000,5119
658382331,I2_1,10000,5028
290886991,I2_2,20000,9472
353154483,I2_1,10000,5904
241709801,I2_2,20000,10247
53871136,I2_2,20000,12468
469726616,I2_1,10000,5930
418008163,I2_2,20000,8568
863721671,I2_2,20000,9027
495763274,I2_1,10000,6842
481118566,I2_2,20000,9434
20670926,I2_2,20000,10521
826154078,I2_1,10000,6833
518913103,I2_2,20000,7966
325277661,I2_2,20000,6930
108787266,I2_2,20000,5800
540672989,I2_1,10000,4258
140502324,I2_2,20000,4463
925889006,I2_1,10000,3908
50991736,I2_2,20000,6771
846305161,I2_2,20000,5747
328293656,I2_1,10000,4641
262909099,I2_1,10000,3410
42959197,I2_1,10000,4463
276205530,I2_1,10000,3217
590261336,I2_2,20000,6592
396428139,I2_1,10000,3851
810805955,I2_2,20000,6520
614281457,I2_1,10000,3104
499544118,I2_1,10000,4199
306214042,I2_2,20000,5980
213362704,I2_1,10000,4402
195912999,I2_2,20000,9983
684129691,I2_2,20000,4527
682278293,I2_2,20000,6677
736003824,I2_2,20000,5366
137929469,I2_1,10000,2633
45845475,I2_1,10000,2783
189173977,I2_1,10000,2606
687716999,I2_1,10000,3722
303065210,I2_1,10000,2764
819901098,I2_1,10000,2494
545776890,I2_1,10000,2556
282767331,I2_1,10000,3013
539138420,I2_2,20000,6240
33125587,I2_1,10000,5528
518014914,I2_1,10000,4477
600124897,I2_2,20000,8210
585272190,I2_2,20000,4491
339158417,I2_2,20000,6526
669081888,I2_1,10000,3237
476299613,I2_2,20000,5391
986336381,I2_2,20000,4436
210294006,I2_1,10000,3858
130869225,I2_2,20000,4915
182323587,I2_2,20000,6394
308272099,I2_1,10000,3007
407994554,I2_2,20000,4668
156632509,I2_1,10000,3467
666929885,I2_1,10000,3086
60544440,I2_2,20000,4516
559717237,I2_1,10000,4013
280735600,I2_2,20000,6233
746495203,I2_2,20000,8329
777239194,I2_1,10000,5599
968333639,I2_2,20000,10385
623494480,I2_1,10000,4787
396305958,I2_2,20000,10999
79753843,I2_2,20000,11976
312871355,I2_2,20000,11204
9251715,I2_2,20000,11400
517523745,I2_1,10000,5464
623920305,I2_2,20000,12534
571051165,I2_1,10000,6018
948129623,I2_1,10000,6578
580452169,I2_1,10000,7774
226386563,I2_1,10000,7204
189476775,I2_1,10000,4548
502838933,I2_2,20000,17463
287831408,I2_2,20000,17020
56836421,I2_2,20000,19090
415429999,I2_1,10000,7676
133733774,I2_2,20000,16427
999469807,I2_1,10000,6573
281966582,I2_2,20000,15736
704317130,I2_1,10000,5331
391648626,I2_2,20000,16738
569361694,I2_1,10000,7009
256974359,I2_2,20000,18975
312906798,I2_1,10000,7578
903616090,I2_2,20000,16808
535086123,I2_1,10000,4912
150175787,I2_1,10000,6586
476748165,I2_2,20000,12440
607368397,I2_2,20000,10739
902700200,I2_1,10000,5288
868435024,I2_2,20000,10238
336654427,I2_1,10000,5909
597622592,I2_2,20000,12344
856997304,I2_1,10000,4865
830840672,I2_1,10000,3784
933419358,I2_2,20000,10769
831671101,I2_1,10000,4466
880220364,I2_2,20000,6529
660568675,I2_1,10000,3832
723054860,I2_2,20000,6624
628566842,I2_2,20000,8450
587889374,I2_2,20000,10042
977901595,I2_2,20000,9921
608273141,I2_1,10000,5151
960273722,I2_2,20000,10495
178512582,I2_2,20000,11626
208462037,I2_1,10000,2872
938691640,I2_2,20000,5920
33702267,I2_2,20000,8012
257241343,I2_2,20000,8425
195874211,I2_1,10000,3204
327484133,I2_2,20000,4616
407707594,I2_1,10000,4435
649582115,I2_1,10000,3837
36800579,I2_1,10000,3787
129461394,I2_1,10000,3894
697513026,I2_1,10000,2382
103807137,I2_2,20000,5720
729584660,I2_1,10000,4081
807979761,I2_1,10000,3303
825794809,I2_1,10000,4356
31562441,I2_1,10000,3706
868120518,I2_2,20000,9009
630073729,I2_2,20000,10704
377686921,I2_2,20000,11628
559178353,I2_1,10000,5332
942077864,I2_1,10000,2856
700313456,I2_2,20000,4523
870989317,I2_1,10000,3808
660324568,I2_1,10000,4176
479264828,I2_2,20000,7963
142056865,I2_2,20000,7905
545484669,I2_1,10000,4747
607221473,I2_1,10000,5276
900609405,I2_2,20000,10450
82707860,I2_1,10000,3705
599185633,I2_2,20000,13593
755560618,I2_1,10000,2534
194442723,I2_2,20000,4368
967014976,I2_2,20000,4483
688337006,I2_1,10000,2548
712387105,I2_1,10000,2546
471966403,I2_1,10000,2675
393349293,I2_1,10000,2417
269225857,I2_1,10000,2546
37863121,I2_1,10000,2571
368469367,I2_2,20000,4584
480588327,I2_1,10000,2561
679182130,I2_2,20000,5349
594016347,I2_2,20000,4885
768938203,I2_2,20000,5861
520064709,I2_1,10000,2607
99455860,I2_1,10000,3012
630234526,I2_1,10000,3559
384357071,I2_1,10000,4161
637091987,I2_2,20000,6503
760858299,I2_2,20000,5751
2420341,I2_1,10000,3097
272655922,I2_1,10000,4309
676217912,I2_1,10000,5472
903600711,I2_1,10000,2976
436430,I2_1,10000,2863
912606624,I2_1,10000,3032
616389656,I2_1,10000,3025
545458987,I2_2,20000,4855
804171148,I2_2,20000,5258
349226259,I2_2,20000,5061
16825615,I2_2,20000,5757
91486055,I2_1,10000,5237
181207101,I2_2,20000,5706
932231120,I2_1,10000,4066
507413614,I2_2,20000,7269
800943309,I2_1,10000,3836
49014007,I2_1,10000,3644
595891581,I2_2,20000,5081
11269610,I2_2,20000,5713
529707077,I2_1,10000,4118
77352516,I2_2,20000,7809
694318672,I2_1,10000,4442
593535411,I2_2,20000,5052
323332882,I2_1,10000,2735
423166870,I2_2,20000,5436
721961088,I2_2,20000,6672
364414451,I2_1,10000,2901
618520694,I2_1,10000,3084
389951351,I2_2,20000,5468
907816930,I2_1,10000,5007
25144307,I2_2,20000,4806
18951391,I2_1,10000,4297
940002421,I2_2,20000,4960
204871202,I2_1,10000,4468
21285696,I2_1,10000,4371
636546422,I2_2,20000,8462
672934464,I2_1,10000,3549
670540020,I2_2,20000,5314
867707767,I2_1,10000,4099
873838905,I2_1,10000,3995
464086948,I2_1,10000,2731
762959346,I2_2,20000,5151
698133417,I2_2,20000,5162
560308635,I2_1,10000,4678
988745623,I2_2,20000,7328
289928780,I2_1,10000,5002
19146259,I2_2,20000,7850
769045350,I2_1,10000,5062
954519416,I2_2,20000,8302
799063556,I2_1,10000,6702
726956979,I2_1,10000,7267
535733123,I2_1,10000,5477
329951143,I2_2,20000,9565
789030851,I2_1,10000,2829
375963072,I2_2,20000,4849
812705809,I2_2,20000,5836
658497450,I2_1,10000,3098
64997826,I2_2,20000,5375
787133077,I2_1,10000,4883
660731418,I2_1,10000,3911
713371711,I2_2,20000,6877
835296944,I2_2,20000,8202
112658501,I2_2,20000,4765
11106085,I2_1,10000,3015
47709190,I2_1,10000,4001
395840831,I2_1,10000,3074
854153041,I2_2,20000,4826
817433972,I2_1,10000,3547
415680368,I2_2,20000,5933
767118126,I2_1,10000,3963
750754193,I2_1,10000,5006
184780500,I2_1,10000,2857
98807617,I2_1,10000,3205
968625087,I2_1,10000,4863
408002522,I2_1,10000,3635
739176526,I2_2,20000,6197
693652114,I2_2,20000,8289
773861787,I2_2,20000,5556
700441567,I2_1,10000,4066
70597792,I2_1,10000,5682
59852252,I2_2,20000,6453
326738367,I2_2,20000,8719
945673840,I2_2,20000,4835
317289097,I2_1,10000,3200
313028193,I2_1,10000,3176
342419376,I2_1,10000,3734
678821756,I2_2,20000,6682
694313403,I2_2,20000,5216
878338563,I2_1,10000,4752
673632421,I2_1,10000,5241
587580268,I2_2,20000,8561
453851143,I2_2,20000,7298
43792644,I2_2,20000,8211
413417146,I2_2,20000,8172
79140642,I2_1,10000,4414
277616605,I2_2,20000,7611
552322775,I2_1,10000,2749
909781116,I2_1,10000,2928
105909744,I2_1,10000,2700
705277001,I2_1,10000,2947
808060046,I2_2,20000,5609
503657113,I2_1,10000,3928
667781469,I2_2,20000,7760
278082420,I2_2,20000,8360
988263622,I2_1,10000,4480
693034562,I2_2,20000,11157
259370076,I2_1,10000,3534
801098713,I2_1,10000,4551
676996842,I2_2,20000,14935
370902721,I2_1,10000,3818
342750939,I2_2,20000,15340
551503215,I2_2,20000,11482
438107455,I2_2,20000,9174
938423136,I2_1,10000,5505
148060409,I2_2,20000,11254
804692513,I2_2,20000,10714
534946064,I2_1,10000,6045
963822380,I2_1,10000,4346
916269288,I2_2,20000,10792
213760263,I2_1,10000,4900
926503799,I2_2,20000,13728
413200923,I2_1,10000,3975
708418685,I2_1,10000,4007
808104102,I2_1,10000,5560
560409200,I2_2,20000,15221
23230010,I2_1,10000,5887
327550536,I2_2,20000,16743
124529424,I2_2,20000,17986
15001732,I2_2,20000,16905
978825871,I2_2,20000,17262
911911966,I2_1,10000,7125
619687500,I2_1,10000,7607
218227430,I2_2,20000,20473
972238796,I2_2,20000,19712
457207265,I2_2,20000,14509
894758456,I2_2,20000,14082
737298678,I2_1,10000,4843
131123222,I2_1,10000,4519
227596521,I2_2,20000,16174
116399662,I2_1,10000,7030
645702469,I2_1,10000,7031
549440307,I2_1,10000,5397
525207467,I2_2,20000,17700
504892145,I2_2,20000,18622
912597374,I2_1,10000,7973
411473920,I2_2,20000,17569
262787033,I2_1,10000,7311
613424173,I2_2,20000,18827
747671909,I2_2,20000,18282
931639198,I2_1,10000,3908
862764043,I2_1,10000,2551
453304186,I2_2,20000,5200
152464471,I2_2,20000,5581
524070442,I2_1,10000,3775
98085242,I2_2,20000,5315
162799149,I2_1,10000,2639
569510906,I2_1,10000,2988
923947638,I2_1,10000,2555
284351151,I2_2,20000,4650
189247806,I2_1,10000,4132
384042690,I2_1,10000,2690
954988334,I2_2,20000,4999
520692811,I2_1,10000,3953
381074987,I2_1,10000,4345
693260013,I2_2,20000,5184
667030848,I2_1,10000,3563
1093477,I2_2,20000,6320
23381913,I2_2,20000,5002
767157278,I2_1,10000,3051
680446415,I2_1,10000,3809
266451280,I2_2,20000,5197
619470654,I2_1,10000,3101
167785186,I2_1,10000,3043
758468939,I2_1,10000,4014
188746100,I2_1,10000,5565
184044628,I2_1,10000,6135
696164462,I2_2,20000,7386
13698055,I2_1,10000,5141
165605498,I2_1,10000,5125
437834746,I2_2,20000,8088
240617733,I2_1,10000,4566
458474869,I2_1,10000,4142
209506534,I2_2,20000,8351
382829575,I2_2,20000,8213
891626315,I2_2,20000,8648
852947423,I2_2,20000,9601
517934158,I2_2,20000,9731
753505230,I2_1,10000,4899
986878687,I2_1,10000,5588
111069289,I2_2,20000,5543
376570137,I2_2,20000,4579
645233697,I2_2,20000,5502
915801391,I2_2,20000,5517
241691542,I2_2,20000,5551
517687092,I2_1,10000,3993
76441347,I2_1,10000,5131
287630904,I2_1,10000,4279
185693420,I2_1,10000,4194
690708351,I2_1,10000,5393
763125667,I2_1,10000,2621
824884311,I2_1,10000,3126
623886891,I2_2,20000,5033
123168282,I2_2,20000,7137
379312816,I2_1,10000,5849
475855853,I2_1,10000,5270
56419870,I2_2,20000,9112
217853508,I2_1,10000,3828
793596964,I2_1,10000,3432
149098798,I2_1,10000,4534
338129514,I2_1,10000,2573
180357419,I2_1,10000,2711
324413464,I2_2,20000,4718
204182360,I2_2,20000,5674
735841099,I2_1,10000,4050
763421946,I2_1,10000,3955
958466068,I2_2,20000,10475
225760911,I2_1,10000,6426
572895063,I2_2,20000,10996
861370425,I2_1,10000,4336
184587234,I2_1,10000,4983
922788424,I2_2,20000,14143
738667068,I2_2,20000,7128
555049394,I2_2,20000,8089
969147978,I2_1,10000,6516
217474890,I2_2,20000,5119
962984670,I2_1,10000,5731
923451443,I2_1,10000,2942
205490245,I2_2,20000,8163
47461759,I2_2,20000,5713
166945862,I2_1,10000,4532
843299082,I2_1,10000,3768
926962049,I2_2,20000,8777
919851684,I2_2,20000,9835
125924624,I2_2,20000,12913
258529553,I2_2,20000,13678
846284118,I2_2,20000,14186
323318209,I2_2,20000,13607
69426672,I2_2,20000,13125
520753014,I2_2,20000,8837
351310236,I2_1,10000,6346
4983831,I2_2,20000,7395
611454784,I2_1,10000,2601
943309955,I2_1,10000,2544
976363892,I2_1,10000,2664
407044844,I2_1,10000,2958
849092015,I2_2,20000,5236
113228361,I2_1,10000,4626
387082849,I2_1,10000,4653
950779397,I2_2,20000,5271
149303635,I2_2,20000,4630
490969310,I2_1,10000,2672
180864820,I2_1,10000,2637
744437659,I2_1,10000,2637
106126237,I2_1,10000,3259
148109827,I2_2,20000,5097
677227021,I2_1,10000,3710
718855922,I2_1,10000,4144
105722658,I2_2,20000,5915
476555021,I2_2,20000,7166
228069532,I2_1,10000,4367
833182305,I2_1,10000,3833
827353630,I2_2,20000,4699
769022648,I2_1,10000,2808
559742061,I2_1,10000,4017
488302151,I2_1,10000,2730
508818434,I2_1,10000,3138
438477142,I2_2,20000,4664
133727459,I2_1,10000,3437
964930702,I2_1,10000,3756
733559413,I2_1,10000,3780
959248646,I2_2,20000,7576
730352504,I2_1,10000,5369
753295238,I2_1,10000,4429
606248298,I2_2,20000,9369
563161909,I2_1,10000,4623
285480610,I2_2,20000,4785
746585707,I2_1,10000,3302
562645099,I2_1,10000,3105
425707350,I2_1,10000,3540
964584904,I2_1,10000,4551
460971279,I2_1,10000,2675
735525522,I2_2,20000,5361
170538796,I2_1,10000,5609
515384057,I2_1,10000,4055
257797613,I2_1,10000,5159
91050464,I2_2,20000,9833
721109144,I2_2,20000,11989
342002901,I2_1,10000,6176
497908245,I2_2,20000,14676
81097141,I2_2,20000,11029
794505138,I2_2,20000,13135
963405248,I2_1,10000,5269
290776078,I2_2,20000,15785
138077959,I2_2,20000,17810
69691173,I2_2,20000,15435
763412682,I2_2,20000,11057
388476651,I2_2,20000,11631
710195425,I2_2,20000,10053
496242005,I2_1,10000,5182
379855226,I2_2,20000,7902
500403865,I2_2,20000,5407
826511735,I2_1,10000,5310
456682823,I2_2,20000,7614
570142515,I2_2,20000,5589
833451856,I2_2,20000,6566
154499447,I2_2,20000,4654
508557594,I2_1,10000,2620
696646275,I2_1,10000,3449
499112201,I2_1,10000,3598
769006396,I2_2,20000,4745
794311048,I2_1,10000,2757
56216461,I2_2,20000,5646
288217758,I2_2,20000,5091
187000143,I2_1,10000,5558
781399202,I2_2,20000,6595
705144596,I2_2,20000,7806
324744088,I2_2,20000,9879
662533065,I2_1,10000,3452
32799378,I2_1,10000,2650
777496791,I2_1,10000,2615
261733960,I2_2,20000,4911
605890014,I2_1,10000,3954
984757634,I2_2,20000,4661
756299423,I2_2,20000,6718
712162079,I2_1,10000,2627
194168223,I2_1,10000,2728
860770710,I2_1,10000,2992
965411329,I2_2,20000,5445
812996523,I2_1,10000,3015
374337627,I2_1,10000,3713
960311893,I2_1,10000,2752
239695246,I2_1,10000,2774
427349457,I2_1,10000,2880
601375326,I2_2,20000,4942
776297703,I2_1,10000,5330
239827528,I2_1,10000,5806
438771119,I2_2,20000,5318
234685242,I2_1,10000,3135
653897442,I2_1,10000,3630
301347832,I2_1,10000,4279
724860654,I2_1,10000,3906
906088483,I2_1,10000,2576
912103942,I2_1,10000,3096
721487708,I2_2,20000,7690
417921562,I2_1,10000,4685
730535500,I2_2,20000,5020
479976319,I2_1,10000,3434
796529405,I2_1,10000,4441
44169876,I2_1,10000,5124
841795384,I2_2,20000,5319
842461137,I2_1,10000,4727
40837882,I2_1,10000,4247
153320451,I2_1,10000,4205
827120070,I2_1,10000,2685
140443805,I2_2,20000,4734
688096496,I2_1,10000,4118
42345047,I2_2,20000,6631
148832359,I2_2,20000,7143
606535435,I2_1,10000,4772
499162713,I2_1,10000,5280
569525934,I2_1,10000,5778
788366704,I2_2,20000,8632
465810284,I2_2,20000,9515
95006565,I2_1,10000,2758
238826316,I2_1,10000,3178
363748476,I2_1,10000,4425
943660357,I2_1,10000,5570
445077530,I2_1,10000,3563
430549010,I2_1,10000,4657
834467847,I2_2,20000,6285
61222056,I2_1,10000,3859
230658407,I2_1,10000,5570
399661365,I2_2,20000,5042
882804866,I2_1,10000,3894
333996433,I2_1,10000,3618
499815420,I2_1,10000,2514
415582870,I2_1,10000,2597
189716997,I2_2,20000,4708
801153107,I2_2,20000,5634
202101429,I2_2,20000,4596
497130331,I2_2,20000,5589
920186403,I2_2,20000,5685
928236281,I2_1,10000,5147
72816753,I2_1,10000,5088
86086215,I2_1,10000,3978
562824672,I2_1,10000,4569
162452095,I2_2,20000,7964
465674169,I2_2,20000,5204
257640714,I2_2,20000,5645
994538896,I2_2,20000,4557
605598884,I2_1,10000,3964
627720488,I2_1,10000,3245
203653048,I2_2,20000,4882
867557311,I2_2,20000,6934
140959054,I2_2,20000,4799
602303153,I2_1,10000,4237
72544559,I2_2,20000,6107
824508917,I2_2,20000,6169
670907879,I2_1,10000,4554
830690187,I2_2,20000,6797
244934780,I2_2,20000,8905
583390386,I2_1,10000,4958
514078155,I2_1,10000,5563
455843640,I2_2,20000,6578
871261011,I2_2,20000,5620
220183180,I2_1,10000,2805
872957601,I2_1,10000,2604
419458054,I2_2,20000,4666
546670738,I2_1,10000,4120
440421616,I2_1,10000,3095
481628531,I2_2,20000,4985
278240200,I2_1,10000,2719
27964126,I2_2,20000,7330
575451248,I2_2,20000,8422
104700318,I2_1,10000,4724
586579152,I2_1,10000,5281
757903326,I2_2,20000,9662
884571010,I2_2,20000,11868
23340313,I2_2,20000,11962
588703049,I2_2,20000,8763
531939394,I2_2,20000,9938
745626945,I2_1,10000,5085
911790259,I2_1,10000,4449
800380816,I2_2,20000,10701
694547253,I2_1,10000,5589
152100544,I2_2,20000,8998
989850810,I2_1,10000,4622
630326939,I2_2,20000,5765
158812808,I2_2,20000,5459
616806889,I2_1,10000,3417
404718738,I2_2,20000,4701
388012244,I2_2,20000,4959
731600063,I2_1,10000,3728
477626333,I2_2,20000,5853
623576454,I2_2,20000,6860
687609114,I2_2,20000,8482
952480935,I2_1,10000,5488
579377947,I2_1,10000,5606
632020139,I2_1,10000,6078
906999462,I2_1,10000,4468
756663810,I2_2,20000,13396
658748558,I2_2,20000,4671
988006192,I2_2,20000,4713
588468583,I2_1,10000,3030
317318562,I2_1,10000,3806
49517554,I2_2,20000,6321
592196370,I2_2,20000,5615
527607191,I2_2,20000,6731
76453034,I2_2,20000,5670
423632740,I2_1,10000,4047
106646214,I2_1,10000,4992
161978547,I2_1,10000,2675
602986218,I2_2,20000,5054
633103393,I2_1,10000,3971
137411667,I2_2,20000,6487
452904326,I2_1,10000,4896
926094843,I2_1,10000,4084
338719867,I2_2,20000,4687
29173196,I2_2,20000,4954
52881108,I2_1,10000,3960
290686469,I2_2,20000,5747
408252037,I2_1,10000,3538
971057021,I2_2,20000,5458
103033273,I2_1,10000,2641
433793952,I2_1,10000,2621
251025925,I2_2,20000,4628
505411280,I2_1,10000,3080
320101645,I2_1,10000,2747
235542909,I2_1,10000,2676
559606628,I2_1,10000,2560
773178390,I2_1,10000,2845
47702922,I2_1,10000,2722
787568435,I2_1,10000,2974
868985277,I2_2,20000,4842
856878204,I2_1,10000,4266
97904970,I2_1,10000,4284
310364043,I2_2,20000,6875
647268818,I2_2,20000,7178
84829155,I2_1,10000,6087
577334283,I2_1,10000,4445
198285089,I2_2,20000,11732
846599544,I2_1,10000,5669
120392627,I2_1,10000,5036
228358838,I2_2,20000,8326
351678419,I2_2,20000,10375
748130526,I2_2,20000,8803
333296666,I2_2,20000,11498
827509922,I2_2,20000,10253
808910010,I2_1,10000,4310
390608473,I2_2,20000,12952
115285725,I2_2,20000,9801
773022240,I2_1,10000,3028
305235243,I2_1,10000,2516
801059933,I2_1,10000,2764
336425515,I2_1,10000,2550
432758141,I2_1,10000,2823
867736847,I2_1,10000,2686
203211507,I2_1,10000,2713
196363635,I2_2,20000,4666
251143704,I2_2,20000,5698
860741096,I2_2,20000,4814
465056611,I2_1,10000,3534
903669574,I2_2,20000,5059
489685436,I2_1,10000,3385
856469913,I2_1,10000,4388
968492519,I2_2,20000,4752
837625321,I2_1,10000,3064
524096934,I2_2,20000,4740
129949805,I2_1,10000,3198
249762713,I2_1,10000,2682
683295226,I2_2,20000,5708
373957928,I2_2,20000,6833
826066540,I2_2,20000,6685
885146418,I2_1,10000,2791
998720670,I2_2,20000,9803
115687369,I2_2,20000,6166
80574666,I2_1,10000,4501
135668518,I2_2,20000,6614
89612700,I2_2,20000,6745
451276404,I2_1,10000,6172
800195071,I2_1,10000,6725
368319235,I2_2,20000,8056
35166731,I2_2,20000,6904
719281868,I2_1,10000,3025
468980028,I2_1,10000,3094
28427389,I2_1,10000,3179
576593168,I2_2,20000,6031
594798519,I2_1,10000,3647
361943009,I2_1,10000,4517
158553952,I2_1,10000,5633
225442660,I2_2,20000,5119
402946407,I2_1,10000,5667
817476970,I2_1,10000,3102
362078989,I2_2,20000,4725
196035574,I2_1,10000,5288
654411158,I2_2,20000,4692
622126326,I2_2,20000,4768
806323185,I2_1,10000,2955
476864964,I2_2,20000,5579
387052110,I2_2,20000,4954
517677248,I2_1,10000,5023
310390203,I2_2,20000,4723
96080815,I2_1,10000,4161
120009207,I2_1,10000,4222
668914735,I2_1,10000,2599
18359153,I2_2,20000,5737
224997111,I2_1,10000,3136
112554041,I2_1,10000,3893
513442258,I2_1,10000,2739
384429313,I2_2,20000,6183
552393848,I2_2,20000,5701
308332326,I2_2,20000,5777
511664459,I2_1,10000,4219
18329653,I2_2,20000,4712
843877357,I2_2,20000,5705
302634855,I2_2,20000,7251
452736665,I2_1,10000,4311
688937846,I2_2,20000,6302
130033376,I2_2,20000,5186
600473833,I2_1,10000,3581
764351187,I2_2,20000,5670
342167221,I2_1,10000,3929
298592393,I2_1,10000,3198
25704175,I2_1,10000,3533
186343535,I2_2,20000,5374
777680672,I2_2,20000,7460
624448423,I2_1,10000,2970
635303454,I2_2,20000,6569
222608342,I2_1,10000,4209
30062507,I2_2,20000,5219
642498301,I2_1,10000,3414
581863155,I2_1,10000,4639
884919724,I2_1,10000,3540
924729381,I2_2,20000,10894
894840267,I2_1,10000,4572
229089402,I2_1,10000,4652
510166411,I2_1,10000,6317
865673123,I2_1,10000,5627
76750073,I2_2,20000,11831
723458314,I2_2,20000,12793
499835988,I2_2,20000,12744
705565914,I2_2,20000,14838
231886337,I2_1,10000,6617
104583976,I2_2,20000,9905
461287191,I2_1,10000,3655
339585854,I2_1,10000,4129
497683909,I2_1,10000,5849
685251192,I2_2,20000,7696
590961906,I2_2,20000,6589
467213852,I2_1,10000,5068
625473888,I2_2,20000,10956
953762513,I2_2,20000,11127
48662995,I2_1,10000,4320
139790433,I2_2,20000,10474
215567587,I2_2,20000,7743
337553144,I2_2,20000,4645
589255622,I2_1,10000,5157
985759033,I2_1,10000,5129
472817715,I2_2,20000,5773
206849715,I2_1,10000,5153
340980430,I2_2,20000,7183
940036596,I2_1,10000,5331
726130257,I2_2,20000,9835
157940008,I2_2,20000,11302
172242617,I2_2,20000,12365
930859003,I2_1,10000,5377
855967649,I2_2,20000,13817
341319174,I2_2,20000,14988
737381536,I2_1,10000,5870
283366223,I2_1,10000,6509
268936225,I2_1,10000,6381
938926549,I2_2,20000,16012
685958153,I2_2,20000,17113
465808168,I2_2,20000,16570
315029153,I2_2,20000,14914
816458839,I2_1,10000,5881
871172171,I2_1,10000,5447
845517504,I2_2,20000,10261
459011054,I2_1,10000,3672
286523617,I2_2,20000,6750
792877160,I2_2,20000,8165
33277842,I2_1,10000,2691
303861808,I2_1,10000,4327
135204011,I2_2,20000,4683
436136115,I2_1,10000,3075
384542977,I2_1,10000,3380
200786364,I2_2,20000,4580
941781357,I2_1,10000,2654
686315599,I2_1,10000,2951
679463882,I2_2,20000,6124
691596358,I2_1,10000,4006
748858828,I2_1,10000,4566
860529463,I2_2,20000,6963
984110626,I2_2,20000,4614
743078975,I2_2,20000,4965
93629116,I2_2,20000,5511
440372178,I2_2,20000,5636
674049806,I2_1,10000,3952
249882811,I2_1,10000,3118
319635143,I2_1,10000,2630
263020928,I2_2,20000,4811
226487070,I2_2,20000,5321
198771526,I2_1,10000,3394
595095482,I2_1,10000,2642
800622051,I2_2,20000,4991
686613351,I2_2,20000,5698
994054910,I2_1,10000,4951
800153165,I2_1,10000,2590
127993645,I2_2,20000,4540
281569002,I2_1,10000,2626
665839952,I2_1,10000,2754
230778435,I2_2,20000,6383
96738085,I2_2,20000,4816
379854200,I2_1,10000,4216
722392205,I2_1,10000,6114
563940550,I2_2,20000,7082
593655991,I2_2,20000,7964
287119341,I2_2,20000,11763
736162665,I2_1,10000,5126
725790846,I2_1,10000,5671
65010590,I2_2,20000,12131
946543160,I2_1,10000,6106
972752405,I2_1,10000,5530
986643109,I2_2,20000,12111
955764350,I2_2,20000,14372
869461047,I2_2,20000,4728
856247894,I2_1,10000,4122
383221705,I2_2,20000,6181
121469648,I2_2,20000,7869
227322563,I2_2,20000,7037
873719612,I2_1,10000,4573
498078081,I2_2,20000,6639
103671355,I2_1,10000,5274
624904219,I2_1,10000,5857
805439258,I2_2,20000,9130
58410560,I2_2,20000,6462
402317189,I2_2,20000,8093
866331914,I2_2,20000,8434
830460957,I2_2,20000,8566
665574185,I2_2,20000,8337
96579504,I2_2,20000,7446
183130346,I2_1,10000,3760
558107504,I2_1,10000,3987
944451423,I2_1,10000,5656
30470577,I2_1,10000,3575
828391326,I2_2,20000,6785
326060206,I2_1,10000,4836
284076584,I2_1,10000,5507
454541777,I2_1,10000,6539
317553109,I2_1,10000,7698
167509501,I2_1,10000,4632
913633262,I2_2,20000,11553
776365019,I2_1,10000,4307
296414838,I2_2,20000,10830
927467445,I2_2,20000,11298
133541801,I2_2,20000,11137
526313562,I2_1,10000,5265
55320028,I2_1,10000,4676
949676362,I2_1,10000,5196
985014031,I2_2,20000,15401
695822233,I2_2,20000,14313
146777614,I2_1,10000,2665
224231333,I2_1,10000,2544
930394221,I2_2,20000,4539
987691288,I2_2,20000,4663
94277547,I2_2,20000,5485
466952084,I2_2,20000,6719
122985982,I2_2,20000,7710
657420170,I2_2,20000,5098
564882623,I2_1,10000,3385
734926003,I2_2,20000,5479
239686624,I2_2,20000,7772
682666351,I2_2,20000,4615
456471265,I2_1,10000,2581
883439327,I2_1,10000,2517
268880211,I2_2,20000,4721
586056826,I2_1,10000,2544
374975419,I2_1,10000,3007
588701722,I2_1,10000,3624
6349295,I2_2,20000,4983
794745345,I2_1,10000,3711
877637890,I2_2,20000,5019
474809521,I2_1,10000,4468
714986376,I2_2,20000,8362
824698946,I2_1,10000,4335
665871570,I2_2,20000,8602
941311549,I2_2,20000,7458
966207595,I2_2,20000,6663
118419890,I2_2,20000,8803
302527904,I2_1,10000,3406
226467422,I2_1,10000,4448
655477643,I2_2,20000,4590
740914409,I2_1,10000,2689
778003451,I2_1,10000,2678
940282509,I2_2,20000,4703
680795369,I2_1,10000,4085
355629027,I2_1,10000,5637
424808958,I2_2,20000,8381
427912964,I2_1,10000,5018
809155996,I2_2,20000,11652
562958776,I2_1,10000,4307
470475869,I2_1,10000,4332
737904775,I2_1,10000,5451
555887863,I2_2,20000,17034
243635357,I2_1,10000,7520
4937861,I2_2,20000,15300
502202519,I2_2,20000,14503
826763367,I2_1,10000,6923
483711785,I2_1,10000,8533
944849503,I2_1,10000,6923
679276834,I2_2,20000,19191
611849496,I2_1,10000,8419
892954191,I2_1,10000,4854
126890973,I2_2,20000,15850
405448405,I2_1,10000,6311
970403412,I2_2,20000,16834
364840051,I2_1,10000,6303
621039903,I2_2,20000,18053
335679421,I2_1,10000,8358
688645253,I2_2,20000,19866
214871907,I2_1,10000,7354
903893376,I2_2,20000,18376
231574151,I2_1,10000,8443
251589945,I2_1,10000,5283
228056719,I2_1,10000,6387
626933577,I2_1,10000,3731
252858927,I2_2,20000,14256
30240932,I2_1,10000,4244
581437635,I2_2,20000,15830
339215231,I2_1,10000,5242
547868075,I2_2,20000,14269
264037805,I2_1,10000,4149
608322554,I2_2,20000,6294
400022584,I2_2,20000,5773
610538103,I2_2,20000,6896
972893597,I2_1,10000,4812
794839538,I2_2,20000,5152
460460539,I2_1,10000,4547
138006743,I2_1,10000,3866
93209025,I2_2,20000,6380
445157269,I2_1,10000,3614
952657465,I2_1,10000,3192
151875004,I2_2,20000,11005
589106553,I2_1,10000,10789
692109842,I2_2,20000,13079
168988339,I2_1,10000,4066
13562920,I2_2,20000,10337
110402623,I2_2,20000,6856
746675037,I2_2,20000,6927
302716151,I2_1,10000,2557
903996448,I2_1,10000,2690
266621199,I2_1,10000,2681
178939805,I2_1,10000,2501
643292869,I2_1,10000,3161
578171043,I2_2,20000,4774
548456190,I2_2,20000,6887
121595,I2_1,10000,5517
27761582,I2_2,20000,5881
861815642,I2_2,20000,7928
518005440,I2_2,20000,4754
863898556,I2_1,10000,2882
689601098,I2_2,20000,5191
4272660,I2_1,10000,3026
716765960,I2_1,10000,4109
784392145,I2_2,20000,5598
900819292,I2_2,20000,6612
39903318,I2_1,10000,4136
342967628,I2_2,20000,8683
714152551,I2_1,10000,2532
533691489,I2_2,20000,4575
596518555,I2_2,20000,4748
43069712,I2_1,10000,5295
546687256,I2_1,10000,2980
932453115,I2_2,20000,4792
307068890,I2_1,10000,3518
119773890,I2_2,20000,5655
111491219,I2_2,20000,4970
826636870,I2_1,10000,5403
697589990,I2_2,20000,6259
48443116,I2_1,10000,3117
174297058,I2_1,10000,4691
673134693,I2_2,20000,6573
976641903,I2_2,20000,8734
928878064,I2_1,10000,3385
201219147,I2_1,10000,4489
990985854,I2_2,20000,4752
327921487,I2_2,20000,5760
224841679,I2_2,20000,4856
506439384,I2_2,20000,5814
154486444,I2_2,20000,5733
678315648,I2_2,20000,7870
577769556,I2_2,20000,7646
909064235,I2_1,10000,6036
535102191,I2_1,10000,5467
236927238,I2_2,20000,9845
11827385,I2_1,10000,4873
789146747,I2_1,10000,4435
515402686,I2_1,10000,4311
656414993,I2_2,20000,14635
386205317,I2_2,20000,14645
932946651,I2_1,10000,6456
346178295,I2_2,20000,15128
893785248,I2_2,20000,16556
841911268,I2_2,20000,18713
885340273,I2_2,20000,19103
909511930,I2_1,10000,9407
336643980,I2_1,10000,11157
286440171,I2_2,20000,17858
109087268,I2_2,20000,10559
817797754,I2_2,20000,6382
410833532,I2_2,20000,8134
451194562,I2_1,10000,5384
261509714,I2_1,10000,4085
198878727,I2_2,20000,6624
561976942,I2_2,20000,4675
387102408,I2_2,20000,4650
917246179,I2_1,10000,3676
277080780,I2_2,20000,7141
790298836,I2_2,20000,8052
814201818,I2_1,10000,5172
922252666,I2_2,20000,10601
97307823,I2_2,20000,12940
562267857,I2_2,20000,13975
356827359,I2_1,10000,3988
688973249,I2_2,20000,6333
669890696,I2_2,20000,8408
242570890,I2_1,10000,5178
910504464,I2_2,20000,10184
478127702,I2_2,20000,12879
27008287,I2_1,10000,3536
253730552,I2_2,20000,11745
485377382,I2_1,10000,3954
358924687,I2_1,10000,3796
482611377,I2_2,20000,9469
987787398,I2_1,10000,5481
315727178,I2_1,10000,3944
889447554,I2_2,20000,4762
677664274,I2_1,10000,4031
83097420,I2_1,10000,4012
988126908,I2_1,10000,3337
481900867,I2_1,10000,4271
260348090,I2_1,10000,4317
686193873,I2_1,10000,3663
742882116,I2_2,20000,9844
754441087,I2_1,10000,3723
396959946,I2_1,10000,3020
160745762,I2_1,10000,4617
877879348,I2_2,20000,4807
163899500,I2_1,10000,3356
400451561,I2_1,10000,2721
17769283,I2_1,10000,2657
212482674,I2_2,20000,4680
506898060,I2_1,10000,2941
279508707,I2_2,20000,5516
840808142,I2_1,10000,2667
226671806,I2_2,20000,4801
677002088,I2_2,20000,5268
530622851,I2_2,20000,6694
82550190,I2_2,20000,6596
857371949,I2_1,10000,5993
132535528,I2_1,10000,5250
129222468,I2_2,20000,10245
753531548,I2_2,20000,11318
301310528,I2_1,10000,4311
791890226,I2_2,20000,10182
426643473,I2_1,10000,4750
654432318,I2_2,20000,12872
918671160,I2_2,20000,11106
304658766,I2_2,20000,10702
834897730,I2_1,10000,5367
726759142,I2_2,20000,6619
627727512,I2_2,20000,5882
264685801,I2_2,20000,5726
359026867,I2_2,20000,6707
874035635,I2_2,20000,8677
199807064,I2_1,10000,5874
36050185,I2_1,10000,5118
21055602,I2_2,20000,11760
662228491,I2_2,20000,12328
937315775,I2_2,20000,10271
456564167,I2_1,10000,4646
225512301,I2_1,10000,5008
312233185,I2_1,10000,5260
221234091,I2_2,20000,5599
643042342,I2_2,20000,7143
285390337,I2_1,10000,4408
469644807,I2_2,20000,6871
421664605,I2_2,20000,4825
957722020,I2_2,20000,5547
923943823,I2_2,20000,6457
380412768,I2_2,20000,6079
190104698,I2_1,10000,4725
611668223,I2_1,10000,4520
231475162,I2_2,20000,8563
972221911,I2_1,10000,2712
150217378,I2_1,10000,3810
77021253,I2_1,10000,3589
426786286,I2_1,10000,3495
717605814,I2_2,20000,4691
894331463,I2_1,10000,2874
937720107,I2_1,10000,3874
597319665,I2_1,10000,3424
516200815,I2_2,20000,5647
242043244,I2_2,20000,4933
891544613,I2_1,10000,3244
300691413,I2_1,10000,4354
209806707,I2_1,10000,3916
941590347,I2_1,10000,4564
179139671,I2_2,20000,8905
12383696,I2_1,10000,5373
212586356,I2_2,20000,5983
941494322,I2_1,10000,5321
772777198,I2_2,20000,7640
228892438,I2_2,20000,7894
620844445,I2_2,20000,4810
286042817,I2_1,10000,2664
505568055,I2_2,20000,4690
516007772,I2_1,10000,5215
520522598,I2_2,20000,7423
630163327,I2_1,10000,4831
896756693,I2_2,20000,4809
404031711,I2_2,20000,4638
623486208,I2_1,10000,4009
30505363,I2_2,20000,5193
270113561,I2_1,10000,3539
625821169,I2_2,20000,6122
955724026,I2_1,10000,4407
385855277,I2_2,20000,6573
948679677,I2_2,20000,5712
663222733,I2_1,10000,5152
699102500,I2_1,10000,5033
425407214,I2_2,20000,7666
381927047,I2_1,10000,5992
753262048,I2_1,10000,5935
453457892,I2_2,20000,8934
924665258,I2_2,20000,10608
309294043,I2_2,20000,6225
379462843,I2_1,10000,4599
213696015,I2_1,10000,4392
675595813,I2_1,10000,6050
261922526,I2_1,10000,4877
353266315,I2_2,20000,6754
42844657,I2_1,10000,4146
776473181,I2_1,10000,2984
572301622,I2_1,10000,3074
263730551,I2_2,20000,4640
993199003,I2_1,10000,3983
554009550,I2_2,20000,6752
857373513,I2_1,10000,4017
966980414,I2_2,20000,6678
397824715,I2_2,20000,7812
845014393,I2_2,20000,5542
498219639,I2_2,20000,7603
362065782,I2_1,10000,4734
960036449,I2_2,20000,8185
834955354,I2_1,10000,5383
53840198,I2_2,20000,10229
335472910,I2_1,10000,4865
756758693,I2_1,10000,4468
807130782,I2_1,10000,4956
463252623,I2_1,10000,3513
114694760,I2_2,20000,5167
195971585,I2_1,10000,5897
934191368,I2_1,10000,2857
53222574,I2_2,20000,8367
626018547,I2_2,20000,6973
806902780,I2_1,10000,4762
625994551,I2_1,10000,5168
957456642,I2_2,20000,9510
862385250,I2_1,10000,5263
294678972,I2_2,20000,12652
680402156,I2_2,20000,12907
734765027,I2_1,10000,5307
367332744,I2_2,20000,6183
847374394,I2_1,10000,5263
290267141,I2_1,10000,5925
303227736,I2_1,10000,4944
526503947,I2_2,20000,11008
143528782,I2_1,10000,4201
785662229,I2_2,20000,4574
116073120,I2_2,20000,4587
604806427,I2_2,20000,4676
594675526,I2_1,10000,3956
164083877,I2_1,10000,4197
433846489,I2_1,10000,3978
668518024,I2_1,10000,3278
204674198,I2_1,10000,2569
826746016,I2_1,10000,4174
885802586,I2_2,20000,5473
346161946,I2_2,20000,7680
703865200,I2_2,20000,6609
739076774,I2_2,20000,5983
124888788,I2_2,20000,8151
286985511,I2_1,10000,5235
33208051,I2_2,20000,9466
971779251,I2_1,10000,5212
503494067,I2_1,10000,4745
240224876,I2_2,20000,9945
945816397,I2_1,10000,5290
975439287,I2_2,20000,7355
329351842,I2_2,20000,6510
39208096,I2_1,10000,3771
157788017,I2_1,10000,4279
126807023,I2_2,20000,5979
861315106,I2_2,20000,6794
970370558,I2_1,10000,4764
647992946,I2_1,10000,2976
977045290,I2_2,20000,6522
680664657,I2_2,20000,5517
872765673,I2_1,10000,4878
162189453,I2_1,10000,5402
844324251,I2_1,10000,4946
507737286,I2_1,10000,5961
301157423,I2_2,20000,4601
729978647,I2_2,20000,5495
788808294,I2_2,20000,4982
535038324,I2_1,10000,5529
388991003,I2_2,20000,7534
243592597,I2_2,20000,8605
314999717,I2_2,20000,9440
985088690,I2_2,20000,9345
105984518,I2_2,20000,7345
300762856,I2_2,20000,8453
934122505,I2_2,20000,4507
786063890,I2_1,10000,3789
729978127,I2_2,20000,7040
28420818,I2_1,10000,2917
638921918,I2_1,10000,3886
441269953,I2_1,10000,4358
413636207,I2_2,20000,7743
405327167,I2_2,20000,7111
609682927,I2_2,20000,6624
895194765,I2_1,10000,5873
237480049,I2_1,10000,6368
659322979,I2_1,10000,7430
332721358,I2_1,10000,7988
755478990,I2_1,10000,4386
920581635,I2_2,20000,9480
312847613,I2_1,10000,4766
222234540,I2_1,10000,4409
956578328,I2_2,20000,13153
64840406,I2_2,20000,10063
801644030,I2_1,10000,5280
70213293,I2_2,20000,10538
937038353,I2_1,10000,4308
916176266,I2_1,10000,3881
832433218,I2_1,10000,2491
341894374,I2_1,10000,2502
193676603,I2_1,10000,2502
634075301,I2_1,10000,3547
402218397,I2_2,20000,4570
460985928,I2_1,10000,5107
371665275,I2_1,10000,6186
636053984,I2_1,10000,7328
693958706,I2_1,10000,2533
680443399,I2_2,20000,4514
354779406,I2_1,10000,2620
451074232,I2_1,10000,2549
743437618,I2_2,20000,4574
480314010,I2_2,20000,6649
164235065,I2_2,20000,5334
537844055,I2_2,20000,6475
759918695,I2_1,10000,3409
251157065,I2_1,10000,3004
174570934,I2_2,20000,4731
483512492,I2_2,20000,4822
811546955,I2_2,20000,4826
96128732,I2_2,20000,4680
264803678,I2_2,20000,4627
480406023,I2_2,20000,4644
381001451,I2_1,10000,4038
386405086,I2_1,10000,2629
433560386,I2_2,20000,5448
233654741,I2_2,20000,6165
223248579,I2_1,10000,5425
378265985,I2_2,20000,8764
652798387,I2_2,20000,7396
806702530,I2_1,10000,3626
850646282,I2_2,20000,7905
308921580,I2_2,20000,6174
809677852,I2_2,20000,4927
704155681,I2_1,10000,2656
836677942,I2_1,10000,3116
184452658,I2_2,20000,4827
435877239,I2_2,20000,5557
588268002,I2_2,20000,4584
403166996,I2_1,10000,3469
951231945,I2_2,20000,6107
978965216,I2_2,20000,6106
428135800,I2_1,10000,4444
926592873,I2_2,20000,8123
202298695,I2_1,10000,2647
379733001,I2_2,20000,5541
405649049,I2_1,10000,2994
195632747,I2_1,10000,3097
106898611,I2_1,10000,4822
164272450,I2_2,20000,5310
196382785,I2_2,20000,6955
274023611,I2_2,20000,6289
371000121,I2_1,10000,5605
942387125,I2_1,10000,4210
458435999,I2_2,20000,5616
900044680,I2_1,10000,2674
931479462,I2_1,10000,3154
264035198,I2_1,10000,3995
630297204,I2_2,20000,5313
596950275,I2_1,10000,2616
369589643,I2_2,20000,4809
485143192,I2_2,20000,5372
628018402,I2_1,10000,2902
164120939,I2_1,10000,2590
486801333,I2_2,20000,4598
888908928,I2_2,20000,5470
186741360,I2_1,10000,5537
797500574,I2_2,20000,7730
621880912,I2_2,20000,9163
80937261,I2_2,20000,9145
995974809,I2_1,10000,5443
367104154,I2_2,20000,10693
13030427,I2_2,20000,13501
79053659,I2_2,20000,11685
488136634,I2_2,20000,11158
31795962,I2_2,20000,10589
894052923,I2_2,20000,9245
295548728,I2_2,20000,9250
766675202,I2_1,10000,3052
883555954,I2_1,10000,4021
992082759,I2_1,10000,3881
497158163,I2_1,10000,3990
76127357,I2_2,20000,5312
730500286,I2_2,20000,4665
125450019,I2_1,10000,4182
725004767,I2_2,20000,4709
577504129,I2_1,10000,5283
350642174,I2_1,10000,2651
11278080,I2_2,20000,5318
836759759,I2_1,10000,3687
576274987,I2_2,20000,6307
890370506,I2_1,10000,3743
667172158,I2_2,20000,6414
280509385,I2_2,20000,7179
284511149,I2_1,10000,4522
472439809,I2_2,20000,8397
556766754,I2_2,20000,5446
250099047,I2_1,10000,4200
154116120,I2_2,20000,5006
217413792,I2_1,10000,2628
128708873,I2_1,10000,2859
359528075,I2_1,10000,3709
541917361,I2_1,10000,5021
232781937,I2_2,20000,4806
778572562,I2_2,20000,7006
708307776,I2_2,20000,4809
480468531,I2_1,10000,3667
234997801,I2_2,20000,5881
605184833,I2_2,20000,4719
391413189,I2_1,10000,3136
409792402,I2_1,10000,3512
616711771,I2_2,20000,4650
830842015,I2_1,10000,3060
580044669,I2_2,20000,5294
236669008,I2_2,20000,6999
623446155,I2_2,20000,5684
231922086,I2_2,20000,5622
260966886,I2_1,10000,6182
885515831,I2_1,10000,6633
600148433,I2_2,20000,8568
992631672,I2_2,20000,8076
931517306,I2_2,20000,9026
130032849,I2_1,10000,5268
486854660,I2_2,20000,8565
454460423,I2_1,10000,2761
610967806,I2_1,10000,3141
472980163,I2_1,10000,3556
977161238,I2_2,20000,6589
160287232,I2_1,10000,2973
873839430,I2_1,10000,3926
117548658,I2_1,10000,3706
391115303,I2_1,10000,2639
693060730,I2_1,10000,2657
533104822,I2_1,10000,2750
735102077,I2_2,20000,5608
907624931,I2_2,20000,4738
292546070,I2_1,10000,2637
32715120,I2_2,20000,5342
333729735,I2_2,20000,4634
72834720,I2_1,10000,2863
86640957,I2_2,20000,5764
140511123,I2_2,20000,4960
97806784,I2_1,10000,4125
445351416,I2_1,10000,4056
358584028,I2_1,10000,3602
156508039,I2_1,10000,2573
740362812,I2_2,20000,4903
687551729,I2_1,10000,3887
750835105,I2_2,20000,5148
640813881,I2_2,20000,7137
243830648,I2_2,20000,6691
372021472,I2_2,20000,4715
926991146,I2_1,10000,3984
644427139,I2_2,20000,6624
307044178,I2_1,10000,4227
39719815,I2_2,20000,8318
598689902,I2_2,20000,8851
248843091,I2_1,10000,4096
216795378,I2_1,10000,4395
182379953,I2_2,20000,9943
511573768,I2_1,10000,3892
790148524,I2_2,20000,11655
144750645,I2_1,10000,5497
884344433,I2_1,10000,4951
992514115,I2_1,10000,6770
701822302,I2_2,20000,16623
749580131,I2_2,20000,18614
383933138,I2_2,20000,18441
754986011,I2_2,20000,13917
86298372,I2_2,20000,11932
519413005,I2_1,10000,4493
24805973,I2_2,20000,14158
289966301,I2_2,20000,13947
531407971,I2_1,10000,7042
383899254,I2_1,10000,7497
472249548,I2_2,20000,15940
127003387,I2_2,20000,12774
187896103,I2_2,20000,10709
827757485,I2_2,20000,7432
123109590,I2_1,10000,6898
765980517,I2_1,10000,6119
467526132,I2_1,10000,5343
699735150,I2_1,10000,5962
14337367,I2_1,10000,3907
293874134,I2_2,20000,6527
302621652,I2_1,10000,5875
491986030,I2_2,20000,7511
662307101,I2_1,10000,5216
881897252,I2_1,10000,4660
459839865,I2_1,10000,3189
405718062,I2_1,10000,4849
640166069,I2_1,10000,4367
107841464,I2_1,10000,3711
913922092,I2_2,20000,15077
308879073,I2_2,20000,15476
900626245,I2_2,20000,15608
515968829,I2_1,10000,4407
954246911,I2_2,20000,6454
28659907,I2_2,20000,5279
903836098,I2_1,10000,4959
887480643,I2_2,20000,5595
704518769,I2_2,20000,4642
323242056,I2_1,10000,4009
243967607,I2_2,20000,5049
365108812,I2_1,10000,3073
4446617,I2_1,10000,3393
589380519,I2_2,20000,7357
898373192,I2_1,10000,4912
156407248,I2_1,10000,2628
212394738,I2_2,20000,4614
495393609,I2_2,20000,4643
157596380,I2_2,20000,6799
281831945,I2_1,10000,3297
553687685,I2_2,20000,10985
89720080,I2_2,20000,5230
649203175,I2_2,20000,5734
843862627,I2_1,10000,5049
264703209,I2_1,10000,3816
986121547,I2_1,10000,4356
996824843,I2_1,10000,4475
743546338,I2_2,20000,11134
508123272,I2_2,20000,12148
500386418,I2_1,10000,3439
503467409,I2_1,10000,2550
270653426,I2_2,20000,4734
375954404,I2_1,10000,4048
311486693,I2_1,10000,5253
974967267,I2_2,20000,7239
282091577,I2_1,10000,6666
851327378,I2_1,10000,6043
153208680,I2_1,10000,4211
940585211,I2_2,20000,7808
578832101,I2_1,10000,3219
784396726,I2_1,10000,3116
532510671,I2_2,20000,4696
820298645,I2_1,10000,5228
64807790,I2_2,20000,6973
565802946,I2_2,20000,6817
480004351,I2_1,10000,5141
630999720,I2_1,10000,5755
283290690,I2_2,20000,6896
909383425,I2_1,10000,4854
791843556,I2_1,10000,4931
347650632,I2_2,20000,10816
219591869,I2_2,20000,10148
156668471,I2_1,10000,5262
644919656,I2_2,20000,10580
804489818,I2_1,10000,5912
577530032,I2_1,10000,4242
494250658,I2_2,20000,14874
85307249,I2_1,10000,5826
968434224,I2_1,10000,6373
712973904,I2_2,20000,10928
291966426,I2_2,20000,5766
152227313,I2_2,20000,4494
813448679,I2_1,10000,2807
365559008,I2_2,20000,6487
767389353,I2_1,10000,2822
141497267,I2_1,10000,2472
297332282,I2_1,10000,2446
796059608,I2_2,20000,4987
827415026,I2_1,10000,3438
448326412,I2_2,20000,5419
604988285,I2_1,10000,2624
786259672,I2_2,20000,6740
340882615,I2_2,20000,7037
572742659,I2_2,20000,7517
551825678,I2_2,20000,8269
95900049,I2_1,10000,3547
326103044,I2_2,20000,7565
742786449,I2_1,10000,3025
450828384,I2_2,20000,4571
480826437,I2_2,20000,4907
945179096,I2_2,20000,4931
478417407,I2_2,20000,4520
829457781,I2_1,10000,2823
362027793,I2_2,20000,5510
659709912,I2_1,10000,3375
83851964,I2_2,20000,5808
573694287,I2_2,20000,5302
942283431,I2_2,20000,4611
781999418,I2_2,20000,4485
335939441,I2_1,10000,2803
399911877,I2_2,20000,4645
384106869,I2_1,10000,4050
946636170,I2_1,10000,3920
654513548,I2_1,10000,4070
950086571,I2_1,10000,2622
267779975,I2_2,20000,4635
193286272,I2_1,10000,3962
192518651,I2_1,10000,2628
747419668,I2_2,20000,5163
384402368,I2_1,10000,3521
434973033,I2_2,20000,4664
747407452,I2_1,10000,3176
647558412,I2_1,10000,3668
144973260,I2_2,20000,5039
578005379,I2_1,10000,4336
848737414,I2_1,10000,2952
324689115,I2_2,20000,5255
266559892,I2_1,10000,4617
892086567,I2_2,20000,5621
359592246,I2_1,10000,2978
505629004,I2_1,10000,3676
1301640,I2_1,10000,3023
961870125,I2_2,20000,4851
513470625,I2_2,20000,6660
735770413,I2_1,10000,4379
999606816,I2_1,10000,3820
718526815,I2_1,10000,5554
537853362,I2_1,10000,3580
607874740,I2_2,20000,4870
109909065,I2_1,10000,4210
511203831,I2_1,10000,5174
77246864,I2_2,20000,4686
928042372,I2_2,20000,6850
399521746,I2_1,10000,2711
46025915,I2_1,10000,2757
789258217,I2_2,20000,4799
631113060,I2_1,10000,3214
669603267,I2_1,10000,3523
616266267,I2_2,20000,4843
977323480,I2_2,20000,6970
644368962,I2_1,10000,3249
867689528,I2_1,10000,4486
384943810,I2_1,10000,4553
225591653,I2_2,20000,8249
891180708,I2_2,20000,7076
357056936,I2_2,20000,6436
868818978,I2_1,10000,2738
901499562,I2_1,10000,3880
534450355,I2_2,20000,4771
551721663,I2_1,10000,3588
826896695,I2_2,20000,4933
800451617,I2_2,20000,5303
855401638,I2_1,10000,5196
494548661,I2_1,10000,4960
631118656,I2_1,10000,4898
645638363,I2_2,20000,4839
513524232,I2_2,20000,5158
630669424,I2_2,20000,4975
228955021,I2_1,10000,2802
649050526,I2_2,20000,4798
179047752,I2_2,20000,4859
942136165,I2_1,10000,5444
777786085,I2_1,10000,4321
54004008,I2_1,10000,3541
167081298,I2_2,20000,4883
625873760,I2_1,10000,3140
865881195,I2_2,20000,8570
152082214,I2_1,10000,3178
61232358,I2_2,20000,4906
876083208,I2_1,10000,4351
263108729,I2_2,20000,8703
296587708,I2_1,10000,5238
95995146,I2_1,10000,4438
957749649,I2_2,20000,8356
779054925,I2_1,10000,5268
974457678,I2_2,20000,5590
769629551,I2_2,20000,7358
588690388,I2_2,20000,5987
746591027,I2_1,10000,5631
873478399,I2_2,20000,9983
792727952,I2_1,10000,5321
414542679,I2_1,10000,5190
125943975,I2_1,10000,5781
639373772,I2_1,10000,6395
827555054,I2_2,20000,14709
779784103,I2_1,10000,6467
225880084,I2_1,10000,8131
671039728,I2_2,20000,9631
436343774,I2_2,20000,9610
781639383,I2_2,20000,10551
818295158,I2_2,20000,9308
497941941,I2_2,20000,9345
136969080,I2_2,20000,10439
6603160,I2_1,10000,5496
852769087,I2_2,20000,11965
85829828,I2_2,20000,6025
835984708,I2_2,20000,8096
217227447,I2_2,20000,4727
931415852,I2_1,10000,2675
880819041,I2_1,10000,3919
953206372,I2_1,10000,3802
79709822,I2_1,10000,3485
325876669,I2_1,10000,3433
172887773,I2_1,10000,2571
22623439,I2_1,10000,2656
653007847,I2_1,10000,3089
893768306,I2_2,20000,4829
850926378,I2_1,10000,2782
868561506,I2_1,10000,3211
277409349,I2_2,20000,4680
711811557,I2_2,20000,5009
868173821,I2_2,20000,4649
98267972,I2_2,20000,5603
200504845,I2_1,10000,2981
250182004,I2_2,20000,4732
752858714,I2_1,10000,2703
104207800,I2_1,10000,2673
390411465,I2_1,10000,2622
311943308,I2_1,10000,3119
416000110,I2_2,20000,4735
357330173,I2_2,20000,5120
879880229,I2_2,20000,5149
890414910,I2_1,10000,2684
801596365,I2_1,10000,3759
300772642,I2_1,10000,2776
66278710,I2_1,10000,3915
39679459,I2_1,10000,2984
663117790,I2_2,20000,4722
612319048,I2_1,10000,3056
535309800,I2_1,10000,4727
560237343,I2_2,20000,6525
229282707,I2_2,20000,6412
805411743,I2_1,10000,6192
649825667,I2_1,10000,4596
517047069,I2_1,10000,4491
165706416,I2_2,20000,5886
267526331,I2_1,10000,5279
134115478,I2_2,20000,6641
814843134,I2_2,20000,7001
222915932,I2_1,10000,3136
268564333,I2_1,10000,3048
739079064,I2_2,20000,5313
109364454,I2_1,10000,3069
674829264,I2_2,20000,6346
317044494,I2_2,20000,5857
326951110,I2_1,10000,5202
329723836,I2_1,10000,4996
291950429,I2_2,20000,10548
728609425,I2_2,20000,10493
672924726,I2_1,10000,4282
930429358,I2_2,20000,11109
146770593,I2_1,10000,3060
411390683,I2_1,10000,3104
319725329,I2_2,20000,4694
381399032,I2_1,10000,5229
290457822,I2_1,10000,3482
97997264,I2_2,20000,5109
366489763,I2_2,20000,5672
487165961,I2_1,10000,5112
368402561,I2_2,20000,4618
674178643,I2_2,20000,5293
995417997,I2_1,10000,4671
476952372,I2_1,10000,5921
878269779,I2_1,10000,5231
227808855,I2_1,10000,4329
819454414,I2_2,20000,11149
543427457,I2_1,10000,4753
490271266,I2_2,20000,5662
43659636,I2_1,10000,3191
370602630,I2_1,10000,4346
991965052,I2_1,10000,3463
303297366,I2_1,10000,3537
465558006,I2_2,20000,5712
680275096,I2_2,20000,6292
927969430,I2_1,10000,5137
562287883,I2_2,20000,7378
389702470,I2_2,20000,7497
375375533,I2_1,10000,5354
116757747,I2_1,10000,3249
752934021,I2_2,20000,5082
307701874,I2_2,20000,4665
132900698,I2_2,20000,5188
895146124,I2_2,20000,4796
349874857,I2_1,10000,5309
565309290,I2_1,10000,4174
508049113,I2_2,20000,4716
188976935,I2_1,10000,3139
810422200,I2_1,10000,3370
870306344,I2_1,10000,3103
961395691,I2_2,20000,6335
719252852,I2_1,10000,5718
351725134,I2_2,20000,7933
237088870,I2_2,20000,9614
107837195,I2_2,20000,8444
731798943,I2_1,10000,4103
638407991,I2_2,20000,4821
846142085,I2_2,20000,4727
200348260,I2_2,20000,5765
578027462,I2_2,20000,4950
686880796,I2_1,10000,2839
317699091,I2_1,10000,4061
413535278,I2_1,10000,3573
897847193,I2_2,20000,4811
504040858,I2_1,10000,2711
932109601,I2_1,10000,2964
190983577,I2_2,20000,5801
906711698,I2_2,20000,5853
450490165,I2_2,20000,5618
398743093,I2_1,10000,2692
169169628,I2_2,20000,6101
275988671,I2_2,20000,5194
38516552,I2_1,10000,3549
310800098,I2_2,20000,5816
698840107,I2_1,10000,3169
564454287,I2_1,10000,4803
90195091,I2_2,20000,6569
733994535,I2_2,20000,7594
832602776,I2_1,10000,3604
588289412,I2_1,10000,2811
925400084,I2_1,10000,2748
575629524,I2_1,10000,2809
400159322,I2_2,20000,5682
990941638,I2_2,20000,7908
540103723,I2_1,10000,4664
148449149,I2_1,10000,3987
920499856,I2_1,10000,5034
752820994,I2_1,10000,2767
526425922,I2_2,20000,4767
657872228,I2_1,10000,5446
233920446,I2_1,10000,3581
254460116,I2_2,20000,7778
237194022,I2_2,20000,4759
690622057,I2_1,10000,5399
719069651,I2_2,20000,5265
376165907,I2_1,10000,3160
298746628,I2_2,20000,5447
87860755,I2_1,10000,4764
278343346,I2_1,10000,4694
597181111,I2_1,10000,3301
580101693,I2_2,20000,4695
344128047,I2_1,10000,3239
490051263,I2_1,10000,3243
524694632,I2_1,10000,4908
84577181,I2_1,10000,4156
17469122,I2_2,20000,8161
756907469,I2_1,10000,5612
643930016,I2_2,20000,9612
309573111,I2_2,20000,8857
817268398,I2_1,10000,3082
367912780,I2_2,20000,4868
287562093,I2_1,10000,4357
859394753,I2_1,10000,5200
72823003,I2_1,10000,5804
738682688,I2_2,20000,9052
506163540,I2_2,20000,9454
667808117,I2_2,20000,9490
865113552,I2_1,10000,5650
7702764,I2_2,20000,8712
382618529,I2_2,20000,10818
524841740,I2_2,20000,9977
697132682,I2_2,20000,8986
752374621,I2_2,20000,4764
297387555,I2_1,10000,3131
625178216,I2_2,20000,4817
970352580,I2_1,10000,2783
322768956,I2_2,20000,5127
375537116,I2_1,10000,4184
623285302,I2_2,20000,6718
456695254,I2_1,10000,3585
418287899,I2_2,20000,5876
919897434,I2_2,20000,4886
567685618,I2_2,20000,5762
38714105,I2_1,10000,4132
557365291,I2_1,10000,4196
918853712,I2_1,10000,3384
664723472,I2_2,20000,7148
78531011,I2_2,20000,6864
556569071,I2_1,10000,5557
278207283,I2_1,10000,5878
628816972,I2_1,10000,6338
545938479,I2_2,20000,9483
316594136,I2_1,10000,3614
884670778,I2_1,10000,3766
535058297,I2_1,10000,4183
945740927,I2_1,10000,5338
423657297,I2_1,10000,4697
320453681,I2_1,10000,4098
197532376,I2_2,20000,6264
650554521,I2_1,10000,5096
422842953,I2_1,10000,5624
87942448,I2_2,20000,8429
722532060,I2_1,10000,4417
829897797,I2_2,20000,12149
5245597,I2_1,10000,4975
8483454,I2_1,10000,4952
689532356,I2_2,20000,15448
142899804,I2_2,20000,14070
835602927,I2_2,20000,11231
724464186,I2_2,20000,11310
260205770,I2_1,10000,5392
300265566,I2_2,20000,11926
416392237,I2_2,20000,5043
211667637,I2_1,10000,2874
673497446,I2_1,10000,2773
239535154,I2_1,10000,2788
353244961,I2_2,20000,4653
567807868,I2_1,10000,5080
672242557,I2_2,20000,7766
268260264,I2_2,20000,5620
794367029,I2_1,10000,3048
658207352,I2_2,20000,5333
30516179,I2_2,20000,5635
336291349,I2_1,10000,5029
478150077,I2_2,20000,7202
137230326,I2_1,10000,5514
442670714,I2_1,10000,4849
799264073,I2_1,10000,5987
932231513,I2_1,10000,4825
944350938,I2_2,20000,12138
484731668,I2_2,20000,11644
193470431,I2_2,20000,6067
329837039,I2_2,20000,5318
90048586,I2_1,10000,4334
282153295,I2_1,10000,5877
655360684,I2_1,10000,6421
705752838,I2_2,20000,11301
988044240,I2_2,20000,12959
974116027,I2_2,20000,10875
428817069,I2_1,10000,6547
235769704,I2_2,20000,9720
803194544,I2_1,10000,6982
7836043,I2_1,10000,4624
187040835,I2_2,20000,11273
525755766,I2_2,20000,12289
379929089,I2_1,10000,5275
994060044,I2_1,10000,6993
996093661,I2_1,10000,6133
348937332,I2_2,20000,17573
83671342,I2_1,10000,3865
601419955,I2_2,20000,14380
362955658,I2_1,10000,5266
260954482,I2_1,10000,5889
189723482,I2_1,10000,4904
653529288,I2_1,10000,2987
639643294,I2_2,20000,4565
860614322,I2_1,10000,3438
3639,I2_2,20000,4772
846848271,I2_1,10000,2912
80686576,I2_2,20000,4702
481555048,I2_1,10000,3137
831542998,I2_2,20000,5818
135044702,I2_2,20000,6216
670347728,I2_2,20000,8313
570452762,I2_1,10000,5297
179747419,I2_2,20000,9900
833655716,I2_2,20000,10828
962019772,I2_2,20000,12232
747822977,I2_2,20000,14352
267269464,I2_2,20000,14727
564250640,I2_1,10000,6801
713703897,I2_2,20000,11592
665884384,I2_1,10000,5145
357598195,I2_2,20000,8507
919592932,I2_1,10000,4738
57962157,I2_1,10000,3340
439767863,I2_2,20000,11645
837700793,I2_1,10000,4970
8507426,I2_1,10000,4845
599551970,I2_2,20000,14051
176648082,I2_2,20000,15570
599346399,I2_2,20000,16604
117568130,I2_1,10000,6386
307065627,I2_2,20000,16576
540166073,I2_1,10000,6384
112145951,I2_2,20000,17572
368409935,I2_2,20000,14972
536913106,I2_1,10000,5869
160291947,I2_1,10000,4309
814155564,I2_2,20000,13299
264224364,I2_1,10000,5730
615388803,I2_1,10000,6283
845253210,I2_2,20000,17057
16517411,I2_1,10000,4280
867737566,I2_2,20000,14289
869999766,I2_1,10000,5235
718318789,I2_2,20000,15268
927817888,I2_1,10000,5274
155484513,I2_2,20000,16959
889630571,I2_2,20000,17350
220691093,I2_2,20000,19994
430808328,I2_1,10000,10085
697087834,I2_1,10000,9468
868159255,I2_2,20000,15860
404332326,I2_1,10000,5231
287437319,I2_1,10000,4832
18430046,I2_2,20000,17860
461298178,I2_2,20000,18957
929994145,I2_2,20000,20974
443618828,I2_2,20000,20474
930867872,I2_2,20000,17819
797951782,I2_1,10000,6298
319868067,I2_2,20000,16658
473675477,I2_2,20000,18237
174537592,I2_2,20000,19126
355545969,I2_1,10000,5949
193024292,I2_1,10000,5973
179822219,I2_1,10000,3271
951431943,I2_2,20000,6712
337991873,I2_1,10000,4904
868002956,I2_1,10000,2580
752691400,I2_2,20000,4658
644624481,I2_2,20000,4685
891353179,I2_1,10000,5230
445501180,I2_1,10000,5601
455997948,I2_2,20000,6556
917462612,I2_2,20000,7567
317669045,I2_2,20000,4550
854878987,I2_1,10000,3973
345681100,I2_1,10000,2902
375377652,I2_1,10000,3880
868389024,I2_2,20000,6255
199430065,I2_1,10000,5502
872566877,I2_1,10000,7084
288752870,I2_2,20000,4988
280897629,I2_2,20000,7190
404168465,I2_1,10000,2636
154153203,I2_2,20000,5123
154568931,I2_1,10000,3519
99735326,I2_1,10000,2875
694463991,I2_2,20000,7395
811558423,I2_1,10000,2769
601167519,I2_2,20000,7453
711595638,I2_1,10000,4595
167006319,I2_1,10000,3538
325358437,I2_1,10000,5007
169127200,I2_2,20000,6947
436186486,I2_2,20000,6876
911731405,I2_1,10000,4671
103179974,I2_1,10000,5225
314493047,I2_2,20000,11134
385716877,I2_2,20000,9279
401295395,I2_2,20000,9572
565394277,I2_1,10000,4856
661740190,I2_1,10000,4219
658304539,I2_2,20000,12786
653900262,I2_1,10000,5827
771509599,I2_1,10000,6399
762424386,I2_1,10000,6887
415547634,I2_1,10000,6991
869272135,I2_2,20000,17013
622808228,I2_2,20000,17373
569690909,I2_2,20000,17396
451713567,I2_1,10000,7386
972871703,I2_1,10000,7946
825414690,I2_1,10000,8370
954621188,I2_2,20000,11558
320161244,I2_2,20000,10998
603056342,I2_2,20000,7897
713371858,I2_1,10000,4238
988499351,I2_2,20000,10141
699253613,I2_1,10000,4391
484512451,I2_2,20000,4630
309216025,I2_2,20000,5561
974270222,I2_1,10000,2929
131627921,I2_2,20000,4693
734426439,I2_1,10000,2794
233985277,I2_2,20000,5766
330845423,I2_2,20000,5694
236346070,I2_1,10000,4562
840570903,I2_1,10000,4305
323908014,I2_2,20000,8846
435218274,I2_1,10000,4965
51921976,I2_2,20000,11639
922845338,I2_1,10000,5443
50018484,I2_1,10000,4351
1490250,I2_1,10000,5552
793314365,I2_1,10000,3929
51227437,I2_2,20000,15364
207177430,I2_1,10000,5623
500980852,I2_2,20000,8374
984913567,I2_1,10000,4407
759784410,I2_1,10000,3744
251972581,I2_2,20000,8310
330237066,I2_1,10000,4461
980390188,I2_2,20000,6562
361010567,I2_1,10000,3541
243498352,I2_2,20000,6817
436191023,I2_2,20000,5574
961815414,I2_1,10000,4921
614658227,I2_2,20000,8817
814566059,I2_1,10000,3722
370185101,I2_1,10000,3203
92616789,I2_2,20000,11121
717422974,I2_2,20000,7340
725732589,I2_1,10000,4754
879806463,I2_1,10000,5818
702878584,I2_1,10000,4780
503628204,I2_1,10000,4316
40660296,I2_2,20000,12702
357331973,I2_1,10000,4743
683412059,I2_2,20000,5420
432089807,I2_1,10000,4837
644319630,I2_1,10000,2499
509076356,I2_1,10000,3477
616068286,I2_2,20000,5339
266714863,I2_1,10000,3517
270895337,I2_2,20000,8378
556265660,I2_1,10000,3694
51177610,I2_2,20000,6474
847029723,I2_1,10000,2467
5153847,I2_2,20000,4617
426886726,I2_1,10000,3952
126526452,I2_2,20000,6259
475126510,I2_2,20000,6263
858758334,I2_1,10000,4972
363197000,I2_1,10000,5606
384346547,I2_2,20000,5991
26782725,I2_1,10000,4258
868298320,I2_2,20000,8456
276937996,I2_2,20000,5105
797302943,I2_1,10000,3519
247399036,I2_1,10000,2830
122581477,I2_1,10000,4375
817579348,I2_1,10000,5927
906150296,I2_2,20000,7971
608207419,I2_2,20000,10538
936232198,I2_2,20000,10087
784807659,I2_1,10000,5276
45878071,I2_2,20000,9855
827489491,I2_2,20000,9394
824903778,I2_2,20000,6282
738498213,I2_2,20000,6765
538259428,I2_2,20000,5787
315778745,I2_1,10000,4118
182746587,I2_2,20000,7485
18605228,I2_2,20000,7207
985482085,I2_2,20000,8049
480944220,I2_1,10000,2676
679995564,I2_1,10000,3882
839479191,I2_2,20000,4627
75234720,I2_2,20000,5070
427849264,I2_1,10000,5469
135532704,I2_2,20000,7684
405978592,I2_1,10000,3355
519025473,I2_2,20000,9751
616495377,I2_2,20000,4621
643990785,I2_1,10000,4118
127172684,I2_2,20000,4611
601306334,I2_1,10000,4007
497042684,I2_1,10000,4028
888845483,I2_1,10000,2497
709874939,I2_1,10000,2655
596662916,I2_1,10000,3979
716390913,I2_1,10000,2802
216500416,I2_1,10000,3962
360808102,I2_1,10000,3058
109053327,I2_2,20000,5787
841269681,I2_1,10000,5613
786929110,I2_1,10000,4457
875884449,I2_1,10000,5450
52967574,I2_1,10000,4946
463257333,I2_1,10000,3919
677742054,I2_2,20000,13806
110108024,I2_2,20000,7957
905086349,I2_2,20000,8340
266540082,I2_1,10000,3530
284001159,I2_2,20000,5620
369839746,I2_2,20000,7788
209989099,I2_1,10000,3848
641336902,I2_1,10000,2537
96904728,I2_1,10000,2646
661333825,I2_2,20000,4814
209995439,I2_1,10000,4166
645971147,I2_2,20000,5498
141350611,I2_2,20000,4648
138491984,I2_1,10000,4016
85003868,I2_2,20000,4822
913085994,I2_1,10000,4268
486378768,I2_1,10000,5353
158026444,I2_2,20000,7959
479982625,I2_1,10000,5250
248151082,I2_1,10000,6340
733312341,I2_2,20000,9200
613791612,I2_1,10000,3517
684468976,I2_2,20000,6644
423861282,I2_2,20000,8259
366859720,I2_2,20000,7122
91594228,I2_1,10000,5043
476858721,I2_1,10000,4061
509533022,I2_1,10000,5180
318280410,I2_1,10000,5511
289753427,I2_1,10000,6043
752780240,I2_1,10000,5479
193230723,I2_2,20000,8574
622964503,I2_1,10000,3605
678021081,I2_2,20000,6456
601253181,I2_1,10000,3089
403754574,I2_2,20000,4844
536691192,I2_2,20000,5260
786560384,I2_1,10000,5121
525001431,I2_2,20000,8493
133661151,I2_1,10000,3721
564145137,I2_2,20000,5183
353513531,I2_2,20000,4680
871520067,I2_2,20000,4780
492919983,I2_2,20000,5993
444102027,I2_2,20000,5194
443442305,I2_1,10000,2681
210161797,I2_2,20000,5342
895214693,I2_1,10000,3039
865176270,I2_2,20000,6261
450787759,I2_1,10000,5225
881933898,I2_2,20000,6665
821231732,I2_1,10000,4059
971800894,I2_2,20000,6446
102313761,I2_2,20000,5891
39053149,I2_2,20000,8558
570349071,I2_1,10000,5773
764742673,I2_1,10000,4365
120078978,I2_2,20000,11389
823272239,I2_1,10000,2977
687853370,I2_1,10000,4681
371336847,I2_1,10000,3627
76116279,I2_2,20000,5086
312504051,I2_1,10000,4490
897611100,I2_2,20000,6910
892667287,I2_2,20000,6682
360557736,I2_2,20000,7023
531765558,I2_2,20000,4700
580327615,I2_1,10000,5201
249867747,I2_1,10000,3713
189890988,I2_2,20000,6253
184820695,I2_2,20000,4764
818468871,I2_2,20000,5083
511220767,I2_1,10000,4120
892809632,I2_1,10000,2775
503662053,I2_1,10000,3099
96987940,I2_2,20000,5653
894148813,I2_2,20000,5069
145251878,I2_1,10000,3078
428870180,I2_2,20000,6015
627486707,I2_2,20000,5549
348651484,I2_2,20000,4689
708766437,I2_2,20000,5533
763002430,I2_1,10000,3082
544598940,I2_1,10000,4272
270435008,I2_2,20000,6514
213110500,I2_2,20000,4943
504269465,I2_1,10000,5534
375493424,I2_1,10000,3414
386898661,I2_1,10000,2895
345778134,I2_1,10000,2706
36102491,I2_1,10000,2724
334705549,I2_2,20000,4726
571891170,I2_1,10000,3087
908741451,I2_2,20000,5114
830509323,I2_1,10000,4431
123405691,I2_1,10000,6137
813757593,I2_2,20000,7874
935885404,I2_2,20000,7101
554266491,I2_1,10000,4386
458803306,I2_2,20000,4756
307662481,I2_1,10000,3047
491276423,I2_1,10000,4607
572678191,I2_2,20000,7973
918136967,I2_1,10000,4375
248634212,I2_1,10000,4204
12884166,I2_2,20000,8627
138722942,I2_2,20000,5132
934123978,I2_2,20000,7228
263015962,I2_1,10000,4598
625069628,I2_2,20000,7204
444593244,I2_1,10000,4769
665670235,I2_2,20000,8766
840184483,I2_2,20000,4984
172850197,I2_2,20000,6190
788723809,I2_2,20000,6635
299228390,I2_2,20000,4731
102864560,I2_2,20000,5737
496487556,I2_1,10000,3022
34434947,I2_1,10000,3859
610871951,I2_1,10000,3702
348360636,I2_1,10000,4186
62555901,I2_1,10000,4166
947970974,I2_2,20000,7608
21638580,I2_1,10000,4881
919466033,I2_2,20000,7566
753256093,I2_2,20000,4862
167637192,I2_2,20000,5233
455631209,I2_1,10000,5604
449774636,I2_1,10000,4023
755994087,I2_2,20000,5308
726848969,I2_1,10000,2671
383601624,I2_2,20000,5325
888501317,I2_2,20000,5518
515778234,I2_2,20000,7564
45306848,I2_1,10000,2984
770675299,I2_1,10000,4145
302882994,I2_2,20000,6737
287676260,I2_1,10000,6130
664536811,I2_1,10000,5929
97926484,I2_2,20000,8060
19573275,I2_2,20000,10253
224027807,I2_2,20000,9567
846638773,I2_2,20000,11245
632188261,I2_1,10000,4954
808374901,I2_1,10000,3250
781678420,I2_2,20000,9588
324016831,I2_2,20000,6639
762597387,I2_2,20000,8198
90896547,I2_1,10000,4101
110453637,I2_1,10000,4208
897560978,I2_1,10000,2660
184783770,I2_2,20000,4782
512726524,I2_1,10000,2667
85250188,I2_2,20000,6931
722727351,I2_1,10000,3604
401887778,I2_1,10000,4376
815650019,I2_1,10000,5425
25198655,I2_1,10000,4102
237018151,I2_1,10000,3976
850297445,I2_1,10000,5101
763809145,I2_1,10000,5465
760309028,I2_1,10000,4422
86802251,I2_2,20000,13625
620855265,I2_1,10000,2917
469426288,I2_1,10000,2668
862687109,I2_2,20000,5568
125107115,I2_2,20000,7333
958758383,I2_1,10000,5716
794855642,I2_1,10000,5666
205583384,I2_1,10000,4926
444198317,I2_2,20000,10692
716535700,I2_1,10000,4288
124443329,I2_2,20000,13784
841602194,I2_1,10000,3734
725145023,I2_2,20000,10775
926905061,I2_2,20000,12281
157414701,I2_2,20000,14518
465868078,I2_1,10000,5443
495930576,I2_2,20000,16083
855070123,I2_2,20000,12307
634346374,I2_1,10000,4433
877785673,I2_2,20000,12373
69204728,I2_2,20000,13422
583870961,I2_1,10000,5391
257605591,I2_1,10000,7034
41993650,I2_1,10000,7596
410101317,I2_2,20000,18652
909384250,I2_1,10000,6964
865887987,I2_2,20000,19671
473816589,I2_1,10000,9537
306028495,I2_1,10000,8408
799643029,I2_2,20000,14204
527896851,I2_2,20000,13162
150954084,I2_1,10000,5282
671323673,I2_1,10000,6340
948728751,I2_1,10000,7942
875943534,I2_1,10000,4736
363746514,I2_2,20000,7006
626960430,I2_1,10000,2632
611034571,I2_1,10000,3011
396063292,I2_1,10000,4605
266776016,I2_1,10000,5060
783253060,I2_1,10000,6253
935944690,I2_2,20000,9440
508902738,I2_1,10000,5759
828697364,I2_1,10000,6414
723056101,I2_1,10000,5407
303996257,I2_2,20000,13613
288096425,I2_1,10000,4925
981756872,I2_1,10000,4845
330550292,I2_1,10000,2920
21874878,I2_1,10000,2718
357656562,I2_2,20000,5443
802717315,I2_1,10000,2682
396428936,I2_1,10000,2653
760524533,I2_1,10000,2731
432944639,I2_2,20000,5052
212068318,I2_2,20000,6716
57236597,I2_2,20000,5217
876665393,I2_2,20000,6057
66608151,I2_1,10000,5680
847547592,I2_2,20000,5298
621526921,I2_2,20000,5826
31844076,I2_2,20000,5290
24929424,I2_1,10000,5808
592654121,I2_1,10000,7352
103413635,I2_1,10000,4603
752154208,I2_1,10000,5531
481390785,I2_1,10000,4859
705104206,I2_1,10000,3959
28336281,I2_2,20000,11792
333866007,I2_2,20000,10968
624417139,I2_1,10000,5520
464492417,I2_2,20000,7605
957988378,I2_2,20000,10827
365333330,I2_2,20000,11261
449788851,I2_2,20000,10137
202147782,I2_2,20000,7464
686428215,I2_2,20000,4718
230933638,I2_1,10000,3556
119006095,I2_2,20000,5392
229868456,I2_1,10000,2747
726153165,I2_2,20000,7435
800636154,I2_2,20000,4802
382029113,I2_1,10000,3003
5144206,I2_2,20000,4652
241145410,I2_2,20000,4728
236439882,I2_1,10000,2951
988930121,I2_1,10000,4557
317180433,I2_2,20000,4641
896100219,I2_1,10000,2800
964924618,I2_2,20000,5081
226930019,I2_1,10000,3612
76961772,I2_1,10000,4137
128651796,I2_1,10000,4037
823219677,I2_2,20000,6223
308500470,I2_1,10000,5822
859877146,I2_2,20000,5190
565329785,I2_1,10000,5078
91645697,I2_1,10000,4902
850894560,I2_1,10000,2939
855553970,I2_2,20000,4660
74919960,I2_2,20000,5327
13185610,I2_2,20000,7479
133127873,I2_1,10000,3165
921881118,I2_1,10000,4161
993075736,I2_2,20000,6659
94186948,I2_2,20000,5223
388441979,I2_1,10000,2983
605796660,I2_2,20000,4940
94145980,I2_1,10000,3457
742289681,I2_2,20000,5160
256292554,I2_1,10000,3576
594846979,I2_1,10000,3549
142994719,I2_1,10000,4645
691555872,I2_1,10000,3550
49968011,I2_1,10000,2717
744104505,I2_1,10000,3172
53622532,I2_1,10000,3232
609015200,I2_1,10000,4310
579903515,I2_1,10000,3730
249246489,I2_1,10000,5043
830846830,I2_1,10000,4828
225654213,I2_2,20000,6883
936779589,I2_2,20000,6928
408199668,I2_2,20000,9079
487845187,I2_1,10000,4740
340931085,I2_2,20000,7445
217224848,I2_1,10000,3931
312498194,I2_2,20000,6024
501253008,I2_2,20000,8268
724259750,I2_2,20000,7650
755786314,I2_1,10000,3347
600860307,I2_2,20000,4758
630638946,I2_1,10000,3985
965358850,I2_1,10000,5182
488185770,I2_1,10000,3464
932467750,I2_2,20000,6836
198330147,I2_1,10000,5478
272864015,I2_1,10000,6005
937144478,I2_2,20000,5975
495388743,I2_1,10000,2859
477029907,I2_2,20000,6057
777455437,I2_2,20000,5693
678756990,I2_2,20000,7504
666183179,I2_1,10000,4578
235799308,I2_2,20000,7788
900387551,I2_2,20000,5556
161530580,I2_1,10000,5537
7055299,I2_1,10000,5515
26814636,I2_1,10000,3547
349617366,I2_2,20000,4640
48672812,I2_2,20000,5074
736749266,I2_2,20000,7148
211011598,I2_1,10000,2770
782501401,I2_1,10000,3896
197513819,I2_1,10000,2726
530102868,I2_2,20000,5709
925857752,I2_2,20000,5155
902381175,I2_1,10000,5630
85878879,I2_1,10000,5136
242747089,I2_1,10000,5683
155154922,I2_2,20000,5632
488529986,I2_2,20000,8308
343124259,I2_2,20000,7468
85375189,I2_2,20000,5862
64654940,I2_2,20000,9120
359501151,I2_2,20000,8056
918632978,I2_2,20000,9797
902328685,I2_1,10000,4137
156844959,I2_1,10000,5361
17452412,I2_1,10000,3491
741663574,I2_2,20000,6647
371315709,I2_1,10000,3718
823973351,I2_2,20000,7124
725212026,I2_1,10000,4654
445204718,I2_2,20000,5653
36031300,I2_1,10000,5096
914777991,I2_2,20000,6145
196918869,I2_2,20000,7460
53899925,I2_1,10000,6021
225502916,I2_1,10000,5383
562266183,I2_2,20000,6862
196015995,I2_2,20000,5672
410403922,I2_1,10000,5246
381770200,I2_1,10000,3938
178706598,I2_2,20000,5521
613440825,I2_1,10000,4935
761166033,I2_1,10000,4923
586525581,I2_1,10000,4184
284151450,I2_2,20000,9254
886093560,I2_1,10000,5314
482393521,I2_1,10000,3233
630270494,I2_2,20000,8731
921459257,I2_2,20000,5698
798413444,I2_2,20000,5551
706530605,I2_1,10000,3946
948071851,I2_2,20000,4453
124392626,I2_2,20000,5019
346832973,I2_1,10000,5579
320413446,I2_2,20000,8713
680334832,I2_1,10000,4693
522145972,I2_2,20000,9743
93423043,I2_1,10000,4744
710180761,I2_2,20000,11786
328745873,I2_1,10000,4434
80273049,I2_1,10000,5442
797390351,I2_1,10000,5994
638154465,I2_1,10000,5873
689273605,I2_1,10000,6378
361226087,I2_2,20000,10886
861219622,I2_2,20000,9423
987058522,I2_1,10000,4443
695235625,I2_1,10000,3806
448479601,I2_1,10000,4871
714041150,I2_1,10000,3734
663936437,I2_2,20000,7421
6209975,I2_1,10000,4727
113458058,I2_2,20000,10057
680631204,I2_2,20000,9651
575217315,I2_2,20000,6892
992015412,I2_2,20000,4732
708239489,I2_1,10000,3991
666828820,I2_1,10000,4412
781594078,I2_2,20000,5300
659347576,I2_2,20000,7024
645650027,I2_2,20000,7377
326538483,I2_1,10000,5368
715219392,I2_2,20000,4510
869506199,I2_1,10000,3955
19723682,I2_2,20000,5061
561730630,I2_1,10000,4914
932058239,I2_1,10000,3729
316934619,I2_2,20000,4571
211931978,I2_2,20000,5478
586615767,I2_2,20000,4553
511344053,I2_1,10000,2573
114746116,I2_1,10000,2807
919948379,I2_1,10000,2609
17987203,I2_2,20000,5497
507238147,I2_1,10000,3429
844014053,I2_2,20000,5112
932312250,I2_1,10000,3422
904665428,I2_2,20000,5377
681229941,I2_1,10000,4280
274127538,I2_1,10000,5829
82212537,I2_2,20000,9077
407247342,I2_1,10000,3700
824796844,I2_2,20000,10596
891473351,I2_1,10000,4696
395695489,I2_2,20000,10654
38690751,I2_1,10000,6307
256678633,I2_1,10000,6848
268504828,I2_1,10000,7928
91459045,I2_2,20000,14939
396367883,I2_1,10000,4854
663964745,I2_1,10000,3549
547843832,I2_1,10000,2940
124895554,I2_2,20000,6086
537489433,I2_2,20000,6130
438072311,I2_2,20000,7177
245680208,I2_2,20000,4653
85989734,I2_1,10000,2942
562053289,I2_1,10000,4097
864700500,I2_2,20000,6885
465740245,I2_2,20000,4928
107686997,I2_1,10000,5369
661042750,I2_2,20000,8548
907107033,I2_2,20000,6945
28947428,I2_1,10000,6012
540238526,I2_1,10000,5278
173694739,I2_1,10000,5914
131998236,I2_1,10000,5834
606163568,I2_1,10000,3952
617798604,I2_1,10000,4397
884608615,I2_1,10000,3837
694047186,I2_2,20000,15035
742752038,I2_1,10000,5331
873264291,I2_2,20000,11348
863752467,I2_2,20000,8602
506596993,I2_2,20000,4590
341356416,I2_1,10000,5126
77584941,I2_1,10000,3291
252093004,I2_1,10000,4872
611753646,I2_1,10000,5351
581090203,I2_1,10000,5321
310199291,I2_2,20000,9412
210002096,I2_2,20000,11187
32913237,I2_2,20000,8592
519933910,I2_2,20000,9105
527127581,I2_1,10000,5337
583259251,I2_2,20000,12249
622091143,I2_1,10000,5993
904793439,I2_1,10000,4327
673899842,I2_2,20000,12775
410394020,I2_1,10000,4836
504027326,I2_2,20000,15112
65322095,I2_1,10000,6613
937957209,I2_1,10000,3965
646757456,I2_2,20000,4964
424013575,I2_1,10000,2480
422353467,I2_1,10000,2865
783041493,I2_1,10000,2621
527030609,I2_2,20000,4864
401221150,I2_2,20000,4567
268539938,I2_2,20000,4625
716039620,I2_1,10000,2927
393735681,I2_2,20000,5158
359709344,I2_1,10000,4469
854255015,I2_2,20000,6191
580245414,I2_1,10000,3918
756252533,I2_1,10000,5590
89149593,I2_2,20000,7474
47210241,I2_1,10000,2517
945577275,I2_2,20000,8432
869989004,I2_1,10000,4490
383957806,I2_2,20000,7006
744971220,I2_1,10000,2692
546156298,I2_2,20000,5330
265804847,I2_1,10000,3207
729261578,I2_1,10000,4649
875250417,I2_2,20000,6528
370454113,I2_2,20000,8556
204936488,I2_1,10000,2646
209237318,I2_2,20000,5187
115393287,I2_2,20000,4501
838121229,I2_1,10000,2613
440015916,I2_1,10000,2972
977009886,I2_1,10000,2691
124537496,I2_2,20000,4976
542140165,I2_2,20000,5534
356081390,I2_2,20000,5368
738075468,I2_2,20000,6528
476610728,I2_2,20000,5527
444076999,I2_2,20000,6661
37467502,I2_2,20000,5038
498003361,I2_2,20000,6629
246527294,I2_1,10000,5034
771163238,I2_1,10000,4419
842453963,I2_2,20000,5025
696779965,I2_2,20000,5690
285609820,I2_2,20000,6146
922037827,I2_2,20000,7634
208950037,I2_1,10000,4903
46977785,I2_2,20000,9757
115794453,I2_2,20000,4914
595869903,I2_1,10000,2600
956719696,I2_1,10000,2944
61785072,I2_1,10000,4513
569728573,I2_2,20000,6307
368692613,I2_2,20000,6315
604389363,I2_1,10000,4954
570892077,I2_1,10000,4097
813335400,I2_2,20000,5752
946953796,I2_1,10000,3668
986318521,I2_2,20000,6316
204393772,I2_1,10000,3839
642091540,I2_2,20000,7482
2472223,I2_2,20000,8335
429604281,I2_2,20000,7837
24657302,I2_1,10000,2978
151681285,I2_1,10000,4627
119049572,I2_2,20000,5677
73888476,I2_2,20000,6105
413570871,I2_2,20000,7108
325836567,I2_2,20000,8209
110278297,I2_1,10000,4321
607205845,I2_2,20000,8234
885582806,I2_2,20000,5986
406880195,I2_1,10000,4908
71061087,I2_2,20000,4752
479978457,I2_2,20000,4600
952877121,I2_2,20000,5516
672819673,I2_2,20000,4608
203944333,I2_2,20000,4667
563710071,I2_1,10000,2816
100585707,I2_1,10000,3043
383778726,I2_1,10000,3879
689948007,I2_2,20000,7663
123484653,I2_2,20000,5714
251518523,I2_1,10000,6120
391952326,I2_1,10000,3342
227369996,I2_2,20000,10511
125117309,I2_2,20000,11041
376143488,I2_1,10000,5432
859237145,I2_1,10000,4770
44556215,I2_1,10000,4839
695369762,I2_2,20000,9595
152233020,I2_2,20000,10682
566674065,I2_2,20000,7640
135596198,I2_1,10000,5690
810049518,I2_2,20000,10989
758740939,I2_2,20000,4978
442804374,I2_2,20000,5182
972474538,I2_1,10000,2999
641776190,I2_1,10000,4058
215729389,I2_1,10000,2991
597428434,I2_1,10000,2893
49329639,I2_2,20000,4860
40561488,I2_2,20000,4889
442909243,I2_2,20000,4724
455832173,I2_2,20000,5848
780085503,I2_2,20000,4787
565454308,I2_1,10000,3755
189327982,I2_2,20000,5231
605576031,I2_2,20000,5292
844783326,I2_1,10000,3788
857863705,I2_2,20000,6935
630509330,I2_2,20000,9048
385154952,I2_1,10000,5898
959527057,I2_1,10000,5293
113737214,I2_2,20000,10382
141570131,I2_2,20000,5218
780039323,I2_1,10000,5795
909489896,I2_2,20000,5186
124105845,I2_2,20000,4740
426158431,I2_2,20000,5693
450453071,I2_1,10000,5121
187105229,I2_2,20000,7678
551830220,I2_1,10000,2934
4543269,I2_2,20000,4744
22497889,I2_1,10000,3220
232897212,I2_1,10000,4209
215777579,I2_1,10000,2763
484978850,I2_1,10000,3343
991623415,I2_2,20000,5703
577824585,I2_1,10000,4606
385860305,I2_1,10000,4321
599233931,I2_1,10000,5440
769938407,I2_1,10000,2690
193114132,I2_1,10000,3138
726166639,I2_2,20000,4960
823137418,I2_1,10000,2858
701973731,I2_1,10000,2705
269675006,I2_1,10000,3095
603235313,I2_1,10000,3787
496670530,I2_1,10000,3911
157174957,I2_1,10000,3947
528185957,I2_1,10000,3095
822692935,I2_1,10000,3559
825132865,I2_2,20000,6833
598710701,I2_1,10000,4460
153626974,I2_1,10000,6072
818184362,I2_1,10000,6672
579514883,I2_1,10000,5531
451003123,I2_2,20000,8684
785870869,I2_1,10000,5348
721438127,I2_1,10000,5995
747900053,I2_2,20000,11332
136777149,I2_1,10000,5389
79293521,I2_2,20000,7269
216450936,I2_2,20000,7816
460767554,I2_1,10000,5167
36231890,I2_2,20000,5067
106839194,I2_1,10000,3920
643386077,I2_2,20000,4695
190602908,I2_1,10000,2721
36784833,I2_1,10000,3020
61193279,I2_1,10000,2851
737078911,I2_1,10000,2777
905973437,I2_1,10000,3852
676850881,I2_1,10000,3790
132333236,I2_1,10000,4326
511189191,I2_2,20000,5087
447030565,I2_1,10000,2712
803527768,I2_2,20000,5280
158317789,I2_1,10000,2868
945993899,I2_2,20000,5884
977396631,I2_1,10000,3547
817136136,I2_2,20000,6382
478514313,I2_2,20000,4897
603258593,I2_2,20000,5759
62033035,I2_1,10000,3372
700327916,I2_1,10000,3463
624072339,I2_1,10000,2764
120253157,I2_1,10000,3159
838998747,I2_2,20000,5257
460652657,I2_2,20000,5766
980588154,I2_1,10000,4139
11445289,I2_2,20000,5945
24146524,I2_2,20000,6580
309517109,I2_1,10000,5285
866426132,I2_2,20000,8725
889211675,I2_2,20000,9596
361579911,I2_1,10000,6098
265466852,I2_2,20000,11134
343045918,I2_2,20000,11029
63624035,I2_2,20000,11264
85925637,I2_2,20000,10203
947413316,I2_2,20000,10853
57729751,I2_1,10000,5897
894580015,I2_1,10000,6424
370833055,I2_2,20000,11352
290352965,I2_1,10000,5460
931972300,I2_2,20000,12409
295546723,I2_1,10000,4214
818206122,I2_2,20000,11889
414587661,I2_2,20000,12926
223773880,I2_2,20000,13380
193017130,I2_2,20000,14950
306271952,I2_1,10000,5953
377833799,I2_1,10000,6568
32593848,I2_2,20000,18765
495922689,I2_1,10000,4887
449462939,I2_1,10000,3343
287344131,I2_2,20000,10970
860119382,I2_1,10000,4940
487252056,I2_2,20000,10806
126882701,I2_1,10000,5375
497857885,I2_1,10000,5898
746074716,I2_1,10000,6015
660656713,I2_2,20000,16753
114230946,I2_2,20000,15671
387519511,I2_2,20000,14933
212495947,I2_1,10000,6832
63564384,I2_1,10000,8377
149174004,I2_2,20000,16991
594922268,I2_2,20000,13073
988322176,I2_1,10000,2899
302250986,I2_2,20000,5986
629865539,I2_1,10000,5364
563166400,I2_2,20000,5994
22093992,I2_2,20000,8092
710508467,I2_2,20000,4648
818950181,I2_1,10000,3963
15980966,I2_2,20000,5956
148817254,I2_2,20000,7576
415400861,I2_2,20000,6532
103587481,I2_1,10000,5030
404279263,I2_2,20000,5081
649601624,I2_1,10000,3463
793057878,I2_2,20000,5961
26558695,I2_1,10000,4626
415280628,I2_2,20000,7439
589320509,I2_2,20000,9513
799551051,I2_1,10000,3186
197840893,I2_2,20000,5897
529576925,I2_2,20000,4647
313605291,I2_2,20000,5533
422488554,I2_1,10000,2700
872820162,I2_1,10000,3051
4646536,I2_1,10000,3830
514721010,I2_2,20000,6060
176231075,I2_2,20000,4787
877384319,I2_2,20000,5058
962328992,I2_1,10000,2979
670382286,I2_2,20000,4691
99568340,I2_2,20000,5030
809811111,I2_2,20000,4706
395588265,I2_1,10000,2629
19483240,I2_1,10000,3585
6118763,I2_1,10000,3031
533196087,I2_2,20000,5262
563649293,I2_1,10000,3656
766541438,I2_2,20000,5754
207170142,I2_1,10000,3184
112329488,I2_1,10000,4794
524059056,I2_2,20000,5453
409606320,I2_1,10000,5054
73874027,I2_2,20000,8504
204569762,I2_2,20000,5590
490226379,I2_2,20000,7265
245172283,I2_1,10000,4962
526725009,I2_1,10000,3938
928389303,I2_2,20000,9433
54395467,I2_2,20000,10479
149749934,I2_1,10000,6030
947725994,I2_2,20000,8665
797560736,I2_1,10000,4841
180812101,I2_1,10000,5367
664757403,I2_1,10000,6149
245037287,I2_1,10000,2787
89860943,I2_2,20000,4941
977715758,I2_2,20000,7119
876643013,I2_2,20000,5139
870365254,I2_2,20000,5075
232094343,I2_1,10000,4404
55192239,I2_2,20000,6518
905240251,I2_2,20000,5868
174440831,I2_2,20000,5750
709054521,I2_2,20000,6950
521305393,I2_2,20000,6800
631478525,I2_1,10000,3187
629161129,I2_2,20000,6433
727925373,I2_1,10000,5621
751219685,I2_2,20000,7781
336080152,I2_2,20000,10664
893098276,I2_2,20000,6643
371666009,I2_1,10000,5592
45350524,I2_1,10000,6226
161306422,I2_1,10000,6724
79363552,I2_2,20000,9406
522437539,I2_1,10000,5443
804215830,I2_2,20000,11851
470969690,I2_2,20000,14047
112113274,I2_2,20000,16180
686339733,I2_2,20000,13703
933106525,I2_2,20000,15441
33289716,I2_2,20000,12125
16598538,I2_2,20000,10120
579446584,I2_1,10000,5202
661404032,I2_2,20000,10613
157494525,I2_2,20000,9517
576893786,I2_2,20000,7485
636494585,I2_2,20000,10023
432186056,I2_1,10000,5786
765409901,I2_2,20000,9515
473987611,I2_1,10000,5360
756541195,I2_1,10000,4139
389538052,I2_2,20000,4659
874675793,I2_1,10000,3016
297245651,I2_1,10000,3987
580788574,I2_1,10000,3535
782562044,I2_2,20000,4573
727288061,I2_2,20000,4649
410294483,I2_2,20000,6789
151029350,I2_1,10000,3151
56416098,I2_1,10000,4316
625283211,I2_2,20000,7581
480780563,I2_1,10000,3794
134543332,I2_2,20000,8379
217411698,I2_1,10000,3437
703323310,I2_2,20000,6072
759515856,I2_2,20000,5668
911351205,I2_2,20000,5256
206475890,I2_1,10000,5730
706873554,I2_2,20000,9199
507693301,I2_2,20000,5860
381563213,I2_2,20000,5806
971769751,I2_1,10000,4154
220856253,I2_1,10000,3843
457806171,I2_2,20000,5618
209320546,I2_1,10000,2925
360542771,I2_1,10000,3325
34342122,I2_2,20000,8221
344745177,I2_1,10000,4682
961965720,I2_1,10000,5223
902440762,I2_1,10000,6419
818945959,I2_2,20000,6992
370479569,I2_1,10000,5222
830023867,I2_1,10000,6817
126400367,I2_1,10000,5924
370900682,I2_2,20000,9303
171852248,I2_2,20000,5537
96615534,I2_2,20000,6030
236439703,I2_1,10000,5369
501451357,I2_1,10000,5917
134642168,I2_1,10000,5024
507950143,I2_2,20000,8587
777111903,I2_2,20000,7311
553244736,I2_1,10000,3988
368642051,I2_1,10000,4409
996713639,I2_1,10000,4871
934126769,I2_2,20000,8098
522317703,I2_1,10000,4299
837612103,I2_2,20000,5461
571268565,I2_1,10000,3571
915626774,I2_1,10000,5199
296465048,I2_1,10000,4671
394359947,I2_2,20000,5517
77050095,I2_2,20000,7598
33636694,I2_2,20000,7887
500335468,I2_2,20000,6347
621494387,I2_2,20000,7423
609369464,I2_2,20000,5386
955242556,I2_1,10000,2871
90521265,I2_2,20000,4564
724973310,I2_1,10000,3093
847899205,I2_1,10000,2997
317870296,I2_2,20000,4561
472462555,I2_2,20000,5093
150371590,I2_1,10000,3445
529372356,I2_1,10000,2850
66486816,I2_1,10000,4072
106906544,I2_2,20000,6624
757026556,I2_1,10000,2867
151255289,I2_1,10000,2701
235714503,I2_1,10000,3928
226643886,I2_2,20000,5930
610503912,I2_2,20000,8264
540897259,I2_1,10000,5919
890087057,I2_1,10000,5522
470568252,I2_2,20000,10434
547408613,I2_1,10000,5558
795578592,I2_1,10000,6672
221987715,I2_1,10000,7270
453784446,I2_1,10000,3825
978987287,I2_2,20000,11871
326947730,I2_2,20000,13118
582650300,I2_2,20000,14152
19982175,I2_2,20000,14930
920340866,I2_2,20000,13257
178684913,I2_1,10000,6355
116508619,I2_2,20000,9672
933694463,I2_1,10000,6819
997965268,I2_1,10000,3745
503608537,I2_2,20000,12671
483081183,I2_1,10000,3798
231878270,I2_1,10000,5276
415624686,I2_2,20000,8153
640450611,I2_1,10000,2960
994048803,I2_1,10000,3670
350250394,I2_2,20000,4918
607372368,I2_2,20000,6489
377578064,I2_2,20000,7400
325775871,I2_1,10000,5689
41994711,I2_1,10000,3245
235777775,I2_2,20000,11606
857256058,I2_2,20000,10801
325522097,I2_2,20000,9382
107112119,I2_1,10000,2742
445443853,I2_2,20000,5634
291695599,I2_1,10000,3458
963350540,I2_2,20000,6062
109405060,I2_1,10000,3693
464497199,I2_2,20000,5933
188058855,I2_1,10000,2585
632596360,I2_1,10000,3631
480389611,I2_2,20000,6095
639189740,I2_1,10000,4299
342621836,I2_1,10000,4832
335269483,I2_1,10000,5330
564705026,I2_2,20000,11262
999512851,I2_2,20000,11105
731659,I2_1,10000,5718
99255358,I2_2,20000,12625
934872398,I2_2,20000,12970
142794518,I2_2,20000,9906
709925873,I2_1,10000,5145
563015414,I2_2,20000,7840
403025862,I2_2,20000,7877
379146174,I2_1,10000,5284
461608221,I2_2,20000,8550
9901496,I2_1,10000,4279
73343555,I2_1,10000,4823
403416109,I2_2,20000,7817
861155360,I2_2,20000,6366
200178233,I2_2,20000,7552
918731348,I2_2,20000,7385
682109115,I2_1,10000,5786
602191789,I2_2,20000,9027
881623549,I2_1,10000,5790
922945451,I2_2,20000,10416
737381723,I2_2,20000,13511
416113451,I2_2,20000,10946
778816957,I2_2,20000,8997
815549389,I2_1,10000,5648
299152552,I2_1,10000,7248
13594568,I2_2,20000,11583
496166974,I2_2,20000,8916
188933377,I2_2,20000,7339
716056679,I2_2,20000,5356
339612081,I2_2,20000,6540
254649688,I2_1,10000,2538
39709771,I2_2,20000,4689
768315806,I2_1,10000,2863
749185432,I2_1,10000,3032
638165127,I2_1,10000,2477
958882027,I2_2,20000,4639
151997907,I2_2,20000,5625
533926717,I2_1,10000,3690
212942910,I2_2,20000,6545
187924023,I2_1,10000,5087
767058401,I2_2,20000,5781
921810201,I2_2,20000,4652
720218456,I2_2,20000,5654
853064255,I2_2,20000,5319
79544423,I2_2,20000,5012
55772807,I2_1,10000,5563
823685389,I2_2,20000,5885
670852514,I2_1,10000,4713
255397536,I2_2,20000,6823
560711314,I2_1,10000,3874
820324871,I2_2,20000,5145
732966947,I2_2,20000,6304
139681559,I2_2,20000,6717
730568937,I2_2,20000,6520
761894477,I2_2,20000,5989
451506163,I2_2,20000,7619
679311209,I2_1,10000,4927
312289598,I2_1,10000,2654
792315213,I2_1,10000,2762
605111416,I2_1,10000,2671
194321367,I2_2,20000,5094
167634722,I2_1,10000,3966
183420644,I2_2,20000,5105
198268416,I2_2,20000,4853
366108934,I2_2,20000,6938
793285511,I2_2,20000,4873
65632546,I2_1,10000,2723
448048275,I2_2,20000,5808
621791048,I2_2,20000,5711
482214265,I2_2,20000,6172
995052632,I2_1,10000,5533
385410268,I2_1,10000,5123
357125957,I2_1,10000,4876
56522460,I2_1,10000,2759
518217232,I2_1,10000,3519
775769894,I2_2,20000,4915
747139601,I2_1,10000,2898
252473007,I2_1,10000,2897
607430066,I2_2,20000,4852
976297933,I2_2,20000,5738
844542489,I2_2,20000,5870
347853306,I2_2,20000,8101
534875775,I2_1,10000,2753
592383570,I2_1,10000,3931
500522741,I2_1,10000,5161
238898914,I2_1,10000,3062
246837426,I2_2,20000,4855
676512054,I2_1,10000,3534
50888979,I2_2,20000,5343
690351584,I2_2,20000,7418
845034265,I2_2,20000,5922
174680328,I2_2,20000,5079
350114389,I2_2,20000,7142
944414881,I2_1,10000,5410
447219020,I2_2,20000,9730
104692421,I2_2,20000,8705
23967401,I2_2,20000,6747
474115314,I2_1,10000,2916
18151161,I2_1,10000,4065
248058217,I2_1,10000,4258
707079043,I2_1,10000,2861
569397293,I2_2,20000,4776
657304097,I2_2,20000,6848
798037410,I2_2,20000,5515
599124742,I2_2,20000,5559
418214983,I2_2,20000,5691
572465100,I2_1,10000,3087
568015895,I2_2,20000,7260
351734248,I2_2,20000,5485
303857861,I2_1,10000,4827
675736878,I2_1,10000,2690
353543118,I2_2,20000,5316
683411166,I2_2,20000,5065
236203763,I2_1,10000,4476
64648384,I2_2,20000,7922
945140313,I2_2,20000,8805
784021005,I2_2,20000,6527
801107285,I2_1,10000,3040
77639844,I2_1,10000,4641
30370440,I2_2,20000,6427
117314280,I2_2,20000,7446
649598851,I2_1,10000,3361
653791640,I2_1,10000,4998
498447836,I2_2,20000,7809
759018371,I2_1,10000,2863
38498072,I2_1,10000,4077
249659712,I2_1,10000,2754
473346662,I2_1,10000,2663
944549574,I2_1,10000,2706
193170783,I2_2,20000,4839
861797739,I2_1,10000,4292
404792852,I2_1,10000,4060
581202559,I2_2,20000,7744
135147339,I2_1,10000,5022
481044482,I2_1,10000,3758
809458379,I2_1,10000,4921
876775045,I2_2,20000,7508
448490498,I2_1,10000,5998
822154963,I2_1,10000,5594
445258130,I2_2,20000,6588
570387661,I2_2,20000,5079
170306118,I2_1,10000,3025
176114709,I2_1,10000,3227
1846824,I2_1,10000,2717
266666672,I2_2,20000,4835
789831264,I2_1,10000,3983
902305939,I2_2,20000,6778
210079444,I2_1,10000,4919
6194652,I2_2,20000,8214
377688319,I2_2,20000,5170
407358425,I2_2,20000,6633
528601407,I2_1,10000,2794
503057362,I2_2,20000,5826
911142388,I2_1,10000,5262
441232303,I2_2,20000,7337
949781537,I2_1,10000,5444
289343932,I2_2,20000,10046
59099628,I2_2,20000,10860
418351883,I2_1,10000,3708
753991790,I2_1,10000,4287
948164398,I2_2,20000,8196
76529214,I2_1,10000,3523
793732589,I2_2,20000,6060
174308400,I2_2,20000,4763
669368290,I2_1,10000,3045
49101895,I2_1,10000,4207
214133700,I2_1,10000,3185
283561563,I2_1,10000,4234
903934372,I2_1,10000,5817
260426182,I2_1,10000,5079
984215574,I2_2,20000,9620
571466308,I2_2,20000,5605
869047510,I2_2,20000,6594
794880063,I2_1,10000,2625
445404743,I2_1,10000,3733
221045982,I2_1,10000,2647
982521967,I2_2,20000,4704
623957999,I2_1,10000,3118
472950525,I2_1,10000,3113
37893268,I2_2,20000,6545
961012601,I2_2,20000,4666
541196768,I2_2,20000,5709
623658523,I2_2,20000,4697
801245781,I2_1,10000,3166
597330887,I2_1,10000,4245
183829977,I2_2,20000,6524
295230776,I2_1,10000,4836
315635425,I2_1,10000,5932
19042255,I2_1,10000,6066
992161062,I2_1,10000,3586
20561342,I2_2,20000,5406
275916338,I2_2,20000,7460
626899128,I2_1,10000,5683
214151526,I2_2,20000,5941
971567968,I2_1,10000,3975
555697444,I2_1,10000,3901
889018106,I2_1,10000,3155
72918858,I2_2,20000,4818
725287166,I2_1,10000,3294
902598039,I2_2,20000,5475
927172639,I2_1,10000,5098
248311555,I2_2,20000,8524
744134395,I2_2,20000,4761
256725936,I2_1,10000,3545
331699452,I2_1,10000,4159
674978757,I2_1,10000,3135
652239831,I2_1,10000,4264
989617803,I2_1,10000,3459
687311715,I2_1,10000,2751
743869942,I2_1,10000,2903
131211409,I2_2,20000,5679
313766611,I2_2,20000,5633
749303914,I2_2,20000,5430
712564741,I2_1,10000,5978
211224760,I2_2,20000,4930
394420959,I2_2,20000,4835
681827880,I2_1,10000,2892
231129378,I2_1,10000,5505
508913634,I2_2,20000,6640
33105381,I2_1,10000,6021
103384902,I2_1,10000,4487
603232125,I2_2,20000,9252
344182815,I2_2,20000,9719
953725646,I2_1,10000,5517
24838068,I2_1,10000,4888
933616073,I2_1,10000,5058
955723617,I2_2,20000,14652
73132954,I2_2,20000,15639
815061783,I2_2,20000,9383
524782526,I2_2,20000,8869
955751906,I2_1,10000,5477
243581823,I2_2,20000,10190
339469546,I2_1,10000,3827
373164768,I2_1,10000,3653
618115255,I2_1,10000,4673
913085665,I2_2,20000,5731
539202131,I2_1,10000,3212
405195460,I2_1,10000,4291
796208763,I2_1,10000,4333
950475656,I2_1,10000,3937
587697083,I2_2,20000,6793
252874769,I2_2,20000,5638
169182467,I2_1,10000,5519
14073028,I2_2,20000,6618
141332300,I2_1,10000,4581
767923825,I2_2,20000,6960
792472573,I2_1,10000,3550
680285874,I2_2,20000,7749
284853304,I2_2,20000,7605
167566594,I2_1,10000,4019
344075308,I2_1,10000,4177
3834599,I2_1,10000,4766
231737236,I2_1,10000,6012
584733994,I2_1,10000,5354
834448608,I2_1,10000,5418
998590948,I2_2,20000,8706
963002942,I2_1,10000,6227
905531805,I2_1,10000,5601
609143996,I2_2,20000,11955
58325784,I2_2,20000,7197
575851446,I2_2,20000,8210
813459529,I2_1,10000,5364
603694544,I2_2,20000,9125
173557330,I2_1,10000,4693
545445971,I2_2,20000,6817
230460184,I2_2,20000,5334
293614707,I2_1,10000,2911
409909584,I2_2,20000,6199
560708596,I2_1,10000,5052
861858163,I2_1,10000,3964
927758130,I2_1,10000,3363
179513090,I2_2,20000,7539
547413879,I2_2,20000,8044
787281618,I2_2,20000,10210
847260048,I2_2,20000,9499
219738101,I2_1,10000,5282
442975565,I2_1,10000,5331
993797593,I2_1,10000,3519
244270507,I2_2,20000,6217
375632467,I2_2,20000,6190
536156829,I2_1,10000,5584
467474018,I2_2,20000,7616
543317645,I2_2,20000,6282
123902508,I2_2,20000,7346
276716768,I2_1,10000,2966
844023956,I2_2,20000,4940
665461947,I2_2,20000,5439
578860427,I2_2,20000,7593
318827951,I2_1,10000,2759
901585135,I2_1,10000,2962
801583060,I2_1,10000,4072
783073007,I2_1,10000,3459
574023448,I2_1,10000,3464
194720855,I2_2,20000,5358
575562528,I2_2,20000,7298
226952133,I2_2,20000,6025
290748632,I2_2,20000,7483
187373350,I2_1,10000,4649
549046671,I2_2,20000,5651
162837136,I2_2,20000,7874
649966885,I2_1,10000,3801
709958595,I2_1,10000,2962
812152092,I2_2,20000,5282
379716448,I2_1,10000,4736
426491126,I2_2,20000,5173
981453984,I2_1,10000,3656
255642329,I2_1,10000,2828
102671852,I2_1,10000,2741
476688522,I2_1,10000,3185
528966306,I2_2,20000,6009
421558705,I2_2,20000,7771
834013875,I2_1,10000,3564
842531152,I2_1,10000,4649
199476131,I2_1,10000,3589
585675561,I2_1,10000,2756
139330425,I2_1,10000,3333
720056823,I2_2,20000,5157
300249495,I2_1,10000,4505
9822259,I2_1,10000,2944
186362394,I2_2,20000,5337
247333719,I2_1,10000,3770
966860541,I2_2,20000,5209
437050262,I2_2,20000,5722
693844608,I2_1,10000,3778
51763349,I2_1,10000,4361
494647620,I2_1,10000,5933
362138041,I2_2,20000,9181
818106692,I2_2,20000,9724
435455767,I2_2,20000,9046
475646125,I2_2,20000,11452
928302053,I2_2,20000,10326
641155973,I2_2,20000,6130
851248691,I2_1,10000,5516
814648277,I2_2,20000,8683
167500648,I2_2,20000,9183
637757531,I2_2,20000,9562
763479544,I2_1,10000,5407
476425669,I2_2,20000,7618
229551400,I2_2,20000,4584
959711170,I2_1,10000,2578
885672119,I2_2,20000,4878
518470809,I2_2,20000,5998
638049963,I2_2,20000,8251
861031870,I2_2,20000,8845
253574831,I2_1,10000,3996
530189123,I2_1,10000,5637
368288416,I2_2,20000,10827
968733751,I2_2,20000,10389
729315934,I2_2,20000,8334
504609660,I2_1,10000,4580
767080711,I2_2,20000,8130
763526450,I2_2,20000,5574
683786416,I2_1,10000,5015
457952615,I2_2,20000,4733
648316841,I2_1,10000,3259
303715963,I2_1,10000,3070
923855528,I2_2,20000,4812
641761893,I2_1,10000,3571
227078959,I2_1,10000,3622
763947816,I2_1,10000,3387
769850842,I2_1,10000,5023
765885948,I2_1,10000,3853
896607531,I2_2,20000,10986
624213149,I2_2,20000,11726
158833344,I2_2,20000,6216
401536435,I2_1,10000,4314
968760918,I2_2,20000,8322
971383474,I2_2,20000,5457
780285571,I2_1,10000,5456
401081723,I2_2,20000,8511
919696166,I2_2,20000,9485
47655437,I2_2,20000,7985
392587760,I2_2,20000,10064
537067469,I2_2,20000,5377
353635840,I2_1,10000,4890
916382869,I2_1,10000,5447
727304617,I2_2,20000,8657
711492580,I2_1,10000,4782
601469480,I2_1,10000,5729
330766383,I2_2,20000,10358
71479663,I2_2,20000,6074
653908607,I2_2,20000,7145
701053301,I2_1,10000,4104
123285475,I2_2,20000,9031
447636979,I2_1,10000,3758
59547462,I2_2,20000,10014
974682010,I2_1,10000,4187
350215355,I2_2,20000,8975
896752296,I2_2,20000,5400
149730588,I2_1,10000,2823
948666989,I2_1,10000,11117
824752612,I2_2,20000,12013
77562683,I2_2,20000,10352
971507547,I2_1,10000,5840
661321873,I2_1,10000,6286
307494071,I2_2,20000,12966
739248358,I2_2,20000,14985
478051356,I2_1,10000,5888
448272452,I2_2,20000,18692
184592098,I2_2,20000,18148
137461572,I2_2,20000,11601
291903264,I2_1,10000,5227
325444545,I2_2,20000,10538
628450229,I2_1,10000,3791
51026735,I2_2,20000,13366
72507995,I2_1,10000,3811
215313036,I2_1,10000,2979
318461031,I2_2,20000,5612
504933814,I2_2,20000,5047
18048841,I2_2,20000,7115
688590056,I2_1,10000,4405
312166019,I2_2,20000,6645
721236226,I2_1,10000,2614
347743958,I2_2,20000,4684
25890245,I2_1,10000,4096
224722806,I2_2,20000,6526
57521263,I2_2,20000,5566
556191864,I2_1,10000,3097
861718945,I2_2,20000,5073
953154153,I2_2,20000,7183
180019411,I2_2,20000,9233
872661991,I2_2,20000,9730
88964629,I2_2,20000,11088
400332156,I2_2,20000,5856
79693584,I2_1,10000,5207
521413086,I2_1,10000,4597
545594159,I2_1,10000,4955
921237915,I2_2,20000,8359
898781136,I2_2,20000,10091
240759816,I2_2,20000,8946
497179290,I2_1,10000,4537
152163435,I2_2,20000,6522
43563875,I2_1,10000,4346
716386600,I2_1,10000,4778
565467140,I2_2,20000,9713
413369600,I2_1,10000,2730
905728660,I2_1,10000,3565
528586795,I2_2,20000,5657
169871595,I2_2,20000,7342
770649518,I2_2,20000,7107
962586969,I2_1,10000,3256
609383136,I2_1,10000,2791
702403671,I2_1,10000,3300
247880737,I2_1,10000,3530
302755159,I2_2,20000,4713
766308133,I2_2,20000,4959
708235792,I2_2,20000,5422
512200749,I2_1,10000,4791
702905555,I2_1,10000,4154
156289496,I2_2,20000,7349
581719882,I2_2,20000,6509
192220097,I2_2,20000,7610
913656068,I2_1,10000,3966
690825906,I2_1,10000,3690
708953266,I2_1,10000,3629
756858690,I2_1,10000,3625
745351255,I2_2,20000,6624
236409511,I2_2,20000,5720
121082993,I2_1,10000,4843
932503915,I2_1,10000,4385
345685047,I2_2,20000,7882
880021008,I2_2,20000,5922
409123550,I2_2,20000,7711
749667819,I2_2,20000,6946
121999938,I2_1,10000,4071
361368736,I2_1,10000,3987
152557592,I2_1,10000,2837
318956309,I2_2,20000,5425
475339516,I2_1,10000,3124
838949611,I2_2,20000,4973
160543285,I2_2,20000,6847
910499706,I2_1,10000,3927
931234821,I2_2,20000,9589
671945256,I2_1,10000,5072
696785980,I2_2,20000,8812
909076002,I2_2,20000,8801
242251409,I2_1,10000,5478
807125457,I2_1,10000,6186
801474264,I2_2,20000,5330
898997734,I2_1,10000,5145
825530226,I2_2,20000,7399
397829475,I2_2,20000,5160
721513484,I2_2,20000,5548
40032457,I2_1,10000,4957
422332344,I2_2,20000,5993
630241132,I2_2,20000,5853
220451792,I2_2,20000,7644
972011624,I2_2,20000,7600
442964708,I2_1,10000,2743
445347231,I2_2,20000,7135
743360842,I2_2,20000,8779
377698556,I2_1,10000,5589
145334505,I2_1,10000,3823
354038438,I2_1,10000,4839
659328062,I2_2,20000,9558
104836142,I2_2,20000,11900
950611775,I2_1,10000,6236
772563884,I2_2,20000,5649
685046422,I2_1,10000,3829
871382028,I2_2,20000,5947
776518175,I2_2,20000,11438
69085378,I2_1,10000,4901
393191365,I2_1,10000,5305
26164667,I2_2,20000,13560
71118294,I2_1,10000,5690
28348149,I2_1,10000,5203
567876596,I2_2,20000,12569
872547790,I2_2,20000,13643
28864986,I2_1,10000,5394
224343801,I2_2,20000,11946
733398326,I2_1,10000,5823
179852004,I2_1,10000,7562
584742421,I2_1,10000,6814
589571414,I2_2,20000,11532
441277286,I2_2,20000,11158
517269923,I2_2,20000,7076
252555287,I2_1,10000,4873
806717197,I2_1,10000,4921
480750982,I2_2,20000,5150
823505880,I2_2,20000,5018
40901098,I2_1,10000,5472
288170104,I2_2,20000,6490
308449801,I2_2,20000,8466
412629515,I2_2,20000,5830
516384113,I2_2,20000,7886
184725666,I2_1,10000,5241
404441891,I2_2,20000,7471
868358100,I2_1,10000,3118
378084920,I2_2,20000,4815
365527052,I2_1,10000,3076
38363914,I2_1,10000,3790
518906114,I2_2,20000,6232
388087390,I2_2,20000,4782
526163742,I2_1,10000,5042
394361476,I2_1,10000,3845
348093114,I2_1,10000,3621
672022866,I2_2,20000,4897
906388440,I2_2,20000,5845
364929335,I2_2,20000,4800
139135693,I2_1,10000,3212
289766712,I2_2,20000,5715
456893341,I2_2,20000,6713
670367297,I2_1,10000,6451
7765171,I2_1,10000,5766
324705826,I2_1,10000,6498
575227030,I2_2,20000,10848
593398618,I2_2,20000,4819
767517501,I2_2,20000,4791
541593923,I2_2,20000,5733
45566839,I2_1,10000,3086
733115096,I2_1,10000,3027
246755436,I2_1,10000,4187
506365688,I2_2,20000,4640
259070686,I2_2,20000,4897
847640111,I2_1,10000,2681
429441027,I2_1,10000,2742
320905495,I2_2,20000,4728
844164209,I2_2,20000,6831
449925150,I2_2,20000,7650
706781299,I2_1,10000,2911
365609849,I2_1,10000,2977
442227215,I2_1,10000,3641
409565294,I2_1,10000,2912
414583371,I2_2,20000,5170
727101582,I2_1,10000,2652
160874847,I2_1,10000,2801
488698409,I2_1,10000,2722
765728681,I2_2,20000,5631
21643622,I2_2,20000,4820
395587405,I2_2,20000,6960
313889213,I2_2,20000,5716
65074297,I2_1,10000,6201
639103868,I2_1,10000,5516
865450239,I2_2,20000,6926
636216250,I2_1,10000,4302
636295515,I2_2,20000,9547
95503265,I2_1,10000,3478
34555143,I2_2,20000,6004
197327484,I2_2,20000,4740
452264786,I2_1,10000,2991
34324425,I2_2,20000,5219
793146627,I2_1,10000,4626
9147576,I2_1,10000,3643
227462310,I2_2,20000,5680
740273695,I2_2,20000,6879
227921126,I2_1,10000,6302
353005835,I2_1,10000,5755
436167420,I2_2,20000,5965
264388751,I2_1,10000,5313
851591250,I2_1,10000,6335
754777383,I2_2,20000,5669
906236386,I2_1,10000,3118
769709273,I2_1,10000,4187
727239,I2_1,10000,4613
847008628,I2_2,20000,7616
219614840,I2_2,20000,7878
646902523,I2_1,10000,3228
964014312,I2_1,10000,3292
737794241,I2_1,10000,3659
499800123,I2_2,20000,4622
302495634,I2_1,10000,3979
48603270,I2_2,20000,6385
71790333,I2_1,10000,2998
364923713,I2_1,10000,3882
81605984,I2_2,20000,5283
793310334,I2_1,10000,3209
617397192,I2_1,10000,3390
561995715,I2_1,10000,3132
76090407,I2_1,10000,3097
570218623,I2_1,10000,4275
589781971,I2_1,10000,4110
632243004,I2_1,10000,4708
902257519,I2_1,10000,3927
940733321,I2_2,20000,4689
907408105,I2_2,20000,5568
531815403,I2_1,10000,2911
580732820,I2_2,20000,5185
699988690,I2_1,10000,2783
392276720,I2_1,10000,3099
635716730,I2_2,20000,4583
757730171,I2_1,10000,3382
387744058,I2_2,20000,5034
943936457,I2_1,10000,2771
621765988,I2_2,20000,4716
173976333,I2_1,10000,2729
130916002,I2_1,10000,3535
279613861,I2_2,20000,4785
862611879,I2_1,10000,2821
894049711,I2_1,10000,2855
470456278,I2_1,10000,2982
919393107,I2_2,20000,5534
154085750,I2_2,20000,4848
97178561,I2_1,10000,3332
242792905,I2_2,20000,4809
702858502,I2_2,20000,5882
51334713,I2_1,10000,5253
926468547,I2_2,20000,6567
785213849,I2_2,20000,7846
820624931,I2_2,20000,6027
944087743,I2_1,10000,2859
702976963,I2_2,20000,5874
310504212,I2_1,10000,2803
989270809,I2_2,20000,4849
487459867,I2_2,20000,4966
814322660,I2_1,10000,5520
294019498,I2_1,10000,4936
786399296,I2_2,20000,6247
69980022,I2_2,20000,4865
64006135,I2_1,10000,4285
586766737,I2_2,20000,4993
497001494,I2_1,10000,5465
992842848,I2_1,10000,4569
495328186,I2_1,10000,3452
596420462,I2_2,20000,7327
30734637,I2_1,10000,5680
180585224,I2_1,10000,4056
563842373,I2_2,20000,8938
43330419,I2_1,10000,4590
539835364,I2_2,20000,7781
108860291,I2_2,20000,6186
43956071,I2_2,20000,7415
409084015,I2_2,20000,7514
166313919,I2_1,10000,3734
611280359,I2_2,20000,7704
273438876,I2_1,10000,4478
778512786,I2_1,10000,3457
579955834,I2_2,20000,8469
974270853,I2_2,20000,5197
665285973,I2_1,10000,5679
723351321,I2_2,20000,5935
46195982,I2_1,10000,3278
926739118,I2_1,10000,2845
642504659,I2_1,10000,3452
524243033,I2_2,20000,5816
862081161,I2_1,10000,4649
888297638,I2_2,20000,5916
762457150,I2_1,10000,3636
47511149,I2_2,20000,8768
350610382,I2_2,20000,7746
856191039,I2_2,20000,6866
313953778,I2_2,20000,5333
490590186,I2_2,20000,5023
529196006,I2_1,10000,5234
901930363,I2_2,20000,5899
457013059,I2_2,20000,4741
774813223,I2_2,20000,6375
219171147,I2_1,10000,3587
630946417,I2_2,20000,6375
83985555,I2_1,10000,4057
683450248,I2_2,20000,8092
122893345,I2_2,20000,9379
207752996,I2_2,20000,9788
823445150,I2_2,20000,10349
72369542,I2_2,20000,12415
742702019,I2_1,10000,5337
828915305,I2_2,20000,14982
269849852,I2_2,20000,16622
142156733,I2_2,20000,11351
353710478,I2_1,10000,5370
714093966,I2_1,10000,4358
936017269,I2_1,10000,5914
162457954,I2_1,10000,3855
718992081,I2_2,20000,15733
137639931,I2_2,20000,5424
651869657,I2_2,20000,4579
505932542,I2_1,10000,3962
6165837,I2_1,10000,3186
254855325,I2_2,20000,5341
969311626,I2_2,20000,4898
886174316,I2_1,10000,4143
531068141,I2_2,20000,6228
99681511,I2_1,10000,3490
756323298,I2_2,20000,5153
330468715,I2_1,10000,3880
681290789,I2_2,20000,5026
39456529,I2_2,20000,5970
684587061,I2_2,20000,6000
776876020,I2_1,10000,6312
230061205,I2_2,20000,5581
220654681,I2_2,20000,8019
353226126,I2_2,20000,5634
983262445,I2_2,20000,5593
862162389,I2_2,20000,6611
393385160,I2_1,10000,3939
215646985,I2_1,10000,2994
351684164,I2_1,10000,3122
620103971,I2_2,20000,5037
222330324,I2_2,20000,4694
215113438,I2_1,10000,4107
710050022,I2_2,20000,5156
480859354,I2_1,10000,3103
586961081,I2_1,10000,4585
468218325,I2_1,10000,6028
529283354,I2_2,20000,7932
670857631,I2_2,20000,8772
265926010,I2_1,10000,3359
375280222,I2_1,10000,4130
288968959,I2_1,10000,2957
788689396,I2_2,20000,4699
377593220,I2_1,10000,3483
953339060,I2_1,10000,2683
584349288,I2_1,10000,4006
262994140,I2_1,10000,3027
463247000,I2_2,20000,5354
824120414,I2_2,20000,5623
826655223,I2_1,10000,4984
22708290,I2_2,20000,5486
246984967,I2_1,10000,4880
130319981,I2_2,20000,5544
643446072,I2_2,20000,4718
78721980,I2_1,10000,2929
322099322,I2_2,20000,4657
423450906,I2_1,10000,3648
619010002,I2_1,10000,4210
51317841,I2_1,10000,4371
191421484,I2_1,10000,5656
283681957,I2_2,20000,8095
123805742,I2_1,10000,4404
101179313,I2_1,10000,3753
787630273,I2_2,20000,11151
314676166,I2_1,10000,5022
561591917,I2_1,10000,5547
100473232,I2_1,10000,5977
234435135,I2_1,10000,6462
54890190,I2_2,20000,14346
424390366,I2_1,10000,2552
75417161,I2_2,20000,5154
923577037,I2_1,10000,2742
307836358,I2_2,20000,5151
712253569,I2_1,10000,4502
422196597,I2_2,20000,7403
887952947,I2_1,10000,4041
294863255,I2_1,10000,2857
436423911,I2_2,20000,9865
391050257,I2_2,20000,5170
966257972,I2_1,10000,5719
597867803,I2_1,10000,2898
786862852,I2_2,20000,8282
833699261,I2_2,20000,7648
961738946,I2_2,20000,8746
249050449,I2_1,10000,5283
446747934,I2_1,10000,6908
842370972,I2_1,10000,7296
323625947,I2_2,20000,12449
888147837,I2_2,20000,12098
876103732,I2_1,10000,4237
985164372,I2_2,20000,10719
30975281,I2_1,10000,4807
108575518,I2_2,20000,8949
100374384,I2_1,10000,4367
223387593,I2_2,20000,10648
695430393,I2_1,10000,4131
313631592,I2_2,20000,7364
982257692,I2_1,10000,2690
293815556,I2_1,10000,4001
682074679,I2_1,10000,2817
151527010,I2_1,10000,2623
759474459,I2_1,10000,2614
256415034,I2_1,10000,2921
266657937,I2_1,10000,2753
130760852,I2_1,10000,2680
123888808,I2_1,10000,2639
370269936,I2_1,10000,2952
925187105,I2_1,10000,2649
118203577,I2_2,20000,5201
731902117,I2_1,10000,3495
714233578,I2_2,20000,5704
468716727,I2_2,20000,5072
485938760,I2_2,20000,4718
484636355,I2_1,10000,2723
114240789,I2_1,10000,2879
234422187,I2_1,10000,2814
790460588,I2_1,10000,3872
882709067,I2_1,10000,3141
275280485,I2_2,20000,5474
31643557,I2_2,20000,7565
245480423,I2_2,20000,6749
246652257,I2_2,20000,8537
390587609,I2_2,20000,9071
578218262,I2_1,10000,4240
313501177,I2_1,10000,3786
187154860,I2_2,20000,5803
308556833,I2_2,20000,4882
868545078,I2_1,10000,4278
922009401,I2_1,10000,5886
888136707,I2_2,20000,7960
462195920,I2_2,20000,7592
955479911,I2_2,20000,7408
566989800,I2_2,20000,6498
483901526,I2_1,10000,4912
504954590,I2_1,10000,5390
809468260,I2_1,10000,5852
575774644,I2_2,20000,6241
635567494,I2_2,20000,7538
243551055,I2_2,20000,6063
445864051,I2_1,10000,4363
143586758,I2_2,20000,4632
487536047,I2_1,10000,3061
745342319,I2_2,20000,5329
225493758,I2_2,20000,5995
861639150,I2_2,20000,6111
199276693,I2_1,10000,4408
650444201,I2_1,10000,4503
541810216,I2_2,20000,4911
421432525,I2_1,10000,4289
800878506,I2_2,20000,5320
9543177,I2_2,20000,5767
481028777,I2_1,10000,3056
213122171,I2_1,10000,3397
557893933,I2_1,10000,4284
945837797,I2_2,20000,9368
558945783,I2_2,20000,5215
87567932,I2_1,10000,3543
879648746,I2_2,20000,8060
264654235,I2_2,20000,4974
941209461,I2_2,20000,5312
144870874,I2_2,20000,6969
295295332,I2_1,10000,4144
418060378,I2_2,20000,6244
186645575,I2_2,20000,5833
124764361,I2_1,10000,6401
317815206,I2_2,20000,8577
707190648,I2_1,10000,6016
796139434,I2_2,20000,10273
40268455,I2_1,10000,3438
182720048,I2_1,10000,4029
720443369,I2_1,10000,5196
155217567,I2_1,10000,4665
196890450,I2_2,20000,14385
719979083,I2_1,10000,3828
586117977,I2_2,20000,8419
182734157,I2_2,20000,9433
642107550,I2_1,10000,2944
409000815,I2_1,10000,3710
92967026,I2_2,20000,4826
179071044,I2_2,20000,5747
112105318,I2_2,20000,5399
913569962,I2_2,20000,6556
214195976,I2_1,10000,3469
782266859,I2_1,10000,2656
108078128,I2_1,10000,2638
846543150,I2_1,10000,2923
481547989,I2_1,10000,3017
974272187,I2_1,10000,2956
267621941,I2_1,10000,2948
466544756,I2_2,20000,5680
472530058,I2_2,20000,5576
503952241,I2_1,10000,4948
623194884,I2_1,10000,5498
886127336,I2_1,10000,4822
725544540,I2_2,20000,7785
250603253,I2_1,10000,2694
342315568,I2_1,10000,2765
772993470,I2_2,20000,5647
887452722,I2_1,10000,6219
243142218,I2_2,20000,5303
928971245,I2_2,20000,5098
226825199,I2_1,10000,3039
394766429,I2_2,20000,5407
500372889,I2_1,10000,4076
661816824,I2_1,10000,3932
173072751,I2_2,20000,4980
470223103,I2_1,10000,4323
25279372,I2_2,20000,8093
965978932,I2_1,10000,3971
688703945,I2_2,20000,5843
207807188,I2_1,10000,2877
247147726,I2_1,10000,2926
894897394,I2_1,10000,3314
686431406,I2_2,20000,6670
154485989,I2_2,20000,7265
379165822,I2_2,20000,7172
224644806,I2_2,20000,9967
736457588,I2_1,10000,6186
700444567,I2_1,10000,4573
806415805,I2_2,20000,14340
619057381,I2_1,10000,5514
393585668,I2_1,10000,5408
776669404,I2_2,20000,16923
982875956,I2_2,20000,19134
975749327,I2_1,10000,8565
981717235,I2_2,20000,19058
613053541,I2_2,20000,21189
707905242,I2_1,10000,9634
681069537,I2_2,20000,22728
309288904,I2_2,20000,23783
511728864,I2_2,20000,25335
865444606,I2_1,10000,13936
116665838,I2_1,10000,9175
371320318,I2_2,20000,19819
460117694,I2_2,20000,7131
599409276,I2_2,20000,8091
353400291,I2_1,10000,2698
782914135,I2_1,10000,2769
767822584,I2_2,20000,5156
838303383,I2_1,10000,3993
261725569,I2_1,10000,3969
775223313,I2_1,10000,4415
332902963,I2_2,20000,6204
866661897,I2_1,10000,2993
801622044,I2_1,10000,3444
858098795,I2_2,20000,6606
925568482,I2_2,20000,7148
333086542,I2_2,20000,7626
485639379,I2_2,20000,5856
591023563,I2_1,10000,5226
225197730,I2_1,10000,4593
588800448,I2_2,20000,5681
478597818,I2_2,20000,4881
471566868,I2_1,10000,4278
461921102,I2_1,10000,5900
600813687,I2_2,20000,6565
766340611,I2_2,20000,8766
739477389,I2_1,10000,5656
732997451,I2_2,20000,6351
84733647,I2_2,20000,4682
277557181,I2_1,10000,2651
141970053,I2_1,10000,2844
328385778,I2_1,10000,3009
873625805,I2_2,20000,5909
714533399,I2_2,20000,5820
297530271,I2_1,10000,4565
47386794,I2_1,10000,5437
65891225,I2_1,10000,5470
818724927,I2_1,10000,2737
465426459,I2_1,10000,2780
453301155,I2_1,10000,2712
441243580,I2_1,10000,2792
353792958,I2_1,10000,2678
911482799,I2_1,10000,2603
715906722,I2_2,20000,5559
364597976,I2_2,20000,5508
919256959,I2_2,20000,6721
870753543,I2_2,20000,7570
385262951,I2_1,10000,3088
537237898,I2_2,20000,5125
560940572,I2_1,10000,4470
979474514,I2_1,10000,3202
236784874,I2_2,20000,9313
442907194,I2_2,20000,10255
825762497,I2_2,20000,11851
635275172,I2_2,20000,12015
259683376,I2_1,10000,5133
361900402,I2_1,10000,4038
688474758,I2_1,10000,4503
91256331,I2_2,20000,6757
547728762,I2_2,20000,6888
536039654,I2_1,10000,5339
676781992,I2_2,20000,7876
283644039,I2_1,10000,2735
21468358,I2_2,20000,5013
714735574,I2_1,10000,2815
516338141,I2_2,20000,6155
770497117,I2_2,20000,5066
313865888,I2_1,10000,5513
208260373,I2_2,20000,6676
610752623,I2_1,10000,2943
377461268,I2_2,20000,5941
67415609,I2_1,10000,6207
508893785,I2_1,10000,4399
148853663,I2_2,20000,8350
599051527,I2_2,20000,9434
115103500,I2_1,10000,4840
304237057,I2_2,20000,12110
268004081,I2_1,10000,3289
380559968,I2_1,10000,2997
309063028,I2_2,20000,5502
323417374,I2_1,10000,3186
129218448,I2_1,10000,3096
781042954,I2_2,20000,6249
170883212,I2_1,10000,5640
53600219,I2_2,20000,7390
510452696,I2_2,20000,7488
974817176,I2_1,10000,2885
209112074,I2_1,10000,2881
788931228,I2_2,20000,4910
129099830,I2_1,10000,2937
310164924,I2_2,20000,6772
83793944,I2_1,10000,4872
453045441,I2_2,20000,6672
244967002,I2_1,10000,2714
581337105,I2_1,10000,3081
11605975,I2_2,20000,4573
127746762,I2_2,20000,5520
417313224,I2_1,10000,3225
986749315,I2_2,20000,7047
713306204,I2_2,20000,6450
62418173,I2_1,10000,5673
797873387,I2_2,20000,7490
239014361,I2_1,10000,3079
905285682,I2_1,10000,4060
772382941,I2_1,10000,5248
338924389,I2_1,10000,5580
155952305,I2_1,10000,5014
740106714,I2_1,10000,5406
623958023,I2_2,20000,10635
788891444,I2_2,20000,7590
586628943,I2_1,10000,2668
19091132,I2_1,10000,2715
876877175,I2_1,10000,2683
496377034,I2_2,20000,4975
72213008,I2_1,10000,2680
17103141,I2_1,10000,3023
605558601,I2_1,10000,4258
486440214,I2_1,10000,2622
95046399,I2_2,20000,4703
95639648,I2_1,10000,4099
158714565,I2_2,20000,6386
781918948,I2_1,10000,4777
408179343,I2_2,20000,4619
670249200,I2_2,20000,5058
100928359,I2_1,10000,2583
966416899,I2_2,20000,5086
632120836,I2_1,10000,5642
812190084,I2_1,10000,3502
450024829,I2_1,10000,3654
566759016,I2_2,20000,4710
487628591,I2_2,20000,6802
350124572,I2_1,10000,3278
273782534,I2_2,20000,6415
70194835,I2_1,10000,5856
272226619,I2_1,10000,4426
896228507,I2_1,10000,4239
42143917,I2_2,20000,9603
322862889,I2_1,10000,5835
200573386,I2_2,20000,8324
761307609,I2_2,20000,6262
128024165,I2_2,20000,5668
215490655,I2_2,20000,7893
80897940,I2_2,20000,5555
891866685,I2_2,20000,7747
600399820,I2_1,10000,3860
989674754,I2_1,10000,4370
659168892,I2_2,20000,7158
49441805,I2_1,10000,3146
261055917,I2_1,10000,4326
663158904,I2_1,10000,3527
279020835,I2_1,10000,3412
564060854,I2_2,20000,4679
580752013,I2_1,10000,2767
42893114,I2_2,20000,5412
245009204,I2_1,10000,3034
703339677,I2_2,20000,5279
464324788,I2_1,10000,4670
114324533,I2_1,10000,4862
418802248,I2_1,10000,4488
752486956,I2_2,20000,7777
835900621,I2_1,10000,5443
754806793,I2_1,10000,5401
804166650,I2_2,20000,8780
62449046,I2_1,10000,4576
676225702,I2_1,10000,6153
690634434,I2_1,10000,4981
111873343,I2_2,20000,6219
607034630,I2_1,10000,2798
421287294,I2_1,10000,3042
922656134,I2_2,20000,5791
180538858,I2_1,10000,4934
153839,I2_1,10000,5505
20855659,I2_1,10000,4355
844938222,I2_2,20000,9406
577630737,I2_1,10000,5606
99910157,I2_2,20000,4630
422478365,I2_1,10000,2685
990425905,I2_2,20000,4759
246823700,I2_1,10000,2751
602709917,I2_2,20000,4844
550955028,I2_2,20000,5074
966811349,I2_1,10000,4514
738830257,I2_1,10000,3724
856093688,I2_1,10000,4293
843051484,I2_1,10000,3635
79674357,I2_2,20000,4937
294744627,I2_1,10000,2821
279715424,I2_1,10000,3820
343454123,I2_2,20000,4799
706682891,I2_1,10000,4244
954240118,I2_1,10000,4853
509046081,I2_2,20000,4800
576684174,I2_1,10000,2909
475689901,I2_1,10000,3255
598778621,I2_1,10000,4971
368759909,I2_2,20000,5397
594247460,I2_2,20000,6590
609879449,I2_1,10000,5688
791529160,I2_1,10000,3603
367796436,I2_2,20000,10585
736174841,I2_1,10000,4551
6092800,I2_1,10000,4018
141819755,I2_2,20000,11459
958032675,I2_1,10000,2997
545871760,I2_2,20000,4765
551598244,I2_1,10000,3254
921293863,I2_1,10000,5200
319696601,I2_2,20000,7590
627147518,I2_2,20000,6300
159117998,I2_1,10000,4936
490981930,I2_2,20000,9278
287505551,I2_1,10000,3696
472411674,I2_2,20000,6229
29410399,I2_1,10000,6072
988799367,I2_2,20000,6611
785925749,I2_2,20000,8326
623739956,I2_1,10000,3416
4114717,I2_1,10000,3218
543870082,I2_2,20000,5992
794022303,I2_2,20000,5069
572044532,I2_2,20000,6792
734002818,I2_1,10000,3244
610924870,I2_1,10000,4124
95138878,I2_2,20000,6116
76094047,I2_2,20000,5837
278679523,I2_1,10000,5227
239550437,I2_1,10000,5763
473244009,I2_1,10000,5338
887445403,I2_1,10000,5943
853283330,I2_2,20000,4962
840701571,I2_1,10000,3589
809196366,I2_1,10000,3741
122019951,I2_2,20000,6314
911773727,I2_2,20000,4899
19969133,I2_2,20000,5009
476627014,I2_1,10000,3303
160195779,I2_1,10000,4979
671128602,I2_2,20000,6865
696995170,I2_2,20000,7481
525981544,I2_2,20000,6685
278638668,I2_2,20000,5046
57490269,I2_1,10000,5210
596290103,I2_2,20000,5988
586316979,I2_1,10000,6423
216700210,I2_1,10000,3695
890890128,I2_1,10000,4880
136790127,I2_1,10000,5315
911032143,I2_1,10000,4673
307112267,I2_1,10000,3918
305430345,I2_2,20000,12099
576909777,I2_2,20000,13645
787134231,I2_2,20000,15750
633949471,I2_1,10000,5818
121797577,I2_2,20000,18339
429036660,I2_2,20000,18001
207648075,I2_2,20000,14933
458219523,I2_2,20000,14838
158560599,I2_1,10000,5300
685322110,I2_2,20000,11751
200847598,I2_1,10000,4839
876919063,I2_2,20000,14392
844053025,I2_1,10000,5930
726979904,I2_2,20000,18012
107522455,I2_2,20000,9225
812382201,I2_2,20000,7987
573009075,I2_1,10000,3840
804600383,I2_2,20000,5996
989184950,I2_2,20000,5184
588692801,I2_1,10000,3529
52151918,I2_1,10000,4136
995157385,I2_1,10000,5185
639458857,I2_1,10000,2790
272698942,I2_1,10000,3999
76624805,I2_1,10000,5174
918355501,I2_1,10000,4314
82651176,I2_1,10000,4954
322194459,I2_2,20000,5751
800161326,I2_1,10000,5012
818513179,I2_1,10000,5514
975638421,I2_2,20000,8154
295177750,I2_1,10000,4405
410201390,I2_2,20000,10768
878134237,I2_2,20000,8765
879046403,I2_2,20000,7613
913787217,I2_1,10000,3939
91359129,I2_1,10000,5361
557360216,I2_2,20000,8390
469699597,I2_1,10000,3895
141742797,I2_2,20000,9197
774393841,I2_1,10000,3219
109050124,I2_2,20000,5055
589628295,I2_1,10000,5055
982711929,I2_2,20000,5999
778835911,I2_1,10000,3999
457650581,I2_2,20000,6445
195704565,I2_2,20000,6219
536766236,I2_1,10000,3246
872179575,I2_1,10000,3243
494215451,I2_1,10000,3805
976170096,I2_1,10000,3643
536173177,I2_1,10000,4702
216430494,I2_1,10000,4537
95197641,I2_1,10000,6128
98709317,I2_1,10000,4326
276768444,I2_2,20000,10446
897294213,I2_1,10000,4237
639960822,I2_1,10000,5838
199370561,I2_1,10000,6372
471725911,I2_2,20000,13865
342123701,I2_2,20000,6961
319983942,I2_2,20000,7140
904967621,I2_1,10000,2866
802267278,I2_1,10000,3603
432164205,I2_2,20000,4661
370569379,I2_1,10000,5178
626930216,I2_1,10000,5520
85236859,I2_1,10000,4970
807213794,I2_1,10000,5977
154641614,I2_2,20000,8862
913700634,I2_1,10000,5164
93381413,I2_1,10000,3399
580466828,I2_2,20000,8284
464470922,I2_1,10000,4855
449017824,I2_2,20000,7385
914666341,I2_1,10000,3043
289383637,I2_2,20000,5520
695016699,I2_1,10000,5981
128654393,I2_2,20000,6431
589328774,I2_2,20000,6869
766950888,I2_1,10000,5274
698931521,I2_2,20000,7701
337442363,I2_1,10000,3022
62946684,I2_2,20000,4492
15539189,I2_2,20000,4753
828651322,I2_1,10000,2975
76329634,I2_1,10000,2537
519184076,I2_1,10000,3582
176024251,I2_2,20000,4577
981745582,I2_1,10000,2978
300478642,I2_1,10000,3668
733094614,I2_2,20000,4589
425151751,I2_1,10000,2528
773582578,I2_1,10000,3549
198686476,I2_1,10000,4370
16500585,I2_2,20000,7246
651615478,I2_2,20000,6595
614564864,I2_1,10000,5714
381164459,I2_2,20000,9873
154483433,I2_1,10000,6119
56151232,I2_1,10000,4580
64079407,I2_2,20000,7115
532391629,I2_1,10000,5322
969955172,I2_2,20000,10581
210949929,I2_2,20000,11731
940995034,I2_1,10000,4743
154407784,I2_1,10000,4071
690026527,I2_2,20000,14771
164496034,I2_2,20000,14730
266776710,I2_2,20000,14607
66124796,I2_2,20000,12309
801695941,I2_2,20000,11649
197803476,I2_1,10000,5872
269232108,I2_1,10000,5695
887445779,I2_2,20000,4580
410108349,I2_1,10000,3845
862994059,I2_2,20000,7252
820324782,I2_1,10000,2978
43826815,I2_1,10000,3908
779995666,I2_1,10000,2997
873877247,I2_1,10000,3529
445817075,I2_1,10000,2539
183293015,I2_1,10000,3041
870049347,I2_2,20000,4610
587809522,I2_1,10000,3557
350560218,I2_1,10000,4093
501521747,I2_1,10000,3772
850258148,I2_2,20000,6181
517062777,I2_1,10000,3130
86797378,I2_2,20000,5545
976578906,I2_2,20000,4728
524797719,I2_2,20000,4627
941645679,I2_1,10000,2696
913731839,I2_1,10000,3096
896265344,I2_2,20000,4736
206473925,I2_1,10000,4086
34500726,I2_2,20000,6112
875357246,I2_1,10000,4358
529605061,I2_1,10000,3395
46784069,I2_2,20000,6426
100760688,I2_1,10000,4900
624255164,I2_1,10000,5296
448997526,I2_2,20000,8163
576896384,I2_2,20000,9139
339935035,I2_1,10000,3231
106677394,I2_2,20000,7412
170933232,I2_2,20000,7546
335756041,I2_1,10000,4031
463098336,I2_2,20000,8633
217799881,I2_2,20000,9564
440358374,I2_1,10000,3795
63581995,I2_1,10000,4915
792300256,I2_1,10000,5002
124157322,I2_2,20000,12344
94765746,I2_1,10000,6733
989750109,I2_1,10000,4895
878801252,I2_1,10000,6023
84856833,I2_1,10000,5488
380108127,I2_1,10000,4474
891648064,I2_2,20000,15060
107906355,I2_2,20000,10167
608930622,I2_2,20000,8794
294338277,I2_2,20000,8710
449233945,I2_2,20000,11242
462859532,I2_1,10000,3403
259039903,I2_1,10000,3883
846681231,I2_1,10000,5090
555502890,I2_1,10000,4309
101951600,I2_2,20000,7499
824461996,I2_2,20000,6865
167426365,I2_2,20000,9070
209683731,I2_2,20000,8551
764752589,I2_2,20000,9044
889905940,I2_2,20000,6251
614987159,I2_1,10000,4489
935592070,I2_2,20000,7587
178620241,I2_2,20000,7493
909508766,I2_2,20000,7153
167226417,I2_2,20000,4599
353503479,I2_1,10000,3870
846111956,I2_2,20000,7029
332615872,I2_1,10000,4792
286997637,I2_1,10000,4045
715582604,I2_2,20000,11762
619476705,I2_2,20000,11670
74915944,I2_1,10000,4168
294683543,I2_2,20000,11451
81874047,I2_2,20000,13432
10742070,I2_2,20000,10583
984148893,I2_2,20000,12695
542698366,I2_2,20000,6463
696506973,I2_2,20000,7076
468814347,I2_2,20000,9112
727609150,I2_1,10000,2719
813520060,I2_1,10000,3146
568326237,I2_2,20000,4654
703192118,I2_1,10000,3340
3020002,I2_2,20000,4885
266829034,I2_1,10000,3459
348225261,I2_1,10000,2537
876623199,I2_1,10000,2496
501067953,I2_1,10000,2498
86880521,I2_2,20000,5284
566330470,I2_1,10000,3542
104037433,I2_2,20000,6757
107593976,I2_1,10000,3899
306838301,I2_1,10000,3630
412246122,I2_2,20000,9451
735694969,I2_1,10000,3145
182633833,I2_1,10000,2605
509655775,I2_2,20000,4857
687697728,I2_1,10000,3965
441569243,I2_2,20000,8063
346361780,I2_1,10000,4020
63284145,I2_2,20000,5732
778728010,I2_1,10000,4067
70495189,I2_1,10000,4134
254308832,I2_1,10000,3655
79358130,I2_2,20000,6937
281397806,I2_2,20000,7079
342451733,I2_2,20000,7540
265180809,I2_1,10000,4848
579260051,I2_1,10000,4118
488107648,I2_2,20000,10008
615681336,I2_1,10000,5298
69839908,I2_2,20000,13637
760813429,I2_2,20000,14523
934433752,I2_2,20000,16629
839580107,I2_2,20000,14923
274518393,I2_2,20000,17672
111362336,I2_1,10000,6850
680913148,I2_1,10000,4178
926401769,I2_2,20000,10189
611366134,I2_1,10000,4290
132461055,I2_2,20000,7971
592505112,I2_2,20000,8608
304460503,I2_2,20000,9461
108575992,I2_2,20000,9009
42174330,I2_2,20000,8453
62996823,I2_2,20000,7461
8249924,I2_2,20000,9340
946227367,I2_2,20000,5274
453360868,I2_1,10000,4947
18903830,I2_2,20000,5278
782999036,I2_2,20000,5219
866881078,I2_1,10000,3642
851363814,I2_1,10000,5258
879948224,I2_1,10000,5799
909103040,I2_1,10000,6696
994839776,I2_2,20000,7478
105862136,I2_1,10000,4762
621380345,I2_1,10000,3807
453745792,I2_2,20000,9555
555723737,I2_1,10000,3090
790174420,I2_2,20000,4928
501281781,I2_2,20000,4449
859925436,I2_1,10000,3860
564741467,I2_1,10000,2949
477265144,I2_2,20000,6502
27471449,I2_2,20000,4611
992261918,I2_2,20000,5565
721739507,I2_2,20000,7516
492546752,I2_2,20000,6453
1130434,I2_1,10000,3467
11781957,I2_1,10000,4417
792795291,I2_2,20000,4462
99514366,I2_1,10000,4935
925412551,I2_1,10000,4274
111980892,I2_1,10000,3412
580845657,I2_2,20000,10553
893758895,I2_1,10000,5067
929031944,I2_1,10000,5568
341065393,I2_1,10000,5111
433305586,I2_2,20000,4429
380216004,I2_1,10000,3829
324724724,I2_1,10000,3655
581005109,I2_1,10000,2461
597324011,I2_2,20000,5020
4496771,I2_2,20000,4923
850866983,I2_2,20000,4829
612240223,I2_1,10000,2363
277277955,I2_1,10000,2469
935099105,I2_2,20000,4549
679003113,I2_2,20000,4364
537328558,I2_2,20000,5402
578330576,I2_1,10000,4781
218421576,I2_1,10000,5289
121858136,I2_2,20000,7383
737044228,I2_2,20000,8458
356654844,I2_1,10000,3997
36909245,I2_1,10000,3972
558014007,I2_2,20000,8235
831438252,I2_1,10000,4435
464150892,I2_1,10000,4809
699685286,I2_2,20000,8704
600947341,I2_1,10000,3707
140976131,I2_2,20000,10630
358007582,I2_1,10000,3676
240677844,I2_2,20000,5861
776051533,I2_1,10000,2339
844874944,I2_2,20000,4398
117647803,I2_1,10000,2892
100142509,I2_2,20000,5526
330777361,I2_1,10000,5332
913695738,I2_1,10000,4746
338897383,I2_1,10000,6355
661291221,I2_2,20000,9447
780819197,I2_1,10000,3096
101950161,I2_2,20000,7850
451245078,I2_2,20000,6815
794165551,I2_1,10000,5952
970294263,I2_1,10000,2748
997033282,I2_2,20000,6204
51675646,I2_1,10000,2934
768306311,I2_2,20000,9898
303279687,I2_2,20000,5754
103983553,I2_1,10000,4966
385127422,I2_1,10000,3373
888958028,I2_1,10000,4356
925704520,I2_1,10000,4873
980754275,I2_2,20000,8066
317545582,I2_2,20000,6950
210758450,I2_2,20000,6884
685550213,I2_2,20000,7817
651474843,I2_1,10000,4113
475839409,I2_2,20000,10438
953000256,I2_2,20000,9321
703392576,I2_2,20000,5204
651550563,I2_2,20000,7286
472748448,I2_1,10000,2913
288424068,I2_2,20000,8728
402896967,I2_1,10000,5004
604239375,I2_1,10000,4835
935695870,I2_1,10000,5944
543542268,I2_1,10000,6494
442925206,I2_1,10000,4975
647581752,I2_2,20000,10985
549857210,I2_1,10000,5522
825092683,I2_1,10000,5035
701554520,I2_1,10000,5333
433249256,I2_2,20000,16323
649883612,I2_2,20000,18425
844157374,I2_1,10000,8065
443074240,I2_2,20000,17295
455516852,I2_1,10000,9505
336927260,I2_2,20000,20982
78849133,I2_1,10000,9098
778471638,I2_1,10000,5774
829536055,I2_2,20000,13708
355597609,I2_2,20000,10205
983160692,I2_2,20000,9568
538684687,I2_2,20000,5484
347607513,I2_2,20000,7511
257369645,I2_1,10000,2663
376910059,I2_1,10000,3756
636176039,I2_1,10000,2854
443584222,I2_2,20000,4950
238670370,I2_1,10000,4311
220362496,I2_1,10000,3768
291036364,I2_1,10000,2799
356171726,I2_2,20000,4389
977834748,I2_2,20000,4380
474986436,I2_1,10000,2786
907948859,I2_2,20000,5404
367668499,I2_1,10000,4849
120336247,I2_2,20000,5392
99744058,I2_1,10000,3837
876664645,I2_1,10000,3773
619027964,I2_1,10000,4904
312995951,I2_1,10000,2812
682144649,I2_1,10000,3912
485691235,I2_2,20000,5385
61654605,I2_2,20000,5418
38587820,I2_2,20000,4873
452944509,I2_1,10000,5433
926914654,I2_1,10000,5886
930759702,I2_1,10000,5322
103876775,I2_2,20000,4940
430609702,I2_2,20000,5332
536940087,I2_1,10000,4151
733618109,I2_2,20000,5878
160871256,I2_2,20000,6938
399267508,I2_1,10000,2488
943352359,I2_1,10000,2490
111620303,I2_1,10000,3134
540199320,I2_2,20000,4603
927059690,I2_1,10000,4924
207651701,I2_2,20000,7422
229701858,I2_1,10000,3556
726388052,I2_1,10000,2342
804296603,I2_2,20000,4472
970181667,I2_2,20000,5497
219939737,I2_1,10000,3955
901131206,I2_1,10000,3387
629816099,I2_1,10000,3952
954199541,I2_1,10000,5294
878286975,I2_2,20000,6229
216050402,I2_1,10000,3509
477611378,I2_2,20000,6353
807064140,I2_1,10000,2541
711828587,I2_2,20000,5519
620941994,I2_1,10000,5038
645207138,I2_1,10000,5487
731295362,I2_2,20000,6110
382237332,I2_1,10000,5507
158523083,I2_1,10000,7180
239643709,I2_1,10000,6097
524414589,I2_1,10000,5530
515364854,I2_1,10000,3964
545321753,I2_2,20000,10890
238123645,I2_1,10000,4291
792017880,I2_2,20000,12465
266467118,I2_1,10000,3741
446559352,I2_2,20000,6845
831919898,I2_2,20000,5445
876016380,I2_1,10000,5034
976200889,I2_2,20000,6525
910760703,I2_1,10000,3980
596967758,I2_2,20000,7348
665158542,I2_2,20000,5025
777974201,I2_1,10000,3432
582397092,I2_2,20000,5657
130796206,I2_1,10000,3319
610687931,I2_2,20000,4969
559291513,I2_1,10000,3519
389307797,I2_2,20000,6209
219811908,I2_2,20000,6571
852123185,I2_1,10000,5383
965371160,I2_2,20000,9240
86015506,I2_2,20000,10502
380540341,I2_2,20000,5565
446215175,I2_2,20000,4507
78604359,I2_2,20000,5495
701300722,I2_1,10000,3475
3610095,I2_2,20000,5981
131662767,I2_2,20000,4989
890661754,I2_2,20000,5426
783802017,I2_1,10000,2899
6727727,I2_1,10000,3505
125264452,I2_1,10000,2952
144115177,I2_2,20000,5102
100271443,I2_1,10000,4553
474300894,I2_2,20000,4504
425762560,I2_1,10000,5044
861214409,I2_1,10000,2835
101042277,I2_2,20000,4600
144328334,I2_1,10000,4086
805375786,I2_2,20000,6266
573126078,I2_2,20000,4947
402634178,I2_1,10000,4451
94913018,I2_2,20000,7820
717610568,I2_2,20000,5195
791553633,I2_2,20000,4521
715740946,I2_1,10000,2964
672939330,I2_1,10000,4081
172506793,I2_2,20000,4999
984890745,I2_1,10000,3024
137627116,I2_2,20000,4889
44834970,I2_2,20000,4989
574425023,I2_2,20000,4862
30706413,I2_2,20000,4776
221613140,I2_2,20000,4786
848661622,I2_2,20000,6890
264921320,I2_1,10000,3326
970578661,I2_1,10000,2598
140783991,I2_1,10000,2740
303755986,I2_1,10000,2752
943151684,I2_1,10000,2614
368396641,I2_2,20000,4960
880880715,I2_2,20000,6207
78702614,I2_1,10000,4686
736251156,I2_1,10000,3546
681703576,I2_1,10000,4831
910186195,I2_1,10000,2624
230492993,I2_1,10000,2754
743737099,I2_1,10000,3021
330146120,I2_2,20000,5392
943928423,I2_1,10000,4863
192146714,I2_2,20000,6230
965621590,I2_1,10000,3971
433540757,I2_1,10000,3536
440154333,I2_1,10000,2676
558888026,I2_1,10000,2856
848263036,I2_1,10000,3040
547133283,I2_2,20000,4612
548837149,I2_2,20000,4971
754444241,I2_1,10000,3449
386699141,I2_1,10000,4125
228337318,I2_1,10000,2933
406839536,I2_2,20000,6813
895340154,I2_2,20000,5336
750634151,I2_1,10000,4465
938233713,I2_2,20000,8846
364798235,I2_2,20000,7911
180148302,I2_1,10000,5189
333469632,I2_1,10000,4561
684282900,I2_2,20000,10598
605877093,I2_2,20000,10989
596599672,I2_2,20000,11546
132599370,I2_2,20000,11850
986306978,I2_1,10000,2613
98776547,I2_1,10000,3757
10240580,I2_1,10000,2849
947102419,I2_1,10000,4650
396529345,I2_2,20000,4614
366639411,I2_1,10000,2917
493366620,I2_2,20000,5164
770334207,I2_1,10000,2847
373114722,I2_1,10000,3617
18522172,I2_2,20000,4768
463571663,I2_1,10000,4166
723582755,I2_1,10000,2713
809636220,I2_2,20000,5461
740077055,I2_2,20000,5322
610406720,I2_1,10000,2754
730163211,I2_1,10000,3939
708173253,I2_1,10000,3031
393000858,I2_1,10000,2800
431470167,I2_2,20000,5139
840146382,I2_1,10000,5232
224907371,I2_1,10000,5696
500597043,I2_2,20000,6509
500212020,I2_1,10000,3132
358750317,I2_2,20000,8943
248788934,I2_1,10000,4196
871222,I2_1,10000,3122
386427845,I2_1,10000,2782
863274907,I2_1,10000,3153
638204910,I2_2,20000,6715
232556090,I2_1,10000,4630
830185200,I2_1,10000,4793
640719712,I2_1,10000,4226
708783585,I2_1,10000,5250
615486371,I2_2,20000,4761
570785270,I2_1,10000,5375
195028848,I2_1,10000,4133
920899989,I2_2,20000,7852
406472721,I2_1,10000,3017
883892313,I2_2,20000,5509
95074253,I2_1,10000,4928
954215362,I2_2,20000,9557
169797041,I2_2,20000,6029
423240572,I2_1,10000,5174
399182393,I2_2,20000,7466
69219354,I2_2,20000,8368
590792984,I2_1,10000,6021
688815661,I2_2,20000,7020
955345775,I2_1,10000,3365
168134434,I2_1,10000,4988
320530530,I2_2,20000,12416
101196022,I2_2,20000,5678
454799307,I2_2,20000,5729
477173716,I2_2,20000,7928
220403542,I2_2,20000,6352
325820724,I2_2,20000,5632
392819384,I2_1,10000,4016
71567383,I2_1,10000,3008
398144015,I2_1,10000,4090
524953869,I2_2,20000,5189
835422429,I2_1,10000,5768
171629374,I2_1,10000,3024
158374885,I2_2,20000,5239
255156786,I2_2,20000,4648
971569422,I2_2,20000,4658
589015072,I2_1,10000,2991
145165080,I2_2,20000,5782
566679954,I2_2,20000,4837
663119556,I2_1,10000,5347
395898253,I2_1,10000,3228
313358822,I2_1,10000,3224
33798079,I2_1,10000,3795
725714145,I2_1,10000,4383
618404476,I2_2,20000,4689
320644942,I2_2,20000,5657
850607163,I2_1,10000,2696
127725617,I2_1,10000,2556
949287699,I2_1,10000,2603
79906523,I2_1,10000,2829
490240284,I2_2,20000,5048
184088402,I2_2,20000,5140
200001822,I2_1,10000,3472
844809752,I2_2,20000,5673
369793094,I2_1,10000,4049
227196441,I2_2,20000,5140
366445927,I2_2,20000,5681
933079441,I2_1,10000,4823
894524557,I2_1,10000,4204
269990419,I2_2,20000,8721
986634131,I2_2,20000,10808
766308330,I2_1,10000,2944
901353008,I2_1,10000,3627
281625403,I2_2,20000,6295
749913071,I2_2,20000,4958
625454177,I2_1,10000,3009
826049982,I2_2,20000,8110
647721736,I2_1,10000,2777
239839190,I2_2,20000,5469
905862,I2_1,10000,3322
334458705,I2_1,10000,4919
799084854,I2_2,20000,5546
587274989,I2_2,20000,7692
193515423,I2_2,20000,4647
497714394,I2_2,20000,6704
564609514,I2_1,10000,3078
343713233,I2_1,10000,3104
665793792,I2_2,20000,5003
321794605,I2_2,20000,7276
987939511,I2_1,10000,3711
907284968,I2_1,10000,4901
70663375,I2_2,20000,9904
663607020,I2_1,10000,6198
593618072,I2_1,10000,3985
766223989,I2_2,20000,9819
806313304,I2_2,20000,10853
961742463,I2_2,20000,11857
75638040,I2_2,20000,14081
43832558,I2_1,10000,5351
381985384,I2_2,20000,14028
255453550,I2_2,20000,15509
738807153,I2_1,10000,5951
406803870,I2_2,20000,11222
977814114,I2_1,10000,5952
186029897,I2_2,20000,13960
328779977,I2_2,20000,10165
434987364,I2_1,10000,6072
753746403,I2_1,10000,5601
902227954,I2_2,20000,13729
227556196,I2_1,10000,3529
645084976,I2_1,10000,5172
520351898,I2_2,20000,16589
457306523,I2_2,20000,4521
636251747,I2_2,20000,4592
557209169,I2_2,20000,4650
44494046,I2_2,20000,5061
78812634,I2_1,10000,2943
755565196,I2_1,10000,3393
829154975,I2_2,20000,6540
550061486,I2_1,10000,4179
695202595,I2_1,10000,4475
879562759,I2_2,20000,8284
904219759,I2_2,20000,4838
337333123,I2_2,20000,5926
780860363,I2_2,20000,4585
347749628,I2_1,10000,2953
470486897,I2_1,10000,3186
575339802,I2_2,20000,6139
719016208,I2_2,20000,7193
785847750,I2_1,10000,4609
177224940,I2_1,10000,5065
827090403,I2_2,20000,9054
870296897,I2_2,20000,7718
553024604,I2_1,10000,5379
921213335,I2_2,20000,5846
588795521,I2_1,10000,4801
904044200,I2_2,20000,6424
988968505,I2_1,10000,2593
46589965,I2_1,10000,2670
739214676,I2_1,10000,3025
185483099,I2_2,20000,5965
995655605,I2_1,10000,5120
950078261,I2_1,10000,5519
237020847,I2_1,10000,4496
432040203,I2_2,20000,7117
342159817,I2_1,10000,4291
471652888,I2_2,20000,8981
207695405,I2_1,10000,3163
249519895,I2_2,20000,5594
426015204,I2_2,20000,4625
673616868,I2_2,20000,5708
278417374,I2_1,10000,4068
417709714,I2_2,20000,5303
53102875,I2_1,10000,4803
934805932,I2_1,10000,2615
990733648,I2_2,20000,5528
105746052,I2_2,20000,4692
169851516,I2_1,10000,3143
773343200,I2_2,20000,5252
689195471,I2_1,10000,5771
790601542,I2_1,10000,6409
897886097,I2_1,10000,6220
546457550,I2_1,10000,5648
344797446,I2_1,10000,6083
778614103,I2_1,10000,4467
855254102,I2_2,20000,8994
441183790,I2_2,20000,5697
160531873,I2_2,20000,7924
512248141,I2_2,20000,5718
956120645,I2_2,20000,4652
185250109,I2_2,20000,5795
669423916,I2_1,10000,2580
695084128,I2_1,10000,2555
484110003,I2_2,20000,5112
461166237,I2_1,10000,3488
454518538,I2_2,20000,5541
181529221,I2_1,10000,3078
442610654,I2_1,10000,4678
551795140,I2_2,20000,5592
249001951,I2_2,20000,6708
378301245,I2_2,20000,8910
364265873,I2_2,20000,5910
480969302,I2_1,10000,5378
641096435,I2_1,10000,5509
832566123,I2_1,10000,3575
218188882,I2_1,10000,2929
476818192,I2_2,20000,6405
699857492,I2_1,10000,2725
732336752,I2_2,20000,4903
432855345,I2_2,20000,7060
545474687,I2_1,10000,2811
569703072,I2_2,20000,8231
673904970,I2_2,20000,6523
99514705,I2_2,20000,7312
18247057,I2_1,10000,4110
318885138,I2_1,10000,3980
181330252,I2_1,10000,2570
895967450,I2_1,10000,3001
542714019,I2_2,20000,4592
82478121,I2_1,10000,5097
439222826,I2_2,20000,4698
182511517,I2_1,10000,5319
531297355,I2_1,10000,4327
239602581,I2_2,20000,5048
348758210,I2_2,20000,6009
409149309,I2_2,20000,5120
905229243,I2_2,20000,5474
244528016,I2_2,20000,5106
933623494,I2_1,10000,4484
629216225,I2_1,10000,4073
737226571,I2_2,20000,7890
144561616,I2_2,20000,5970
288618017,I2_1,10000,4332
851030449,I2_1,10000,2607
835166857,I2_2,20000,4666
765185206,I2_2,20000,4847
207846808,I2_1,10000,2685
55697592,I2_1,10000,3772
201482661,I2_1,10000,2650
74582457,I2_2,20000,4767
572060839,I2_1,10000,3031
91602900,I2_1,10000,2534
238319445,I2_1,10000,3683
116564080,I2_1,10000,2646
298954425,I2_1,10000,2646
816245715,I2_1,10000,2675
645568474,I2_1,10000,3206
103259011,I2_2,20000,4959
283242340,I2_1,10000,3520
967778107,I2_2,20000,4868
711887146,I2_1,10000,3194
540668375,I2_1,10000,3157
528692054,I2_2,20000,5641
238878352,I2_1,10000,3674
1468110,I2_2,20000,5885
437511228,I2_2,20000,6960
330754851,I2_1,10000,3012
586599666,I2_2,20000,5911
689699056,I2_1,10000,5478
18491633,I2_1,10000,4644
153348391,I2_2,20000,8132
383521396,I2_2,20000,9081
447159250,I2_2,20000,8072
403950777,I2_2,20000,9441
630265227,I2_2,20000,11660
940264236,I2_2,20000,11800
252644533,I2_2,20000,10859
716443259,I2_1,10000,5889
357184248,I2_2,20000,9853
977230157,I2_2,20000,12099
526838221,I2_1,10000,5673
888605489,I2_2,20000,13085
9610037,I2_1,10000,3951
373406124,I2_2,20000,14742
361606097,I2_2,20000,15984
16058585,I2_2,20000,17044
912821627,I2_2,20000,16936
110862969,I2_2,20000,9254
658615502,I2_1,10000,5528
488100781,I2_2,20000,5032
224213215,I2_1,10000,3507
172104553,I2_1,10000,3615
961448712,I2_1,10000,3056
759282936,I2_2,20000,5896
130151138,I2_1,10000,3948
45412471,I2_1,10000,5623
967948253,I2_2,20000,6143
163366528,I2_2,20000,8286
536299975,I2_2,20000,8592
351636018,I2_2,20000,7955
439622044,I2_1,10000,2725
455601376,I2_2,20000,5536
299882222,I2_1,10000,6089
133559096,I2_2,20000,4697
25608495,I2_2,20000,4828
399601570,I2_2,20000,7091
380476470,I2_2,20000,4874
82145007,I2_2,20000,5011
55014919,I2_2,20000,4859
243219855,I2_1,10000,3900
439917186,I2_2,20000,6409
726485253,I2_2,20000,4853
195170712,I2_2,20000,4770
401642031,I2_1,10000,2817
314439526,I2_1,10000,4008
878902972,I2_1,10000,3470
31087091,I2_2,20000,6333
562341306,I2_1,10000,5252
516652925,I2_2,20000,4790
872890289,I2_1,10000,3112
161930450,I2_1,10000,4143
435586450,I2_1,10000,2964
424388275,I2_2,20000,4689
494412104,I2_1,10000,2974
959852031,I2_1,10000,2882
336644157,I2_2,20000,4782
535978693,I2_2,20000,5832
917603940,I2_2,20000,6307
502090979,I2_1,10000,6723
113320504,I2_1,10000,6239
764793897,I2_2,20000,10075
628040003,I2_2,20000,8988
313821544,I2_1,10000,5546
938821048,I2_2,20000,8685
426891961,I2_2,20000,7498
558294451,I2_1,10000,2878
197783967,I2_2,20000,4817
264503270,I2_1,10000,4175
652562873,I2_1,10000,4249
357881924,I2_2,20000,8254
427963395,I2_1,10000,3660
484555389,I2_2,20000,6941
655258494,I2_2,20000,7945
191903047,I2_2,20000,6754
989137339,I2_2,20000,8340
506583162,I2_1,10000,4654
764899459,I2_2,20000,5740
118657126,I2_2,20000,6769
390324077,I2_1,10000,2949
251701911,I2_2,20000,5481
841305127,I2_2,20000,6643
749072061,I2_1,10000,5073
164372862,I2_2,20000,9422
372996994,I2_2,20000,6987
666346245,I2_2,20000,8521
233305790,I2_1,10000,6202
433216911,I2_1,10000,4636
178055598,I2_2,20000,12484
779590103,I2_1,10000,4113
422293087,I2_2,20000,10163
373314438,I2_1,10000,3976
151489538,I2_1,10000,4441
614909731,I2_2,20000,14591
709426491,I2_1,10000,3958
38144136,I2_2,20000,11707
730039474,I2_1,10000,4437
864579804,I2_2,20000,5765
848430396,I2_1,10000,4217
122477227,I2_1,10000,5351
5894863,I2_1,10000,5335
191093767,I2_1,10000,4672
474078091,I2_2,20000,8517
788773961,I2_1,10000,3830
823802675,I2_2,20000,10370
970608483,I2_2,20000,10590
464859463,I2_2,20000,10432
75474480,I2_1,10000,3362
571675956,I2_1,10000,3798
896249514,I2_1,10000,4458
845135387,I2_1,10000,5091
726253353,I2_2,20000,8231
612617,I2_2,20000,4685
342134856,I2_2,20000,5610
807258224,I2_2,20000,5443
16508880,I2_1,10000,3576
141378046,I2_1,10000,3075
273807279,I2_2,20000,8024
24140245,I2_1,10000,4431
204571893,I2_2,20000,8443
169035211,I2_2,20000,9714
89710202,I2_2,20000,12430
700943418,I2_2,20000,12908
802584573,I2_1,10000,4365
467592245,I2_2,20000,8691
115810373,I2_2,20000,11455
801196805,I2_1,10000,4316
159364806,I2_2,20000,13909
505222050,I2_1,10000,4729
615316566,I2_1,10000,4871
450496474,I2_2,20000,12917
781759241,I2_2,20000,10355
206493461,I2_2,20000,7571
72966022,I2_2,20000,5601
629558985,I2_1,10000,3950
424246718,I2_1,10000,3009
686417950,I2_2,20000,5015
210116100,I2_1,10000,2616
437762799,I2_1,10000,2763
806394264,I2_2,20000,5346
354267202,I2_1,10000,2931
560915272,I2_1,10000,2736
400689491,I2_1,10000,2981
946724479,I2_1,10000,3480
846696763,I2_1,10000,3902
44721504,I2_2,20000,5721
716054337,I2_1,10000,5129
171757237,I2_1,10000,3289
759091494,I2_2,20000,7911
879499903,I2_2,20000,8611
102928633,I2_1,10000,4785
322285902,I2_1,10000,3571
371405579,I2_1,10000,5264
143421761,I2_2,20000,6774
86546128,I2_2,20000,8254
995892896,I2_1,10000,5350
518420500,I2_2,20000,8143
191276433,I2_2,20000,9088
33832275,I2_1,10000,4907
643968907,I2_2,20000,9015
228434316,I2_2,20000,10506
168430173,I2_2,20000,8266
769909316,I2_2,20000,5085
957172367,I2_2,20000,4639
320289459,I2_1,10000,5055
847759727,I2_1,10000,2973
399128622,I2_2,20000,4756
413408476,I2_1,10000,4163
985651952,I2_1,10000,4067
924354114,I2_2,20000,6843
744396389,I2_1,10000,3927
421297026,I2_2,20000,7347
751386119,I2_1,10000,5217
568931519,I2_1,10000,4626
905880013,I2_1,10000,5754
993763553,I2_2,20000,7862
694027025,I2_1,10000,5548
233611247,I2_1,10000,4221
766986976,I2_2,20000,7578
300525033,I2_1,10000,4813
929990852,I2_1,10000,5952
144562360,I2_1,10000,4791
673146992,I2_1,10000,4310
748380325,I2_2,20000,9914
781618523,I2_1,10000,2633
101556446,I2_2,20000,4607
888985488,I2_1,10000,4136
377211933,I2_2,20000,4664
67250006,I2_1,10000,2775
423611306,I2_1,10000,2880
943878846,I2_1,10000,3098
775585956,I2_1,10000,3523
971739894,I2_2,20000,5352
621331046,I2_2,20000,8676
235513412,I2_2,20000,5683
356014016,I2_1,10000,5522
96045637,I2_1,10000,7191
319685535,I2_1,10000,5619
779917802,I2_2,20000,5633
780537125,I2_1,10000,3965
350477599,I2_1,10000,5680
658544929,I2_2,20000,5622
903941501,I2_1,10000,5509
283547358,I2_1,10000,3851
468658395,I2_2,20000,8721
661029763,I2_1,10000,5368
171375515,I2_2,20000,7834
220541888,I2_2,20000,6608
869363314,I2_1,10000,5627
921728540,I2_1,10000,7265
581376089,I2_1,10000,6665
844513911,I2_2,20000,8699
165802973,I2_2,20000,9147
375946129,I2_2,20000,10475
900179805,I2_2,20000,9756
417762245,I2_1,10000,2665
657594904,I2_2,20000,5378
817071551,I2_2,20000,5548
681359846,I2_2,20000,5142
288045421,I2_2,20000,7650
4985718,I2_1,10000,5968
979090719,I2_2,20000,9294
256399810,I2_1,10000,6066
681126847,I2_2,20000,5053
71005907,I2_2,20000,6182
404581955,I2_1,10000,3215
22937969,I2_1,10000,3624
318716379,I2_1,10000,3490
425962320,I2_2,20000,4782
944743461,I2_2,20000,4648
570421294,I2_1,10000,5186
458491784,I2_2,20000,6573
890245541,I2_1,10000,3956
223886348,I2_1,10000,2887
164931407,I2_2,20000,5593
419785430,I2_2,20000,5044
333947238,I2_1,10000,5549
135838757,I2_2,20000,8877
295645362,I2_2,20000,9131
445857099,I2_2,20000,5436
539249067,I2_1,10000,4842
859155909,I2_2,20000,4616
804802944,I2_1,10000,4000
9352341,I2_2,20000,5496
402436421,I2_1,10000,4799
491264457,I2_2,20000,9550
291524979,I2_2,20000,5004
673386062,I2_2,20000,7107
218401802,I2_1,10000,5323
569716442,I2_2,20000,8646
145325199,I2_1,10000,3451
699083240,I2_2,20000,4684
4181136,I2_1,10000,2864
460555961,I2_2,20000,6215
8216183,I2_1,10000,2728
236354843,I2_2,20000,5716
43253686,I2_1,10000,2631
803747130,I2_2,20000,4694
536567575,I2_1,10000,4098
795958252,I2_1,10000,4542
296510398,I2_2,20000,5225
802199300,I2_1,10000,3844
752619427,I2_1,10000,3867
332966730,I2_2,20000,4860
738332557,I2_2,20000,4933
202218112,I2_2,20000,5980
217229057,I2_2,20000,7069
556439438,I2_2,20000,6739
156150938,I2_2,20000,6420
57094097,I2_1,10000,4818
410045838,I2_2,20000,5825
639750385,I2_1,10000,4531
860230319,I2_1,10000,4649
418313560,I2_1,10000,3383
636398642,I2_2,20000,9481
443494911,I2_2,20000,9376
756786686,I2_1,10000,4392
490209156,I2_2,20000,12674
238047837,I2_2,20000,11418
874000356,I2_1,10000,4882
357009960,I2_1,10000,4359
342967022,I2_2,20000,12970
330512044,I2_2,20000,14294
817817574,I2_2,20000,10777
880962682,I2_1,10000,2646
798904126,I2_1,10000,2583
940656328,I2_1,10000,2693
505152972,I2_1,10000,4347
555553837,I2_2,20000,5711
754789965,I2_2,20000,5404
737141495,I2_1,10000,4343
733158264,I2_1,10000,6107
482764198,I2_2,20000,4638
512301424,I2_1,10000,3118
963899434,I2_1,10000,2947
506748139,I2_2,20000,5808
958472282,I2_2,20000,6792
5520793,I2_2,20000,5428
690428799,I2_2,20000,7565
579641329,I2_2,20000,5887
89167220,I2_2,20000,7823
787636223,I2_1,10000,2721
240725345,I2_2,20000,6098
558666482,I2_2,20000,6065
743489903,I2_2,20000,6577
425620745,I2_1,10000,4751
855771920,I2_2,20000,8013
135960799,I2_1,10000,5250
717111400,I2_2,20000,10648
989800232,I2_2,20000,9597
686394693,I2_2,20000,9735
311838946,I2_1,10000,3895
508703963,I2_1,10000,5530
741201735,I2_2,20000,5484
903359523,I2_2,20000,6515
453722477,I2_2,20000,8704
255539725,I2_2,20000,9125
677726093,I2_2,20000,9538
780350770,I2_1,10000,5833
549311289,I2_1,10000,6334
623812730,I2_2,20000,12683
46364227,I2_2,20000,12805
82829851,I2_2,20000,12777
988528434,I2_1,10000,2513
372654722,I2_2,20000,4982
380791143,I2_1,10000,4381
640456128,I2_1,10000,4338
379622579,I2_2,20000,7075
442587005,I2_1,10000,5488
896166762,I2_1,10000,2756
372154907,I2_2,20000,10644
372737222,I2_1,10000,4142
552642029,I2_1,10000,2938
262473153,I2_2,20000,4472
408298846,I2_1,10000,2770
253064885,I2_1,10000,3848
886327979,I2_2,20000,6055
303629091,I2_1,10000,4476
849185791,I2_1,10000,2503
909370252,I2_1,10000,2488
617064732,I2_2,20000,4929
69707339,I2_2,20000,6594
296775345,I2_1,10000,3984
444655480,I2_1,10000,2651
569745501,I2_1,10000,3815
945151740,I2_1,10000,4466
993907918,I2_2,20000,8051
291138271,I2_1,10000,4925
240665851,I2_1,10000,5484
758880876,I2_2,20000,10238
939641885,I2_1,10000,5940
816017896,I2_1,10000,5420
498086441,I2_2,20000,11879
683153568,I2_2,20000,11245
198446763,I2_2,20000,11952
652996665,I2_1,10000,5028
33698010,I2_1,10000,4015
514040598,I2_1,10000,3863
324613318,I2_1,10000,5980
493032876,I2_2,20000,10016
426676391,I2_1,10000,4922
428683467,I2_2,20000,12077
381960066,I2_1,10000,6393
568293976,I2_1,10000,3784
763904860,I2_2,20000,12318
321698721,I2_1,10000,3737
424573072,I2_2,20000,12211
657692281,I2_2,20000,12164
756759392,I2_2,20000,9400
436417877,I2_1,10000,6806
926526880,I2_1,10000,6262
46169648,I2_2,20000,11972
143543482,I2_1,10000,4282
259538480,I2_2,20000,14232
53974461,I2_1,10000,5247
886106679,I2_2,20000,13166
481389144,I2_1,10000,4201
124987139,I2_2,20000,14779
709688783,I2_2,20000,14848
645285020,I2_2,20000,10173
145794142,I2_1,10000,3093
126217604,I2_2,20000,4579
737696006,I2_1,10000,3949
544083663,I2_1,10000,4496
529340615,I2_1,10000,2633
221434444,I2_1,10000,3305
484015801,I2_2,20000,4531
153558682,I2_2,20000,5384
849178293,I2_1,10000,2535
233534267,I2_1,10000,3590
551786501,I2_1,10000,3401
856109500,I2_1,10000,4152
114346907,I2_2,20000,4741
655117168,I2_2,20000,4960
776104708,I2_1,10000,2626
250850650,I2_1,10000,3176
339787286,I2_1,10000,2992
856002580,I2_1,10000,2675
687722689,I2_1,10000,2738
547100106,I2_1,10000,2689
531437244,I2_1,10000,3773
799381911,I2_1,10000,4321
706519529,I2_2,20000,8034
615400270,I2_2,20000,6528
304240118,I2_1,10000,4211
100377787,I2_2,20000,9255
242310728,I2_1,10000,3363
39665267,I2_1,10000,4552
928238459,I2_2,20000,4550
818498495,I2_2,20000,5677
406081979,I2_2,20000,4653
433208618,I2_2,20000,6679
356902712,I2_2,20000,4644
556637222,I2_2,20000,4607
835008483,I2_2,20000,5569
702602485,I2_2,20000,5035
535208038,I2_1,10000,2984
960961933,I2_1,10000,3526
917411588,I2_2,20000,5791
965128135,I2_1,10000,3907
429566230,I2_2,20000,8129
451696859,I2_1,10000,4047
993307351,I2_1,10000,4098
647887129,I2_2,20000,7816
808347205,I2_1,10000,4375
494629667,I2_2,20000,9220
414953775,I2_2,20000,6899
71700856,I2_1,10000,4888
998328496,I2_2,20000,8968
676220996,I2_1,10000,3160
142805769,I2_2,20000,4619
85405095,I2_2,20000,4936
79362842,I2_2,20000,5631
621682650,I2_2,20000,7520
613335617,I2_1,10000,2743
517859744,I2_2,20000,9094
80528994,I2_1,10000,5218
887162664,I2_1,10000,4396
397200495,I2_2,20000,6836
603228854,I2_2,20000,8888
890250620,I2_1,10000,2940
835386038,I2_2,20000,4568
85424742,I2_2,20000,4679
801779950,I2_1,10000,5227
98974067,I2_1,10000,3894
779438390,I2_1,10000,3567
718618420,I2_1,10000,3034
188543976,I2_2,20000,5347
463923372,I2_2,20000,6182
908256093,I2_2,20000,6071
27006190,I2_1,10000,4267
642371080,I2_2,20000,8719
38283389,I2_2,20000,10713
279587682,I2_2,20000,9633
293739541,I2_2,20000,10842
552740937,I2_2,20000,5725
878643469,I2_2,20000,4730
220531968,I2_2,20000,5159
437751145,I2_1,10000,5057
658093577,I2_2,20000,7279
135018863,I2_2,20000,6333
369879662,I2_1,10000,5356
576904599,I2_1,10000,2546
203329263,I2_1,10000,2548
160520668,I2_1,10000,2891
15813508,I2_1,10000,3511
603134472,I2_1,10000,2921
849461723,I2_2,20000,5065
130080999,I2_1,10000,2549
629353105,I2_2,20000,6123
164801141,I2_2,20000,6159
646595117,I2_2,20000,6112
186227077,I2_1,10000,5473
877710074,I2_1,10000,6909
398016551,I2_1,10000,7501
955196841,I2_2,20000,9962
55502493,I2_1,10000,3940
72990597,I2_1,10000,4950
970561414,I2_1,10000,2617
575242734,I2_2,20000,4846
153581212,I2_2,20000,4531
607451957,I2_1,10000,3533
66779802,I2_2,20000,4933
872913135,I2_1,10000,4095
583874178,I2_1,10000,4523
58564540,I2_1,10000,5219
521681723,I2_2,20000,5406
904896633,I2_2,20000,4698
59785136,I2_1,10000,2619
583208603,I2_1,10000,2742
467226955,I2_2,20000,5369
23783378,I2_1,10000,3457
725685452,I2_1,10000,3421
961897158,I2_2,20000,6096
296052851,I2_2,20000,4575
65030121,I2_1,10000,3914
930233017,I2_1,10000,2666
539560131,I2_1,10000,3125
792103214,I2_2,20000,4728
406252027,I2_1,10000,2688
308935015,I2_2,20000,6045
490550948,I2_2,20000,4512
49853961,I2_1,10000,2587
381943232,I2_2,20000,4821
174571547,I2_2,20000,5383
458407113,I2_1,10000,2797
465390027,I2_2,20000,6107
964504983,I2_1,10000,4681
592505058,I2_1,10000,5144
587380328,I2_1,10000,3911
54683374,I2_2,20000,9554
613471672,I2_2,20000,8334
680643112,I2_1,10000,6459
178423935,I2_1,10000,7002
569745961,I2_1,10000,7637
937023985,I2_2,20000,6944
867683165,I2_2,20000,8625
669827248,I2_2,20000,10653
445334322,I2_1,10000,2839
158421331,I2_2,20000,4617
6647871,I2_1,10000,4005
229428719,I2_2,20000,5505
527882666,I2_1,10000,2933
476619093,I2_1,10000,2569
305348726,I2_2,20000,5806
365625059,I2_1,10000,6300
582679454,I2_1,10000,6820
948801512,I2_1,10000,6181
769538773,I2_1,10000,5646
460893903,I2_1,10000,3858
991900021,I2_2,20000,10557
180610317,I2_2,20000,10933
684855005,I2_1,10000,4848
394981719,I2_2,20000,10263
539904815,I2_1,10000,4739
349880257,I2_1,10000,4328
671467446,I2_2,20000,9767
936045487,I2_1,10000,3954
518537933,I2_2,20000,10542
219849723,I2_1,10000,5568
157871843,I2_2,20000,7671
899691823,I2_1,10000,3243
210405274,I2_1,10000,2726
507259657,I2_1,10000,2613
797892691,I2_2,20000,5495
619790159,I2_2,20000,4611
945148469,I2_2,20000,4652
347939441,I2_1,10000,3162
758327144,I2_1,10000,3011
886043306,I2_2,20000,4681
237986649,I2_2,20000,5547
268652669,I2_1,10000,2691
791842070,I2_1,10000,3008
748045834,I2_1,10000,2740
110878696,I2_1,10000,2785
889902272,I2_1,10000,2569
818086427,I2_1,10000,2669
495559569,I2_2,20000,6100
557766575,I2_2,20000,5507
766407739,I2_2,20000,5693
970889230,I2_2,20000,7762
603028709,I2_1,10000,3931
954260120,I2_1,10000,5674
381439508,I2_2,20000,7159
235715993,I2_1,10000,4937
769249764,I2_1,10000,3900
723898637,I2_1,10000,5335
517454554,I2_1,10000,4837
150278123,I2_1,10000,5327
79306394,I2_2,20000,10404
739291245,I2_2,20000,11351
933552269,I2_1,10000,5974
534544603,I2_2,20000,13516
466231964,I2_2,20000,8008
993343728,I2_1,10000,5956
279142006,I2_1,10000,7030
782396783,I2_1,10000,3963
617785394,I2_1,10000,4194
187364769,I2_2,20000,5087
828675779,I2_2,20000,5988
814843690,I2_1,10000,5981
666234233,I2_1,10000,6564
78647948,I2_2,20000,6975
861956102,I2_1,10000,4256
771237202,I2_1,10000,3029
434927752,I2_2,20000,5872
565177949,I2_2,20000,4599
710145208,I2_1,10000,5245
862892410,I2_2,20000,5484
268559135,I2_2,20000,5377
546960990,I2_1,10000,3768
111235596,I2_2,20000,6340
226204978,I2_1,10000,4433
278722477,I2_2,20000,6234
668487229,I2_1,10000,2536
183435846,I2_1,10000,4600
42435546,I2_2,20000,5633
177086582,I2_2,20000,7790
269493749,I2_1,10000,5660
664144471,I2_1,10000,4978
243628074,I2_1,10000,5447
901131276,I2_2,20000,6558
969891224,I2_1,10000,2489
324283461,I2_1,10000,7547
859752877,I2_1,10000,5971
572995603,I2_1,10000,6640
928594020,I2_2,20000,8800
332242011,I2_2,20000,4525
17887420,I2_2,20000,5542
823978143,I2_1,10000,3154
137415528,I2_2,20000,4572
189767625,I2_2,20000,4576
222317635,I2_1,10000,3696
744329860,I2_2,20000,5920
922850941,I2_2,20000,6911
974576671,I2_1,10000,5400
573980493,I2_2,20000,7998
141698233,I2_2,20000,9269
827242291,I2_1,10000,6116
961109745,I2_2,20000,6148
66050548,I2_1,10000,4393
124311768,I2_1,10000,3309
987365751,I2_2,20000,8734
983706862,I2_1,10000,4356
820499333,I2_2,20000,11225
227049092,I2_2,20000,12391
813926677,I2_2,20000,9586
90672184,I2_1,10000,3734
249098206,I2_1,10000,4824
951660115,I2_1,10000,5435
389795480,I2_1,10000,4621
993368649,I2_1,10000,4784
152004811,I2_1,10000,2601
143268286,I2_1,10000,2957
714762725,I2_1,10000,3699
391146007,I2_1,10000,3471
940798081,I2_2,20000,4624
26491320,I2_1,10000,3319
322163164,I2_2,20000,4611
985592638,I2_2,20000,5467
79821471,I2_1,10000,4420
695721343,I2_1,10000,4978
964734178,I2_2,20000,4820
322496858,I2_1,10000,3459
342467388,I2_2,20000,6060
859582799,I2_2,20000,6389
920904884,I2_2,20000,4734
476986527,I2_1,10000,2805
402453635,I2_2,20000,5549
935599560,I2_1,10000,6025
83132011,I2_1,10000,5331
737904302,I2_2,20000,7897
910324039,I2_1,10000,4275
484396711,I2_2,20000,9610
112595556,I2_2,20000,9673
942902872,I2_1,10000,2644
116080730,I2_1,10000,2575
896816094,I2_1,10000,2835
301310420,I2_1,10000,2438
421273073,I2_2,20000,4637
577025501,I2_1,10000,5202
255953751,I2_2,20000,8171
510153964,I2_1,10000,3159
333753111,I2_1,10000,2707
494074050,I2_1,10000,2954
559595121,I2_2,20000,4612
851862229,I2_2,20000,5535
176931205,I2_2,20000,4989
734755605,I2_1,10000,3052
410232723,I2_1,10000,3426
234094814,I2_1,10000,4324
863333012,I2_1,10000,3758
300273011,I2_1,10000,2932
388197608,I2_2,20000,5682
29186047,I2_1,10000,3114
977848234,I2_1,10000,2608
300856038,I2_1,10000,2965
412377723,I2_2,20000,6119
523078459,I2_1,10000,5514
203843318,I2_2,20000,7633
697725190,I2_2,20000,8110
400079246,I2_2,20000,7650
389508211,I2_1,10000,5514
409429133,I2_2,20000,10304
746993057,I2_1,10000,4540
929986146,I2_1,10000,5051
294116429,I2_2,20000,12177
223992341,I2_2,20000,8868
230128834,I2_2,20000,4758
251811269,I2_1,10000,3183
856245742,I2_1,10000,2596
471067683,I2_1,10000,2590
997764550,I2_1,10000,2598
926504585,I2_2,20000,4771
916344242,I2_2,20000,6950
649359908,I2_2,20000,4688
576244640,I2_1,10000,2784
458691755,I2_1,10000,3111
139664919,I2_2,20000,5722
196752260,I2_2,20000,5426
377315067,I2_2,20000,5531
725552042,I2_2,20000,5557
941684160,I2_1,10000,2599
912842251,I2_1,10000,2911
839108656,I2_1,10000,2831
430686847,I2_2,20000,4855
719537263,I2_1,10000,2991
167315830,I2_2,20000,4937
227257242,I2_2,20000,4937
714635977,I2_1,10000,4404
860870989,I2_2,20000,6722
735422508,I2_2,20000,6162
271485661,I2_1,10000,3625
84043034,I2_2,20000,5115
371033301,I2_2,20000,5018
343473149,I2_1,10000,5471
92295758,I2_2,20000,6029
705549314,I2_2,20000,8041
397000085,I2_2,20000,8112
193953196,I2_1,10000,4195
156410735,I2_2,20000,6287
986497752,I2_2,20000,8958
8160665,I2_1,10000,4275
828817278,I2_2,20000,8777
98879078,I2_2,20000,5711
33602278,I2_1,10000,3860
98101788,I2_1,10000,5615
608645597,I2_2,20000,4957
853907471,I2_1,10000,3874
113707951,I2_1,10000,4458
639028607,I2_1,10000,2670
671013951,I2_1,10000,3000
445191380,I2_1,10000,3485
217769951,I2_1,10000,2932
547537155,I2_2,20000,5181
927255255,I2_2,20000,5128
876096240,I2_1,10000,2979
868906563,I2_1,10000,4071
535779976,I2_2,20000,6314
194617804,I2_1,10000,4628
135241973,I2_2,20000,9560
840022209,I2_2,20000,4502
94080138,I2_1,10000,3973
621203710,I2_1,10000,3647
350204672,I2_2,20000,5671
908242961,I2_2,20000,5031
800733943,I2_1,10000,5256
596602870,I2_1,10000,3370
559279825,I2_1,10000,4023
661337310,I2_2,20000,4989
465959858,I2_1,10000,2897
200817670,I2_1,10000,2482
543687682,I2_2,20000,5074
324080914,I2_1,10000,2844
939883617,I2_2,20000,4542
465005288,I2_1,10000,4020
920605360,I2_2,20000,6642
767386396,I2_1,10000,4488
397563512,I2_2,20000,7238
245445726,I2_2,20000,9326
2369318,I2_1,10000,5373
495857203,I2_2,20000,7773
297815487,I2_2,20000,5118
350196797,I2_2,20000,6736
696139558,I2_1,10000,3982
251324167,I2_1,10000,3606
894139380,I2_1,10000,2576
378510968,I2_1,10000,2620
13681424,I2_2,20000,4565
418905281,I2_1,10000,3986
682091745,I2_1,10000,3384
782627486,I2_1,10000,2839
239414061,I2_2,20000,5149
354443858,I2_1,10000,2666
525207240,I2_1,10000,2945
353072953,I2_2,20000,5893
869763804,I2_1,10000,3523
262013163,I2_2,20000,6298
794480100,I2_2,20000,8379
533063554,I2_1,10000,2645
649628326,I2_1,10000,3788
231595599,I2_2,20000,4578
397073794,I2_1,10000,2602
941992470,I2_1,10000,2695
909844923,I2_1,10000,2510
578153,I2_1,10000,2511
859641688,I2_1,10000,2498
687175159,I2_1,10000,2574
2486620,I2_2,20000,5389
999326754,I2_1,10000,3803
877236131,I2_1,10000,3879
520486654,I2_2,20000,7324
106494334,I2_1,10000,5859
72436941,I2_1,10000,6443
106165566,I2_1,10000,5091
793886619,I2_1,10000,5729
75708924,I2_1,10000,6276
493620920,I2_1,10000,6114
501651021,I2_2,20000,12935
844823396,I2_2,20000,13993
503008144,I2_2,20000,16092
745599541,I2_1,10000,8026
304449082,I2_2,20000,12397
803936652,I2_2,20000,14650
73921650,I2_2,20000,16688
271397858,I2_2,20000,13891
918893642,I2_2,20000,12238
799809869,I2_1,10000,7058
474593875,I2_1,10000,7558
310784766,I2_2,20000,12332
520497257,I2_1,10000,4282
620427624,I2_2,20000,11790
629530876,I2_2,20000,5484
482495014,I2_2,20000,7678
633005418,I2_2,20000,8587
7569190,I2_1,10000,5727
512154754,I2_1,10000,6237
269234019,I2_2,20000,12782
754487712,I2_2,20000,12822
638746665,I2_2,20000,13807
761056072,I2_2,20000,11644
976836741,I2_1,10000,3204
392831635,I2_1,10000,3039
334367906,I2_2,20000,4772
592321491,I2_1,10000,3559
236583492,I2_2,20000,6727
224199919,I2_1,10000,5018
881774975,I2_1,10000,4335
96518768,I2_2,20000,11108
167412766,I2_1,10000,5020
473484713,I2_1,10000,3234
262202295,I2_2,20000,14004
523214562,I2_2,20000,14952
950905737,I2_2,20000,17120
927763679,I2_2,20000,17694
962532216,I2_2,20000,6711
482244633,I2_1,10000,4192
808857660,I2_2,20000,5012
14917409,I2_1,10000,3877
704188162,I2_2,20000,7515
319942394,I2_2,20000,5270
804146543,I2_1,10000,3318
984719192,I2_1,10000,2850
134736894,I2_2,20000,5765
187143309,I2_1,10000,3466
651017027,I2_2,20000,5677
290187505,I2_2,20000,4852
294489013,I2_2,20000,5868
939452485,I2_1,10000,2990
853046791,I2_1,10000,3655
233116884,I2_2,20000,6200
96448291,I2_2,20000,4711
155311389,I2_1,10000,3082
79240444,I2_2,20000,5119
525245385,I2_1,10000,5657
265636567,I2_2,20000,4855
823478466,I2_2,20000,4614
302481315,I2_2,20000,5030
232866284,I2_1,10000,2927
979427588,I2_2,20000,6182
559946684,I2_2,20000,7163
801976523,I2_1,10000,4051
46002063,I2_1,10000,3125
682996465,I2_2,20000,5063
813797359,I2_1,10000,2646
507571146,I2_1,10000,3758
775557517,I2_2,20000,4621
958750162,I2_1,10000,3986
763071281,I2_2,20000,4660
38019809,I2_1,10000,5244
75904594,I2_1,10000,5078
630559153,I2_1,10000,2626
792532735,I2_2,20000,5523
358222543,I2_1,10000,2612
762051716,I2_2,20000,4679
570010313,I2_1,10000,5236
305781259,I2_1,10000,5026
179905270,I2_2,20000,4653
597815842,I2_2,20000,4725
563352707,I2_2,20000,4611
199701611,I2_2,20000,4794
860642291,I2_1,10000,3089
263448764,I2_2,20000,5097
221616817,I2_2,20000,7314
234309110,I2_2,20000,4610
325034760,I2_2,20000,4685
193765104,I2_2,20000,5683
668900020,I2_2,20000,4824
596152383,I2_2,20000,7118
480005808,I2_2,20000,5236
862410037,I2_1,10000,3414
572402526,I2_2,20000,7567
832768098,I2_1,10000,3918
39693627,I2_2,20000,4684
124042101,I2_1,10000,4134
296317414,I2_1,10000,3786
747972617,I2_2,20000,6397
822722783,I2_2,20000,4702
907792189,I2_1,10000,3070
776716060,I2_1,10000,2802
208191056,I2_1,10000,4547
553059139,I2_2,20000,5639
591096567,I2_2,20000,7871
302101543,I2_2,20000,7293
165501856,I2_2,20000,8179
21559030,I2_1,10000,5424
225036500,I2_2,20000,10294
756796052,I2_1,10000,3980
609832997,I2_2,20000,11343
450786765,I2_2,20000,8585
273409455,I2_1,10000,5308
254494178,I2_2,20000,8636
354494739,I2_2,20000,6564
420817813,I2_2,20000,4575
985881059,I2_2,20000,4659
302408595,I2_2,20000,5474
428639009,I2_1,10000,2550
224759739,I2_1,10000,3581
452369171,I2_1,10000,2513
878557475,I2_2,20000,5024
846786517,I2_1,10000,3425
275130559,I2_2,20000,5493
846348038,I2_1,10000,3898
631558691,I2_2,20000,4812
264903236,I2_1,10000,4165
34024926,I2_2,20000,5077
179533812,I2_2,20000,5729
407770774,I2_2,20000,6546
685503739,I2_1,10000,2940
439516756,I2_1,10000,2685
645097939,I2_1,10000,3026
64776920,I2_2,20000,4797
992610830,I2_1,10000,2865
72654592,I2_2,20000,8223
838356744,I2_1,10000,5649
228942408,I2_2,20000,8395
311232695,I2_1,10000,4542
52469753,I2_1,10000,3944
535675447,I2_2,20000,10501
546402533,I2_2,20000,4769
753462932,I2_1,10000,4246
584855556,I2_2,20000,8690
679459971,I2_1,10000,4551
631258579,I2_1,10000,3327
964448329,I2_2,20000,8240
58363758,I2_1,10000,5443
710226592,I2_2,20000,10414
503620326,I2_2,20000,5622
716791383,I2_2,20000,7837
424883005,I2_2,20000,7390
516326099,I2_1,10000,4298
553984684,I2_2,20000,7916
614288392,I2_2,20000,9684
729067677,I2_2,20000,11887
386026634,I2_2,20000,10219
604712045,I2_2,20000,9056
143721831,I2_1,10000,4248
600818555,I2_2,20000,9138
370987052,I2_2,20000,6602
859378603,I2_1,10000,5216
958679181,I2_1,10000,2517
148419280,I2_2,20000,4665
360014318,I2_1,10000,3090
332906422,I2_2,20000,4620
851390661,I2_1,10000,4017
401559800,I2_1,10000,3952
694422122,I2_1,10000,2673
736349266,I2_1,10000,3061
586997977,I2_2,20000,5270
669611764,I2_1,10000,4171
898995338,I2_2,20000,5570
260498610,I2_1,10000,4944
592873818,I2_2,20000,4974
899918813,I2_2,20000,5050
583704079,I2_2,20000,5413
737153763,I2_1,10000,3874
752206555,I2_2,20000,4696
33484710,I2_2,20000,5743
458738554,I2_2,20000,5280
681051345,I2_2,20000,6635
507556457,I2_1,10000,3826
61769501,I2_2,20000,4787
503804981,I2_2,20000,6971
157744556,I2_1,10000,3161
347896636,I2_1,10000,4353
282646162,I2_2,20000,8841
612850036,I2_1,10000,5801
995644955,I2_1,10000,5301
462573489,I2_1,10000,5267
910090718,I2_1,10000,4884
916430063,I2_1,10000,4238
474994305,I2_1,10000,2667
865864969,I2_1,10000,2949
335195721,I2_2,20000,4814
13267811,I2_2,20000,7194
556152185,I2_1,10000,4089
199419765,I2_1,10000,3973
618323448,I2_2,20000,8664
234530891,I2_2,20000,9631
879819996,I2_1,10000,5461
254563387,I2_2,20000,11161
239741882,I2_2,20000,13311
902540864,I2_2,20000,15375
542630241,I2_2,20000,14487
913124634,I2_2,20000,14514
64074635,I2_1,10000,7143
992216851,I2_1,10000,6304
295983011,I2_2,20000,12977
4646596,I2_1,10000,6460
3908008,I2_1,10000,4934
471802256,I2_2,20000,15176
863273790,I2_2,20000,17328
929204336,I2_2,20000,16186
147840137,I2_2,20000,16615
121157422,I2_2,20000,16575
525508475,I2_2,20000,15551
463415157,I2_2,20000,16448
301876063,I2_1,10000,5237
965705403,I2_2,20000,14883
410231915,I2_2,20000,12877
45320359,I2_1,10000,3087
28715371,I2_1,10000,3699
438138194,I2_2,20000,4996
864680508,I2_1,10000,3804
61596318,I2_2,20000,5319
627009983,I2_1,10000,2688
830968663,I2_2,20000,5231
103805339,I2_1,10000,3003
865269836,I2_2,20000,5080
516863740,I2_1,10000,4601
452687475,I2_1,10000,3883
479341585,I2_2,20000,7850
293858385,I2_1,10000,5490
549482981,I2_2,20000,6564
75774494,I2_1,10000,4904
354138113,I2_2,20000,7349
228421909,I2_1,10000,4220
893764691,I2_1,10000,4911
247542485,I2_2,20000,4624
588519415,I2_2,20000,4648
42455998,I2_2,20000,5590
401716539,I2_2,20000,4711
827924746,I2_2,20000,4730
437723325,I2_1,10000,5115
476924640,I2_1,10000,5005
455852195,I2_1,10000,4993
771186060,I2_2,20000,9370
518861451,I2_1,10000,4860
337977284,I2_1,10000,5403
919521394,I2_2,20000,11396
448948761,I2_2,20000,12757
777619114,I2_2,20000,15341
302739404,I2_1,10000,3209
206389303,I2_1,10000,4222
888973681,I2_1,10000,5919
888522473,I2_1,10000,5598
574494290,I2_1,10000,6833
655624786,I2_1,10000,6317
750487992,I2_1,10000,6838
255148484,I2_1,10000,3141
640002490,I2_1,10000,2572
22968096,I2_1,10000,2606
191273794,I2_1,10000,2602
324081301,I2_1,10000,4304
317405917,I2_2,20000,5311
219493996,I2_1,10000,6026
846941779,I2_1,10000,6927
745029330,I2_1,10000,4717
906535027,I2_1,10000,4587
486069673,I2_2,20000,10210
909981363,I2_1,10000,5031
556468442,I2_1,10000,5495
740557193,I2_2,20000,11152
41645885,I2_1,10000,2621
689652194,I2_1,10000,3068
799543404,I2_2,20000,4696
106473744,I2_1,10000,2589
978835732,I2_1,10000,2666
891321156,I2_1,10000,3812
874939291,I2_1,10000,4083
302923826,I2_2,20000,7372
601507179,I2_2,20000,9562
627369902,I2_2,20000,6522
570602702,I2_2,20000,8609
557717496,I2_2,20000,5394
500355328,I2_1,10000,3864
212466699,I2_1,10000,3841
814364824,I2_1,10000,3295
310719399,I2_2,20000,7169
804257587,I2_1,10000,3412
386225669,I2_1,10000,3799
830794541,I2_2,20000,5982
540991863,I2_2,20000,5117
309125209,I2_1,10000,4421
846369586,I2_2,20000,5466
737107214,I2_1,10000,3886
957748759,I2_2,20000,6301
821086109,I2_1,10000,4622
963462232,I2_1,10000,4109
32056430,I2_2,20000,8958
166711258,I2_1,10000,3766
70210159,I2_1,10000,4360
621030052,I2_2,20000,8636
661259182,I2_1,10000,4069
411101985,I2_1,10000,4134
9255999,I2_2,20000,6709
449909160,I2_2,20000,4854
895221338,I2_1,10000,3885
658699450,I2_2,20000,6359
295240737,I2_2,20000,4569
576785692,I2_2,20000,4886
864360339,I2_2,20000,5459
486414697,I2_1,10000,2607
883561424,I2_2,20000,5012
148488691,I2_1,10000,3409
428984242,I2_2,20000,5586
95841606,I2_1,10000,2511
60754025,I2_1,10000,2541
604697293,I2_1,10000,2609
574377285,I2_1,10000,2665
197694152,I2_1,10000,2607
43466769,I2_2,20000,6136
984261492,I2_2,20000,6154
969095038,I2_1,10000,3979
432978575,I2_1,10000,5118
447884330,I2_2,20000,10715
184069311,I2_1,10000,5440
567646468,I2_1,10000,5919
686149308,I2_2,20000,12980
337411266,I2_1,10000,6380
76299961,I2_2,20000,15626
890120456,I2_2,20000,16068
307204632,I2_2,20000,18185
686535037,I2_1,10000,8122
441960617,I2_2,20000,19564
950523966,I2_2,20000,22238
644638013,I2_2,20000,23849
678728541,I2_1,10000,13474
989529746,I2_1,10000,11277
573722483,I2_2,20000,20406
624474540,I2_2,20000,18079
40644676,I2_2,20000,18573
197634541,I2_2,20000,13442
132435698,I2_1,10000,6445
706641099,I2_2,20000,15422
270105120,I2_2,20000,16377
999131329,I2_2,20000,9988
131331356,I2_2,20000,9084
858222506,I2_2,20000,10645
59914907,I2_1,10000,5428
671635689,I2_2,20000,7484
896351475,I2_1,10000,7024
295811174,I2_1,10000,6481
886981532,I2_1,10000,5763
46022309,I2_1,10000,5687
45826064,I2_1,10000,4852
960325867,I2_2,20000,11107
944257015,I2_2,20000,12037
250587284,I2_1,10000,5732
977505103,I2_2,20000,13518
589512545,I2_2,20000,9576
202522789,I2_2,20000,9614
748442369,I2_2,20000,5299
408160951,I2_2,20000,6515
728139480,I2_1,10000,3733
835751605,I2_2,20000,8971
454412179,I2_2,20000,8630
480180295,I2_1,10000,4701
479775901,I2_1,10000,6321
464845952,I2_2,20000,10589
455443848,I2_2,20000,11816
417355097,I2_2,20000,11939
355155357,I2_2,20000,11550
221775514,I2_1,10000,5291
132237333,I2_2,20000,9053
157863002,I2_2,20000,8991
755390208,I2_1,10000,4731
838624883,I2_2,20000,10979
575663102,I2_2,20000,9434
243072586,I2_1,10000,4205
234998365,I2_2,20000,8126
658079821,I2_1,10000,3679
599646698,I2_2,20000,9457
165625313,I2_2,20000,10323
777351609,I2_2,20000,7941
490438875,I2_2,20000,8379
172832731,I2_1,10000,5614
513675179,I2_1,10000,6209
356124867,I2_2,20000,9603
757014692,I2_2,20000,5474
153268264,I2_2,20000,5787
394581405,I2_1,10000,5280
455725630,I2_2,20000,10638
193908933,I2_1,10000,5435
996499963,I2_2,20000,12239
235163221,I2_1,10000,5843
391762948,I2_1,10000,6405
12109194,I2_1,10000,6324
280437710,I2_2,20000,14818
549664526,I2_2,20000,14203
157704853,I2_1,10000,4143
987200839,I2_2,20000,14058
138520175,I2_2,20000,14595
50478805,I2_2,20000,15460
206215325,I2_2,20000,6976
134779309,I2_1,10000,3307
472675800,I2_1,10000,2581
623263370,I2_2,20000,5207
307117770,I2_1,10000,3718
875339220,I2_1,10000,4142
162022566,I2_1,10000,5939
885677064,I2_2,20000,7611
940190256,I2_2,20000,5432
425264481,I2_1,10000,4864
102893761,I2_1,10000,4581
10714470,I2_2,20000,6456
267541761,I2_2,20000,4762
890512921,I2_2,20000,4628
815304653,I2_1,10000,2932
930659140,I2_1,10000,4544
929978902,I2_2,20000,6115
735885681,I2_1,10000,5126
626392252,I2_2,20000,8170
697489116,I2_2,20000,5228
521354635,I2_1,10000,5189
294695165,I2_2,20000,4577
438399413,I2_2,20000,5444
502042359,I2_1,10000,2576
685535011,I2_1,10000,2761
332472761,I2_2,20000,5134
436400182,I2_1,10000,3115
662491364,I2_1,10000,2977
304344039,I2_2,20000,6095
975178115,I2_1,10000,5391
538094598,I2_1,10000,4693
394041903,I2_1,10000,6297
115610883,I2_2,20000,10300
667979390,I2_2,20000,7330
817706054,I2_1,10000,2523
382573155,I2_2,20000,5107
908907999,I2_1,10000,2847
765067389,I2_2,20000,4587
10325761,I2_1,10000,2985
470302748,I2_2,20000,7680
646945338,I2_1,10000,3716
686876236,I2_1,10000,3397
873176739,I2_1,10000,2926
640161784,I2_2,20000,5183
347808613,I2_2,20000,4610
765580792,I2_2,20000,5542
575068694,I2_2,20000,4595
668669437,I2_2,20000,5544
434277296,I2_1,10000,3779
765644055,I2_1,10000,3533
786586146,I2_2,20000,6105
68367375,I2_2,20000,4734
878308998,I2_1,10000,4111
471526299,I2_1,10000,5278
531404617,I2_2,20000,6704
724419785,I2_1,10000,6100
124104390,I2_1,10000,5460
597376010,I2_2,20000,8935
687840007,I2_1,10000,5604
797769418,I2_1,10000,2924
101147777,I2_2,20000,5505
832089014,I2_2,20000,4948
468982355,I2_1,10000,3493
815909868,I2_2,20000,5171
911479599,I2_2,20000,6703
933425079,I2_2,20000,4599
74338099,I2_2,20000,4628
836009311,I2_2,20000,4598
328623641,I2_2,20000,5524
477303637,I2_2,20000,4561
936831389,I2_2,20000,5642
583312494,I2_2,20000,5713
569931466,I2_1,10000,5476
677286010,I2_2,20000,7634
924475085,I2_1,10000,5862
894356097,I2_1,10000,4356
150208769,I2_2,20000,8527
994276853,I2_1,10000,3045
863780106,I2_1,10000,4621
307891748,I2_2,20000,6278
679875271,I2_2,20000,8344
516156090,I2_1,10000,3358
877184701,I2_1,10000,2949
976917329,I2_2,20000,4512
585837437,I2_2,20000,5491
519954547,I2_2,20000,4631
204409342,I2_2,20000,6754
587524925,I2_2,20000,4684
261165650,I2_2,20000,4737
219249197,I2_2,20000,4735
797231827,I2_2,20000,4736
626278899,I2_2,20000,4758
168079797,I2_2,20000,5666
448785394,I2_1,10000,2744
622052447,I2_1,10000,3035
805861742,I2_2,20000,4919
768938895,I2_2,20000,6881
845852924,I2_1,10000,2621
171664210,I2_1,10000,2698
903515161,I2_2,20000,4766
300670546,I2_2,20000,5796
314335408,I2_2,20000,6639
706090897,I2_2,20000,7482
783627491,I2_1,10000,2900
455456160,I2_2,20000,5082
793426106,I2_1,10000,5053
670017311,I2_1,10000,3157
285540241,I2_1,10000,2612
13502489,I2_2,20000,4682
208268337,I2_2,20000,5686
794877694,I2_1,10000,4058
775911813,I2_1,10000,3948
518359334,I2_1,10000,4092
365413586,I2_2,20000,4661
205970291,I2_1,10000,2976
873285396,I2_1,10000,2580
969020138,I2_1,10000,3185
39613719,I2_2,20000,4834
773449473,I2_2,20000,6981
372486747,I2_2,20000,5299
641582504,I2_2,20000,5780
673791792,I2_1,10000,4124
383999662,I2_1,10000,4446
253585006,I2_2,20000,9251
578097550,I2_2,20000,11395
148214254,I2_2,20000,11046
766505914,I2_1,10000,5973
559581824,I2_1,10000,5409
785174417,I2_2,20000,12054
827477220,I2_2,20000,12961
743784372,I2_2,20000,14520
31499561,I2_2,20000,14403
563281606,I2_1,10000,3076
237312398,I2_2,20000,4848
50558059,I2_1,10000,3536
651167067,I2_1,10000,5657
746938897,I2_1,10000,5008
84516035,I2_2,20000,8439
60572026,I2_1,10000,5373
841472788,I2_1,10000,4783
133485089,I2_1,10000,5381
849407482,I2_2,20000,12738
234308958,I2_2,20000,11871
24176349,I2_2,20000,7449
460307721,I2_2,20000,9555
685583887,I2_1,10000,3371
147483123,I2_2,20000,4937
654028349,I2_1,10000,4204
198594635,I2_2,20000,5807
835178851,I2_1,10000,4230
606763128,I2_2,20000,8398
905010089,I2_2,20000,8759
820531072,I2_2,20000,10300
754755236,I2_2,20000,11175
229372054,I2_1,10000,5465
526476011,I2_2,20000,14408
191855253,I2_1,10000,4814
158812087,I2_2,20000,9682
371815385,I2_2,20000,7697
996319199,I2_2,20000,7788
754723809,I2_1,10000,3996
77207189,I2_1,10000,3976
786527263,I2_1,10000,3037
233204196,I2_2,20000,4644
228716740,I2_1,10000,2646
14711098,I2_1,10000,2735
831956820,I2_1,10000,2692
973723828,I2_2,20000,5182
326610309,I2_1,10000,3619
725711871,I2_2,20000,8994
168713482,I2_2,20000,7910
4711469,I2_1,10000,4929
178698522,I2_1,10000,4937
995891216,I2_2,20000,10624
798812213,I2_1,10000,5558
168208337,I2_1,10000,5549
652627181,I2_1,10000,6643
9640186,I2_2,20000,15408
398774771,I2_1,10000,5532
431161886,I2_1,10000,7048
647785400,I2_2,20000,9354
300959583,I2_2,20000,7031
802167487,I2_2,20000,9277
770236122,I2_2,20000,7765
573468157,I2_2,20000,8680
841641787,I2_2,20000,9579
45069803,I2_2,20000,7624
354723273,I2_2,20000,7602
974149993,I2_1,10000,2942
823137271,I2_1,10000,3563
524816123,I2_2,20000,6078
526319447,I2_2,20000,4914
15309459,I2_2,20000,4867
969013656,I2_1,10000,3031
806930175,I2_1,10000,4990
949761828,I2_1,10000,5576
66489805,I2_1,10000,4555
770632559,I2_2,20000,7274
203559653,I2_1,10000,3638
17001729,I2_2,20000,5456
630811146,I2_2,20000,6262
498135338,I2_2,20000,5341
829578167,I2_2,20000,6517
900471814,I2_2,20000,4689
327682381,I2_1,10000,5264
304564576,I2_2,20000,4743
250796430,I2_1,10000,2693
219713288,I2_1,10000,2763
125274455,I2_1,10000,3787
315408843,I2_2,20000,4668
489213578,I2_1,10000,4045
571583210,I2_2,20000,4696
145311438,I2_2,20000,5526
337711079,I2_2,20000,6492
408333010,I2_2,20000,4673
47768333,I2_1,10000,2921
47396684,I2_2,20000,6282
11107997,I2_1,10000,4140
300367505,I2_2,20000,4989
524455404,I2_2,20000,6145
408118858,I2_2,20000,5462
171592616,I2_1,10000,4020
385373423,I2_2,20000,5121
786630524,I2_2,20000,5957
688108041,I2_2,20000,8180
28259484,I2_2,20000,6941
477954454,I2_2,20000,8703
898278229,I2_1,10000,5849
43195274,I2_1,10000,4267
924485672,I2_2,20000,8160
718764739,I2_1,10000,4314
378230157,I2_2,20000,6196
443771073,I2_1,10000,3012
693269814,I2_2,20000,4722
544472571,I2_1,10000,2647
892416898,I2_1,10000,2588
290482052,I2_1,10000,2648
989109601,I2_2,20000,4565
771949555,I2_2,20000,4691
728009175,I2_1,10000,4109
51791906,I2_2,20000,7482
287858676,I2_2,20000,4638
364825028,I2_2,20000,5255
354303095,I2_1,10000,3736
540938217,I2_2,20000,7746
934028141,I2_2,20000,7736
603218799,I2_1,10000,6023
921512716,I2_1,10000,5361
206576585,I2_1,10000,5903
985050795,I2_1,10000,6279
640589648,I2_2,20000,12775
123599866,I2_2,20000,12588
624180114,I2_1,10000,4498
346793522,I2_2,20000,6926
983373158,I2_1,10000,2739
573262894,I2_1,10000,2941
204482726,I2_2,20000,5803
338038158,I2_1,10000,3979
291731303,I2_2,20000,8001
451941136,I2_2,20000,6219
147256914,I2_1,10000,5068
628573156,I2_2,20000,6644
561503266,I2_1,10000,4904
718835625,I2_2,20000,4785
433866188,I2_1,10000,3204
490441370,I2_2,20000,5432
382634,I2_2,20000,4580
394546681,I2_1,10000,3019
790446811,I2_1,10000,4146
57100477,I2_2,20000,4692
923298597,I2_1,10000,4049
474997974,I2_1,10000,2594
817755277,I2_2,20000,4739
637412671,I2_2,20000,5613
530871674,I2_2,20000,5457
205483940,I2_1,10000,3008
865055464,I2_2,20000,4722
596514481,I2_1,10000,4179
559367708,I2_2,20000,8251
646692007,I2_2,20000,4708
12541693,I2_1,10000,4020
274426951,I2_1,10000,3968
196359007,I2_2,20000,5117
154654779,I2_2,20000,6064
376379064,I2_1,10000,4549
888675844,I2_2,20000,5595
990579474,I2_1,10000,4417
592984558,I2_1,10000,4013
479503596,I2_1,10000,3426
382687305,I2_2,20000,10452
663458947,I2_1,10000,5528
755770900,I2_1,10000,4805
40675203,I2_2,20000,13226
964862161,I2_2,20000,12704
799913033,I2_2,20000,11945
172500898,I2_1,10000,6634
72052486,I2_2,20000,13034
108641172,I2_1,10000,5385
446073396,I2_1,10000,4980
7470663,I2_2,20000,11978
596091422,I2_2,20000,15241
92252095,I2_1,10000,4788
857218095,I2_1,10000,4358
592411349,I2_2,20000,13986
30481736,I2_1,10000,4278
541560440,I2_2,20000,14392
739115407,I2_1,10000,4215
876353686,I2_2,20000,16096
886513008,I2_2,20000,5404
250672499,I2_1,10000,4987
24580877,I2_1,10000,2934
942413368,I2_2,20000,7837
657903812,I2_2,20000,9908
26603920,I2_1,10000,5478
772047937,I2_2,20000,9170
331141112,I2_1,10000,4656
323259704,I2_2,20000,9253
579002042,I2_2,20000,10694
229668756,I2_2,20000,5501
580921723,I2_1,10000,5903
875629775,I2_2,20000,6571
870419305,I2_1,10000,4800
993157411,I2_1,10000,4042
473599014,I2_2,20000,9431
178452804,I2_1,10000,4685
361032113,I2_1,10000,5893
392688778,I2_1,10000,2576
395953665,I2_2,20000,4511
126089887,I2_2,20000,4464
156786842,I2_1,10000,2539
812995622,I2_1,10000,2545
314240286,I2_1,10000,2577
365983951,I2_2,20000,4817
945047853,I2_1,10000,2874
887814977,I2_2,20000,4888
542898558,I2_2,20000,6867
901373881,I2_1,10000,4193
362610342,I2_1,10000,3026
602652510,I2_1,10000,2607
693282903,I2_1,10000,2815
552835667,I2_2,20000,5946
661296419,I2_1,10000,3002
520118084,I2_1,10000,4087
362819100,I2_1,10000,3464
595231008,I2_2,20000,6915
280624073,I2_2,20000,4659
267563368,I2_2,20000,6889
616693319,I2_1,10000,2841
895525439,I2_2,20000,5148
768441494,I2_2,20000,5536
648728240,I2_2,20000,7651
666221744,I2_2,20000,8476
979289992,I2_1,10000,3521
605622383,I2_2,20000,10701
67216705,I2_1,10000,2517
701122713,I2_2,20000,4559
152547975,I2_1,10000,2777
916078233,I2_2,20000,5533
75608773,I2_1,10000,2490
729431965,I2_1,10000,2527
742986041,I2_2,20000,4799
8606820,I2_1,10000,2915
860367176,I2_1,10000,2487
512697864,I2_2,20000,4598
132997209,I2_1,10000,5147
909542695,I2_1,10000,2587
744715073,I2_1,10000,3664
946767451,I2_2,20000,4621
951849633,I2_1,10000,4002
899374267,I2_1,10000,5649
819762067,I2_2,20000,5242
792209102,I2_1,10000,3853
443013528,I2_2,20000,8371
872725012,I2_1,10000,3025
787163407,I2_1,10000,2630
434957201,I2_1,10000,3025
268446784,I2_2,20000,5253
539434808,I2_1,10000,4716
593658578,I2_2,20000,6011
981239021,I2_2,20000,5440
275713391,I2_2,20000,5620
351210056,I2_1,10000,3021
356380658,I2_1,10000,4175
784802270,I2_2,20000,9506
114879934,I2_1,10000,6633
997308623,I2_2,20000,9775
50701647,I2_2,20000,9412
771785667,I2_2,20000,4609
235188704,I2_2,20000,4551
920085347,I2_1,10000,2641
922883576,I2_1,10000,3798
48292480,I2_1,10000,2782
34088561,I2_2,20000,5081
561958851,I2_1,10000,5618
678317496,I2_1,10000,6192
452166379,I2_1,10000,6551
642877836,I2_2,20000,7450
693485738,I2_2,20000,8608
55779344,I2_2,20000,6407
692326782,I2_1,10000,5953
158428339,I2_1,10000,6546
21093015,I2_2,20000,7497
378601692,I2_2,20000,6084
633849563,I2_1,10000,3066
203710127,I2_1,10000,3486
635133088,I2_1,10000,5141
730802404,I2_1,10000,3918
929385045,I2_2,20000,7268
629267159,I2_2,20000,7074
429030228,I2_2,20000,5487
768189072,I2_1,10000,3304
414232570,I2_1,10000,3650
229525207,I2_2,20000,5259
65234528,I2_1,10000,3852
599049420,I2_2,20000,6272
554117242,I2_1,10000,3568
726601553,I2_1,10000,4649
729466692,I2_2,20000,4596
202984406,I2_1,10000,2953
438353045,I2_2,20000,7752
254393501,I2_2,20000,5490
682513931,I2_1,10000,3152
314737352,I2_1,10000,2897
995839548,I2_2,20000,4772
670106553,I2_2,20000,6265
228900544,I2_1,10000,4404
120611821,I2_2,20000,7624
708620960,I2_2,20000,10164
229523114,I2_1,10000,4054
410059864,I2_2,20000,5996
767366409,I2_1,10000,3728
932072293,I2_2,20000,5608
593807459,I2_1,10000,2578
794237293,I2_1,10000,3766
721960911,I2_2,20000,4626
37690667,I2_1,10000,2544
564571559,I2_2,20000,4795
368973746,I2_2,20000,5656
789255171,I2_1,10000,4954
784432287,I2_1,10000,4407
931151270,I2_2,20000,7139
135488094,I2_1,10000,4437
161199165,I2_2,20000,6510
881567702,I2_1,10000,3205
108666362,I2_2,20000,5120
669340570,I2_2,20000,5807
700778835,I2_1,10000,4234
191018350,I2_1,10000,3619
822924183,I2_1,10000,4019
385227165,I2_2,20000,6557
364118314,I2_1,10000,4236
736045060,I2_1,10000,4291
183991095,I2_2,20000,10287
619137611,I2_2,20000,6764
173878312,I2_2,20000,5672
465465098,I2_2,20000,6132
599154809,I2_2,20000,7272
323199279,I2_1,10000,4583
245149264,I2_2,20000,9874
770325057,I2_1,10000,4346
277066419,I2_1,10000,5969
900890265,I2_2,20000,9764
594425326,I2_2,20000,9885
519770960,I2_2,20000,10910
938023859,I2_2,20000,5214
734728483,I2_1,10000,4620
937701415,I2_1,10000,4008
108740548,I2_2,20000,7861
580752272,I2_2,20000,8322
812050541,I2_1,10000,5997
399036905,I2_1,10000,6581
249047581,I2_1,10000,8131
117059427,I2_1,10000,5214
81606189,I2_2,20000,12655
539957692,I2_2,20000,13171
425936850,I2_1,10000,4237
696534222,I2_2,20000,7602
671619668,I2_1,10000,4818
311616942,I2_1,10000,4206
302720719,I2_2,20000,10819
116689685,I2_2,20000,8592
84544912,I2_2,20000,5480
5549535,I2_2,20000,5472
84069120,I2_2,20000,6422
131985214,I2_2,20000,6482
781615962,I2_2,20000,6359
257512390,I2_2,20000,5795
993982145,I2_2,20000,5479
508520682,I2_2,20000,5575
295401627,I2_2,20000,5588
751567027,I2_1,10000,2811
1302773,I2_2,20000,4952
640443711,I2_2,20000,4724
797059389,I2_1,10000,5174
165740836,I2_1,10000,3224
891441081,I2_2,20000,5186
327865423,I2_1,10000,4516
338835840,I2_1,10000,4499
559116459,I2_1,10000,4586
211972721,I2_1,10000,3039
394417829,I2_2,20000,4704
976873129,I2_1,10000,3115
984870051,I2_2,20000,6058
383794281,I2_1,10000,3665
179927561,I2_1,10000,3240
788794165,I2_1,10000,2685
774618255,I2_2,20000,4751
222557292,I2_1,10000,3097
200442843,I2_1,10000,2671
967800173,I2_1,10000,3751
47528411,I2_1,10000,2731
306640529,I2_2,20000,6230
775821287,I2_2,20000,4702
949272510,I2_1,10000,3699
810458464,I2_1,10000,4105
496838817,I2_1,10000,2995
7058237,I2_2,20000,4941
769609640,I2_2,20000,4749
137333210,I2_2,20000,5684
18130417,I2_2,20000,5171
502706073,I2_1,10000,5733
207957520,I2_1,10000,4415
91763659,I2_1,10000,5002
300737984,I2_1,10000,4863
704341843,I2_2,20000,10567
527976804,I2_2,20000,5055
711138216,I2_1,10000,3018
106154071,I2_1,10000,3394
310218927,I2_2,20000,6588
672357159,I2_2,20000,4720
832838228,I2_2,20000,5706
421182938,I2_2,20000,5449
913143226,I2_1,10000,3487
538551152,I2_2,20000,5669
877105483,I2_2,20000,5096
367299621,I2_1,10000,2979
962391016,I2_1,10000,2633
685852593,I2_1,10000,3658
228947209,I2_1,10000,4207
521745351,I2_1,10000,5779
66210454,I2_2,20000,7875
805393711,I2_2,20000,9564
309100087,I2_2,20000,6418
890711032,I2_1,10000,5315
192651367,I2_2,20000,6195
655072104,I2_2,20000,8450
434962859,I2_1,10000,4661
385681800,I2_1,10000,4654
478329066,I2_1,10000,4477
435002118,I2_1,10000,3407
114467539,I2_1,10000,3331
196800622,I2_2,20000,10487
780784853,I2_1,10000,4370
892458904,I2_1,10000,5413
55750669,I2_2,20000,14762
857817847,I2_2,20000,12431
844770247,I2_2,20000,10185
152275174,I2_1,10000,6857
171988222,I2_2,20000,5729
697570250,I2_1,10000,2877
229975493,I2_1,10000,3075
366576280,I2_2,20000,5328
752458766,I2_1,10000,5871
570605230,I2_1,10000,3423
844320105,I2_1,10000,4330
4238084,I2_1,10000,2640
93551145,I2_1,10000,2748
920731522,I2_1,10000,3872
986330251,I2_2,20000,5111
740327185,I2_2,20000,6786
167082591,I2_2,20000,6662
423837138,I2_1,10000,4474
836637244,I2_2,20000,5874
940486161,I2_1,10000,2843
327340339,I2_1,10000,2712
329090811,I2_2,20000,4994
183977129,I2_1,10000,3910
585029563,I2_2,20000,6879
352258399,I2_1,10000,3487
943907076,I2_2,20000,6022
737105682,I2_1,10000,6002
274916943,I2_2,20000,8676
739480624,I2_2,20000,9708
454481478,I2_2,20000,8997
726876541,I2_1,10000,2699
928824010,I2_2,20000,4668
286224022,I2_1,10000,2802
471825646,I2_1,10000,4647
822914705,I2_2,20000,6985
14773949,I2_2,20000,5814
338805580,I2_1,10000,6169
897577921,I2_1,10000,3352
374145878,I2_2,20000,9392
778795346,I2_2,20000,9328
872219972,I2_1,10000,4856
854765690,I2_1,10000,6582
532159323,I2_2,20000,11416
158969683,I2_2,20000,9124
835486522,I2_2,20000,7571
296124020,I2_2,20000,7939
494442804,I2_2,20000,8871
371907873,I2_1,10000,5272
1813768,I2_2,20000,8416
177244670,I2_2,20000,6827
482887365,I2_2,20000,9009
96455222,I2_2,20000,10154
321288265,I2_1,10000,5915
78314609,I2_1,10000,5431
738301996,I2_1,10000,5876
891715263,I2_1,10000,5443
486148560,I2_2,20000,5919
973534771,I2_2,20000,6312
995324813,I2_2,20000,6843
833950151,I2_2,20000,7803
529407247,I2_1,10000,5130
28064567,I2_2,20000,6382
210615982,I2_1,10000,2551
380459063,I2_2,20000,4794
701062337,I2_2,20000,6433
90403832,I2_1,10000,2738
410348944,I2_2,20000,7475
899693663,I2_2,20000,5347
372709431,I2_1,10000,5268
730839274,I2_2,20000,5514
999480204,I2_1,10000,3498
42448213,I2_1,10000,2539
466337439,I2_1,10000,2866
70769271,I2_1,10000,3655
352900056,I2_2,20000,6891
170882601,I2_1,10000,3933
714063678,I2_2,20000,4644
167190581,I2_1,10000,4077
743174878,I2_2,20000,5646
705303337,I2_2,20000,7786
662082871,I2_1,10000,2950
571173976,I2_2,20000,10863
921070317,I2_1,10000,4655
994490470,I2_1,10000,3087
512978191,I2_1,10000,2691
683005809,I2_1,10000,2657
387637522,I2_1,10000,3359
850981169,I2_2,20000,4809
731517079,I2_1,10000,4258
369149999,I2_1,10000,2939
747855474,I2_1,10000,3273
662731657,I2_1,10000,3008
647591636,I2_1,10000,3401
502319514,I2_1,10000,4506
769014149,I2_2,20000,6745
401273347,I2_1,10000,5165
363747489,I2_1,10000,5298
733753716,I2_1,10000,6429
874172212,I2_1,10000,4700
132378522,I2_1,10000,4608
695643390,I2_2,20000,14945
908770367,I2_2,20000,7906
129411315,I2_2,20000,7226
271698046,I2_1,10000,3607
459335810,I2_1,10000,4411
356554905,I2_1,10000,5263
677409712,I2_2,20000,6717
691531742,I2_1,10000,7000
809417539,I2_1,10000,4501
717698774,I2_2,20000,10702
443147609,I2_2,20000,9438
492883708,I2_2,20000,12189
396836724,I2_1,10000,6017
937046681,I2_2,20000,13541
296043388,I2_1,10000,6004
606826076,I2_2,20000,16371
409915811,I2_2,20000,17883
182990485,I2_1,10000,5962
650206627,I2_2,20000,16799
928998081,I2_1,10000,6557
887833432,I2_2,20000,15036
136398015,I2_1,10000,5488
81423407,I2_2,20000,17821
740419987,I2_1,10000,7423
343608206,I2_2,20000,18833
718325645,I2_1,10000,4831
106352932,I2_1,10000,6408
986834455,I2_2,20000,19271
601709118,I2_2,20000,17589
900013522,I2_2,20000,15584
120415251,I2_2,20000,16588
78405776,I2_1,10000,7508
200191387,I2_2,20000,14350
631948471,I2_1,10000,6348
953593472,I2_2,20000,15732
516363334,I2_1,10000,6383
686159137,I2_2,20000,19454
479854848,I2_1,10000,5232
495671352,I2_2,20000,16284
878441441,I2_1,10000,7814
153948242,I2_2,20000,19436
203542031,I2_2,20000,21569
918499123,I2_1,10000,8458
288253793,I2_1,10000,8373
256012228,I2_1,10000,6288
562750611,I2_2,20000,18408
620829956,I2_2,20000,20503
148941043,I2_2,20000,21722
127785188,I2_2,20000,9418
545315037,I2_1,10000,3462
387880669,I2_2,20000,5682
541631519,I2_2,20000,5804
532602749,I2_2,20000,5351
739033739,I2_2,20000,6455
531981027,I2_1,10000,3410
820035394,I2_1,10000,3480
334965007,I2_1,10000,5393
672178780,I2_2,20000,4546
675751773,I2_1,10000,4979
250797355,I2_1,10000,2979
322474116,I2_1,10000,2565
831092767,I2_1,10000,3738
520336282,I2_1,10000,2609
272351046,I2_2,20000,4590
256634710,I2_2,20000,6686
227453380,I2_2,20000,4650
238517903,I2_2,20000,5434
780651378,I2_1,10000,3699
531279674,I2_2,20000,4608
968995474,I2_2,20000,6396
844270311,I2_1,10000,4376
159926731,I2_2,20000,6455
895713497,I2_1,10000,2621
559323030,I2_2,20000,5144
336005893,I2_2,20000,4805
792085100,I2_2,20000,6977
909615945,I2_2,20000,5445
861586919,I2_2,20000,4574
995550427,I2_2,20000,5606
251723368,I2_1,10000,4012
293546971,I2_1,10000,2868
204324842,I2_1,10000,4046
696487555,I2_1,10000,3399
187356247,I2_2,20000,5800
92291577,I2_1,10000,2658
327994344,I2_2,20000,5306
765939507,I2_2,20000,4691
240074246,I2_2,20000,5385
3490002,I2_1,10000,5752
683663521,I2_1,10000,4978
634120189,I2_1,10000,6933
283323705,I2_2,20000,10772
971632263,I2_2,20000,6260
656766151,I2_1,10000,5766
891345822,I2_1,10000,5519
499821347,I2_1,10000,5367
644268358,I2_2,20000,8634
81478329,I2_1,10000,5459
651206049,I2_1,10000,4336
152280436,I2_2,20000,11116
256446896,I2_2,20000,13295
402975985,I2_1,10000,4079
787646897,I2_2,20000,4668
812252767,I2_1,10000,5308
161811889,I2_1,10000,4477
284026784,I2_2,20000,5463
986825678,I2_2,20000,7224
70021744,I2_2,20000,7173
146290462,I2_1,10000,4526
339452315,I2_1,10000,3916
746176606,I2_2,20000,7782
778413334,I2_1,10000,4856
470675534,I2_1,10000,4272
450584091,I2_2,20000,7714
32265754,I2_2,20000,4760
257873952,I2_2,20000,5412
781445722,I2_1,10000,4817
431669351,I2_2,20000,6894
830988470,I2_1,10000,4060
437548539,I2_1,10000,5082
46009845,I2_2,20000,9828
932923714,I2_1,10000,2896
804768365,I2_1,10000,2716
382173701,I2_1,10000,3785
550614329,I2_1,10000,3075
298968113,I2_2,20000,4753
661873376,I2_2,20000,5061
923691863,I2_1,10000,2757
30403492,I2_1,10000,3908
500341376,I2_2,20000,5228
313820619,I2_1,10000,4550
457652599,I2_1,10000,2989
279355463,I2_1,10000,2675
387884622,I2_1,10000,2866
311946870,I2_1,10000,2980
147703022,I2_1,10000,2800
910245242,I2_2,20000,5707
699510296,I2_2,20000,5689
149900179,I2_1,10000,4503
74946384,I2_2,20000,5528
224932068,I2_1,10000,3728
980367103,I2_2,20000,5260
211764086,I2_2,20000,5208
304925955,I2_1,10000,5458
43599589,I2_2,20000,8408
44697093,I2_1,10000,4805
195080621,I2_2,20000,8777
435068027,I2_1,10000,3241
846175773,I2_1,10000,4291
265685722,I2_1,10000,5820
689320359,I2_1,10000,6409
987045736,I2_1,10000,6385
677990287,I2_2,20000,7220
760497763,I2_1,10000,6508
344708617,I2_1,10000,5543
176124801,I2_2,20000,8896
924132878,I2_2,20000,6615
511806718,I2_2,20000,8136
274903599,I2_2,20000,8565
229612518,I2_1,10000,4908
270446790,I2_2,20000,11192
355677914,I2_1,10000,5264
641523310,I2_2,20000,11943
49142419,I2_2,20000,4719
116744541,I2_1,10000,3058
909636795,I2_1,10000,5179
701934760,I2_2,20000,7781
568176573,I2_2,20000,7727
572299216,I2_1,10000,4484
264263195,I2_2,20000,9167
307579855,I2_1,10000,3008
915512081,I2_1,10000,3774
939268389,I2_2,20000,4704
638504527,I2_1,10000,4121
738680287,I2_1,10000,3038
957497298,I2_1,10000,4659
874139317,I2_2,20000,5571
609514853,I2_2,20000,7700
946680249,I2_2,20000,8645
17122456,I2_1,10000,5849
663983948,I2_1,10000,4311
985752679,I2_2,20000,8089
532071758,I2_1,10000,5377
981157371,I2_2,20000,6286
907633369,I2_1,10000,5068
542511350,I2_2,20000,6669
285641186,I2_2,20000,6701
596652305,I2_1,10000,5982
181950482,I2_1,10000,4363
77906787,I2_1,10000,5170
929842093,I2_2,20000,7508
846097909,I2_2,20000,5832
742181531,I2_1,10000,3029
328818315,I2_1,10000,4590
88902780,I2_2,20000,5278
739951457,I2_1,10000,2907
54126961,I2_2,20000,5477
150990113,I2_1,10000,3762
1423834,I2_1,10000,2997
759314627,I2_1,10000,3803
727872486,I2_2,20000,6416
537998444,I2_1,10000,2981
798686961,I2_2,20000,4797
366924241,I2_2,20000,5909
665256074,I2_2,20000,5102
199722931,I2_1,10000,4355
152875170,I2_2,20000,7035
819578435,I2_1,10000,3984
9181728,I2_2,20000,6605
605398671,I2_2,20000,5543
666210205,I2_1,10000,5099
620725868,I2_1,10000,6186
344701433,I2_1,10000,4284
932522548,I2_1,10000,5347
537479062,I2_2,20000,4774
102712981,I2_1,10000,3043
668658703,I2_2,20000,4783
984387955,I2_1,10000,4196
381901617,I2_1,10000,3408
597283090,I2_2,20000,5718
603997768,I2_1,10000,3032
619385137,I2_1,10000,3777
344219318,I2_2,20000,4768
686807371,I2_2,20000,4711
383438213,I2_2,20000,5554
292689392,I2_2,20000,5718
187696795,I2_1,10000,4105
862414382,I2_1,10000,4014
706007757,I2_1,10000,3867
450620256,I2_2,20000,8842
3704620,I2_2,20000,9123
95353128,I2_2,20000,8755
694545066,I2_2,20000,6863
521788227,I2_1,10000,5335
154930215,I2_2,20000,5892
798403683,I2_1,10000,4645
901454664,I2_1,10000,3858
335398680,I2_1,10000,4646
223000361,I2_2,20000,7332
505548064,I2_2,20000,5022
355033839,I2_2,20000,5652
212621624,I2_2,20000,6585
985987543,I2_2,20000,8993
565514503,I2_2,20000,8998
276588482,I2_2,20000,5984
977378874,I2_2,20000,5898
169844596,I2_1,10000,3358
425152880,I2_2,20000,4807
791493289,I2_1,10000,4070
777983983,I2_2,20000,6262
690092371,I2_2,20000,7270
136584356,I2_2,20000,8238
758195586,I2_2,20000,8883
163336123,I2_2,20000,10372
233895805,I2_2,20000,11380
783600591,I2_1,10000,5355
295730481,I2_2,20000,13095
368286890,I2_2,20000,13477
68360157,I2_1,10000,4222
809279493,I2_2,20000,17137
289944470,I2_2,20000,17086
733430442,I2_2,20000,16907
845093194,I2_2,20000,17775
584279813,I2_2,20000,9859
933190150,I2_2,20000,11005
501437298,I2_1,10000,4276
154141648,I2_2,20000,7894
414164268,I2_1,10000,3757
178376300,I2_2,20000,10598
366068310,I2_2,20000,12169
651396939,I2_1,10000,4250
966751355,I2_2,20000,13576
429840018,I2_2,20000,15554
286539252,I2_2,20000,10502
110666658,I2_2,20000,9468
547781166,I2_2,20000,10749
834509960,I2_1,10000,2771
712838595,I2_1,10000,2977
434717896,I2_2,20000,4712
345020098,I2_1,10000,4092
236069900,I2_2,20000,6707
610580423,I2_2,20000,8704
207631616,I2_1,10000,5115
373103636,I2_1,10000,5486
273997946,I2_1,10000,4822
911537586,I2_2,20000,10634
899612315,I2_2,20000,12860
703030813,I2_1,10000,3833
179992792,I2_1,10000,4925
885214708,I2_2,20000,11872
604462832,I2_1,10000,4544
566974083,I2_2,20000,11400
941997345,I2_1,10000,2913
37041299,I2_1,10000,3962
342162984,I2_1,10000,2930
54933527,I2_2,20000,4589
855828025,I2_2,20000,4505
503804305,I2_1,10000,2616
974900097,I2_1,10000,2775
800931650,I2_1,10000,2652
710932089,I2_2,20000,4903
553014711,I2_2,20000,6941
279151899,I2_2,20000,4725
556039122,I2_2,20000,4687
186792160,I2_2,20000,5611
182099236,I2_2,20000,7752
105336750,I2_2,20000,5639
254914542,I2_2,20000,6631
672104747,I2_2,20000,5572
588563726,I2_2,20000,4780
142991803,I2_1,10000,3103
251784622,I2_1,10000,4255
816999333,I2_1,10000,3570
142138635,I2_2,20000,6440
885733063,I2_1,10000,5097
804747765,I2_1,10000,5133
150387762,I2_1,10000,3840
663217668,I2_1,10000,2749
598203508,I2_2,20000,4742
924448610,I2_2,20000,5762
483492841,I2_2,20000,4752
685570987,I2_1,10000,4133
371062747,I2_1,10000,2848
795342074,I2_1,10000,3214
398196643,I2_2,20000,5779
89264160,I2_1,10000,5992
731221918,I2_2,20000,6483
142000233,I2_2,20000,7234
581796117,I2_2,20000,6544
774612092,I2_2,20000,5958
179249390,I2_1,10000,5408
36856766,I2_1,10000,7083
973247269,I2_1,10000,7539
465922803,I2_2,20000,5143
73865619,I2_2,20000,6116
522224569,I2_1,10000,4456
95650598,I2_2,20000,6516
218583384,I2_2,20000,5491
852925630,I2_1,10000,3573
910249182,I2_2,20000,5423
200155635,I2_2,20000,6182
502080062,I2_1,10000,2776
560277337,I2_2,20000,4719
188861720,I2_2,20000,5167
281140968,I2_1,10000,3442
870337178,I2_2,20000,8611
531822117,I2_1,10000,3069
466900568,I2_1,10000,3221
239012627,I2_1,10000,2723
878846373,I2_2,20000,5422
740837920,I2_1,10000,4664
728322699,I2_1,10000,5205
515645356,I2_1,10000,4115
373343092,I2_2,20000,8858
455646324,I2_1,10000,5354
135191752,I2_1,10000,4091
425366372,I2_1,10000,2687
897671332,I2_1,10000,2722
122241677,I2_1,10000,3019
400428252,I2_2,20000,4769
842102772,I2_2,20000,5679
536681974,I2_1,10000,2848
104057509,I2_1,10000,4444
185472663,I2_2,20000,5592
106938982,I2_2,20000,5451
326616775,I2_2,20000,5998
250160582,I2_2,20000,4909
540998356,I2_1,10000,2725
347372080,I2_2,20000,5411
736297770,I2_1,10000,3227
494668179,I2_1,10000,4341
568439825,I2_2,20000,7183
63144547,I2_1,10000,6077
589383090,I2_1,10000,7765
435172801,I2_1,10000,6563
156948078,I2_1,10000,6559
449323905,I2_2,20000,11451
649059176,I2_1,10000,4422
744358077,I2_1,10000,4229
264781826,I2_2,20000,7249
854400918,I2_1,10000,3675
573158667,I2_2,20000,5430
295498593,I2_1,10000,3044
116489776,I2_1,10000,4204
795871932,I2_1,10000,4159
556110788,I2_2,20000,4802
730516052,I2_1,10000,2957
275042563,I2_2,20000,6601
79985272,I2_2,20000,5200
289271997,I2_2,20000,4795
211573224,I2_1,10000,3578
155538123,I2_2,20000,4812
512575331,I2_1,10000,5169
507303408,I2_1,10000,2749
796489993,I2_2,20000,5156
353017552,I2_1,10000,3022
215730379,I2_1,10000,3999
836868659,I2_2,20000,7264
29333768,I2_2,20000,4794
873288165,I2_2,20000,6791
973015647,I2_2,20000,4745
605401954,I2_2,20000,5019
376165597,I2_1,10000,3992
751972991,I2_2,20000,7465
560010677,I2_2,20000,4720
833569992,I2_2,20000,4833
595642428,I2_1,10000,2750
923795950,I2_2,20000,5057
510072566,I2_1,10000,3947
472827754,I2_2,20000,6664
325983007,I2_1,10000,4991
265666218,I2_2,20000,5701
664635832,I2_2,20000,4981
746731142,I2_1,10000,4133
862525468,I2_1,10000,3917
990534680,I2_1,10000,4881
21419443,I2_2,20000,4762
163867441,I2_1,10000,2979
28654362,I2_2,20000,6635
290309797,I2_2,20000,4900
599165557,I2_2,20000,4736
659932604,I2_1,10000,3783
971409785,I2_1,10000,4923
156828444,I2_1,10000,3875
281177907,I2_1,10000,2761
584814979,I2_2,20000,4748
841257801,I2_1,10000,4998
190773094,I2_1,10000,3292
416192374,I2_1,10000,2862
804524066,I2_2,20000,4724
786279864,I2_2,20000,5021
999842591,I2_2,20000,5353
273032658,I2_2,20000,5783
371104062,I2_1,10000,5033
361064144,I2_1,10000,4006
414798317,I2_2,20000,9156
26861459,I2_1,10000,3663
358029830,I2_1,10000,3046
934002579,I2_1,10000,5793
810222596,I2_1,10000,5721
573301783,I2_2,20000,7970
573561930,I2_1,10000,4656
490101004,I2_1,10000,4117
523152575,I2_2,20000,10509
5974980,I2_2,20000,12727
784461445,I2_1,10000,5435
295808880,I2_2,20000,14450
556807350,I2_2,20000,14122
956059095,I2_2,20000,15487
221959909,I2_1,10000,7217
29895167,I2_2,20000,12372
962724362,I2_2,20000,4833
518872230,I2_2,20000,5826
10114698,I2_1,10000,3112
171544406,I2_1,10000,4120
514139388,I2_2,20000,9828
676419972,I2_1,10000,3327
327992488,I2_2,20000,4683
564945306,I2_1,10000,2770
776673292,I2_1,10000,2668
460188712,I2_1,10000,2813
45154959,I2_1,10000,2801
40010593,I2_1,10000,4004
314478313,I2_2,20000,5373
960448341,I2_1,10000,3756
585386739,I2_2,20000,6886
471130649,I2_2,20000,7159
299987459,I2_1,10000,4913
902011537,I2_2,20000,5224
98945222,I2_2,20000,5409
805551817,I2_1,10000,3234
60590205,I2_1,10000,5090
471921957,I2_2,20000,4692
919214099,I2_2,20000,5101
917663196,I2_2,20000,5745
784813351,I2_1,10000,3580
333109566,I2_1,10000,2911
751459722,I2_1,10000,3107
414042973,I2_2,20000,5304
80034200,I2_1,10000,4679
668079067,I2_1,10000,4744
428570709,I2_2,20000,4785
928244831,I2_1,10000,3188
706480659,I2_1,10000,3127
440073907,I2_2,20000,4789
937141178,I2_2,20000,6844
400327146,I2_1,10000,3469
107541671,I2_2,20000,4936
642087347,I2_1,10000,4317
373519665,I2_2,20000,4832
696789208,I2_2,20000,7079
205104374,I2_1,10000,3193
416738217,I2_2,20000,5392
469575041,I2_1,10000,4760
465941877,I2_2,20000,5481
493769165,I2_2,20000,7565
674882599,I2_1,10000,2993
818009050,I2_1,10000,3809
448571300,I2_2,20000,5220
283369164,I2_1,10000,3832
12961066,I2_2,20000,5703
350094849,I2_2,20000,6378
543547669,I2_1,10000,5566
722834150,I2_1,10000,4921
204374739,I2_2,20000,5585
147131154,I2_1,10000,5396
870319466,I2_2,20000,7562
101292496,I2_1,10000,3891
755371158,I2_2,20000,4843
124498596,I2_1,10000,3117
587541868,I2_1,10000,4256
112417080,I2_2,20000,6292
400125014,I2_2,20000,6217
719537008,I2_2,20000,6058
779427372,I2_1,10000,5429
61043424,I2_1,10000,2857
534251178,I2_1,10000,2773
13180798,I2_1,10000,3260
276787718,I2_2,20000,5531
190513136,I2_1,10000,4529
227129143,I2_2,20000,6155
309575843,I2_2,20000,5484
258077402,I2_2,20000,5964
308975772,I2_1,10000,4238
40403171,I2_2,20000,9484
216791230,I2_2,20000,10824
916721003,I2_2,20000,10814
759760425,I2_2,20000,4654
707198107,I2_1,10000,4156
193835699,I2_1,10000,4405
94608988,I2_1,10000,3209
371449376,I2_2,20000,6448
99135443,I2_2,20000,8815
91039222,I2_1,10000,6255
715263347,I2_1,10000,6832
614649070,I2_1,10000,4688
125966382,I2_1,10000,5844
644647487,I2_1,10000,6156
125382884,I2_1,10000,5524
659966558,I2_2,20000,11292
226068267,I2_1,10000,3838
585862437,I2_2,20000,9401
291151347,I2_1,10000,4186
525148844,I2_2,20000,9755
648976528,I2_2,20000,10675
232575547,I2_2,20000,11069
205202281,I2_2,20000,13685
718622284,I2_1,10000,5870
288422425,I2_1,10000,4243
243954640,I2_2,20000,15925
964972192,I2_2,20000,14742
291116498,I2_2,20000,9573
574969447,I2_2,20000,9200
511113901,I2_1,10000,3508
136952274,I2_2,20000,6195
785911503,I2_1,10000,2628
425633264,I2_1,10000,3754
301092909,I2_1,10000,2669
868747745,I2_2,20000,4701
861595202,I2_2,20000,4783
437330118,I2_2,20000,5372
927937771,I2_1,10000,5816
238870928,I2_2,20000,6967
500014621,I2_2,20000,9076
373793138,I2_2,20000,9692
955192227,I2_2,20000,4894
302853498,I2_2,20000,4812
863094277,I2_1,10000,4157
411176669,I2_1,10000,3398
669262804,I2_1,10000,2711
76962303,I2_2,20000,5213
128718323,I2_2,20000,5641
247289577,I2_1,10000,4010
606056396,I2_1,10000,4002
902861052,I2_2,20000,4698
364920345,I2_2,20000,5892
744420147,I2_1,10000,3035
257562395,I2_1,10000,4085
400430392,I2_1,10000,4393
706596963,I2_2,20000,8531
940889515,I2_1,10000,3309
717343688,I2_1,10000,4405
929691916,I2_1,10000,2627
86032297,I2_1,10000,2668
309538885,I2_2,20000,6806
523524709,I2_2,20000,5643
552723226,I2_1,10000,4954
688862750,I2_1,10000,5522
798978292,I2_2,20000,9408
963115665,I2_2,20000,7970
704229267,I2_1,10000,5157
390951685,I2_1,10000,2678
159126542,I2_1,10000,2742
891500549,I2_2,20000,4787
123384474,I2_1,10000,2729
180670121,I2_2,20000,5762
421701891,I2_1,10000,3683
572417715,I2_2,20000,4744
708956861,I2_2,20000,5697
581864914,I2_2,20000,5097
185280031,I2_1,10000,3612
189760368,I2_2,20000,6786
995672203,I2_2,20000,6062
694577558,I2_1,10000,5955
739939371,I2_1,10000,5380
65667434,I2_1,10000,5744
372555147,I2_1,10000,6310
307150426,I2_2,20000,11301
267541104,I2_2,20000,5194
672938663,I2_2,20000,4674
159462661,I2_2,20000,5632
242696357,I2_2,20000,4728
763325617,I2_1,10000,3772
208808526,I2_2,20000,5129
191796947,I2_1,10000,5534
414764912,I2_1,10000,3117
562170557,I2_2,20000,4580
893188988,I2_1,10000,3082
970079727,I2_1,10000,2713
50356507,I2_2,20000,5188
354938568,I2_1,10000,3549
187894687,I2_1,10000,3011
19014281,I2_1,10000,2666
318818546,I2_1,10000,2622
225092735,I2_1,10000,3121
442553720,I2_2,20000,4650
188025086,I2_1,10000,5236
657854919,I2_2,20000,5604
923088710,I2_1,10000,3126
504282667,I2_1,10000,4416
160562800,I2_2,20000,7217
747710166,I2_1,10000,5327
882320358,I2_1,10000,4095
175441351,I2_2,20000,6714
271722151,I2_2,20000,5440
423314722,I2_1,10000,3843
710084835,I2_2,20000,5965
599989721,I2_2,20000,7830
171662069,I2_2,20000,5299
329025340,I2_1,10000,5877
895503733,I2_1,10000,5263
906701808,I2_2,20000,6969
96496136,I2_2,20000,6858
833712854,I2_2,20000,4861
389772238,I2_1,10000,3815
970062625,I2_2,20000,5200
354827261,I2_2,20000,5725
620762835,I2_2,20000,7829
209995895,I2_1,10000,6160
341348453,I2_1,10000,4581
986160140,I2_2,20000,9045
914569141,I2_2,20000,7431
703382064,I2_2,20000,5730
354583028,I2_1,10000,3095
945161682,I2_2,20000,5340
26854591,I2_1,10000,5127
196059447,I2_1,10000,6203
998771514,I2_2,20000,8944
382416124,I2_2,20000,5816
131335970,I2_1,10000,4720
820500617,I2_1,10000,4688
114523957,I2_2,20000,8159
563651791,I2_1,10000,5261
219633190,I2_1,10000,4614
667176555,I2_2,20000,9674
63808379,I2_1,10000,5527
184456205,I2_2,20000,9902
621165918,I2_2,20000,5536
256957920,I2_2,20000,4780
886326837,I2_1,10000,4206
973763898,I2_2,20000,6453
672350009,I2_2,20000,5616
416437743,I2_1,10000,5032
29799954,I2_2,20000,4837
772541607,I2_1,10000,2831
432805038,I2_2,20000,5159
965447910,I2_2,20000,6741
350489947,I2_1,10000,2819
257103282,I2_1,10000,3754
849283236,I2_1,10000,4399
367541563,I2_1,10000,4809
357410308,I2_2,20000,6957
970192333,I2_2,20000,8538
527056275,I2_2,20000,8334
500214490,I2_2,20000,5016
372844817,I2_1,10000,3357
97022817,I2_2,20000,7905
82054449,I2_2,20000,5088
222157334,I2_2,20000,7382
832079321,I2_1,10000,3310
361334210,I2_1,10000,4442
689988077,I2_1,10000,3718
921000834,I2_2,20000,5984
689530022,I2_1,10000,3648
228334413,I2_2,20000,6521
263471913,I2_1,10000,3389
660836003,I2_2,20000,6727
356058315,I2_1,10000,5540
696279824,I2_1,10000,5585
223040651,I2_2,20000,8900
927489828,I2_1,10000,4448
640362764,I2_2,20000,11271
809669993,I2_1,10000,5059
963901146,I2_2,20000,14452
236814518,I2_2,20000,12685
700212040,I2_1,10000,5526
687271812,I2_2,20000,16030
904244174,I2_2,20000,16741
261017710,I2_1,10000,7065
956824150,I2_2,20000,16638
566378766,I2_2,20000,17186
687337414,I2_2,20000,11674
361415282,I2_2,20000,12697
940417014,I2_1,10000,6608
830605691,I2_2,20000,11510
388596168,I2_1,10000,3944
294532154,I2_2,20000,14366
932379400,I2_2,20000,15361
125899909,I2_1,10000,5089
589894846,I2_1,10000,4871
876761898,I2_1,10000,6503
913318229,I2_2,20000,19628
516935309,I2_2,20000,21714
242594644,I2_2,20000,16793
986443267,I2_2,20000,17929
940613212,I2_2,20000,17207
906567556,I2_2,20000,19427
184053978,I2_1,10000,11522
269629781,I2_1,10000,7418
927091428,I2_2,20000,15137
246328578,I2_1,10000,4916
685475987,I2_2,20000,17113
221638556,I2_1,10000,8235
872809181,I2_1,10000,8159
480100631,I2_2,20000,18709
956511389,I2_2,20000,19631
622232358,I2_1,10000,6925
597510817,I2_2,20000,19136
499774482,I2_1,10000,5815
628165600,I2_2,20000,15440
881528359,I2_1,10000,5269
552552333,I2_2,20000,15604
913649973,I2_2,20000,8072
554366647,I2_1,10000,2677
901822916,I2_1,10000,3576
996085754,I2_1,10000,2949
191203447,I2_2,20000,5116
447796861,I2_2,20000,4890
197365915,I2_1,10000,5337
207195628,I2_1,10000,4254
811256075,I2_1,10000,3950
626931335,I2_1,10000,4542
63404131,I2_2,20000,8006
743080767,I2_1,10000,2825
133550516,I2_2,20000,5010
229839340,I2_2,20000,7045
700864273,I2_2,20000,9116
988995802,I2_1,10000,2738
226614133,I2_1,10000,2718
104064992,I2_2,20000,5702
288356676,I2_1,10000,6262
99308342,I2_1,10000,4444
786718044,I2_2,20000,7784
625764327,I2_1,10000,4985
325696469,I2_2,20000,9847
353260881,I2_2,20000,5206
418969632,I2_1,10000,4016
772106052,I2_1,10000,4262
427287197,I2_2,20000,6550
175446580,I2_2,20000,5422
662210729,I2_2,20000,5585
987790799,I2_1,10000,5046
368794609,I2_1,10000,2690
285740142,I2_2,20000,4783
47576722,I2_2,20000,4931
390908723,I2_1,10000,3549
555515408,I2_2,20000,5684
290920620,I2_2,20000,6571
922125894,I2_2,20000,7696
177436576,I2_2,20000,7195
393560575,I2_1,10000,5655
14061353,I2_1,10000,5536
722853706,I2_1,10000,4379
775560458,I2_2,20000,4863
124512424,I2_2,20000,5136
768611530,I2_2,20000,4767
751523120,I2_1,10000,3119
536399056,I2_1,10000,4689
223219380,I2_2,20000,7003
192162725,I2_2,20000,4695
16305431,I2_2,20000,5638
493166771,I2_1,10000,2916
652418942,I2_1,10000,4688
6016714,I2_2,20000,4862
361768518,I2_1,10000,3402
55410406,I2_2,20000,7486
331452008,I2_2,20000,7256
98766836,I2_1,10000,4792
237480603,I2_1,10000,6378
164709343,I2_2,20000,10559
121543561,I2_2,20000,12852
652977201,I2_2,20000,5112
675278539,I2_1,10000,4413
844094387,I2_1,10000,5954
448739263,I2_1,10000,6545
835458775,I2_2,20000,9836
57387147,I2_1,10000,4943
252532893,I2_1,10000,5428
675657413,I2_2,20000,8776
493522264,I2_1,10000,3300
129717304,I2_1,10000,4380
217070532,I2_1,10000,4316
95525202,I2_2,20000,9070
7908630,I2_2,20000,5599
886142671,I2_1,10000,4547
116433480,I2_1,10000,4450
475324491,I2_1,10000,2939
864541806,I2_2,20000,5639
780461176,I2_1,10000,5054
78717935,I2_1,10000,4910
812404925,I2_2,20000,10349
847199419,I2_1,10000,5389
553053276,I2_1,10000,5335
343578139,I2_1,10000,4268
453790313,I2_2,20000,12482
671278227,I2_1,10000,5999
955330216,I2_1,10000,4806
306763165,I2_2,20000,4918
200065781,I2_2,20000,5237
964809959,I2_1,10000,4527
354836265,I2_2,20000,5708
683887660,I2_1,10000,2716
944332155,I2_2,20000,4777
663905764,I2_1,10000,5423
946721919,I2_1,10000,5469
194593206,I2_1,10000,2745
374156773,I2_2,20000,4782
618347980,I2_1,10000,5298
942796311,I2_1,10000,5677
464457754,I2_2,20000,6368
525631376,I2_1,10000,5096
193051415,I2_1,10000,6171
236624735,I2_1,10000,3262
856620234,I2_2,20000,5770
384302903,I2_1,10000,5154
364941889,I2_1,10000,6718
237192797,I2_1,10000,7301
667564345,I2_1,10000,6065
412160272,I2_2,20000,8817
594146827,I2_1,10000,3006
706917373,I2_1,10000,3666
107819327,I2_2,20000,4829
30213572,I2_1,10000,2881
138742761,I2_1,10000,2953
770726138,I2_2,20000,5265
910166925,I2_1,10000,3518
968284902,I2_2,20000,5584
751321526,I2_1,10000,4278
994347621,I2_1,10000,3878
114599771,I2_2,20000,9274
406405715,I2_1,10000,5868
326936894,I2_1,10000,5427
636095080,I2_2,20000,10423
741918990,I2_1,10000,4840
717443553,I2_2,20000,11405
252536616,I2_1,10000,3778
390855345,I2_2,20000,8828
205903476,I2_2,20000,5222
967529340,I2_1,10000,4454
509957261,I2_2,20000,6559
576967794,I2_1,10000,4318
273632815,I2_2,20000,7563
859948340,I2_1,10000,4907
868867646,I2_1,10000,3604
760504631,I2_1,10000,2704
583760973,I2_1,10000,3312
151794580,I2_2,20000,5422
732847007,I2_2,20000,5067
210151249,I2_2,20000,5952
817664516,I2_2,20000,4964
662206179,I2_1,10000,5291
774459440,I2_1,10000,4629
820999889,I2_2,20000,9220
588654528,I2_1,10000,4037
236380838,I2_2,20000,9614
716424835,I2_1,10000,4471
734145330,I2_1,10000,5086
987528137,I2_1,10000,6630
603818932,I2_2,20000,13022
694581113,I2_2,20000,10871
310677058,I2_2,20000,11696
414185695,I2_2,20000,12105
436902910,I2_2,20000,14218
205867638,I2_2,20000,15194
74919519,I2_2,20000,15802
227706367,I2_2,20000,13091
932817827,I2_1,10000,5287
620879352,I2_1,10000,6932
658385515,I2_1,10000,6751
213953319,I2_1,10000,6695
618943597,I2_1,10000,5148
960899168,I2_1,10000,2696
798676793,I2_2,20000,5068
210210983,I2_1,10000,2968
813973874,I2_1,10000,3206
523245879,I2_2,20000,5407
109241299,I2_1,10000,3081
283480276,I2_1,10000,3254
501523421,I2_1,10000,2806
633010897,I2_1,10000,2818
539898000,I2_1,10000,2854
382171012,I2_1,10000,3968
83337383,I2_1,10000,2741
774112730,I2_1,10000,3062
919224653,I2_2,20000,5725
597655356,I2_1,10000,5095
607618371,I2_1,10000,6682
787723445,I2_2,20000,7171
38335453,I2_2,20000,7468
604877704,I2_1,10000,3074
807439885,I2_2,20000,4860
134812371,I2_1,10000,3092
702101717,I2_1,10000,3241
978975764,I2_1,10000,2721
483725556,I2_2,20000,5409
886709797,I2_2,20000,5538
683786098,I2_1,10000,4660
135735421,I2_2,20000,8294
550532354,I2_1,10000,3341
604561626,I2_2,20000,5427
353911229,I2_1,10000,3364
948597247,I2_2,20000,5796
402001970,I2_1,10000,2707
361837903,I2_2,20000,5934
300231262,I2_1,10000,4908
816485652,I2_2,20000,8555
115592333,I2_1,10000,5217
603398699,I2_2,20000,11278
465156033,I2_2,20000,10071
762739752,I2_1,10000,4118
143505056,I2_2,20000,11454
388917559,I2_2,20000,13552
883568498,I2_1,10000,2686
894041001,I2_2,20000,13031
367657823,I2_1,10000,4079
611196893,I2_1,10000,3156
25048468,I2_2,20000,4837
781291456,I2_1,10000,3184
671239665,I2_1,10000,4267
106610125,I2_1,10000,3717
693736193,I2_2,20000,5699
24901065,I2_2,20000,5789
708761761,I2_2,20000,4825
529581175,I2_2,20000,4730
996477924,I2_2,20000,5304
969429755,I2_1,10000,3664
120102912,I2_1,10000,2983
400545927,I2_2,20000,7617
285545483,I2_2,20000,5055
616830125,I2_1,10000,3361
137762107,I2_1,10000,2896
85492406,I2_1,10000,3241
228525678,I2_2,20000,5879
920166203,I2_2,20000,6994
352644038,I2_1,10000,4520
348465065,I2_2,20000,10141
726329906,I2_1,10000,5056
412622768,I2_2,20000,5647
864386167,I2_2,20000,6204
687216434,I2_2,20000,5857
403628658,I2_1,10000,6306
900722685,I2_1,10000,6830
880772336,I2_2,20000,9049
872072439,I2_1,10000,4048
21156752,I2_2,20000,6280
826766946,I2_2,20000,4855
950793124,I2_1,10000,3158
719132542,I2_2,20000,4827
665954111,I2_2,20000,7040
340190105,I2_1,10000,3425
257932340,I2_1,10000,4488
546146828,I2_1,10000,5183
400945671,I2_2,20000,6649
151825529,I2_2,20000,7327
533957145,I2_2,20000,8196
85792693,I2_1,10000,5629
425324070,I2_1,10000,4101
227321180,I2_1,10000,3734
173060895,I2_1,10000,2815
251401240,I2_1,10000,2899
840204568,I2_2,20000,5285
58334456,I2_2,20000,5349
809761667,I2_1,10000,4743
268958105,I2_2,20000,6862
891055022,I2_2,20000,7789
721362184,I2_1,10000,3720
542791609,I2_2,20000,10703
192499716,I2_1,10000,4133
711886046,I2_2,20000,4904
686763575,I2_2,20000,5277
895477326,I2_2,20000,6851
2284803,I2_2,20000,5870
177656856,I2_1,10000,3030
783532709,I2_1,10000,3357
270246106,I2_1,10000,3228
770393950,I2_1,10000,5909
595697885,I2_2,20000,8905
19492618,I2_1,10000,7535
1757651,I2_1,10000,8133
192117762,I2_2,20000,9878
613077630,I2_1,10000,8610
818120909,I2_1,10000,9137
135539289,I2_1,10000,10029
190767277,I2_1,10000,9792
865382065,I2_1,10000,3131
566060663,I2_2,20000,6249
954157417,I2_1,10000,3740
537595567,I2_1,10000,4209
356204434,I2_1,10000,4819
155273539,I2_2,20000,8647
384739169,I2_2,20000,6818
618268030,I2_1,10000,4286
117260879,I2_2,20000,8328
33497517,I2_1,10000,3957
76420389,I2_2,20000,11096
294472182,I2_1,10000,5201
444095002,I2_1,10000,5272
56665749,I2_1,10000,4014
999513432,I2_2,20000,12411
137887778,I2_2,20000,9451
143784992,I2_1,10000,5343
763947563,I2_2,20000,12118
590764542,I2_2,20000,15151
67820825,I2_1,10000,4785
998625441,I2_1,10000,4279
714862621,I2_2,20000,16126
423138731,I2_2,20000,16518
365222550,I2_2,20000,17092
305059818,I2_1,10000,7149
959768725,I2_2,20000,5074
419938100,I2_2,20000,5814
474101979,I2_1,10000,4181
959893195,I2_1,10000,4100
412615854,I2_2,20000,5994
161589487,I2_2,20000,4818
90340727,I2_2,20000,7578
200193263,I2_2,20000,5939
382835853,I2_1,10000,5460
528622983,I2_2,20000,8112
168683412,I2_1,10000,4807
141802667,I2_2,20000,9526
876971011,I2_2,20000,4708
14114343,I2_1,10000,2685
42578907,I2_2,20000,4719
160097996,I2_1,10000,3050
227368528,I2_2,20000,7695
986100224,I2_2,20000,4756
985827210,I2_2,20000,5675
883516564,I2_2,20000,5870
896527183,I2_1,10000,5092
2013234,I2_1,10000,3443
761023538,I2_2,20000,7970
557120549,I2_2,20000,6709
227901640,I2_1,10000,5526
568735989,I2_1,10000,4885
647421079,I2_1,10000,5007
721475945,I2_1,10000,4489
696459218,I2_2,20000,8252
943754674,I2_2,20000,9362
620225426,I2_2,20000,9145
861925645,I2_2,20000,10769
764960004,I2_1,10000,4908
28826722,I2_1,10000,3077
682967865,I2_2,20000,13829
273998272,I2_2,20000,15420
181644210,I2_2,20000,11062
700376025,I2_2,20000,4847
958168087,I2_2,20000,4693
843642937,I2_2,20000,4759
162633819,I2_1,10000,3152
997501188,I2_2,20000,5663
6587173,I2_1,10000,3178
714473885,I2_1,10000,3097
474987195,I2_2,20000,4830
572415534,I2_1,10000,2761
751272154,I2_2,20000,4881
757625684,I2_1,10000,2978
946742629,I2_2,20000,4864
902214696,I2_2,20000,4893
192485800,I2_1,10000,3170
495671265,I2_1,10000,4301
292801409,I2_1,10000,6232
477222674,I2_1,10000,6809
703089813,I2_2,20000,9199
780457254,I2_1,10000,4346
68290931,I2_1,10000,4881
39218218,I2_2,20000,12872
96439019,I2_2,20000,8332
175028337,I2_1,10000,2756
447927117,I2_1,10000,2728
583488383,I2_1,10000,2733
832716109,I2_2,20000,5170
149165171,I2_2,20000,5658
949420211,I2_2,20000,5745
853072792,I2_2,20000,7887
816264041,I2_2,20000,5755
40011679,I2_2,20000,4757
720097075,I2_2,20000,5483
556128772,I2_1,10000,3590
77445092,I2_2,20000,7034
656454451,I2_2,20000,5027
422952365,I2_2,20000,5864
751125844,I2_2,20000,4794
947774174,I2_2,20000,4783
710389547,I2_1,10000,3677
901184989,I2_1,10000,2834
794036209,I2_2,20000,5408
707051458,I2_1,10000,3649
431979669,I2_1,10000,2864
357822106,I2_2,20000,5578
239633730,I2_2,20000,5314
120772102,I2_1,10000,5269
509468342,I2_2,20000,5406
398495359,I2_1,10000,5998
3539359,I2_1,10000,3073
471202252,I2_2,20000,7450
270333201,I2_2,20000,8475
731424889,I2_2,20000,10470
358191628,I2_2,20000,10343
434409162,I2_2,20000,10747
933220610,I2_2,20000,8780
161643295,I2_1,10000,4939
274760676,I2_1,10000,4302
563173732,I2_1,10000,3934
115768815,I2_2,20000,12949
526313140,I2_2,20000,12454
470964896,I2_1,10000,5491
199127365,I2_1,10000,5892
144447978,I2_1,10000,6345
679203034,I2_2,20000,19431
496930026,I2_2,20000,20539
227936790,I2_2,20000,17809
965690015,I2_2,20000,17374
58517997,I2_1,10000,6929
158444459,I2_1,10000,4329
115685268,I2_2,20000,14443
387335038,I2_2,20000,16525
665802226,I2_1,10000,6877
676790686,I2_1,10000,8467
117129236,I2_2,20000,18067
853776443,I2_2,20000,19521
611483719,I2_2,20000,17455
32615786,I2_1,10000,6375
623305066,I2_2,20000,11815
130171633,I2_2,20000,11107
607538667,I2_2,20000,11718
22268654,I2_1,10000,4806
638144266,I2_2,20000,13220
973921675,I2_1,10000,5122
801933496,I2_2,20000,15213
690080737,I2_2,20000,15796
241755137,I2_1,10000,5785
8062278,I2_2,20000,14615
426234515,I2_2,20000,10597
909269388,I2_2,20000,9982
458442821,I2_1,10000,5178
585543670,I2_1,10000,4737
266709905,I2_1,10000,5299
944209904,I2_2,20000,11643
922624918,I2_2,20000,12567
139379173,I2_2,20000,12696
961971688,I2_2,20000,13252
802617470,I2_2,20000,9475
721332952,I2_1,10000,5825
160081310,I2_1,10000,7443
653608639,I2_2,20000,6639
719888264,I2_2,20000,4564
783844827,I2_2,20000,4502
866395770,I2_2,20000,4566
819817475,I2_2,20000,6525
926671477,I2_1,10000,4739
314134450,I2_1,10000,4193
273649939,I2_2,20000,10317
308159406,I2_1,10000,4874
576553414,I2_2,20000,12284
580373214,I2_2,20000,10905
319054934,I2_1,10000,5869
824306965,I2_2,20000,14088
841628769,I2_1,10000,4737
625858286,I2_2,20000,12182
619749923,I2_1,10000,3795
396333211,I2_2,20000,13129
416624686,I2_2,20000,7611
254338655,I2_2,20000,9144
443898513,I2_2,20000,5040
603571372,I2_1,10000,2539
804147863,I2_1,10000,2930
436621118,I2_1,10000,4082
117389269,I2_1,10000,3594
799436430,I2_1,10000,3968
467935632,I2_2,20000,5067
687977432,I2_1,10000,4855
463351489,I2_1,10000,2891
908831669,I2_2,20000,4589
571918662,I2_1,10000,3968
530771852,I2_1,10000,5236
507653100,I2_2,20000,6868
900658429,I2_2,20000,5117
660227622,I2_1,10000,5543
412142928,I2_1,10000,5513
497515080,I2_1,10000,3329
268829044,I2_2,20000,8626
55985782,I2_1,10000,4323
892380160,I2_2,20000,12318
166003674,I2_1,10000,4839
232385406,I2_1,10000,3779
924557836,I2_2,20000,11742
617730002,I2_1,10000,5729
593342123,I2_2,20000,15709
604925568,I2_1,10000,6039
683390914,I2_1,10000,5371
401662936,I2_2,20000,5554
581322105,I2_2,20000,4522
904325998,I2_2,20000,4594
208629424,I2_2,20000,5508
302504082,I2_2,20000,5470
163528656,I2_1,10000,2617
38752264,I2_1,10000,3036
999272230,I2_2,20000,5375
315754987,I2_2,20000,4716
762595109,I2_1,10000,2661
691949516,I2_2,20000,5315
573517966,I2_1,10000,3700
795695728,I2_2,20000,5576
192192267,I2_2,20000,7776
323803309,I2_2,20000,4718
564722445,I2_2,20000,4675
390264312,I2_2,20000,5598
700558010,I2_1,10000,5068
135996069,I2_2,20000,5213
154750121,I2_1,10000,3508
56611593,I2_1,10000,2608
649421569,I2_2,20000,4689
558549920,I2_2,20000,4637
298426660,I2_1,10000,2910
301639096,I2_1,10000,4090
700933349,I2_1,10000,3304
224478665,I2_2,20000,7246
988129557,I2_1,10000,4943
917009730,I2_2,20000,6230
963811410,I2_2,20000,5106
486853459,I2_1,10000,4544
365047374,I2_1,10000,5058
691293498,I2_1,10000,6155
38071396,I2_1,10000,4410
450541056,I2_1,10000,4336
758355292,I2_2,20000,10773
680682426,I2_1,10000,5386
917995556,I2_1,10000,4777
184211670,I2_2,20000,12854
552453159,I2_2,20000,14934
721937812,I2_1,10000,5838
395831539,I2_2,20000,15901
249989129,I2_2,20000,10158
216175094,I2_1,10000,3795
171321032,I2_1,10000,2794
568832947,I2_1,10000,2539
879305411,I2_1,10000,3499
590533988,I2_1,10000,2504
720010023,I2_1,10000,3073
821579039,I2_2,20000,4640
435525508,I2_2,20000,6812
283961432,I2_2,20000,4572
494998119,I2_2,20000,4612
374389255,I2_1,10000,2792
968843749,I2_1,10000,3004
591860907,I2_1,10000,3990
162437013,I2_1,10000,2586
185536677,I2_1,10000,2575
434744296,I2_1,10000,3611
547807738,I2_2,20000,5789
951892780,I2_2,20000,6427
46875672,I2_2,20000,8090
772018667,I2_2,20000,8156
64273375,I2_1,10000,6381
999644450,I2_2,20000,11907
327076621,I2_2,20000,10751
894665000,I2_1,10000,6592
85667695,I2_1,10000,5918
102717611,I2_1,10000,5378
833628631,I2_1,10000,6222
874929857,I2_1,10000,5836
350256644,I2_2,20000,5501
869983020,I2_1,10000,6010
478527687,I2_2,20000,6559
702612536,I2_2,20000,6833
782900935,I2_2,20000,4875
404147400,I2_2,20000,4477
96665640,I2_2,20000,4684
336056359,I2_1,10000,2569
88686403,I2_1,10000,3653
497281154,I2_2,20000,5038
693358765,I2_1,10000,2744
214765978,I2_1,10000,2585
604834445,I2_2,20000,4978
256288587,I2_2,20000,4954
967002182,I2_1,10000,4043
899891420,I2_1,10000,4046
51321626,I2_2,20000,8401
816866754,I2_1,10000,6518
189601229,I2_2,20000,7577
648631722,I2_2,20000,7766
326177398,I2_2,20000,7639
898575295,I2_1,10000,4551
321625045,I2_1,10000,4538
984519645,I2_1,10000,3035
436086433,I2_2,20000,4577
154799499,I2_1,10000,2972
725409413,I2_1,10000,3921
159965086,I2_2,20000,6241
282702215,I2_2,20000,6681
506037839,I2_2,20000,8757
427560198,I2_2,20000,6695
485135968,I2_2,20000,8789
542765487,I2_2,20000,9587
590364575,I2_2,20000,8618
113070214,I2_2,20000,8847
481694889,I2_1,10000,4454
973427397,I2_2,20000,6591
868148126,I2_1,10000,4930
380617623,I2_1,10000,4155
170917886,I2_2,20000,8565
713250717,I2_2,20000,9949
652553138,I2_2,20000,9584
455758861,I2_1,10000,4703
194789930,I2_2,20000,10625
306979557,I2_1,10000,5104
990508928,I2_2,20000,11565
311289211,I2_2,20000,12594
761913454,I2_2,20000,14293
48443356,I2_2,20000,12771
528397301,I2_1,10000,5298
336363026,I2_2,20000,11509
890875505,I2_1,10000,5245
152000895,I2_1,10000,4779
596637075,I2_1,10000,5408
931732293,I2_1,10000,4884
95530640,I2_1,10000,4360
584863336,I2_2,20000,13419
449051327,I2_1,10000,4856
967223932,I2_1,10000,5313
251893083,I2_2,20000,15868
663315350,I2_2,20000,17089
755003639,I2_1,10000,7359
837695865,I2_2,20000,15796
577288638,I2_2,20000,7784
755318341,I2_2,20000,4533
21964384,I2_1,10000,2485
363586489,I2_1,10000,3017
793875055,I2_2,20000,4751
2270713,I2_1,10000,4076
505048920,I2_1,10000,3425
330564455,I2_1,10000,4025
145435186,I2_2,20000,4539
713668628,I2_1,10000,2874
280810189,I2_2,20000,4506
289431318,I2_2,20000,6590
369824202,I2_2,20000,4672
924855527,I2_1,10000,2669
560680527,I2_1,10000,2910
744978521,I2_2,20000,4584
289236774,I2_2,20000,5511
580735169,I2_1,10000,2832
710342936,I2_2,20000,5828
542923891,I2_1,10000,4951
287126501,I2_2,20000,8064
413653459,I2_1,10000,2883
814200736,I2_1,10000,2575
78721846,I2_1,10000,2832
827601271,I2_1,10000,2996
204600059,I2_2,20000,5894
994537749,I2_1,10000,5163
997093326,I2_2,20000,8310
117023136,I2_2,20000,5340
506482330,I2_2,20000,6901
400881578,I2_2,20000,4751
566148576,I2_1,10000,2821
313095348,I2_1,10000,3085
516951268,I2_2,20000,4718
365818095,I2_1,10000,5161
215567542,I2_1,10000,2686
973319254,I2_2,20000,4882
616469513,I2_2,20000,5441
871967789,I2_1,10000,4794
165867341,I2_1,10000,4064
500339674,I2_2,20000,7532
117792124,I2_2,20000,7979
872501308,I2_2,20000,6261
102982462,I2_1,10000,5502
212044151,I2_2,20000,9858
914016486,I2_2,20000,11893
931584553,I2_2,20000,10049
842482483,I2_2,20000,10169
263566159,I2_2,20000,7394
26554629,I2_1,10000,5860
851265197,I2_1,10000,6396
32327641,I2_2,20000,8671
311272262,I2_2,20000,5641
426934293,I2_1,10000,3006
78907512,I2_2,20000,4773
454157014,I2_2,20000,4853
722358396,I2_1,10000,3089
31086902,I2_1,10000,4310
950030268,I2_1,10000,4967
337560274,I2_1,10000,4429
613144265,I2_2,20000,5167
606056575,I2_2,20000,4634
42656801,I2_1,10000,3011
288190427,I2_2,20000,5304
849853235,I2_2,20000,4884
494011414,I2_2,20000,7062
269627799,I2_1,10000,2972
474364840,I2_1,10000,3115
918123369,I2_1,10000,3645
37272278,I2_1,10000,4219
661446640,I2_1,10000,4775
702007931,I2_2,20000,4798
272726197,I2_1,10000,2784
250052964,I2_2,20000,4989
108250908,I2_1,10000,3909
316627238,I2_1,10000,2696
743626817,I2_1,10000,3206
693925170,I2_2,20000,5485
26167555,I2_1,10000,5024
21429408,I2_1,10000,3548
883215997,I2_2,20000,5126
377695594,I2_1,10000,5669
561028884,I2_1,10000,5082
651787074,I2_1,10000,4491
713014390,I2_2,20000,10109
327197030,I2_2,20000,7734
295983307,I2_2,20000,5539
13692259,I2_2,20000,5708
809710699,I2_1,10000,2734
883517009,I2_1,10000,2999
811675503,I2_1,10000,3574
675455015,I2_1,10000,2893
649951735,I2_1,10000,4093
674442893,I2_1,10000,2776
760928260,I2_1,10000,3042
47881160,I2_2,20000,4715
987840332,I2_2,20000,6816
168593191,I2_2,20000,5425
68476837,I2_2,20000,7570
657378360,I2_2,20000,4843
164169837,I2_2,20000,5604
420809347,I2_1,10000,4096
43687947,I2_1,10000,4575
897563571,I2_2,20000,5145
897601368,I2_1,10000,2848
409684853,I2_1,10000,3181
198700942,I2_2,20000,4944
866815428,I2_1,10000,2771
219692900,I2_1,10000,2806
646571997,I2_2,20000,5949
297305504,I2_1,10000,4288
890338816,I2_1,10000,5647
442267107,I2_2,20000,8324
165453524,I2_1,10000,4612
67603376,I2_1,10000,5071
499814660,I2_2,20000,6991
677413907,I2_1,10000,4152
742353327,I2_2,20000,10601
595837917,I2_1,10000,3557
687837861,I2_2,20000,5938
72140103,I2_2,20000,6883
873106146,I2_2,20000,5743
648308512,I2_2,20000,10105
728915255,I2_1,10000,4957
914162981,I2_1,10000,5550
349218406,I2_1,10000,5486
439155058,I2_2,20000,11129
405374613,I2_1,10000,5956
189630872,I2_2,20000,13772
824543526,I2_2,20000,15984
54894885,I2_1,10000,8669
122449706,I2_2,20000,18384
351004965,I2_2,20000,18885
567207688,I2_2,20000,10220
462389523,I2_1,10000,5952
825780206,I2_1,10000,5012
549304035,I2_2,20000,12058
182680502,I2_1,10000,6090
770174109,I2_2,20000,11022
50778407,I2_1,10000,3385
986661649,I2_1,10000,4387
235362036,I2_2,20000,12454
184167041,I2_2,20000,12302
802639768,I2_2,20000,13409
33866019,I2_2,20000,12992
717816091,I2_2,20000,7361
296934780,I2_1,10000,3673
427969711,I2_2,20000,7480
678286429,I2_2,20000,5485
115751743,I2_2,20000,4636
231042740,I2_1,10000,3016
23697232,I2_1,10000,4312
380977834,I2_2,20000,6896
484717140,I2_1,10000,3066
402417175,I2_1,10000,2954
90459705,I2_1,10000,3675
82300310,I2_1,10000,3759
388100187,I2_1,10000,2642
878606718,I2_1,10000,2649
954309992,I2_1,10000,2742
794739015,I2_2,20000,5032
772898222,I2_1,10000,3195
682490588,I2_1,10000,3112
126062634,I2_1,10000,3606
864809458,I2_1,10000,4178
557108382,I2_2,20000,4650
640355571,I2_2,20000,5700
837299919,I2_2,20000,6702
433059102,I2_1,10000,2958
391281062,I2_2,20000,8675
529637312,I2_1,10000,3017
845749404,I2_2,20000,6214
984696820,I2_1,10000,5587
618206850,I2_1,10000,5078
422460686,I2_1,10000,5011
329329234,I2_2,20000,10869
581097814,I2_2,20000,5533
607600018,I2_1,10000,4349
556810426,I2_1,10000,4781
281044557,I2_2,20000,6256
668220110,I2_2,20000,6602
367477410,I2_2,20000,7163
960085854,I2_1,10000,2630
799358450,I2_1,10000,2655
351700072,I2_2,20000,5265
361808608,I2_2,20000,4759
388708065,I2_1,10000,3209
158918945,I2_1,10000,4362
518292304,I2_2,20000,5191
894637504,I2_1,10000,2946
336421065,I2_1,10000,3836
125338059,I2_2,20000,4602
357874323,I2_2,20000,4641
195500184,I2_2,20000,5045
571490669,I2_1,10000,4047
593662310,I2_2,20000,6355
227657153,I2_1,10000,2874
206904913,I2_1,10000,3639
573685666,I2_2,20000,4612
719288666,I2_2,20000,4765
951373252,I2_2,20000,5071
849781172,I2_2,20000,5005
95829231,I2_1,10000,3547
360659974,I2_2,20000,5345
227866588,I2_2,20000,5672
422360607,I2_1,10000,2821
896478639,I2_1,10000,2692
73050334,I2_1,10000,2925
676175387,I2_1,10000,3462
61215364,I2_2,20000,5311
559872586,I2_2,20000,5776
870237223,I2_2,20000,6344
341881360,I2_1,10000,6094
623468316,I2_1,10000,3805
454570922,I2_2,20000,8971
511138514,I2_1,10000,3859
908056210,I2_1,10000,4832
4528657,I2_1,10000,3674
787262819,I2_2,20000,5799
882812732,I2_2,20000,6822
715725106,I2_2,20000,10194
913785159,I2_2,20000,10122
336878581,I2_1,10000,5068
827160010,I2_1,10000,5525
480014624,I2_2,20000,12950
875342409,I2_2,20000,9605
354933604,I2_1,10000,3460
880197881,I2_1,10000,4628
815485995,I2_1,10000,3425
640284607,I2_2,20000,6637
471858297,I2_2,20000,7794
341483506,I2_2,20000,7651
938858963,I2_1,10000,4005
657698231,I2_1,10000,3544
620679766,I2_2,20000,4739
248193218,I2_1,10000,2630
577404650,I2_1,10000,2621
638346159,I2_1,10000,2623
375415018,I2_2,20000,4705
979177358,I2_2,20000,5128
894971159,I2_1,10000,5242
944074830,I2_1,10000,2857
654888060,I2_1,10000,3641
180037906,I2_2,20000,5475
469114422,I2_1,10000,6206
204006154,I2_1,10000,6699
676163499,I2_1,10000,6617
759011538,I2_1,10000,6941
775140830,I2_1,10000,5854
765983733,I2_1,10000,5775
353640030,I2_1,10000,6720
791244341,I2_1,10000,5396
685441388,I2_2,20000,12484
445109795,I2_1,10000,4037
326040091,I2_2,20000,4960
942434322,I2_2,20000,5217
308543229,I2_1,10000,3555
819707560,I2_2,20000,5590
806133936,I2_2,20000,7685
343450882,I2_2,20000,8488
155332164,I2_2,20000,8427
289422737,I2_2,20000,6171
416536268,I2_2,20000,8221
155602360,I2_1,10000,4517
334014030,I2_2,20000,9778
500060055,I2_1,10000,5583
273890010,I2_1,10000,6737
201765718,I2_2,20000,10009
883561675,I2_1,10000,5014
590560161,I2_1,10000,4383
929169725,I2_2,20000,9466
349073693,I2_1,10000,4112
900251770,I2_2,20000,8989
557067017,I2_2,20000,6696
106039927,I2_1,10000,4923
652663958,I2_1,10000,5321
654673403,I2_2,20000,13977
794651553,I2_2,20000,15673
327789575,I2_1,10000,10269
315956482,I2_2,20000,15028
87361193,I2_1,10000,6637
599627161,I2_1,10000,5889
974607182,I2_2,20000,15654
832194570,I2_1,10000,5063
407804158,I2_1,10000,4272
856327617,I2_2,20000,4687
623641178,I2_1,10000,2767
449145589,I2_2,20000,6300
332715167,I2_2,20000,5162
740480281,I2_1,10000,4543
193555190,I2_1,10000,6027
650453348,I2_1,10000,6582
338867750,I2_2,20000,8661
530724102,I2_1,10000,4882
423569353,I2_1,10000,4864
65569013,I2_2,20000,12522
758641241,I2_1,10000,3808
823914124,I2_2,20000,15409
130867263,I2_2,20000,9085
185676025,I2_1,10000,3005
144057986,I2_1,10000,3085
800637741,I2_2,20000,7631
834687239,I2_2,20000,5998
753281795,I2_1,10000,5052
798740915,I2_1,10000,4396
71991909,I2_2,20000,7947
326527494,I2_1,10000,4006
425608984,I2_2,20000,5230
647820565,I2_1,10000,4633
904414633,I2_2,20000,5640
816192255,I2_1,10000,3903
704746029,I2_2,20000,7618
314210104,I2_1,10000,2975
810799244,I2_2,20000,6311
164093884,I2_1,10000,5813
295479458,I2_2,20000,5004
355160832,I2_2,20000,5991
245120655,I2_2,20000,8176
855609968,I2_2,20000,9241
416668567,I2_2,20000,6641
532724257,I2_1,10000,4121
843675756,I2_1,10000,2690
415660637,I2_2,20000,4986
814038516,I2_1,10000,2886
320864396,I2_2,20000,4891
81534090,I2_1,10000,4182
275671144,I2_1,10000,5795
664108250,I2_1,10000,5068
431493548,I2_1,10000,6195
566107033,I2_2,20000,8461
969406132,I2_1,10000,4657
101014104,I2_2,20000,9207
672453501,I2_1,10000,2955
537168675,I2_1,10000,3138
275237099,I2_1,10000,2736
922460768,I2_1,10000,3637
448913036,I2_1,10000,2772
720022732,I2_2,20000,5269
838879694,I2_2,20000,5350
9986521,I2_1,10000,3617
337508593,I2_2,20000,6123
740141689,I2_1,10000,3128
73388555,I2_1,10000,4720
831505451,I2_2,20000,7527
75405872,I2_2,20000,7532
107740738,I2_1,10000,3781
825593228,I2_1,10000,4469
256169316,I2_2,20000,7216
597758847,I2_2,20000,5650
457092608,I2_2,20000,4682
962440056,I2_1,10000,3061
762971822,I2_1,10000,4343
871115713,I2_1,10000,4079
627818515,I2_2,20000,4723
243171538,I2_1,10000,2728
976504546,I2_1,10000,2888
236848064,I2_1,10000,3098
617149822,I2_2,20000,4838
590107650,I2_2,20000,6889
77561773,I2_1,10000,3534
475227181,I2_1,10000,3940
867028798,I2_2,20000,4890
834604453,I2_1,10000,4293
56018746,I2_2,20000,6169
304135348,I2_2,20000,4813
346835596,I2_1,10000,4206
717001267,I2_2,20000,4892
221153120,I2_2,20000,5774
691376375,I2_1,10000,3409
199488884,I2_1,10000,3911
489588858,I2_2,20000,4800
390634589,I2_1,10000,4696
764449542,I2_1,10000,5223
464869141,I2_1,10000,3585
722279062,I2_1,10000,3000
910129202,I2_1,10000,3960
673760025,I2_2,20000,6620
728750454,I2_2,20000,4834
598600811,I2_1,10000,3668
874918315,I2_2,20000,7111
530385542,I2_1,10000,4128
173486719,I2_2,20000,5601
686390325,I2_1,10000,4021
625115541,I2_2,20000,6598
424080954,I2_1,10000,4278
749695404,I2_2,20000,9266
538058359,I2_2,20000,12420
118778232,I2_2,20000,11045
335832876,I2_2,20000,7938
237405511,I2_2,20000,5729
431121680,I2_1,10000,3038
653490737,I2_1,10000,4456
727840866,I2_2,20000,9061
588549457,I2_2,20000,7549
764077610,I2_2,20000,5454
942796516,I2_2,20000,6660
134210885,I2_1,10000,2716
111167037,I2_1,10000,2733
709879488,I2_2,20000,5227
365021107,I2_2,20000,5165
543110346,I2_2,20000,7372
294054452,I2_1,10000,3554
194639404,I2_2,20000,6232
977809309,I2_1,10000,2675
659280271,I2_2,20000,4688
443288714,I2_2,20000,5694
280633037,I2_2,20000,4626
775600115,I2_2,20000,4825
951929322,I2_1,10000,2653
917125989,I2_1,10000,3184
288120982,I2_2,20000,6421
559337090,I2_1,10000,5522
289089194,I2_2,20000,7594
911091448,I2_2,20000,9719
95273505,I2_2,20000,10467
980483125,I2_2,20000,11825
680091888,I2_2,20000,11327
637068064,I2_1,10000,6440
958658160,I2_2,20000,12790
13536512,I2_2,20000,14843
289647196,I2_2,20000,8596
998083451,I2_2,20000,8501
869394939,I2_1,10000,6431
40882610,I2_2,20000,11093
547546524,I2_1,10000,3675
165956224,I2_2,20000,4705
1899890,I2_2,20000,4973
213976363,I2_1,10000,2903
312630054,I2_1,10000,3778
3906447,I2_1,10000,2805
273131658,I2_2,20000,4514
15074427,I2_1,10000,2861
473684278,I2_1,10000,3321
529479825,I2_2,20000,7242
970657469,I2_2,20000,4573
51709079,I2_1,10000,2854
501916343,I2_2,20000,4636
837837813,I2_1,10000,3482
788188349,I2_2,20000,5789
800121198,I2_1,10000,3389
142952297,I2_1,10000,3941
627396189,I2_1,10000,3696
853741279,I2_2,20000,6334
667616895,I2_1,10000,3274
288931905,I2_1,10000,4447
498295588,I2_2,20000,6648
859560016,I2_2,20000,5526
95202119,I2_1,10000,3528
184424946,I2_1,10000,4176
960470723,I2_2,20000,4625
211223034,I2_1,10000,4115
955829027,I2_1,10000,4120
552406873,I2_1,10000,5793
854404832,I2_1,10000,5605
364472933,I2_1,10000,5000
348852547,I2_2,20000,6520
614657161,I2_1,10000,5486
908792398,I2_1,10000,5441
75808720,I2_2,20000,10513
354243233,I2_1,10000,5073
491688258,I2_1,10000,4466
442467683,I2_2,20000,13649
159986646,I2_1,10000,5401
357724802,I2_2,20000,15176
917588410,I2_1,10000,6960
825787898,I2_2,20000,12443
358328527,I2_2,20000,6038
67952721,I2_2,20000,5432
957517903,I2_2,20000,5339
508111254,I2_2,20000,4715
593586732,I2_1,10000,2958
659440860,I2_2,20000,4552
181565287,I2_2,20000,5008
16641245,I2_2,20000,6450
267559135,I2_2,20000,6452
431962546,I2_1,10000,3712
560710679,I2_1,10000,4383
702585280,I2_1,10000,4913
695607178,I2_1,10000,5442
95341821,I2_1,10000,7239
691001371,I2_2,20000,9854
144362641,I2_2,20000,5515
101677384,I2_2,20000,5489
894119327,I2_2,20000,5053
934434237,I2_1,10000,4495
490555439,I2_1,10000,4990
683328595,I2_1,10000,6156
816904649,I2_1,10000,4485
195668515,I2_2,20000,10909
960452859,I2_2,20000,13580
295210468,I2_2,20000,11420
999255851,I2_1,10000,5963
400945164,I2_1,10000,4384
881010496,I2_2,20000,9618
850916247,I2_1,10000,5030
157963817,I2_1,10000,5499
970410375,I2_2,20000,9264
859304832,I2_2,20000,7675
782768067,I2_2,20000,8190
838918777,I2_2,20000,6014
332579184,I2_2,20000,7974
99912754,I2_1,10000,5229
110436424,I2_2,20000,7250
368664821,I2_1,10000,4178
264534277,I2_2,20000,4590
602812096,I2_1,10000,3960
922999510,I2_2,20000,6449
733501977,I2_1,10000,4775
744247149,I2_2,20000,5136
172163388,I2_1,10000,3522
752978768,I2_1,10000,4011
699748247,I2_1,10000,4757
489984725,I2_1,10000,4344
448122639,I2_2,20000,9989
514079907,I2_1,10000,5426
797016187,I2_1,10000,7058
987458699,I2_1,10000,6201
255833347,I2_1,10000,7802
548803008,I2_2,20000,16287
887936698,I2_2,20000,8444
537515978,I2_2,20000,10620
919885823,I2_2,20000,12810
33195412,I2_2,20000,9073
185900747,I2_2,20000,5594
371115322,I2_1,10000,5009
321024427,I2_1,10000,3083
697112156,I2_1,10000,3602
185430526,I2_2,20000,5006
165961380,I2_1,10000,4330
461583466,I2_1,10000,5935
331722981,I2_1,10000,5992
169589386,I2_2,20000,8538
497012773,I2_2,20000,7930
759897763,I2_1,10000,5412
20655334,I2_2,20000,8937
415771532,I2_1,10000,5336
448215452,I2_2,20000,10519
549344584,I2_1,10000,4714
957080891,I2_1,10000,3690
610717183,I2_2,20000,11143
789969970,I2_2,20000,5483
890339889,I2_1,10000,2484
655741176,I2_2,20000,4586
347672876,I2_1,10000,3980
558303243,I2_2,20000,6712
30052238,I2_1,10000,4123
127401301,I2_1,10000,3020
474016175,I2_1,10000,2504
387740104,I2_1,10000,2882
191816195,I2_2,20000,4450
575752666,I2_2,20000,4829
854050560,I2_1,10000,2606
254826161,I2_1,10000,2936
279107209,I2_1,10000,2543
208689833,I2_1,10000,2613
278266387,I2_1,10000,3059
169779475,I2_2,20000,5272
568723626,I2_1,10000,4345
262837939,I2_1,10000,4590
697886101,I2_2,20000,5022
867691876,I2_2,20000,5469
73233821,I2_2,20000,6900
702079561,I2_1,10000,3384
441643027,I2_1,10000,3555
646222411,I2_1,10000,4560
762534454,I2_2,20000,4734
953878264,I2_1,10000,5363
860330217,I2_2,20000,5788
318444901,I2_1,10000,4237
545059583,I2_2,20000,5776
822270026,I2_2,20000,5640
740078729,I2_2,20000,4643
908507751,I2_1,10000,2674
609528849,I2_1,10000,3788
569616135,I2_2,20000,5028
423909646,I2_2,20000,6739
722736794,I2_1,10000,3549
368086017,I2_2,20000,5593
148624056,I2_2,20000,7699
747169748,I2_2,20000,6760
267843541,I2_2,20000,8691
414499689,I2_2,20000,5579
190504045,I2_1,10000,4976
695288045,I2_1,10000,4887
80267567,I2_1,10000,5025
688039986,I2_1,10000,4466
212116410,I2_2,20000,10905
196897801,I2_2,20000,14217
860338371,I2_2,20000,10826
469920719,I2_2,20000,10660
966136494,I2_1,10000,4510
780939228,I2_2,20000,13899
417173792,I2_2,20000,9690
344861636,I2_1,10000,5855
226165304,I2_1,10000,5132
805858394,I2_2,20000,11685
659940469,I2_2,20000,13964
823659514,I2_1,10000,2841
957024052,I2_1,10000,2972
511409052,I2_1,10000,3992
553798996,I2_1,10000,3000
314959385,I2_1,10000,3524
984698611,I2_2,20000,4961
832288555,I2_2,20000,4934
665423607,I2_2,20000,7103
75532860,I2_2,20000,7049
921501725,I2_2,20000,7942
700145001,I2_1,10000,5224
563926575,I2_2,20000,10335
583475493,I2_2,20000,6999
451187357,I2_1,10000,3463
188949592,I2_1,10000,3841
802038766,I2_2,20000,5009
853993501,I2_2,20000,7682
790894030,I2_1,10000,4983
590632534,I2_1,10000,4452
474913644,I2_2,20000,7925
569244671,I2_2,20000,5472
46299688,I2_2,20000,5449
904298141,I2_2,20000,6437
142676321,I2_1,10000,2633
737627139,I2_2,20000,5556
375626663,I2_1,10000,2975
962736734,I2_1,10000,3336
925726568,I2_2,20000,8252
363198628,I2_1,10000,5836
178724864,I2_2,20000,9612
855820917,I2_2,20000,10508
659768807,I2_2,20000,11538
817223512,I2_1,10000,5330
901204335,I2_2,20000,9495
854891108,I2_1,10000,3657
930499219,I2_2,20000,4655
26204690,I2_2,20000,5490
241953140,I2_1,10000,2915
362322280,I2_1,10000,3801
654598909,I2_2,20000,5470
839552413,I2_2,20000,7400
211161912,I2_1,10000,3283
686927736,I2_1,10000,3420
408780993,I2_1,10000,2509
773757342,I2_1,10000,2556
506420521,I2_1,10000,2564
730773905,I2_1,10000,2688
889046574,I2_2,20000,4960
948770105,I2_1,10000,3628
605228167,I2_2,20000,4862
731335752,I2_1,10000,2744
282371764,I2_2,20000,4662
514833022,I2_1,10000,4142
539685264,I2_1,10000,4181
908496050,I2_1,10000,2556
455649534,I2_1,10000,2536
573153976,I2_1,10000,2675
34311953,I2_1,10000,2690
897329019,I2_2,20000,4596
735805382,I2_2,20000,5005
715906124,I2_1,10000,5616
665459267,I2_1,10000,4677
377638915,I2_2,20000,6657
97068845,I2_1,10000,3818
571211915,I2_1,10000,3019
3842451,I2_2,20000,4585
600011584,I2_2,20000,5483
647587875,I2_1,10000,5341
392416569,I2_1,10000,2848
820878007,I2_2,20000,4419
541012208,I2_2,20000,4587
853401319,I2_1,10000,4024
369900490,I2_2,20000,6213
993060762,I2_2,20000,7482
896580004,I2_2,20000,5682
889743474,I2_1,10000,4107
23067007,I2_1,10000,5717
791489205,I2_2,20000,7704
890824052,I2_2,20000,7946
991193775,I2_2,20000,7344
766944208,I2_1,10000,5309
667164765,I2_1,10000,4156
765232741,I2_1,10000,2546
244962586,I2_1,10000,2515
451973436,I2_1,10000,4144
908480367,I2_2,20000,4808
261226586,I2_1,10000,3863
420288724,I2_1,10000,4953
71554625,I2_1,10000,5528
477515320,I2_2,20000,6087
735203929,I2_1,10000,4373
39460914,I2_2,20000,7628
516191790,I2_1,10000,4391
390599563,I2_1,10000,3254
253329788,I2_2,20000,7786
245728333,I2_2,20000,9333
471321949,I2_1,10000,4468
566054994,I2_2,20000,6029
257580924,I2_2,20000,8155
735398190,I2_1,10000,5355
821206897,I2_2,20000,9179
444442136,I2_2,20000,5991
49385690,I2_1,10000,2524
465765841,I2_1,10000,2932
659698859,I2_2,20000,5184
416588981,I2_1,10000,4627
912516687,I2_2,20000,6134
568402556,I2_1,10000,5509
708160504,I2_1,10000,4910
568812209,I2_2,20000,8841
407870833,I2_2,20000,8309
531758757,I2_1,10000,4551
351868395,I2_2,20000,5496
600371951,I2_1,10000,4049
559145434,I2_2,20000,5484
220088278,I2_2,20000,4577
723480574,I2_1,10000,2655
984181789,I2_1,10000,2767
784566665,I2_2,20000,5324
266188593,I2_2,20000,4976
513988565,I2_2,20000,4562
327691707,I2_1,10000,5116
41065368,I2_1,10000,3644
715111644,I2_2,20000,5885
979568884,I2_1,10000,4459
650648782,I2_1,10000,4397
457840996,I2_1,10000,3407
726060847,I2_2,20000,6055
98353443,I2_2,20000,7218
509747041,I2_1,10000,5678
634798969,I2_2,20000,8467
214953997,I2_1,10000,2529
814602356,I2_1,10000,2543
676196065,I2_2,20000,5161
605526021,I2_2,20000,4692
587700452,I2_2,20000,4527
882301797,I2_1,10000,2888
389763545,I2_2,20000,6610
371818370,I2_2,20000,4635
529575442,I2_1,10000,4071
985523436,I2_1,10000,2513
759448698,I2_2,20000,5422
382753607,I2_1,10000,4512
709555490,I2_2,20000,6706
746172141,I2_2,20000,7694
627867401,I2_1,10000,5928
92254082,I2_1,10000,6440
909886294,I2_2,20000,11036
716026740,I2_2,20000,6713
693480588,I2_2,20000,5648
575885029,I2_2,20000,6815
46122138,I2_1,10000,2885
840572756,I2_1,10000,3546
759413780,I2_1,10000,4541
856613537,I2_2,20000,5116
445544835,I2_1,10000,4461
258355493,I2_2,20000,6745
359362605,I2_1,10000,4128
565870106,I2_1,10000,3470
256676797,I2_1,10000,2930
897829662,I2_2,20000,4521
617913775,I2_2,20000,5475
539467389,I2_2,20000,4553
184249981,I2_2,20000,5489
163935555,I2_1,10000,3414
134216094,I2_1,10000,2700
131464007,I2_1,10000,2783
43164986,I2_1,10000,3051
954182404,I2_1,10000,2543
755203661,I2_1,10000,3670
764892841,I2_1,10000,2633
194648726,I2_1,10000,2647
464801879,I2_1,10000,2733
772530920,I2_2,20000,5236
766044424,I2_2,20000,7077
665549430,I2_1,10000,5154
302453474,I2_1,10000,4554
88304146,I2_2,20000,11164
871431931,I2_1,10000,3165
217711186,I2_2,20000,8709
275933171,I2_2,20000,5392
731990744,I2_2,20000,7652
601291228,I2_2,20000,4645
386345374,I2_2,20000,4641
953857448,I2_2,20000,4768
580352189,I2_1,10000,3204
70216531,I2_2,20000,6476
704360983,I2_1,10000,4900
383156520,I2_2,20000,7437
654986907,I2_1,10000,5527
721166205,I2_2,20000,8176
816798845,I2_2,20000,6937
778162707,I2_1,10000,5490
39926130,I2_1,10000,5847
465679451,I2_2,20000,9111
919393062,I2_2,20000,10808
772724826,I2_2,20000,7575
852243288,I2_1,10000,5362
32070514,I2_2,20000,9762
662218052,I2_2,20000,7804
219149155,I2_2,20000,8249
751116924,I2_1,10000,4149
249715989,I2_1,10000,3900
706600523,I2_1,10000,3925
309270117,I2_2,20000,7432
8222860,I2_1,10000,5710
715960589,I2_2,20000,9479
383381399,I2_2,20000,6579
143930131,I2_1,10000,5359
83046401,I2_2,20000,9136
148102612,I2_2,20000,10713
140527854,I2_2,20000,12319
44573236,I2_1,10000,5308
797357425,I2_2,20000,14676
507467347,I2_2,20000,9477
44930470,I2_2,20000,12147
146533735,I2_2,20000,11066
170247563,I2_1,10000,4710
421647091,I2_1,10000,3181
960442899,I2_2,20000,13736
794964249,I2_1,10000,4315
422769382,I2_2,20000,11656
179876259,I2_2,20000,13607
265583543,I2_2,20000,13456
392041822,I2_2,20000,15618
37980633,I2_2,20000,15679
158452678,I2_2,20000,16173
269428332,I2_1,10000,5221
98790243,I2_2,20000,7352
616878435,I2_2,20000,4550
861692152,I2_1,10000,3086
789187124,I2_2,20000,4818
279371637,I2_1,10000,4089
721793100,I2_2,20000,7767
993196785,I2_1,10000,3651
593610664,I2_1,10000,2648
457663680,I2_2,20000,4653
623539004,I2_1,10000,3101
775456680,I2_1,10000,5058
823995032,I2_2,20000,4949
986947592,I2_2,20000,6970
823824277,I2_1,10000,4193
978396178,I2_1,10000,4116
150796244,I2_1,10000,3872
857739742,I2_2,20000,8746
890038986,I2_1,10000,5279
341422687,I2_1,10000,4524
90697019,I2_2,20000,9907
277828847,I2_1,10000,4344
869108494,I2_2,20000,13569
905478769,I2_1,10000,4768
636529835,I2_1,10000,5237
241698786,I2_2,20000,16625
107608579,I2_2,20000,13733
902070971,I2_2,20000,12615
405240931,I2_2,20000,11434
720153629,I2_2,20000,8458
878275752,I2_2,20000,10189
750286285,I2_1,10000,3393
414483150,I2_2,20000,6010
882291416,I2_2,20000,7709
388228254,I2_1,10000,4776
625282506,I2_1,10000,4183
192236920,I2_2,20000,4947
569007099,I2_2,20000,5292
691893917,I2_2,20000,5788
806207980,I2_1,10000,5378
713733765,I2_1,10000,6034
69711788,I2_1,10000,5832
990567568,I2_1,10000,5737
733888994,I2_2,20000,10186
115209485,I2_1,10000,6470
420425854,I2_1,10000,4349
260275245,I2_1,10000,5940
453808337,I2_2,20000,14280
903208402,I2_2,20000,16411
822626510,I2_1,10000,6983
121000982,I2_2,20000,16327
117196907,I2_2,20000,18197
762210595,I2_1,10000,6799
726365381,I2_2,20000,16861
783189649,I2_2,20000,13016
422092869,I2_1,10000,4801
121693562,I2_2,20000,15553
126752352,I2_2,20000,13488
879106869,I2_2,20000,8108
933148355,I2_2,20000,9300
705063137,I2_1,10000,2953
148161458,I2_2,20000,4574
623695495,I2_2,20000,4632
663248861,I2_2,20000,4668
786525371,I2_2,20000,5764
347365039,I2_2,20000,6778
435234576,I2_2,20000,7787
911781905,I2_2,20000,7196
488547704,I2_1,10000,6510
159127544,I2_1,10000,6953
176982420,I2_1,10000,8173
426958143,I2_1,10000,7590
688000914,I2_1,10000,6475
863778335,I2_1,10000,5353
405368721,I2_1,10000,6965
916795382,I2_1,10000,4891
993556251,I2_2,20000,12691
320539802,I2_2,20000,14224
907319734,I2_2,20000,8804
791398649,I2_1,10000,3245
563681368,I2_1,10000,2616
542765785,I2_2,20000,4596
225261219,I2_1,10000,3913
559673950,I2_2,20000,4724
562147659,I2_1,10000,2991
415811661,I2_2,20000,7891
441253538,I2_1,10000,5017
865683058,I2_2,20000,6581
76622103,I2_1,10000,4448
318953869,I2_1,10000,3074
674917838,I2_1,10000,4156
263245146,I2_1,10000,2582
267910706,I2_1,10000,2539
924467265,I2_2,20000,4801
693261863,I2_2,20000,4660
298578845,I2_2,20000,5518
660345361,I2_2,20000,4685
164763918,I2_1,10000,2682
536725480,I2_2,20000,4824
403370559,I2_2,20000,6874
148068503,I2_1,10000,4625
653284244,I2_2,20000,9042
153516710,I2_1,10000,4975
548024996,I2_1,10000,4395
383189907,I2_2,20000,11620
642046633,I2_2,20000,10825
855368295,I2_1,10000,4715
315405878,I2_2,20000,11761
44972741,I2_1,10000,4108
993977932,I2_2,20000,6587
500485479,I2_2,20000,4556
928529488,I2_1,10000,2675
17606947,I2_1,10000,3712
98893470,I2_1,10000,2988
284206310,I2_2,20000,4620
661603546,I2_2,20000,5124
557754799,I2_1,10000,4538
795163946,I2_1,10000,4568
532077329,I2_2,20000,6841
108930387,I2_1,10000,5305
645188622,I2_2,20000,6104
133494029,I2_2,20000,6561
710487357,I2_2,20000,9206
430052439,I2_1,10000,5846
648918629,I2_1,10000,4327
871283295,I2_2,20000,11853
35279618,I2_1,10000,4843
405013088,I2_2,20000,9597
9465473,I2_2,20000,8205
157727117,I2_2,20000,4668
224268718,I2_1,10000,3015
91623255,I2_1,10000,2812
274696360,I2_2,20000,5046
927554530,I2_1,10000,2639
58963050,I2_1,10000,2595
580327402,I2_1,10000,2773
261959125,I2_1,10000,3046
166240304,I2_2,20000,4754
301723540,I2_1,10000,5342
177498382,I2_1,10000,6336
484107101,I2_1,10000,5153
441857020,I2_1,10000,2829
791747096,I2_2,20000,5191
593593760,I2_1,10000,3156
789135068,I2_1,10000,3561
172535398,I2_2,20000,7736
772803311,I2_1,10000,2805
789062985,I2_2,20000,5006
328457740,I2_1,10000,3935
310747065,I2_1,10000,3236
332243899,I2_1,10000,3903
493410817,I2_2,20000,5374
596712498,I2_1,10000,4065
409536515,I2_1,10000,2880
748668240,I2_1,10000,2717
854252477,I2_1,10000,4466
669768694,I2_2,20000,4964
553493341,I2_2,20000,6490
383449018,I2_1,10000,2916
714722743,I2_1,10000,3210
423959311,I2_1,10000,4627
968994066,I2_2,20000,4746
180498680,I2_2,20000,4759
464390124,I2_2,20000,5096
724230132,I2_1,10000,3129
727337435,I2_1,10000,3796
261100790,I2_2,20000,4912
67858645,I2_1,10000,5451
15235037,I2_1,10000,3092
189251041,I2_2,20000,7770
378322093,I2_2,20000,8361
389979920,I2_1,10000,5559
872984091,I2_1,10000,4265
236514351,I2_2,20000,10487
424228383,I2_2,20000,7839
452923309,I2_2,20000,7635
716224213,I2_1,10000,3242
980878580,I2_1,10000,3675
661353874,I2_1,10000,4666
954041355,I2_2,20000,7525
905842474,I2_2,20000,7914
289115051,I2_2,20000,8472
780934668,I2_1,10000,6101
708882913,I2_1,10000,5667
957054175,I2_2,20000,7131
230294453,I2_1,10000,5576
485963566,I2_2,20000,6821
501018119,I2_1,10000,4079
195159395,I2_2,20000,5733
490446793,I2_2,20000,4783
826197171,I2_2,20000,5679
662704152,I2_1,10000,2824
252577300,I2_1,10000,2898
63200907,I2_2,20000,5287
184930570,I2_1,10000,3058
768101162,I2_1,10000,4361
307247060,I2_2,20000,8000
410221162,I2_1,10000,4613
899392191,I2_2,20000,6248
384408640,I2_2,20000,8385
981112032,I2_2,20000,10030
199905142,I2_2,20000,10491
653995464,I2_1,10000,4971
181273937,I2_1,10000,3200
223915511,I2_1,10000,4322
281554539,I2_1,10000,4664
782196221,I2_1,10000,3041
51754292,I2_1,10000,3198
659764724,I2_1,10000,4363
217703163,I2_2,20000,5159
470914596,I2_1,10000,4584
225864586,I2_2,20000,4908
487760057,I2_2,20000,7110
378137962,I2_1,10000,4622
156784445,I2_1,10000,5115
566255476,I2_1,10000,4187
631097143,I2_2,20000,9273
280956204,I2_2,20000,9494
187319445,I2_1,10000,6762
157801124,I2_2,20000,9445
911142680,I2_1,10000,4877
58994452,I2_2,20000,10413
128880789,I2_1,10000,3743
392624996,I2_2,20000,6134
558281744,I2_1,10000,5756
191250162,I2_1,10000,6347
110328271,I2_1,10000,5645
464779874,I2_2,20000,11295
397541074,I2_1,10000,6825
32434617,I2_2,20000,14518
794774154,I2_1,10000,6046
570146424,I2_1,10000,5380
111426903,I2_2,20000,15327
502306239,I2_2,20000,15056
525757742,I2_1,10000,2770
718316063,I2_2,20000,4638
622935407,I2_2,20000,6735
755386895,I2_1,10000,2752
936190268,I2_2,20000,4768
731564737,I2_1,10000,5334
438600798,I2_1,10000,3571
858376955,I2_2,20000,4908
689745763,I2_1,10000,4189
515052360,I2_2,20000,6712
712604361,I2_2,20000,7648
603236365,I2_2,20000,9371
747143434,I2_1,10000,4988
932658734,I2_2,20000,10120
72153207,I2_1,10000,2733
108154154,I2_2,20000,4659
117702280,I2_2,20000,5294
669572988,I2_1,10000,4801
560926563,I2_1,10000,3791
741855787,I2_1,10000,4280
474590227,I2_2,20000,8125
830882209,I2_1,10000,4504
680031043,I2_2,20000,10718
904293033,I2_2,20000,11713
185558920,I2_2,20000,9302
41865986,I2_2,20000,10251
658473661,I2_1,10000,5476
219399026,I2_2,20000,10434
111026242,I2_1,10000,4967
528678218,I2_1,10000,6147
169284809,I2_1,10000,5923
172710806,I2_1,10000,3615
16471137,I2_2,20000,4863
320724932,I2_1,10000,4081
558548515,I2_2,20000,5657
299934779,I2_1,10000,5053
867482254,I2_1,10000,4040
713495744,I2_2,20000,10566
132467272,I2_1,10000,4975
734034901,I2_1,10000,4343
172886549,I2_2,20000,12437
506503214,I2_2,20000,7512
815980258,I2_2,20000,9788
642460518,I2_2,20000,9803
463682383,I2_2,20000,5568
614504910,I2_1,10000,4450
295243237,I2_1,10000,3897
538820023,I2_1,10000,5066
658801978,I2_2,20000,7679
493745702,I2_1,10000,4964
303451229,I2_1,10000,5007
723468155,I2_2,20000,12502
341416559,I2_2,20000,13634
9786186,I2_1,10000,4394
416390002,I2_2,20000,10537
680884385,I2_2,20000,5274
694610239,I2_2,20000,6480
847785629,I2_1,10000,5881
581779938,I2_1,10000,5350
907045593,I2_2,20000,10089
828823077,I2_1,10000,4348
218384347,I2_2,20000,12829
714380237,I2_2,20000,13935
488262051,I2_1,10000,2755
296510072,I2_1,10000,3977
520704932,I2_1,10000,2783
800199778,I2_2,20000,5426
67213296,I2_1,10000,3764
858239552,I2_2,20000,6281
436468482,I2_1,10000,2586
368069003,I2_2,20000,4724
691813694,I2_1,10000,5300
676464278,I2_1,10000,5120
32682979,I2_1,10000,2727
424437429,I2_2,20000,4991
761752951,I2_2,20000,5734
262699988,I2_1,10000,4066
891141969,I2_2,20000,8048
506655091,I2_1,10000,3290
344619009,I2_2,20000,8316
409829637,I2_2,20000,5217
31355071,I2_1,10000,4530
638942484,I2_1,10000,2764
502352406,I2_2,20000,5341
869402473,I2_1,10000,2890
825843039,I2_2,20000,5021
854431222,I2_1,10000,6174
234366765,I2_2,20000,6114
246066126,I2_2,20000,8791
332247734,I2_2,20000,8705
423515725,I2_1,10000,5377
859439460,I2_2,20000,10755
840777393,I2_1,10000,3146
464547371,I2_1,10000,4175
11465061,I2_1,10000,2677
259688237,I2_1,10000,2705
921640329,I2_2,20000,4714
979368814,I2_1,10000,5221
104299089,I2_1,10000,4047
561166593,I2_2,20000,4688
532568359,I2_2,20000,5727
532314047,I2_1,10000,2772
351239486,I2_1,10000,4019
787930362,I2_1,10000,3921
952926615,I2_1,10000,4368
643486947,I2_2,20000,5036
235103560,I2_2,20000,4692
951294709,I2_1,10000,3497
422735661,I2_2,20000,5256
612428222,I2_2,20000,6201
613058891,I2_1,10000,4604
764916883,I2_1,10000,4317
562749637,I2_1,10000,4973
692132308,I2_2,20000,7192
103681082,I2_2,20000,8095
123191374,I2_2,20000,9160
475993930,I2_1,10000,4458
552116065,I2_2,20000,7998
199134248,I2_1,10000,4974
501876611,I2_2,20000,6498
631795502,I2_2,20000,8763
949354407,I2_1,10000,5454
342340089,I2_2,20000,7047
555844712,I2_1,10000,3806
313250068,I2_2,20000,8139
967219708,I2_1,10000,3394
925613399,I2_2,20000,5163
642981532,I2_1,10000,3482
199250411,I2_1,10000,4037
330955671,I2_1,10000,5104
967267393,I2_1,10000,3030
467276169,I2_2,20000,4577
632647101,I2_2,20000,5040
790420408,I2_2,20000,5037
730586890,I2_2,20000,5074
20193108,I2_1,10000,4448
219271720,I2_2,20000,7784
906731042,I2_1,10000,3814
136641961,I2_1,10000,3920
969743956,I2_1,10000,3320
263334475,I2_2,20000,12558
701380497,I2_2,20000,14627
414651300,I2_1,10000,3457
464063820,I2_1,10000,3110
14262094,I2_2,20000,4695
412758283,I2_1,10000,4077
621582821,I2_2,20000,8535
471864018,I2_2,20000,6167
552187103,I2_2,20000,8348
703480483,I2_1,10000,4544
261680533,I2_1,10000,4861
599212417,I2_1,10000,4821
410538383,I2_2,20000,8584
153127425,I2_2,20000,8021
592668983,I2_1,10000,4809
578296122,I2_1,10000,5927
448191061,I2_2,20000,4505
566215681,I2_1,10000,2561
932451455,I2_2,20000,4633
370900399,I2_2,20000,4641
884641180,I2_1,10000,3437
175016717,I2_1,10000,2603
35150651,I2_1,10000,2733
651669530,I2_1,10000,3440
626012875,I2_1,10000,4663
997320969,I2_1,10000,2568
315391972,I2_1,10000,2798
250443819,I2_1,10000,3876
479048899,I2_1,10000,3023
32029733,I2_2,20000,6455
53829924,I2_1,10000,4585
193777437,I2_2,20000,5078
456156471,I2_2,20000,5980
791657478,I2_2,20000,7505
156790632,I2_2,20000,6643
599577599,I2_2,20000,6874
512892184,I2_1,10000,3046
660477684,I2_1,10000,4639
615161961,I2_2,20000,5119
514957040,I2_2,20000,5216
443836781,I2_1,10000,2847
396906141,I2_1,10000,2651
327484086,I2_2,20000,5121
981170293,I2_2,20000,6899
765786424,I2_1,10000,4175
70035872,I2_1,10000,3896
623147632,I2_2,20000,5122
801101142,I2_1,10000,3433
81391536,I2_2,20000,5658
922967915,I2_1,10000,2605
841432244,I2_2,20000,4790
445625663,I2_1,10000,2707
323428804,I2_2,20000,4749
203887786,I2_1,10000,4154
439023092,I2_2,20000,6091
422912766,I2_2,20000,6331
311508600,I2_2,20000,8736
623200947,I2_1,10000,2734
540446337,I2_2,20000,5390
950618816,I2_1,10000,3705
121748005,I2_2,20000,5073
906318095,I2_1,10000,3804
598547248,I2_2,20000,5055
357181232,I2_2,20000,4612
48473881,I2_1,10000,3047
675962288,I2_2,20000,5131
797207280,I2_2,20000,4813
341487336,I2_1,10000,4195
904440512,I2_1,10000,3458
168203705,I2_1,10000,3565
947323895,I2_2,20000,4759
5601101,I2_1,10000,2977
277554191,I2_1,10000,4220
649286182,I2_1,10000,2736
649231625,I2_1,10000,2895
461483411,I2_2,20000,5393
469555966,I2_2,20000,4755
210139225,I2_1,10000,3211
748967474,I2_2,20000,8791
900978192,I2_2,20000,9733
988464590,I2_1,10000,5590
332787674,I2_2,20000,9271
292009942,I2_2,20000,11201
772881191,I2_2,20000,11094
856748319,I2_1,10000,6215
93977619,I2_1,10000,4531
787915721,I2_2,20000,15584
14663876,I2_1,10000,5081
619036535,I2_1,10000,5110
676116682,I2_2,20000,9892
310306128,I2_2,20000,5710
316445769,I2_2,20000,6630
279304660,I2_1,10000,3057
737199407,I2_2,20000,5381
946717817,I2_1,10000,4614
823998874,I2_2,20000,8508
928676577,I2_2,20000,6397
432079929,I2_1,10000,3043
342589732,I2_2,20000,4746
353777523,I2_2,20000,6788
700716702,I2_2,20000,6664
408017555,I2_1,10000,3420
494603254,I2_1,10000,2553
769350641,I2_1,10000,2722
305142345,I2_1,10000,3852
40087252,I2_1,10000,3943
473907429,I2_1,10000,3220
172211031,I2_2,20000,4861
93964321,I2_1,10000,5381
425368351,I2_2,20000,7093
540858669,I2_1,10000,2750
113561868,I2_2,20000,4766
481062510,I2_2,20000,4689
898606450,I2_1,10000,3134
309811184,I2_2,20000,4825
471268007,I2_1,10000,5017
860438016,I2_1,10000,3757
338407650,I2_2,20000,4825
241339259,I2_1,10000,4219
824058021,I2_2,20000,6822
227953972,I2_1,10000,3657
656288709,I2_1,10000,4835
501607595,I2_1,10000,2620
913947183,I2_2,20000,4595
24948847,I2_1,10000,2990
58416718,I2_2,20000,5024
265422477,I2_1,10000,3556
232812679,I2_2,20000,5629
569033587,I2_1,10000,5233
105714241,I2_2,20000,6306
980870377,I2_2,20000,9139
871966248,I2_1,10000,6378
214653502,I2_1,10000,4403
207263961,I2_2,20000,12375
393875073,I2_1,10000,5126
122407925,I2_1,10000,5707
198190149,I2_2,20000,13799
205675506,I2_2,20000,9502
383972653,I2_1,10000,5415
605738958,I2_2,20000,12586
858772137,I2_2,20000,12597
192899180,I2_1,10000,4383
75611467,I2_2,20000,14686
728600972,I2_1,10000,5339
221384899,I2_2,20000,7248
925955520,I2_1,10000,2898
349961777,I2_1,10000,3101
749170268,I2_2,20000,4728
847783771,I2_2,20000,6162
607148013,I2_1,10000,3630
662029295,I2_2,20000,6200
34355246,I2_1,10000,4520
197797510,I2_2,20000,8334
248694987,I2_2,20000,9444
825936193,I2_1,10000,5543
206042437,I2_1,10000,4889
962014628,I2_1,10000,6025
5297171,I2_1,10000,3237
185600802,I2_2,20000,15295
725225857,I2_2,20000,14187
464111583,I2_2,20000,15059
617226439,I2_2,20000,17219
453145422,I2_2,20000,19318
35915843,I2_2,20000,19113
437907918,I2_2,20000,21787
727005788,I2_2,20000,21895
455022813,I2_2,20000,19632
190961402,I2_1,10000,10540
144590281,I2_2,20000,16978
31347224,I2_2,20000,18586
947450776,I2_1,10000,6810
405550693,I2_1,10000,7313
707808607,I2_2,20000,17360
91887192,I2_2,20000,18969
488932856,I2_1,10000,11545
591533190,I2_2,20000,21113
239106541,I2_1,10000,9985
355506987,I2_1,10000,11598
292958965,I2_2,20000,9762
198187156,I2_2,20000,6136
562161765,I2_1,10000,2537
853195899,I2_2,20000,4806
605204097,I2_1,10000,2597
475724120,I2_1,10000,2711
652475360,I2_2,20000,5700
680908024,I2_2,20000,6646
683007981,I2_2,20000,5522
441091183,I2_1,10000,3744
103919911,I2_2,20000,6924
383983195,I2_2,20000,5755
704490689,I2_2,20000,5258
493607418,I2_1,10000,3646
739408539,I2_1,10000,2899
627005889,I2_2,20000,4990
930685207,I2_1,10000,4474
424630806,I2_2,20000,8260
104437018,I2_1,10000,4496
416424870,I2_2,20000,11058
949500948,I2_1,10000,4371
890651012,I2_1,10000,4921
219716244,I2_2,20000,9981
521475080,I2_2,20000,10820
988088715,I2_1,10000,3770
402188131,I2_1,10000,4358
269811392,I2_2,20000,14117
84757066,I2_2,20000,14080
11681156,I2_2,20000,22467
874895642,I2_1,10000,13835
670701489,I2_1,10000,12749
191086395,I2_2,20000,23817
634934321,I2_1,10000,13369
332053160,I2_1,10000,7365
972362240,I2_1,10000,7939
59712946,I2_2,20000,8260
414939442,I2_1,10000,3873
552872732,I2_2,20000,9317
684108039,I2_1,10000,4414
152442375,I2_2,20000,13109
440519410,I2_2,20000,12966
102532858,I2_2,20000,9632
243440915,I2_2,20000,9674
786240119,I2_2,20000,11782
61631157,I2_1,10000,5752
949306799,I2_1,10000,6267
572287204,I2_1,10000,5802
361689765,I2_1,10000,5329
498687924,I2_2,20000,14345
438252219,I2_2,20000,16507
204579176,I2_1,10000,6311
920988144,I2_2,20000,17476
431660255,I2_2,20000,16351
856996825,I2_1,10000,5873
377585215,I2_1,10000,5788
471388061,I2_1,10000,4812
599623629,I2_2,20000,13980
831330622,I2_1,10000,4297
992073898,I2_1,10000,4892
417045294,I2_2,20000,14911
589525149,I2_1,10000,4879
535546,I2_2,20000,15268
945450012,I2_1,10000,7462
480359686,I2_1,10000,5279
54645054,I2_1,10000,6942
284946021,I2_1,10000,4840
849041171,I2_2,20000,17136
262812128,I2_1,10000,6596
318960406,I2_2,20000,16152
718143209,I2_1,10000,6464
182272046,I2_1,10000,6417
540378308,I2_2,20000,15426
282781264,I2_2,20000,14899
487305778,I2_2,20000,13630
106703714,I2_2,20000,14546
523904205,I2_2,20000,16686
359718068,I2_2,20000,15289
248197593,I2_2,20000,14091
259810481,I2_1,10000,6462
397527242,I2_2,20000,17283
945534736,I2_2,20000,18179
895756903,I2_1,10000,5207
953587848,I2_2,20000,14773
927815408,I2_2,20000,14799
127777944,I2_2,20000,14775
468654884,I2_2,20000,15650
813856286,I2_1,10000,5204
841275334,I2_2,20000,9094
598301892,I2_1,10000,5586
672790148,I2_1,10000,4494
405158884,I2_2,20000,7691
32129097,I2_1,10000,6010
493511685,I2_1,10000,5915
87130198,I2_1,10000,5224
731537589,I2_1,10000,6836
628768203,I2_2,20000,10566
988547990,I2_1,10000,4798
441535581,I2_1,10000,3723
296378377,I2_1,10000,4408
429719967,I2_2,20000,8489
830357952,I2_1,10000,2560
44979853,I2_2,20000,5477
860918514,I2_1,10000,3422
834704758,I2_2,20000,6560
57451880,I2_2,20000,7547
854638262,I2_2,20000,10050
750135055,I2_2,20000,11670
11409274,I2_1,10000,5326
491509143,I2_1,10000,4707
79845788,I2_1,10000,4678
829780990,I2_2,20000,13312
15448016,I2_1,10000,7135
3736707,I2_2,20000,12917
218643167,I2_1,10000,5429
897811018,I2_1,10000,4800
749561494,I2_2,20000,7380
503178116,I2_2,20000,6158
498911721,I2_2,20000,5142
788729731,I2_2,20000,6553
524844329,I2_1,10000,5039
815145858,I2_1,10000,5453
305052254,I2_2,20000,8708
473824049,I2_1,10000,5074
83172311,I2_1,10000,5619
394670899,I2_1,10000,6576
548236342,I2_1,10000,7163
486852999,I2_1,10000,4238
569887286,I2_1,10000,3275
909528099,I2_2,20000,14248
570201685,I2_2,20000,16393
33227360,I2_1,10000,4740
714711054,I2_1,10000,5212
295911367,I2_2,20000,15393
813465469,I2_2,20000,14366
890928994,I2_2,20000,11535
133290206,I2_2,20000,10589
921206578,I2_2,20000,12689
811998991,I2_2,20000,13641
575978670,I2_2,20000,12093
444052768,I2_1,10000,5127
976336902,I2_2,20000,12002
391706691,I2_1,10000,2614
443422867,I2_1,10000,3243
26817375,I2_2,20000,4681
146004303,I2_1,10000,2927
606718508,I2_1,10000,3134
497706807,I2_2,20000,4545
631468448,I2_2,20000,6754
67955826,I2_2,20000,4803
584990913,I2_2,20000,4624
247489941,I2_2,20000,6045
74474700,I2_1,10000,4302
482533913,I2_2,20000,5280
656319261,I2_1,10000,2476
80031417,I2_1,10000,2459
694005792,I2_2,20000,4461
78275026,I2_2,20000,6656
111188736,I2_2,20000,5681
995614064,I2_2,20000,6906
474251586,I2_1,10000,3923
435801383,I2_2,20000,10247
27782475,I2_1,10000,5432
712954948,I2_1,10000,6043
745199778,I2_1,10000,6660
213635046,I2_2,20000,4700
88209022,I2_1,10000,2422
880623631,I2_2,20000,5576
640674295,I2_1,10000,4953
505157565,I2_2,20000,4894
117743596,I2_2,20000,7093
104765245,I2_1,10000,2765
339255076,I2_1,10000,3892
231502832,I2_2,20000,4860
676835182,I2_1,10000,2476
95831118,I2_2,20000,4821
731374201,I2_1,10000,3087
361075579,I2_1,10000,2676
566149431,I2_2,20000,5244
561614548,I2_1,10000,3488
942910408,I2_2,20000,5583
128234430,I2_2,20000,8723
678665112,I2_2,20000,9690
976606827,I2_2,20000,11217
517985544,I2_2,20000,12318
758039503,I2_1,10000,4342
31895241,I2_2,20000,13647
222194975,I2_2,20000,8950
679305386,I2_2,20000,7299
451062759,I2_1,10000,6462
785829133,I2_1,10000,3915
44159255,I2_1,10000,3700
237409766,I2_2,20000,6707
611521751,I2_2,20000,8046
734623554,I2_1,10000,2545
781916359,I2_2,20000,4964
24478776,I2_2,20000,7063
353975332,I2_2,20000,6731
311603813,I2_1,10000,3661
919019986,I2_1,10000,4287
719428195,I2_2,20000,4943
300874636,I2_2,20000,5461
2158169,I2_1,10000,5458
340593273,I2_2,20000,5043
101609702,I2_1,10000,3344
829593095,I2_2,20000,7084
260054606,I2_2,20000,8064
748955112,I2_1,10000,5285
1132979,I2_2,20000,10097
811981699,I2_1,10000,4681
441519915,I2_2,20000,11736
277443206,I2_1,10000,3402
902679173,I2_2,20000,12679
84159087,I2_2,20000,4561
787744010,I2_1,10000,2992
90476842,I2_1,10000,4637
509232652,I2_1,10000,5152
826529704,I2_2,20000,7079
34936348,I2_1,10000,3955
724741106,I2_1,10000,4587
121228391,I2_1,10000,6243
51492663,I2_2,20000,6436
646989273,I2_1,10000,4771
316230678,I2_1,10000,4798
322751744,I2_1,10000,5962
929651086,I2_2,20000,11324
866039666,I2_1,10000,4857
665094770,I2_1,10000,5375
845718905,I2_2,20000,14455
280533688,I2_2,20000,12695
704045928,I2_2,20000,9422
265198661,I2_2,20000,11530
862046501,I2_1,10000,6307
151841156,I2_2,20000,11481
175020333,I2_2,20000,9407
180043900,I2_2,20000,6938
455298439,I2_1,10000,5246
745359099,I2_1,10000,6329
877257520,I2_1,10000,4075
629883317,I2_1,10000,3976
755475553,I2_2,20000,5463
164873780,I2_1,10000,4954
365959995,I2_2,20000,4870
506298493,I2_2,20000,5158
90116184,I2_2,20000,5536
43144088,I2_2,20000,6509
745484554,I2_1,10000,3922
641113342,I2_2,20000,5805
352326180,I2_1,10000,5264
378905657,I2_1,10000,3380
55394536,I2_2,20000,9002
811207675,I2_1,10000,3441
677437143,I2_2,20000,6103
204548492,I2_2,20000,5018
548820643,I2_1,10000,2553
897026164,I2_2,20000,4879
240628620,I2_2,20000,5472
147987732,I2_2,20000,4918
814691299,I2_1,10000,3315
568824005,I2_1,10000,3863
434238941,I2_1,10000,4508
866867985,I2_1,10000,4563
871726393,I2_1,10000,3615
358630235,I2_2,20000,4793
97968404,I2_1,10000,3037
831711018,I2_2,20000,5290
12992143,I2_1,10000,4755
751798558,I2_1,10000,3761
518184276,I2_2,20000,5011
968003933,I2_1,10000,3571
474352276,I2_2,20000,7357
245284823,I2_1,10000,5932
950755068,I2_2,20000,8059
663210038,I2_2,20000,8536
763501905,I2_2,20000,6607
400139077,I2_1,10000,3332
90212556,I2_2,20000,6671
158614381,I2_1,10000,11006
916246956,I2_2,20000,16551
389298093,I2_1,10000,8966
382652999,I2_2,20000,15031
856745675,I2_1,10000,9403
538279596,I2_1,10000,9854
832834546,I2_2,20000,19405
392823619,I2_2,20000,19718
838793307,I2_2,20000,16804
843867593,I2_2,20000,16563
108291608,I2_1,10000,9070
822853885,I2_2,20000,15054
726148204,I2_2,20000,15143
888571907,I2_2,20000,8571
815932335,I2_1,10000,5340
460184367,I2_2,20000,12321
88294272,I2_1,10000,4251
199371840,I2_2,20000,9601
749897415,I2_1,10000,4638
594192930,I2_1,10000,5211
668538928,I2_2,20000,12731
598282160,I2_1,10000,4258
122585989,I2_2,20000,11650
312829456,I2_1,10000,4767
180545030,I2_2,20000,5372
824121392,I2_2,20000,5652
119093429,I2_1,10000,4104
46460740,I2_2,20000,5084
758841208,I2_1,10000,3309
234268652,I2_1,10000,4448
445466827,I2_1,10000,3337
591140495,I2_1,10000,4258
797020711,I2_1,10000,4964
91511471,I2_2,20000,11487
265236832,I2_1,10000,2827
394377836,I2_1,10000,3592
206542651,I2_2,20000,5705
45630961,I2_2,20000,7919
127639063,I2_2,20000,8434
55532341,I2_2,20000,6105
695394908,I2_1,10000,3068
892364524,I2_2,20000,4581
411263664,I2_2,20000,5100
969275680,I2_2,20000,5621
893438296,I2_2,20000,4760
547090977,I2_2,20000,6888
64230909,I2_1,10000,2904
403096872,I2_2,20000,4528
862564316,I2_1,10000,2658
602741513,I2_1,10000,3207
180656858,I2_2,20000,5320
302181452,I2_2,20000,5549
163437077,I2_2,20000,7128
100115140,I2_1,10000,4472
794670211,I2_2,20000,6452
927845742,I2_1,10000,2852
315352123,I2_1,10000,2882
882364249,I2_1,10000,3749
8274445,I2_2,20000,6316
710262342,I2_2,20000,4708
689858083,I2_1,10000,4160
349816957,I2_1,10000,5163
915297234,I2_1,10000,3123
906341548,I2_1,10000,3659
756506317,I2_1,10000,4088
696163840,I2_2,20000,6308
535335466,I2_1,10000,4375
865639393,I2_1,10000,4466
716911098,I2_1,10000,3882
153611208,I2_1,10000,5456
921631019,I2_2,20000,6124
645182323,I2_1,10000,3239
926825353,I2_2,20000,6110
986354006,I2_1,10000,2958
221223258,I2_1,10000,3108
754046607,I2_1,10000,3624
998956735,I2_1,10000,2532
152949585,I2_2,20000,4581
387695861,I2_1,10000,2992
117878593,I2_2,20000,5289
274193269,I2_2,20000,7485
1807290,I2_2,20000,5914
73394700,I2_1,10000,5037
823843845,I2_1,10000,4502
105835844,I2_2,20000,8079
137889163,I2_1,10000,5286
504216130,I2_2,20000,9834
100110186,I2_2,20000,11334
647100536,I2_1,10000,4364
454083469,I2_2,20000,5587
513197666,I2_1,10000,3894
327759251,I2_1,10000,4059
130393481,I2_1,10000,3987
589383582,I2_2,20000,4659
723187327,I2_2,20000,5585
449793992,I2_1,10000,3009
673465011,I2_2,20000,5275
51866920,I2_1,10000,4752
245188277,I2_2,20000,4849
443906582,I2_1,10000,2583
989447330,I2_1,10000,2748
445174867,I2_2,20000,5170
272015869,I2_2,20000,7981
236466665,I2_1,10000,5114
369128824,I2_2,20000,5606
751535533,I2_1,10000,5442
328866967,I2_1,10000,2982
546282775,I2_2,20000,5095
964498061,I2_2,20000,7156
146723601,I2_1,10000,5424
455335208,I2_2,20000,8748
740081049,I2_2,20000,7499
476417862,I2_2,20000,6864
330380686,I2_1,10000,3357
932443593,I2_1,10000,2508
179797438,I2_1,10000,2587
793819067,I2_1,10000,2670
566998163,I2_1,10000,2973
844093562,I2_2,20000,6341
121147057,I2_2,20000,5689
657156168,I2_2,20000,5679
896910595,I2_2,20000,6656
825179882,I2_2,20000,6538
162677004,I2_2,20000,7600
706179379,I2_2,20000,9059
276498562,I2_1,10000,5392
594259667,I2_1,10000,6007
936094941,I2_1,10000,5374
635332423,I2_2,20000,4994
274442224,I2_2,20000,4557
451197354,I2_1,10000,3811
949915404,I2_1,10000,4031
403622174,I2_1,10000,2839
912410637,I2_2,20000,5688
310925413,I2_2,20000,7789
169530157,I2_1,10000,3432
14734821,I2_1,10000,4784
566159392,I2_1,10000,2712
42372947,I2_2,20000,4705
554974127,I2_2,20000,7395
345620127,I2_1,10000,3756
409315022,I2_2,20000,5791
859145206,I2_1,10000,2983
482497388,I2_1,10000,4589
528110988,I2_2,20000,6677
750051367,I2_2,20000,8429
878392450,I2_2,20000,8305
818587652,I2_2,20000,5076
285133666,I2_1,10000,3435
457339750,I2_1,10000,3550
253952190,I2_2,20000,4696
194403272,I2_2,20000,4680
727726253,I2_1,10000,2748
79437902,I2_1,10000,4076
466480517,I2_1,10000,3249
66344150,I2_1,10000,4878
721955925,I2_1,10000,5418
785963801,I2_1,10000,5552
624790046,I2_2,20000,9658
385504199,I2_1,10000,3714
84792249,I2_2,20000,9375
366612574,I2_2,20000,11414
978149966,I2_1,10000,4404
120436345,I2_1,10000,2686
761219643,I2_2,20000,4781
83187716,I2_1,10000,4168
582117443,I2_2,20000,4670
584380997,I2_2,20000,4693
600170475,I2_2,20000,4985
134505574,I2_1,10000,2760
167938965,I2_1,10000,3828
885265232,I2_2,20000,5208
38904351,I2_1,10000,5737
515414323,I2_1,10000,7453
115177337,I2_1,10000,7895
418515371,I2_2,20000,8695
691237956,I2_2,20000,9591
56949205,I2_2,20000,11724
807128005,I2_2,20000,11173
85540813,I2_2,20000,11098
978759475,I2_1,10000,2747
195968007,I2_2,20000,5748
745735303,I2_1,10000,3421
600491444,I2_2,20000,6578
367888582,I2_2,20000,7638
988375470,I2_2,20000,5711
785631071,I2_2,20000,8391
878288414,I2_1,10000,5953
335837418,I2_1,10000,4297
838456522,I2_2,20000,9752
600778473,I2_2,20000,5005
353134302,I2_1,10000,2709
872344964,I2_2,20000,4822
897542658,I2_1,10000,5401
723801535,I2_1,10000,5370
118921019,I2_1,10000,3804
505843777,I2_2,20000,7341
812128442,I2_1,10000,5917
359379245,I2_1,10000,4691
782599031,I2_2,20000,5850
978828168,I2_2,20000,5750
929874824,I2_1,10000,3628
846613374,I2_1,10000,3957
448243281,I2_1,10000,5591
825372721,I2_2,20000,8464
384722568,I2_2,20000,7415
517900717,I2_2,20000,6168
642223563,I2_2,20000,7235
842415686,I2_1,10000,4310
476776172,I2_2,20000,10126
892545692,I2_2,20000,6161
775798552,I2_2,20000,5543
278504547,I2_2,20000,5593
192257744,I2_2,20000,4698
922455206,I2_2,20000,6830
980666930,I2_1,10000,3964
540039509,I2_2,20000,4681
212627536,I2_1,10000,4092
283555143,I2_1,10000,4537
62856972,I2_1,10000,3906
727528534,I2_2,20000,6592
884603440,I2_1,10000,4898
892576719,I2_2,20000,7572
924738038,I2_1,10000,4378
664861923,I2_2,20000,7565
722115138,I2_2,20000,8779
231744880,I2_2,20000,10930
868892622,I2_2,20000,5728
912682891,I2_2,20000,6766
394242202,I2_2,20000,8714
775918707,I2_2,20000,9644
927503367,I2_1,10000,5865
222309289,I2_1,10000,5197
684982100,I2_2,20000,11822
828205127,I2_1,10000,4319
371725973,I2_2,20000,6071
125011806,I2_1,10000,4813
919633846,I2_1,10000,3012
265040194,I2_1,10000,2630
944268144,I2_1,10000,3042
865208368,I2_2,20000,5692
442276397,I2_2,20000,4609
351704370,I2_2,20000,5529
211146505,I2_2,20000,5056
957280828,I2_1,10000,3444
57653190,I2_2,20000,4986
681567425,I2_1,10000,2507
872277811,I2_1,10000,2668
190771979,I2_2,20000,5803
988034151,I2_1,10000,3548
243588097,I2_2,20000,6054
357713184,I2_1,10000,4813
508322072,I2_2,20000,8779
974490686,I2_2,20000,8794
595648717,I2_2,20000,9444
884018939,I2_1,10000,4783
159984336,I2_2,20000,5347
269543642,I2_1,10000,3128
594686495,I2_1,10000,2961
160426969,I2_1,10000,3940
948765035,I2_2,20000,5515
698485697,I2_1,10000,4904
320185445,I2_1,10000,5436
235309891,I2_2,20000,8085
608086440,I2_1,10000,4274
482072583,I2_2,20000,10115
992740223,I2_1,10000,4257
879640516,I2_1,10000,4498
782712914,I2_1,10000,6262
947164197,I2_2,20000,12906
275818546,I2_2,20000,6281
706585215,I2_1,10000,3963
798088328,I2_2,20000,6166
131293039,I2_2,20000,7967
149944399,I2_1,10000,4304
21082567,I2_2,20000,10692
206874056,I2_1,10000,3758
12745197,I2_1,10000,4855
945193406,I2_2,20000,12724
766226026,I2_2,20000,12193
548219486,I2_2,20000,8845
405102325,I2_1,10000,3398
949631281,I2_1,10000,2489
460924069,I2_1,10000,3507
537750982,I2_1,10000,5526
878158616,I2_2,20000,6607
830064468,I2_1,10000,5878
372619999,I2_1,10000,4201
268584264,I2_2,20000,8682
882417248,I2_2,20000,10729
7056913,I2_1,10000,3762
341912989,I2_2,20000,11601
723244849,I2_1,10000,2760
986897848,I2_2,20000,4832
558381671,I2_1,10000,5354
579258147,I2_2,20000,7731
730315788,I2_2,20000,9784
302803978,I2_1,10000,2819
122033693,I2_2,20000,5386
688508404,I2_2,20000,5283
725245755,I2_1,10000,2677
466202956,I2_1,10000,2969
205272627,I2_2,20000,4926
437348171,I2_1,10000,3009
888775550,I2_1,10000,2643
653811502,I2_1,10000,2885
2636787,I2_1,10000,2857
944355072,I2_2,20000,5644
722205959,I2_1,10000,3972
342062612,I2_2,20000,7069
555893083,I2_1,10000,3790
890753500,I2_2,20000,7987
902404525,I2_1,10000,4657
176562978,I2_1,10000,3708
96726236,I2_1,10000,4288
955099279,I2_1,10000,4154
481732485,I2_2,20000,8063
442367140,I2_1,10000,5069
343754580,I2_1,10000,4341
329261198,I2_2,20000,12277
146835898,I2_1,10000,5219
650128715,I2_2,20000,13154
112878161,I2_1,10000,4302
39630207,I2_1,10000,5893
600828839,I2_1,10000,6596
36261437,I2_2,20000,9306
353802944,I2_2,20000,10327
896990465,I2_2,20000,11433
205604378,I2_1,10000,4403
873864686,I2_2,20000,14635
723555660,I2_1,10000,3781
34413406,I2_2,20000,13922
676351099,I2_2,20000,10196
368208918,I2_2,20000,12266
415863406,I2_1,10000,6326
759371604,I2_2,20000,14266
168166235,I2_2,20000,15607
484700198,I2_2,20000,11688
150373707,I2_2,20000,4635
59090551,I2_1,10000,2653
316128334,I2_1,10000,3689
606399635,I2_1,10000,3590
715722289,I2_1,10000,4105
788012302,I2_2,20000,6439
791701864,I2_2,20000,8744
852823543,I2_1,10000,4007
672034652,I2_1,10000,3125
390101080,I2_2,20000,5736
785664545,I2_1,10000,2981
627417873,I2_2,20000,5532
139516102,I2_1,10000,3124
783719384,I2_1,10000,3334
682870441,I2_1,10000,2770
725306431,I2_1,10000,2806
358174651,I2_1,10000,2779
370551337,I2_1,10000,3744
276766524,I2_1,10000,3139
965881819,I2_2,20000,5580
275553147,I2_1,10000,2797
993304031,I2_1,10000,3009
710896826,I2_2,20000,4730
864257668,I2_2,20000,4906
823794238,I2_1,10000,3230
968835784,I2_1,10000,2948
589561943,I2_2,20000,5159
613282339,I2_2,20000,5657
296683089,I2_2,20000,4758
227540623,I2_1,10000,3759
660041105,I2_1,10000,3154
136078236,I2_2,20000,5730
568118863,I2_2,20000,7939
547499522,I2_1,10000,3612
571265101,I2_1,10000,4760
371150607,I2_1,10000,4386
706114600,I2_2,20000,7527
712674194,I2_1,10000,5478
398949334,I2_1,10000,6549
258982962,I2_2,20000,8820
678353757,I2_1,10000,5672
246372023,I2_1,10000,6778
303648726,I2_1,10000,5018
487529291,I2_1,10000,3841
294567600,I2_2,20000,7882
583241515,I2_1,10000,2783
853183328,I2_2,20000,5262
543781902,I2_1,10000,2928
851908542,I2_2,20000,4968
816524882,I2_2,20000,4735
418675292,I2_1,10000,3263
892068155,I2_2,20000,5670
89236735,I2_1,10000,4655
320275843,I2_2,20000,6064
439675155,I2_2,20000,4755
823547800,I2_2,20000,5806
45939904,I2_1,10000,2745
388142778,I2_2,20000,5596
23670809,I2_1,10000,6057
162817036,I2_2,20000,8930
542603982,I2_2,20000,7305
803629885,I2_1,10000,3940
231222124,I2_1,10000,3739
656909176,I2_1,10000,5328
716135818,I2_2,20000,7253
545629620,I2_1,10000,2984
363699531,I2_2,20000,8997
331990087,I2_2,20000,5187
401166298,I2_1,10000,3594
111660248,I2_1,10000,3504
508198926,I2_1,10000,3087
568017913,I2_1,10000,2697
910121061,I2_2,20000,5981
400845215,I2_2,20000,4694
463698972,I2_1,10000,3133
422319809,I2_2,20000,5577
935261909,I2_2,20000,6109
694220305,I2_2,20000,6188
995542618,I2_1,10000,4318
47033641,I2_2,20000,8702
969580351,I2_1,10000,5451
822037939,I2_1,10000,6097
545360816,I2_1,10000,5497
233895510,I2_2,20000,9293
212045313,I2_1,10000,7098
62449663,I2_1,10000,4297
381261722,I2_2,20000,8812
248790462,I2_1,10000,4597
759924274,I2_2,20000,12167
760483000,I2_1,10000,5132
492951387,I2_1,10000,6362
757605451,I2_1,10000,6136
341031227,I2_1,10000,7265
78608043,I2_2,20000,11815
728494846,I2_1,10000,7847
283228870,I2_1,10000,5657
723672342,I2_1,10000,6054
433506603,I2_2,20000,15364
986973614,I2_2,20000,7916
690443245,I2_2,20000,7822
72168944,I2_2,20000,6950
628567583,I2_2,20000,7627
833061130,I2_2,20000,5105
319065633,I2_1,10000,4611
619460188,I2_2,20000,5485
910125772,I2_1,10000,4346
271006065,I2_1,10000,4441
235111489,I2_1,10000,2624
127913231,I2_1,10000,3737
543155570,I2_2,20000,4504
535394004,I2_1,10000,2593
211943874,I2_2,20000,4735
3985556,I2_1,10000,2626
914341779,I2_2,20000,5445
482443488,I2_1,10000,5585
444331690,I2_1,10000,4026
762988298,I2_2,20000,9724
582024684,I2_2,20000,7032
803512859,I2_2,20000,10335
107650499,I2_1,10000,5433
596999756,I2_2,20000,12479
765496998,I2_1,10000,4876
755593458,I2_2,20000,15087
831939610,I2_1,10000,6357
730768790,I2_2,20000,14281
570523231,I2_1,10000,4646
46926242,I2_2,20000,7421
336026520,I2_2,20000,9075
200703378,I2_1,10000,3989
111001709,I2_2,20000,5498
347723386,I2_1,10000,4913
910400203,I2_2,20000,4438
764721410,I2_2,20000,5522
573561980,I2_1,10000,5982
968061909,I2_1,10000,3196
158190881,I2_2,20000,9211
901778975,I2_1,10000,4304
275444023,I2_2,20000,12883
740167401,I2_2,20000,14964
107238975,I2_2,20000,14812
261005036,I2_2,20000,13640
862619084,I2_2,20000,13590
402629647,I2_2,20000,14041
762820217,I2_2,20000,16115
801184904,I2_2,20000,15094
149477874,I2_1,10000,7283
834526765,I2_2,20000,15103
609406255,I2_1,10000,4686
529354297,I2_2,20000,12614
270199791,I2_1,10000,4908
282246711,I2_1,10000,4783
753865641,I2_2,20000,11900
892183534,I2_1,10000,5628
129580577,I2_2,20000,4928
733238802,I2_2,20000,6383
377287456,I2_1,10000,4263
546427221,I2_1,10000,4360
605975988,I2_1,10000,2947
689986095,I2_2,20000,4575
261482717,I2_1,10000,2930
934256596,I2_1,10000,3886
984909425,I2_1,10000,2448
510952328,I2_1,10000,2538
727257643,I2_2,20000,5137
785746951,I2_2,20000,4665
203713473,I2_2,20000,6762
88226122,I2_2,20000,5964
20516725,I2_1,10000,3049
286496874,I2_1,10000,4062
235989411,I2_1,10000,3953
688698951,I2_2,20000,6353
626661202,I2_1,10000,3050
696308312,I2_1,10000,2766
913597627,I2_2,20000,5321
695058501,I2_2,20000,5631
680868441,I2_2,20000,5834
295513606,I2_2,20000,5856
645599009,I2_2,20000,5660
12588661,I2_2,20000,4647
570336857,I2_2,20000,5061
321215620,I2_2,20000,5682
66279477,I2_1,10000,4118
977842335,I2_2,20000,5575
603965602,I2_1,10000,5540
613624814,I2_2,20000,8279
313440032,I2_2,20000,9734
178730106,I2_2,20000,11694
373186578,I2_2,20000,11722
280889645,I2_2,20000,12844
953751759,I2_2,20000,14321
135768895,I2_2,20000,9161
264436238,I2_1,10000,6528
408485191,I2_1,10000,4363
414063333,I2_2,20000,11947
122569976,I2_2,20000,11993
816810412,I2_1,10000,4890
571974325,I2_1,10000,5414
39395494,I2_2,20000,14646
586058171,I2_2,20000,15467
690398954,I2_2,20000,16139
861765351,I2_2,20000,17751
880333499,I2_1,10000,9597
267944892,I2_1,10000,5955
192553373,I2_2,20000,14996
561439723,I2_2,20000,15380
155188364,I2_2,20000,12175
495521872,I2_2,20000,13181
364624109,I2_1,10000,6829
877878419,I2_1,10000,8437
3918349,I2_2,20000,14233
66273715,I2_2,20000,11371
695683615,I2_2,20000,8414
748455346,I2_2,20000,8417
30339834,I2_2,20000,6993
368980404,I2_2,20000,5546
702241811,I2_1,10000,4025
747201133,I2_2,20000,4960
625236644,I2_2,20000,4985
371093391,I2_2,20000,4549
634504470,I2_1,10000,2884
148586337,I2_1,10000,2731
531405176,I2_1,10000,4380
526152070,I2_2,20000,4748
719377772,I2_1,10000,3481
205494093,I2_2,20000,5151
914695466,I2_1,10000,2464
221845977,I2_1,10000,2599
107181988,I2_2,20000,4471
539537302,I2_1,10000,3897
468660987,I2_2,20000,6463
7519947,I2_2,20000,4906
305064366,I2_1,10000,5988
280576115,I2_1,10000,6521
905020747,I2_2,20000,7491
505418196,I2_2,20000,6574
89896564,I2_1,10000,3797
857588073,I2_1,10000,3839
351849913,I2_1,10000,3172
606225231,I2_2,20000,8518
650469056,I2_1,10000,4157
33593422,I2_1,10000,5292
948411324,I2_2,20000,11588
572755795,I2_2,20000,13274
698274401,I2_2,20000,6439
289310239,I2_1,10000,2580
485235567,I2_1,10000,2558
662701694,I2_2,20000,4633
840991765,I2_1,10000,3094
569645169,I2_2,20000,7746
896160227,I2_2,20000,4711
259019896,I2_1,10000,3365
959005498,I2_2,20000,5404
449536586,I2_2,20000,6568
851705040,I2_2,20000,8709
197527799,I2_2,20000,5890
406551703,I2_2,20000,5790
262532450,I2_2,20000,5783
946736925,I2_2,20000,7514
614698692,I2_1,10000,3995
185569055,I2_1,10000,2439
81331798,I2_1,10000,3266
919609038,I2_1,10000,3857
303853852,I2_1,10000,3959
695177748,I2_1,10000,4540
26473154,I2_2,20000,7399
685046653,I2_1,10000,2865
984445814,I2_1,10000,3276
225153569,I2_2,20000,7219
365273918,I2_1,10000,2464
235213803,I2_1,10000,3334
636049881,I2_2,20000,5471
808496060,I2_1,10000,3708
584168456,I2_1,10000,5304
266135334,I2_2,20000,8548
179241544,I2_2,20000,8434
83793739,I2_2,20000,10223
85539880,I2_1,10000,3358
516693330,I2_2,20000,10300
648471421,I2_2,20000,6663
304512735,I2_1,10000,4760
614819552,I2_1,10000,3190
339300840,I2_2,20000,9574
346650591,I2_1,10000,4271
616910625,I2_2,20000,11623
719204272,I2_2,20000,8425
41906397,I2_2,20000,9365
33486272,I2_2,20000,9420
628459721,I2_2,20000,12046
748021766,I2_2,20000,10843
605929591,I2_1,10000,4220
105537620,I2_2,20000,12504
587358821,I2_2,20000,12020
150443152,I2_2,20000,7087
323674369,I2_1,10000,4976
593656069,I2_1,10000,4978
430488082,I2_2,20000,4537
234896494,I2_2,20000,4518
271252007,I2_2,20000,4541
766685353,I2_1,10000,3517
69120376,I2_1,10000,3720
7972511,I2_2,20000,7073
602552877,I2_1,10000,4416
454216332,I2_1,10000,3385
429076060,I2_1,10000,4440
715251412,I2_1,10000,5448
160749102,I2_1,10000,4862
343926618,I2_2,20000,8154
791030470,I2_2,20000,4922
412938398,I2_2,20000,6987
336559525,I2_1,10000,3794
147981062,I2_1,10000,4108
314624462,I2_1,10000,5657
627317404,I2_2,20000,7582
772733031,I2_1,10000,3481
831474111,I2_2,20000,11509
349164930,I2_2,20000,6669
467454386,I2_1,10000,5285
649287341,I2_1,10000,5754
61164792,I2_1,10000,5548
160041946,I2_1,10000,3078
536094043,I2_1,10000,3024
873239447,I2_1,10000,4540
720249785,I2_1,10000,3868
723710173,I2_2,20000,7238
727746717,I2_2,20000,4441
393612162,I2_2,20000,5563
678173509,I2_1,10000,5022
541004997,I2_2,20000,5190
834849889,I2_2,20000,7426
507911252,I2_2,20000,8104
486223316,I2_1,10000,4942
274715084,I2_1,10000,5568
262567460,I2_2,20000,8181
295103230,I2_2,20000,9280
952589454,I2_1,10000,5328
267143265,I2_1,10000,4521
648888191,I2_1,10000,5046
697661757,I2_2,20000,8677
100856393,I2_2,20000,7234
765758823,I2_2,20000,4684
370094679,I2_2,20000,5669
36640105,I2_2,20000,5502
112679422,I2_1,10000,4476
945657573,I2_1,10000,5008
212423255,I2_1,10000,3876
971833069,I2_1,10000,2999
540441904,I2_1,10000,2459
14546231,I2_2,20000,4531
618615034,I2_1,10000,3959
589380394,I2_2,20000,6574
832798043,I2_2,20000,5602
635849160,I2_2,20000,5349
155240224,I2_2,20000,7417
104065372,I2_1,10000,5909
735498420,I2_1,10000,4253
888144167,I2_2,20000,11707
222252652,I2_1,10000,5309
615455345,I2_2,20000,5901
180459831,I2_1,10000,4883
699077193,I2_1,10000,4026
876747420,I2_1,10000,2431
985158323,I2_1,10000,2499
909788123,I2_2,20000,5930
177220522,I2_2,20000,4527
975104148,I2_1,10000,5063
344240889,I2_2,20000,4546
560586110,I2_1,10000,2802
725685736,I2_1,10000,2814
719576664,I2_2,20000,4817
488211330,I2_2,20000,5465
762597039,I2_1,10000,2867
150714646,I2_2,20000,5008
276817450,I2_1,10000,4419
468926417,I2_2,20000,4931
486252910,I2_2,20000,5241
300731322,I2_1,10000,4573
478048251,I2_1,10000,2950
245109336,I2_2,20000,7324
936237468,I2_1,10000,4957
911506469,I2_1,10000,4820
937487479,I2_1,10000,4758
621027871,I2_2,20000,4720
113940524,I2_1,10000,5088
399708241,I2_2,20000,5318
492990949,I2_1,10000,5456
994335882,I2_2,20000,5473
286749467,I2_1,10000,3729
734452589,I2_2,20000,7924
865390984,I2_2,20000,4886
70803450,I2_2,20000,7050
948174604,I2_2,20000,6474
779924751,I2_1,10000,5966
950667435,I2_2,20000,9074
638073346,I2_2,20000,7526
325538419,I2_2,20000,7962
805881847,I2_1,10000,4816
392365776,I2_1,10000,3369
844517141,I2_2,20000,12230
452640392,I2_1,10000,5349
597733451,I2_1,10000,5372
598877229,I2_1,10000,5448
239523318,I2_1,10000,5537
522142797,I2_1,10000,6655
562257159,I2_1,10000,7173
596840814,I2_1,10000,6622
23646452,I2_2,20000,13137
986693273,I2_1,10000,8213
257585389,I2_1,10000,7595
608903103,I2_1,10000,8688
287126973,I2_1,10000,8698
524707125,I2_1,10000,7052
971761103,I2_1,10000,5427
723072717,I2_1,10000,5327
142218277,I2_2,20000,11790
697609049,I2_1,10000,6927
980158056,I2_1,10000,4206
447150545,I2_2,20000,11813
673665435,I2_2,20000,6375
948020092,I2_1,10000,4840
507558421,I2_1,10000,5299
1188920,I2_2,20000,6453
201007968,I2_1,10000,3492
693962228,I2_1,10000,2510
477051143,I2_1,10000,2496
888769475,I2_1,10000,2643
98758791,I2_1,10000,2711
796037751,I2_1,10000,3442
302597990,I2_1,10000,3944
317898685,I2_2,20000,6235
330881313,I2_2,20000,5395
207736419,I2_2,20000,7507
119487172,I2_2,20000,5899
608223444,I2_2,20000,6839
136482833,I2_1,10000,5183
575993530,I2_2,20000,7393
988167118,I2_1,10000,4271
804398959,I2_2,20000,4491
705701886,I2_2,20000,5551
164032362,I2_1,10000,2915
10872164,I2_2,20000,4434
202373740,I2_1,10000,3873
413756887,I2_1,10000,4355
137202029,I2_1,10000,2457
734182732,I2_2,20000,4531
143971600,I2_1,10000,3974
55102483,I2_2,20000,4847
794577457,I2_1,10000,2448
67555563,I2_1,10000,2537
971528052,I2_2,20000,5200
335118359,I2_1,10000,2873
292538087,I2_2,20000,4615
447008122,I2_1,10000,2908
475196361,I2_2,20000,4558
983025711,I2_2,20000,5218
25292815,I2_2,20000,4565
302150202,I2_2,20000,4655
6731898,I2_2,20000,5696
628551771,I2_1,10000,2964
384187146,I2_2,20000,5094
520486918,I2_1,10000,2593
187139969,I2_1,10000,2948
132099723,I2_1,10000,3861
28791038,I2_1,10000,2889
446424414,I2_2,20000,5220
245920320,I2_1,10000,2706
992048014,I2_1,10000,3819
962136382,I2_2,20000,5737
354087358,I2_1,10000,5136
719541423,I2_2,20000,5009
486761553,I2_2,20000,7018
17844532,I2_2,20000,7566
440917957,I2_2,20000,7963
517369420,I2_1,10000,5406
455969217,I2_2,20000,6654
553662749,I2_1,10000,3015
358320738,I2_1,10000,4009
610710710,I2_2,20000,5202
19234977,I2_1,10000,2946
140395828,I2_2,20000,4668
703389756,I2_2,20000,5164
562104133,I2_1,10000,3553
820571147,I2_1,10000,3474
834273938,I2_1,10000,3336
327313368,I2_2,20000,7136
813101541,I2_2,20000,6903
556321334,I2_2,20000,9009
299043836,I2_2,20000,8479
223144041,I2_2,20000,9431
641933597,I2_2,20000,6987
33115802,I2_2,20000,8112
927412503,I2_1,10000,6063
623500180,I2_1,10000,3521
18793396,I2_1,10000,3596
138645010,I2_1,10000,4169
139268130,I2_2,20000,5603
935378329,I2_2,20000,5521
22864637,I2_1,10000,5487
177146167,I2_1,10000,4421
677377516,I2_1,10000,4611
351685615,I2_1,10000,3623
951716772,I2_2,20000,5149
619236122,I2_2,20000,7281
878016317,I2_1,10000,4662
376686904,I2_2,20000,6754
704787423,I2_1,10000,4410
997950726,I2_1,10000,5534
305491960,I2_1,10000,2622
298846641,I2_1,10000,3473
316188606,I2_2,20000,5660
591703900,I2_2,20000,7827
8062371,I2_2,20000,6613
620645541,I2_2,20000,7005
940755486,I2_2,20000,6934
76311428,I2_1,10000,3233
266284121,I2_2,20000,5147
884860695,I2_1,10000,4489
310888414,I2_2,20000,8933
701504313,I2_2,20000,9837
989459388,I2_2,20000,9851
93978742,I2_2,20000,9665
551702108,I2_2,20000,11813
108672706,I2_1,10000,5297
632207050,I2_2,20000,11783
650769594,I2_2,20000,13485
12580016,I2_2,20000,14348
479502678,I2_1,10000,5252
77402399,I2_2,20000,10742
160554287,I2_1,10000,5992
279088023,I2_1,10000,4844
599342221,I2_1,10000,5377
864375750,I2_2,20000,14393
999839798,I2_1,10000,3650
303231835,I2_2,20000,10619
546864705,I2_2,20000,12766
564426669,I2_2,20000,14087
513289281,I2_2,20000,14565
653637623,I2_1,10000,6954
464932223,I2_2,20000,16942
864634857,I2_1,10000,6850
375345077,I2_1,10000,5718
275547923,I2_2,20000,13776
639737816,I2_2,20000,12627
871802027,I2_2,20000,15266
502494231,I2_2,20000,17348
195769660,I2_1,10000,7380
624837663,I2_2,20000,12014
407573330,I2_2,20000,12556
248621314,I2_2,20000,13067
349083328,I2_2,20000,11091
229721851,I2_1,10000,5785
164107503,I2_1,10000,4129
585336047,I2_2,20000,11517
157169209,I2_2,20000,10512
124676032,I2_2,20000,11064
283909752,I2_2,20000,10035
508668094,I2_2,20000,4976
188957703,I2_1,10000,4423
435328474,I2_1,10000,3403
742930743,I2_2,20000,7654
748400318,I2_1,10000,4372
207563262,I2_2,20000,9281
626697623,I2_1,10000,5304
345597847,I2_1,10000,4854
32697154,I2_2,20000,8472
180817358,I2_1,10000,4209
523666379,I2_2,20000,9537
320403626,I2_1,10000,4248
995540864,I2_1,10000,3172
512946755,I2_2,20000,11624
304028421,I2_1,10000,4825
224201921,I2_2,20000,14361
63936915,I2_1,10000,5335
801644462,I2_2,20000,6821
929440923,I2_1,10000,5841
264569430,I2_2,20000,8169
18676296,I2_2,20000,10262
85811030,I2_1,10000,2805
578611601,I2_2,20000,4440
815788904,I2_2,20000,5423
160184067,I2_2,20000,5903
832610329,I2_2,20000,5487
833484553,I2_1,10000,4952
157652266,I2_1,10000,3461
187378102,I2_1,10000,2674
528431067,I2_2,20000,5582
170364771,I2_2,20000,8329
642702398,I2_2,20000,7122
744324849,I2_1,10000,4278
179549051,I2_2,20000,9878
297301593,I2_1,10000,4365
366298319,I2_2,20000,12381
15916413,I2_2,20000,5263
949743821,I2_2,20000,7417
290397331,I2_1,10000,2963
893879685,I2_1,10000,3284
369726887,I2_2,20000,5599
138523630,I2_1,10000,4458
260682108,I2_2,20000,6502
668526608,I2_2,20000,7016
604647999,I2_2,20000,7926
984592120,I2_2,20000,8721
727628241,I2_2,20000,10883
280731654,I2_1,10000,2580
990598261,I2_2,20000,5333
842843410,I2_2,20000,4597
27531140,I2_2,20000,4739
950912746,I2_1,10000,2810
334163683,I2_2,20000,4534
202889727,I2_2,20000,5475
433995036,I2_1,10000,2916
448886867,I2_2,20000,6903
764571294,I2_2,20000,5710
905965471,I2_2,20000,5654
82026369,I2_1,10000,3971
8004558,I2_1,10000,5060
363249018,I2_2,20000,4765
858785003,I2_2,20000,6796
643439335,I2_1,10000,2958
546094994,I2_1,10000,3810
444185929,I2_2,20000,6436
472858671,I2_1,10000,3292
519213289,I2_1,10000,3479
74267861,I2_2,20000,6063
584336984,I2_1,10000,2953
739309697,I2_1,10000,2858
49338329,I2_1,10000,2753
529815721,I2_2,20000,5551
416848695,I2_2,20000,5082
797859234,I2_2,20000,5879
360498267,I2_1,10000,5372
252470120,I2_2,20000,5384
438343641,I2_2,20000,5559
846635475,I2_1,10000,3810
147302264,I2_1,10000,4421
450825452,I2_2,20000,6231
341189674,I2_2,20000,7256
21001565,I2_1,10000,3504
708968254,I2_1,10000,4393
268164333,I2_2,20000,7573
856906848,I2_2,20000,9112
465315845,I2_2,20000,8632
334708051,I2_1,10000,5467
826827662,I2_1,10000,3814
999201325,I2_1,10000,4962
560018162,I2_2,20000,11852
571843158,I2_1,10000,6455
881769028,I2_1,10000,5938
36491967,I2_2,20000,11400
668333084,I2_2,20000,9707
468670847,I2_2,20000,6002
929593114,I2_1,10000,4950
668384859,I2_2,20000,4947
211631142,I2_2,20000,5130
695058696,I2_1,10000,3849
756264012,I2_1,10000,2904
885744964,I2_1,10000,3114
724084516,I2_1,10000,3520
225467780,I2_1,10000,4044
916559620,I2_2,20000,5474
184627124,I2_2,20000,5057
346265186,I2_1,10000,3437
449465693,I2_2,20000,8917
881430090,I2_2,20000,7766
482714863,I2_2,20000,9919
392737907,I2_2,20000,8791
789776902,I2_2,20000,6049
940219552,I2_1,10000,5552
971472094,I2_1,10000,5106
322245811,I2_1,10000,4090
47168484,I2_2,20000,5501
864325902,I2_1,10000,4937
121467017,I2_1,10000,3327
496979694,I2_1,10000,4145
481206827,I2_2,20000,4748
690777999,I2_1,10000,3493
606624073,I2_1,10000,3855
483539483,I2_2,20000,6346
206727409,I2_1,10000,4575
478081341,I2_2,20000,9472
560400963,I2_2,20000,5418
554064071,I2_1,10000,3133
224553449,I2_1,10000,2729
972126087,I2_1,10000,2918
942235613,I2_2,20000,5427
993995873,I2_1,10000,4819
610742582,I2_2,20000,5641
18812809,I2_1,10000,3737
775587141,I2_2,20000,5829
685362442,I2_2,20000,8530
446366878,I2_1,10000,4301
907874004,I2_1,10000,4794
216360451,I2_1,10000,5932
316684829,I2_2,20000,10830
586858238,I2_1,10000,6018
251122279,I2_1,10000,5657
366380192,I2_2,20000,9361
862960597,I2_2,20000,5135
468579032,I2_2,20000,4773
86204044,I2_1,10000,4128
441460068,I2_1,10000,4142
77204488,I2_1,10000,2700
180943951,I2_2,20000,4889
523533112,I2_2,20000,4781
229405688,I2_1,10000,2802
901774198,I2_2,20000,4840
226051288,I2_2,20000,4873
909697236,I2_2,20000,5487
433163310,I2_2,20000,4701
29118791,I2_1,10000,5071
228805280,I2_1,10000,2703
264099250,I2_2,20000,5129
783676394,I2_1,10000,4039
463864947,I2_1,10000,3393
289403018,I2_2,20000,7576
331392958,I2_1,10000,5215
891480222,I2_1,10000,2998
222439317,I2_1,10000,5002
116049525,I2_2,20000,8016
403734835,I2_2,20000,8942
579304111,I2_2,20000,4663
321905874,I2_2,20000,5327
31517368,I2_1,10000,3603
333518661,I2_1,10000,4144
159232201,I2_2,20000,8472
594301191,I2_2,20000,8289
543418690,I2_2,20000,9180
92738114,I2_2,20000,7915
125251017,I2_2,20000,8782
286964979,I2_1,10000,4571
735413798,I2_1,10000,3237
787355470,I2_2,20000,6371
826666372,I2_1,10000,5506
944417812,I2_1,10000,6650
791329877,I2_2,20000,9523
933537074,I2_1,10000,4958
270324094,I2_1,10000,5518
760026396,I2_2,20000,13784
107238803,I2_2,20000,15425
913064537,I2_2,20000,12397
779950141,I2_1,10000,5321
337496984,I2_2,20000,14904
619996972,I2_2,20000,12211
967795734,I2_2,20000,8483
841201426,I2_1,10000,5362
533537501,I2_2,20000,5675
899963107,I2_1,10000,3580
997050732,I2_2,20000,4576
775054943,I2_2,20000,6612
336074173,I2_2,20000,4657
63709010,I2_2,20000,5146
206239376,I2_1,10000,3506
804480263,I2_1,10000,3953
681056347,I2_2,20000,9028
690634305,I2_2,20000,6746
940316322,I2_1,10000,4010
13818646,I2_1,10000,4423
263287458,I2_1,10000,3923
913869000,I2_2,20000,5090
994567678,I2_2,20000,4880
745040389,I2_2,20000,6874
91225127,I2_1,10000,2667
776041164,I2_1,10000,3826
260063339,I2_1,10000,4934
724362965,I2_1,10000,6932
74011123,I2_2,20000,5232
736786062,I2_2,20000,5112
597167946,I2_2,20000,7263
133455851,I2_1,10000,5539
452304691,I2_1,10000,4952
294162833,I2_1,10000,5498
335990596,I2_2,20000,10997
459867610,I2_1,10000,6191
272942313,I2_1,10000,5469
306465424,I2_2,20000,12514
918296610,I2_1,10000,3787
417147026,I2_2,20000,15939
786851008,I2_2,20000,14013
134134447,I2_2,20000,12377
675929819,I2_2,20000,5398
851649392,I2_1,10000,4763
654897827,I2_1,10000,3630
794804830,I2_1,10000,2832
170002873,I2_1,10000,3917
560784357,I2_2,20000,7024
540118246,I2_1,10000,5273
442949795,I2_2,20000,10184
998275387,I2_1,10000,3686
526453584,I2_2,20000,11392
93319468,I2_2,20000,12286
536069925,I2_2,20000,5789
51541612,I2_2,20000,5033
633563191,I2_1,10000,5514
574853575,I2_2,20000,5466
652348751,I2_2,20000,5360
77827407,I2_1,10000,5308
611176515,I2_2,20000,8411
686089853,I2_1,10000,5194
786901567,I2_1,10000,4307
581173394,I2_2,20000,8385
237333717,I2_1,10000,3699
644526238,I2_2,20000,5824
594489500,I2_2,20000,5482
884720775,I2_1,10000,4980
947464821,I2_2,20000,6384
55636951,I2_2,20000,5459
130408254,I2_1,10000,6013
553237416,I2_1,10000,5366
936496255,I2_2,20000,6870
301067992,I2_1,10000,5257
714310300,I2_2,20000,7478
781409671,I2_2,20000,5433
125433405,I2_2,20000,6399
543084027,I2_1,10000,5727
737671087,I2_1,10000,3980
744212061,I2_2,20000,8998
890311498,I2_2,20000,9806
449232752,I2_1,10000,5260
880353264,I2_2,20000,9190
396599804,I2_2,20000,5968
663743198,I2_2,20000,4557
39518121,I2_2,20000,6689
15449091,I2_2,20000,7429
648269757,I2_2,20000,5635
641796269,I2_1,10000,4984
961493036,I2_1,10000,4388
58316003,I2_2,20000,6516
367938028,I2_1,10000,3805
576393020,I2_2,20000,4530
524581607,I2_1,10000,4989
491015213,I2_1,10000,2532
525807325,I2_1,10000,3551
705219050,I2_2,20000,5652
877364976,I2_2,20000,7157
841314853,I2_1,10000,5453
830735033,I2_2,20000,8636
643298403,I2_1,10000,6961
755310760,I2_1,10000,6352
899004273,I2_1,10000,8006
800688427,I2_1,10000,7316
620952635,I2_2,20000,12224
980548705,I2_1,10000,3707
945810291,I2_2,20000,14240
846975999,I2_1,10000,4181
321405663,I2_2,20000,10416
58831044,I2_2,20000,11731
829084661,I2_2,20000,7058
473907024,I2_2,20000,4525
531698936,I2_2,20000,5433
485213029,I2_1,10000,2527
961777540,I2_1,10000,2599
893110683,I2_1,10000,2582
360194252,I2_1,10000,2479
905850276,I2_1,10000,3542
504703618,I2_2,20000,5267
585613529,I2_2,20000,6854
944551325,I2_1,10000,5224
107884068,I2_1,10000,4565
797714564,I2_1,10000,4928
360434683,I2_1,10000,6660
299099646,I2_1,10000,4471
397504878,I2_2,20000,9842
619592955,I2_1,10000,5440
342360552,I2_1,10000,7052
264532604,I2_1,10000,6359
838857309,I2_2,20000,12586
534796243,I2_1,10000,3938
891901802,I2_1,10000,3844
897531275,I2_1,10000,5439
126295317,I2_1,10000,4868
797774444,I2_2,20000,7117
75792885,I2_2,20000,4994
747954064,I2_1,10000,2899
146242888,I2_1,10000,4448
918200585,I2_2,20000,5168
188707049,I2_1,10000,2933
964625333,I2_2,20000,8330
654820849,I2_1,10000,3749
641428320,I2_2,20000,5622
291747930,I2_2,20000,5571
509107282,I2_1,10000,2560
539946696,I2_1,10000,3710
496496216,I2_1,10000,2859
470196722,I2_2,20000,4838
157519124,I2_2,20000,7140
595437122,I2_2,20000,7438
771697378,I2_1,10000,4863
699452271,I2_1,10000,4322
19491908,I2_2,20000,9056
793392174,I2_1,10000,3861
394936649,I2_2,20000,10544
553938985,I2_2,20000,12164
781424446,I2_2,20000,13617
895342681,I2_1,10000,5698
456027499,I2_1,10000,5284
881804458,I2_2,20000,17889
894134314,I2_2,20000,18433
286509173,I2_2,20000,15930
685717472,I2_1,10000,6953
331908967,I2_1,10000,6269
118829304,I2_2,20000,17337
146320948,I2_1,10000,7324
440636451,I2_2,20000,19045
543688985,I2_1,10000,9566
109692908,I2_1,10000,10633
831990368,I2_1,10000,12267
412501069,I2_2,20000,24276
735966711,I2_2,20000,26460
493939583,I2_2,20000,23305
499459138,I2_2,20000,24216
121576535,I2_2,20000,23679
936915042,I2_2,20000,25809
120239994,I2_1,10000,15310
705083970,I2_1,10000,14141
121319780,I2_1,10000,13560
225210641,I2_2,20000,26479
908987090,I2_1,10000,16474
377724302,I2_1,10000,17006
157293765,I2_2,20000,25995
853912694,I2_1,10000,11205
524795527,I2_2,20000,20613
643992653,I2_1,10000,9472
546842348,I2_1,10000,9445
54357424,I2_1,10000,10529
573794712,I2_1,10000,11083
58945013,I2_1,10000,8466
244001780,I2_2,20000,17124
858816720,I2_1,10000,2856
709323324,I2_1,10000,4396
751753990,I2_2,20000,5971
292621877,I2_1,10000,2438
594552562,I2_2,20000,5506
99399082,I2_1,10000,4888
444853339,I2_2,20000,7648
655531115,I2_2,20000,6422
548090564,I2_1,10000,4752
8416872,I2_2,20000,8478
54990320,I2_1,10000,3727
671451732,I2_2,20000,10374
92797268,I2_2,20000,6665
480703937,I2_1,10000,2495
137222416,I2_1,10000,3321
743208496,I2_1,10000,2482
39645111,I2_1,10000,3521
532711981,I2_1,10000,2590
244855964,I2_2,20000,5956
938604167,I2_2,20000,4665
667608207,I2_2,20000,5658
70861605,I2_2,20000,4524
484377403,I2_1,10000,3799
781024829,I2_1,10000,2628
254667630,I2_1,10000,2978
645315380,I2_2,20000,4767
635290307,I2_1,10000,4289
764542182,I2_2,20000,8017
57097851,I2_1,10000,2674
350343674,I2_1,10000,3673
127672845,I2_1,10000,3488
541282870,I2_2,20000,6254
263190014,I2_1,10000,4655
156647072,I2_1,10000,3411
189932464,I2_2,20000,8913
826472165,I2_1,10000,4353
427204485,I2_1,10000,3675
787465105,I2_2,20000,11052
159207797,I2_2,20000,13243
439147125,I2_2,20000,10573
773380790,I2_2,20000,12715
338024585,I2_1,10000,6448
837939520,I2_2,20000,12576
969371274,I2_2,20000,5753
634700114,I2_2,20000,5679
615171345,I2_2,20000,7838
817783553,I2_1,10000,3927
131913301,I2_1,10000,5019
498015132,I2_2,20000,5137
334680873,I2_1,10000,4511
74833471,I2_1,10000,4528
797423820,I2_2,20000,7261
44663188,I2_1,10000,4936
141634142,I2_1,10000,4416
962789537,I2_2,20000,10397
527824935,I2_1,10000,5533
718384617,I2_1,10000,3811
776760072,I2_2,20000,12834
878104824,I2_1,10000,2763
598672821,I2_1,10000,2669
438149639,I2_1,10000,2643
233473391,I2_2,20000,5591
350156453,I2_1,10000,5001
435037637,I2_2,20000,4964
850312276,I2_2,20000,5692
910535058,I2_1,10000,3454
266685466,I2_2,20000,5545
825251305,I2_2,20000,5668
833208964,I2_2,20000,5668
81980813,I2_1,10000,5089
449038997,I2_2,20000,5817
709134282,I2_2,20000,8035
825246903,I2_1,10000,6454
180532041,I2_2,20000,5644
391875081,I2_1,10000,3706
884622113,I2_2,20000,7156
144630580,I2_2,20000,9332
349690263,I2_1,10000,4021
295764033,I2_2,20000,5566
88606576,I2_1,10000,4928
973332348,I2_2,20000,5548
50985915,I2_2,20000,5491
282904619,I2_2,20000,4732
31649410,I2_2,20000,5680
906424063,I2_2,20000,5405
277829445,I2_2,20000,5527
915482549,I2_1,10000,4965
718943888,I2_1,10000,3208
159748867,I2_2,20000,6673
563036000,I2_1,10000,5025
520256511,I2_1,10000,4613
870989418,I2_2,20000,5395
509173163,I2_1,10000,5168
818230458,I2_1,10000,3860
890312974,I2_1,10000,4450
924516309,I2_1,10000,5658
694289151,I2_2,20000,7194
303248849,I2_1,10000,4000
648638568,I2_2,20000,6284
711015995,I2_1,10000,3978
419533334,I2_2,20000,4641
157590223,I2_1,10000,2580
799227199,I2_1,10000,2823
351340295,I2_2,20000,5367
628283206,I2_1,10000,2734
272723623,I2_1,10000,2712
921197568,I2_1,10000,2893
128126352,I2_2,20000,4602
14538776,I2_2,20000,4736
665711676,I2_1,10000,5319
54873851,I2_1,10000,5199
107543567,I2_2,20000,8938
535579419,I2_1,10000,3009
85590827,I2_2,20000,5634
293117791,I2_1,10000,3744
163309953,I2_2,20000,5871
674857875,I2_2,20000,7143
930133408,I2_2,20000,6150
44251334,I2_1,10000,3575
281157435,I2_2,20000,6076
944124047,I2_2,20000,5005
257685369,I2_2,20000,4736
48999581,I2_1,10000,3193
601342614,I2_1,10000,4201
891756756,I2_2,20000,6285
389567482,I2_2,20000,8098
590030250,I2_2,20000,8005
342207587,I2_2,20000,4667
134193889,I2_1,10000,2662
546689630,I2_1,10000,2632
81210569,I2_2,20000,4724
576831429,I2_1,10000,3294
68285578,I2_2,20000,6511
558788605,I2_1,10000,5239
176868820,I2_2,20000,8727
945642235,I2_2,20000,10843
692416284,I2_1,10000,5028
250346999,I2_1,10000,3764
285408037,I2_1,10000,4024
656081453,I2_1,10000,2910
673854460,I2_1,10000,2640
800071388,I2_1,10000,3643
315032119,I2_1,10000,4206
899019593,I2_2,20000,6575
240554313,I2_1,10000,2749
877457808,I2_2,20000,5013
231322068,I2_1,10000,4425
527218679,I2_1,10000,4043
880406557,I2_2,20000,7470
402113345,I2_2,20000,5531
63982894,I2_1,10000,4956
340107208,I2_1,10000,5506
888990272,I2_2,20000,8736
487553927,I2_1,10000,4410
3639419,I2_2,20000,10331
833579461,I2_1,10000,5510
284103260,I2_1,10000,3986
283817388,I2_1,10000,5059
568803201,I2_1,10000,3894
327121780,I2_2,20000,6616
67444240,I2_2,20000,4605
366157684,I2_2,20000,5506
265502573,I2_2,20000,7527
749519163,I2_2,20000,7426
508221698,I2_2,20000,5554
302009101,I2_1,10000,5048
743594744,I2_1,10000,6959
331497897,I2_2,20000,10079
499168969,I2_2,20000,6264
997645717,I2_1,10000,5683
747614671,I2_1,10000,7204
93110740,I2_2,20000,6942
6512757,I2_2,20000,8169
995195582,I2_1,10000,3261
301805735,I2_1,10000,3848
872995627,I2_1,10000,3839
377610599,I2_1,10000,3855
399704228,I2_2,20000,6189
36608822,I2_1,10000,4042
529361755,I2_1,10000,3799
366123146,I2_2,20000,6703
529980943,I2_1,10000,5046
511454692,I2_2,20000,4984
807471093,I2_2,20000,7033
713108357,I2_2,20000,6432
509147673,I2_2,20000,4456
434494625,I2_2,20000,5309
991633235,I2_2,20000,5016
940197435,I2_1,10000,3343
739157410,I2_2,20000,6969
479901351,I2_1,10000,5767
388408514,I2_2,20000,9570
646146755,I2_2,20000,10012
337220040,I2_1,10000,4763
858226702,I2_1,10000,5249
923779222,I2_2,20000,13091
504961172,I2_2,20000,9458
936840034,I2_1,10000,4853
743065826,I2_1,10000,4867
423741732,I2_1,10000,4311
46884192,I2_1,10000,4361
458728012,I2_2,20000,11250
426029279,I2_1,10000,5971
504353742,I2_1,10000,4862
215618914,I2_2,20000,13373
343239706,I2_1,10000,4276
65387020,I2_2,20000,15488
315321104,I2_1,10000,5253
29057261,I2_2,20000,13798
304349018,I2_1,10000,5207
833000358,I2_2,20000,10696
150293522,I2_2,20000,11724
795076805,I2_1,10000,2468
631266989,I2_1,10000,3541
718760691,I2_1,10000,2534
229715653,I2_1,10000,3124
223396871,I2_2,20000,4408
110038444,I2_1,10000,2446
726054387,I2_2,20000,4440
339630840,I2_1,10000,2903
16176651,I2_2,20000,5229
380192489,I2_2,20000,6432
665193500,I2_1,10000,2867
32394477,I2_1,10000,4220
215978720,I2_1,10000,4335
91193979,I2_1,10000,4881
75982060,I2_1,10000,6516
428303055,I2_2,20000,6987
495010055,I2_2,20000,8028
290887102,I2_1,10000,6434
687056196,I2_1,10000,4230
410929774,I2_2,20000,8413
825392455,I2_1,10000,4693
849009975,I2_2,20000,11093
723097841,I2_2,20000,11069
663225270,I2_1,10000,5827
319417556,I2_1,10000,3698
977215693,I2_2,20000,14161
788280542,I2_2,20000,8920
98296476,I2_2,20000,9162
248813187,I2_2,20000,8162
220580075,I2_1,10000,3483
405685338,I2_2,20000,5624
747975501,I2_1,10000,3372
649697370,I2_1,10000,3149
309155823,I2_2,20000,6030
842120787,I2_1,10000,2600
25050767,I2_2,20000,4595
975896771,I2_2,20000,6814
252408375,I2_1,10000,2784
478328193,I2_1,10000,4331
12746214,I2_2,20000,9502
218763507,I2_2,20000,6052
854239889,I2_1,10000,2372
296099090,I2_1,10000,2517
290571987,I2_2,20000,5431
728999316,I2_2,20000,6453
760152218,I2_2,20000,8602
746964449,I2_2,20000,7566
764054679,I2_1,10000,4814
679863865,I2_1,10000,5484
903100912,I2_2,20000,10914
420777483,I2_1,10000,3277
539213678,I2_1,10000,4402
823531904,I2_2,20000,8350
210058026,I2_1,10000,4487
411057635,I2_1,10000,4701
678531405,I2_2,20000,4659
702835932,I2_1,10000,4085
200076204,I2_1,10000,3720
635765465,I2_1,10000,4833
586933989,I2_1,10000,5855
830258015,I2_1,10000,3772
520044000,I2_2,20000,4782
741608823,I2_1,10000,3728
983260447,I2_2,20000,5486
537620554,I2_1,10000,3876
501650317,I2_1,10000,3980
689218775,I2_2,20000,5676
965147293,I2_1,10000,3478
841782969,I2_2,20000,7083
159770514,I2_2,20000,6645
385243484,I2_1,10000,5327
478038546,I2_2,20000,6277
246109568,I2_2,20000,4963
727840516,I2_1,10000,3878
147539439,I2_1,10000,3130
580972429,I2_1,10000,2577
689017758,I2_1,10000,3833
639870740,I2_1,10000,2899
184085527,I2_2,20000,5108
251502163,I2_2,20000,4539
368825828,I2_1,10000,2937
351752379,I2_1,10000,2888
828991258,I2_2,20000,5152
87253886,I2_1,10000,4441
524609570,I2_1,10000,4344
183049896,I2_1,10000,3982
901518507,I2_2,20000,14857
239096032,I2_1,10000,5910
976027935,I2_2,20000,11404
11313094,I2_2,20000,12267
975465544,I2_1,10000,3778
350309309,I2_1,10000,5283
549367045,I2_2,20000,12790
862302819,I2_1,10000,4811
8106166,I2_2,20000,9533
611831025,I2_2,20000,8782
647359978,I2_2,20000,9640
916121530,I2_2,20000,4919
190653987,I2_1,10000,2862
295288931,I2_1,10000,3021
556921186,I2_1,10000,3460
354440556,I2_1,10000,3948
441885803,I2_2,20000,5375
510995170,I2_1,10000,2882
544838670,I2_1,10000,2483
274502180,I2_1,10000,3009
215105886,I2_2,20000,4577
210649487,I2_2,20000,5025
487337493,I2_1,10000,2720
365659554,I2_2,20000,5319
80287683,I2_1,10000,3489
452153376,I2_2,20000,4537
134453162,I2_1,10000,3880
71550166,I2_1,10000,4928
132746136,I2_1,10000,5517
362340297,I2_2,20000,6113
794811008,I2_2,20000,5709
978905905,I2_2,20000,5867
390176423,I2_2,20000,5811
19894590,I2_2,20000,6696
994710122,I2_2,20000,8776
183978545,I2_2,20000,11546
735943138,I2_1,10000,4225
489910040,I2_2,20000,5928
821867162,I2_1,10000,3798
956574823,I2_2,20000,6114
846781385,I2_1,10000,4518
995289036,I2_2,20000,5678
410705059,I2_2,20000,5995
366903199,I2_2,20000,5862
943097599,I2_2,20000,6800
778159165,I2_1,10000,3013
151320174,I2_1,10000,4602
200685445,I2_2,20000,7104
290195573,I2_2,20000,5004
629860668,I2_1,10000,3385
301081161,I2_2,20000,4920
69364958,I2_1,10000,2536
114118394,I2_1,10000,2510
959279837,I2_2,20000,4620
29693626,I2_2,20000,5544
148708506,I2_1,10000,2722
604784808,I2_1,10000,2731
404339872,I2_2,20000,4623
35231046,I2_1,10000,3024
977007882,I2_1,10000,4134
506949256,I2_2,20000,7491
861938262,I2_1,10000,6836
681565879,I2_2,20000,8335
206525839,I2_2,20000,6561
399009546,I2_1,10000,4332
514687873,I2_2,20000,8733
498928886,I2_1,10000,3764
94302896,I2_2,20000,8848
526977791,I2_2,20000,4868
848562221,I2_1,10000,5253
781905785,I2_1,10000,4641
702412093,I2_2,20000,5079
427489913,I2_2,20000,5682
366659674,I2_2,20000,6630
386826925,I2_2,20000,6451
847008687,I2_1,10000,4689
781818421,I2_1,10000,5308
743310887,I2_2,20000,10194
3854385,I2_2,20000,11259
422328122,I2_1,10000,5374
500255485,I2_2,20000,12082
852112227,I2_1,10000,4841
216056975,I2_2,20000,7450
115392478,I2_1,10000,5216
821959572,I2_2,20000,5737
304355640,I2_1,10000,3354
51017023,I2_1,10000,4437
757449271,I2_2,20000,4638
754550562,I2_1,10000,3804
684480142,I2_2,20000,7245
14863930,I2_1,10000,4721
229562596,I2_2,20000,8196
318141457,I2_1,10000,5320
99467772,I2_2,20000,9554
879036137,I2_2,20000,8614
988945423,I2_1,10000,5965
590963771,I2_1,10000,5264
904243674,I2_1,10000,4659
676165323,I2_2,20000,9007
994772413,I2_2,20000,9921
845696836,I2_2,20000,7306
725211611,I2_2,20000,6818
183333514,I2_2,20000,4571
79075657,I2_2,20000,6527
523311123,I2_2,20000,7514
859535252,I2_1,10000,3631
439401810,I2_1,10000,5239
451772866,I2_2,20000,8004
490820611,I2_1,10000,2752
729627259,I2_1,10000,3141
116319673,I2_2,20000,5229
242324030,I2_2,20000,5543
950627924,I2_2,20000,7593
588196564,I2_1,10000,5867
345534032,I2_1,10000,7112
485409712,I2_1,10000,4437
812361187,I2_2,20000,8431
660741473,I2_1,10000,4355
570425839,I2_1,10000,3696
59893457,I2_2,20000,10014
308544130,I2_1,10000,4243
650650478,I2_2,20000,7791
512948239,I2_2,20000,9906
811251290,I2_1,10000,3028
977413449,I2_1,10000,4124
358824600,I2_1,10000,4187
643638221,I2_2,20000,7371
776371819,I2_1,10000,5315
233332913,I2_1,10000,3752
535902217,I2_2,20000,9011
69573367,I2_1,10000,5742
314899064,I2_1,10000,4787
968248544,I2_2,20000,10663
223354559,I2_1,10000,3182
739810740,I2_1,10000,4328
909698350,I2_2,20000,11200
532892790,I2_1,10000,4803
233011806,I2_1,10000,5879
397822768,I2_2,20000,13663
623598105,I2_1,10000,5223
419954091,I2_2,20000,11104
306759618,I2_2,20000,11470
139870867,I2_1,10000,3033
680352539,I2_2,20000,4644
886352896,I2_1,10000,2525
366758820,I2_2,20000,4531
350048517,I2_1,10000,2544
395961626,I2_1,10000,2742
810660271,I2_1,10000,2571
292065398,I2_1,10000,2696
538676404,I2_1,10000,3404
860714089,I2_2,20000,5830
122877528,I2_2,20000,6249
908853993,I2_1,10000,4874
428959343,I2_1,10000,3302
174533545,I2_2,20000,8464
725484571,I2_1,10000,3490
165181027,I2_2,20000,6121
779678141,I2_1,10000,4385
509819140,I2_2,20000,7054
673511858,I2_1,10000,3871
79942168,I2_2,20000,10291
380087926,I2_1,10000,4359
393129739,I2_2,20000,5242
27935830,I2_1,10000,3577
294747642,I2_1,10000,4318
334526169,I2_1,10000,4533
53014473,I2_1,10000,5155
642446454,I2_2,20000,4605
673937123,I2_2,20000,6616
568190823,I2_2,20000,4678
238447653,I2_2,20000,4629
78987196,I2_1,10000,2485
574780195,I2_1,10000,2682
751326328,I2_1,10000,3162
384685219,I2_2,20000,5188
508532107,I2_1,10000,5696
212499970,I2_1,10000,4231
919582153,I2_2,20000,9027
553703402,I2_2,20000,7941
321015845,I2_1,10000,4770
372297102,I2_1,10000,4304
613159264,I2_2,20000,6083
132352018,I2_1,10000,3017
321929578,I2_1,10000,2765
4506876,I2_1,10000,3552
213115491,I2_2,20000,6194
990323486,I2_2,20000,7163
816480552,I2_1,10000,6507
103486342,I2_2,20000,9247
193403589,I2_2,20000,9192
468938011,I2_1,10000,5968
422716006,I2_2,20000,8562
256672638,I2_2,20000,9706
133792882,I2_1,10000,5345
145574487,I2_2,20000,11652
468953321,I2_2,20000,13382
295518275,I2_2,20000,13855
201159268,I2_1,10000,5207
957011699,I2_2,20000,12192
752797783,I2_2,20000,11674
410291594,I2_2,20000,10161
961388319,I2_2,20000,7339
533608733,I2_2,20000,9561
556381277,I2_1,10000,3969
118076296,I2_1,10000,3238
362573110,I2_1,10000,3765
52369029,I2_2,20000,6604
426770784,I2_1,10000,4390
72048418,I2_2,20000,9144
26147952,I2_1,10000,3862
638232348,I2_2,20000,7141
721157728,I2_2,20000,4402
6702553,I2_2,20000,4617
754341094,I2_2,20000,4823
147103302,I2_1,10000,2655
808906949,I2_1,10000,2904
254571409,I2_1,10000,3030
608895654,I2_2,20000,5375
917874808,I2_1,10000,4677
453087796,I2_2,20000,7236
397881800,I2_1,10000,5042
803112492,I2_1,10000,5638
420229075,I2_1,10000,5438
493118498,I2_2,20000,8781
376769359,I2_1,10000,4397
265167800,I2_1,10000,3250
442150579,I2_2,20000,12160
894989500,I2_1,10000,5184
731387106,I2_1,10000,5520
73924,I2_2,20000,4665
278893607,I2_1,10000,2639
227905006,I2_1,10000,2800
857200357,I2_2,20000,5310
509488485,I2_2,20000,4820
73700906,I2_2,20000,5073
78307356,I2_1,10000,3996
664116032,I2_1,10000,4273
700469891,I2_2,20000,7772
392931170,I2_2,20000,4835
553355964,I2_2,20000,5700
462912727,I2_2,20000,7939
944482580,I2_2,20000,10101
826180312,I2_2,20000,8346
251389721,I2_1,10000,4417
79978737,I2_1,10000,5882
682702690,I2_2,20000,9323
657398281,I2_2,20000,8127
380335909,I2_1,10000,6454
659887073,I2_1,10000,5875
533770873,I2_2,20000,9459
949666380,I2_1,10000,3997
465904671,I2_1,10000,5627
753694503,I2_2,20000,6427
294827059,I2_1,10000,4251
965221431,I2_2,20000,8459
317461193,I2_2,20000,5595
358081889,I2_1,10000,6459
191089433,I2_1,10000,4827
375186951,I2_2,20000,5996
550148598,I2_1,10000,5504
268926612,I2_1,10000,4907
146570629,I2_1,10000,5459
301106710,I2_2,20000,11798
356463245,I2_2,20000,8898
639535857,I2_2,20000,9542
516354761,I2_1,10000,5856
899092468,I2_1,10000,3695
157734265,I2_2,20000,6602
294219389,I2_2,20000,5843
664975783,I2_1,10000,3425
698924,I2_2,20000,5084
990239580,I2_1,10000,5569
285457577,I2_1,10000,5412
106240368,I2_1,10000,4430
353578224,I2_1,10000,4898
149266404,I2_2,20000,7099
578258348,I2_2,20000,5002
497099268,I2_2,20000,4999
184364290,I2_2,20000,4699
455270482,I2_1,10000,5309
157959484,I2_1,10000,2607
634073410,I2_1,10000,3728
841821187,I2_1,10000,3245
10358577,I2_2,20000,6332
202687690,I2_1,10000,5723
419825540,I2_1,10000,5589
954365947,I2_2,20000,6208
628872090,I2_1,10000,6599
23055833,I2_2,20000,6382
48140495,I2_1,10000,4687
24817653,I2_2,20000,9058
494567443,I2_2,20000,11159
177993337,I2_2,20000,12153
761411886,I2_1,10000,3538
677680116,I2_1,10000,5292
387786063,I2_2,20000,13587
916071209,I2_2,20000,13538
192134100,I2_2,20000,13632
844558610,I2_1,10000,3724
835581586,I2_1,10000,4288
82310877,I2_2,20000,11027
482266430,I2_2,20000,12609
319742552,I2_2,20000,4607
292995681,I2_2,20000,4742
639672505,I2_1,10000,3620
112961478,I2_1,10000,3656
312775173,I2_2,20000,5158
46283382,I2_1,10000,2937
670258483,I2_1,10000,3297
567498995,I2_1,10000,4452
449655256,I2_1,10000,4326
186392966,I2_1,10000,3606
478865556,I2_1,10000,5355
323617557,I2_1,10000,6508
151476,I2_1,10000,3802
401559895,I2_1,10000,3773
228722223,I2_2,20000,11887
272771831,I2_1,10000,4977
591442738,I2_1,10000,4349
128530302,I2_1,10000,5531
100426332,I2_1,10000,6503
235285452,I2_2,20000,15679
822990638,I2_1,10000,7016
984423707,I2_1,10000,7571
187118309,I2_1,10000,8640
553925845,I2_1,10000,9031
926377483,I2_1,10000,10572
610270231,I2_1,10000,7971
943240790,I2_2,20000,19383
189359140,I2_2,20000,21357
926188224,I2_2,20000,20292
345132932,I2_2,20000,20084
321071578,I2_1,10000,9428
528568195,I2_1,10000,8793
450907234,I2_1,10000,8507
635046127,I2_2,20000,14267
460049696,I2_1,10000,3739
533615863,I2_2,20000,11079
110139175,I2_2,20000,9367
109516100,I2_2,20000,11459
578804378,I2_1,10000,5682
741472980,I2_1,10000,5247
735419880,I2_2,20000,14277
888941742,I2_1,10000,4788
709934138,I2_1,10000,3972
236965957,I2_1,10000,2458
491872704,I2_1,10000,2968
130232506,I2_2,20000,4563
100671160,I2_1,10000,3752
674450951,I2_2,20000,5399
168945297,I2_2,20000,4527
759192732,I2_2,20000,6598
287787711,I2_2,20000,5563
219082013,I2_1,10000,2455
575615767,I2_2,20000,5172
752583767,I2_2,20000,5386
648903337,I2_1,10000,5884
968809087,I2_1,10000,4249
853749790,I2_2,20000,8571
484094496,I2_2,20000,4508
540356949,I2_2,20000,5642
555921419,I2_2,20000,4505
805692878,I2_1,10000,3902
335076591,I2_1,10000,2934
595108298,I2_1,10000,4050
399088135,I2_2,20000,6237
420321500,I2_1,10000,5430
38661669,I2_1,10000,5361
777884868,I2_1,10000,2887
536385054,I2_2,20000,4539
458702778,I2_1,10000,3662
825855999,I2_1,10000,2542
507052167,I2_1,10000,3657
646494446,I2_1,10000,2684
255871527,I2_1,10000,2610
105286933,I2_2,20000,6229
954889320,I2_1,10000,3057
377803004,I2_1,10000,4628
933362311,I2_2,20000,6264
565224129,I2_2,20000,4764
362774471,I2_1,10000,4130
811565576,I2_2,20000,6332
393383610,I2_1,10000,4550
861340744,I2_2,20000,5743
968092487,I2_1,10000,5011
642644273,I2_1,10000,4463
464790662,I2_1,10000,5453
149619209,I2_1,10000,4459
856957421,I2_1,10000,5008
846708962,I2_1,10000,4425
633263355,I2_1,10000,3825
759637541,I2_2,20000,13646
349565915,I2_2,20000,15682
809784394,I2_2,20000,17320
304738396,I2_2,20000,12818
617183302,I2_1,10000,5198
551070682,I2_2,20000,13665
974734715,I2_2,20000,13099
464697931,I2_2,20000,14032
276994291,I2_1,10000,5232
180832564,I2_2,20000,13896
427327277,I2_2,20000,7544
871632686,I2_1,10000,2439
510554239,I2_2,20000,4992
582307176,I2_1,10000,2476
699947453,I2_2,20000,5362
99907782,I2_1,10000,2590
355121243,I2_2,20000,5869
68353132,I2_1,10000,3046
272696956,I2_1,10000,3773
26915616,I2_2,20000,5218
94061096,I2_1,10000,2695
338739201,I2_2,20000,4737
371132097,I2_2,20000,4849
716428428,I2_2,20000,5496
526056624,I2_2,20000,5130
956250184,I2_1,10000,5657
624393514,I2_2,20000,6710
898906592,I2_1,10000,3113
531955225,I2_2,20000,5806
654176482,I2_2,20000,5734
921816271,I2_1,10000,5624
615844062,I2_2,20000,6994
813698836,I2_1,10000,3254
729278284,I2_2,20000,4723
259731917,I2_2,20000,5803
702494020,I2_2,20000,5633
441577691,I2_1,10000,4992
724354489,I2_2,20000,7647
776149492,I2_2,20000,4930
859576114,I2_2,20000,5931
166055383,I2_2,20000,6538
315265528,I2_2,20000,6371
880244081,I2_2,20000,4708
415319275,I2_1,10000,3069
39589304,I2_2,20000,5691
997158330,I2_2,20000,4773
770041358,I2_2,20000,5659
902305115,I2_1,10000,2798
153818135,I2_1,10000,3936
508126552,I2_1,10000,3099
713424459,I2_2,20000,4702
946596541,I2_1,10000,4111
566349261,I2_2,20000,6666
643891802,I2_2,20000,4869
651901956,I2_2,20000,5561
785866769,I2_2,20000,5481
533175815,I2_1,10000,5114
805189169,I2_1,10000,4912
7967298,I2_1,10000,2695
287520451,I2_1,10000,3163
879524203,I2_1,10000,3873
832708321,I2_2,20000,7194
290843667,I2_1,10000,5218
659313728,I2_1,10000,4042
358432704,I2_2,20000,6677
146678851,I2_1,10000,3987
194873240,I2_1,10000,3550
647927144,I2_1,10000,4245
149034403,I2_1,10000,3455
697010894,I2_2,20000,4983
672557434,I2_2,20000,4871
985579816,I2_1,10000,3077
824740158,I2_2,20000,7879
388353214,I2_2,20000,5403
578864434,I2_1,10000,3198
628418053,I2_1,10000,4837
515974230,I2_2,20000,7345
919818674,I2_2,20000,5646
843880051,I2_1,10000,4027
877610841,I2_2,20000,5462
960019204,I2_2,20000,6881
712827500,I2_1,10000,4191
206596716,I2_2,20000,8523
934058286,I2_1,10000,3665
776182869,I2_1,10000,4899
952126672,I2_2,20000,4651
906728896,I2_1,10000,2971
811324715,I2_2,20000,4704
917217979,I2_2,20000,5623
866585725,I2_1,10000,4101
941878899,I2_1,10000,4115
462471546,I2_1,10000,2681
572439052,I2_2,20000,4673
991410641,I2_2,20000,4766
967453768,I2_1,10000,5158
403887264,I2_1,10000,5027
440315337,I2_2,20000,8612
701827994,I2_2,20000,4793
618985939,I2_2,20000,6917
267258816,I2_1,10000,2919
443985353,I2_1,10000,4726
620522190,I2_2,20000,4707
934141051,I2_1,10000,5140
208061380,I2_1,10000,6769
966737047,I2_2,20000,5704
21587422,I2_2,20000,4636
834330664,I2_2,20000,4618
221604756,I2_1,10000,2654
823909386,I2_1,10000,3761
378241170,I2_1,10000,3749
302456982,I2_1,10000,4352
597668451,I2_1,10000,4868
838193778,I2_2,20000,5288
571120073,I2_1,10000,2628
354702163,I2_1,10000,3239
441596664,I2_1,10000,4423
51838712,I2_1,10000,2780
208047692,I2_1,10000,2643
420213417,I2_1,10000,2906
472497968,I2_2,20000,5527
311903266,I2_1,10000,3540
184653315,I2_2,20000,4645
729219083,I2_1,10000,4006
477404222,I2_2,20000,6269
444139679,I2_2,20000,5495
177059232,I2_1,10000,3832
95618877,I2_1,10000,2598
475842707,I2_2,20000,5181
202680323,I2_1,10000,3271
595136669,I2_2,20000,5098
859114187,I2_1,10000,4479
404202891,I2_1,10000,3191
380674756,I2_1,10000,2662
998512437,I2_1,10000,3416
71958781,I2_2,20000,4610
441354934,I2_1,10000,4030
991619539,I2_2,20000,5152
187239509,I2_1,10000,3583
600398283,I2_2,20000,6062
327934503,I2_1,10000,3108
521375634,I2_1,10000,4750
541515091,I2_2,20000,6491
120754939,I2_1,10000,4251
223141404,I2_2,20000,6278
665897366,I2_2,20000,6557
708846315,I2_2,20000,8101
787104866,I2_2,20000,8082
351924781,I2_1,10000,3020
751118775,I2_1,10000,3881
615373511,I2_2,20000,7368
825603372,I2_2,20000,6363
219411338,I2_2,20000,6242
153234619,I2_1,10000,4425
356494539,I2_2,20000,7749
484852292,I2_1,10000,4397
314765087,I2_2,20000,5642
834777531,I2_2,20000,6356
464674497,I2_2,20000,7384
827068939,I2_1,10000,4802
261830791,I2_2,20000,5371
582749981,I2_2,20000,4747
687203813,I2_1,10000,3030
853607130,I2_2,20000,4726
562147593,I2_1,10000,4170
220571188,I2_2,20000,5860
37303761,I2_1,10000,2936
442239847,I2_2,20000,6300
161201309,I2_2,20000,5452
367920169,I2_2,20000,7806
173709414,I2_2,20000,4791
455256503,I2_2,20000,4905
818289828,I2_1,10000,3535
698176542,I2_2,20000,5396
458555940,I2_1,10000,2681
230206267,I2_2,20000,5585
14763847,I2_2,20000,4657
527659825,I2_1,10000,2620
384981450,I2_1,10000,3135
385529224,I2_2,20000,5172
270930504,I2_2,20000,5984
785502406,I2_2,20000,7545
550045935,I2_2,20000,7927
574718929,I2_2,20000,10164
292420886,I2_2,20000,4676
407870394,I2_1,10000,2636
863478409,I2_1,10000,2628
1685233,I2_1,10000,2629
730568734,I2_2,20000,4836
390713268,I2_2,20000,6885
782616462,I2_1,10000,3940
923122087,I2_2,20000,7698
702321195,I2_1,10000,2885
541541399,I2_1,10000,3331
672395209,I2_2,20000,4643
274486533,I2_1,10000,3431
22070008,I2_1,10000,3993
92252708,I2_1,10000,4469
484504435,I2_1,10000,5250
713042503,I2_1,10000,4937
781860678,I2_1,10000,6063
520736546,I2_1,10000,4264
631688568,I2_1,10000,3722
959040696,I2_2,20000,5875
625770020,I2_1,10000,2883
269813351,I2_1,10000,2993
922746217,I2_1,10000,3106
534870934,I2_1,10000,3656
557839954,I2_1,10000,3819
692219803,I2_2,20000,5821
517686717,I2_2,20000,6848
458103281,I2_1,10000,4411
755184024,I2_2,20000,6887
788886896,I2_1,10000,3045
90453169,I2_1,10000,3275
4101021,I2_2,20000,4857
575598288,I2_2,20000,4510
648893369,I2_1,10000,3995
468373663,I2_1,10000,2478
37143595,I2_1,10000,2545
808311522,I2_1,10000,2469
88607438,I2_2,20000,4510
787235781,I2_2,20000,5516
467667732,I2_2,20000,6466
446608771,I2_1,10000,3915
560841805,I2_1,10000,4460
115957345,I2_2,20000,5521
458109971,I2_1,10000,3340
755222757,I2_1,10000,4118
241935700,I2_1,10000,2540
794639267,I2_1,10000,2488
134265518,I2_1,10000,2590
52178607,I2_2,20000,4885
799842566,I2_1,10000,4351
520891197,I2_1,10000,4028
738170869,I2_2,20000,4608
348949444,I2_2,20000,4950
370529474,I2_1,10000,2691
398524904,I2_2,20000,5964
106331364,I2_2,20000,4472
95237385,I2_2,20000,6342
987954112,I2_2,20000,4475
392934378,I2_1,10000,2599
161886642,I2_1,10000,2517
30527649,I2_1,10000,3612
28225005,I2_1,10000,2693
878560332,I2_2,20000,4691
58484303,I2_2,20000,5671
449572179,I2_2,20000,7705
623254797,I2_2,20000,7605
400071615,I2_2,20000,8588
938927609,I2_2,20000,8451
395093617,I2_1,10000,2637
302773209,I2_2,20000,10348
748782542,I2_1,10000,2666
799455026,I2_1,10000,3753
648222610,I2_1,10000,2693
526408056,I2_1,10000,2848
24879704,I2_1,10000,4508
922265240,I2_2,20000,4772
125543646,I2_1,10000,3954
334938864,I2_2,20000,8323
556757252,I2_1,10000,5146
557482118,I2_1,10000,4350
369808543,I2_2,20000,8244
605918491,I2_1,10000,5353
104964505,I2_1,10000,6954
308167985,I2_2,20000,5489
552929110,I2_2,20000,5028
670237747,I2_2,20000,5515
946227219,I2_2,20000,5375
446556861,I2_2,20000,6660
259144382,I2_2,20000,7659
954633389,I2_2,20000,4584
2595841,I2_1,10000,2517
857567371,I2_1,10000,2852
310687984,I2_2,20000,4517
860568108,I2_2,20000,5248
271013257,I2_1,10000,2525
214952557,I2_2,20000,4630
499205717,I2_1,10000,4094
2220940,I2_1,10000,4617
313821329,I2_2,20000,5400
742378694,I2_1,10000,4530
559786325,I2_2,20000,6073
904032880,I2_1,10000,4558
837478270,I2_2,20000,5491
607073208,I2_2,20000,4927
597396830,I2_1,10000,4366
269276538,I2_2,20000,6075
428772870,I2_1,10000,3360
583448259,I2_2,20000,5057
925497135,I2_2,20000,6509
26516667,I2_1,10000,3085
426668484,I2_1,10000,3064
818648766,I2_1,10000,4209
866289852,I2_1,10000,4676
847885320,I2_1,10000,5252
223802353,I2_1,10000,5182
191185992,I2_1,10000,5242
473881887,I2_1,10000,5386
269479515,I2_2,20000,12562
815322846,I2_1,10000,6793
717659388,I2_1,10000,6171
565879064,I2_1,10000,6007
475429287,I2_2,20000,14473
512568295,I2_2,20000,14261
354222903,I2_2,20000,14139
555943410,I2_2,20000,6172
137126269,I2_2,20000,5777
920423865,I2_1,10000,4214
194585550,I2_2,20000,4549
106399638,I2_1,10000,2932
464066734,I2_2,20000,5091
549848679,I2_1,10000,2839
727824630,I2_1,10000,3959
474593073,I2_1,10000,2535
799868697,I2_1,10000,2642
756260450,I2_2,20000,4979
539284264,I2_1,10000,2852
632615440,I2_1,10000,2991
55785509,I2_1,10000,2605
532063765,I2_1,10000,2880
786168987,I2_1,10000,3992
110363489,I2_2,20000,6541
727923765,I2_1,10000,4823
160381094,I2_1,10000,4142
278073132,I2_1,10000,2502
228484594,I2_1,10000,2486
702051696,I2_2,20000,4680
498443026,I2_1,10000,3291
357046847,I2_1,10000,4417
880538818,I2_1,10000,5484
369340193,I2_1,10000,6066
318620607,I2_1,10000,6450
148714550,I2_2,20000,9402
275698204,I2_2,20000,8739
343352244,I2_2,20000,5483
105001095,I2_1,10000,5028
84777491,I2_1,10000,3309
467170837,I2_2,20000,5572
934382532,I2_1,10000,4510
807714785,I2_1,10000,3637
263901242,I2_2,20000,5522
224384867,I2_2,20000,5131
344090500,I2_1,10000,4931
734195203,I2_1,10000,2510
406922252,I2_1,10000,2551
485726603,I2_2,20000,5110
776901022,I2_2,20000,4638
772823555,I2_1,10000,5123
450045803,I2_1,10000,2756
903617749,I2_2,20000,6183
496003000,I2_2,20000,4702
690930489,I2_1,10000,4049
487366988,I2_2,20000,4715
37020865,I2_1,10000,3119
925425476,I2_2,20000,7899
604902680,I2_1,10000,3129
75922576,I2_2,20000,5086
586382612,I2_1,10000,4412
767470232,I2_1,10000,4324
839765508,I2_1,10000,3364
833775056,I2_2,20000,7724
351995057,I2_1,10000,4346
827766031,I2_1,10000,4876
196331075,I2_2,20000,12198
73595782,I2_2,20000,4503
897982531,I2_1,10000,2942
334265601,I2_1,10000,2924
209538315,I2_2,20000,5735
446419417,I2_1,10000,5158
879033175,I2_1,10000,2876
832656516,I2_1,10000,4468
230848543,I2_2,20000,6898
190411374,I2_1,10000,5739
113282084,I2_2,20000,5189
683515540,I2_1,10000,4521
177660600,I2_1,10000,4882
397116729,I2_2,20000,9458
392840636,I2_2,20000,11019
69605543,I2_1,10000,5513
176495255,I2_1,10000,5959
280264912,I2_1,10000,5453
839475258,I2_2,20000,15107
278369859,I2_2,20000,8523
164272400,I2_1,10000,3720
324291649,I2_2,20000,5781
614887833,I2_2,20000,6494
730149741,I2_1,10000,2576
69536735,I2_2,20000,5356
561495285,I2_2,20000,5361
260530155,I2_1,10000,5935
963311589,I2_2,20000,6123
480422529,I2_2,20000,6511
388362403,I2_2,20000,7469
130406700,I2_1,10000,5377
951424528,I2_2,20000,11287
612317130,I2_2,20000,9712
119386879,I2_2,20000,7049
858098005,I2_1,10000,2888
727587109,I2_2,20000,4524
163914332,I2_2,20000,5458
74126126,I2_1,10000,3355
939030858,I2_2,20000,5980
596540977,I2_1,10000,2855
548832734,I2_2,20000,5732
287271339,I2_1,10000,4945
171765372,I2_2,20000,6472
177395412,I2_2,20000,7503
92774695,I2_1,10000,5826
9490656,I2_2,20000,8744
492958068,I2_2,20000,6642
212302093,I2_1,10000,4521
993763995,I2_2,20000,5996
614671993,I2_1,10000,3819
270924199,I2_1,10000,3925
972168101,I2_2,20000,9771
646004657,I2_2,20000,9759
214510488,I2_1,10000,5391
611135303,I2_1,10000,4292
358658163,I2_1,10000,4827
766204633,I2_2,20000,11746
529532470,I2_2,20000,12730
424370950,I2_2,20000,14424
915365698,I2_2,20000,12763
954172097,I2_1,10000,6503
72340024,I2_2,20000,6492
397770464,I2_2,20000,6673
161273146,I2_1,10000,2875
78686694,I2_2,20000,8599
802728417,I2_2,20000,6628
123590609,I2_1,10000,4806
489697568,I2_2,20000,5440
323067109,I2_1,10000,3710
283833073,I2_1,10000,5400
616353183,I2_2,20000,7157
790093065,I2_2,20000,8047
389940613,I2_1,10000,4289
725716324,I2_1,10000,3784
980076237,I2_1,10000,2772
829521296,I2_2,20000,5819
512513217,I2_2,20000,6059
10260222,I2_2,20000,7583
358312533,I2_1,10000,5734
611649654,I2_1,10000,3162
89159051,I2_2,20000,11298
869112903,I2_1,10000,3781
234503167,I2_2,20000,12600
707671199,I2_2,20000,5446
706172864,I2_2,20000,7045
206484767,I2_1,10000,2779
527785189,I2_1,10000,4389
94027515,I2_2,20000,4569
236188854,I2_2,20000,6596
137056815,I2_2,20000,7465
341952094,I2_1,10000,4290
968632970,I2_2,20000,7371
766273081,I2_1,10000,4851
236989216,I2_1,10000,4255
749714492,I2_2,20000,10514
264916593,I2_2,20000,10611
40147147,I2_1,10000,3651
995245018,I2_1,10000,3785
840616868,I2_1,10000,4193
309096556,I2_2,20000,9453
933832450,I2_2,20000,10767
211232311,I2_2,20000,7372
495621157,I2_2,20000,5735
317008252,I2_1,10000,2990
848003945,I2_1,10000,3709
108640912,I2_2,20000,6360
684864908,I2_2,20000,7993
71606221,I2_2,20000,5892
934726680,I2_2,20000,6785
210968240,I2_2,20000,7553
986270696,I2_1,10000,2486
115014454,I2_1,10000,2889
201523407,I2_1,10000,3990
642939446,I2_2,20000,6528
920218525,I2_1,10000,4677
129535395,I2_2,20000,5591
790675465,I2_1,10000,3764
861637555,I2_2,20000,8634
735238379,I2_2,20000,9698
508751047,I2_1,10000,5474
703318772,I2_1,10000,4290
2450583,I2_1,10000,4833
594349986,I2_1,10000,4338
138723471,I2_1,10000,6345
682883780,I2_1,10000,7381
145249208,I2_1,10000,3794
255806567,I2_2,20000,16046
962192665,I2_2,20000,12825
478060317,I2_2,20000,14905
495592819,I2_1,10000,5267
706172164,I2_1,10000,6795
494695352,I2_1,10000,7387
564013608,I2_2,20000,18680
302963022,I2_1,10000,4226
822742911,I2_1,10000,3770
655923230,I2_1,10000,5475
245350442,I2_2,20000,15905
594048818,I2_2,20000,12285
486439408,I2_2,20000,8462
603553935,I2_1,10000,5180
71508067,I2_2,20000,12160
500375451,I2_2,20000,10284
792521812,I2_2,20000,8149
106812637,I2_2,20000,10237
744366081,I2_2,20000,5597
807960176,I2_1,10000,6122
170907163,I2_2,20000,5147
44799713,I2_2,20000,4899
967753825,I2_1,10000,2720
134706559,I2_1,10000,2540
154567633,I2_2,20000,5215
956259250,I2_2,20000,4554
962519998,I2_2,20000,5435
159606630,I2_2,20000,4499
86331158,I2_2,20000,5689
793370829,I2_2,20000,5751
595795632,I2_2,20000,5597
239635618,I2_1,10000,3914
423006235,I2_1,10000,5538
458755604,I2_2,20000,8499
574198879,I2_1,10000,3840
794408314,I2_2,20000,8025
685854182,I2_1,10000,3540
151307769,I2_1,10000,3027
441551517,I2_2,20000,4726
328345837,I2_1,10000,3568
469900484,I2_2,20000,8596
791764896,I2_2,20000,6841
901414312,I2_1,10000,5558
850638012,I2_2,20000,7610
875399606,I2_1,10000,3307
998643960,I2_1,10000,4304
954953841,I2_2,20000,8755
370726437,I2_2,20000,10126
247804159,I2_1,10000,4706
854232625,I2_2,20000,6320
188671778,I2_2,20000,4968
250594112,I2_1,10000,4437
389559825,I2_2,20000,5581
298208358,I2_1,10000,2936
665660685,I2_1,10000,3680
96069612,I2_2,20000,5904
811680442,I2_2,20000,5825
62577881,I2_1,10000,4495
733379409,I2_2,20000,6810
321225287,I2_2,20000,6810
924437554,I2_1,10000,2951
117692865,I2_2,20000,4957
799567267,I2_1,10000,2614
771478293,I2_1,10000,2583
172571602,I2_2,20000,4686
844074843,I2_1,10000,3116
390120523,I2_1,10000,3371
308757473,I2_2,20000,4883
561043597,I2_1,10000,4086
198942887,I2_2,20000,4763
117008535,I2_2,20000,6262
446116076,I2_1,10000,3626
716232084,I2_2,20000,6242
653971607,I2_1,10000,4287
389276469,I2_2,20000,9297
195309722,I2_2,20000,10087
19251933,I2_2,20000,5072
943368460,I2_1,10000,3426
938767998,I2_2,20000,6166
811762152,I2_2,20000,7162
435972389,I2_1,10000,5450
188825759,I2_2,20000,8047
339576538,I2_1,10000,3782
849053214,I2_1,10000,3771
816540531,I2_2,20000,10181
698142114,I2_2,20000,12185
754618637,I2_1,10000,5288
804126599,I2_2,20000,7419
523092741,I2_2,20000,7567
461244426,I2_2,20000,7017
658975390,I2_1,10000,3792
338400310,I2_1,10000,2588
933377184,I2_1,10000,2614
221047922,I2_2,20000,5620
298619908,I2_1,10000,3761
305254228,I2_2,20000,5074
707189515,I2_2,20000,4559
532743720,I2_1,10000,3966
189763117,I2_1,10000,3183
799896139,I2_2,20000,4748
765148835,I2_1,10000,4195
103664492,I2_1,10000,4425
156751618,I2_2,20000,8656
993941608,I2_1,10000,3965
810801695,I2_1,10000,4561
289691938,I2_1,10000,5234
648434746,I2_2,20000,10142
67605168,I2_2,20000,7928
991070160,I2_1,10000,4953
768175794,I2_1,10000,6600
163744157,I2_2,20000,6623
211068955,I2_1,10000,2553
979031260,I2_1,10000,3635
428300185,I2_2,20000,6407
807944782,I2_2,20000,7102
7158824,I2_1,10000,6395
136054006,I2_2,20000,9285
660000062,I2_2,20000,10231
315917702,I2_1,10000,4929
39264780,I2_1,10000,4547
220380945,I2_1,10000,2688
887328914,I2_2,20000,4759
268239852,I2_1,10000,2983
51684189,I2_1,10000,3340
50569824,I2_1,10000,3051
972104951,I2_2,20000,6064
620464999,I2_1,10000,2796
416299070,I2_1,10000,2715
875366618,I2_1,10000,2606
588192490,I2_2,20000,4858
444891057,I2_2,20000,4816
478960238,I2_2,20000,6940
857426863,I2_1,10000,4105
638558671,I2_2,20000,4779
483543793,I2_1,10000,4292
373370175,I2_1,10000,3833
292438066,I2_1,10000,4935
341131068,I2_1,10000,3932
129687109,I2_1,10000,3362
744698586,I2_2,20000,4953
423756964,I2_2,20000,6890
210233873,I2_1,10000,4562
285507725,I2_2,20000,7726
364055287,I2_2,20000,8621
489713422,I2_2,20000,5491
167229048,I2_1,10000,4002
448506416,I2_1,10000,4962
152541502,I2_2,20000,6803
78107091,I2_1,10000,3662
533230515,I2_2,20000,5884
245946020,I2_2,20000,5742
859993122,I2_1,10000,5312
970617964,I2_2,20000,7601
510671674,I2_1,10000,2637
729738956,I2_2,20000,4669
360746684,I2_1,10000,3700
767092958,I2_1,10000,3012
736199244,I2_2,20000,5232
368984511,I2_1,10000,2704
748531961,I2_1,10000,3724
728111107,I2_1,10000,4192
459711531,I2_2,20000,6465
9996838,I2_2,20000,5151
540272808,I2_1,10000,3006
46012143,I2_1,10000,4053
536229285,I2_1,10000,4014
728620674,I2_2,20000,5206
281223636,I2_1,10000,3800
763718834,I2_2,20000,5362
235422181,I2_1,10000,5054
205456602,I2_1,10000,4301
747698368,I2_2,20000,4656
362828986,I2_2,20000,4799
827644875,I2_1,10000,4454
443313036,I2_2,20000,7110
398130275,I2_2,20000,9309
154649107,I2_1,10000,5576
45041780,I2_1,10000,3864
611952520,I2_1,10000,4373
96386359,I2_2,20000,12726
933910977,I2_1,10000,5159
446831188,I2_2,20000,10493
214649265,I2_1,10000,5624
326650549,I2_2,20000,9914
324485830,I2_2,20000,9774
294318549,I2_2,20000,8689
119306952,I2_2,20000,10740
636052275,I2_1,10000,2653
429598632,I2_1,10000,2646
671534704,I2_1,10000,2937
538824556,I2_2,20000,4778
746237147,I2_2,20000,4739
530656974,I2_2,20000,5691
688060036,I2_2,20000,5113
272468498,I2_2,20000,7225
982588790,I2_1,10000,5541
286868376,I2_2,20000,7888
751475074,I2_1,10000,4381
228287121,I2_1,10000,5034
46214929,I2_2,20000,5740
449255589,I2_2,20000,4859
982699584,I2_2,20000,4923
204302021,I2_2,20000,5287
779542793,I2_2,20000,7136
535353310,I2_1,10000,5425
58500788,I2_2,20000,7667
225512558,I2_2,20000,4634
44211948,I2_2,20000,5172
784520788,I2_1,10000,4540
691070511,I2_1,10000,5089
717323013,I2_1,10000,4022
78255675,I2_2,20000,6783
393162024,I2_2,20000,6657
704210048,I2_1,10000,4824
752444646,I2_1,10000,4330
552291284,I2_2,20000,10513
164702311,I2_1,10000,5196
589576933,I2_2,20000,12732
947845123,I2_1,10000,4501
427636206,I2_1,10000,5107
518386580,I2_1,10000,5729
663507584,I2_2,20000,14801
479714271,I2_1,10000,6137
325384625,I2_2,20000,10781
958460156,I2_2,20000,8561
776059403,I2_2,20000,4807
358550925,I2_2,20000,4586
305552758,I2_1,10000,3936
282115082,I2_2,20000,4535
279335348,I2_2,20000,4991
597759208,I2_1,10000,4062
841545435,I2_2,20000,5604
322566977,I2_1,10000,4990
43705604,I2_2,20000,8344
686319601,I2_1,10000,5094
559012643,I2_2,20000,4569
965985330,I2_1,10000,2571
81678940,I2_2,20000,5941
890713334,I2_2,20000,4565
316055967,I2_1,10000,4030
428994359,I2_1,10000,3949
564507487,I2_2,20000,4622
470984164,I2_1,10000,4050
471220082,I2_1,10000,4537
491308863,I2_2,20000,6287
448025504,I2_1,10000,3475
53088500,I2_1,10000,3425
872774773,I2_1,10000,3560
174463704,I2_2,20000,4522
579499736,I2_2,20000,4421
515093789,I2_1,10000,2565
922835815,I2_1,10000,3746
892717430,I2_2,20000,5883
28909184,I2_2,20000,8074
277045255,I2_2,20000,10860
320845978,I2_2,20000,9401
83674902,I2_1,10000,4494
614694646,I2_2,20000,8890
77770333,I2_1,10000,4502
827439526,I2_1,10000,5109
987448782,I2_1,10000,4035
705616590,I2_2,20000,12770
147161758,I2_2,20000,14245
958242612,I2_1,10000,6071
165495708,I2_1,10000,2931
279492375,I2_2,20000,5891
57994270,I2_1,10000,2605
806440917,I2_2,20000,5754
531313753,I2_1,10000,4143
675823346,I2_1,10000,4627
799400294,I2_2,20000,7194
766877840,I2_2,20000,9269
5232952,I2_1,10000,2605
375275107,I2_1,10000,2885
586364437,I2_2,20000,4751
677064021,I2_2,20000,6692
923211081,I2_2,20000,6456
772718833,I2_1,10000,2570
647849369,I2_1,10000,2599
796130408,I2_1,10000,2798
733469990,I2_2,20000,5344
379699935,I2_2,20000,4568
536046511,I2_2,20000,4614
892197249,I2_1,10000,5146
647673994,I2_2,20000,6532
172703179,I2_2,20000,4636
99673343,I2_1,10000,3236
869334330,I2_2,20000,5567
104369863,I2_1,10000,4586
219922343,I2_1,10000,4209
277159260,I2_2,20000,6655
731028132,I2_2,20000,6683
87693171,I2_2,20000,8294
872395616,I2_1,10000,3951
109128390,I2_2,20000,10483
324333167,I2_2,20000,12240
632852619,I2_1,10000,5028
705484651,I2_1,10000,4539
511117660,I2_1,10000,3881
687441425,I2_2,20000,8475
283319019,I2_2,20000,4951
791873526,I2_2,20000,5028
585692613,I2_1,10000,2857
105920433,I2_2,20000,4750
874478509,I2_1,10000,5324
533382273,I2_2,20000,5772
738225287,I2_1,10000,4111
854035600,I2_2,20000,7069
937591294,I2_1,10000,2687
172869959,I2_2,20000,5033
909277156,I2_1,10000,3330
883857057,I2_1,10000,3040
23567137,I2_1,10000,2700
520939912,I2_1,10000,2590
898646111,I2_2,20000,4670
402030891,I2_1,10000,2734
260519305,I2_1,10000,3199
265402563,I2_2,20000,5055
946413367,I2_1,10000,2782
189187925,I2_1,10000,3311
14169335,I2_1,10000,4364
771455763,I2_1,10000,3521
501557012,I2_1,10000,4786
106334551,I2_2,20000,5216
742413897,I2_1,10000,4624
916929326,I2_2,20000,6892
659432554,I2_1,10000,4352
661024644,I2_1,10000,3631
346478298,I2_2,20000,10184
654741058,I2_2,20000,9465
504592309,I2_1,10000,3166
184148582,I2_1,10000,3076
846703494,I2_1,10000,4150
404230726,I2_1,10000,4689
208809253,I2_1,10000,5283
646582761,I2_2,20000,7426
116946919,I2_2,20000,6793
936180425,I2_1,10000,3892
707488688,I2_1,10000,2690
971091132,I2_1,10000,2722
38189157,I2_1,10000,3208
660304589,I2_1,10000,4887
594082262,I2_2,20000,6611
225041492,I2_2,20000,5892
942934832,I2_1,10000,6394
35944520,I2_1,10000,2828
473966454,I2_1,10000,2698
454666178,I2_1,10000,3888
324677198,I2_2,20000,4731
90557964,I2_2,20000,6785
373040190,I2_2,20000,7614
799439046,I2_1,10000,3499
449691898,I2_1,10000,2732
996415152,I2_2,20000,5721
666479186,I2_1,10000,5185
640478215,I2_2,20000,6283
117574172,I2_2,20000,7179
715314691,I2_2,20000,8199
168494223,I2_2,20000,9208
896842079,I2_2,20000,11388
960485812,I2_2,20000,10244
420267480,I2_2,20000,9054
445049497,I2_1,10000,5248
406413463,I2_2,20000,11905
555640375,I2_2,20000,11903
332849597,I2_2,20000,8724
979331989,I2_2,20000,8126
976497912,I2_1,10000,4383
181040016,I2_2,20000,9744
763723414,I2_2,20000,5024
308883350,I2_1,10000,3901
334978884,I2_1,10000,4751
8676907,I2_1,10000,3656
271972884,I2_2,20000,5064
682861296,I2_2,20000,5957
910112643,I2_1,10000,2721
92814615,I2_1,10000,4078
475535599,I2_2,20000,5667
138779878,I2_2,20000,4838
107131344,I2_1,10000,4383
554251142,I2_1,10000,4966
350754744,I2_1,10000,3790
531309548,I2_2,20000,8653
772213302,I2_1,10000,6158
832885396,I2_2,20000,10409
953054121,I2_2,20000,10958
231103117,I2_1,10000,5503
856036809,I2_1,10000,4289
999142083,I2_1,10000,3606
671221554,I2_2,20000,10155
813586246,I2_2,20000,11324
104876023,I2_2,20000,7989
600414542,I2_2,20000,7981
760698495,I2_1,10000,5165
93898399,I2_1,10000,5861
336615892,I2_2,20000,5184
351230538,I2_2,20000,5189
917970850,I2_1,10000,4472
231180443,I2_2,20000,5602
146871683,I2_1,10000,3450
538878147,I2_1,10000,3928
445667775,I2_1,10000,2596
621712701,I2_1,10000,3680
996001475,I2_2,20000,5427
470680461,I2_2,20000,5868
324943280,I2_1,10000,5471
773099114,I2_1,10000,3079
881874468,I2_2,20000,4779
715137295,I2_1,10000,3479
960016417,I2_2,20000,5869
221268293,I2_1,10000,4196
337186802,I2_1,10000,4207
431571850,I2_2,20000,7140
647156522,I2_1,10000,2677
221805901,I2_2,20000,4633
162424634,I2_1,10000,3955
232618245,I2_1,10000,4806
960005975,I2_2,20000,7350
819819753,I2_1,10000,2651
294629849,I2_1,10000,2628
794582920,I2_2,20000,4888
530537644,I2_2,20000,5827
879280619,I2_2,20000,7619
427876295,I2_2,20000,6547
713132503,I2_1,10000,3756
289555292,I2_1,10000,4500
426333419,I2_2,20000,6147
397116967,I2_2,20000,4835
48268939,I2_1,10000,4272
702049344,I2_1,10000,5257
648297562,I2_1,10000,6304
764068563,I2_1,10000,2722
807813416,I2_1,10000,4418
528997631,I2_2,20000,4996
191904277,I2_2,20000,5543
162582260,I2_1,10000,5617
611088195,I2_2,20000,5908
556185740,I2_1,10000,4731
324289577,I2_1,10000,2758
216982319,I2_2,20000,5719
703881768,I2_2,20000,6274
13268499,I2_2,20000,7739
614675030,I2_1,10000,4234
610205389,I2_1,10000,4402
403632300,I2_2,20000,12112
46902080,I2_2,20000,8179
980247527,I2_2,20000,9711
662761970,I2_2,20000,9110
64355048,I2_1,10000,4923
282389860,I2_1,10000,4387
789770109,I2_2,20000,10927
470618080,I2_2,20000,11473
726803456,I2_2,20000,14185
72405966,I2_1,10000,5164
116463289,I2_1,10000,4532
486741184,I2_2,20000,7887
616338632,I2_1,10000,5505
115318496,I2_1,10000,4598
181027553,I2_2,20000,5648
130199962,I2_1,10000,5083
969936347,I2_1,10000,5568
574553456,I2_1,10000,5452
82006934,I2_2,20000,8861
653469279,I2_2,20000,6045
828581824,I2_1,10000,4908
760136366,I2_1,10000,5190
462701893,I2_2,20000,9556
568581272,I2_2,20000,4639
63025799,I2_1,10000,5237
999300199,I2_1,10000,4176
721747813,I2_1,10000,3655
81787988,I2_2,20000,4680
231930909,I2_1,10000,3119
956553427,I2_1,10000,4071
411380428,I2_2,20000,9534
368068373,I2_1,10000,3706
673026927,I2_1,10000,4205
684021028,I2_1,10000,3586
925767363,I2_2,20000,7979
506918422,I2_1,10000,2741
805696596,I2_1,10000,4420
922823661,I2_2,20000,5584
611420667,I2_1,10000,4395
280409958,I2_1,10000,5018
833220190,I2_2,20000,8357
113163701,I2_1,10000,5006
569016001,I2_1,10000,3235
1786847,I2_2,20000,8839
25801920,I2_2,20000,10937
218282213,I2_2,20000,11247
52641066,I2_1,10000,3892
158052450,I2_2,20000,11292
823374116,I2_2,20000,9287
230577723,I2_1,10000,5499
831195671,I2_2,20000,8114
57416621,I2_1,10000,3811
970058389,I2_2,20000,5391
105605397,I2_2,20000,7780
868496024,I2_1,10000,2898
177925446,I2_1,10000,3347
712131961,I2_1,10000,4827
559423128,I2_2,20000,6682
671252065,I2_2,20000,5459
745553592,I2_1,10000,6177
865576219,I2_1,10000,4830
236483851,I2_1,10000,4412
971332406,I2_2,20000,7509
132154973,I2_2,20000,6491
765865853,I2_1,10000,5355
871417034,I2_1,10000,5862
893726018,I2_1,10000,4899
339795831,I2_1,10000,5026
986882242,I2_1,10000,5365
916835153,I2_2,20000,12826
646921882,I2_2,20000,10532
503667431,I2_2,20000,11185
400911369,I2_1,10000,3853
151465896,I2_2,20000,10524
38394251,I2_1,10000,4266
575584433,I2_2,20000,8538
154208730,I2_2,20000,7419
395287198,I2_2,20000,6573
232923113,I2_1,10000,2682
161395810,I2_2,20000,4602
836879644,I2_2,20000,5440
689559564,I2_1,10000,3462
265138198,I2_2,20000,6281
296631464,I2_2,20000,7437
905399434,I2_1,10000,4624
127182321,I2_2,20000,5700
148927438,I2_2,20000,7309
176966401,I2_1,10000,3899
700014474,I2_2,20000,5532
343461819,I2_2,20000,4434
565126804,I2_2,20000,6576
863202107,I2_1,10000,3726
264492979,I2_1,10000,3393
288147149,I2_2,20000,4399
188267195,I2_2,20000,5365
374283971,I2_2,20000,5527
656889350,I2_1,10000,5102
518333619,I2_1,10000,3224
13453733,I2_2,20000,5757
155614571,I2_1,10000,3990
227914132,I2_1,10000,4092
2401379,I2_2,20000,7596
272125882,I2_1,10000,4354
933570726,I2_1,10000,4894
478002240,I2_2,20000,8671
538764318,I2_1,10000,5303
363800853,I2_2,20000,10735
381665492,I2_2,20000,10078
566297508,I2_1,10000,5364
865263145,I2_2,20000,13713
846117490,I2_2,20000,8538
654064993,I2_2,20000,6950
507670860,I2_1,10000,2934
332585085,I2_2,20000,5144
828055211,I2_1,10000,4560
98779459,I2_2,20000,4524
961443406,I2_1,10000,3897
761894863,I2_1,10000,4986
918165013,I2_1,10000,6053
860794616,I2_1,10000,4013
585588160,I2_1,10000,5590
51136496,I2_1,10000,6126
285046946,I2_2,20000,9404
505438766,I2_2,20000,7018
687254081,I2_1,10000,4855
551679912,I2_2,20000,7025
523293574,I2_1,10000,5400
623298173,I2_2,20000,10773
909513059,I2_2,20000,8558
159482349,I2_1,10000,5358
369732824,I2_1,10000,5348
760588231,I2_1,10000,3008
228355242,I2_1,10000,2531
282269443,I2_2,20000,4526
774195883,I2_1,10000,3886
582004744,I2_1,10000,3780
699381418,I2_1,10000,2543
17418106,I2_2,20000,5144
135378948,I2_1,10000,2573
617275459,I2_1,10000,2490
604068480,I2_1,10000,3093
726646634,I2_2,20000,5028
898685555,I2_2,20000,5543
257196544,I2_2,20000,6938
699492778,I2_1,10000,5241
187077935,I2_2,20000,6736
414338730,I2_1,10000,3056
456598419,I2_1,10000,3435
143567562,I2_2,20000,6382
941054611,I2_1,10000,2788
203160008,I2_2,20000,4389
274896591,I2_2,20000,4466
951400900,I2_2,20000,4461
573860110,I2_1,10000,3793
408525503,I2_2,20000,4554
721658860,I2_1,10000,3457
157494942,I2_2,20000,5778
211918890,I2_1,10000,4492
990376985,I2_2,20000,4459
885940814,I2_2,20000,6549
545678326,I2_1,10000,2544
524586740,I2_1,10000,2690
402754466,I2_1,10000,2765
642098916,I2_1,10000,2804
200996132,I2_1,10000,3551
641020122,I2_1,10000,2686
648812582,I2_1,10000,3807
691416148,I2_1,10000,3004
805350122,I2_2,20000,5221
651244330,I2_1,10000,4676
924824236,I2_1,10000,5156
413741491,I2_2,20000,6068
583170846,I2_2,20000,4547
180972435,I2_1,10000,2945
518777445,I2_2,20000,7305
131975684,I2_1,10000,4416
305653465,I2_2,20000,4616
972983134,I2_1,10000,2761
883420857,I2_1,10000,3288
946469945,I2_1,10000,5585
865168387,I2_2,20000,7672
264717590,I2_2,20000,8259
310161338,I2_1,10000,5207
430389978,I2_1,10000,5609
628038719,I2_2,20000,12571
689621325,I2_2,20000,7614
353766676,I2_2,20000,7163
929142042,I2_2,20000,7746
295986465,I2_1,10000,2787
759095694,I2_1,10000,3803
675185533,I2_2,20000,6677
912971117,I2_2,20000,6082
962494107,I2_2,20000,4557
116299501,I2_2,20000,5518
158380827,I2_2,20000,4711
876078417,I2_1,10000,2644
874132988,I2_1,10000,3760
972269984,I2_1,10000,3624
637680424,I2_1,10000,3524
640431174,I2_2,20000,4554
773549648,I2_1,10000,2609
91759139,I2_2,20000,5239
955416540,I2_2,20000,5090
526514020,I2_2,20000,5595
708325706,I2_2,20000,5210
378490653,I2_1,10000,4372
487989890,I2_2,20000,6425
248204614,I2_2,20000,6672
824117452,I2_2,20000,7662
707358703,I2_2,20000,4608
413066450,I2_2,20000,5549
698064195,I2_2,20000,6505
932656661,I2_2,20000,5518
423269015,I2_2,20000,4565
765518039,I2_1,10000,3516
556708241,I2_1,10000,2897
711117252,I2_1,10000,2961
559291259,I2_1,10000,4542
112492780,I2_1,10000,3994
654491164,I2_2,20000,5621
390861540,I2_2,20000,6782
319482801,I2_1,10000,3031
100056942,I2_1,10000,4073
144553603,I2_1,10000,4423
127361445,I2_2,20000,6230
763672682,I2_2,20000,4722
408286248,I2_2,20000,5624
188770859,I2_1,10000,2947
773911974,I2_2,20000,4732
93595831,I2_1,10000,3527
550635596,I2_1,10000,3855
666666830,I2_2,20000,6976
553033038,I2_1,10000,4667
815448890,I2_2,20000,5272
417274933,I2_1,10000,5043
463671709,I2_2,20000,6221
644184221,I2_1,10000,5630
454172151,I2_2,20000,4732
410506850,I2_1,10000,2710
337917469,I2_2,20000,4756
770439070,I2_1,10000,3094
995506727,I2_1,10000,4971
171373838,I2_2,20000,8831
472610169,I2_2,20000,5736
638159580,I2_1,10000,3357
3621113,I2_1,10000,4546
484882620,I2_1,10000,4419
35669413,I2_1,10000,4140
850809303,I2_1,10000,3514
498073502,I2_2,20000,4960
155964139,I2_1,10000,2610
98494592,I2_1,10000,2692
159763337,I2_1,10000,2716
271880850,I2_2,20000,4923
311334168,I2_1,10000,2759
377818753,I2_1,10000,3021
355641115,I2_2,20000,4721
661578484,I2_2,20000,4620
625121578,I2_1,10000,4166
141718009,I2_1,10000,2855
553777949,I2_1,10000,3502
502138053,I2_2,20000,4731
824601913,I2_1,10000,2824
380351445,I2_2,20000,6176
824745864,I2_2,20000,4794
884175223,I2_2,20000,5900
716149539,I2_1,10000,2986
820306671,I2_1,10000,4093
141710371,I2_1,10000,4550
36471935,I2_2,20000,6536
825234116,I2_2,20000,8906
874817033,I2_2,20000,9776
109704803,I2_2,20000,10808
248452369,I2_1,10000,4531
623426686,I2_2,20000,6967
326844992,I2_2,20000,5194
16285210,I2_2,20000,4831
375818592,I2_2,20000,4694
810826591,I2_1,10000,3102
491645709,I2_2,20000,5215
344727148,I2_1,10000,3664
518498968,I2_1,10000,4093
648505081,I2_2,20000,6997
791182855,I2_2,20000,9198
165371636,I2_2,20000,5802
844081082,I2_1,10000,4170
574351145,I2_2,20000,7717
844068153,I2_2,20000,7366
884662946,I2_2,20000,9515
585867951,I2_2,20000,5381
133216187,I2_1,10000,3459
198573256,I2_1,10000,3989
866911723,I2_1,10000,4763
341394107,I2_2,20000,7441
7173403,I2_2,20000,4704
490516394,I2_1,10000,3880
121208434,I2_2,20000,4728
993912723,I2_2,20000,5092
422194347,I2_1,10000,4451
17110476,I2_2,20000,7378
849063274,I2_1,10000,5090
848034962,I2_1,10000,3169
454440893,I2_2,20000,5327
200832773,I2_2,20000,6095
816885927,I2_1,10000,4397
129076474,I2_2,20000,8689
176777638,I2_2,20000,8881
3443718,I2_2,20000,8307
8829648,I2_1,10000,4709
3109299,I2_1,10000,5658
337719017,I2_1,10000,2872
69992823,I2_2,20000,5332
451425899,I2_2,20000,4789
890545276,I2_2,20000,5196
541478523,I2_1,10000,3719
12908420,I2_2,20000,5476
917701967,I2_2,20000,5056
829988370,I2_1,10000,4438
925913529,I2_2,20000,6445
230099444,I2_2,20000,7009
670761937,I2_2,20000,7465
200939170,I2_1,10000,3988
566785020,I2_1,10000,3909
435089996,I2_1,10000,3026
385176545,I2_1,10000,3870
528115372,I2_1,10000,4959
431643373,I2_1,10000,4722
128336096,I2_1,10000,2718
427502997,I2_2,20000,4726
659328754,I2_1,10000,5297
403593630,I2_2,20000,6578
151099212,I2_1,10000,2669
976338673,I2_1,10000,2932
402771567,I2_1,10000,4709
275482951,I2_2,20000,4871
915322547,I2_1,10000,5296
244924586,I2_1,10000,3320
873326084,I2_1,10000,4824
233840370,I2_2,20000,7408
491794090,I2_2,20000,8847
93204980,I2_2,20000,5222
108855424,I2_2,20000,4800
944809466,I2_1,10000,3039
742960162,I2_1,10000,3905
465375132,I2_2,20000,5036
550563027,I2_1,10000,3747
448495981,I2_1,10000,5304
80719760,I2_1,10000,4653
186959288,I2_2,20000,8204
723491776,I2_1,10000,2760
294250130,I2_2,20000,5019
154559156,I2_2,20000,6339
514800022,I2_2,20000,7959
702999993,I2_2,20000,6568
63861562,I2_1,10000,4795
190114814,I2_1,10000,4973
507515063,I2_1,10000,5598
437337660,I2_2,20000,7811
435474301,I2_1,10000,3979
490630168,I2_1,10000,2786
699878897,I2_1,10000,3501
974152645,I2_1,10000,4656
563904801,I2_2,20000,6760
768799017,I2_1,10000,5709
879889107,I2_1,10000,6660
810731065,I2_2,20000,4780
581195083,I2_1,10000,4118
483574371,I2_1,10000,2732
489906382,I2_1,10000,2681
167294249,I2_1,10000,2927
144965916,I2_1,10000,2744
77342963,I2_1,10000,2765
216448311,I2_1,10000,3746
724451052,I2_2,20000,4882
624649912,I2_1,10000,2862
977687250,I2_2,20000,5329
542948671,I2_1,10000,3689
830131210,I2_1,10000,5246
774805420,I2_1,10000,4702
6763072,I2_2,20000,7007
243306522,I2_2,20000,5786
749064055,I2_1,10000,4655
353798707,I2_2,20000,6809
938123192,I2_2,20000,10084
318241573,I2_2,20000,9771
784648532,I2_2,20000,9945
731840979,I2_2,20000,9888
103531252,I2_2,20000,5212
511398069,I2_2,20000,7357
247129721,I2_1,10000,4762
479762561,I2_1,10000,5149
748731858,I2_1,10000,5694
840146577,I2_2,20000,7364
678055261,I2_2,20000,5916
385673084,I2_1,10000,3023
444096682,I2_2,20000,5731
324377710,I2_1,10000,5741
405039087,I2_1,10000,3077
679782606,I2_1,10000,3346
138307766,I2_1,10000,2763
21088355,I2_1,10000,2833
192795988,I2_1,10000,2915
346053696,I2_1,10000,4692
32077233,I2_2,20000,5219
517340796,I2_1,10000,4697
403301742,I2_1,10000,4057
816944470,I2_2,20000,8194
280907387,I2_1,10000,6460
658983755,I2_1,10000,5265
876219747,I2_1,10000,5838
500468265,I2_1,10000,5219
706606554,I2_2,20000,11317
649080142,I2_2,20000,13432
133294701,I2_2,20000,15592
26997041,I2_2,20000,16989
716360792,I2_2,20000,15791
253001831,I2_2,20000,16893
623174727,I2_2,20000,16247
399641790,I2_1,10000,4532
396055590,I2_2,20000,6701
330359695,I2_2,20000,4893
460253459,I2_2,20000,6048
74412240,I2_2,20000,6976
132339316,I2_2,20000,8082
71764159,I2_2,20000,8865
985204769,I2_2,20000,10878
869677602,I2_2,20000,11990
444624818,I2_2,20000,12879
510362046,I2_2,20000,10136
349324432,I2_2,20000,12917
106619469,I2_1,10000,6901
974023480,I2_1,10000,4305
865549830,I2_2,20000,10101
265353067,I2_1,10000,4318
789414371,I2_1,10000,2575
534552867,I2_2,20000,4877
955318641,I2_1,10000,3990
722140492,I2_2,20000,5978
651625384,I2_1,10000,4248
893868423,I2_1,10000,4854
190372803,I2_1,10000,4184
498457660,I2_1,10000,4997
971543549,I2_1,10000,2745
703610667,I2_2,20000,4950
237339232,I2_1,10000,2784
129327159,I2_1,10000,2660
336130100,I2_1,10000,3232
196301816,I2_1,10000,3121
315699510,I2_1,10000,4188
633405690,I2_1,10000,5863
747580052,I2_1,10000,4939
754701475,I2_2,20000,9053
921860239,I2_1,10000,5477
396456165,I2_2,20000,12894
822782253,I2_2,20000,6759
987253393,I2_2,20000,7686
291802766,I2_2,20000,5713
618046061,I2_2,20000,7715
447977375,I2_2,20000,8871
59099282,I2_2,20000,9709
79244096,I2_1,10000,3882
923581103,I2_2,20000,5068
225196458,I2_1,10000,4049
22339467,I2_1,10000,4107
458625273,I2_1,10000,2632
693979682,I2_1,10000,2625
371036674,I2_1,10000,2828
576194422,I2_2,20000,4743
520872113,I2_1,10000,2753
582331447,I2_2,20000,5710
986848925,I2_1,10000,2623
513531292,I2_2,20000,5090
560272945,I2_1,10000,2923
271536416,I2_1,10000,3170
73553680,I2_2,20000,5371
493253944,I2_1,10000,4712
534580404,I2_1,10000,5928
720668525,I2_1,10000,4530
29809807,I2_2,20000,8208
886821706,I2_2,20000,10322
333059441,I2_1,10000,6405
629031071,I2_2,20000,10823
136861843,I2_2,20000,13023
91174955,I2_1,10000,4932
564700381,I2_2,20000,6619
360409471,I2_1,10000,5528
378688962,I2_1,10000,6081
868656092,I2_2,20000,5600
917659558,I2_2,20000,5576
131060833,I2_1,10000,4989
110618231,I2_1,10000,4409
382112728,I2_2,20000,8902
172095116,I2_1,10000,5135
3093813,I2_1,10000,4162
874801627,I2_2,20000,5709
246437113,I2_1,10000,5061
772067161,I2_1,10000,4563
55347153,I2_2,20000,7803
413629873,I2_1,10000,3871
811905472,I2_1,10000,3822
852894318,I2_2,20000,11941
795527093,I2_1,10000,5688
44075533,I2_2,20000,10687
804257195,I2_2,20000,4564
564700849,I2_2,20000,4622
51504350,I2_1,10000,2565
673818827,I2_1,10000,2847
187890029,I2_2,20000,4706
211153520,I2_1,10000,3367
701784301,I2_2,20000,5676
597816175,I2_2,20000,5724
491793078,I2_2,20000,7044
183668239,I2_1,10000,5502
272072218,I2_2,20000,10249
936707389,I2_2,20000,7078
671805270,I2_1,10000,5934
601714739,I2_1,10000,7588
720999271,I2_1,10000,5979
676725831,I2_2,20000,10766
937729872,I2_1,10000,4341
713903624,I2_2,20000,9828
379174886,I2_2,20000,9801
984485180,I2_1,10000,4912
675047454,I2_2,20000,8229
727975761,I2_1,10000,5357
443568329,I2_2,20000,9057
510133017,I2_1,10000,3747
925966617,I2_2,20000,12203
245800264,I2_1,10000,4130
866077610,I2_2,20000,12086
249474408,I2_2,20000,10646
77175223,I2_2,20000,8522
661011499,I2_1,10000,2789
813402301,I2_2,20000,4570
400817892,I2_1,10000,2844
118536809,I2_1,10000,2635
462299903,I2_1,10000,3686
222788816,I2_2,20000,5241
486407721,I2_1,10000,4615
10437836,I2_1,10000,4004
253451077,I2_2,20000,6562
198287281,I2_2,20000,5021
360227171,I2_1,10000,4414
527954144,I2_1,10000,4560
626160175,I2_1,10000,4550
467241158,I2_1,10000,5002
150725267,I2_1,10000,5404
185178523,I2_1,10000,4812
257100594,I2_1,10000,5907
897837006,I2_2,20000,11000
73034128,I2_1,10000,4847
591427877,I2_2,20000,7472
503986132,I2_1,10000,3462
546869073,I2_2,20000,4864
913251147,I2_2,20000,6727
507455968,I2_1,10000,2630
354691221,I2_2,20000,5775
628971186,I2_1,10000,3833
32838976,I2_2,20000,6525
106482301,I2_2,20000,6392
884513282,I2_1,10000,5354
283169888,I2_2,20000,8482
967986448,I2_2,20000,10701
754203595,I2_2,20000,9038
27925011,I2_1,10000,5876
677260300,I2_1,10000,5384
584029856,I2_1,10000,5913
968291440,I2_1,10000,6166
469673481,I2_2,20000,9086
663110784,I2_1,10000,5451
263277272,I2_2,20000,12777
551994123,I2_2,20000,15021
950891790,I2_1,10000,5883
557403727,I2_1,10000,6432
550360749,I2_2,20000,15004
211014986,I2_1,10000,7043
114655053,I2_1,10000,7735
7659068,I2_2,20000,18727
910400058,I2_1,10000,8660
437042219,I2_2,20000,20336
763341643,I2_2,20000,23454
355487079,I2_2,20000,22932
88880596,I2_2,20000,24498
493487699,I2_1,10000,12322
953592364,I2_1,10000,10809
229247203,I2_2,20000,22104
649449308,I2_1,10000,9586
980113257,I2_2,20000,22550
232010813,I2_2,20000,22953
664365742,I2_2,20000,25242
426673999,I2_1,10000,12350
878429075,I2_2,20000,24104
887309451,I2_1,10000,11547
801837685,I2_2,20000,23940
477741274,I2_1,10000,11711
260331461,I2_2,20000,23531
471196791,I2_2,20000,25706
783123403,I2_1,10000,13829
588556444,I2_1,10000,14291
797772406,I2_2,20000,26032
208866530,I2_1,10000,16482
154490372,I2_2,20000,27998
121648995,I2_2,20000,23303
947881928,I2_1,10000,12734
775496916,I2_2,20000,21226
386791440,I2_2,20000,21631
998150320,I2_1,10000,11593
639439099,I2_1,10000,7993
900493022,I2_1,10000,8595
655124590,I2_1,10000,7396
178143934,I2_2,20000,11355
314477568,I2_2,20000,7194
48153154,I2_2,20000,4973
130102448,I2_1,10000,5419
726312044,I2_2,20000,5368
513920551,I2_2,20000,4670
757090076,I2_2,20000,4943
666499405,I2_2,20000,7197
281181196,I2_2,20000,4449
408130881,I2_2,20000,6656
413800111,I2_1,10000,3884
756989978,I2_1,10000,4392
828356816,I2_2,20000,4829
841958550,I2_2,20000,5299
113671035,I2_2,20000,4376
291537123,I2_2,20000,4394
73923465,I2_1,10000,2499
793785464,I2_1,10000,3598
477321687,I2_1,10000,3166
402908380,I2_2,20000,4508
949338147,I2_1,10000,3940
607768392,I2_2,20000,7716
188005484,I2_1,10000,3801
588305168,I2_2,20000,10393
349949940,I2_1,10000,4983
672924255,I2_1,10000,4942
192827207,I2_2,20000,13874
405368465,I2_2,20000,13913
958934469,I2_2,20000,12175
73001312,I2_2,20000,12087
328407977,I2_2,20000,12100
344194671,I2_1,10000,5218
67743329,I2_2,20000,12037
868095993,I2_1,10000,4819
108417290,I2_2,20000,12744
169271011,I2_1,10000,3226
401529533,I2_1,10000,4285
695001972,I2_1,10000,4140
158542374,I2_2,20000,14348
163219134,I2_2,20000,12681
87814136,I2_2,20000,13238
376783690,I2_2,20000,15216
444126094,I2_2,20000,15667
25181717,I2_1,10000,6836
568071628,I2_1,10000,6304
418251122,I2_2,20000,15619
172906516,I2_2,20000,5693
172181001,I2_2,20000,7757
542140479,I2_1,10000,2448
319244928,I2_2,20000,4653
759040,I2_1,10000,3771
404634762,I2_2,20000,6345
249616117,I2_2,20000,5133
747824781,I2_2,20000,4405
458578682,I2_1,10000,4950
97248382,I2_2,20000,5400
945468767,I2_1,10000,4787
469107333,I2_2,20000,5924
817697862,I2_1,10000,2333
611028843,I2_1,10000,2919
268695291,I2_1,10000,2350
427179588,I2_2,20000,4912
525367718,I2_1,10000,2350
965787506,I2_2,20000,5527
909228701,I2_2,20000,4414
600636110,I2_1,10000,3840
144630668,I2_1,10000,2378
166830426,I2_1,10000,2343
268275418,I2_2,20000,4897
93174499,I2_1,10000,4345
106394707,I2_1,10000,2793
826987713,I2_1,10000,2894
419975412,I2_2,20000,4863
183093253,I2_1,10000,2402
541313735,I2_2,20000,4563
143824196,I2_1,10000,3017
344592999,I2_1,10000,3146
292656902,I2_1,10000,2583
858022406,I2_1,10000,3654
101835651,I2_1,10000,3499
715377862,I2_1,10000,2490
214013736,I2_1,10000,2685
68921867,I2_1,10000,3955
16994594,I2_2,20000,6479
202862050,I2_2,20000,6951
832998030,I2_1,10000,5316
995982400,I2_1,10000,4082
866517706,I2_2,20000,11337
930197051,I2_2,20000,8435
552960936,I2_2,20000,8580
768168340,I2_2,20000,5680
337873193,I2_1,10000,2586
855866702,I2_1,10000,2562
613376142,I2_1,10000,2732
133765490,I2_1,10000,2526
248226983,I2_2,20000,4814
275337050,I2_1,10000,5258
650351302,I2_1,10000,5284
219082388,I2_2,20000,8397
495245985,I2_1,10000,6479
384368947,I2_2,20000,9833
313075891,I2_2,20000,12539
857724426,I2_1,10000,4349
984749667,I2_2,20000,13589
608202752,I2_2,20000,14576
289665561,I2_1,10000,5426
998169233,I2_1,10000,2591
67628202,I2_1,10000,2722
648140300,I2_1,10000,3288
969117058,I2_2,20000,4594
230983775,I2_1,10000,5052
688606613,I2_2,20000,5576
172948886,I2_2,20000,4624
231524159,I2_2,20000,5763
6640112,I2_1,10000,2919
41881990,I2_1,10000,3419
121256664,I2_2,20000,6658
567661414,I2_1,10000,4327
518376587,I2_1,10000,4242
76906380,I2_1,10000,3166
616919242,I2_1,10000,3755
176557515,I2_1,10000,4385
681023501,I2_1,10000,4738
177346,I2_2,20000,6780
218297658,I2_2,20000,8887
876789542,I2_2,20000,9814
808324190,I2_2,20000,9739
976192652,I2_2,20000,11239
103474456,I2_1,10000,2805
3916105,I2_2,20000,4668
616957095,I2_2,20000,4717
49470611,I2_2,20000,5568
434489849,I2_2,20000,6454
253879975,I2_2,20000,5445
996164288,I2_2,20000,5746
220214621,I2_2,20000,7875
506528007,I2_2,20000,5702
475748850,I2_1,10000,2722
994321531,I2_2,20000,4708
124665431,I2_1,10000,4111
446027435,I2_2,20000,8219
553187645,I2_1,10000,3625
812016515,I2_2,20000,5686
220952349,I2_2,20000,5662
651962994,I2_2,20000,7296
535887639,I2_1,10000,4575
182911323,I2_2,20000,5734
275459001,I2_1,10000,2668
718468127,I2_1,10000,2603
312453301,I2_1,10000,2817
319062729,I2_1,10000,2619
884893896,I2_1,10000,4390
469037339,I2_2,20000,5440
410236490,I2_2,20000,5801
557701752,I2_2,20000,6794
594862663,I2_2,20000,7824
471173208,I2_2,20000,9937
744963456,I2_1,10000,3827
902384703,I2_2,20000,5028
518952415,I2_1,10000,3687
966228755,I2_1,10000,2710
716197966,I2_1,10000,2727
51599303,I2_1,10000,2617
37626804,I2_1,10000,3309
460915418,I2_1,10000,3919
926410613,I2_2,20000,4987
211549729,I2_1,10000,4417
868859481,I2_1,10000,3339
125027505,I2_2,20000,5211
133007713,I2_1,10000,5699
257878907,I2_1,10000,5236
591609231,I2_2,20000,7293
815088054,I2_2,20000,9493
918352226,I2_1,10000,5444
975076581,I2_1,10000,5506
904739882,I2_2,20000,7822
636459582,I2_1,10000,4143
444567839,I2_1,10000,2734
470044652,I2_2,20000,5346
99279365,I2_1,10000,3604
414498018,I2_1,10000,3187
126753712,I2_1,10000,4926
349982934,I2_2,20000,7775
153203170,I2_1,10000,4601
105397660,I2_1,10000,3292
690277561,I2_2,20000,11574
783660454,I2_1,10000,4555
481824693,I2_1,10000,3847
290686371,I2_2,20000,13869
905535102,I2_1,10000,5361
246186042,I2_2,20000,16530
282769102,I2_2,20000,19736
260655892,I2_2,20000,18586
287840241,I2_2,20000,18703
101395340,I2_2,20000,10289
30899247,I2_1,10000,4546
647236406,I2_2,20000,5348
362330811,I2_2,20000,6365
305265035,I2_2,20000,5391
533440126,I2_1,10000,2795
28012728,I2_1,10000,2890
825848220,I2_2,20000,4547
325319777,I2_1,10000,2911
877908383,I2_1,10000,3140
242829175,I2_1,10000,2614
243874911,I2_2,20000,4744
402235428,I2_1,10000,5300
562507997,I2_1,10000,4543
949323960,I2_1,10000,5119
338097426,I2_2,20000,6496
177932963,I2_2,20000,4839
513526887,I2_2,20000,4652
299134592,I2_2,20000,4735
729173567,I2_1,10000,3114
243734707,I2_2,20000,7807
800532593,I2_1,10000,2706
577001900,I2_2,20000,4771
48675327,I2_1,10000,4138
489618434,I2_2,20000,7686
965049084,I2_1,10000,3026
155993447,I2_1,10000,3840
447961564,I2_2,20000,5786
735196474,I2_1,10000,6203
115971042,I2_1,10000,4214
416385532,I2_2,20000,8916
81637573,I2_2,20000,9816
593836067,I2_2,20000,7447
607153476,I2_2,20000,6345
74936404,I2_2,20000,5114
183020902,I2_1,10000,4537
293570291,I2_2,20000,7971
732829174,I2_1,10000,4089
662363334,I2_1,10000,4053
642392581,I2_2,20000,10733
647089988,I2_1,10000,3638
635933813,I2_1,10000,4194
334092896,I2_2,20000,8078
172502546,I2_1,10000,4393
142698284,I2_2,20000,6699
50408350,I2_2,20000,6584
931369614,I2_2,20000,5414
529871236,I2_2,20000,4786
701705135,I2_2,20000,4709
206348196,I2_2,20000,6784
492260084,I2_1,10000,2732
939768955,I2_2,20000,5019
184706560,I2_2,20000,5927
877310454,I2_1,10000,4223
307622900,I2_2,20000,6219
2416772,I2_2,20000,6862
785211821,I2_1,10000,4090
708095625,I2_1,10000,4024
345447783,I2_2,20000,9380
362455326,I2_1,10000,5572
381296634,I2_1,10000,5485
406049783,I2_1,10000,6621
622439540,I2_1,10000,4936
770010140,I2_1,10000,4991
892198755,I2_1,10000,4379
844555774,I2_1,10000,3764
352710669,I2_2,20000,10847
594405684,I2_1,10000,3885
518077990,I2_2,20000,6926
687062071,I2_2,20000,6925
769131125,I2_1,10000,5398
528832599,I2_2,20000,6263
798219073,I2_2,20000,6806
64838792,I2_2,20000,6886
177566555,I2_2,20000,8916
112839506,I2_1,10000,5212
416538971,I2_2,20000,10329
987297922,I2_2,20000,7068
190171158,I2_2,20000,8092
481945,I2_2,20000,4605
391610036,I2_1,10000,2913
314462478,I2_1,10000,2593
81214454,I2_1,10000,2489
853156194,I2_2,20000,11613
330711546,I2_1,10000,8021
337830665,I2_2,20000,4595
539432329,I2_1,10000,4034
785154123,I2_2,20000,4653
625746348,I2_1,10000,2605
466569536,I2_2,20000,5299
395508667,I2_2,20000,5461
902317989,I2_2,20000,5451
112058246,I2_2,20000,7669
666672013,I2_1,10000,5497
882498950,I2_2,20000,8099
856113018,I2_2,20000,9574
439431658,I2_1,10000,6058
913668198,I2_1,10000,4341
707215152,I2_2,20000,12791
742197360,I2_1,10000,5570
144078894,I2_1,10000,4955
248649074,I2_2,20000,13546
630292537,I2_1,10000,5933
692967767,I2_1,10000,6424
32071606,I2_2,20000,18872
111194930,I2_2,20000,15141
807460895,I2_2,20000,7482
195451993,I2_1,10000,3314
222951892,I2_2,20000,4513
648778953,I2_1,10000,2946
992355388,I2_2,20000,4876
462872261,I2_1,10000,2510
402708478,I2_1,10000,2549
694958335,I2_1,10000,2525
443627458,I2_1,10000,2778
123089096,I2_2,20000,5698
776568239,I2_2,20000,6450
196649682,I2_2,20000,5456
419158620,I2_2,20000,5477
13390878,I2_2,20000,4494
774355979,I2_2,20000,4798
466388716,I2_2,20000,4785
361326472,I2_2,20000,5483
955187517,I2_2,20000,5185
937504462,I2_1,10000,2931
374474855,I2_1,10000,2426
234477121,I2_1,10000,3045
58841691,I2_2,20000,5257
820610801,I2_1,10000,5811
252770107,I2_1,10000,4543
670275854,I2_2,20000,6227
374667389,I2_1,10000,3368
241631441,I2_2,20000,5057
721756629,I2_2,20000,4968
922344613,I2_2,20000,6696
671584654,I2_1,10000,5063
552708870,I2_2,20000,9871
165299937,I2_1,10000,4341
330977629,I2_1,10000,3369
147456019,I2_1,10000,2916
643125672,I2_2,20000,5682
834953609,I2_1,10000,3210
455687640,I2_1,10000,3564
868972316,I2_1,10000,3552
620207185,I2_1,10000,2468
986575354,I2_1,10000,3335
57740898,I2_1,10000,3081
423040459,I2_1,10000,3628
261810330,I2_1,10000,4118
751424486,I2_2,20000,8048
263894965,I2_1,10000,3111
38396068,I2_2,20000,5324
674836469,I2_1,10000,3390
306129121,I2_2,20000,6052
313151460,I2_1,10000,2475
479832968,I2_2,20000,5274
754765614,I2_2,20000,5063
791187442,I2_1,10000,4465
148389549,I2_1,10000,4446
474699898,I2_1,10000,5546
450859357,I2_2,20000,10509
338392174,I2_1,10000,7168
845867979,I2_1,10000,6096
548168460,I2_1,10000,6177
620586795,I2_1,10000,4549
554904195,I2_1,10000,3956
89685713,I2_2,20000,6167
621860522,I2_2,20000,8327
958916238,I2_1,10000,3422
364066007,I2_1,10000,2585
41397150,I2_1,10000,2955
390819270,I2_2,20000,5219
977988478,I2_2,20000,5637
859142689,I2_2,20000,5639
661591779,I2_1,10000,4972
761800415,I2_1,10000,4912
81478606,I2_1,10000,2530
321509275,I2_1,10000,2566
737187866,I2_2,20000,4525
703479338,I2_1,10000,2864
166275196,I2_2,20000,5535
201750536,I2_1,10000,4990
393955868,I2_1,10000,4449
735396923,I2_1,10000,4604
782147605,I2_2,20000,7890
319481359,I2_1,10000,4034
726038309,I2_1,10000,4535
661529439,I2_1,10000,5104
303436799,I2_2,20000,6702
107232527,I2_1,10000,3386
165504511,I2_2,20000,5308
495504896,I2_1,10000,3632
282524991,I2_1,10000,4167
728176770,I2_1,10000,4222
881408201,I2_2,20000,7407
892859386,I2_1,10000,5761
340979743,I2_2,20000,8384
289979283,I2_2,20000,6942
763545007,I2_1,10000,3851
688331829,I2_2,20000,5549
755800137,I2_2,20000,6800
558421875,I2_2,20000,5417
222853261,I2_1,10000,5923
44155446,I2_2,20000,8033
861395910,I2_2,20000,7217
464489622,I2_2,20000,8306
900994800,I2_2,20000,6581
438789854,I2_2,20000,7280
969060188,I2_2,20000,9056
545204478,I2_1,10000,4117
784700657,I2_1,10000,3720
35744714,I2_2,20000,5176
514691516,I2_1,10000,5699
889684225,I2_1,10000,5475
665603190,I2_2,20000,9470
942138404,I2_2,20000,6964
838528135,I2_2,20000,7394
562977527,I2_1,10000,2761
856995330,I2_1,10000,3805
307528508,I2_2,20000,4621
492975631,I2_2,20000,5624
845361957,I2_1,10000,2918
491776990,I2_2,20000,6270
8641479,I2_2,20000,7348
876897180,I2_1,10000,4488
123890108,I2_1,10000,6147
660159402,I2_1,10000,6679
443403356,I2_2,20000,8942
251856403,I2_2,20000,9856
567728090,I2_1,10000,3911
276770175,I2_1,10000,4317
128684943,I2_2,20000,6427
314052588,I2_2,20000,5563
614761076,I2_2,20000,4517
868118141,I2_1,10000,2895
771967338,I2_1,10000,2510
824869168,I2_1,10000,3176
361954205,I2_2,20000,4526
211908497,I2_1,10000,2647
165211117,I2_2,20000,5380
276992204,I2_2,20000,5539
423593308,I2_2,20000,4745
33721541,I2_1,10000,2766
130167114,I2_1,10000,3166
879942416,I2_1,10000,2883
369999775,I2_1,10000,2844
437915093,I2_2,20000,4705
94449954,I2_1,10000,2648
203003262,I2_1,10000,4140
683429395,I2_2,20000,4804
647755521,I2_1,10000,3851
911735610,I2_1,10000,2852
442093464,I2_1,10000,3539
560133655,I2_1,10000,2865
437715295,I2_2,20000,5201
737277478,I2_1,10000,3005
785382628,I2_1,10000,3264
737715226,I2_1,10000,3409
170388646,I2_2,20000,5410
740387785,I2_2,20000,7451
633567463,I2_1,10000,2889
119562542,I2_1,10000,2639
525145980,I2_2,20000,4971
351711026,I2_1,10000,4372
277700671,I2_2,20000,5148
315848326,I2_1,10000,2963
492406816,I2_2,20000,4939
39936996,I2_1,10000,2716
712427929,I2_2,20000,5078
661117290,I2_1,10000,3496
557149272,I2_2,20000,6139
770773344,I2_1,10000,4492
506246994,I2_2,20000,8286
929382766,I2_1,10000,4259
653646243,I2_2,20000,8003
595094637,I2_2,20000,8680
712651153,I2_2,20000,4723
154936850,I2_2,20000,4950
908304445,I2_1,10000,4204
543529354,I2_1,10000,3244
293679690,I2_2,20000,6786
19939803,I2_2,20000,5277
463798673,I2_2,20000,7418
538521716,I2_1,10000,5402
284108573,I2_1,10000,3027
527848070,I2_2,20000,6500
68349230,I2_2,20000,5556
824376396,I2_2,20000,5785
981605431,I2_1,10000,3008
347964757,I2_2,20000,5618
270024917,I2_1,10000,2744
664623100,I2_1,10000,2886
22416541,I2_2,20000,4907
168188744,I2_1,10000,4278
812018826,I2_2,20000,5943
426061085,I2_2,20000,6104
250480184,I2_1,10000,3547
303025226,I2_2,20000,5446
953105909,I2_2,20000,6916
948949538,I2_2,20000,7996
662682627,I2_1,10000,5054
204002960,I2_1,10000,4351
113205319,I2_2,20000,11166
659439076,I2_1,10000,4461
561358940,I2_2,20000,13733
455489301,I2_2,20000,16366
951785564,I2_2,20000,18612
720413490,I2_1,10000,10129
995775109,I2_1,10000,10120
121061746,I2_2,20000,19001
775283002,I2_2,20000,15743
562756848,I2_1,10000,6894
367887611,I2_2,20000,10183
547472660,I2_1,10000,4699
198147386,I2_1,10000,4564
124844127,I2_2,20000,5843
29124550,I2_2,20000,4753
47655234,I2_2,20000,4911
756851066,I2_1,10000,3840
797820299,I2_2,20000,5827
901498912,I2_2,20000,7349
431683375,I2_1,10000,3623
532077823,I2_1,10000,2932
451052667,I2_2,20000,5736
208237380,I2_1,10000,3468
552187136,I2_2,20000,6890
412457381,I2_2,20000,4802
442194670,I2_2,20000,5601
968797850,I2_1,10000,2836
344813955,I2_1,10000,3209
954144179,I2_2,20000,4769
142488991,I2_1,10000,3507
936887651,I2_2,20000,5001
832156225,I2_2,20000,6824
608859233,I2_2,20000,7807
172974526,I2_1,10000,3600
187737055,I2_2,20000,5165
688425339,I2_2,20000,4891
953496793,I2_1,10000,3377
568708330,I2_2,20000,6278
579458910,I2_1,10000,4124
621805971,I2_2,20000,8409
786170514,I2_1,10000,3879
836331734,I2_1,10000,2611
971662814,I2_2,20000,4935
531492886,I2_1,10000,5474
115667982,I2_2,20000,8054
463779697,I2_2,20000,10235
145247156,I2_1,10000,3237
925448407,I2_1,10000,4357
376836554,I2_2,20000,12307
711873992,I2_1,10000,2669
150474522,I2_1,10000,3064
825188118,I2_1,10000,2966
331416631,I2_2,20000,5404
986672338,I2_2,20000,4752
457208238,I2_1,10000,3232
151624547,I2_2,20000,5557
673078647,I2_1,10000,3941
207441494,I2_1,10000,4362
43775999,I2_2,20000,6912
485980011,I2_2,20000,7873
543514168,I2_1,10000,3007
472829162,I2_2,20000,5292
150988832,I2_1,10000,2945
774298307,I2_1,10000,4092
878362820,I2_1,10000,3814
510002398,I2_2,20000,4758
161506211,I2_1,10000,4104
855518580,I2_2,20000,6356
380743587,I2_2,20000,7571
820633985,I2_1,10000,4939
617031581,I2_2,20000,10420
553296787,I2_1,10000,6575
876595714,I2_1,10000,4992
244358700,I2_1,10000,5511
647956142,I2_2,20000,13984
640556479,I2_2,20000,8661
141532558,I2_1,10000,3861
850789125,I2_2,20000,10282
912821194,I2_2,20000,6392
445888824,I2_2,20000,4635
580290514,I2_2,20000,4781
996709645,I2_1,10000,4127
963110302,I2_2,20000,6330
199257749,I2_2,20000,8408
467713622,I2_2,20000,7088
920389407,I2_2,20000,6957
983812276,I2_1,10000,4227
824848897,I2_2,20000,7960
133926492,I2_2,20000,9044
871918406,I2_1,10000,5401
736818696,I2_2,20000,6432
85882928,I2_2,20000,5916
951951179,I2_2,20000,7552
985913494,I2_2,20000,7975
685517070,I2_1,10000,5352
823756141,I2_2,20000,7619
656288762,I2_2,20000,6403
276012459,I2_2,20000,6094
49788396,I2_1,10000,3068
700406849,I2_1,10000,4601
645803863,I2_2,20000,6299
352203529,I2_2,20000,5433
783442061,I2_2,20000,5270
925506434,I2_2,20000,4897
111212671,I2_1,10000,4154
673459077,I2_1,10000,4636
368261523,I2_2,20000,5133
773256890,I2_2,20000,6298
965654545,I2_1,10000,3498
234027109,I2_2,20000,5662
869868815,I2_2,20000,7659
64150466,I2_2,20000,7151
22377481,I2_2,20000,7778
218677668,I2_1,10000,3046
889289474,I2_1,10000,4814
810161115,I2_2,20000,6913
868277111,I2_2,20000,8988
369865896,I2_2,20000,10106
594325626,I2_2,20000,11454
863793675,I2_2,20000,7540
756479861,I2_2,20000,5146
6756905,I2_1,10000,4994
537963386,I2_1,10000,2598
815243870,I2_2,20000,5592
862192366,I2_2,20000,7798
515432862,I2_1,10000,5522
336177200,I2_2,20000,8895
443350080,I2_1,10000,6031
277255037,I2_1,10000,4531
948866019,I2_2,20000,12738
998270028,I2_2,20000,14456
955101957,I2_1,10000,6228
750238136,I2_2,20000,14708
608675370,I2_1,10000,6003
770871145,I2_1,10000,5315
307277958,I2_2,20000,8009
951824224,I2_1,10000,6331
429266176,I2_2,20000,6959
413581940,I2_2,20000,5714
212026567,I2_1,10000,2874
685950810,I2_2,20000,4411
606319583,I2_1,10000,3233
552453219,I2_2,20000,5527
118250805,I2_1,10000,4455
605506712,I2_1,10000,3019
447393825,I2_1,10000,4094
71348521,I2_2,20000,4497
518961483,I2_2,20000,5609
535996449,I2_1,10000,5992
707779389,I2_1,10000,4297
580110975,I2_2,20000,9177
548496952,I2_2,20000,11244
58402039,I2_1,10000,5244
25714431,I2_2,20000,12659
684639240,I2_2,20000,11062
502368401,I2_2,20000,12549
606616748,I2_1,10000,5941
606221884,I2_2,20000,15807
10201304,I2_1,10000,6943
486925726,I2_1,10000,5837
885783916,I2_2,20000,10080
556879417,I2_1,10000,5797
534965543,I2_1,10000,7367
502387109,I2_1,10000,8108
446226048,I2_2,20000,11606
553840149,I2_1,10000,5186
331650994,I2_2,20000,13607
416410152,I2_1,10000,4970
511419600,I2_1,10000,6041
847980365,I2_1,10000,7137
987244212,I2_1,10000,5864
492301922,I2_1,10000,5198
34567589,I2_2,20000,5686
944665897,I2_2,20000,4707
266896085,I2_2,20000,4478
105520032,I2_2,20000,5399
854670691,I2_2,20000,6394
642805619,I2_2,20000,5340
327772318,I2_2,20000,4614
233847462,I2_2,20000,4480
752069112,I2_2,20000,5515
275204432,I2_2,20000,5003
160775934,I2_2,20000,6473
943831215,I2_1,10000,5885
43274475,I2_1,10000,4269
296223512,I2_2,20000,6871
606345742,I2_1,10000,4815
553700368,I2_2,20000,6896
819619547,I2_1,10000,4085
322296614,I2_2,20000,9000
574745289,I2_1,10000,4091
493806669,I2_2,20000,10435
434652129,I2_2,20000,9502
246288945,I2_1,10000,3731
769755028,I2_2,20000,5389
883372784,I2_2,20000,4524
741822027,I2_1,10000,2986
933555771,I2_1,10000,3098
824973040,I2_1,10000,2574
561555114,I2_1,10000,2992
36207616,I2_1,10000,4052
742640270,I2_2,20000,6333
755165367,I2_1,10000,5695
256707110,I2_1,10000,6811
57115645,I2_1,10000,3238
704220725,I2_1,10000,3036
998907080,I2_2,20000,5266
70658089,I2_2,20000,4774
123125071,I2_1,10000,4170
546996719,I2_1,10000,5362
662314556,I2_1,10000,3553
401154732,I2_2,20000,6828
453976315,I2_1,10000,5456
847062072,I2_1,10000,6082
808283348,I2_2,20000,11778
981963223,I2_2,20000,10890
397798197,I2_1,10000,5402
331839397,I2_2,20000,10260
662534964,I2_2,20000,9646
980727557,I2_1,10000,5397
825712111,I2_1,10000,4275
28320290,I2_2,20000,10714
61568052,I2_1,10000,4368
97765502,I2_2,20000,8769
955856168,I2_1,10000,2498
69079624,I2_1,10000,2643
435309553,I2_2,20000,5301
778417265,I2_1,10000,3228
463176771,I2_1,10000,3949
991822959,I2_1,10000,5362
440642584,I2_2,20000,7591
127917456,I2_1,10000,4336
385057033,I2_1,10000,3702
2660694,I2_2,20000,9963
89731881,I2_2,20000,5709
298185568,I2_1,10000,3083
999262033,I2_2,20000,5485
882082513,I2_1,10000,2558
597795692,I2_2,20000,4713
711128386,I2_1,10000,3938
390306791,I2_2,20000,7782
87812236,I2_1,10000,3773
695857580,I2_2,20000,5026
734543147,I2_1,10000,5530
164183412,I2_1,10000,3984
30557183,I2_2,20000,9793
432924407,I2_1,10000,3735
961340031,I2_2,20000,8007
202426737,I2_2,20000,7878
771400867,I2_2,20000,9113
239311780,I2_2,20000,10042
269131373,I2_2,20000,5026
663991869,I2_2,20000,7104
778761256,I2_2,20000,5476
387468199,I2_2,20000,4961
167658205,I2_2,20000,6902
411237103,I2_1,10000,5350
233863825,I2_2,20000,9680
916437330,I2_1,10000,2678
811241812,I2_1,10000,4225
607574163,I2_2,20000,4877
363019714,I2_1,10000,5095
285879856,I2_1,10000,3033
555774474,I2_1,10000,3570
37496284,I2_1,10000,3419
744175490,I2_2,20000,6011
786109624,I2_2,20000,6994
955523917,I2_1,10000,4311
587150587,I2_2,20000,9558
533053750,I2_2,20000,11655
375810384,I2_2,20000,12901
217816154,I2_2,20000,8685
324922892,I2_1,10000,2904
667684295,I2_2,20000,11972
549493957,I2_1,10000,3887
516008611,I2_2,20000,6873
49300829,I2_2,20000,5836
738111779,I2_2,20000,7904
996696748,I2_2,20000,5679
224659474,I2_2,20000,6955
98336603,I2_2,20000,9269
928399468,I2_1,10000,2911
847638377,I2_1,10000,3976
627702027,I2_1,10000,3036
891386658,I2_1,10000,3443
867402549,I2_2,20000,5509
52546233,I2_2,20000,7967
895729057,I2_2,20000,7342
808428725,I2_1,10000,5856
466154517,I2_1,10000,4196
374944507,I2_2,20000,11073
331730225,I2_2,20000,13728
180902612,I2_1,10000,6335
327227620,I2_1,10000,5252
557188358,I2_2,20000,13228
711578556,I2_2,20000,13747
979606252,I2_1,10000,5802
120489141,I2_2,20000,14161
146050508,I2_2,20000,8970
738029435,I2_2,20000,6783
936160695,I2_1,10000,3611
661998924,I2_2,20000,5701
817273207,I2_2,20000,7467
149860768,I2_2,20000,5358
714787557,I2_2,20000,5275
434900942,I2_2,20000,4498
518038271,I2_1,10000,3812
937581084,I2_2,20000,7482
202984470,I2_2,20000,4905
973966778,I2_2,20000,5446
772862175,I2_2,20000,4553
415182320,I2_1,10000,2435
719490273,I2_1,10000,2541
629444240,I2_1,10000,3582
597356953,I2_2,20000,4531
782066398,I2_1,10000,2920
38651264,I2_2,20000,6050
529273841,I2_1,10000,2977
275013284,I2_1,10000,3552
490577592,I2_1,10000,2647
293754387,I2_2,20000,4583
382234507,I2_1,10000,3920
738612519,I2_2,20000,5689
428447050,I2_1,10000,3450
79500144,I2_2,20000,5725
157002317,I2_2,20000,4709
458916980,I2_1,10000,3775
561180385,I2_1,10000,4222
576314915,I2_1,10000,3642
62235434,I2_2,20000,5933
397324741,I2_1,10000,4951
233600053,I2_2,20000,4711
214404355,I2_2,20000,4740
738672516,I2_2,20000,6791
846371735,I2_2,20000,6697
644666697,I2_1,10000,3920
740682313,I2_2,20000,4707
499737345,I2_1,10000,5286
730220131,I2_1,10000,3436
447863532,I2_2,20000,5526
655270719,I2_1,10000,4797
210043168,I2_1,10000,4460
885895601,I2_2,20000,8214
430978524,I2_2,20000,5731
98245571,I2_2,20000,5588
989869250,I2_2,20000,7113
997675781,I2_2,20000,7642
991885396,I2_1,10000,5864
188246065,I2_1,10000,4360
74693270,I2_2,20000,10436
500534483,I2_1,10000,5002
214025398,I2_2,20000,6075
720867151,I2_2,20000,5008
663745567,I2_2,20000,4638
97644517,I2_1,10000,4025
635442334,I2_1,10000,5910
414580506,I2_2,20000,4865
476562981,I2_1,10000,5349
268326191,I2_1,10000,3359
279279010,I2_1,10000,2922
273404965,I2_2,20000,4690
240990337,I2_1,10000,3518
303072460,I2_2,20000,5881
643923844,I2_2,20000,7147
965850790,I2_2,20000,6695
632002023,I2_2,20000,5513
904791145,I2_2,20000,4640
252687234,I2_1,10000,2910
837257885,I2_2,20000,6243
351189479,I2_2,20000,5576
235394392,I2_1,10000,2903
567459270,I2_2,20000,6002
266276084,I2_2,20000,5112
167487364,I2_1,10000,10092
700008335,I2_2,20000,13922
398653317,I2_2,20000,13259
731199661,I2_1,10000,9959
766182210,I2_1,10000,6362
2305026,I2_2,20000,14417
699250173,I2_1,10000,2716
342561130,I2_2,20000,4827
866652639,I2_1,10000,4061
93355130,I2_1,10000,4632
4830583,I2_2,20000,8943
320820056,I2_2,20000,5700
935696717,I2_2,20000,6774
277402741,I2_1,10000,3317
507193226,I2_1,10000,3071
870826545,I2_2,20000,5576
372348822,I2_1,10000,2968
846540910,I2_2,20000,4780
79044487,I2_1,10000,3240
405216971,I2_2,20000,4617
321491634,I2_1,10000,4024
332102929,I2_2,20000,5780
925828896,I2_2,20000,5589
189615042,I2_2,20000,4791
280705202,I2_1,10000,3066
697220702,I2_1,10000,4198
831865134,I2_2,20000,5933
337078508,I2_2,20000,4520
156599345,I2_2,20000,7139
521679142,I2_1,10000,4228
197168220,I2_2,20000,7492
547159692,I2_2,20000,6041
239085925,I2_2,20000,7067
193171612,I2_1,10000,5493
941247606,I2_1,10000,4860
521453938,I2_1,10000,5468
492106717,I2_2,20000,10747
633305490,I2_1,10000,4732
768302450,I2_1,10000,4286
655868731,I2_2,20000,12806
58683611,I2_2,20000,13212
587912891,I2_2,20000,11004
345158240,I2_2,20000,10926
574168464,I2_1,10000,5210
147712073,I2_1,10000,6832
499141344,I2_1,10000,6349
421680689,I2_2,20000,16678
794621624,I2_2,20000,14669
648813603,I2_2,20000,16940
18677941,I2_2,20000,17989
623574648,I2_2,20000,5474
850602536,I2_1,10000,4884
990884641,I2_1,10000,6056
256260240,I2_1,10000,4325
587933846,I2_1,10000,4385
367003940,I2_1,10000,4543
684598866,I2_1,10000,3970
841659329,I2_1,10000,5503
741786880,I2_1,10000,4337
956677006,I2_2,20000,7620
919259107,I2_1,10000,4711
272480168,I2_1,10000,4069
967067193,I2_2,20000,10772
151416745,I2_2,20000,9959
441239184,I2_2,20000,5339
954039012,I2_1,10000,4876
439900014,I2_1,10000,2628
298900426,I2_1,10000,3783
630294643,I2_1,10000,2404
925503298,I2_1,10000,2524
498811483,I2_2,20000,5078
227547409,I2_1,10000,5325
251518198,I2_1,10000,2833
17316288,I2_1,10000,2503
971034445,I2_2,20000,5703
34556538,I2_2,20000,4377
388376121,I2_1,10000,2830
913389690,I2_1,10000,3034
289293321,I2_2,20000,4452
618841790,I2_2,20000,4440
915092577,I2_2,20000,4639
781467641,I2_1,10000,3856
220290828,I2_2,20000,6000
624406627,I2_2,20000,8096
23346183,I2_2,20000,5345
410538903,I2_2,20000,6376
127363427,I2_1,10000,3791
249547337,I2_2,20000,5337
936587255,I2_2,20000,4565
543303872,I2_2,20000,5431
278044373,I2_1,10000,2535
418196502,I2_2,20000,4884
320590457,I2_2,20000,6546
430857378,I2_1,10000,3924
868333111,I2_1,10000,3314
825201096,I2_2,20000,9812
264688402,I2_1,10000,2756
763173407,I2_1,10000,2923
515425956,I2_2,20000,5174
772818689,I2_2,20000,5997
202788854,I2_1,10000,4448
476730917,I2_2,20000,9144
703470853,I2_1,10000,4689
570408004,I2_2,20000,9607
506079054,I2_2,20000,9067
824429321,I2_2,20000,11148
455102437,I2_2,20000,6547
765731334,I2_2,20000,8324
972682955,I2_2,20000,7131
864737421,I2_2,20000,4541
258767409,I2_2,20000,5450
415881926,I2_2,20000,7592
569644225,I2_2,20000,4483
463929472,I2_1,10000,3833
639204875,I2_1,10000,4108
700866101,I2_1,10000,4595
486701524,I2_2,20000,4747
510444456,I2_1,10000,5117
563721123,I2_1,10000,3939
901042433,I2_1,10000,5129
290794542,I2_2,20000,7243
120759683,I2_2,20000,5475
893643624,I2_1,10000,5981
187576766,I2_1,10000,4292
528807713,I2_1,10000,5897
786071265,I2_2,20000,8580
882726196,I2_1,10000,3737
80679138,I2_2,20000,4599
22871295,I2_2,20000,4848
937717008,I2_1,10000,2766
534319974,I2_2,20000,5385
361458785,I2_1,10000,3549
738143805,I2_1,10000,3776
245906451,I2_1,10000,5272
559533882,I2_2,20000,7652
938850736,I2_2,20000,9956
932600067,I2_2,20000,11213
133540839,I2_1,10000,4747
852710509,I2_1,10000,4142
175573216,I2_2,20000,12287
53070966,I2_2,20000,10236
403650763,I2_2,20000,6083
723003698,I2_2,20000,4908
656223195,I2_2,20000,4493
983744163,I2_2,20000,4639
920714017,I2_2,20000,4666
248491666,I2_2,20000,4573
36119807,I2_1,10000,2594
828850303,I2_2,20000,5079
49585017,I2_2,20000,5276
548324337,I2_2,20000,4948
15177823,I2_1,10000,2855
307134867,I2_1,10000,3443
893462419,I2_2,20000,6260
113606912,I2_2,20000,6554
984363501,I2_2,20000,5807
855652764,I2_2,20000,5259
534991655,I2_1,10000,2647
998920656,I2_1,10000,3662
408693121,I2_1,10000,3517
336065313,I2_1,10000,2487
939420745,I2_2,20000,4617
57158184,I2_2,20000,6799
263070118,I2_1,10000,3248
99781577,I2_1,10000,4412
922214455,I2_2,20000,7561
918475427,I2_1,10000,4232
921613447,I2_1,10000,4403
413476117,I2_2,20000,9451
483243923,I2_1,10000,3121
561353451,I2_2,20000,7609
980392160,I2_2,20000,5745
157763263,I2_1,10000,5145
331534761,I2_1,10000,4853
134962819,I2_2,20000,9417
87196577,I2_1,10000,4814
868773701,I2_2,20000,6643
450130055,I2_2,20000,7049
544337793,I2_1,10000,2479
841715620,I2_1,10000,2555
796847089,I2_2,20000,4455
704231509,I2_1,10000,2580
491337545,I2_2,20000,5844
259130932,I2_1,10000,4308
474694941,I2_2,20000,5506
882144335,I2_2,20000,6065
718963776,I2_1,10000,5944
399845979,I2_1,10000,4280
421263445,I2_2,20000,7631
605102987,I2_2,20000,8768
323517803,I2_1,10000,2867
320886293,I2_1,10000,3183
598141196,I2_2,20000,6801
77132208,I2_1,10000,2678
272433134,I2_1,10000,2635
949383201,I2_1,10000,2729
667613112,I2_1,10000,2569
764350975,I2_2,20000,5040
369826711,I2_1,10000,3405
879051793,I2_1,10000,2979
865980827,I2_2,20000,8397
900123287,I2_2,20000,5281
761775056,I2_1,10000,3527
112152161,I2_2,20000,6654
840670717,I2_2,20000,9242
367087529,I2_2,20000,8576
844522458,I2_1,10000,4417
911217405,I2_2,20000,11912
681594969,I2_1,10000,3922
384178968,I2_2,20000,6889
847351284,I2_1,10000,3494
250565035,I2_2,20000,6352
874891539,I2_1,10000,2739
999528563,I2_2,20000,5145
656105214,I2_1,10000,2970
770748497,I2_1,10000,3869
709865647,I2_2,20000,4773
141271337,I2_1,10000,2746
492032910,I2_1,10000,4374
721987018,I2_2,20000,5065
740100095,I2_1,10000,2653
622964475,I2_1,10000,3774
162159262,I2_1,10000,3932
319866341,I2_1,10000,4514
902020002,I2_1,10000,3586
381635811,I2_2,20000,4759
379631972,I2_1,10000,5199
983851193,I2_1,10000,4519
215092647,I2_1,10000,4106
177330103,I2_2,20000,7459
917124131,I2_2,20000,5102
231483409,I2_1,10000,3526
759030273,I2_1,10000,3029
254660678,I2_2,20000,6035
781742285,I2_2,20000,8223
601349125,I2_1,10000,5990
754337450,I2_1,10000,5401
637221582,I2_2,20000,12557
472481431,I2_2,20000,8418
359565165,I2_2,20000,9663
4898869,I2_2,20000,11855
665560444,I2_1,10000,3884
443958497,I2_1,10000,4951
82496432,I2_2,20000,14844
219843298,I2_1,10000,5777
182584600,I2_2,20000,17313
270220923,I2_2,20000,4729
991837202,I2_2,20000,5889
779492375,I2_1,10000,5196
426194544,I2_1,10000,3116
492291620,I2_1,10000,2960
276307784,I2_2,20000,5517
71595437,I2_2,20000,5259
67587584,I2_1,10000,5284
562612429,I2_1,10000,3795
924593293,I2_2,20000,7359
370023640,I2_2,20000,8567
670062342,I2_1,10000,6472
10543200,I2_2,20000,10911
201007207,I2_2,20000,8042
383584300,I2_1,10000,5879
585244899,I2_1,10000,3553
629769089,I2_2,20000,6215
647419025,I2_1,10000,4617
838552395,I2_2,20000,8850
124594566,I2_2,20000,7595
529632676,I2_2,20000,7212
363944971,I2_2,20000,7088
568550458,I2_2,20000,5448
118073775,I2_2,20000,8129
495211542,I2_1,10000,5945
870180414,I2_1,10000,4183
151817309,I2_2,20000,11060
140910056,I2_2,20000,7930
777943008,I2_1,10000,4753
845070758,I2_1,10000,3148
801484784,I2_2,20000,11083
875579002,I2_2,20000,11630
251467539,I2_2,20000,14301
585652415,I2_1,10000,5918
436945431,I2_1,10000,5337
288815612,I2_2,20000,14211
383315203,I2_1,10000,5819
944873776,I2_2,20000,6099
190441684,I2_1,10000,4929
430781078,I2_1,10000,5398
423731298,I2_2,20000,4828
726394918,I2_2,20000,4934
270102159,I2_1,10000,2915
469588423,I2_1,10000,3514
946652150,I2_2,20000,5003
872144762,I2_2,20000,4643
629056827,I2_1,10000,2641
951462692,I2_1,10000,3491
899030634,I2_1,10000,3891
148971504,I2_1,10000,5523
44922975,I2_2,20000,7348
606743575,I2_2,20000,6289
716427750,I2_2,20000,5008
235708075,I2_1,10000,2766
402858079,I2_1,10000,3905
877984060,I2_1,10000,3687
637899955,I2_1,10000,4760
776935794,I2_1,10000,6311
722034265,I2_1,10000,5705
794577629,I2_2,20000,9580
62974091,I2_1,10000,3840
431565948,I2_2,20000,13226
727367344,I2_2,20000,12730
985450000,I2_2,20000,8980
371587960,I2_2,20000,11120
598498988,I2_1,10000,6345
479427941,I2_2,20000,13654
475202316,I2_2,20000,15178
548029142,I2_2,20000,9924
290348851,I2_1,10000,6257
334508911,I2_2,20000,13650
195228667,I2_2,20000,9443
845991092,I2_2,20000,11579
743637644,I2_2,20000,8368
606717936,I2_2,20000,10475
905768034,I2_2,20000,8460
905487616,I2_2,20000,6509
230988586,I2_2,20000,5492
747625749,I2_1,10000,4817
301692049,I2_1,10000,5351
445726476,I2_2,20000,9218
909385030,I2_1,10000,5287
168015448,I2_2,20000,11887
843239618,I2_1,10000,2565
200148683,I2_1,10000,2495
382577229,I2_1,10000,2570
614083986,I2_2,20000,4701
225607999,I2_1,10000,5204
652926936,I2_1,10000,3325
768748206,I2_2,20000,5994
546834201,I2_2,20000,4815
741597640,I2_1,10000,2578
609691382,I2_2,20000,5543
682475995,I2_1,10000,3540
756492965,I2_2,20000,6108
497931587,I2_1,10000,4866
594349599,I2_2,20000,5820
101533351,I2_2,20000,5603
662873188,I2_2,20000,5659
934106023,I2_2,20000,7878
12460641,I2_2,20000,7857
684060988,I2_1,10000,5075
719270338,I2_1,10000,5416
685001227,I2_2,20000,8682
350070005,I2_2,20000,7951
389736687,I2_2,20000,10078
960210246,I2_1,10000,3172
871588804,I2_1,10000,3491
849440020,I2_2,20000,4733
616247033,I2_1,10000,4058
133447338,I2_1,10000,3364
700467054,I2_1,10000,2742
159851510,I2_2,20000,4738
186115219,I2_1,10000,2797
765379981,I2_2,20000,5376
837627685,I2_1,10000,3596
225334718,I2_2,20000,5125
229031348,I2_1,10000,2817
751463514,I2_2,20000,6549
136179583,I2_1,10000,3381
209246519,I2_2,20000,4751
608222800,I2_2,20000,4892
939385208,I2_1,10000,4151
700696163,I2_1,10000,3101
481251327,I2_2,20000,5734
962067576,I2_2,20000,5041
81904846,I2_2,20000,5775
515900645,I2_2,20000,5699
677197239,I2_2,20000,5571
317060524,I2_2,20000,7812
874842404,I2_1,10000,2724
287936852,I2_2,20000,5065
27613219,I2_2,20000,5133
132885116,I2_1,10000,4456
838611254,I2_2,20000,6761
340608201,I2_2,20000,8764
556333154,I2_1,10000,3552
420185017,I2_1,10000,2863
72735196,I2_1,10000,2747
936872354,I2_2,20000,5372
791030920,I2_1,10000,4347
127338377,I2_2,20000,8671
443165797,I2_1,10000,4451
987856352,I2_1,10000,5376
475886916,I2_1,10000,6977
790491613,I2_1,10000,4454
228402963,I2_2,20000,13581
550348091,I2_1,10000,5497
33314553,I2_2,20000,10951
421308690,I2_2,20000,9633
694831960,I2_2,20000,10831
704451302,I2_2,20000,10184
481724151,I2_1,10000,5193
465025387,I2_2,20000,12814
326931148,I2_2,20000,14986
66511262,I2_2,20000,15452
397442826,I2_2,20000,17396
502762321,I2_2,20000,16818
139632960,I2_1,10000,8898
273883738,I2_2,20000,12418
645612303,I2_2,20000,5588
772914942,I2_1,10000,4152
542845519,I2_2,20000,6265
738592729,I2_2,20000,5981
617601116,I2_2,20000,8055
478450792,I2_1,10000,2611
192468815,I2_1,10000,4013
643795423,I2_1,10000,3165
88652541,I2_2,20000,4621
313579332,I2_2,20000,5803
55843670,I2_1,10000,4634
163918449,I2_1,10000,3875
62262898,I2_2,20000,6224
617654176,I2_2,20000,6651
663744539,I2_1,10000,3487
476645003,I2_2,20000,5501
287358878,I2_2,20000,5478
121257969,I2_2,20000,5172
856560953,I2_2,20000,5588
358563122,I2_1,10000,6111
380610176,I2_2,20000,8378
559385683,I2_1,10000,5830
134618750,I2_2,20000,9154
200736692,I2_1,10000,3691
791154740,I2_2,20000,9867
756152323,I2_2,20000,9021
892882223,I2_2,20000,10792
768414213,I2_1,10000,5397
383525493,I2_1,10000,5851
20851215,I2_1,10000,5142
538539797,I2_2,20000,15600
524508247,I2_1,10000,5900
326498306,I2_2,20000,13751
575700807,I2_2,20000,11003
654522139,I2_2,20000,7596
259426336,I2_2,20000,8723
229796185,I2_2,20000,5489
411201595,I2_2,20000,6764
614184724,I2_2,20000,6387
754209107,I2_2,20000,7382
411176320,I2_1,10000,4693
561413995,I2_2,20000,5739
261991235,I2_1,10000,3420
691829169,I2_2,20000,6252
319206674,I2_1,10000,4863
841311088,I2_2,20000,6382
620932034,I2_2,20000,5867
713840378,I2_1,10000,6876
828516266,I2_2,20000,5226
525244577,I2_1,10000,3046
561630590,I2_2,20000,5691
949761442,I2_1,10000,3445
243513135,I2_1,10000,2679
496495396,I2_2,20000,4904
606006322,I2_1,10000,3335
662907225,I2_1,10000,4252
711823008,I2_2,20000,6920
261999960,I2_1,10000,4256
195181387,I2_2,20000,9508
702838920,I2_2,20000,11081
711674470,I2_2,20000,13207
614507478,I2_2,20000,12596
288470713,I2_1,10000,5667
414416782,I2_1,10000,7338
182006329,I2_2,20000,14686
158094821,I2_2,20000,15633
741728706,I2_2,20000,11233
884845787,I2_2,20000,7012
752853432,I2_1,10000,2868
434297584,I2_1,10000,4017
767157210,I2_2,20000,4771
927794943,I2_1,10000,4096
357971457,I2_1,10000,4020
609695622,I2_1,10000,4204
211922900,I2_1,10000,2604
97021106,I2_2,20000,4724
516555620,I2_1,10000,5210
60090709,I2_1,10000,2679
675787098,I2_2,20000,4932
495515482,I2_1,10000,3938
624875342,I2_2,20000,6453
261841878,I2_1,10000,3702
828245954,I2_1,10000,2928
251164192,I2_2,20000,5178
520378606,I2_1,10000,3661
744445885,I2_1,10000,4186
876311858,I2_1,10000,2999
60135281,I2_2,20000,4719
888720080,I2_1,10000,9405
113918662,I2_2,20000,12825
700706337,I2_1,10000,9689
93175377,I2_2,20000,15665
766506788,I2_1,10000,8449
496508893,I2_1,10000,5683
602290075,I2_1,10000,6298
688477319,I2_1,10000,5012
430176211,I2_2,20000,7933
562723076,I2_1,10000,3494
194102539,I2_2,20000,5152
615718747,I2_2,20000,7375
753679791,I2_1,10000,3413
71786045,I2_1,10000,5095
86779433,I2_2,20000,5100
727899662,I2_1,10000,2768
388133805,I2_1,10000,3885
86892500,I2_1,10000,2741
84559056,I2_1,10000,3292
932775878,I2_1,10000,2833
529912062,I2_1,10000,3864
133957681,I2_1,10000,3113
790873843,I2_1,10000,3026
885787645,I2_1,10000,4117
953864193,I2_1,10000,3578
377995263,I2_1,10000,3986
607786533,I2_2,20000,4941
874187124,I2_1,10000,4307
331444965,I2_2,20000,6116
677446887,I2_1,10000,3503
999294854,I2_2,20000,6351
68839278,I2_1,10000,3841
430236732,I2_2,20000,4670
178901177,I2_1,10000,3091
933492273,I2_1,10000,3036
724775896,I2_2,20000,4842
894039416,I2_1,10000,2690
446878301,I2_2,20000,5685
396166711,I2_1,10000,5069
844500780,I2_2,20000,4615
178818850,I2_2,20000,4767
270986875,I2_1,10000,4203
467075679,I2_1,10000,2984
713198008,I2_1,10000,3392
479179542,I2_2,20000,5413
860510724,I2_2,20000,7609
404072058,I2_2,20000,8829
714116888,I2_2,20000,10788
924970710,I2_1,10000,4369
348936454,I2_2,20000,6075
165718638,I2_1,10000,2985
147394485,I2_2,20000,7726
490758647,I2_1,10000,5994
88557850,I2_1,10000,3569
90619826,I2_1,10000,4359
731939906,I2_1,10000,2594
363265125,I2_1,10000,3107
447065278,I2_2,20000,4728
208372624,I2_1,10000,3948
206345672,I2_2,20000,5145
615883372,I2_1,10000,3566
298547612,I2_1,10000,4100
721658300,I2_2,20000,6897
369779694,I2_1,10000,4049
204809592,I2_1,10000,5156
260969479,I2_2,20000,5241
8679855,I2_2,20000,5255
527371905,I2_1,10000,4562
995850715,I2_1,10000,4874
743227227,I2_1,10000,3225
442729280,I2_2,20000,4792
187672683,I2_2,20000,5175
578541744,I2_1,10000,4166
733177044,I2_1,10000,4176
467480433,I2_2,20000,7294
155707121,I2_1,10000,5523
792062764,I2_2,20000,10809
48536475,I2_2,20000,11941
862936399,I2_1,10000,4516
510439730,I2_2,20000,13732
973711928,I2_1,10000,5436
300163145,I2_2,20000,15223
434876423,I2_1,10000,4219
300101427,I2_2,20000,13991
714830646,I2_2,20000,14986
947125600,I2_2,20000,15118
203830601,I2_2,20000,15461
381404413,I2_1,10000,3389
486577613,I2_2,20000,4659
523286423,I2_1,10000,2796
303378772,I2_2,20000,5806
481811660,I2_1,10000,3190
288984370,I2_1,10000,4771
518596161,I2_2,20000,5486
285664159,I2_1,10000,3373
445120007,I2_2,20000,5010
191180364,I2_2,20000,4961
550538852,I2_2,20000,6246
955928024,I2_1,10000,5616
826138507,I2_1,10000,7306
538401852,I2_1,10000,6547
950709518,I2_2,20000,10025
97914100,I2_2,20000,7439
393045444,I2_1,10000,3152
686372906,I2_1,10000,4638
698552756,I2_2,20000,7603
751687159,I2_1,10000,4061
996822249,I2_1,10000,2810
599039937,I2_1,10000,2966
831469946,I2_1,10000,4226
126380518,I2_1,10000,5030
718688852,I2_1,10000,3320
304763736,I2_2,20000,4865
967487809,I2_1,10000,3473
484729441,I2_2,20000,6296
839608595,I2_1,10000,5045
833856913,I2_1,10000,5082
852056722,I2_2,20000,7912
897229752,I2_1,10000,5261
61802112,I2_1,10000,4103
232371799,I2_2,20000,6535
460375837,I2_2,20000,4893
602132474,I2_2,20000,7108
740940393,I2_2,20000,5000
199426311,I2_2,20000,5091
39763331,I2_1,10000,3761
317876750,I2_2,20000,4832
967320946,I2_1,10000,4080
264084308,I2_2,20000,6302
935317707,I2_2,20000,8409
430124554,I2_2,20000,7340
536027557,I2_1,10000,4447
521699218,I2_2,20000,9289
424431045,I2_2,20000,5237
411257951,I2_1,10000,4155
440045856,I2_2,20000,8415
444643139,I2_1,10000,3920
882111864,I2_1,10000,4454
725954685,I2_1,10000,4848
942581769,I2_1,10000,6469
161883609,I2_2,20000,8604
291014968,I2_2,20000,9618
409482384,I2_2,20000,5477
283475080,I2_1,10000,4855
251579876,I2_2,20000,6174
598092764,I2_1,10000,3081
519766462,I2_1,10000,4688
354659126,I2_1,10000,4399
184003758,I2_2,20000,7626
263180032,I2_1,10000,3142
138634793,I2_1,10000,4181
16492745,I2_1,10000,4058
40985417,I2_2,20000,6398
890427209,I2_1,10000,4753
718554263,I2_2,20000,5417
23016710,I2_1,10000,5222
340566370,I2_2,20000,5380
107119488,I2_1,10000,3128
585916832,I2_2,20000,5269
524583127,I2_2,20000,7089
375874310,I2_2,20000,4796
416349292,I2_2,20000,4917
43612589,I2_2,20000,5727
753538802,I2_2,20000,6797
191963626,I2_2,20000,5411
681505593,I2_2,20000,6906
661708061,I2_1,10000,3096
438857839,I2_1,10000,2848
989185738,I2_1,10000,2982
69481160,I2_1,10000,2954
199221443,I2_1,10000,3104
185001013,I2_2,20000,6924
287278514,I2_2,20000,8009
20877913,I2_1,10000,5005
269367961,I2_1,10000,4497
299517938,I2_2,20000,11869
497826192,I2_2,20000,12807
171695636,I2_1,10000,5521
993955103,I2_2,20000,15702
208623899,I2_2,20000,9535
988459891,I2_1,10000,4788
43811595,I2_2,20000,11191
652488856,I2_2,20000,9241
716414066,I2_2,20000,10556
234143736,I2_2,20000,11115
716480487,I2_1,10000,5066
208466328,I2_1,10000,3342
547382126,I2_2,20000,14609
997919060,I2_1,10000,5400
670525539,I2_1,10000,4658
751308921,I2_2,20000,15188
107398689,I2_2,20000,17908
420532687,I2_1,10000,7280
23458637,I2_2,20000,18487
826775916,I2_1,10000,9402
944771501,I2_2,20000,16776
354724422,I2_1,10000,6597
421925339,I2_1,10000,8404
595858575,I2_2,20000,21051
274808241,I2_2,20000,22089
654061424,I2_2,20000,23739
205609365,I2_1,10000,13593
277358114,I2_1,10000,11112
402234271,I2_1,10000,10465
751656735,I2_1,10000,11588
274260017,I2_1,10000,12102
861374588,I2_1,10000,7815
99482883,I2_1,10000,7762
578436315,I2_1,10000,8801
835404900,I2_1,10000,7701
990084965,I2_2,20000,17487
932351493,I2_2,20000,18657
839541750,I2_2,20000,17601
848467368,I2_2,20000,5545
276366709,I2_2,20000,5658
950549137,I2_1,10000,2941
973095817,I2_1,10000,4161
39069929,I2_1,10000,4795
936865195,I2_1,10000,4029
744872754,I2_2,20000,6382
776386805,I2_1,10000,5540
533754649,I2_1,10000,4407
643957231,I2_2,20000,8600
7727006,I2_1,10000,5334
296065396,I2_1,10000,5314
467830861,I2_2,20000,4749
219250787,I2_2,20000,6831
243895145,I2_2,20000,5539
460009719,I2_1,10000,5146
243952869,I2_1,10000,4036
849978732,I2_1,10000,5120
56478087,I2_2,20000,5072
465443829,I2_2,20000,7234
830607966,I2_1,10000,4603
470765351,I2_1,10000,4559
603744066,I2_1,10000,5573
180835855,I2_1,10000,4994
117429539,I2_2,20000,7453
886299874,I2_1,10000,5349
451687922,I2_1,10000,6305
708907438,I2_1,10000,3479
785646624,I2_1,10000,5007
530013683,I2_1,10000,4989
79557697,I2_2,20000,9663
66585244,I2_1,10000,3500
767721311,I2_2,20000,5457
16632066,I2_1,10000,3888
998934602,I2_1,10000,2694
565522039,I2_2,20000,4823
891632926,I2_2,20000,6881
272549023,I2_2,20000,6691
918553628,I2_1,10000,2722
162776129,I2_1,10000,3078
703562600,I2_2,20000,4803
358517623,I2_1,10000,2625
378092952,I2_1,10000,2719
858086083,I2_1,10000,3812
599390111,I2_1,10000,3117
875721825,I2_1,10000,2705
417344156,I2_1,10000,3012
387978144,I2_2,20000,6907
255592648,I2_2,20000,6483
227510741,I2_1,10000,5369
592081434,I2_2,20000,8635
745249780,I2_2,20000,6976
543724079,I2_2,20000,6512
633735856,I2_1,10000,2700
951078512,I2_2,20000,4775
190491811,I2_1,10000,5314
631079469,I2_1,10000,3994
681410318,I2_2,20000,4751
571048848,I2_2,20000,4946
319820127,I2_1,10000,4307
150441088,I2_1,10000,4233
7429837,I2_2,20000,4645
638139272,I2_2,20000,4863
5074243,I2_1,10000,5248
859144038,I2_1,10000,7021
735086811,I2_2,20000,4716
790235677,I2_2,20000,5568
440017793,I2_2,20000,5245
568693223,I2_2,20000,4819
810641121,I2_1,10000,4221
626193976,I2_2,20000,5534
355560565,I2_1,10000,2692
309584849,I2_2,20000,4676
343116646,I2_1,10000,5220
221431188,I2_1,10000,4610
237498203,I2_2,20000,5274
536863902,I2_2,20000,6087
118434355,I2_1,10000,3905
714642420,I2_2,20000,5991
154571666,I2_1,10000,2858
385673487,I2_1,10000,4593
902231607,I2_1,10000,4004
250922086,I2_2,20000,4757
250588009,I2_1,10000,2659
966635327,I2_1,10000,2732
890325145,I2_2,20000,4932
43808522,I2_2,20000,6317
453783428,I2_1,10000,2824
749852578,I2_2,20000,5335
870318844,I2_2,20000,5790
560746951,I2_2,20000,5673
241431991,I2_2,20000,4802
225039354,I2_1,10000,2906
318501465,I2_1,10000,3078
898864009,I2_1,10000,4153
321138473,I2_1,10000,2718
769040865,I2_2,20000,4956
519018075,I2_1,10000,3909
979879253,I2_1,10000,4676
533568963,I2_2,20000,4796
56591810,I2_1,10000,5907
391120025,I2_2,20000,6754
947024144,I2_1,10000,4509
818566856,I2_2,20000,5997
498880659,I2_1,10000,2990
414936481,I2_2,20000,6585
784888844,I2_2,20000,5457
229240380,I2_1,10000,4860
180381156,I2_1,10000,3292
427435875,I2_1,10000,2737
655506690,I2_1,10000,2941
114055555,I2_1,10000,2696
93939701,I2_2,20000,4775
244706747,I2_2,20000,5016
255759026,I2_1,10000,2796
157738394,I2_1,10000,2986
135650441,I2_1,10000,3089
354971164,I2_1,10000,3327
478294284,I2_2,20000,4895
60100952,I2_2,20000,7569
306181018,I2_1,10000,4139
783484668,I2_1,10000,4029
888700421,I2_2,20000,7982
348687776,I2_1,10000,5007
262736434,I2_2,20000,11219
229058750,I2_2,20000,8626
185571959,I2_1,10000,5325
657217137,I2_2,20000,5861
342293585,I2_1,10000,4801
333131368,I2_1,10000,4163
442089560,I2_2,20000,6431
17775266,I2_1,10000,4755
532132150,I2_1,10000,4121
93724493,I2_1,10000,4262
178837278,I2_2,20000,4799
515832464,I2_1,10000,2835
662043383,I2_2,20000,5242
52232255,I2_1,10000,2716
597247690,I2_1,10000,3032
302428300,I2_2,20000,4968
714986777,I2_1,10000,3997
728049435,I2_1,10000,3403
53365811,I2_2,20000,6598
752400874,I2_1,10000,3741
249979586,I2_1,10000,4291
422245298,I2_1,10000,5501
73803817,I2_2,20000,9455
287392322,I2_2,20000,9604
106797777,I2_1,10000,4892
999188649,I2_1,10000,4537
89346681,I2_1,10000,4307
516461370,I2_2,20000,6296
478999204,I2_2,20000,5650
358642648,I2_1,10000,2706
12674594,I2_2,20000,4893
893224118,I2_1,10000,4151
480561533,I2_2,20000,5158
580286271,I2_2,20000,5679
145647279,I2_1,10000,3996
65021281,I2_1,10000,3495
635861800,I2_2,20000,6705
12127625,I2_1,10000,4644
388309069,I2_2,20000,7569
631060044,I2_1,10000,3995
333943636,I2_2,20000,7045
103357896,I2_1,10000,4062
106485802,I2_2,20000,7909
575582554,I2_2,20000,9069
511626547,I2_1,10000,4352
611771852,I2_2,20000,12335
870826391,I2_1,10000,3974
624473791,I2_2,20000,13884
121652818,I2_1,10000,5517
951483690,I2_2,20000,16002
817434828,I2_1,10000,5336
807519214,I2_2,20000,10759
70516974,I2_1,10000,3212
882998566,I2_2,20000,4836
788067483,I2_1,10000,4204
675665373,I2_1,10000,5869
486427996,I2_2,20000,6670
657742300,I2_1,10000,3097
50569867,I2_2,20000,7930
150993671,I2_1,10000,2585
358275617,I2_2,20000,5281
111714294,I2_1,10000,4719
659361971,I2_1,10000,4019
274491022,I2_2,20000,6775
871425028,I2_1,10000,4090
355132018,I2_1,10000,4163
598173180,I2_2,20000,4780
249960230,I2_1,10000,2675
965972521,I2_1,10000,2729
557505451,I2_1,10000,3178
577736748,I2_2,20000,4847
799385816,I2_1,10000,2687
406089253,I2_1,10000,2733
214464323,I2_2,20000,4734
566635328,I2_1,10000,4083
15000415,I2_2,20000,6382
880828544,I2_1,10000,3608
694778708,I2_2,20000,9196
260068937,I2_1,10000,5779
196310725,I2_1,10000,4061
995997559,I2_2,20000,6610
934442985,I2_1,10000,4775
89814669,I2_2,20000,9357
491712198,I2_2,20000,9385
396720098,I2_2,20000,5806
451310723,I2_1,10000,2784
929856305,I2_2,20000,6171
429381805,I2_2,20000,7349
295898979,I2_2,20000,6710
518923699,I2_2,20000,8358
838865619,I2_1,10000,5074
171018558,I2_2,20000,12143
628237065,I2_2,20000,12095
537056422,I2_1,10000,5418
802541917,I2_1,10000,5371
68190992,I2_2,20000,14229
802121806,I2_1,10000,4951
845589994,I2_1,10000,6546
31884967,I2_2,20000,15078
491622436,I2_2,20000,16795
739837767,I2_2,20000,17106
716934630,I2_1,10000,5267
683490883,I2_2,20000,16987
139076969,I2_1,10000,6296
821103302,I2_2,20000,14639
525241490,I2_2,20000,10452
819083438,I2_1,10000,2560
53986493,I2_1,10000,2660
4751195,I2_1,10000,2550
784800397,I2_2,20000,4699
339584038,I2_2,20000,5405
724334981,I2_2,20000,5395
276037411,I2_1,10000,3089
938679895,I2_2,20000,4945
723855061,I2_2,20000,5609
387308444,I2_2,20000,8564
293919948,I2_2,20000,5828
628628976,I2_1,10000,6332
722360574,I2_1,10000,5682
497579982,I2_2,20000,8996
569266953,I2_1,10000,3364
332571857,I2_1,10000,2463
339679056,I2_1,10000,3652
727925014,I2_1,10000,2579
939354609,I2_2,20000,5068
933215097,I2_1,10000,2505
545287235,I2_2,20000,7247
66656702,I2_1,10000,4140
798423438,I2_2,20000,8833
672634547,I2_2,20000,10375
193768308,I2_2,20000,10783
719314261,I2_2,20000,5467
188243734,I2_2,20000,4652
724867400,I2_2,20000,4617
118196734,I2_2,20000,4530
450151418,I2_2,20000,6047
743100256,I2_2,20000,5331
946678722,I2_1,10000,4986
408252069,I2_1,10000,3551
497287858,I2_1,10000,4554
706467270,I2_1,10000,5175
149704422,I2_2,20000,4572
683490065,I2_1,10000,2971
316096495,I2_1,10000,4516
793361250,I2_2,20000,6864
12655891,I2_2,20000,7323
251074434,I2_2,20000,6080
186245651,I2_1,10000,5396
90886308,I2_2,20000,7736
489383227,I2_1,10000,2956
662593220,I2_2,20000,5012
809320163,I2_2,20000,4588
800175168,I2_2,20000,5579
785130399,I2_2,20000,5092
975623509,I2_1,10000,3035
127904086,I2_1,10000,3534
501004516,I2_2,20000,7476
37654693,I2_1,10000,4804
883512474,I2_2,20000,8724
89385923,I2_2,20000,10310
424489537,I2_1,10000,5280
934130197,I2_1,10000,4294
581635338,I2_2,20000,9477
748355916,I2_2,20000,5638
211535288,I2_1,10000,4971
269184996,I2_2,20000,4597
311801832,I2_1,10000,2780
626434729,I2_1,10000,4423
763903293,I2_2,20000,4698
688885874,I2_2,20000,4606
819345237,I2_1,10000,5150
365550368,I2_2,20000,4735
595949832,I2_1,10000,4124
747177804,I2_2,20000,5357
978269276,I2_2,20000,7516
751935218,I2_1,10000,2616
397133543,I2_2,20000,4877
122521599,I2_1,10000,2650
934757673,I2_2,20000,5240
213282074,I2_1,10000,2974
101175586,I2_1,10000,4595
277619086,I2_2,20000,4926
706021178,I2_1,10000,3990
273542574,I2_2,20000,5201
86556235,I2_1,10000,4631
534154814,I2_1,10000,4150
785398522,I2_1,10000,4066
78847024,I2_1,10000,3578
739050960,I2_1,10000,2971
248643707,I2_2,20000,5323
61710018,I2_1,10000,4765
433173300,I2_2,20000,4678
870948468,I2_2,20000,6871
601240141,I2_2,20000,4710
945900141,I2_1,10000,4099
513450932,I2_2,20000,4583
53478907,I2_2,20000,4689
967798253,I2_1,10000,3744
301571910,I2_1,10000,3690
911440954,I2_1,10000,3053
975420484,I2_1,10000,3895
970910103,I2_1,10000,5023
523950976,I2_2,20000,4705
966370307,I2_2,20000,5680
915044000,I2_2,20000,5180
316692235,I2_1,10000,5813
718153984,I2_1,10000,6938
701565182,I2_1,10000,5148
716111814,I2_1,10000,4467
570058466,I2_2,20000,5715
160401029,I2_1,10000,6175
103225163,I2_2,20000,5714
72231079,I2_1,10000,5047
881938959,I2_1,10000,2777
326091620,I2_1,10000,3752
403302934,I2_1,10000,4322
842942713,I2_2,20000,5135
534886897,I2_2,20000,6605
492872292,I2_1,10000,4965
631148111,I2_2,20000,9607
986474291,I2_2,20000,11221
501691904,I2_1,10000,5388
471180755,I2_2,20000,14009
91320512,I2_1,10000,7154
667765331,I2_2,20000,7071
557497902,I2_2,20000,6554
704164412,I2_2,20000,7445
659289963,I2_1,10000,2736
566332348,I2_2,20000,4762
241006999,I2_1,10000,5380
371505232,I2_1,10000,7022
898529775,I2_1,10000,6403
244044593,I2_1,10000,7491
991292316,I2_2,20000,6228
821699602,I2_1,10000,6765
503703661,I2_1,10000,4827
873494044,I2_2,20000,10255
867143902,I2_1,10000,2981
344373216,I2_2,20000,12478
121053970,I2_1,10000,2593
280288250,I2_2,20000,5284
267051926,I2_1,10000,3270
860502855,I2_2,20000,6556
788506074,I2_1,10000,4711
664489427,I2_2,20000,6718
876961978,I2_1,10000,2982
859848712,I2_1,10000,3394
811366737,I2_2,20000,6573
500905050,I2_1,10000,5433
234408663,I2_1,10000,4242
350549965,I2_2,20000,10916
561029745,I2_2,20000,11676
814587975,I2_1,10000,4304
332063510,I2_2,20000,9139
29235482,I2_1,10000,4638
41098608,I2_1,10000,4355
462885873,I2_2,20000,13262
596266203,I2_2,20000,12558
592689434,I2_2,20000,14592
314628687,I2_2,20000,10225
427451572,I2_2,20000,10145
985296005,I2_2,20000,4751
269866403,I2_1,10000,2829
244969475,I2_2,20000,6592
787754932,I2_2,20000,5409
370256419,I2_1,10000,2894
650766443,I2_1,10000,3587
442606568,I2_1,10000,2863
52491862,I2_1,10000,4469
62506970,I2_1,10000,4930
924475956,I2_1,10000,5278
331949747,I2_2,20000,5878
869380163,I2_2,20000,5958
805327777,I2_1,10000,4869
60602620,I2_1,10000,4423
301403675,I2_1,10000,5509
361569299,I2_1,10000,6456
992629295,I2_2,20000,4481
997550975,I2_2,20000,6507
411738893,I2_1,10000,2523
354431419,I2_1,10000,2614
427387353,I2_1,10000,2508
900698983,I2_2,20000,4663
720114271,I2_2,20000,4560
51451118,I2_2,20000,4529
354166957,I2_1,10000,3939
549988186,I2_1,10000,4376
390178750,I2_1,10000,5773
987071019,I2_2,20000,7862
68863768,I2_2,20000,8693
757330869,I2_2,20000,11492
204218033,I2_1,10000,3998
18811764,I2_2,20000,5993
456078500,I2_2,20000,4965
767338497,I2_2,20000,4559
508378871,I2_2,20000,5390
367099812,I2_1,10000,2815
611135112,I2_2,20000,6575
287245806,I2_2,20000,5055
475003206,I2_1,10000,4516
737986413,I2_2,20000,5541
129724142,I2_2,20000,6361
502066629,I2_1,10000,4244
624803247,I2_2,20000,9000
387469660,I2_2,20000,7526
484314391,I2_2,20000,9723
462561762,I2_2,20000,5479
964311009,I2_1,10000,3537
417496641,I2_2,20000,5209
396189620,I2_1,10000,5666
290996488,I2_2,20000,6697
425135620,I2_1,10000,4980
291615023,I2_1,10000,5505
497222567,I2_2,20000,9971
388074790,I2_2,20000,4610
394753419,I2_2,20000,5760
34025032,I2_1,10000,5298
438736690,I2_1,10000,3690
801356379,I2_2,20000,5451
16336576,I2_1,10000,5382
421463282,I2_1,10000,3298
453058319,I2_2,20000,6972
424423276,I2_1,10000,5875
822270165,I2_2,20000,7578
711649722,I2_2,20000,10219
481874642,I2_1,10000,5351
435887470,I2_1,10000,4250
858748668,I2_2,20000,7196
257924760,I2_2,20000,5627
638741042,I2_1,10000,4476
804950053,I2_2,20000,6682
62504912,I2_2,20000,4788
652990798,I2_2,20000,5307
752724209,I2_2,20000,7488
201579783,I2_2,20000,4459
807639062,I2_2,20000,5345
730046606,I2_1,10000,3766
240620613,I2_2,20000,4906
212793296,I2_1,10000,3717
82512020,I2_2,20000,7939
809258676,I2_2,20000,4850
783301796,I2_2,20000,4484
872480735,I2_1,10000,2827
487903243,I2_1,10000,3912
199662931,I2_1,10000,2569
989030044,I2_1,10000,3484
89772661,I2_1,10000,2874
39125530,I2_2,20000,5166
565333363,I2_2,20000,4597
427404729,I2_1,10000,2505
596739844,I2_1,10000,2499
483003190,I2_2,20000,5653
48060569,I2_1,10000,4052
546125123,I2_2,20000,4950
717119630,I2_2,20000,7328
682572819,I2_1,10000,2978
769137695,I2_1,10000,4021
218994530,I2_1,10000,4575
134200003,I2_2,20000,8404
320546489,I2_1,10000,4914
695783184,I2_1,10000,4939
123362918,I2_1,10000,4877
171011857,I2_1,10000,5648
238477733,I2_1,10000,4024
804884053,I2_1,10000,3792
567104659,I2_1,10000,4885
615316388,I2_2,20000,13170
979279124,I2_1,10000,6485
582563039,I2_1,10000,5481
460102399,I2_2,20000,12598
260941445,I2_1,10000,5927
473914769,I2_1,10000,4300
835420026,I2_2,20000,15162
736919297,I2_1,10000,5305
649753442,I2_2,20000,16679
123704479,I2_2,20000,4649
772566631,I2_2,20000,5450
991675678,I2_2,20000,6453
410680815,I2_2,20000,5280
348559347,I2_1,10000,2822
8849263,I2_1,10000,2498
726808330,I2_1,10000,2672
439907263,I2_1,10000,2565
478213245,I2_2,20000,5900
231244167,I2_2,20000,4592
479453177,I2_1,10000,6247
200221508,I2_1,10000,5508
684952260,I2_2,20000,7062
361827842,I2_1,10000,5517
556073345,I2_2,20000,6446
380816873,I2_1,10000,4259
581421932,I2_2,20000,6368
191734654,I2_2,20000,5522
10240894,I2_2,20000,4499
85412556,I2_2,20000,6576
93318500,I2_1,10000,2916
656260280,I2_2,20000,4858
146996717,I2_1,10000,4298
703272983,I2_1,10000,4144
496647924,I2_2,20000,7354
491336546,I2_1,10000,4237
433574203,I2_1,10000,3189
813291854,I2_2,20000,8815
874943900,I2_1,10000,2931
67049433,I2_1,10000,3941
690101796,I2_1,10000,3891
144071049,I2_2,20000,8288
851498427,I2_2,20000,6409
79000064,I2_1,10000,5361
389986119,I2_2,20000,5428
302881308,I2_2,20000,5998
939955711,I2_1,10000,3940
239152154,I2_1,10000,5518
328027145,I2_2,20000,5255
988794448,I2_1,10000,3100
333118786,I2_1,10000,3470
23337319,I2_1,10000,4636
864918424,I2_1,10000,3897
932638780,I2_1,10000,4473
668948425,I2_1,10000,4244
595561170,I2_2,20000,4679
151650281,I2_2,20000,7563
808996922,I2_2,20000,4568
726927948,I2_1,10000,5062
584509260,I2_2,20000,4609
982219608,I2_2,20000,4809
44940211,I2_2,20000,5719
179160277,I2_1,10000,2826
644987361,I2_1,10000,3418
87197512,I2_1,10000,3949
263347429,I2_2,20000,6544
423976530,I2_2,20000,5247
129620568,I2_1,10000,5658
177034953,I2_1,10000,4775
317098012,I2_1,10000,4521
292222707,I2_1,10000,3462
943296452,I2_1,10000,3119
750701820,I2_2,20000,6215
678846702,I2_2,20000,5223
249569730,I2_1,10000,5083
303706962,I2_2,20000,7569
752714061,I2_2,20000,4703
20157366,I2_2,20000,5869
556559160,I2_1,10000,4682
26549371,I2_1,10000,3034
3578868,I2_1,10000,4388
642557381,I2_2,20000,11140
432095342,I2_1,10000,6042
303418582,I2_1,10000,4326
748792126,I2_2,20000,11587
22101602,I2_2,20000,9660
879280395,I2_2,20000,10403
254081795,I2_2,20000,11723
672302112,I2_2,20000,7452
539396018,I2_1,10000,5789
98914218,I2_1,10000,6308
228537974,I2_2,20000,10785
643928030,I2_1,10000,5810
742545503,I2_2,20000,6553
922749740,I2_1,10000,5860
214052980,I2_1,10000,4321
432831193,I2_2,20000,8784
152293433,I2_1,10000,4244
188293437,I2_1,10000,3720
328764901,I2_2,20000,5672
155738671,I2_1,10000,4960
338744685,I2_1,10000,5498
415369230,I2_2,20000,8811
111814848,I2_2,20000,11382
340207635,I2_2,20000,12307
481648365,I2_1,10000,4325
166307651,I2_2,20000,12655
280050673,I2_1,10000,5345
612128913,I2_1,10000,5934
653974149,I2_2,20000,8919
459893396,I2_1,10000,4315
920712703,I2_2,20000,8562
570112372,I2_1,10000,3858
313934464,I2_1,10000,3055
794365091,I2_2,20000,5238
600665191,I2_2,20000,6771
26421234,I2_2,20000,5752
331776584,I2_1,10000,2663
684083966,I2_1,10000,4131
333398241,I2_1,10000,5326
791881070,I2_2,20000,7408
29285148,I2_2,20000,6775
70112383,I2_1,10000,5024
801766790,I2_1,10000,4358
223603066,I2_2,20000,9576
593966984,I2_1,10000,5150
174114886,I2_2,20000,5218
43910813,I2_1,10000,4973
957246866,I2_1,10000,4779
462781949,I2_1,10000,6660
292172455,I2_1,10000,5989
369984126,I2_2,20000,4996
597737647,I2_2,20000,5882
68761609,I2_2,20000,5984
288034989,I2_2,20000,5619
917273487,I2_2,20000,5801
715987466,I2_1,10000,3013
583012537,I2_1,10000,3990
280489842,I2_1,10000,2768
394075545,I2_2,20000,5387
89893304,I2_1,10000,2745
556919066,I2_2,20000,4672
969674676,I2_1,10000,2648
791802814,I2_2,20000,6187
857386323,I2_1,10000,2980
563344151,I2_1,10000,4600
218153458,I2_2,20000,8219
289796229,I2_1,10000,4712
172528245,I2_2,20000,9229
156739438,I2_2,20000,8584
332750147,I2_2,20000,5202
255423786,I2_1,10000,2979
584294285,I2_1,10000,3640
498972607,I2_1,10000,4174
409676257,I2_2,20000,5797
249251212,I2_1,10000,5143
555922040,I2_2,20000,4679
289668602,I2_1,10000,3061
120387563,I2_1,10000,5081
791663577,I2_2,20000,8569
532653190,I2_2,20000,7093
8792963,I2_1,10000,5912
275684300,I2_1,10000,5354
792474199,I2_1,10000,6525
12587335,I2_2,20000,12114
482668530,I2_1,10000,5532
208931757,I2_1,10000,6127
253479741,I2_2,20000,10347
120898234,I2_1,10000,6317
113239221,I2_1,10000,5383
356195195,I2_2,20000,11893
133029128,I2_1,10000,5222
49480800,I2_2,20000,14510
356007768,I2_2,20000,13249
306361881,I2_2,20000,11130
671902752,I2_1,10000,6245
862734799,I2_1,10000,5810
812761606,I2_1,10000,5252
519221816,I2_2,20000,14117
290943324,I2_1,10000,4222
282113534,I2_2,20000,16157
170439603,I2_2,20000,14609
125156781,I2_2,20000,15151
505453059,I2_2,20000,6773
576138450,I2_1,10000,5324
459140392,I2_2,20000,6400
516219431,I2_2,20000,5781
253401911,I2_2,20000,5473
617896520,I2_1,10000,5865
98656637,I2_1,10000,5273
729332483,I2_2,20000,8528
587148753,I2_2,20000,9791
799321606,I2_2,20000,8743
880301385,I2_1,10000,4233
596366252,I2_2,20000,11334
703949407,I2_2,20000,11533
457800772,I2_2,20000,7519
659962502,I2_1,10000,4234
487081026,I2_2,20000,6621
251624661,I2_2,20000,5036
960722251,I2_1,10000,6004
625584096,I2_2,20000,5070
45527317,I2_1,10000,5031
538218031,I2_1,10000,3546
800671235,I2_2,20000,4501
122316797,I2_1,10000,2672
890960056,I2_2,20000,7044
786344113,I2_1,10000,5218
40841156,I2_1,10000,5653
405483657,I2_1,10000,7354
615399719,I2_1,10000,6829
657444292,I2_2,20000,9968
892345735,I2_2,20000,10062
43300326,I2_2,20000,7442
993160453,I2_1,10000,5144
72107625,I2_1,10000,6715
801456437,I2_1,10000,6353
991462161,I2_2,20000,10539
782561526,I2_1,10000,5884
626008415,I2_1,10000,4275
349539959,I2_2,20000,13434
49183399,I2_1,10000,5191
122103422,I2_2,20000,15938
726565572,I2_1,10000,3154
589368130,I2_1,10000,3009
338019332,I2_2,20000,6139
176272036,I2_2,20000,8428
164660015,I2_2,20000,8642
953922075,I2_2,20000,10187
365332704,I2_1,10000,4474
293843194,I2_1,10000,4957
319272084,I2_1,10000,6078
229876394,I2_2,20000,12597
337193375,I2_1,10000,6624
133706541,I2_2,20000,12088
597101943,I2_2,20000,9696
223729499,I2_2,20000,8995
595368399,I2_2,20000,8999
719685247,I2_2,20000,7669
499832858,I2_2,20000,7841
251154835,I2_2,20000,5138
338955140,I2_1,10000,5670
943200227,I2_1,10000,3916
949193814,I2_2,20000,6432
191057383,I2_1,10000,2586
76676348,I2_2,20000,4796
386573279,I2_1,10000,2790
14688003,I2_1,10000,3125
989725833,I2_1,10000,3610
804575968,I2_1,10000,4325
861120764,I2_1,10000,4332
473924745,I2_2,20000,10409
965610043,I2_1,10000,4658
305741287,I2_1,10000,4304
140918575,I2_2,20000,10586
356300687,I2_2,20000,11941
358837755,I2_2,20000,8756
768766049,I2_1,10000,2537
992063293,I2_2,20000,4617
650266932,I2_1,10000,3024
917200296,I2_2,20000,5508
848837784,I2_1,10000,5993
328716682,I2_2,20000,6923
22306701,I2_2,20000,8426
168029338,I2_2,20000,10545
89340696,I2_1,10000,5721
552332969,I2_1,10000,5317
18048804,I2_2,20000,11301
323861878,I2_2,20000,13396
24319532,I2_2,20000,12839
309403803,I2_2,20000,6567
158711603,I2_1,10000,2936
95424980,I2_2,20000,5214
78510266,I2_1,10000,4573
158049498,I2_1,10000,6163
160329840,I2_2,20000,5475
301380443,I2_2,20000,7579
917763429,I2_2,20000,7329
522146128,I2_2,20000,7618
583926868,I2_2,20000,9725
385966132,I2_2,20000,5420
277504120,I2_2,20000,4646
561399009,I2_1,10000,3510
8869485,I2_2,20000,5374
586158424,I2_2,20000,6206
10379291,I2_1,10000,2670
857185967,I2_1,10000,2723
324261426,I2_1,10000,3075
628289704,I2_2,20000,5511
656688389,I2_1,10000,4793
374088254,I2_1,10000,5325
342194546,I2_2,20000,5290
843435574,I2_1,10000,4899
494559269,I2_2,20000,7605
725716220,I2_1,10000,4470
549445176,I2_1,10000,6007
345647896,I2_1,10000,6094
203536124,I2_2,20000,12368
154009933,I2_1,10000,5966
335021708,I2_1,10000,4331
474352960,I2_2,20000,10839
235991118,I2_1,10000,5966
12722715,I2_2,20000,6140
305759765,I2_1,10000,3868
178440074,I2_2,20000,7529
240730194,I2_2,20000,7198
304495975,I2_2,20000,5735
791645232,I2_1,10000,4477
651772934,I2_1,10000,3900
647842818,I2_2,20000,9578
140603485,I2_2,20000,10535
404000940,I2_1,10000,5365
78359628,I2_1,10000,5821
477331039,I2_1,10000,5752
115975702,I2_1,10000,4766
503772435,I2_2,20000,13476
898390776,I2_1,10000,4403
26468576,I2_2,20000,5132
38400729,I2_2,20000,4739
576206862,I2_2,20000,5548
459628486,I2_1,10000,3914
407705650,I2_1,10000,3763
443827121,I2_1,10000,3770
521006683,I2_1,10000,3989
586799771,I2_2,20000,5193
953190396,I2_2,20000,4628
67060231,I2_1,10000,3075
662394811,I2_2,20000,5534
873359592,I2_1,10000,4031
825337161,I2_2,20000,6701
436955801,I2_1,10000,5971
717069235,I2_1,10000,4356
760488164,I2_2,20000,5961
758034158,I2_2,20000,5401
229870536,I2_1,10000,3762
164798439,I2_1,10000,2601
413152357,I2_1,10000,3665
939050035,I2_2,20000,5092
610017030,I2_2,20000,7052
371818685,I2_2,20000,4521
500461147,I2_1,10000,5183
400691827,I2_2,20000,4971
92716363,I2_1,10000,2707
964891522,I2_2,20000,4580
924780670,I2_1,10000,3145
576255666,I2_2,20000,5201
283995099,I2_1,10000,5736
993892483,I2_1,10000,4334
968379606,I2_1,10000,5478
929954873,I2_2,20000,10740
303362663,I2_1,10000,4984
593677297,I2_1,10000,4393
349061256,I2_2,20000,12105
290748478,I2_1,10000,2702
338785998,I2_1,10000,3691
260453757,I2_1,10000,4659
821734389,I2_1,10000,4384
357577133,I2_2,20000,4875
148499408,I2_1,10000,2667
708466172,I2_1,10000,2627
86209598,I2_2,20000,4739
690715213,I2_1,10000,3037
966456078,I2_2,20000,6322
650957059,I2_1,10000,3181
697294816,I2_2,20000,10268
49292076,I2_1,10000,5931
355131311,I2_1,10000,6428
378024146,I2_1,10000,6903
674972407,I2_1,10000,6569
776260425,I2_1,10000,8223
9918880,I2_1,10000,5087
436771030,I2_2,20000,13535
819255356,I2_2,20000,11420
750777432,I2_2,20000,8702
381102616,I2_2,20000,8737
741052951,I2_2,20000,8583
17967336,I2_2,20000,11781
75805146,I2_2,20000,11835
880997985,I2_2,20000,12901
760429615,I2_1,10000,3677
941171886,I2_2,20000,14257
320734171,I2_1,10000,5323
678169805,I2_2,20000,12680
604857334,I2_2,20000,14207
86548239,I2_1,10000,4266
140725203,I2_2,20000,8163
548109001,I2_1,10000,3639
374412966,I2_1,10000,4342
569853491,I2_1,10000,3259
444594855,I2_2,20000,10636
129448142,I2_2,20000,12868
599643580,I2_2,20000,13004
17750384,I2_2,20000,8094
635087782,I2_1,10000,4486
737696023,I2_2,20000,6893
159821838,I2_1,10000,2940
789468461,I2_1,10000,3684
536709406,I2_2,20000,6282
535296939,I2_1,10000,3835
506817642,I2_1,10000,2655
887958492,I2_2,20000,5604
417557114,I2_1,10000,6137
149874550,I2_2,20000,4777
922822412,I2_2,20000,4659
505060210,I2_2,20000,5008
959582804,I2_1,10000,4213
674044293,I2_2,20000,7793
457681485,I2_1,10000,3941
8063671,I2_2,20000,11611
90783111,I2_1,10000,5418
559913779,I2_1,10000,5970
51910270,I2_1,10000,4882
323725952,I2_2,20000,15144
347765413,I2_1,10000,6976
985653133,I2_1,10000,5571
843833354,I2_2,20000,14099
463641412,I2_1,10000,6400
880316438,I2_2,20000,17242
561952065,I2_1,10000,6389
890357608,I2_1,10000,5699
165190403,I2_2,20000,11059
150314057,I2_1,10000,2579
195627339,I2_2,20000,5097
520987467,I2_2,20000,7256
339643873,I2_1,10000,3757
691675943,I2_1,10000,5397
547038788,I2_2,20000,8142
629260719,I2_1,10000,3750
149655915,I2_2,20000,6935
58584966,I2_2,20000,6767
239250313,I2_2,20000,7728
9723887,I2_2,20000,4765
868050548,I2_2,20000,4598
115914384,I2_2,20000,5087
262787961,I2_2,20000,7173
305237838,I2_1,10000,4534
103989141,I2_2,20000,6508
230919251,I2_2,20000,5804
273216496,I2_2,20000,7848
507140651,I2_1,10000,2900
725955560,I2_2,20000,5164
100445828,I2_1,10000,4525
24284096,I2_1,10000,2668
721045888,I2_1,10000,3783
784044264,I2_1,10000,2668
478714538,I2_1,10000,3669
92190175,I2_2,20000,4638
463432903,I2_2,20000,4617
607268247,I2_2,20000,5004
707908510,I2_2,20000,5107
443641188,I2_2,20000,5685
11376776,I2_1,10000,5075
191004102,I2_2,20000,5739
275609859,I2_1,10000,3952
351785647,I2_2,20000,4760
471093379,I2_2,20000,4803
830518441,I2_1,10000,3888
180036534,I2_2,20000,5822
914896871,I2_1,10000,5003
534306638,I2_1,10000,4500
843749986,I2_1,10000,6030
482674361,I2_1,10000,6543
666590166,I2_2,20000,6616
402924713,I2_2,20000,8067
250781221,I2_2,20000,10187
4835309,I2_2,20000,5840
429128007,I2_1,10000,6024
77129966,I2_1,10000,5460
978705911,I2_2,20000,8797
143029734,I2_1,10000,3993
901155350,I2_1,10000,4902
594490014,I2_2,20000,9633
485180203,I2_1,10000,4150
100872857,I2_1,10000,3399
282872081,I2_2,20000,8673
162639492,I2_1,10000,2845
846106048,I2_2,20000,5539
675775171,I2_2,20000,5237
377653171,I2_2,20000,6874
481485574,I2_1,10000,3955
129075646,I2_1,10000,4714
283256366,I2_2,20000,5705
961598287,I2_1,10000,5166
777351577,I2_1,10000,3830
285373393,I2_1,10000,5472
178458268,I2_2,20000,10027
48986304,I2_2,20000,6057
740440047,I2_2,20000,4598
918292926,I2_1,10000,3082
294627145,I2_2,20000,4579
903805728,I2_1,10000,3724
863277220,I2_2,20000,4984
742221922,I2_2,20000,7120
895316761,I2_1,10000,4634
134713264,I2_2,20000,6325
891235841,I2_1,10000,4942
685918191,I2_2,20000,9366
194021500,I2_1,10000,3840
123568412,I2_2,20000,12139
818603004,I2_2,20000,12069
321677212,I2_2,20000,12986
30533363,I2_1,10000,5930
273826194,I2_1,10000,5392
594742973,I2_2,20000,14673
413928506,I2_2,20000,14027
225578476,I2_2,20000,16685
50385155,I2_1,10000,5866
469278226,I2_1,10000,3994
274760407,I2_2,20000,12131
567935561,I2_2,20000,9512
173069247,I2_2,20000,9056
517159981,I2_1,10000,2962
746807022,I2_2,20000,4906
346890158,I2_1,10000,4335
126931954,I2_2,20000,5799
948338092,I2_2,20000,4984
89058879,I2_2,20000,4680
124576826,I2_2,20000,6654
67228284,I2_2,20000,4562
906171800,I2_1,10000,2517
773433729,I2_2,20000,5734
551935923,I2_1,10000,5794
40537041,I2_1,10000,6435
196617489,I2_2,20000,9589
488242595,I2_1,10000,5544
955646695,I2_1,10000,5462
809696315,I2_2,20000,13795
43627917,I2_2,20000,15875
538164782,I2_1,10000,6988
326050081,I2_1,10000,6939
533903468,I2_2,20000,16099
366608323,I2_2,20000,14920
855061551,I2_1,10000,6863
14298823,I2_2,20000,16382
932356612,I2_2,20000,17998
140435404,I2_1,10000,8873
346624235,I2_2,20000,17386
230484347,I2_2,20000,16914
937092386,I2_1,10000,8508
860356092,I2_2,20000,16937
507786294,I2_1,10000,7498
779255605,I2_1,10000,7049
660791880,I2_2,20000,17482
100617449,I2_2,20000,13755
799201789,I2_1,10000,5801
258418247,I2_2,20000,14471
620818537,I2_2,20000,12661
782287122,I2_2,20000,13622
380942513,I2_1,10000,6408
694795332,I2_1,10000,5245
623232674,I2_1,10000,6301
213034472,I2_1,10000,3515
418052911,I2_2,20000,5629
896601520,I2_2,20000,6194
577274675,I2_2,20000,7066
750781473,I2_1,10000,4278
909179736,I2_2,20000,5024
440151383,I2_2,20000,4494
598114616,I2_2,20000,5431
395398739,I2_2,20000,4586
42981121,I2_1,10000,3042
629242649,I2_1,10000,4077
560546090,I2_1,10000,5048
61996609,I2_1,10000,3849
505834779,I2_2,20000,6661
228018281,I2_1,10000,2949
119439594,I2_1,10000,2664
705189462,I2_1,10000,3708
296425334,I2_1,10000,2868
257815806,I2_1,10000,2535
571231955,I2_2,20000,4536
102071669,I2_1,10000,3867
255017939,I2_2,20000,4525
102486750,I2_1,10000,3942
846184759,I2_1,10000,3759
949775037,I2_1,10000,3067
671000644,I2_1,10000,4652
274491608,I2_2,20000,5108
169518673,I2_2,20000,7185
312079905,I2_2,20000,4763
943147627,I2_1,10000,2926
813622445,I2_1,10000,3750
149354064,I2_2,20000,7514
779852250,I2_1,10000,2682
174359072,I2_1,10000,2984
270833282,I2_2,20000,4630
302093828,I2_1,10000,2909
47505551,I2_2,20000,4816
660699718,I2_2,20000,5006
155003279,I2_2,20000,5380
612379410,I2_1,10000,3739
22525745,I2_1,10000,4784
56502291,I2_2,20000,7549
40304881,I2_1,10000,6054
841599133,I2_1,10000,7639
641374842,I2_2,20000,11421
721503401,I2_2,20000,8734
558009410,I2_1,10000,5968
359878277,I2_2,20000,9563
622605350,I2_2,20000,4808
929821711,I2_1,10000,2997
873917252,I2_2,20000,5592
729318638,I2_1,10000,3446
775475103,I2_1,10000,3511
714984487,I2_1,10000,2733
708721960,I2_1,10000,3387
29006427,I2_2,20000,7158
463106473,I2_1,10000,3673
781385170,I2_1,10000,4231
182696390,I2_1,10000,4993
470883524,I2_1,10000,5566
809739032,I2_2,20000,10283
552381117,I2_2,20000,6188
220435195,I2_2,20000,5486
195799183,I2_1,10000,5145
661439569,I2_1,10000,4925
632205261,I2_2,20000,7512
798700724,I2_2,20000,5316
45830351,I2_2,20000,5372
792602000,I2_1,10000,4612
610473341,I2_2,20000,5668
870672434,I2_2,20000,5101
872606791,I2_2,20000,5488
177765872,I2_2,20000,5563
237848819,I2_1,10000,4852
208326533,I2_2,20000,5718
675038445,I2_1,10000,3820
943463878,I2_2,20000,6900
153770692,I2_1,10000,3426
12051455,I2_1,10000,4582
503443034,I2_1,10000,5149
756981753,I2_1,10000,2732
996153850,I2_1,10000,2758
329235297,I2_1,10000,3056
848998355,I2_2,20000,5436
332027444,I2_1,10000,4693
893661168,I2_1,10000,3189
871726522,I2_1,10000,3143
292351026,I2_2,20000,4861
254258230,I2_1,10000,4166
574653498,I2_2,20000,7952
174278275,I2_1,10000,4534
91002203,I2_2,20000,7582
905713154,I2_2,20000,9927
685222529,I2_1,10000,4964
595497514,I2_1,10000,3701
525757034,I2_1,10000,5436
915232614,I2_2,20000,7493
359192016,I2_2,20000,9625
977862260,I2_2,20000,10525
98101196,I2_2,20000,10692
349225806,I2_2,20000,8894
342348999,I2_1,10000,3734
146769627,I2_1,10000,3703
19945925,I2_2,20000,8103
395472088,I2_2,20000,5867
754170333,I2_2,20000,5634
953489703,I2_2,20000,7108
758306260,I2_1,10000,4259
613761096,I2_2,20000,6403
595662773,I2_2,20000,5340
597752744,I2_1,10000,5042
331459380,I2_2,20000,6502
781701458,I2_2,20000,7498
151937533,I2_1,10000,5216
369482480,I2_1,10000,4814
480417273,I2_1,10000,5227
272115428,I2_2,20000,12751
846825938,I2_2,20000,12120
450295867,I2_2,20000,8909
643145983,I2_1,10000,5845
354945978,I2_2,20000,10004
992914397,I2_1,10000,3576
406230215,I2_1,10000,2578
647523894,I2_1,10000,2820
844063900,I2_1,10000,2533
943472916,I2_2,20000,4530
49798821,I2_2,20000,4837
926380345,I2_1,10000,4034
979392223,I2_1,10000,3062
660483571,I2_2,20000,4816
463617111,I2_1,10000,4053
132336960,I2_1,10000,3234
729559429,I2_1,10000,4948
186840471,I2_2,20000,5350
327533217,I2_2,20000,5170
621102304,I2_2,20000,7765
233997386,I2_1,10000,6120
309501164,I2_1,10000,3795
699779181,I2_2,20000,9063
648589052,I2_1,10000,4534
426429033,I2_2,20000,6727
84853440,I2_2,20000,9702
244563835,I2_2,20000,10162
588707076,I2_1,10000,5183
621019038,I2_1,10000,3599
695679494,I2_2,20000,8150
718696464,I2_1,10000,4559
248677223,I2_1,10000,2722
146647925,I2_1,10000,2756
676878555,I2_1,10000,2712
10954476,I2_1,10000,2704
426425155,I2_1,10000,2900
893122097,I2_1,10000,4568
760351175,I2_2,20000,4695
691191490,I2_2,20000,4686
673363954,I2_1,10000,2869
546814275,I2_1,10000,3331
189251370,I2_1,10000,3615
544363871,I2_2,20000,7073
48283179,I2_2,20000,4867
69631556,I2_1,10000,4008
386382507,I2_2,20000,5296
646461251,I2_1,10000,4660
950661366,I2_1,10000,4092
451279303,I2_1,10000,5259
82233042,I2_2,20000,10208
518526816,I2_2,20000,4975
873938851,I2_2,20000,4734
135063184,I2_1,10000,2895
587817936,I2_1,10000,3974
399478485,I2_2,20000,4690
63128248,I2_1,10000,3094
757020542,I2_1,10000,4134
857791945,I2_2,20000,8875
514886774,I2_1,10000,3084
726432122,I2_2,20000,4658
90609058,I2_1,10000,2789
415580016,I2_1,10000,2783
652479252,I2_2,20000,5192
752364183,I2_1,10000,3200
218288602,I2_2,20000,4880
130130992,I2_1,10000,5336
21881542,I2_2,20000,5199
486860755,I2_1,10000,2818
609739628,I2_1,10000,2841
842921888,I2_2,20000,4878
308686414,I2_2,20000,7146
657014348,I2_2,20000,7122
380223900,I2_1,10000,5141
564368799,I2_2,20000,7293
620136080,I2_2,20000,9410
765903085,I2_2,20000,8904
880417174,I2_1,10000,4474
806807203,I2_2,20000,7834
635990123,I2_1,10000,4397
23903738,I2_1,10000,5456
887519693,I2_1,10000,4622
571172841,I2_1,10000,5648
424027516,I2_1,10000,6356
490933483,I2_1,10000,3778
126553826,I2_1,10000,3775
862726528,I2_2,20000,5780
215515751,I2_2,20000,7944
456050357,I2_2,20000,7317
410244886,I2_2,20000,8116
345569490,I2_1,10000,2814
290425940,I2_2,20000,5464
264198579,I2_1,10000,3652
762564588,I2_2,20000,7129
630016737,I2_2,20000,4617
230922978,I2_2,20000,5551
566962674,I2_1,10000,5201
36170531,I2_2,20000,7478
61943347,I2_2,20000,9551
296054964,I2_1,10000,5960
404603707,I2_2,20000,9510
291102380,I2_2,20000,11578
125256991,I2_1,10000,3340
693182845,I2_2,20000,4740
69468630,I2_2,20000,6713
388020252,I2_1,10000,3030
764359883,I2_1,10000,4390
274422245,I2_1,10000,3736
32514128,I2_1,10000,3668
895600181,I2_2,20000,9890
425109767,I2_2,20000,11646
247831097,I2_1,10000,6023
104265944,I2_1,10000,4062
551492975,I2_2,20000,11588
533146851,I2_2,20000,6651
971697858,I2_1,10000,3194
343562354,I2_2,20000,5016
884953834,I2_1,10000,3769
955357652,I2_2,20000,6465
835872233,I2_2,20000,6409
400465531,I2_2,20000,4967
592925422,I2_2,20000,4671
694430107,I2_1,10000,4081
752737676,I2_2,20000,4684
367301613,I2_1,10000,3104
322400359,I2_2,20000,5117
366289182,I2_2,20000,5614
423362557,I2_2,20000,7670
900486505,I2_2,20000,5251
865067904,I2_1,10000,4009
674797978,I2_1,10000,3163
975697121,I2_1,10000,3136
37165457,I2_2,20000,4603
929425291,I2_2,20000,4904
149961437,I2_1,10000,2658
281228950,I2_1,10000,3091
112015336,I2_1,10000,2712
273142051,I2_1,10000,2831
351957803,I2_1,10000,2690
292604043,I2_1,10000,2833
657066883,I2_1,10000,2813
341599121,I2_1,10000,2901
457701400,I2_2,20000,5480
758128825,I2_1,10000,3332
887181847,I2_1,10000,4499
908176606,I2_1,10000,3821
845469803,I2_1,10000,4509
19730976,I2_1,10000,3897
942443732,I2_2,20000,8399
283422940,I2_2,20000,11030
883281802,I2_2,20000,5682
48045454,I2_1,10000,5040
348283497,I2_2,20000,5362
603060662,I2_1,10000,4743
721468672,I2_2,20000,6797
232042516,I2_2,20000,8974
910864975,I2_2,20000,9127
339690798,I2_2,20000,9619
738580672,I2_1,10000,4731
295193835,I2_1,10000,6153
27772491,I2_1,10000,4533
95337944,I2_2,20000,6255
816957667,I2_1,10000,3001
857615818,I2_1,10000,3549
187796817,I2_2,20000,6616
139126475,I2_2,20000,6634
358708264,I2_2,20000,9257
615321741,I2_2,20000,4954
74497098,I2_1,10000,5182
710267116,I2_2,20000,4793
452941650,I2_2,20000,4821
612932618,I2_1,10000,2701
4439727,I2_1,10000,3016
51640251,I2_2,20000,5412
72621098,I2_1,10000,4667
234944425,I2_1,10000,5773
941290355,I2_1,10000,3274
540697833,I2_2,20000,7889
662317739,I2_2,20000,4740
514686930,I2_1,10000,2622
559222080,I2_1,10000,2742
24360927,I2_2,20000,4859
705691872,I2_1,10000,3156
387746395,I2_2,20000,8064
215577654,I2_1,10000,5160
85030195,I2_2,20000,8266
888873868,I2_2,20000,8748
994940811,I2_2,20000,10270
855974074,I2_1,10000,5426
217837993,I2_2,20000,5496
44066587,I2_1,10000,2921
983634018,I2_2,20000,5193
140215995,I2_2,20000,4611
720972590,I2_1,10000,4123
824144233,I2_2,20000,5585
914361793,I2_1,10000,4183
456141084,I2_2,20000,7718
993285133,I2_2,20000,11495
531988079,I2_2,20000,10171
845316471,I2_1,10000,5512
927257544,I2_1,10000,6052
139456901,I2_1,10000,5652
274684910,I2_2,20000,11233
319833798,I2_2,20000,4594
244782445,I2_2,20000,4627
605883952,I2_1,10000,3962
72923218,I2_2,20000,6586
697059921,I2_1,10000,4941
852167892,I2_2,20000,7460
621662015,I2_1,10000,4121
596360482,I2_2,20000,4734
163598915,I2_2,20000,5860
822800021,I2_2,20000,7489
226075308,I2_1,10000,5023
474254829,I2_2,20000,8348
187579920,I2_1,10000,4203
517363069,I2_1,10000,4291
440761865,I2_1,10000,5889
416733565,I2_2,20000,11856
530782443,I2_2,20000,11725
59729317,I2_2,20000,8067
548456317,I2_1,10000,5328
184284664,I2_1,10000,6283
289946051,I2_1,10000,5016
46212018,I2_2,20000,4641
597221341,I2_1,10000,2698
110667040,I2_2,20000,5319
63912521,I2_1,10000,2929
748454523,I2_1,10000,2658
203072466,I2_1,10000,3045
100776486,I2_2,20000,4683
174752917,I2_1,10000,6281
13656225,I2_1,10000,4575
520418131,I2_2,20000,6114
938703831,I2_1,10000,4296
33262208,I2_1,10000,4337
770297776,I2_2,20000,8054
81193918,I2_1,10000,5899
644230072,I2_1,10000,4230
426624421,I2_2,20000,8711
321892837,I2_2,20000,4660
910489820,I2_1,10000,2978
621534099,I2_1,10000,3328
834944493,I2_1,10000,2540
687262983,I2_1,10000,2965
575506739,I2_2,20000,4670
570447703,I2_2,20000,6747
36881490,I2_2,20000,4736
154096570,I2_2,20000,6468
140771789,I2_2,20000,7752
856148808,I2_1,10000,4767
458677092,I2_2,20000,7359
110069927,I2_2,20000,4865
781225307,I2_2,20000,4779
383128433,I2_1,10000,3499
589124630,I2_2,20000,4870
567821764,I2_2,20000,4655
384199681,I2_2,20000,6674
507972183,I2_2,20000,4668
133235499,I2_2,20000,5625
173991490,I2_2,20000,5655
844982657,I2_1,10000,2928
999970752,I2_1,10000,3137
862566662,I2_1,10000,3658
836673294,I2_1,10000,4237
59078146,I2_1,10000,3765
52798531,I2_2,20000,7583
42618739,I2_2,20000,4781
477400654,I2_2,20000,5699
409364835,I2_2,20000,5515
390282738,I2_2,20000,4753
54651388,I2_2,20000,5887
281241789,I2_2,20000,6090
559910471,I2_2,20000,8174
353777858,I2_1,10000,5408
300451573,I2_2,20000,8566
904859281,I2_2,20000,8190
143528660,I2_1,10000,3041
132903242,I2_2,20000,8667
555752675,I2_2,20000,5324
329294183,I2_1,10000,4730
192896783,I2_1,10000,3137
425793276,I2_1,10000,3955
468936245,I2_2,20000,7199
191518854,I2_1,10000,3740
150801697,I2_2,20000,6899
900603605,I2_1,10000,4205
986530040,I2_1,10000,5238
756191264,I2_1,10000,6803
723552172,I2_1,10000,4026
407457596,I2_2,20000,8168
225835018,I2_2,20000,9453
753842006,I2_2,20000,6891
555715557,I2_1,10000,5050
453456006,I2_1,10000,5227
443526438,I2_1,10000,4694
28004109,I2_1,10000,4617
392713745,I2_1,10000,5757
667970774,I2_1,10000,4624
380045048,I2_1,10000,4534
788971005,I2_2,20000,6632
945263592,I2_2,20000,8166
855247557,I2_2,20000,8016
874757514,I2_1,10000,4246
357186736,I2_2,20000,11674
992881592,I2_1,10000,4300
39485512,I2_1,10000,4308
903924012,I2_2,20000,14860
816517727,I2_2,20000,17651
612108656,I2_1,10000,7127
453265524,I2_1,10000,4377
321562672,I2_2,20000,10755
41966297,I2_1,10000,5970
790183796,I2_1,10000,4372
526560067,I2_1,10000,4244
360268213,I2_2,20000,10252
403308904,I2_2,20000,9071
954939068,I2_1,10000,4212
793301176,I2_1,10000,4075
988570020,I2_2,20000,5047
266038663,I2_1,10000,2493
122441315,I2_2,20000,4532
260942119,I2_1,10000,3064
355437701,I2_1,10000,4160
696506479,I2_2,20000,6468
456593205,I2_1,10000,5543
470828404,I2_1,10000,4432
639404660,I2_1,10000,5047
176883840,I2_2,20000,7567
547801611,I2_2,20000,5422
52177939,I2_1,10000,3052
691725227,I2_2,20000,5896
279877972,I2_1,10000,3578
29465039,I2_1,10000,2557
763278528,I2_2,20000,4619
859885148,I2_1,10000,5185
972544670,I2_2,20000,7346
533008207,I2_2,20000,7357
696147874,I2_1,10000,6785
755774683,I2_1,10000,5541
352736987,I2_2,20000,5702
751755279,I2_1,10000,3839
701054708,I2_2,20000,7214
101085278,I2_2,20000,5319
390066721,I2_1,10000,4632
524132391,I2_1,10000,3756
521505876,I2_2,20000,4554
501071404,I2_1,10000,2491
84778785,I2_1,10000,2608
55345313,I2_1,10000,2558
726364259,I2_1,10000,3602
925263585,I2_2,20000,4682
771284681,I2_2,20000,4701
124844838,I2_2,20000,4772
961197835,I2_2,20000,5485
609346033,I2_2,20000,5487
318796310,I2_2,20000,7670
840562889,I2_2,20000,4496
278939676,I2_2,20000,5465
897103538,I2_2,20000,4513
787428601,I2_2,20000,5417
334635809,I2_2,20000,6406
272183648,I2_2,20000,4563
398496068,I2_1,10000,4371
197376826,I2_2,20000,6135
891062685,I2_2,20000,5846
735626056,I2_1,10000,2648
56775278,I2_1,10000,3760
105812675,I2_2,20000,4717
302832501,I2_2,20000,6507
674067849,I2_2,20000,8679
969746899,I2_1,10000,3650
402849244,I2_1,10000,4320
652647558,I2_2,20000,6622
349200533,I2_2,20000,7022
528566173,I2_1,10000,4334
334434065,I2_1,10000,5902
165645508,I2_2,20000,5117
33069939,I2_1,10000,3681
645304123,I2_2,20000,6270
872941730,I2_1,10000,4267
873463882,I2_2,20000,6751
708952989,I2_2,20000,8912
975361570,I2_2,20000,5669
113525115,I2_2,20000,6792
640504547,I2_2,20000,7353
843224628,I2_2,20000,5336
287971535,I2_2,20000,5702
602246285,I2_2,20000,4666
28783450,I2_2,20000,6839
162128211,I2_2,20000,7893
187446649,I2_1,10000,4013
588955087,I2_2,20000,9520
110751759,I2_2,20000,9443
872579777,I2_1,10000,3924
430921955,I2_2,20000,4578
224831362,I2_1,10000,3934
501751624,I2_2,20000,5492
648847015,I2_2,20000,4478
549674904,I2_2,20000,4611
41991320,I2_1,10000,5069
496003215,I2_2,20000,5516
459430154,I2_1,10000,3864
642710074,I2_1,10000,4853
116973293,I2_2,20000,5494
471344497,I2_2,20000,4618
63862891,I2_1,10000,3654
103643816,I2_1,10000,2832
983861670,I2_1,10000,4535
262760921,I2_2,20000,5434
774892463,I2_2,20000,4886
457811709,I2_2,20000,5893
793702767,I2_2,20000,4600
319330383,I2_2,20000,5559
984617382,I2_2,20000,5523
788032487,I2_1,10000,2728
467820991,I2_2,20000,5395
200149353,I2_2,20000,4730
592535159,I2_1,10000,3097
731484625,I2_2,20000,5363
35538928,I2_1,10000,4659
767912930,I2_1,10000,5119
809423897,I2_2,20000,5254
680649978,I2_2,20000,5565
671399779,I2_2,20000,5675
689655839,I2_1,10000,4261
881942147,I2_2,20000,9356
922428183,I2_2,20000,11563
742115023,I2_2,20000,7122
389387920,I2_2,20000,5713
194360398,I2_1,10000,2715
957750890,I2_1,10000,3750
455133269,I2_1,10000,3584
62214735,I2_1,10000,3755
797679248,I2_1,10000,2996
955627026,I2_1,10000,5129
506032187,I2_2,20000,7450
75158606,I2_1,10000,5494
336831413,I2_1,10000,4466
973588501,I2_2,20000,9455
879410809,I2_2,20000,9828
508699872,I2_2,20000,7766
957892550,I2_2,20000,8858
919930031,I2_2,20000,6178
421141971,I2_2,20000,7885
938959887,I2_1,10000,4974
920249617,I2_1,10000,3568
592633181,I2_1,10000,2867
247384276,I2_1,10000,3386
630459167,I2_2,20000,4608
906929539,I2_1,10000,3360
966697525,I2_1,10000,2667
638520186,I2_1,10000,3111
870409518,I2_2,20000,4674
632794563,I2_1,10000,2865
3872772,I2_1,10000,2728
20395553,I2_2,20000,5148
314945563,I2_1,10000,2745
777583636,I2_1,10000,3046
250756375,I2_2,20000,4806
52076149,I2_1,10000,4196
900133727,I2_1,10000,3612
735108717,I2_1,10000,3574
773442738,I2_2,20000,4669
331911955,I2_2,20000,4754
594758528,I2_1,10000,2845
866363468,I2_1,10000,4373
738110503,I2_2,20000,5004
447025720,I2_1,10000,5099
672444747,I2_2,20000,4766
419659498,I2_1,10000,5305
916803767,I2_1,10000,4170
892183794,I2_1,10000,2775
318137349,I2_2,20000,6211
684084897,I2_2,20000,4747
92313365,I2_2,20000,6194
334147503,I2_2,20000,8067
33102375,I2_1,10000,4359
448130284,I2_1,10000,4181
711015206,I2_2,20000,6957
77326511,I2_2,20000,9047
253060779,I2_2,20000,5111
710241416,I2_1,10000,3488
921013171,I2_2,20000,5882
504436873,I2_2,20000,8465
361609003,I2_1,10000,4459
659066396,I2_2,20000,5580
649292834,I2_2,20000,5656
545319205,I2_2,20000,5677
310300440,I2_1,10000,4596
325851883,I2_1,10000,3051
315895757,I2_2,20000,4686
845727033,I2_2,20000,5807
74948207,I2_2,20000,5021
447748731,I2_1,10000,5576
858527859,I2_2,20000,9310
236695843,I2_2,20000,6310
851406160,I2_1,10000,4160
211271473,I2_2,20000,9680
163960950,I2_1,10000,3455
39679244,I2_2,20000,6248
432188420,I2_1,10000,3988
288743744,I2_2,20000,6629
328294453,I2_2,20000,5710
603468344,I2_1,10000,6236
938086349,I2_1,10000,6773
357504759,I2_2,20000,7840
181911135,I2_1,10000,6041
853697019,I2_1,10000,4267
9519026,I2_2,20000,10577
641673820,I2_2,20000,10958
321175282,I2_1,10000,3974
96721486,I2_1,10000,3425
236996817,I2_2,20000,4624
425585482,I2_2,20000,5563
290466585,I2_1,10000,3444
25828201,I2_1,10000,2635
365616908,I2_1,10000,2577
139601316,I2_1,10000,2765
69681069,I2_2,20000,4668
797096442,I2_1,10000,3017
762213306,I2_1,10000,3401
927123956,I2_1,10000,4979
171855852,I2_2,20000,4673
356989046,I2_1,10000,3150
149983357,I2_1,10000,2722
443800596,I2_1,10000,4315
451069820,I2_2,20000,4805
689134438,I2_1,10000,3158
568793322,I2_1,10000,2638
429947394,I2_1,10000,3364
319301518,I2_2,20000,4667
126804459,I2_2,20000,5065
682228559,I2_1,10000,4400
804729464,I2_2,20000,7849
276343323,I2_1,10000,3938
687012916,I2_2,20000,10423
522324093,I2_2,20000,8816
925974916,I2_1,10000,5674
294759374,I2_2,20000,8412
183298631,I2_2,20000,5727
125087293,I2_1,10000,3094
465817300,I2_2,20000,4668
84357273,I2_1,10000,4149
5250171,I2_1,10000,3026
880110765,I2_2,20000,4730
834556327,I2_1,10000,2561
802548336,I2_1,10000,2558
359690617,I2_1,10000,2834
783817269,I2_1,10000,2572
961281451,I2_1,10000,2676
51411573,I2_1,10000,2648
805844266,I2_2,20000,4978
737729255,I2_2,20000,4685
433862213,I2_2,20000,4764
289930400,I2_2,20000,6813
17653780,I2_1,10000,2651
751015204,I2_1,10000,2843
28235184,I2_1,10000,3200
625623248,I2_1,10000,3693
361681382,I2_1,10000,4286
482757026,I2_2,20000,7634
105473364,I2_1,10000,5009
717571997,I2_1,10000,5053
942929810,I2_2,20000,7793
865645287,I2_1,10000,5132
717587877,I2_1,10000,5618
612355514,I2_2,20000,5531
1173497,I2_2,20000,4674
626227035,I2_1,10000,2619
268073827,I2_2,20000,5912
781395483,I2_2,20000,4708
141721475,I2_1,10000,3722
189279952,I2_1,10000,4901
760212843,I2_1,10000,2839
484454367,I2_2,20000,5636
759437931,I2_1,10000,3842
61707292,I2_2,20000,8788
827959259,I2_1,10000,3840
536732999,I2_2,20000,9224
203247183,I2_1,10000,2761
513208302,I2_2,20000,11183
871871887,I2_2,20000,5415
690563445,I2_2,20000,5478
409659554,I2_1,10000,4873
648552482,I2_2,20000,4839
577860792,I2_1,10000,3050
570188295,I2_1,10000,3765
631844438,I2_2,20000,6466
254114616,I2_2,20000,4895
204374661,I2_1,10000,2961
375860012,I2_2,20000,5209
32084481,I2_2,20000,4738
278549420,I2_1,10000,5335
155134140,I2_2,20000,5737
404767999,I2_2,20000,7142
151094651,I2_1,10000,2703
207472928,I2_1,10000,2748
725211733,I2_1,10000,3738
271307167,I2_1,10000,2708
874992373,I2_1,10000,3143
457888407,I2_2,20000,6159
289653663,I2_2,20000,4828
445210183,I2_1,10000,4136
315442546,I2_1,10000,4833
818877171,I2_2,20000,8713
861039906,I2_1,10000,5239
988219231,I2_2,20000,6103
112416604,I2_2,20000,5189
471617348,I2_2,20000,4783
878842099,I2_2,20000,5753
737742905,I2_1,10000,2861
824916836,I2_1,10000,3409
841477594,I2_2,20000,5391
9667646,I2_2,20000,4736
538033538,I2_2,20000,4720
499787967,I2_2,20000,4887
233634406,I2_1,10000,4190
89489314,I2_2,20000,5168
552798605,I2_1,10000,5104
968477389,I2_1,10000,4944
786118345,I2_1,10000,2773
491829049,I2_2,20000,5091
323022409,I2_2,20000,4852
574093717,I2_1,10000,4107
904064336,I2_1,10000,3635
259418992,I2_2,20000,4795
363649428,I2_1,10000,4213
272096607,I2_1,10000,3859
730562522,I2_1,10000,3160
928607990,I2_1,10000,4464
745313095,I2_1,10000,4488
219668163,I2_1,10000,3704
426605824,I2_1,10000,4245
732874330,I2_1,10000,3156
647076313,I2_2,20000,4918
877035158,I2_1,10000,5483
163518173,I2_1,10000,3446
228289688,I2_1,10000,2853
202325751,I2_2,20000,5071
3289507,I2_1,10000,5234
53784446,I2_1,10000,5266
653548784,I2_1,10000,6187
456411210,I2_1,10000,3375
957649445,I2_2,20000,5095
894303672,I2_1,10000,2780
356592337,I2_2,20000,4927
204385420,I2_1,10000,3118
128996706,I2_1,10000,4290
882072250,I2_2,20000,7856
305901704,I2_1,10000,5003
770266045,I2_2,20000,4720
896711575,I2_2,20000,5034
400081795,I2_1,10000,2856
353125195,I2_2,20000,7027
158831892,I2_2,20000,6309
930988697,I2_1,10000,4171
322327991,I2_2,20000,5623
815369300,I2_2,20000,4693
715911565,I2_1,10000,4055
805822227,I2_2,20000,6264
81185165,I2_1,10000,2736
558967758,I2_2,20000,5520
691349049,I2_1,10000,2707
469392259,I2_1,10000,3762
967794924,I2_2,20000,5466
380821505,I2_2,20000,6914
952576266,I2_1,10000,6337
425897776,I2_1,10000,3840
577166810,I2_2,20000,9774
309433691,I2_1,10000,2691
403547309,I2_1,10000,2749
463501076,I2_1,10000,2995
569406733,I2_2,20000,5404
996085535,I2_2,20000,5067
121203726,I2_1,10000,5529
249411826,I2_1,10000,4170
876394419,I2_2,20000,5167
939102835,I2_1,10000,2730
857909915,I2_2,20000,5391
700794938,I2_1,10000,5539
623010703,I2_2,20000,6589
739914267,I2_1,10000,3923
655387943,I2_2,20000,8642
316479400,I2_2,20000,5571
974910409,I2_1,10000,3150
740840616,I2_1,10000,4131
911208274,I2_1,10000,4247
630989804,I2_1,10000,2746
745508674,I2_1,10000,2730
490252343,I2_2,20000,5138
573218222,I2_1,10000,2732
716746376,I2_1,10000,2677
457958243,I2_2,20000,4707
939443479,I2_2,20000,4808
263614848,I2_2,20000,4815
94690119,I2_1,10000,4190
797045948,I2_1,10000,4104
960221176,I2_1,10000,4562
492095427,I2_2,20000,7904
173746822,I2_2,20000,4736
681632960,I2_1,10000,3907
563173471,I2_2,20000,5561
166032324,I2_2,20000,6562
273149953,I2_1,10000,4847
544027751,I2_2,20000,9323
86067121,I2_2,20000,6383
229905404,I2_1,10000,6351
278118565,I2_1,10000,5623
28316669,I2_2,20000,5905
425430846,I2_2,20000,4810
778985901,I2_1,10000,5391
36358408,I2_1,10000,3117
86171735,I2_2,20000,6392
453476660,I2_1,10000,5811
86679335,I2_1,10000,6258
146909958,I2_1,10000,5000
89643571,I2_2,20000,9610
678338922,I2_2,20000,7653
709654008,I2_2,20000,5044
145677025,I2_2,20000,4775
968544171,I2_2,20000,5715
386587358,I2_2,20000,6820
676025130,I2_2,20000,5628
150112233,I2_2,20000,4916
376937949,I2_1,10000,3173
604537481,I2_1,10000,4906
503569805,I2_2,20000,5630
258565181,I2_2,20000,5523
276268297,I2_2,20000,7522
644228204,I2_1,10000,3518
405992069,I2_1,10000,2696
40300236,I2_1,10000,2698
561120735,I2_1,10000,3521
640019947,I2_2,20000,4818
944946118,I2_1,10000,3239
528915943,I2_1,10000,4334
42901011,I2_2,20000,5537
787296173,I2_1,10000,4574
545037826,I2_1,10000,3533
710107604,I2_2,20000,9598
432856916,I2_2,20000,10566
803077032,I2_2,20000,12302
350602392,I2_2,20000,10721
907199097,I2_1,10000,5629
867438186,I2_2,20000,10625
981825907,I2_1,10000,5000
365673647,I2_2,20000,8775
298289412,I2_1,10000,3557
903194975,I2_2,20000,6061
484948466,I2_2,20000,4799
396300193,I2_2,20000,4776
270395528,I2_2,20000,4770
913544631,I2_1,10000,3392
187214505,I2_2,20000,7308
486030981,I2_1,10000,6165
441622399,I2_2,20000,7911
156542449,I2_1,10000,5047
128903331,I2_1,10000,11321
863503706,I2_2,20000,18474
969287428,I2_2,20000,16176
962427828,I2_1,10000,6669
997623408,I2_2,20000,16175
993916296,I2_1,10000,4029
763617872,I2_2,20000,10126
164080246,I2_2,20000,5726
671661378,I2_1,10000,2731
970369691,I2_1,10000,2899
572605305,I2_1,10000,3514
400375819,I2_2,20000,5886
983521600,I2_2,20000,5088
523834660,I2_2,20000,5904
446790458,I2_1,10000,3238
481468359,I2_1,10000,3683
648019694,I2_2,20000,6545
933566484,I2_2,20000,5667
299564443,I2_2,20000,5234
785317911,I2_1,10000,4580
146419355,I2_2,20000,6819
481131673,I2_2,20000,4767
633040421,I2_1,10000,4167
352518356,I2_2,20000,5476
701769282,I2_1,10000,2972
906056665,I2_1,10000,2803
645098626,I2_2,20000,5782
350191864,I2_2,20000,4756
350402758,I2_1,10000,5189
556937531,I2_2,20000,4822
255826537,I2_1,10000,5339
642430236,I2_2,20000,11500
522447788,I2_1,10000,5713
928011115,I2_1,10000,5668
460666350,I2_1,10000,7448
601106974,I2_1,10000,7815
740770830,I2_1,10000,5108
908295708,I2_2,20000,11395
229284312,I2_2,20000,12648
496359064,I2_1,10000,4675
876899853,I2_1,10000,5211
27195501,I2_1,10000,6290
351508591,I2_2,20000,17428
842559146,I2_2,20000,19009
666835268,I2_2,20000,11681
934369726,I2_1,10000,6060
347240881,I2_1,10000,3370
683422724,I2_2,20000,10816
627098311,I2_2,20000,6832
744478089,I2_1,10000,3571
883242916,I2_1,10000,5247
828530544,I2_2,20000,5454
718083220,I2_1,10000,3494
361662104,I2_1,10000,3777
867585573,I2_2,20000,4951
592796991,I2_1,10000,4208
770936894,I2_1,10000,3109
621246425,I2_1,10000,3078
387369334,I2_2,20000,5383
949829815,I2_1,10000,4747
51536271,I2_2,20000,5162
39149005,I2_2,20000,6207
542097944,I2_1,10000,4674
484315381,I2_2,20000,6226
99422564,I2_2,20000,5572
718323702,I2_1,10000,5521
323688495,I2_2,20000,5503
597289229,I2_2,20000,4758
658815139,I2_2,20000,7433
517759621,I2_2,20000,7477
924118875,I2_1,10000,5847
102898553,I2_2,20000,10018
794723124,I2_2,20000,7225
954318506,I2_1,10000,5616
829692142,I2_2,20000,5287
985202514,I2_2,20000,5277
775034433,I2_1,10000,4050
402709381,I2_1,10000,5309
910942340,I2_1,10000,4757
605451937,I2_2,20000,6683
884743799,I2_1,10000,6081
211217711,I2_2,20000,4904
436351055,I2_1,10000,3324
347322497,I2_1,10000,2692
832878608,I2_1,10000,2735
779367320,I2_1,10000,3838
482796705,I2_2,20000,5702
3428411,I2_1,10000,3093
191691775,I2_1,10000,4002
775669299,I2_1,10000,4207
607964709,I2_1,10000,3336
225981287,I2_2,20000,4821
762970832,I2_1,10000,3509
603214034,I2_1,10000,3078
681865084,I2_1,10000,2844
644993453,I2_2,20000,6179
305184880,I2_1,10000,5273
90100494,I2_2,20000,6901
578215579,I2_2,20000,6937
216602117,I2_1,10000,6329
208600615,I2_2,20000,10784
486579269,I2_2,20000,13639
436164753,I2_1,10000,4626
781911699,I2_2,20000,13488
552211803,I2_1,10000,6266
86965704,I2_2,20000,12395
326905843,I2_2,20000,12979
841947175,I2_2,20000,13471
806883194,I2_1,10000,4426
250444152,I2_2,20000,6560
800743494,I2_1,10000,2830
40429429,I2_2,20000,5757
231915597,I2_1,10000,4014
971385053,I2_1,10000,4094
268148721,I2_2,20000,5794
607657354,I2_2,20000,4752
442182029,I2_1,10000,3029
348299371,I2_2,20000,5411
185231623,I2_2,20000,4805
600027330,I2_2,20000,6846
485965480,I2_1,10000,3003
495238055,I2_1,10000,3872
238713854,I2_2,20000,6598
639327584,I2_2,20000,7137
158229632,I2_1,10000,5221
861488551,I2_1,10000,3649
265676506,I2_2,20000,8849
114659268,I2_1,10000,5172
506553351,I2_2,20000,11311
137439867,I2_2,20000,4732
889039864,I2_1,10000,4093
523689531,I2_1,10000,5789
386718142,I2_2,20000,5360
875457060,I2_2,20000,5604
411141402,I2_2,20000,4735
469683359,I2_1,10000,2935
961589811,I2_1,10000,3103
951723625,I2_1,10000,3015
927228787,I2_1,10000,2606
314883091,I2_1,10000,2749
203670051,I2_1,10000,2778
426506923,I2_1,10000,2566
891361352,I2_1,10000,2683
755145340,I2_1,10000,2672
781382663,I2_2,20000,4712
215541052,I2_2,20000,7373
975430659,I2_1,10000,4510
387493705,I2_2,20000,7915
751476559,I2_1,10000,3795
833166098,I2_2,20000,9794
366347851,I2_1,10000,3782
952767245,I2_1,10000,3523
368461816,I2_2,20000,4567
882726400,I2_1,10000,3347
237600225,I2_2,20000,4676
494740073,I2_1,10000,2994
289375870,I2_1,10000,2634
583210788,I2_2,20000,5845
671181913,I2_2,20000,6814
319740742,I2_1,10000,5714
632054665,I2_1,10000,6274
99689352,I2_1,10000,4082
239764486,I2_2,20000,10831
114350704,I2_1,10000,5732
169030732,I2_2,20000,7229
405752965,I2_2,20000,9968
396509994,I2_2,20000,10919
566675480,I2_1,10000,6345
218264932,I2_2,20000,12446
946214583,I2_2,20000,8604
926905073,I2_2,20000,9199
120129823,I2_2,20000,7183
627046299,I2_1,10000,4600
50877860,I2_2,20000,6005
67262387,I2_1,10000,4779
589935669,I2_2,20000,8795
218249459,I2_1,10000,3919
914274883,I2_1,10000,3157
831737143,I2_1,10000,2716
173442670,I2_1,10000,2599
778707334,I2_2,20000,5752
722449642,I2_2,20000,6848
166609751,I2_1,10000,4987
814566222,I2_1,10000,4874
886681816,I2_2,20000,11019
606985965,I2_2,20000,4760
266438513,I2_1,10000,3992
490006704,I2_2,20000,5142
995578328,I2_1,10000,4485
911492903,I2_1,10000,3921
698566589,I2_2,20000,7736
35555335,I2_1,10000,4367
554133138,I2_1,10000,3912
599803745,I2_1,10000,2681
922753418,I2_1,10000,3157
365184628,I2_1,10000,3840
661386828,I2_1,10000,5045
256910134,I2_1,10000,3290
646999295,I2_2,20000,5364
441608684,I2_2,20000,5100
74070409,I2_2,20000,7215
214211913,I2_1,10000,5571
338210302,I2_2,20000,8038
383278196,I2_2,20000,10265
768010778,I2_1,10000,4403
677994711,I2_2,20000,5320
652831410,I2_2,20000,8009
107590393,I2_1,10000,5340
695520727,I2_1,10000,4615
685209759,I2_1,10000,5782
536403577,I2_1,10000,6681
453299861,I2_1,10000,5038
522012286,I2_2,20000,11301
300372542,I2_1,10000,2669
760811340,I2_2,20000,4824
844171874,I2_1,10000,2535
33286352,I2_1,10000,2593
429121297,I2_2,20000,4667
449264938,I2_2,20000,5573
364792691,I2_2,20000,6492
640870962,I2_1,10000,3460
695575796,I2_1,10000,2704
860215802,I2_1,10000,2996
345558905,I2_2,20000,4859
240256593,I2_1,10000,3002
243168201,I2_1,10000,4647
782128379,I2_2,20000,8040
623754919,I2_2,20000,9008
805159466,I2_2,20000,11231
11148212,I2_1,10000,5991
855157571,I2_1,10000,7707
129965513,I2_2,20000,12026
345958231,I2_2,20000,6112
342685754,I2_1,10000,4478
363933486,I2_2,20000,8815
673495243,I2_1,10000,3728
497786113,I2_2,20000,8741
801825322,I2_2,20000,5676
572329613,I2_1,10000,3003
672292451,I2_1,10000,4470
69968708,I2_2,20000,6756
343376052,I2_1,10000,4589
907121774,I2_2,20000,6965
239239269,I2_1,10000,4823
127287846,I2_2,20000,4966
538889269,I2_2,20000,6343
547718631,I2_1,10000,3510
46851550,I2_2,20000,9025
405634405,I2_2,20000,8017
277071863,I2_2,20000,9190
171426043,I2_2,20000,8947
79504631,I2_1,10000,4892
433587220,I2_1,10000,4588
1807751,I2_2,20000,13173
237016656,I2_2,20000,8886
174167213,I2_2,20000,8701
512290625,I2_1,10000,2432
580787034,I2_2,20000,4631
56803695,I2_2,20000,5449
121211740,I2_1,10000,3346
255274831,I2_1,10000,3292
539650211,I2_1,10000,2513
654507255,I2_1,10000,2954
353062212,I2_2,20000,4631
91155518,I2_1,10000,2537
251487081,I2_1,10000,2563
750897485,I2_2,20000,4922
514671701,I2_1,10000,4317
350029588,I2_2,20000,5681
310749981,I2_1,10000,6236
1063008,I2_1,10000,6746
820098999,I2_1,10000,6281
536959483,I2_1,10000,5102
712699996,I2_2,20000,11064
555460611,I2_1,10000,2737
586906026,I2_1,10000,3752
754419197,I2_1,10000,3140
875852958,I2_2,20000,5389
940082743,I2_2,20000,6121
803960716,I2_1,10000,2726
776036927,I2_1,10000,5106
561077452,I2_2,20000,6016
737334865,I2_2,20000,5964
139565943,I2_1,10000,5431
32507920,I2_2,20000,9216
908128920,I2_1,10000,3472
222728166,I2_1,10000,3567
150556483,I2_1,10000,4802
486620229,I2_1,10000,4803
266906456,I2_1,10000,4002
478552564,I2_1,10000,3268
523802803,I2_1,10000,2761
621927397,I2_2,20000,5353
377527357,I2_1,10000,3015
731334396,I2_2,20000,5551
929936490,I2_2,20000,4720
362182386,I2_1,10000,5254
68733556,I2_1,10000,4127
134998342,I2_2,20000,5185
727984147,I2_1,10000,5726
276224776,I2_1,10000,5142
394260995,I2_2,20000,8779
886061191,I2_1,10000,3056
104072258,I2_2,20000,5133
263451761,I2_2,20000,7537
380933434,I2_1,10000,4804
144000004,I2_2,20000,9600
541307667,I2_1,10000,6411
370222429,I2_1,10000,4490
461993411,I2_2,20000,8886
256524799,I2_2,20000,11069
580241903,I2_2,20000,12150
51251197,I2_2,20000,12619
840459015,I2_2,20000,11936
84912861,I2_1,10000,4393
944305468,I2_1,10000,4931
892116380,I2_2,20000,12713
807996325,I2_2,20000,10426
644557311,I2_1,10000,5448
189318922,I2_2,20000,10283
801706038,I2_2,20000,12401
376129420,I2_2,20000,12797
380517592,I2_2,20000,11781
499322106,I2_2,20000,8024
534385719,I2_1,10000,5274
210761770,I2_2,20000,7354
141621726,I2_2,20000,11605
398427094,I2_2,20000,10578
362208001,I2_1,10000,4712
967890196,I2_1,10000,4082
966301179,I2_2,20000,14278
710816612,I2_2,20000,13308
346573618,I2_2,20000,13629
298836297,I2_2,20000,4563
202564666,I2_2,20000,7023
515541984,I2_1,10000,5096
148008594,I2_2,20000,6183
918238148,I2_1,10000,6669
417923696,I2_1,10000,5953
871360546,I2_1,10000,7059
834894036,I2_1,10000,3272
547671063,I2_2,20000,11347
37276658,I2_2,20000,10106
868513002,I2_1,10000,3268
274783754,I2_1,10000,2545
997791259,I2_2,20000,5708
843348031,I2_2,20000,4566
253504102,I2_2,20000,6765
697349001,I2_2,20000,6704
344178953,I2_2,20000,4829
118353160,I2_1,10000,3853
563176363,I2_1,10000,4164
583959100,I2_1,10000,4509
955532115,I2_2,20000,7763
268862177,I2_2,20000,8797
85425466,I2_1,10000,6451
508511534,I2_1,10000,6352
898417582,I2_2,20000,6988
568163211,I2_1,10000,4392
16246387,I2_2,20000,7350
186452296,I2_2,20000,5255
202411840,I2_2,20000,6702
436710698,I2_2,20000,4628
881825562,I2_2,20000,4625
735233056,I2_1,10000,2478
467243550,I2_2,20000,4581
319010471,I2_1,10000,4039
557778370,I2_1,10000,3171
481965342,I2_1,10000,2433
373755197,I2_1,10000,2462
132500481,I2_2,20000,4520
777428753,I2_1,10000,2814
519585032,I2_2,20000,6215
632358514,I2_2,20000,5429
663111168,I2_2,20000,5620
945060497,I2_1,10000,4090
806612440,I2_1,10000,3978
191503375,I2_1,10000,3827
798459351,I2_2,20000,8448
384114730,I2_2,20000,7649
783174068,I2_1,10000,4375
3209668,I2_2,20000,5769
67415016,I2_1,10000,2678
798905394,I2_1,10000,3977
945616941,I2_1,10000,2572
298450103,I2_1,10000,3141
548424769,I2_2,20000,5681
448271438,I2_2,20000,6570
273588884,I2_1,10000,5519
4537449,I2_2,20000,8146
238873831,I2_1,10000,4797
144811487,I2_2,20000,9788
156657079,I2_2,20000,10309
802205307,I2_1,10000,6004
942565088,I2_1,10000,6549
100476271,I2_2,20000,13055
194493190,I2_1,10000,4441
680087973,I2_2,20000,15713
713525198,I2_2,20000,10936
250052536,I2_2,20000,8593
981514497,I2_1,10000,3385
238167787,I2_1,10000,2593
924019549,I2_1,10000,2997
755652413,I2_2,20000,4843
74975878,I2_1,10000,3481
603877304,I2_2,20000,6354
952218232,I2_1,10000,3878
676935531,I2_1,10000,5004
759153772,I2_1,10000,2938
856041999,I2_2,20000,5485
687456078,I2_1,10000,4584
149914119,I2_1,10000,3862
214916308,I2_2,20000,7280
112784070,I2_1,10000,5479
209180580,I2_1,10000,6023
72191309,I2_1,10000,7226
60813813,I2_1,10000,3329
449537897,I2_1,10000,4541
438168659,I2_1,10000,6094
128700819,I2_1,10000,6175
532933113,I2_2,20000,14262
817847723,I2_1,10000,5945
372286229,I2_1,10000,4466
912726571,I2_2,20000,16782
904401853,I2_2,20000,18909
274216024,I2_1,10000,5356
932264272,I2_1,10000,5828
30994258,I2_1,10000,5187
870706240,I2_2,20000,11817
480151112,I2_2,20000,6489
463653076,I2_2,20000,8131
90261902,I2_2,20000,6528
748810763,I2_1,10000,5062
185840751,I2_1,10000,4363
833780455,I2_2,20000,4826
63982993,I2_2,20000,4883
166083333,I2_1,10000,2522
813754102,I2_2,20000,4719
103535695,I2_1,10000,3848
763720638,I2_1,10000,4860
836952017,I2_1,10000,4751
732615433,I2_1,10000,2522
87630472,I2_2,20000,4585
393401520,I2_1,10000,2915
607314940,I2_2,20000,7227
25571966,I2_1,10000,5476
877320643,I2_1,10000,4402
334488042,I2_2,20000,8429
784282302,I2_2,20000,7669
962523181,I2_2,20000,4540
798421534,I2_1,10000,2729
40196703,I2_1,10000,2542
923661099,I2_1,10000,3615
443984903,I2_1,10000,2773
755660387,I2_1,10000,3041
114722813,I2_2,20000,6454
203551821,I2_1,10000,4054
114416039,I2_1,10000,3389
777769075,I2_2,20000,7139
150618017,I2_1,10000,4395
127662968,I2_2,20000,9762
140885656,I2_2,20000,11374
457317786,I2_1,10000,5490
321573719,I2_1,10000,5860
899505387,I2_1,10000,5233
50303859,I2_2,20000,8708
800242615,I2_2,20000,8665
282056756,I2_1,10000,4870
861848728,I2_2,20000,5264
724962313,I2_1,10000,4866
611504550,I2_1,10000,3570
575389409,I2_1,10000,2898
42210885,I2_2,20000,5120
262544241,I2_2,20000,5526
181532936,I2_2,20000,4545
681265199,I2_2,20000,5465
332627401,I2_1,10000,4979
148824147,I2_1,10000,4827
244976578,I2_2,20000,4509
320618187,I2_2,20000,4594
953706576,I2_1,10000,4039
142412462,I2_2,20000,5429
206257022,I2_1,10000,2581
859141890,I2_1,10000,3078
31051071,I2_2,20000,5127
358157890,I2_2,20000,7229
276527146,I2_2,20000,7484
526120302,I2_2,20000,7996
826250815,I2_2,20000,7376
943925897,I2_1,10000,5860
984337076,I2_1,10000,3779
316716909,I2_2,20000,8870
898919452,I2_2,20000,4767
306755149,I2_2,20000,5109
181985728,I2_1,10000,3511
928976051,I2_2,20000,6209
713686310,I2_2,20000,4622
121947490,I2_2,20000,5557
328774036,I2_1,10000,2573
668216243,I2_1,10000,2626
813433025,I2_1,10000,2682
580357373,I2_1,10000,2514
13495267,I2_2,20000,5478
423097334,I2_1,10000,3940
933538664,I2_2,20000,6179
666689475,I2_1,10000,5529
480129152,I2_1,10000,6792
770000104,I2_1,10000,5441
118627393,I2_2,20000,10786
875700895,I2_2,20000,12016
163692423,I2_2,20000,11778
968310243,I2_1,10000,2754
104637927,I2_1,10000,3855
621961413,I2_1,10000,3883
25374016,I2_2,20000,8344
786647317,I2_1,10000,4390
456084717,I2_1,10000,4883
633341667,I2_2,20000,10434
552635026,I2_1,10000,5434
419973016,I2_2,20000,13154
598794251,I2_2,20000,13541
915106670,I2_1,10000,5346
919814530,I2_2,20000,12558
60355886,I2_2,20000,12234
372008152,I2_2,20000,5224
162028994,I2_1,10000,4960
87809685,I2_1,10000,5444
604649515,I2_2,20000,8585
499631818,I2_2,20000,9068
909218681,I2_2,20000,10760
515633439,I2_2,20000,9588
592012301,I2_1,10000,3279
190495465,I2_1,10000,4386
280492590,I2_1,10000,2920
472038127,I2_1,10000,4152
371358405,I2_1,10000,2882
464998257,I2_1,10000,3974
967550530,I2_1,10000,4325
531234044,I2_1,10000,3657
990612848,I2_2,20000,6764
153515602,I2_2,20000,8915
856679891,I2_2,20000,9019
768457055,I2_2,20000,7350
296883566,I2_1,10000,3799
849294758,I2_2,20000,5515
777370213,I2_2,20000,5482
734563222,I2_2,20000,5391
362238789,I2_2,20000,4959
549337849,I2_1,10000,5482
314435090,I2_1,10000,3814
14244718,I2_2,20000,5382
745806375,I2_2,20000,4884
473935133,I2_2,20000,5568
582497254,I2_2,20000,4464
748506613,I2_1,10000,3480
620686062,I2_2,20000,5135
175612974,I2_2,20000,5999
810303333,I2_1,10000,3553
47826991,I2_1,10000,2914
223479026,I2_2,20000,5141
559067298,I2_1,10000,4507
317608866,I2_1,10000,4439
303311273,I2_1,10000,3906
223561695,I2_1,10000,4481
285260395,I2_1,10000,5010
145188949,I2_1,10000,5513
356523706,I2_2,20000,9882
891728836,I2_2,20000,9033
626417952,I2_1,10000,5296
778653986,I2_2,20000,11211
658350550,I2_2,20000,10262
457538427,I2_2,20000,8015
129395235,I2_2,20000,5460
501936154,I2_1,10000,3447
267161209,I2_2,20000,5178
408311030,I2_2,20000,6125
504453197,I2_2,20000,5857
831724844,I2_2,20000,7567
633605876,I2_2,20000,10109
235270458,I2_1,10000,5911
842600936,I2_1,10000,3801
54631386,I2_2,20000,13505
417694032,I2_2,20000,13881
327636713,I2_1,10000,2705
471638222,I2_2,20000,4545
746652677,I2_1,10000,5093
299126421,I2_1,10000,3860
485311688,I2_1,10000,2543
692442413,I2_2,20000,4722
811968331,I2_1,10000,3594
429144051,I2_1,10000,2611
444389605,I2_1,10000,4253
421304240,I2_2,20000,4629
791746362,I2_2,20000,4605
3945315,I2_1,10000,5148
661832641,I2_1,10000,5586
243363338,I2_2,20000,5293
976673746,I2_2,20000,4924
756729376,I2_1,10000,5465
720633084,I2_2,20000,5488
531555978,I2_2,20000,5558
137642633,I2_1,10000,4981
86351457,I2_1,10000,3758
874499991,I2_2,20000,6642
237245192,I2_1,10000,3509
488434646,I2_1,10000,2995
862704482,I2_1,10000,4575
871293526,I2_1,10000,5237
465875769,I2_1,10000,5631
199115870,I2_2,20000,8483
834746090,I2_2,20000,7139
130591805,I2_1,10000,6650
614350783,I2_1,10000,3980
415387869,I2_2,20000,10447
771378749,I2_2,20000,9924
897600239,I2_1,10000,6005
620267162,I2_1,10000,5410
733637380,I2_2,20000,12487
379697928,I2_1,10000,5895
714155632,I2_1,10000,6518
363514315,I2_1,10000,7228
562095305,I2_1,10000,7285
833527338,I2_2,20000,17253
304860988,I2_1,10000,5483
800506036,I2_2,20000,5265
336889432,I2_1,10000,3355
109824121,I2_1,10000,3052
257809655,I2_2,20000,6307
409532264,I2_1,10000,5495
287048595,I2_1,10000,6079
539720043,I2_2,20000,9449
528073192,I2_1,10000,5974
339368054,I2_1,10000,5450
862975437,I2_2,20000,9074
5007209,I2_1,10000,5300
832746837,I2_2,20000,11255
469351592,I2_1,10000,4249
160849430,I2_2,20000,11184
260386225,I2_1,10000,3813
40849198,I2_2,20000,6640
105822896,I2_1,10000,3123
139193296,I2_1,10000,3615
525918858,I2_2,20000,4957
685865624,I2_1,10000,4406
584760602,I2_2,20000,5426
306900758,I2_1,10000,3880
740831838,I2_1,10000,3033
304869064,I2_1,10000,2596
191166635,I2_2,20000,4852
41616365,I2_2,20000,7131
974489529,I2_1,10000,4179
302226696,I2_1,10000,5338
453992217,I2_1,10000,4556
242932303,I2_2,20000,7287
526240550,I2_2,20000,4536
55094996,I2_2,20000,5436
734751006,I2_1,10000,3739
651734094,I2_2,20000,7393
897895550,I2_1,10000,2493
594525127,I2_1,10000,2529
300109887,I2_1,10000,2603
911979957,I2_1,10000,3668
525456530,I2_1,10000,2545
340037823,I2_1,10000,2785
478541422,I2_1,10000,2413
305674054,I2_2,20000,5079
938988577,I2_1,10000,5616
346724659,I2_1,10000,3987
449108308,I2_2,20000,6637
644758025,I2_1,10000,4890
152193300,I2_2,20000,9841
207299678,I2_2,20000,10865
911639647,I2_2,20000,4546
622519180,I2_1,10000,2650
527120125,I2_2,20000,5576
804827467,I2_2,20000,5023
359322325,I2_2,20000,5931
274776066,I2_1,10000,5334
272060229,I2_2,20000,7462
781962721,I2_2,20000,4711
38366152,I2_1,10000,5161
932731943,I2_1,10000,2889
114443319,I2_2,20000,4473
480508401,I2_2,20000,5415
650849480,I2_2,20000,5417
864327012,I2_1,10000,3191
598561389,I2_2,20000,4453
68065006,I2_1,10000,2972
552770188,I2_1,10000,2526
853836535,I2_1,10000,2540
215601237,I2_1,10000,2836
898806253,I2_2,20000,4557
55286601,I2_1,10000,2537
646604767,I2_2,20000,4642
831802735,I2_1,10000,3833
86449082,I2_2,20000,6082
342669430,I2_2,20000,6669
269590825,I2_1,10000,6038
336148120,I2_1,10000,6611
174378433,I2_1,10000,6084
808143435,I2_1,10000,6694
155252424,I2_2,20000,12763
138523325,I2_1,10000,4527
687441450,I2_1,10000,5556
557341759,I2_1,10000,5467
432352822,I2_2,20000,8451
475940435,I2_1,10000,2681
926268918,I2_2,20000,4547
239792931,I2_1,10000,2899
719239483,I2_1,10000,2643
569897927,I2_1,10000,3994
432966116,I2_1,10000,2831
884232307,I2_1,10000,3992
748359996,I2_1,10000,5236
35828221,I2_1,10000,4665
118540554,I2_1,10000,3666
498177767,I2_1,10000,3191
418032123,I2_1,10000,2607
52277592,I2_1,10000,4292
2515797,I2_2,20000,4541
114306676,I2_1,10000,3121
418254933,I2_1,10000,4775
272614424,I2_2,20000,4850
834228388,I2_1,10000,3904
161994128,I2_1,10000,3587
461221052,I2_2,20000,6834
273343086,I2_2,20000,6882
127692202,I2_1,10000,5057
920962630,I2_1,10000,4982
839596403,I2_2,20000,9477
965647815,I2_1,10000,4477
399219215,I2_2,20000,11051
876139088,I2_1,10000,4506
672038810,I2_1,10000,3380
32703151,I2_2,20000,9449
357263012,I2_2,20000,9288
982509445,I2_1,10000,5533
364491286,I2_2,20000,12072
58593971,I2_1,10000,7143
249277307,I2_1,10000,6586
101135628,I2_1,10000,6024
510896507,I2_1,10000,6580
550650212,I2_2,20000,17903
539273727,I2_1,10000,8109
389102866,I2_2,20000,17788
745839861,I2_1,10000,5301
770151878,I2_2,20000,9593
941469031,I2_1,10000,3442
684189836,I2_1,10000,3608
446717650,I2_1,10000,5282
664798942,I2_1,10000,3745
404948138,I2_2,20000,5271
937275771,I2_1,10000,4572
657439736,I2_1,10000,2879
575446858,I2_2,20000,5617
113187057,I2_1,10000,3984
518043100,I2_1,10000,5092
343148539,I2_1,10000,2967
727134638,I2_1,10000,4005
619794568,I2_2,20000,5746
343207991,I2_2,20000,5717
989910655,I2_1,10000,3770
105327712,I2_1,10000,4338
535097481,I2_2,20000,8025
660136152,I2_2,20000,10124
888284809,I2_1,10000,5818
374419574,I2_2,20000,12752
547496121,I2_2,20000,9533
846821092,I2_2,20000,6438
678811082,I2_1,10000,4259
383741205,I2_2,20000,6027
581382352,I2_2,20000,5920
649697881,I2_2,20000,4652
469865018,I2_2,20000,6735
15627384,I2_1,10000,3087
152911246,I2_1,10000,3810
901976506,I2_2,20000,7061
535201326,I2_2,20000,6002
641842450,I2_2,20000,6118
838785589,I2_1,10000,3251
34557334,I2_1,10000,3430
727135587,I2_1,10000,5057
141542289,I2_2,20000,6672
356034335,I2_2,20000,7015
514218744,I2_1,10000,2655
341518155,I2_2,20000,5277
241322478,I2_2,20000,4700
165299400,I2_1,10000,4144
990091888,I2_1,10000,2917
984356022,I2_2,20000,4513
562684074,I2_1,10000,3086
525929814,I2_1,10000,2811
120995243,I2_1,10000,3127
473086368,I2_2,20000,8059
727903714,I2_1,10000,4450
147167495,I2_2,20000,8561
452227080,I2_1,10000,6062
232313587,I2_1,10000,5469
190308509,I2_2,20000,12857
921281977,I2_1,10000,5953
475225774,I2_1,10000,5382
264990742,I2_2,20000,15366
783556086,I2_2,20000,17643
325732739,I2_1,10000,7546
776534166,I2_2,20000,15642
659038983,I2_1,10000,3827
185010121,I2_1,10000,4885
352626583,I2_2,20000,11871
638975403,I2_2,20000,11329
783794576,I2_1,10000,4824
15448689,I2_1,10000,5281
649803998,I2_2,20000,4910
961205120,I2_2,20000,4580
24129604,I2_2,20000,4569
99858721,I2_1,10000,2798
632132671,I2_1,10000,3810
307111372,I2_1,10000,2616
942832807,I2_1,10000,3058
909174093,I2_2,20000,4818
350368888,I2_1,10000,3483
361413697,I2_2,20000,5121
45102475,I2_2,20000,7190
461748573,I2_1,10000,3846
268655640,I2_2,20000,5906
629117569,I2_2,20000,8249
69896465,I2_2,20000,4604
626158982,I2_1,10000,3554
425909195,I2_1,10000,3013
114951371,I2_2,20000,4649
788463494,I2_1,10000,3205
456833450,I2_1,10000,2780
886860039,I2_1,10000,3220
468160376,I2_2,20000,5191
874857201,I2_1,10000,5689
32097635,I2_1,10000,3494
278184904,I2_2,20000,9485
128839486,I2_1,10000,3566
726422011,I2_1,10000,2940
474044069,I2_2,20000,4790
147789424,I2_1,10000,4141
787969970,I2_1,10000,4622
493128646,I2_2,20000,5370
39006141,I2_2,20000,7458
265126699,I2_2,20000,5173
662042152,I2_1,10000,2903
898147202,I2_2,20000,4695
642640969,I2_1,10000,4053
919369812,I2_2,20000,7504
57542635,I2_2,20000,4693
443260027,I2_1,10000,2858
799705926,I2_2,20000,6117
843197205,I2_2,20000,8777
827886675,I2_1,10000,3520
721819201,I2_2,20000,5603
13159804,I2_1,10000,3329
130578647,I2_1,10000,4348
854362416,I2_1,10000,4598
959534426,I2_2,20000,7716
816826935,I2_1,10000,5319
41134027,I2_2,20000,9862
954129221,I2_2,20000,10753
256856075,I2_2,20000,11219
278173623,I2_2,20000,13400
680480043,I2_1,10000,5306
433951186,I2_2,20000,15114
8252624,I2_2,20000,17251
586190492,I2_1,10000,5960
124585662,I2_1,10000,7001
385265660,I2_1,10000,7593
244664698,I2_2,20000,17231
52146823,I2_2,20000,16657
886381442,I2_2,20000,18731
832555184,I2_1,10000,7327
744196979,I2_2,20000,18571
687942328,I2_2,20000,18045
806833164,I2_2,20000,15779
811621520,I2_2,20000,16412
969508070,I2_2,20000,6429
378485028,I2_2,20000,4997
286047897,I2_1,10000,2577
114152281,I2_2,20000,4593
220932929,I2_2,20000,6632
470281471,I2_2,20000,5321
893104947,I2_1,10000,2833
461193277,I2_2,20000,4603
149714289,I2_2,20000,6048
837385041,I2_1,10000,4295
470309542,I2_2,20000,8480
730671566,I2_2,20000,8264
677190609,I2_2,20000,5021
834904306,I2_1,10000,2559
513991907,I2_1,10000,3448
20243166,I2_1,10000,2796
538183989,I2_2,20000,5061
88452195,I2_2,20000,5534
561105559,I2_1,10000,4937
396835374,I2_2,20000,9295
7266160,I2_2,20000,6963
132996316,I2_2,20000,9122
236903468,I2_2,20000,8452
109287325,I2_1,10000,5857
517400494,I2_1,10000,6305
245566424,I2_2,20000,10019
192057922,I2_2,20000,11008
869758517,I2_1,10000,6871
814670828,I2_2,20000,13135
301390957,I2_2,20000,15281
839480220,I2_1,10000,4769
449856451,I2_2,20000,16801
905528683,I2_1,10000,4231
878080381,I2_1,10000,5255
650200581,I2_2,20000,13679
268109608,I2_2,20000,14684
163421263,I2_2,20000,15696
297986641,I2_1,10000,7831
267659441,I2_2,20000,9896
770176340,I2_2,20000,9408
619627644,I2_1,10000,6303
243533112,I2_1,10000,6828
127344716,I2_2,20000,11115
28370993,I2_2,20000,4423
199369308,I2_1,10000,2897
808674457,I2_1,10000,2420
231832992,I2_1,10000,2469
785256956,I2_2,20000,4974
182133517,I2_2,20000,4882
201853583,I2_1,10000,3229
247578105,I2_1,10000,2412
923059277,I2_1,10000,2411
320856668,I2_2,20000,4821
764701928,I2_1,10000,3287
431202938,I2_1,10000,3256
403060037,I2_1,10000,3402
684161486,I2_1,10000,2411
140459677,I2_2,20000,4967
789521607,I2_1,10000,4406
249674933,I2_1,10000,3396
771345611,I2_2,20000,7586
577412114,I2_1,10000,4920
828859336,I2_2,20000,8098
570882150,I2_1,10000,4242
214565336,I2_1,10000,4894
653676536,I2_2,20000,11113
469918647,I2_1,10000,3140
708132398,I2_2,20000,4451
68869543,I2_1,10000,2519
6289236,I2_1,10000,2516
208323819,I2_1,10000,2887
117015909,I2_1,10000,3548
900300053,I2_2,20000,5009
752886315,I2_2,20000,4958
455241052,I2_2,20000,5179
841569873,I2_1,10000,4273
893011824,I2_1,10000,5377
811938734,I2_1,10000,5898
137109617,I2_1,10000,4309
374658785,I2_2,20000,11143
473576855,I2_1,10000,4899
219922919,I2_2,20000,9473
496091661,I2_2,20000,4509
676104123,I2_1,10000,2974
788561983,I2_2,20000,4636
440333079,I2_2,20000,5825
679522477,I2_2,20000,4818
425701614,I2_1,10000,5027
834516128,I2_1,10000,5012
948211908,I2_1,10000,4469
860746890,I2_2,20000,6793
941978466,I2_2,20000,5104
179756879,I2_1,10000,4522
383725993,I2_1,10000,3908
339066614,I2_1,10000,5591
301204551,I2_2,20000,11035
953494547,I2_1,10000,5460
868644830,I2_1,10000,4875
172195361,I2_2,20000,13670
779239169,I2_1,10000,4442
833507892,I2_2,20000,5495
632976851,I2_2,20000,4707
199689508,I2_1,10000,3082
649751761,I2_1,10000,4971
485931126,I2_2,20000,7755
407557301,I2_2,20000,10022
191404124,I2_1,10000,6579
954506862,I2_1,10000,3989
61795532,I2_1,10000,4505
32871571,I2_2,20000,14846
62602512,I2_1,10000,6665
52011817,I2_1,10000,7219
888872981,I2_2,20000,18647
899794447,I2_2,20000,17953
843108338,I2_1,10000,7583
226491423,I2_2,20000,19989
347319928,I2_2,20000,19982
445724949,I2_1,10000,9422
110448718,I2_2,20000,22174
717377520,I2_2,20000,21867
217123392,I2_1,10000,11028
739461186,I2_1,10000,5219
349967267,I2_2,20000,14712
139934352,I2_2,20000,13072
281399307,I2_2,20000,14666
835280209,I2_1,10000,6317
590743714,I2_1,10000,7883
457155352,I2_1,10000,5368
42436002,I2_2,20000,17422
580118374,I2_2,20000,18008
550811491,I2_1,10000,8439
934102398,I2_1,10000,10032
389954499,I2_1,10000,5202
108367054,I2_2,20000,17807
986282387,I2_2,20000,19795
93656398,I2_2,20000,17771
362610369,I2_2,20000,16813
649538767,I2_2,20000,17987
585227463,I2_1,10000,4172
741100918,I2_2,20000,6819
167158845,I2_2,20000,7941
997345987,I2_1,10000,5210
615411933,I2_2,20000,8868
928284432,I2_2,20000,5238
204488115,I2_2,20000,7404
351018854,I2_1,10000,5766
272263032,I2_1,10000,3999
773815930,I2_2,20000,9499
47064040,I2_1,10000,4404
232447005,I2_2,20000,9556
348704114,I2_2,20000,7014
38828857,I2_1,10000,6446
287292962,I2_1,10000,3696
219376291,I2_2,20000,8925
137563889,I2_2,20000,6924
677651180,I2_1,10000,2798
881680083,I2_2,20000,9454
551284522,I2_2,20000,5412
291605666,I2_1,10000,4610
692030211,I2_1,10000,3499
582372442,I2_2,20000,5441
430790719,I2_2,20000,4653
765958142,I2_2,20000,4515
746177368,I2_1,10000,5057
198625277,I2_1,10000,5977
60198124,I2_1,10000,2497
275701331,I2_2,20000,4961
766591243,I2_1,10000,2669
516904822,I2_2,20000,4463
132088277,I2_2,20000,4678
282391573,I2_1,10000,4862
332345191,I2_2,20000,7128
92919728,I2_2,20000,5538
984341985,I2_2,20000,8061
44384996,I2_2,20000,6999
491421596,I2_1,10000,5257
191490966,I2_1,10000,6860
314238803,I2_1,10000,6360
225740276,I2_2,20000,6376
758809195,I2_1,10000,2474
344289822,I2_1,10000,2612
353391536,I2_2,20000,5480
337509434,I2_2,20000,5439
237162321,I2_2,20000,6629
103655662,I2_2,20000,5594
652154776,I2_2,20000,4615
767911501,I2_1,10000,2665
818722478,I2_2,20000,4756
49221034,I2_1,10000,4193
52309704,I2_1,10000,3525
680865576,I2_1,10000,2687
47681378,I2_1,10000,2700
620095802,I2_2,20000,5090
518042798,I2_2,20000,6683
812533104,I2_1,10000,3916
381301852,I2_2,20000,7582
785231281,I2_2,20000,5741
982063543,I2_2,20000,4693
262836540,I2_2,20000,6799
976372996,I2_2,20000,6494
204847005,I2_2,20000,6547
998515206,I2_2,20000,5385
271449262,I2_2,20000,4965
305498215,I2_1,10000,3448
115985373,I2_2,20000,5094
409067570,I2_2,20000,5099
209480082,I2_1,10000,5645
857264217,I2_1,10000,4481
867967665,I2_1,10000,6138
537592158,I2_1,10000,4405
630512607,I2_2,20000,11490
509699289,I2_1,10000,4358
230849840,I2_2,20000,10928
754577964,I2_2,20000,11977
460086165,I2_2,20000,10671
999713513,I2_2,20000,8398
236831936,I2_1,10000,4708
567285463,I2_2,20000,8190
53097799,I2_1,10000,4071
433039158,I2_1,10000,3873
322485110,I2_2,20000,4500
573932741,I2_1,10000,4020
641657685,I2_2,20000,6031
994428985,I2_1,10000,5424
650335343,I2_2,20000,7370
497372276,I2_1,10000,3838
568789267,I2_2,20000,12221
361119289,I2_1,10000,4456
551176855,I2_1,10000,4762
779244598,I2_2,20000,12211
736244537,I2_1,10000,5183
13378043,I2_2,20000,15389
481771670,I2_2,20000,16014
339111726,I2_1,10000,7401
277950678,I2_2,20000,16066
602044745,I2_2,20000,14634
73125110,I2_2,20000,13441
301573329,I2_1,10000,4521
145646425,I2_2,20000,13404
99223326,I2_1,10000,4477
159403574,I2_1,10000,4912
701286784,I2_1,10000,6093
444974249,I2_1,10000,6047
957827041,I2_1,10000,3391
535930402,I2_2,20000,4406
23885848,I2_2,20000,4571
525745160,I2_1,10000,3860
609913476,I2_1,10000,5057
303718607,I2_2,20000,8136
175151289,I2_1,10000,5380
209970996,I2_1,10000,5892
406333164,I2_1,10000,5161
882209614,I2_2,20000,10569
471158453,I2_2,20000,11655
450634630,I2_1,10000,4742
890074329,I2_2,20000,14209
660180796,I2_1,10000,7203
237846260,I2_2,20000,15208
661654445,I2_2,20000,11307
581586974,I2_2,20000,12861
257008955,I2_2,20000,11984
782588504,I2_2,20000,4721
138614456,I2_1,10000,2482
5400080,I2_1,10000,2523
873725987,I2_2,20000,4565
265438681,I2_2,20000,5427
453544322,I2_1,10000,2701
374210215,I2_2,20000,8208
926210905,I2_2,20000,5349
733171501,I2_2,20000,5464
309856964,I2_2,20000,6611
228808899,I2_1,10000,2923
341374407,I2_1,10000,3971
468704375,I2_1,10000,4344
787484649,I2_2,20000,8725
637103827,I2_2,20000,9508
492648383,I2_2,20000,11546
353998500,I2_2,20000,9952
16028263,I2_2,20000,11530
269551550,I2_2,20000,6438
344894324,I2_1,10000,3602
753163361,I2_2,20000,5184
543880504,I2_2,20000,7528
723646,I2_2,20000,9706
54160009,I2_1,10000,3300
333908972,I2_2,20000,5984
293785049,I2_2,20000,5403
224724255,I2_1,10000,3631
334300659,I2_2,20000,5572
286712537,I2_1,10000,3601
54091394,I2_2,20000,5552
559209772,I2_2,20000,5621
511046412,I2_2,20000,8122
694881486,I2_1,10000,4360
759914999,I2_2,20000,9583
214137763,I2_2,20000,7389
426023681,I2_2,20000,9291
742711285,I2_2,20000,7199
667300107,I2_2,20000,5140
709855693,I2_1,10000,2776
772028084,I2_2,20000,5040
603915664,I2_2,20000,5470
384060793,I2_1,10000,5990
570184120,I2_1,10000,5227
957960203,I2_2,20000,8552
315303851,I2_2,20000,8379
575423052,I2_1,10000,3389
205710423,I2_2,20000,5092
254765386,I2_1,10000,3429
853715361,I2_1,10000,3016
435546670,I2_2,20000,4521
527805068,I2_1,10000,5114
362395135,I2_1,10000,2621
709810335,I2_2,20000,6023
869937774,I2_1,10000,2855
722251354,I2_1,10000,4387
609386506,I2_2,20000,6059
690870218,I2_2,20000,4495
104850241,I2_1,10000,3420
382882141,I2_2,20000,5306
815562910,I2_2,20000,6384
42101646,I2_2,20000,4660
27410546,I2_1,10000,4122
438172540,I2_1,10000,4684
249615479,I2_2,20000,4530
356680261,I2_2,20000,4990
229011318,I2_1,10000,3839
97048298,I2_2,20000,7376
824914406,I2_2,20000,5056
28931923,I2_1,10000,4458
405057808,I2_2,20000,5958
146450589,I2_1,10000,4271
454923470,I2_2,20000,6525
683519525,I2_1,10000,3342
275597554,I2_1,10000,4595
147048969,I2_1,10000,2947
816255164,I2_2,20000,4571
615091245,I2_2,20000,6586
347812424,I2_1,10000,7352
23765189,I2_1,10000,4990
379335825,I2_2,20000,5304
894081251,I2_2,20000,4812
443314863,I2_2,20000,4640
156300239,I2_1,10000,2712
374406943,I2_2,20000,6994
562451394,I2_2,20000,7578
665186638,I2_1,10000,4647
894105911,I2_1,10000,4089
648399359,I2_2,20000,10613
211154242,I2_2,20000,11554
557137807,I2_2,20000,12644
900003032,I2_2,20000,12403
533386556,I2_2,20000,11557
52703868,I2_1,10000,2690
524268959,I2_2,20000,5630
167510803,I2_2,20000,7331
447431613,I2_1,10000,4545
979883022,I2_1,10000,6171
947660150,I2_1,10000,5551
67023990,I2_2,20000,10859
212713277,I2_2,20000,6895
73541375,I2_1,10000,3464
139330405,I2_2,20000,5137
268907154,I2_1,10000,4525
786796283,I2_1,10000,2984
313015230,I2_2,20000,4821
33924371,I2_1,10000,3016
717103483,I2_1,10000,3284
94931492,I2_2,20000,4872
577377013,I2_2,20000,5245
212722393,I2_1,10000,4508
780529335,I2_2,20000,6732
213384203,I2_1,10000,3290
1824450,I2_2,20000,4637
444846873,I2_2,20000,5441
149815244,I2_2,20000,4614
305352932,I2_1,10000,2515
994374821,I2_1,10000,3527
692189772,I2_1,10000,2659
215201578,I2_1,10000,2499
487607585,I2_1,10000,2624
457042322,I2_2,20000,5501
471343693,I2_1,10000,3880
610444449,I2_2,20000,4469
47815937,I2_1,10000,3951
654609925,I2_2,20000,5050
421745831,I2_2,20000,5394
957212892,I2_1,10000,2450
404763001,I2_2,20000,4536
109804819,I2_1,10000,2595
210339505,I2_2,20000,5260
109917117,I2_2,20000,4647
381123062,I2_1,10000,2724
723994,I2_2,20000,4713
331275205,I2_1,10000,3162
497112714,I2_1,10000,5343
948561920,I2_2,20000,8710
716035224,I2_1,10000,5069
48657456,I2_1,10000,4387
688263953,I2_2,20000,8517
76502584,I2_2,20000,8796
651725629,I2_2,20000,5444
377885225,I2_2,20000,6489
160789084,I2_2,20000,5766
947353977,I2_1,10000,4161
478818347,I2_2,20000,8054
910398017,I2_2,20000,7360
388564176,I2_1,10000,5771
284279814,I2_1,10000,3945
791092163,I2_2,20000,9093
337305613,I2_2,20000,11230
689365753,I2_1,10000,5457
850087714,I2_2,20000,14028
369079613,I2_2,20000,9126
910639482,I2_1,10000,4319
23258610,I2_2,20000,5519
951749350,I2_1,10000,4887
741834290,I2_2,20000,5595
961477982,I2_1,10000,5114
26254462,I2_1,10000,4418
809005585,I2_1,10000,2976
334928865,I2_2,20000,5179
612638652,I2_1,10000,5715
114454241,I2_2,20000,4798
178827831,I2_2,20000,4580
682300996,I2_2,20000,4582
227762416,I2_2,20000,4598
183217253,I2_2,20000,4929
422270634,I2_1,10000,2945
974939068,I2_1,10000,4084
554352152,I2_2,20000,4967
814505756,I2_2,20000,4520
224921590,I2_1,10000,3987
746048322,I2_1,10000,2949
700193131,I2_2,20000,4618
584132654,I2_1,10000,2494
848669913,I2_1,10000,2661
280134210,I2_2,20000,5604
557276587,I2_1,10000,3589
565532924,I2_1,10000,4235
136725874,I2_1,10000,5457
338813940,I2_1,10000,4399
565772539,I2_2,20000,12450
104237465,I2_2,20000,4722
360088492,I2_1,10000,4235
570077840,I2_1,10000,4551
447512080,I2_1,10000,5138
345323457,I2_2,20000,10443
326096037,I2_2,20000,8414
548516075,I2_1,10000,3446
322987214,I2_2,20000,5383
207671779,I2_1,10000,2534
246500207,I2_1,10000,3578
740034984,I2_1,10000,3011
197447913,I2_2,20000,5108
145396207,I2_2,20000,5462
753215008,I2_1,10000,3971
704241587,I2_1,10000,4191
978152998,I2_1,10000,5910
223864347,I2_2,20000,4648
174710408,I2_1,10000,2595
969449693,I2_1,10000,3040
596957023,I2_2,20000,6320
27764487,I2_2,20000,6336
168904654,I2_1,10000,6105
267271884,I2_1,10000,5650
257859776,I2_1,10000,7278
345233865,I2_1,10000,6779
298276153,I2_2,20000,6189
70734426,I2_1,10000,5571
298032167,I2_2,20000,5518
650838699,I2_1,10000,3873
25692118,I2_1,10000,4506
95833772,I2_1,10000,3502
249694388,I2_2,20000,10382
872108222,I2_2,20000,11392
817663687,I2_2,20000,5481
844268658,I2_1,10000,3311
394807336,I2_1,10000,4997
137723761,I2_2,20000,6757
671308926,I2_2,20000,5693
266520468,I2_2,20000,5684
667029072,I2_2,20000,5127
363282222,I2_2,20000,6233
990336035,I2_1,10000,4614
146954605,I2_2,20000,6849
447968386,I2_2,20000,5652
906016978,I2_2,20000,7757
140070356,I2_1,10000,5596
500434310,I2_2,20000,10373
864452709,I2_1,10000,4000
714214440,I2_2,20000,10428
181009370,I2_2,20000,11433
991195384,I2_1,10000,5481
965574158,I2_2,20000,13641
880758291,I2_2,20000,5957
879121479,I2_1,10000,3849
692038584,I2_1,10000,3139
95016776,I2_2,20000,5797
105943531,I2_1,10000,5245
876195985,I2_1,10000,4936
497162393,I2_1,10000,5479
626898834,I2_2,20000,9073
426253858,I2_2,20000,6232
978246183,I2_2,20000,6666
951272329,I2_2,20000,7798
829452728,I2_2,20000,8868
498642235,I2_2,20000,7947
985101335,I2_1,10000,2932
12299908,I2_1,10000,2738
598911987,I2_2,20000,5087
856591120,I2_1,10000,2775
421779988,I2_1,10000,2881
921053534,I2_1,10000,2789
994316027,I2_1,10000,3571
548086670,I2_2,20000,5512
844959654,I2_2,20000,6600
552745646,I2_1,10000,4352
364013474,I2_2,20000,5090
336367860,I2_1,10000,3524
805733325,I2_2,20000,7401
391457543,I2_2,20000,4735
831623814,I2_1,10000,4142
837432837,I2_1,10000,2862
707622325,I2_1,10000,2631
44072075,I2_2,20000,5227
70994608,I2_1,10000,3422
224627348,I2_1,10000,3341
27669253,I2_1,10000,2594
463831852,I2_1,10000,2575
242768861,I2_1,10000,3112
552140003,I2_2,20000,5697
588084994,I2_1,10000,4843
8684672,I2_2,20000,5801
983200841,I2_1,10000,4261
185058096,I2_2,20000,7036
467945505,I2_2,20000,4580
181203170,I2_1,10000,4091
140642442,I2_1,10000,2426
840596267,I2_2,20000,4370
281428458,I2_1,10000,4954
661638112,I2_1,10000,4877
738321643,I2_2,20000,8749
683279827,I2_1,10000,2888
243160971,I2_1,10000,3301
564947421,I2_1,10000,3931
63797846,I2_1,10000,3304
678365442,I2_1,10000,2905
401777476,I2_2,20000,4437
453010807,I2_1,10000,3879
880889608,I2_1,10000,4324
725326984,I2_1,10000,3762
595640434,I2_2,20000,6560
815448100,I2_1,10000,2362
620403235,I2_2,20000,4456
865020286,I2_1,10000,4444
116059085,I2_1,10000,6093
625944032,I2_1,10000,3425
174195643,I2_2,20000,5628
378330414,I2_2,20000,6087
253013360,I2_2,20000,6585
889430095,I2_2,20000,7608
285592438,I2_1,10000,4924
698947423,I2_1,10000,4222
863505570,I2_2,20000,10166
105150517,I2_1,10000,4141
569677375,I2_2,20000,9482
259045174,I2_2,20000,11058
13615483,I2_2,20000,12194
890640312,I2_1,10000,4218
556225834,I2_2,20000,11147
105017741,I2_1,10000,5914
175863829,I2_2,20000,6459
289268733,I2_1,10000,5329
444981542,I2_1,10000,4716
914232669,I2_1,10000,4798
833688651,I2_2,20000,11283
462067302,I2_1,10000,2379
247825699,I2_1,10000,2368
971562680,I2_1,10000,2404
668500454,I2_1,10000,3512
292279724,I2_1,10000,2353
883237628,I2_1,10000,2392
674410877,I2_1,10000,2348
233290295,I2_2,20000,5354
867785597,I2_2,20000,4446
648104409,I2_1,10000,2836
321027766,I2_2,20000,7480
357675791,I2_2,20000,8515
356293509,I2_1,10000,4176
923803837,I2_2,20000,11358
607056212,I2_2,20000,10693
845456984,I2_2,20000,8631
591509093,I2_1,10000,3683
988730968,I2_1,10000,5276
653998685,I2_2,20000,8722
751621200,I2_1,10000,3732
224138095,I2_2,20000,10604
213326241,I2_1,10000,4845
437554814,I2_1,10000,3819
141603858,I2_1,10000,3800
296996928,I2_1,10000,4345
651120794,I2_2,20000,6625
875227455,I2_2,20000,5995
181123996,I2_2,20000,7672
228418891,I2_1,10000,3910
866141445,I2_1,10000,3421
151230730,I2_2,20000,4467
386511689,I2_1,10000,2440
515008517,I2_1,10000,2679
72342610,I2_2,20000,5139
976786254,I2_1,10000,3208
3673585,I2_1,10000,2380
297296067,I2_1,10000,2473
208564354,I2_1,10000,2492
987614073,I2_2,20000,5205
711617546,I2_1,10000,2510
975242457,I2_1,10000,2854
783072721,I2_2,20000,4575
488420628,I2_1,10000,2464
115262309,I2_2,20000,5543
435268179,I2_1,10000,4984
244041657,I2_1,10000,3399
56123827,I2_1,10000,4106
394901617,I2_1,10000,2879
885713362,I2_2,20000,5182
503050226,I2_1,10000,4586
898434568,I2_2,20000,5251
274162383,I2_1,10000,3919
490700136,I2_1,10000,3032
76458257,I2_1,10000,2539
704016158,I2_1,10000,3062
628599727,I2_2,20000,5038
73875994,I2_2,20000,5988
143059513,I2_2,20000,5881
114224694,I2_2,20000,5936
86442418,I2_1,10000,2696
360516901,I2_2,20000,6626
134560373,I2_2,20000,5606
759835139,I2_1,10000,3968
603551970,I2_1,10000,3962
191491891,I2_1,10000,3283
104651788,I2_2,20000,8320
278481489,I2_2,20000,5082
321484085,I2_2,20000,5440
977236278,I2_2,20000,4954
999439756,I2_1,10000,4295
908501290,I2_2,20000,7737
650968027,I2_1,10000,2523
243933527,I2_2,20000,4577
833608382,I2_2,20000,7024
222530335,I2_2,20000,5081
806962143,I2_2,20000,6867
442544303,I2_1,10000,2878
222568066,I2_2,20000,6182
219317679,I2_1,10000,2885
164082561,I2_1,10000,2967
280502530,I2_2,20000,5737
74558812,I2_2,20000,5445
919140211,I2_1,10000,3020
172333961,I2_1,10000,3532
110022555,I2_2,20000,8030
220845678,I2_2,20000,6534
78910720,I2_2,20000,5755
783630179,I2_2,20000,4504
521853580,I2_1,10000,2518
34731106,I2_1,10000,2475
492780954,I2_2,20000,4617
35931726,I2_1,10000,2706
473100000,I2_2,20000,6170
145933694,I2_2,20000,4656
824653253,I2_1,10000,3659
417896203,I2_1,10000,3630
382110108,I2_2,20000,5044
557571108,I2_2,20000,4659
156755451,I2_1,10000,4081
626162865,I2_2,20000,5384
61413575,I2_2,20000,6583
543779542,I2_1,10000,4029
386772269,I2_1,10000,2446
509826571,I2_1,10000,2491
446389357,I2_2,20000,5083
51120849,I2_1,10000,2890
715571196,I2_2,20000,5409
299904447,I2_1,10000,4877
969664801,I2_2,20000,4893
499043110,I2_2,20000,5069
236082593,I2_2,20000,5795
874031002,I2_2,20000,4745
458888593,I2_1,10000,4243
734731293,I2_1,10000,6025
289853190,I2_2,20000,4690
929187973,I2_1,10000,4253
572034544,I2_2,20000,6958
828654011,I2_1,10000,4220
639726697,I2_2,20000,4765
306858393,I2_1,10000,4885
590856812,I2_1,10000,3266
514442830,I2_1,10000,3135
850014182,I2_2,20000,5908
653475315,I2_2,20000,5666
510755933,I2_2,20000,4743
941489787,I2_2,20000,5679
983672682,I2_1,10000,2777
556554869,I2_1,10000,3079
576692172,I2_2,20000,6656
575839160,I2_1,10000,3524
344164770,I2_2,20000,4655
739038220,I2_1,10000,4015
489901120,I2_1,10000,5076
512257353,I2_2,20000,4676
57130018,I2_1,10000,5386
778141828,I2_1,10000,5822
598286646,I2_2,20000,8485
80898926,I2_1,10000,3785
261052673,I2_2,20000,8955
91401782,I2_2,20000,9050
492478042,I2_2,20000,11150
590357586,I2_1,10000,2548
661104112,I2_1,10000,2612
994794873,I2_1,10000,3576
123016591,I2_1,10000,2557
341266063,I2_2,20000,4579
562050460,I2_1,10000,3061
429549992,I2_1,10000,3171
158834458,I2_2,20000,5720
133325625,I2_1,10000,6168
600907813,I2_2,20000,7964
86956980,I2_2,20000,9979
128205291,I2_2,20000,5117
181234768,I2_2,20000,4508
156698323,I2_1,10000,2985
616632721,I2_1,10000,4106
247094475,I2_2,20000,6822
399104766,I2_1,10000,5030
909211261,I2_1,10000,5858
893334722,I2_2,20000,8465
797696608,I2_2,20000,5533
95534624,I2_1,10000,3943
457174788,I2_2,20000,4501
989998203,I2_2,20000,4577
106320498,I2_2,20000,4596
694408235,I2_2,20000,5214
277466321,I2_2,20000,5550
823407381,I2_1,10000,5069
595341931,I2_1,10000,3673
471455784,I2_1,10000,3130
141689142,I2_2,20000,5791
668818537,I2_1,10000,5191
113255563,I2_1,10000,5823
183573456,I2_1,10000,5590
283856588,I2_2,20000,6485
545003802,I2_2,20000,8084
597653862,I2_2,20000,8737
497293913,I2_2,20000,7051
956222037,I2_2,20000,5141
896119507,I2_1,10000,2904
757263748,I2_2,20000,4968
823833455,I2_1,10000,2679
981825228,I2_1,10000,3277
829412608,I2_1,10000,4320
599219002,I2_2,20000,4659
530799557,I2_2,20000,4621
845383546,I2_1,10000,2878
160803308,I2_1,10000,3937
587445564,I2_1,10000,2785
983780103,I2_1,10000,4392
153058038,I2_2,20000,5006
727807628,I2_2,20000,6848
875644341,I2_2,20000,4785
528833601,I2_1,10000,3091
343798614,I2_1,10000,3273
66951208,I2_1,10000,4387
992740718,I2_1,10000,3167
582880922,I2_2,20000,5523
85445442,I2_1,10000,6062
503187779,I2_2,20000,5220
975854650,I2_2,20000,7922
567488759,I2_1,10000,5790
891873906,I2_1,10000,6294
968229952,I2_1,10000,7524
137081728,I2_1,10000,5346
527567942,I2_1,10000,6688
504472387,I2_1,10000,6079
326497468,I2_2,20000,13210
783268989,I2_1,10000,7015
1108836,I2_1,10000,5853
911969740,I2_1,10000,5773
924665587,I2_1,10000,6785
226291063,I2_1,10000,6061
117616507,I2_2,20000,16400
179388884,I2_2,20000,16150
893433884,I2_1,10000,5984
13618151,I2_2,20000,12642
277413419,I2_2,20000,7705
49243434,I2_2,20000,5103
454133386,I2_1,10000,3625
644140733,I2_2,20000,6646
829559050,I2_2,20000,8288
752196690,I2_2,20000,7197
359664283,I2_1,10000,6590
212112855,I2_1,10000,6079
389139313,I2_1,10000,6605
270291407,I2_2,20000,7166
837188575,I2_1,10000,5945
583212180,I2_1,10000,2612
165910113,I2_1,10000,2585
979363339,I2_1,10000,3570
125740684,I2_2,20000,5848
741619812,I2_2,20000,7911
739786271,I2_2,20000,8913
928543654,I2_2,20000,8826
206989416,I2_2,20000,9740
330407877,I2_2,20000,11429
307432061,I2_2,20000,12407
848848113,I2_1,10000,3304
731939955,I2_2,20000,5675
296304128,I2_1,10000,3191
301184784,I2_1,10000,2661
806440072,I2_1,10000,2634
957456113,I2_1,10000,3049
883525649,I2_1,10000,3047
760900462,I2_2,20000,5899
939539486,I2_1,10000,4001
211960655,I2_1,10000,4097
951620639,I2_2,20000,8260
416069584,I2_1,10000,5673
111311088,I2_2,20000,6770
571411416,I2_2,20000,8980
330597398,I2_1,10000,6216
522282132,I2_1,10000,4442
197919648,I2_1,10000,6151
76454527,I2_2,20000,12037
37574877,I2_2,20000,10875
227524987,I2_1,10000,5221
541064540,I2_2,20000,12400
344835250,I2_2,20000,12938
128237049,I2_2,20000,13360
660266366,I2_2,20000,7397
612300326,I2_2,20000,9493
365080870,I2_2,20000,11388
123532696,I2_2,20000,11447
179490873,I2_2,20000,13406
619344907,I2_2,20000,6047
129568970,I2_2,20000,6794
590902118,I2_2,20000,8590
204169354,I2_1,10000,4980
376710598,I2_2,20000,4599
424302575,I2_1,10000,5136
371193000,I2_1,10000,5071
420209962,I2_2,20000,6498
662517866,I2_1,10000,2520
979704553,I2_2,20000,4479
209436456,I2_2,20000,4520
789995548,I2_1,10000,6141
975180330,I2_1,10000,5580
253341414,I2_2,20000,5553
663940747,I2_1,10000,4816
436388861,I2_1,10000,3071
911242783,I2_2,20000,8872
278037296,I2_1,10000,2623
943532088,I2_1,10000,3064
638169857,I2_2,20000,5252
266111391,I2_2,20000,4538
647727458,I2_1,10000,2999
29393791,I2_1,10000,2627
28961986,I2_1,10000,2639
79992982,I2_1,10000,2537
569525343,I2_2,20000,4579
362003774,I2_2,20000,4835
466920253,I2_1,10000,3861
589763218,I2_2,20000,4658
650812366,I2_1,10000,5208
208510558,I2_1,10000,5737
893594215,I2_2,20000,8856
107506021,I2_1,10000,3108
630331463,I2_2,20000,7700
599156049,I2_1,10000,2658
362332550,I2_2,20000,4697
62766980,I2_1,10000,4150
705878852,I2_1,10000,3231
350385510,I2_1,10000,2618
750674016,I2_1,10000,2908
449617157,I2_2,20000,4746
394724247,I2_1,10000,2802
924797117,I2_2,20000,5313
78432166,I2_1,10000,3240
880919248,I2_1,10000,3163
575442671,I2_1,10000,4421
434626781,I2_2,20000,7308
616541352,I2_1,10000,5715
46546445,I2_1,10000,4190
435157863,I2_1,10000,5935
14525419,I2_1,10000,5395
31979699,I2_2,20000,7036
506891847,I2_1,10000,4043
380343711,I2_2,20000,5967
312635913,I2_2,20000,5950
688876767,I2_1,10000,3774
93459486,I2_2,20000,5387
862807704,I2_2,20000,5321
149315630,I2_1,10000,4840
100095641,I2_1,10000,4340
191194160,I2_1,10000,4805
614654769,I2_2,20000,11057
255183257,I2_1,10000,3980
341208629,I2_2,20000,10479
354794106,I2_2,20000,10646
508258193,I2_2,20000,8840
584595242,I2_2,20000,11007
208198452,I2_2,20000,8757
753093063,I2_1,10000,5972
898795058,I2_1,10000,6508
613447066,I2_2,20000,6614
102899535,I2_2,20000,6791
828006153,I2_2,20000,8925
806255511,I2_1,10000,3594
98738804,I2_1,10000,3825
946479628,I2_1,10000,2671
130358497,I2_2,20000,4600
919830215,I2_2,20000,4829
268290706,I2_2,20000,5417
686137331,I2_1,10000,2963
377151967,I2_2,20000,4645
858758045,I2_1,10000,4094
768134978,I2_1,10000,4585
951667734,I2_1,10000,2935
511351610,I2_2,20000,4640
916888515,I2_2,20000,6788
442732221,I2_1,10000,2572
337834293,I2_1,10000,2820
403294370,I2_1,10000,2827
249913211,I2_1,10000,2646
528766954,I2_1,10000,2719
780221094,I2_2,20000,4659
867548938,I2_1,10000,3942
576281060,I2_1,10000,5091
282193818,I2_1,10000,2795
910310487,I2_2,20000,4845
189370448,I2_2,20000,5121
631521366,I2_1,10000,4571
473369341,I2_2,20000,6826
63624048,I2_2,20000,5754
256522151,I2_1,10000,6346
139693635,I2_2,20000,5741
910129566,I2_1,10000,4560
869374964,I2_1,10000,3341
112332164,I2_2,20000,8933
819818627,I2_1,10000,3902
655284797,I2_2,20000,8205
636555885,I2_2,20000,9902
32725982,I2_2,20000,6919
368492623,I2_1,10000,4347
865017650,I2_1,10000,3633
131845817,I2_1,10000,3763
458451263,I2_1,10000,2608
893670501,I2_2,20000,4594
864053732,I2_2,20000,5528
993456986,I2_2,20000,6553
968104703,I2_1,10000,4735
397003602,I2_1,10000,5311
707196995,I2_2,20000,9944
175791003,I2_1,10000,2557
550351449,I2_2,20000,4514
78707804,I2_1,10000,2577
755405088,I2_1,10000,3721
168090105,I2_1,10000,2652
914529844,I2_2,20000,5925
394849008,I2_2,20000,5364
677932602,I2_2,20000,7560
639856523,I2_1,10000,5214
761126241,I2_2,20000,11104
649397794,I2_2,20000,11612
492952423,I2_2,20000,13264
215131433,I2_2,20000,9605
609194447,I2_1,10000,5354
322032507,I2_2,20000,5692
894304782,I2_2,20000,7888
923982350,I2_2,20000,6087
869264230,I2_1,10000,5654
851900577,I2_1,10000,2912
913063451,I2_2,20000,8434
544476328,I2_1,10000,5751
763808996,I2_1,10000,6332
39708107,I2_2,20000,5892
852333976,I2_1,10000,4257
759836358,I2_1,10000,4083
816436106,I2_2,20000,4650
655491525,I2_1,10000,4092
984732675,I2_2,20000,6700
772810902,I2_1,10000,4187
420945535,I2_1,10000,3476
729967388,I2_1,10000,4585
827166691,I2_1,10000,3575
618487356,I2_2,20000,5766
776505035,I2_1,10000,4745
889274683,I2_2,20000,9107
339665280,I2_1,10000,6368
450711088,I2_1,10000,5520
478049490,I2_1,10000,6714
233997309,I2_1,10000,7397
473465644,I2_2,20000,4691
922012172,I2_1,10000,3969
164895739,I2_2,20000,6556
922748849,I2_1,10000,2642
762425060,I2_2,20000,4839
8676153,I2_1,10000,3975
249487904,I2_2,20000,4688
470825200,I2_1,10000,5329
387482459,I2_2,20000,8800
266912355,I2_1,10000,4238
207102197,I2_2,20000,5212
49963096,I2_2,20000,7798
9390278,I2_2,20000,8274
411530362,I2_1,10000,6057
93673848,I2_1,10000,4358
760543814,I2_2,20000,8655
235468187,I2_2,20000,8669
820328284,I2_2,20000,7093
40814377,I2_2,20000,5477
824832424,I2_1,10000,3776
335297508,I2_1,10000,5595
193703627,I2_2,20000,4830
727490380,I2_1,10000,2431
764749790,I2_1,10000,2642
960741427,I2_1,10000,3689
351808669,I2_1,10000,3377
115068849,I2_2,20000,4580
60573704,I2_2,20000,5692
933874484,I2_2,20000,4477
659032409,I2_2,20000,4644
797317080,I2_1,10000,3922
363043631,I2_1,10000,4473
181494785,I2_1,10000,4024
684387125,I2_2,20000,7885
635867030,I2_2,20000,5568
748957184,I2_1,10000,6119
614022078,I2_2,20000,9426
469831960,I2_2,20000,11499
243668831,I2_1,10000,6045
590091831,I2_1,10000,6656
952313176,I2_2,20000,14160
976218133,I2_1,10000,4482
470271209,I2_2,20000,15804
180636652,I2_2,20000,15266
388588031,I2_1,10000,4833
700012153,I2_1,10000,5408
352157253,I2_2,20000,16482
840705010,I2_2,20000,12102
555027201,I2_1,10000,5470
949704755,I2_1,10000,6046
513862097,I2_1,10000,5082
542821019,I2_1,10000,4026
753995589,I2_2,20000,15184
450309690,I2_2,20000,11846
928930689,I2_2,20000,13452
576024834,I2_2,20000,13801
109341956,I2_1,10000,5808
248707048,I2_2,20000,14928
151408844,I2_1,10000,6334
182673887,I2_2,20000,17410
795683233,I2_2,20000,17372
926088877,I2_2,20000,18327
233204257,I2_1,10000,5319
438102524,I2_2,20000,15273
796756886,I2_1,10000,6350
596710587,I2_1,10000,5675
239819638,I2_2,20000,11671
140446647,I2_1,10000,4252
166430294,I2_1,10000,4233
483358848,I2_1,10000,5334
777094336,I2_2,20000,13272
557160178,I2_1,10000,5806
479546201,I2_1,10000,5266
971834373,I2_2,20000,15372
643435723,I2_1,10000,3723
373674453,I2_2,20000,8479
242989984,I2_2,20000,8508
224647552,I2_1,10000,4312
244549506,I2_2,20000,6434
725432562,I2_1,10000,4789
446864118,I2_1,10000,4190
567397831,I2_2,20000,7408
822499095,I2_2,20000,4384
62141187,I2_1,10000,2840
32356713,I2_1,10000,2404
127264889,I2_1,10000,2370
802716561,I2_2,20000,4848
48658998,I2_2,20000,4827
466845042,I2_1,10000,5360
273925902,I2_2,20000,5455
375207900,I2_2,20000,5889
823505810,I2_1,10000,2689
537248872,I2_1,10000,3878
122704635,I2_2,20000,4504
753365880,I2_2,20000,4724
229601144,I2_1,10000,2510
127921489,I2_1,10000,2476
827278837,I2_2,20000,4516
540807085,I2_1,10000,2588
252176418,I2_1,10000,3111
950422530,I2_2,20000,4778
973449691,I2_2,20000,6090
53296738,I2_2,20000,5059
341906010,I2_1,10000,5013
327036977,I2_1,10000,4913
245584992,I2_1,10000,2606
883113426,I2_2,20000,4853
8430136,I2_1,10000,4960
411727906,I2_1,10000,5504
853099753,I2_2,20000,4581
593986959,I2_2,20000,4662
218996664,I2_1,10000,4069
452119858,I2_2,20000,6346
415097400,I2_2,20000,8399
409728585,I2_2,20000,8584
196563207,I2_1,10000,3639
118230130,I2_1,10000,4071
715234317,I2_1,10000,4130
503831362,I2_2,20000,4658
992459510,I2_1,10000,4142
884050491,I2_1,10000,5063
931361002,I2_1,10000,2649
232936788,I2_1,10000,2952
549879170,I2_1,10000,4209
276602114,I2_2,20000,6367
526854105,I2_2,20000,5619
363602929,I2_1,10000,5100
740572909,I2_2,20000,8390
676553877,I2_2,20000,5994
204795529,I2_2,20000,7716
403071597,I2_2,20000,6581
608847186,I2_2,20000,6685
6913774,I2_2,20000,7740
528809137,I2_2,20000,8677
874867192,I2_2,20000,7638
200511696,I2_2,20000,6513
662055813,I2_2,20000,5370
239563059,I2_2,20000,6493
115052498,I2_1,10000,2681
654158944,I2_2,20000,5085
868714274,I2_1,10000,5559
623733097,I2_1,10000,3061
24009828,I2_1,10000,3080
360711551,I2_2,20000,4992
623666672,I2_2,20000,5746
679749299,I2_1,10000,3122
81686001,I2_1,10000,4172
875278383,I2_1,10000,4740
547807387,I2_2,20000,7981
831814207,I2_1,10000,4444
114972978,I2_1,10000,5027
631655303,I2_2,20000,8747
920758276,I2_2,20000,6086
155372886,I2_1,10000,5636
360569669,I2_1,10000,5063
885917935,I2_2,20000,10526
945341235,I2_1,10000,6677
914480333,I2_1,10000,7159
815674197,I2_1,10000,6907
977872855,I2_1,10000,6247
369020739,I2_1,10000,4198
35923204,I2_1,10000,4657
181937779,I2_2,20000,14604
470465639,I2_1,10000,3743
123823751,I2_1,10000,5389
956087595,I2_1,10000,6035
797403515,I2_2,20000,19106
612044560,I2_2,20000,18413
642298670,I2_2,20000,14372
768192849,I2_1,10000,6557
576003395,I2_1,10000,6147
816368128,I2_1,10000,6661
652882122,I2_2,20000,19076
998025512,I2_1,10000,4379
855050692,I2_2,20000,15364
63263792,I2_1,10000,5988
908769493,I2_1,10000,5926
758342892,I2_2,20000,4478
459119404,I2_1,10000,2563
285023060,I2_2,20000,4472
987994745,I2_1,10000,2893
900294760,I2_1,10000,2529
595249859,I2_1,10000,3592
929171917,I2_2,20000,4508
469740709,I2_2,20000,4595
875284211,I2_1,10000,5154
468797199,I2_1,10000,2562
499213801,I2_1,10000,2584
324741597,I2_2,20000,4576
81155621,I2_1,10000,2798
838161985,I2_1,10000,2567
363386551,I2_2,20000,5994
668850468,I2_2,20000,4633
869583538,I2_1,10000,5155
588675614,I2_1,10000,4130
470988391,I2_1,10000,4751
320179007,I2_2,20000,5013
747672405,I2_1,10000,3438
325348524,I2_2,20000,5209
951910350,I2_2,20000,6269
255379454,I2_2,20000,7155
963477821,I2_1,10000,4450
705647931,I2_1,10000,5691
789660601,I2_1,10000,3459
412464065,I2_2,20000,6170
912878768,I2_1,10000,3776
635045290,I2_2,20000,8791
96754013,I2_2,20000,9206
198918052,I2_1,10000,4938
71229988,I2_1,10000,3357
6397857,I2_2,20000,12809
679562864,I2_1,10000,4752
642806532,I2_1,10000,5231
54134606,I2_2,20000,5008
76361388,I2_2,20000,5469
190730992,I2_1,10000,3397
252895512,I2_1,10000,3996
530633281,I2_2,20000,4702
460288032,I2_2,20000,5451
752614056,I2_2,20000,4539
418877392,I2_1,10000,2541
153899284,I2_1,10000,2510
465655593,I2_1,10000,2537
778786194,I2_1,10000,2547
452228334,I2_1,10000,2513
237393311,I2_1,10000,2596
854612401,I2_1,10000,2929
120485417,I2_1,10000,2642
819524518,I2_1,10000,4272
619528864,I2_2,20000,6500
663573740,I2_1,10000,3722
448023178,I2_1,10000,4294
526417131,I2_1,10000,3254
62536597,I2_1,10000,3210
362982368,I2_1,10000,3790
968540296,I2_1,10000,4927
514812835,I2_2,20000,4891
254387079,I2_2,20000,7713
822249578,I2_2,20000,7922
974716327,I2_1,10000,4804
821185183,I2_2,20000,7956
481890364,I2_2,20000,5101
212709595,I2_2,20000,8354
864305242,I2_1,10000,3614
618576228,I2_2,20000,5509
485921494,I2_1,10000,2797
661172346,I2_1,10000,3406
981360299,I2_1,10000,4344
237887979,I2_2,20000,7558
569782418,I2_1,10000,4477
842454045,I2_2,20000,6739
718439078,I2_2,20000,5873
185456436,I2_1,10000,6346
859386472,I2_2,20000,8421
551295483,I2_1,10000,3325
514957403,I2_2,20000,6710
968224122,I2_1,10000,2729
148569976,I2_2,20000,5786
433545243,I2_2,20000,6695
497075334,I2_1,10000,4185
177717214,I2_1,10000,2766
653660309,I2_1,10000,3171
74969472,I2_1,10000,4830
253392080,I2_2,20000,6964
868635834,I2_2,20000,7703
148222395,I2_2,20000,9896
240418650,I2_1,10000,2760
986670956,I2_1,10000,3386
961888364,I2_2,20000,5448
392525079,I2_2,20000,7564
187618789,I2_2,20000,9812
710204432,I2_2,20000,9644
755890082,I2_2,20000,9666
99547513,I2_1,10000,4796
595332436,I2_2,20000,7439
653070396,I2_1,10000,4969
281589158,I2_2,20000,10281
878971303,I2_2,20000,5129
188885154,I2_1,10000,3943
824109454,I2_1,10000,3146
485061319,I2_2,20000,4702
739388717,I2_2,20000,5633
420367616,I2_1,10000,3194
302366552,I2_1,10000,3080
477569437,I2_2,20000,4832
825289959,I2_1,10000,4470
528396405,I2_2,20000,6515
788043241,I2_1,10000,4985
445930480,I2_2,20000,5798
242611712,I2_2,20000,7163
315016163,I2_2,20000,4820
815721051,I2_2,20000,6965
482845249,I2_2,20000,7843
228134694,I2_1,10000,3795
483819114,I2_1,10000,4392
362044342,I2_1,10000,4463
365570460,I2_2,20000,6685
15432241,I2_1,10000,5074
747306854,I2_2,20000,7038
780101097,I2_1,10000,4326
600163463,I2_1,10000,3170
658363809,I2_1,10000,4907
616162837,I2_1,10000,3662
576941949,I2_2,20000,6168
983559946,I2_1,10000,2865
853351877,I2_2,20000,4791
187666467,I2_1,10000,3820
777772487,I2_1,10000,3646
562614099,I2_1,10000,3161
84320432,I2_2,20000,5862
20250574,I2_2,20000,6830
367837908,I2_1,10000,4578
116762421,I2_2,20000,9751
804929059,I2_1,10000,5808
750994625,I2_2,20000,11285
457408156,I2_1,10000,7485
943880874,I2_1,10000,4522
453233886,I2_2,20000,8797
553215582,I2_1,10000,3597
881390724,I2_1,10000,5463
265852254,I2_2,20000,5177
414830093,I2_2,20000,6970
994041283,I2_1,10000,5521
926068599,I2_2,20000,8808
193390899,I2_1,10000,3742
66442393,I2_1,10000,3542
371179753,I2_2,20000,5721
157747005,I2_1,10000,3695
799139486,I2_1,10000,4535
665633884,I2_2,20000,5367
230484369,I2_2,20000,6392
334151212,I2_1,10000,4800
107091682,I2_2,20000,7185
994198551,I2_2,20000,8143
49416066,I2_1,10000,4020
973784731,I2_1,10000,3115
548334,I2_2,20000,5478
149965541,I2_2,20000,6478
487590615,I2_2,20000,5888
89729239,I2_2,20000,6913
183369373,I2_1,10000,3773
39378102,I2_1,10000,5583
582095235,I2_2,20000,4836
901220527,I2_2,20000,4889
195610532,I2_1,10000,4326
733184160,I2_2,20000,4858
250793749,I2_1,10000,4324
537015574,I2_2,20000,7996
65403815,I2_2,20000,4863
651836997,I2_1,10000,2832
286075548,I2_1,10000,4281
703191907,I2_1,10000,3675
83587796,I2_1,10000,3063
186887897,I2_2,20000,5404
476673409,I2_2,20000,5079
507489974,I2_2,20000,5083
81131410,I2_2,20000,4924
922718303,I2_2,20000,5717
986781806,I2_2,20000,4971
229972486,I2_1,10000,5101
853903759,I2_1,10000,4531
946135279,I2_2,20000,9186
381262338,I2_1,10000,4692
146724020,I2_1,10000,3650
487722293,I2_2,20000,8121
846798708,I2_1,10000,5849
597093203,I2_1,10000,7500
772843474,I2_1,10000,6986
997615905,I2_2,20000,9147
365483769,I2_2,20000,4737
100869065,I2_1,10000,5508
471308377,I2_1,10000,4296
709279342,I2_2,20000,5249
671177922,I2_2,20000,6155
690433151,I2_2,20000,5773
201437675,I2_2,20000,5839
493082,I2_2,20000,7604
445033146,I2_2,20000,7643
576224812,I2_1,10000,5611
835948297,I2_2,20000,6574
667429425,I2_1,10000,3648
461367098,I2_1,10000,3556
798050240,I2_1,10000,4353
373978594,I2_2,20000,5308
437256682,I2_2,20000,4735
629585711,I2_1,10000,3153
932869843,I2_2,20000,5351
875988563,I2_1,10000,5895
682319054,I2_1,10000,5329
160277384,I2_1,10000,6335
939662756,I2_2,20000,11054
460021913,I2_2,20000,4738
52351676,I2_2,20000,4816
493146208,I2_2,20000,5774
887819517,I2_1,10000,3053
229487174,I2_2,20000,4756
180281254,I2_1,10000,2826
988729967,I2_1,10000,2749
349798485,I2_1,10000,2814
901884266,I2_2,20000,4796
833605872,I2_1,10000,4060
587537179,I2_2,20000,8368
543769083,I2_1,10000,3648
58569005,I2_2,20000,6479
489393972,I2_2,20000,5422
565450851,I2_2,20000,4829
209290382,I2_1,10000,5235
372126776,I2_1,10000,4343
168313548,I2_2,20000,9376
412624248,I2_1,10000,5459
651170123,I2_1,10000,4254
779024062,I2_2,20000,13761
299352451,I2_1,10000,2821
560205488,I2_1,10000,2819
583998833,I2_2,20000,6153
822542599,I2_1,10000,4603
968603277,I2_1,10000,3504
661877034,I2_2,20000,7924
740206189,I2_1,10000,4752
639740052,I2_2,20000,7410
579522526,I2_1,10000,4662
401264339,I2_2,20000,6729
141204365,I2_2,20000,7870
854189761,I2_2,20000,5623
345306786,I2_1,10000,2707
456783661,I2_1,10000,2750
846210378,I2_2,20000,4694
458037172,I2_2,20000,6868
153749100,I2_2,20000,4811
10066641,I2_2,20000,6977
350454516,I2_2,20000,8066
861694745,I2_1,10000,3972
824667433,I2_1,10000,3785
472607460,I2_2,20000,4782
494999982,I2_2,20000,6803
759220560,I2_2,20000,8815
533418814,I2_2,20000,5957
626977677,I2_1,10000,5369
910647484,I2_2,20000,7499
451293304,I2_2,20000,6967
689864650,I2_2,20000,7968
295097691,I2_1,10000,5509
125923746,I2_2,20000,7891
9210583,I2_2,20000,5534
506355898,I2_1,10000,4724
174553457,I2_2,20000,7505
250936905,I2_1,10000,4001
526529166,I2_2,20000,9845
983822625,I2_2,20000,7802
751612834,I2_1,10000,2794
2194963,I2_1,10000,3316
923428074,I2_1,10000,3851
334454347,I2_2,20000,5516
81217708,I2_1,10000,4990
38791652,I2_2,20000,9722
160737375,I2_2,20000,9443
801819345,I2_2,20000,9788
813555331,I2_2,20000,11085
185630816,I2_2,20000,10888
48511880,I2_1,10000,3920
126079440,I2_1,10000,4077
481560023,I2_2,20000,6936
434051782,I2_1,10000,6283
828847403,I2_1,10000,6787
689922797,I2_1,10000,8030
548375666,I2_1,10000,7899
756366733,I2_1,10000,4986
496629938,I2_2,20000,11803
115330473,I2_2,20000,11152
854203410,I2_2,20000,13320
595317078,I2_1,10000,5412
815510372,I2_2,20000,15383
689444807,I2_1,10000,3933
783435288,I2_2,20000,15453
913585527,I2_1,10000,5035
626030913,I2_1,10000,5490
259592577,I2_2,20000,17098
365892541,I2_1,10000,6669
230584786,I2_2,20000,19664
4649450,I2_2,20000,20838
73029365,I2_2,20000,21307
371195610,I2_2,20000,19648
725589313,I2_1,10000,8162
37340020,I2_1,10000,7597
284561121,I2_2,20000,18930
334000622,I2_2,20000,18161
139819280,I2_2,20000,14406
333164704,I2_2,20000,11267
511044983,I2_1,10000,4810
847668932,I2_1,10000,3501
931381053,I2_1,10000,3445
563875538,I2_2,20000,6794
611395521,I2_2,20000,5029
812414906,I2_1,10000,5632
817651352,I2_1,10000,6038
384133870,I2_1,10000,5390
244950765,I2_2,20000,9743
524107941,I2_1,10000,5927
700360472,I2_2,20000,9681
119944360,I2_1,10000,5883
101179250,I2_1,10000,4322
632597104,I2_2,20000,13842
787608712,I2_2,20000,16039
978516131,I2_2,20000,8971
335893506,I2_2,20000,9518
184697807,I2_1,10000,4318
326108526,I2_2,20000,10510
985222277,I2_1,10000,3744
943576019,I2_1,10000,3615
379667375,I2_1,10000,2986
562198611,I2_2,20000,5515
271535953,I2_2,20000,7104
161087170,I2_1,10000,4753
216158486,I2_1,10000,3316
378953983,I2_2,20000,9654
395381794,I2_2,20000,11777
290798731,I2_1,10000,5307
945282179,I2_2,20000,9501
368039801,I2_1,10000,3718
620393514,I2_2,20000,11315
381071571,I2_2,20000,12733
231375745,I2_1,10000,4938
572919418,I2_1,10000,4415
73408971,I2_2,20000,5901
603617078,I2_1,10000,2706
433240726,I2_2,20000,5881
532247147,I2_2,20000,5245
90784295,I2_1,10000,3634
643880923,I2_2,20000,4888
122591864,I2_1,10000,2900
274712759,I2_1,10000,3370
763149334,I2_2,20000,6571
271862919,I2_2,20000,7981
80363606,I2_2,20000,7998
146491799,I2_1,10000,5840
365223068,I2_1,10000,4241
905137580,I2_2,20000,8523
278765549,I2_1,10000,4788
440035253,I2_1,10000,5326
443364225,I2_2,20000,9728
545758554,I2_1,10000,2376
132356338,I2_2,20000,4411
148638146,I2_1,10000,2498
264694223,I2_1,10000,2412
216144788,I2_1,10000,2454
181012111,I2_1,10000,2446
777797546,I2_1,10000,2422
183445514,I2_1,10000,2428
346855679,I2_1,10000,2487
194218842,I2_2,20000,4517
961670398,I2_1,10000,2534
887480054,I2_1,10000,2792
302209104,I2_2,20000,5377
933445935,I2_2,20000,4961
758775555,I2_1,10000,2630
708007495,I2_1,10000,3490
995849186,I2_1,10000,4044
785797250,I2_2,20000,6507
679403961,I2_1,10000,3160
607517632,I2_1,10000,2566
164060223,I2_1,10000,2845
798858926,I2_1,10000,2581
104793678,I2_2,20000,4562
239162701,I2_2,20000,5393
137363654,I2_1,10000,3596
393347160,I2_2,20000,7101
718985926,I2_2,20000,8783
698693246,I2_2,20000,5946
744877038,I2_1,10000,4208
177534222,I2_2,20000,5099
906287515,I2_1,10000,5114
238059667,I2_1,10000,5663
71208096,I2_2,20000,4567
316450415,I2_1,10000,2630
860006313,I2_1,10000,2647
669129622,I2_1,10000,2744
687102017,I2_1,10000,2638
132865341,I2_2,20000,4919
813057249,I2_2,20000,7047
835363343,I2_1,10000,2974
971433757,I2_2,20000,5555
971258763,I2_2,20000,5701
222774488,I2_2,20000,7817
986661841,I2_2,20000,9912
675109272,I2_2,20000,7501
800963,I2_2,20000,8437
792216565,I2_1,10000,3369
628426947,I2_1,10000,2598
852950670,I2_2,20000,4694
416594336,I2_1,10000,5423
558642102,I2_2,20000,5747
427914564,I2_1,10000,5127
206546728,I2_1,10000,6339
733054958,I2_1,10000,5260
79060951,I2_1,10000,5227
826850976,I2_1,10000,5718
52385573,I2_1,10000,4569
147298237,I2_2,20000,9815
592915408,I2_1,10000,4106
151241951,I2_1,10000,2957
913528168,I2_2,20000,4606
479938808,I2_1,10000,3069
323663371,I2_2,20000,7901
22850210,I2_1,10000,4591
272467032,I2_1,10000,5159
932994246,I2_1,10000,4548
99679683,I2_2,20000,4698
538862035,I2_2,20000,5840
953580238,I2_1,10000,3209
679194311,I2_1,10000,4158
796350345,I2_1,10000,4721
737894725,I2_1,10000,5156
863659264,I2_2,20000,7389
911671256,I2_1,10000,5885
686348760,I2_2,20000,8449
55211989,I2_1,10000,3856
314284619,I2_2,20000,4999
294904379,I2_2,20000,6854
73747792,I2_1,10000,4217
669332872,I2_1,10000,4498
651564309,I2_2,20000,6581
518834774,I2_2,20000,8420
251171103,I2_2,20000,9911
832338731,I2_1,10000,3461
945883177,I2_2,20000,6051
713782142,I2_2,20000,6055
479083152,I2_2,20000,5103
483790857,I2_1,10000,5637
283451387,I2_1,10000,5572
874337458,I2_1,10000,4175
115478319,I2_1,10000,4770
110683191,I2_2,20000,4684
222136796,I2_2,20000,5013
180816079,I2_1,10000,5578
801784996,I2_1,10000,2599
786628429,I2_2,20000,5552
301105307,I2_1,10000,3050
677689505,I2_1,10000,2692
160841642,I2_1,10000,2683
943440878,I2_1,10000,2500
265103124,I2_1,10000,2615
802885977,I2_1,10000,2500
758697520,I2_1,10000,2537
593201521,I2_1,10000,2523
453587809,I2_2,20000,5425
603113556,I2_2,20000,4610
600097860,I2_2,20000,5638
116115629,I2_2,20000,5497
805106157,I2_1,10000,5035
232628773,I2_1,10000,6075
618874424,I2_2,20000,4732
317993881,I2_1,10000,2956
330861286,I2_2,20000,6796
794533102,I2_2,20000,5885
141010209,I2_1,10000,3783
737771597,I2_2,20000,6122
124735301,I2_2,20000,4612
405556236,I2_1,10000,5161
323745004,I2_1,10000,3409
876135433,I2_1,10000,2585
116962055,I2_2,20000,4505
834516261,I2_1,10000,2639
712793615,I2_1,10000,3697
598775821,I2_1,10000,3280
691140055,I2_2,20000,4646
418723642,I2_2,20000,4637
577020570,I2_1,10000,2736
580607718,I2_2,20000,4747
727604179,I2_1,10000,2783
464656471,I2_1,10000,3878
114652568,I2_1,10000,2821
436909187,I2_1,10000,2879
520481614,I2_2,20000,5464
497770061,I2_2,20000,4910
352670886,I2_1,10000,4402
777663815,I2_2,20000,7786
375646852,I2_2,20000,7835
883405708,I2_1,10000,5121
61016716,I2_1,10000,5598
494584668,I2_2,20000,10766
741021323,I2_2,20000,8335
216211584,I2_1,10000,4433
636143333,I2_1,10000,2825
92445504,I2_1,10000,3223
941851517,I2_1,10000,3698
240418659,I2_2,20000,5948
884581258,I2_2,20000,7738
75229673,I2_2,20000,6362
184881994,I2_2,20000,5208
772061111,I2_2,20000,5614
577460069,I2_2,20000,6546
731942004,I2_2,20000,4726
429458578,I2_2,20000,6819
829265217,I2_2,20000,6816
569889864,I2_2,20000,6784
863592356,I2_1,10000,5057
609457457,I2_1,10000,6784
438345875,I2_2,20000,8565
563513861,I2_1,10000,3629
240642108,I2_1,10000,3508
714551843,I2_2,20000,6381
727399443,I2_2,20000,5276
998342089,I2_1,10000,3686
834841843,I2_2,20000,7490
77550317,I2_2,20000,6959
815563065,I2_1,10000,5036
303783648,I2_1,10000,2775
197097356,I2_1,10000,2762
902721900,I2_2,20000,5615
817079361,I2_2,20000,4716
884411196,I2_2,20000,4751
996045362,I2_2,20000,5442
29497777,I2_1,10000,5246
39732011,I2_2,20000,8742
711296223,I2_2,20000,9768
380076395,I2_1,10000,6412
555969801,I2_2,20000,12483
343545407,I2_2,20000,9014
857563179,I2_2,20000,7798
5436184,I2_1,10000,6713
615723990,I2_2,20000,10730
243327808,I2_2,20000,12887
255112038,I2_2,20000,6925
254151793,I2_2,20000,7897
794635339,I2_1,10000,2995
160221518,I2_1,10000,4096
306178838,I2_1,10000,2816
930944266,I2_1,10000,3507
528121893,I2_2,20000,6524
845038095,I2_1,10000,3896
441480486,I2_1,10000,4464
204194431,I2_1,10000,6149
482223006,I2_2,20000,9360
542224514,I2_2,20000,11550
291403291,I2_2,20000,13548
443720460,I2_2,20000,15676
299876107,I2_2,20000,15352
955248662,I2_2,20000,7200
710578130,I2_1,10000,6763
398269843,I2_2,20000,6044
528492729,I2_1,10000,3971
665447889,I2_2,20000,6261
124711952,I2_1,10000,3658
570577083,I2_1,10000,3538
214363664,I2_1,10000,2988
698903822,I2_1,10000,2691
609544549,I2_1,10000,3858
788890951,I2_2,20000,5637
134188146,I2_2,20000,6051
752784022,I2_1,10000,5418
942763185,I2_1,10000,4914
128451566,I2_2,20000,6387
920906381,I2_1,10000,4351
322060540,I2_1,10000,5946
492588787,I2_2,20000,9790
202876217,I2_2,20000,10246
870827103,I2_2,20000,12253
625670044,I2_2,20000,10876
279124544,I2_2,20000,9648
565073214,I2_2,20000,11267
695478770,I2_2,20000,11752
977515530,I2_1,10000,5844
651516917,I2_1,10000,3773
54512079,I2_2,20000,13858
350040020,I2_2,20000,13934
401471030,I2_2,20000,14900
534361176,I2_2,20000,16554
53022131,I2_2,20000,15804
214986905,I2_1,10000,6842
917970473,I2_1,10000,7431
513877308,I2_2,20000,11094
370940315,I2_1,10000,3705
15823814,I2_2,20000,14781
883321182,I2_2,20000,7990
180538482,I2_2,20000,7048
354202375,I2_2,20000,6967
751927565,I2_2,20000,6887
855663512,I2_1,10000,4143
61788731,I2_2,20000,10070
288576760,I2_2,20000,8512
213198871,I2_1,10000,4964
297391971,I2_2,20000,4588
148519555,I2_2,20000,5521
106888865,I2_2,20000,4602
283483722,I2_2,20000,5404
56560040,I2_1,10000,3823
336291581,I2_1,10000,4912
977446104,I2_1,10000,4241
763777828,I2_2,20000,8678
777364440,I2_2,20000,4853
713849439,I2_1,10000,4292
136747330,I2_2,20000,5374
588174024,I2_1,10000,2763
705184103,I2_1,10000,3291
717852762,I2_2,20000,5049
411338302,I2_2,20000,6045
143118558,I2_2,20000,5370
946185456,I2_2,20000,7349
962145529,I2_1,10000,3218
968686586,I2_2,20000,5517
939710348,I2_1,10000,2872
343120224,I2_1,10000,4009
934442553,I2_1,10000,3407
703050551,I2_2,20000,6505
424886332,I2_2,20000,8272
252503712,I2_1,10000,3349
196220710,I2_2,20000,9787
278366794,I2_1,10000,3307
680122524,I2_2,20000,6409
659071178,I2_2,20000,7675
983650242,I2_2,20000,6989
320055753,I2_2,20000,6475
295392346,I2_1,10000,5840
339424141,I2_1,10000,3752
263948567,I2_2,20000,11199
608298888,I2_2,20000,11597
516775430,I2_1,10000,4661
246542251,I2_2,20000,13164
777613165,I2_1,10000,5089
252519994,I2_2,20000,12098
5627704,I2_2,20000,12527
793733482,I2_2,20000,11537
534457393,I2_2,20000,10045
197430638,I2_1,10000,4797
941979158,I2_1,10000,3200
860408976,I2_2,20000,12644
59094217,I2_2,20000,12633
679012188,I2_2,20000,14757
662233639,I2_2,20000,9102
883393728,I2_2,20000,6414
846141607,I2_1,10000,2770
55594876,I2_2,20000,6036
527319812,I2_1,10000,3937
351051571,I2_2,20000,4932
286476735,I2_2,20000,6874
413443928,I2_2,20000,8967
334095284,I2_1,10000,5828
842994105,I2_1,10000,5135
434013275,I2_2,20000,11609
366371633,I2_1,10000,5240
529227233,I2_2,20000,10986
265058666,I2_1,10000,5348
877657097,I2_2,20000,13593
96256133,I2_1,10000,4854
734156741,I2_1,10000,4807
694056125,I2_2,20000,12184
443530859,I2_2,20000,12838
711767053,I2_1,10000,4121
715747860,I2_2,20000,13356
161349499,I2_1,10000,3637
717381704,I2_2,20000,15340
938912250,I2_2,20000,18051
556690921,I2_2,20000,17412
143639986,I2_1,10000,6247
941817493,I2_2,20000,18955
632115313,I2_2,20000,18227
349472776,I2_2,20000,17872
797690034,I2_1,10000,5256
369250791,I2_2,20000,17915
316151398,I2_2,20000,18379
558253328,I2_1,10000,6846
100186037,I2_2,20000,19539
163832490,I2_1,10000,8520
415871822,I2_1,10000,8494
12845815,I2_1,10000,6412
425911389,I2_1,10000,6966
891925093,I2_2,20000,17487
702564805,I2_1,10000,7495
666885487,I2_2,20000,18522
475549517,I2_2,20000,20063
160752205,I2_2,20000,21609
431542,I2_1,10000,11552
715574628,I2_2,20000,17024
432366264,I2_1,10000,4827
254235940,I2_1,10000,5352
238210566,I2_1,10000,6563
441882993,I2_1,10000,5374
617694702,I2_1,10000,5301
993205122,I2_1,10000,5846
202094795,I2_1,10000,4369
152164823,I2_1,10000,4824
586180142,I2_1,10000,5906
994608675,I2_1,10000,3801
559584166,I2_2,20000,15224
854302966,I2_1,10000,6478
804650977,I2_1,10000,5340
71307289,I2_2,20000,17772
375320837,I2_1,10000,5911
823305062,I2_1,10000,4870
296322391,I2_2,20000,11257
880602203,I2_1,10000,4304
801191528,I2_2,20000,8610
507691308,I2_1,10000,3821
287940438,I2_1,10000,4246
182195448,I2_2,20000,12277
253721804,I2_2,20000,13265
180989829,I2_2,20000,4362
800757104,I2_2,20000,4523
404979727,I2_1,10000,2834
164759025,I2_2,20000,5079
630305314,I2_1,10000,4343
161474614,I2_1,10000,5429
953670410,I2_1,10000,3004
872514766,I2_2,20000,4454
581208464,I2_1,10000,2490
142403153,I2_1,10000,2543
730499811,I2_1,10000,2483
702368080,I2_2,20000,4854
555779762,I2_2,20000,6099
894073983,I2_1,10000,4409
369058863,I2_2,20000,7412
506757176,I2_2,20000,7576
23757377,I2_1,10000,3152
893304680,I2_1,10000,4208
541254780,I2_1,10000,4263
768648780,I2_1,10000,3854
681972946,I2_2,20000,9057
866752105,I2_2,20000,11430
195517502,I2_1,10000,3032
935120790,I2_1,10000,4600
746664914,I2_1,10000,5150
811821801,I2_2,20000,8829
839571741,I2_2,20000,11000
469878715,I2_1,10000,5305
894155176,I2_2,20000,13674
566358615,I2_2,20000,14611
410539462,I2_2,20000,16707
63908678,I2_2,20000,18132
86087591,I2_2,20000,18571
667866493,I2_2,20000,20685
165318970,I2_1,10000,10667
984358882,I2_1,10000,10104
742196562,I2_1,10000,9443
629734432,I2_2,20000,18485
257719495,I2_1,10000,7314
883367952,I2_1,10000,6305
130191501,I2_2,20000,12542
155825207,I2_2,20000,14581
675403778,I2_2,20000,14202
591751313,I2_2,20000,11517
310295036,I2_1,10000,2754
279089090,I2_1,10000,2932
360716481,I2_2,20000,6443
747812083,I2_1,10000,2626
34480471,I2_1,10000,3115
602398403,I2_2,20000,5345
267211656,I2_1,10000,4262
609670615,I2_2,20000,7206
161163464,I2_1,10000,2449
581601449,I2_2,20000,5016
773896721,I2_2,20000,4536
167928750,I2_2,20000,6685
562162653,I2_2,20000,4593
698433256,I2_1,10000,3962
525977497,I2_2,20000,5802
660933866,I2_1,10000,5059
566110398,I2_2,20000,7159
725441012,I2_2,20000,7244
883758934,I2_2,20000,7345
904259212,I2_2,20000,8839
94830581,I2_2,20000,5735
592054238,I2_1,10000,3996
140822065,I2_1,10000,2944
863276653,I2_2,20000,4559
466764285,I2_1,10000,3363
901157125,I2_2,20000,4725
396697977,I2_1,10000,4003
529937730,I2_1,10000,3361
256082390,I2_2,20000,5636
688800159,I2_1,10000,4497
648618915,I2_1,10000,5012
242570272,I2_2,20000,7160
697397313,I2_1,10000,4895
504128538,I2_2,20000,10354
583314210,I2_2,20000,9232
115432237,I2_1,10000,4914
615578900,I2_1,10000,3262
615937901,I2_2,20000,8667
170814994,I2_1,10000,4322
355167656,I2_2,20000,11661
833336145,I2_2,20000,13304
659801959,I2_2,20000,4620
260366653,I2_2,20000,5461
895621195,I2_2,20000,6607
409786590,I2_2,20000,5510
231960900,I2_1,10000,2948
730133713,I2_1,10000,4061
151326691,I2_1,10000,4482
447755373,I2_2,20000,6241
468078589,I2_1,10000,3890
216070621,I2_2,20000,6443
2259282,I2_1,10000,3674
808032310,I2_2,20000,5491
445274045,I2_2,20000,4623
833487260,I2_2,20000,4593
246455063,I2_2,20000,4625
169672631,I2_1,10000,3069
384894914,I2_2,20000,6025
968285020,I2_1,10000,5966
658039492,I2_1,10000,5338
475004311,I2_2,20000,7413
637188623,I2_2,20000,9536
21681523,I2_1,10000,2894
247655618,I2_2,20000,10285
129535747,I2_2,20000,10621
751273759,I2_1,10000,4600
968763561,I2_2,20000,9221
233351050,I2_1,10000,4715
181886240,I2_1,10000,3408
24796622,I2_2,20000,6701
66024909,I2_2,20000,5701
616183093,I2_1,10000,4442
568520358,I2_2,20000,6876
652957972,I2_2,20000,7254
97862112,I2_1,10000,4099
290204520,I2_1,10000,4159
711452177,I2_1,10000,3926
673952965,I2_2,20000,10603
694647268,I2_1,10000,4249
299137734,I2_2,20000,11504
224752684,I2_1,10000,3567
978726874,I2_1,10000,3748
320327525,I2_2,20000,12331
716279464,I2_1,10000,4761
720667241,I2_1,10000,5272
984485341,I2_2,20000,15401
411109723,I2_2,20000,17437
611262366,I2_2,20000,16218
986844837,I2_2,20000,18351
431443408,I2_1,10000,5186
416611415,I2_2,20000,17374
709487589,I2_1,10000,3762
536761412,I2_2,20000,12180
58301172,I2_1,10000,5270
792074761,I2_2,20000,14216
643195837,I2_1,10000,5260
883541776,I2_2,20000,16785
263410269,I2_2,20000,17890
1421164,I2_2,20000,16886
224148969,I2_2,20000,16179
493198314,I2_1,10000,6220
608670328,I2_2,20000,16616
618940457,I2_2,20000,15611
151748672,I2_2,20000,16333
353743742,I2_2,20000,12602
34539834,I2_1,10000,2553
156627383,I2_2,20000,5416
921589489,I2_2,20000,6689
510654375,I2_2,20000,5684
428263088,I2_1,10000,3056
197876733,I2_2,20000,4583
162012024,I2_2,20000,4893
872699625,I2_2,20000,4596
525011479,I2_1,10000,4030
810217862,I2_1,10000,3958
185650668,I2_2,20000,8497
83596045,I2_1,10000,6795
36437672,I2_2,20000,10588
67416240,I2_2,20000,6605
401582366,I2_1,10000,4292
487386702,I2_2,20000,8925
873980443,I2_1,10000,3451
97379657,I2_2,20000,5193
629658354,I2_2,20000,5007
415032760,I2_1,10000,4471
874843936,I2_1,10000,4824
823947710,I2_2,20000,9915
481473997,I2_1,10000,6407
383421711,I2_1,10000,4334
94418875,I2_2,20000,9046
40437937,I2_1,10000,3499
647047907,I2_1,10000,2901
55221616,I2_2,20000,5100
510534386,I2_1,10000,3516
759638745,I2_2,20000,4574
938662772,I2_2,20000,5499
255102616,I2_2,20000,4584
788674815,I2_2,20000,4542
680224387,I2_1,10000,2961
830789039,I2_1,10000,3214
16709405,I2_2,20000,4711
825582213,I2_1,10000,2601
464804687,I2_2,20000,4875
107512270,I2_1,10000,2907
176309157,I2_2,20000,4586
551561726,I2_2,20000,4652
305122376,I2_1,10000,2659
780693557,I2_1,10000,2963
319502175,I2_2,20000,5487
817739816,I2_2,20000,5169
785534414,I2_1,10000,4397
729688687,I2_2,20000,7127
601417284,I2_2,20000,7973
850005008,I2_1,10000,5100
767713092,I2_1,10000,3539
335519330,I2_2,20000,9539
652014996,I2_1,10000,4630
273150984,I2_1,10000,6278
868475169,I2_1,10000,6259
466742552,I2_2,20000,11314
297225210,I2_1,10000,3886
706677193,I2_1,10000,3957
914616845,I2_1,10000,4434
556855402,I2_1,10000,5058
761035140,I2_1,10000,5100
897792509,I2_2,20000,16619
336691878,I2_1,10000,5377
271139811,I2_2,20000,15935
340771094,I2_1,10000,6456
650332036,I2_2,20000,14121
240263375,I2_2,20000,7918
269699432,I2_2,20000,7879
871028823,I2_1,10000,4231
532695450,I2_2,20000,8971
507309298,I2_1,10000,3824
103383131,I2_2,20000,5902
847901248,I2_2,20000,5442
788415936,I2_2,20000,5176
177149319,I2_1,10000,4638
672978977,I2_1,10000,5124
539707318,I2_1,10000,5579
870399737,I2_2,20000,7742
481268363,I2_2,20000,6232
85487776,I2_1,10000,2533
507594809,I2_2,20000,7102
490368115,I2_1,10000,4343
378013300,I2_1,10000,2519
800689589,I2_2,20000,5984
208677620,I2_2,20000,5602
138133027,I2_1,10000,4897
602039611,I2_1,10000,5367
596477861,I2_2,20000,9790
814555473,I2_2,20000,9638
316991278,I2_2,20000,6512
625693707,I2_2,20000,6837
66346885,I2_1,10000,4241
905666495,I2_1,10000,2470
467849651,I2_1,10000,2534
695275957,I2_1,10000,3607
309493110,I2_1,10000,3477
530501630,I2_2,20000,5092
420130294,I2_2,20000,5534
335856140,I2_1,10000,4870
966932697,I2_1,10000,3757
13923054,I2_2,20000,8393
1609886,I2_1,10000,2624
865250646,I2_2,20000,4619
591456688,I2_1,10000,3927
214560052,I2_2,20000,5144
228297412,I2_1,10000,3574
35582846,I2_1,10000,4521
489535830,I2_2,20000,5150
985341941,I2_2,20000,4579
579691242,I2_2,20000,4555
861605114,I2_2,20000,4944
66516532,I2_1,10000,2572
716738173,I2_1,10000,3138
543806865,I2_1,10000,2500
385441111,I2_1,10000,3036
385216802,I2_2,20000,5317
857056335,I2_1,10000,4730
67608400,I2_2,20000,7005
729846894,I2_2,20000,4647
719125586,I2_1,10000,4185
22579325,I2_1,10000,3954
536943649,I2_1,10000,3743
181304465,I2_1,10000,5799
38594975,I2_2,20000,6883
157537883,I2_1,10000,6062
500912379,I2_1,10000,4353
880061898,I2_2,20000,10208
888889819,I2_1,10000,2605
681368208,I2_2,20000,5771
590601169,I2_1,10000,4836
52872290,I2_2,20000,8435
885512912,I2_1,10000,5325
108977046,I2_2,20000,9605
350254642,I2_2,20000,9868
128755432,I2_2,20000,5131
951676671,I2_1,10000,4528
522808795,I2_2,20000,7882
333586188,I2_1,10000,3909
515712963,I2_1,10000,5470
783495387,I2_2,20000,7206
313660644,I2_1,10000,3831
638808137,I2_2,20000,10336
127821292,I2_1,10000,3754
20036527,I2_1,10000,3053
786788681,I2_1,10000,3614
55502834,I2_1,10000,5745
914509061,I2_2,20000,6788
489133253,I2_1,10000,6179
780431995,I2_1,10000,6713
161462437,I2_2,20000,10500
879010059,I2_1,10000,5453
608447726,I2_2,20000,11608
544940998,I2_2,20000,5559
616238846,I2_1,10000,2844
82733172,I2_1,10000,2984
374676151,I2_1,10000,2477
794567383,I2_1,10000,2498
843872880,I2_1,10000,2641
265437726,I2_1,10000,2914
822540443,I2_2,20000,5025
63726837,I2_1,10000,4422
35275284,I2_2,20000,4576
935217988,I2_2,20000,5100
163821898,I2_1,10000,4509
924396190,I2_2,20000,6633
185036516,I2_2,20000,5467
15571171,I2_1,10000,3755
892000977,I2_1,10000,3421
442164865,I2_2,20000,5115
407393106,I2_2,20000,7488
381172217,I2_1,10000,3031
132119873,I2_1,10000,3753
242873595,I2_1,10000,2983
612313984,I2_1,10000,3694
671388774,I2_2,20000,5209
502544452,I2_1,10000,2646
207248879,I2_2,20000,4581
508525053,I2_1,10000,5163
339061884,I2_1,10000,4035
348939059,I2_1,10000,3064
753340304,I2_2,20000,4698
458885584,I2_2,20000,4935
489691766,I2_2,20000,5407
422639294,I2_2,20000,5467
675066066,I2_2,20000,5441
158093536,I2_1,10000,3022
163974501,I2_2,20000,4710
849231135,I2_1,10000,6310
218864275,I2_1,10000,6829
831711359,I2_1,10000,6080
196331302,I2_2,20000,6572
45030862,I2_1,10000,2958
815846327,I2_1,10000,2550
247065262,I2_1,10000,3680
43941723,I2_1,10000,2567
791008710,I2_2,20000,4807
196175690,I2_2,20000,5232
809062596,I2_1,10000,4613
982486854,I2_1,10000,5179
148679311,I2_2,20000,7221
917980974,I2_2,20000,7223
391535312,I2_2,20000,8958
199727200,I2_2,20000,7900
394458533,I2_1,10000,4206
561753440,I2_2,20000,6235
169475111,I2_2,20000,7198
336318827,I2_1,10000,3965
984119592,I2_1,10000,2577
877335439,I2_1,10000,2608
710164634,I2_1,10000,2791
245901049,I2_2,20000,4679
720691848,I2_1,10000,3020
676529697,I2_2,20000,4604
966241189,I2_2,20000,5533
922230026,I2_1,10000,2767
641566253,I2_2,20000,4976
746986170,I2_2,20000,5859
511650906,I2_2,20000,5659
576976016,I2_2,20000,6645
418312484,I2_1,10000,2743
889574210,I2_1,10000,2725
154362937,I2_2,20000,4677
818748791,I2_2,20000,7332
47627270,I2_1,10000,4431
331286245,I2_2,20000,8751
768517649,I2_2,20000,9117
423234510,I2_2,20000,6280
802493639,I2_1,10000,6056
409356042,I2_1,10000,4356
849808694,I2_2,20000,6013
592022336,I2_1,10000,4158
900480628,I2_1,10000,4468
686810546,I2_1,10000,5008
128885428,I2_1,10000,5478
370290440,I2_2,20000,11773
723484251,I2_2,20000,12839
946746370,I2_1,10000,4163
840772116,I2_2,20000,12445
783247574,I2_1,10000,6189
638966691,I2_1,10000,7533
194753237,I2_1,10000,8052
868986708,I2_2,20000,14602
772783187,I2_2,20000,16185
4487365,I2_2,20000,14928
831400382,I2_2,20000,5623
821008535,I2_2,20000,5974
534931647,I2_2,20000,4929
159886286,I2_1,10000,5431
439105542,I2_2,20000,5462
101814720,I2_1,10000,4447
169923199,I2_1,10000,4091
44582200,I2_2,20000,5033
64872296,I2_2,20000,4989
792746340,I2_1,10000,2710
217175875,I2_2,20000,5322
870605829,I2_1,10000,5738
314671515,I2_1,10000,3185
221776288,I2_2,20000,7586
893782536,I2_2,20000,7887
792978993,I2_2,20000,9637
414775447,I2_2,20000,8031
498520195,I2_1,10000,5331
22534295,I2_1,10000,3630
770796456,I2_2,20000,8950
9563300,I2_2,20000,8681
404425380,I2_2,20000,8103
572528140,I2_1,10000,4914
90481196,I2_1,10000,3278
344761127,I2_2,20000,9854
742700322,I2_1,10000,4519
284139982,I2_1,10000,5105
613301875,I2_1,10000,2722
131427428,I2_1,10000,2700
550389414,I2_2,20000,5280
411646038,I2_1,10000,2705
681139058,I2_2,20000,4969
603326843,I2_1,10000,2848
773621221,I2_2,20000,8786
708597539,I2_1,10000,5445
487262723,I2_1,10000,4862
197232454,I2_2,20000,7826
323629856,I2_2,20000,9188
345223655,I2_1,10000,4098
333659163,I2_1,10000,2920
77534515,I2_1,10000,2676
395060844,I2_1,10000,3408
12707061,I2_1,10000,3510
855489204,I2_2,20000,5158
971887232,I2_1,10000,3819
397201177,I2_1,10000,4404
153096440,I2_1,10000,4536
98981006,I2_2,20000,7076
561832481,I2_1,10000,2760
278176756,I2_1,10000,2997
263016070,I2_2,20000,4764
304736556,I2_2,20000,5760
572233521,I2_1,10000,3914
71926847,I2_2,20000,8009
870182307,I2_1,10000,4081
591755783,I2_1,10000,3005
711650282,I2_1,10000,2633
995943429,I2_1,10000,3409
299424081,I2_2,20000,4820
548498014,I2_1,10000,2689
826828331,I2_2,20000,5045
401138420,I2_1,10000,5454
396694207,I2_1,10000,5936
994508454,I2_1,10000,5300
12082837,I2_2,20000,5273
330408837,I2_2,20000,4740
161327670,I2_1,10000,4059
318325287,I2_2,20000,4696
590131300,I2_2,20000,6661
264588357,I2_2,20000,4690
274729793,I2_2,20000,4944
190735480,I2_2,20000,7125
69553152,I2_2,20000,4823
186370626,I2_2,20000,4621
724858671,I2_2,20000,12381
464645066,I2_2,20000,10083
612962942,I2_1,10000,2805
605719309,I2_2,20000,5148
509597387,I2_1,10000,2848
623993613,I2_2,20000,4832
771319675,I2_2,20000,5789
53916283,I2_1,10000,2811
149900470,I2_1,10000,3894
302753429,I2_2,20000,5223
615164977,I2_2,20000,5288
360797789,I2_1,10000,4773
72744739,I2_2,20000,9078
769294671,I2_2,20000,9038
387418538,I2_2,20000,10133
908291307,I2_2,20000,6675
606620978,I2_1,10000,4167
236668049,I2_1,10000,4448
8542781,I2_2,20000,6210
821997770,I2_2,20000,6159
354796336,I2_1,10000,5635
592936778,I2_2,20000,7352
735680311,I2_2,20000,5292
280022174,I2_1,10000,4637
147473767,I2_1,10000,3541
685835624,I2_2,20000,8822
951799631,I2_1,10000,3719
440378948,I2_1,10000,5331
471579994,I2_1,10000,4751
764962714,I2_2,20000,7197
378396981,I2_1,10000,2804
775142334,I2_2,20000,5241
21602441,I2_2,20000,4774
735601353,I2_2,20000,5259
563411124,I2_2,20000,6343
85577188,I2_1,10000,4790
983026846,I2_1,10000,4152
355927288,I2_1,10000,5839
889489753,I2_2,20000,9096
349127608,I2_2,20000,9549
982427587,I2_2,20000,11154
918178800,I2_2,20000,6139
562022217,I2_1,10000,3010
50949567,I2_1,10000,3411
670989832,I2_2,20000,7018
734499693,I2_2,20000,5204
927935167,I2_1,10000,4569
319986130,I2_2,20000,8053
791674915,I2_2,20000,10077
997849155,I2_2,20000,4696
497936401,I2_2,20000,7116
180359414,I2_1,10000,4492
563847173,I2_2,20000,6765
921202735,I2_1,10000,5039
935110559,I2_1,10000,4304
908949030,I2_2,20000,8697
547218748,I2_2,20000,5697
57884973,I2_2,20000,7245
71559155,I2_1,10000,2917
485561986,I2_1,10000,2829
428474831,I2_2,20000,5131
527139829,I2_1,10000,5688
699256015,I2_1,10000,3004
916854898,I2_2,20000,8804
