request_id,graph_id,slo,latency
646850102,I2_2,20000,5622
775625920,I2_2,20000,6077
42915015,I2_2,20000,6505
403152228,I2_1,10000,5921
377435670,I2_1,10000,4187
405377567,I2_2,20000,8496
47930978,I2_1,10000,4234
584440647,I2_1,10000,3108
458014420,I2_2,20000,10279
828891863,I2_2,20000,11816
710824145,I2_1,10000,3513
187084526,I2_2,20000,5543
572045188,I2_2,20000,6356
105243084,I2_2,20000,7320
749151580,I2_1,10000,3687
87749034,I2_2,20000,4467
904914754,I2_1,10000,2906
513666843,I2_2,20000,4809
526137174,I2_1,10000,2366
321729133,I2_1,10000,2346
304660967,I2_2,20000,4448
25222608,I2_1,10000,3899
482624447,I2_1,10000,3843
680940390,I2_1,10000,2774
323360479,I2_2,20000,5433
643595761,I2_1,10000,4732
958703048,I2_1,10000,4098
224155824,I2_2,20000,8585
919257,I2_2,20000,10616
518720963,I2_1,10000,3642
596406359,I2_2,20000,9333
453411485,I2_1,10000,3265
610032318,I2_1,10000,2929
869391761,I2_2,20000,5131
220144757,I2_2,20000,4479
914001593,I2_1,10000,3880
284982727,I2_1,10000,3945
71301016,I2_2,20000,4602
862900278,I2_1,10000,4014
394637928,I2_2,20000,6133
674164511,I2_1,10000,4476
851856534,I2_1,10000,3309
652692138,I2_2,20000,8991
937140020,I2_1,10000,4608
220281687,I2_2,20000,6227
617622385,I2_1,10000,4694
146989770,I2_2,20000,7724
786467053,I2_2,20000,4931
561285987,I2_2,20000,6233
636918942,I2_2,20000,4575
289978260,I2_1,10000,5130
485593836,I2_1,10000,3252
557023017,I2_1,10000,2875
683975861,I2_2,20000,5568
858150299,I2_1,10000,3812
145107102,I2_2,20000,5534
626830784,I2_1,10000,2646
232814823,I2_1,10000,3860
119716107,I2_1,10000,3060
271033664,I2_1,10000,4164
238442523,I2_1,10000,3316
628253098,I2_1,10000,3246
610939492,I2_2,20000,4506
953539730,I2_2,20000,5510
252832989,I2_2,20000,4545
492192464,I2_1,10000,3768
847316956,I2_2,20000,5536
97115943,I2_2,20000,4522
239011475,I2_1,10000,3902
247628529,I2_1,10000,5090
273659050,I2_1,10000,2971
949472512,I2_1,10000,2432
325886279,I2_2,20000,4461
865444001,I2_1,10000,3831
547741522,I2_2,20000,7859
676394466,I2_2,20000,5059
540726263,I2_1,10000,5558
167959300,I2_2,20000,5636
681611137,I2_1,10000,3916
253242580,I2_2,20000,6112
80123109,I2_2,20000,6090
881216809,I2_1,10000,5437
197351292,I2_2,20000,6480
52142312,I2_1,10000,3298
211678130,I2_1,10000,4640
54576086,I2_1,10000,3343
883920605,I2_2,20000,9876
48286878,I2_2,20000,6459
460861890,I2_1,10000,4258
47600897,I2_2,20000,9626
502933755,I2_1,10000,4711
344803696,I2_1,10000,3350
926565747,I2_1,10000,3968
710132681,I2_2,20000,6825
129698460,I2_1,10000,2954
131949160,I2_1,10000,4113
229505086,I2_1,10000,3035
100556327,I2_1,10000,2998
935549208,I2_2,20000,4490
808336300,I2_2,20000,5565
171120279,I2_2,20000,5061
756660909,I2_1,10000,4470
226572984,I2_1,10000,3893
417585606,I2_2,20000,8867
760266550,I2_2,20000,6534
300721969,I2_1,10000,4805
201255851,I2_1,10000,6376
691732165,I2_2,20000,10256
284653119,I2_2,20000,4558
409397744,I2_1,10000,5291
25543239,I2_2,20000,6941
620646532,I2_2,20000,6042
757230499,I2_1,10000,3200
806524542,I2_1,10000,4790
291385584,I2_2,20000,6725
708412596,I2_2,20000,6815
395864116,I2_1,10000,4584
332573317,I2_2,20000,7789
619589067,I2_2,20000,6025
321762196,I2_2,20000,7911
585544229,I2_1,10000,3597
95501952,I2_2,20000,5698
594958168,I2_1,10000,3906
187450575,I2_1,10000,3953
902599706,I2_2,20000,5087
843493046,I2_1,10000,5621
682560841,I2_1,10000,3097
10777891,I2_2,20000,9428
774036259,I2_2,20000,7238
680472946,I2_1,10000,5986
38248890,I2_1,10000,5278
630347782,I2_2,20000,8769
945249493,I2_1,10000,4998
497696683,I2_1,10000,3559
814714490,I2_1,10000,3902
110889654,I2_2,20000,6856
375772984,I2_1,10000,3061
767799004,I2_1,10000,3658
17515397,I2_2,20000,4624
999952135,I2_2,20000,5687
712854323,I2_2,20000,5435
767647647,I2_2,20000,6419
167959106,I2_1,10000,3657
370927784,I2_2,20000,7691
770503247,I2_2,20000,6065
299692250,I2_1,10000,4078
899041493,I2_2,20000,5584
227008898,I2_1,10000,2671
430607932,I2_2,20000,5104
610111406,I2_1,10000,5049
382883353,I2_2,20000,5550
634142068,I2_1,10000,6129
352159348,I2_2,20000,4651
258494882,I2_1,10000,2533
826555707,I2_2,20000,4583
592159751,I2_2,20000,4702
90242753,I2_2,20000,6863
303976485,I2_1,10000,2823
64300384,I2_1,10000,3410
174712328,I2_2,20000,7165
430577591,I2_1,10000,4997
671529629,I2_1,10000,5532
320423098,I2_1,10000,5511
386964774,I2_1,10000,6249
707845937,I2_2,20000,12125
763063679,I2_2,20000,14281
2647513,I2_1,10000,5419
89682962,I2_2,20000,16396
118734346,I2_2,20000,16709
388277249,I2_1,10000,5781
836636871,I2_2,20000,14946
505667848,I2_2,20000,17055
239174628,I2_2,20000,17999
618851550,I2_2,20000,16390
293091148,I2_2,20000,17337
202851029,I2_2,20000,16809
180666775,I2_1,10000,5861
511318050,I2_1,10000,7511
991614490,I2_2,20000,16052
8536147,I2_1,10000,5512
984468971,I2_2,20000,4633
893344494,I2_1,10000,5208
640126144,I2_2,20000,4930
184142519,I2_1,10000,2533
314501466,I2_1,10000,2513
572812236,I2_1,10000,2609
654021677,I2_2,20000,5332
199130798,I2_1,10000,4681
107146748,I2_1,10000,3964
988785530,I2_2,20000,6188
251877079,I2_2,20000,8328
954142337,I2_2,20000,4513
354590468,I2_2,20000,5911
807224173,I2_1,10000,5382
127938405,I2_1,10000,4779
592542358,I2_1,10000,5775
49670227,I2_2,20000,10282
121954682,I2_2,20000,4510
871878874,I2_2,20000,5524
803124734,I2_2,20000,4544
8070662,I2_1,10000,3443
563141730,I2_2,20000,6073
473989219,I2_2,20000,4916
206202935,I2_1,10000,5304
167783261,I2_2,20000,4883
666343939,I2_1,10000,3822
368840603,I2_2,20000,7432
490189509,I2_1,10000,2580
563264502,I2_1,10000,2564
448471906,I2_1,10000,3077
50735668,I2_2,20000,4559
585397708,I2_2,20000,6539
639520115,I2_2,20000,4569
497099863,I2_2,20000,4484
34106780,I2_2,20000,4619
324114628,I2_1,10000,5177
512699533,I2_1,10000,5041
624151406,I2_2,20000,7561
894051652,I2_1,10000,2736
943937339,I2_1,10000,2815
923405680,I2_2,20000,4448
490127586,I2_1,10000,3291
628101972,I2_2,20000,4911
467496781,I2_1,10000,2910
781497422,I2_2,20000,4830
857868868,I2_1,10000,2375
869068570,I2_2,20000,5020
986118644,I2_2,20000,4588
759244617,I2_2,20000,5511
472028641,I2_1,10000,4871
290695090,I2_1,10000,3986
147177071,I2_1,10000,2352
990243552,I2_1,10000,2375
636555576,I2_1,10000,2463
524510860,I2_1,10000,2524
372587061,I2_1,10000,4153
619565770,I2_2,20000,4646
899063525,I2_2,20000,6755
819807015,I2_1,10000,3185
412668708,I2_2,20000,5043
159211693,I2_1,10000,2599
545282818,I2_2,20000,4537
547589608,I2_2,20000,4698
339931628,I2_1,10000,3848
177863137,I2_1,10000,4413
638920787,I2_2,20000,7434
770047612,I2_1,10000,4904
94017745,I2_1,10000,5579
964696190,I2_2,20000,11405
160057929,I2_2,20000,5721
895209921,I2_2,20000,6729
662373943,I2_1,10000,5069
186875551,I2_1,10000,3601
757508313,I2_2,20000,4651
181319198,I2_2,20000,5612
158763284,I2_1,10000,4942
176560680,I2_1,10000,5954
560093527,I2_1,10000,6135
693450703,I2_1,10000,6979
912112158,I2_1,10000,3164
457463521,I2_1,10000,2497
168818032,I2_2,20000,5018
487807677,I2_1,10000,3037
687247831,I2_1,10000,3689
725973623,I2_2,20000,4673
304561794,I2_1,10000,5157
786088575,I2_2,20000,6626
553457823,I2_1,10000,4101
799165755,I2_2,20000,7211
554487913,I2_2,20000,8835
714378511,I2_2,20000,10178
571645845,I2_1,10000,5261
601695599,I2_2,20000,11598
181488316,I2_2,20000,10086
743432623,I2_1,10000,4372
858635077,I2_2,20000,9423
363253477,I2_1,10000,4227
40505840,I2_1,10000,5234
622366153,I2_2,20000,13732
577287539,I2_2,20000,9431
231699905,I2_2,20000,9354
243144957,I2_2,20000,5012
95672861,I2_1,10000,3407
934469351,I2_2,20000,5488
882270177,I2_2,20000,6622
660670589,I2_2,20000,7601
298543828,I2_2,20000,5529
89803642,I2_2,20000,5714
385374822,I2_2,20000,5557
201948770,I2_2,20000,6283
458396676,I2_2,20000,8387
618246534,I2_2,20000,5682
489264771,I2_2,20000,6871
110664059,I2_2,20000,4988
874355086,I2_1,10000,3790
480875928,I2_2,20000,4714
580575405,I2_1,10000,5242
432484702,I2_1,10000,4931
740471574,I2_2,20000,9046
320905755,I2_1,10000,2548
548727618,I2_2,20000,5247
526179156,I2_2,20000,5067
392664095,I2_1,10000,3503
108588233,I2_2,20000,6038
607066055,I2_2,20000,4864
714937256,I2_1,10000,3487
594291368,I2_2,20000,5602
893038453,I2_2,20000,7330
214902207,I2_2,20000,7146
246463207,I2_1,10000,4281
91316680,I2_2,20000,5803
507801518,I2_1,10000,2771
517729976,I2_1,10000,2552
738840881,I2_1,10000,2607
579837895,I2_2,20000,5984
989740647,I2_2,20000,5514
992933279,I2_2,20000,5744
423024199,I2_2,20000,5752
532872729,I2_2,20000,6238
421299713,I2_2,20000,7280
62795753,I2_1,10000,5397
925365016,I2_2,20000,9853
953822740,I2_2,20000,7556
495306269,I2_2,20000,9063
545117811,I2_2,20000,5081
480615669,I2_1,10000,5471
253489344,I2_2,20000,6429
813487256,I2_2,20000,5740
379525773,I2_1,10000,4129
296797394,I2_1,10000,4011
749995302,I2_1,10000,4672
673489486,I2_1,10000,4893
343158073,I2_1,10000,2983
619943366,I2_2,20000,6227
727343970,I2_1,10000,4263
21837487,I2_2,20000,4702
252513133,I2_1,10000,2932
213304896,I2_1,10000,3670
890749112,I2_2,20000,5832
90388681,I2_2,20000,4624
924039613,I2_2,20000,5521
21695719,I2_1,10000,2784
8103788,I2_2,20000,5915
957167828,I2_1,10000,3204
118170699,I2_1,10000,3095
635732689,I2_1,10000,4170
999152342,I2_1,10000,3500
28301044,I2_1,10000,3952
969698962,I2_1,10000,5211
753316180,I2_2,20000,4513
683034939,I2_1,10000,3983
423983274,I2_1,10000,4422
286125661,I2_2,20000,5524
419621688,I2_2,20000,7700
269617790,I2_2,20000,7482
436058944,I2_1,10000,5788
55888422,I2_1,10000,5451
479142937,I2_2,20000,11268
892709310,I2_1,10000,3756
248688143,I2_2,20000,8768
247678503,I2_2,20000,8686
733977246,I2_1,10000,2806
79003447,I2_1,10000,3951
623190182,I2_2,20000,6581
294571720,I2_1,10000,5936
123272811,I2_1,10000,5911
441529145,I2_2,20000,7967
567192570,I2_2,20000,8928
880367868,I2_2,20000,8378
873985101,I2_2,20000,8839
40047636,I2_2,20000,8695
75988286,I2_2,20000,6615
430885709,I2_1,10000,3691
467445419,I2_1,10000,4278
706306902,I2_2,20000,6407
882622702,I2_2,20000,6407
785872508,I2_1,10000,5345
611112602,I2_1,10000,5377
450139711,I2_1,10000,5331
178466522,I2_1,10000,6928
983203307,I2_1,10000,5343
6173494,I2_2,20000,10147
806506645,I2_1,10000,3764
318444065,I2_2,20000,10157
905904535,I2_2,20000,10112
229722230,I2_1,10000,5417
558801163,I2_2,20000,8575
552604476,I2_1,10000,3767
542249253,I2_2,20000,9645
123010309,I2_2,20000,4803
274480043,I2_1,10000,2820
574320004,I2_2,20000,5959
174356371,I2_1,10000,4960
646645725,I2_1,10000,4908
764257584,I2_1,10000,2975
62792234,I2_1,10000,2548
668099520,I2_1,10000,2657
313672756,I2_2,20000,4516
768290342,I2_2,20000,5025
444126786,I2_2,20000,6533
851055857,I2_1,10000,4924
484460442,I2_1,10000,4278
837014605,I2_2,20000,7624
8263473,I2_1,10000,3721
857426465,I2_2,20000,4885
420377601,I2_1,10000,2457
180191805,I2_1,10000,3082
597441759,I2_1,10000,3453
276334794,I2_1,10000,3219
60403015,I2_2,20000,4550
760248249,I2_1,10000,3942
366669817,I2_2,20000,6043
707582914,I2_1,10000,3120
624307801,I2_2,20000,5002
557225124,I2_1,10000,4393
838611461,I2_1,10000,5568
9991744,I2_1,10000,6436
627577684,I2_1,10000,7002
703091794,I2_1,10000,4856
63465512,I2_2,20000,7937
674080852,I2_1,10000,5654
679141457,I2_2,20000,8507
649832780,I2_2,20000,10562
7383588,I2_1,10000,2568
360782369,I2_1,10000,2582
105995448,I2_1,10000,2554
269079873,I2_1,10000,3393
849676675,I2_2,20000,5353
316416885,I2_2,20000,4535
796801398,I2_2,20000,4706
486621386,I2_1,10000,5651
974068808,I2_1,10000,6196
880246509,I2_1,10000,6538
471303936,I2_1,10000,4960
679016560,I2_2,20000,6630
306872540,I2_1,10000,4445
544977218,I2_1,10000,3981
719910960,I2_2,20000,4885
664057867,I2_2,20000,4840
642994803,I2_2,20000,5229
27521539,I2_2,20000,6556
74920341,I2_1,10000,5012
363938236,I2_1,10000,3749
474709393,I2_1,10000,4781
286195482,I2_2,20000,4620
346080384,I2_1,10000,4104
28381768,I2_2,20000,5535
121303978,I2_2,20000,5125
193626292,I2_2,20000,5090
109426903,I2_1,10000,4361
381566760,I2_2,20000,5438
60388054,I2_2,20000,4833
539425301,I2_1,10000,2735
887734607,I2_2,20000,4646
292651475,I2_1,10000,5133
153566233,I2_1,10000,4515
173223257,I2_2,20000,8783
321953249,I2_1,10000,4441
263266980,I2_1,10000,4945
151786931,I2_2,20000,8896
169512396,I2_2,20000,6079
848877836,I2_2,20000,7662
137487944,I2_2,20000,8733
647842888,I2_1,10000,5172
184318427,I2_2,20000,7867
391243483,I2_1,10000,3814
641760986,I2_2,20000,9419
25564570,I2_2,20000,10072
289308739,I2_2,20000,10529
575216924,I2_1,10000,4295
938306864,I2_2,20000,12692
36361363,I2_1,10000,5791
340461410,I2_1,10000,4038
230891824,I2_2,20000,15643
147172826,I2_2,20000,11653
739050096,I2_2,20000,13750
403202342,I2_1,10000,6949
334240530,I2_1,10000,6120
391155407,I2_2,20000,12657
345294103,I2_2,20000,10812
667482482,I2_2,20000,8025
684909318,I2_1,10000,6267
527842707,I2_1,10000,4246
205393771,I2_1,10000,5771
618297436,I2_1,10000,3913
375167924,I2_2,20000,13430
409995363,I2_1,10000,5063
257192821,I2_1,10000,4592
477132533,I2_2,20000,5686
479393972,I2_2,20000,4458
829121522,I2_1,10000,4871
934970121,I2_1,10000,4096
915743573,I2_2,20000,5542
786450096,I2_2,20000,7751
797122695,I2_1,10000,5213
833973744,I2_2,20000,10339
561032538,I2_2,20000,12394
531204898,I2_1,10000,6304
585253023,I2_1,10000,5856
329484729,I2_2,20000,15190
45920411,I2_2,20000,16724
323704369,I2_2,20000,15062
202789634,I2_1,10000,3070
861656027,I2_1,10000,4401
521211024,I2_2,20000,7410
494001839,I2_1,10000,3820
810538850,I2_1,10000,4877
588782767,I2_2,20000,5467
766895325,I2_1,10000,2547
905855027,I2_1,10000,2964
512931530,I2_2,20000,7199
645518248,I2_1,10000,4523
555661526,I2_1,10000,5088
835260636,I2_1,10000,6697
266525088,I2_2,20000,5485
795936923,I2_1,10000,5456
554424909,I2_1,10000,4771
539766725,I2_2,20000,8563
126413236,I2_1,10000,3834
217641262,I2_2,20000,9588
90450247,I2_2,20000,9028
709226539,I2_1,10000,5871
269011236,I2_1,10000,5119
888670966,I2_2,20000,11304
361843546,I2_2,20000,6500
107433647,I2_1,10000,3985
164024319,I2_1,10000,3801
26953440,I2_1,10000,3663
916214593,I2_2,20000,8516
799775064,I2_1,10000,4702
481139854,I2_2,20000,10056
294285622,I2_2,20000,11554
713879544,I2_2,20000,5989
285322550,I2_2,20000,4814
7609749,I2_1,10000,4338
169128704,I2_1,10000,3802
835008303,I2_1,10000,4916
401111884,I2_1,10000,4352
109855761,I2_2,20000,6465
254002837,I2_1,10000,2598
386801231,I2_2,20000,4692
877982792,I2_2,20000,4515
814869145,I2_1,10000,3101
182263646,I2_1,10000,2671
23001216,I2_1,10000,3783
224101430,I2_1,10000,3392
127752442,I2_2,20000,6787
843617666,I2_2,20000,5102
937852646,I2_2,20000,5817
194482991,I2_1,10000,5148
212097845,I2_1,10000,3948
658687294,I2_2,20000,4619
89349720,I2_2,20000,5842
234289219,I2_1,10000,5183
544271796,I2_1,10000,4477
536628914,I2_2,20000,9113
751547857,I2_1,10000,3836
893733695,I2_2,20000,11724
474897984,I2_2,20000,6673
748142141,I2_1,10000,5033
699899064,I2_1,10000,2975
665263102,I2_2,20000,5134
626109049,I2_1,10000,5624
896243299,I2_1,10000,6063
110604150,I2_1,10000,5413
325083328,I2_2,20000,8866
878410124,I2_2,20000,9902
894260893,I2_2,20000,7878
530628642,I2_2,20000,7248
920713031,I2_2,20000,7105
567794245,I2_1,10000,4265
507226353,I2_2,20000,8766
422668181,I2_2,20000,6587
764151246,I2_2,20000,4784
631776853,I2_1,10000,2623
212753246,I2_2,20000,5629
40212860,I2_2,20000,6233
530590543,I2_2,20000,7828
252285272,I2_1,10000,4838
710121985,I2_2,20000,9252
676819533,I2_1,10000,5379
854325449,I2_2,20000,12420
587374458,I2_1,10000,4877
722483433,I2_2,20000,15112
837273172,I2_2,20000,13359
660720677,I2_2,20000,7820
110147461,I2_2,20000,9027
896083982,I2_1,10000,5230
325236967,I2_2,20000,5368
295030486,I2_1,10000,3308
71858414,I2_2,20000,6087
389196278,I2_2,20000,7026
65663003,I2_1,10000,3190
71738533,I2_2,20000,7394
16483225,I2_1,10000,4696
230518724,I2_1,10000,4536
913484266,I2_2,20000,6805
126170316,I2_2,20000,8628
709390309,I2_2,20000,9324
669179072,I2_1,10000,4780
367251004,I2_2,20000,5150
314624337,I2_2,20000,4578
476837951,I2_1,10000,2877
888290114,I2_1,10000,2525
604123288,I2_1,10000,3636
784277492,I2_2,20000,4589
424589291,I2_1,10000,3849
396703018,I2_2,20000,6532
953356641,I2_1,10000,3888
554514087,I2_2,20000,6479
560629935,I2_1,10000,4285
218635507,I2_2,20000,7389
224652411,I2_2,20000,9644
831042650,I2_1,10000,5917
944804257,I2_1,10000,5300
736939775,I2_1,10000,5155
607067505,I2_1,10000,6762
595403683,I2_1,10000,4322
789847462,I2_2,20000,14752
660633976,I2_2,20000,14720
971209311,I2_2,20000,11890
15194353,I2_2,20000,5469
41678176,I2_2,20000,4495
142613555,I2_1,10000,2998
320670014,I2_1,10000,4504
537542200,I2_2,20000,6681
380890621,I2_2,20000,9248
534930084,I2_2,20000,8659
76871847,I2_1,10000,5716
157265467,I2_1,10000,3170
589136720,I2_2,20000,8464
130163559,I2_2,20000,7736
71378193,I2_2,20000,6736
795776310,I2_1,10000,3263
343543380,I2_2,20000,5831
487143309,I2_2,20000,4916
267443673,I2_1,10000,3817
460375286,I2_1,10000,4886
966413280,I2_1,10000,5457
861266259,I2_2,20000,4555
709372253,I2_1,10000,3903
261537821,I2_2,20000,7243
69277118,I2_2,20000,4524
338179363,I2_2,20000,4603
305721149,I2_1,10000,2822
936105279,I2_2,20000,7173
238217112,I2_1,10000,5212
178413902,I2_1,10000,5737
964389370,I2_2,20000,9214
11901020,I2_1,10000,5018
415377398,I2_2,20000,4974
941357954,I2_1,10000,4418
787027866,I2_1,10000,5430
229181022,I2_1,10000,3331
109415818,I2_1,10000,4945
232740975,I2_1,10000,3789
148203731,I2_2,20000,12279
641495124,I2_2,20000,11643
411087812,I2_2,20000,11332
179141323,I2_2,20000,11137
812749975,I2_2,20000,5325
170709222,I2_1,10000,3652
563889215,I2_2,20000,6485
304067944,I2_1,10000,3348
563283130,I2_2,20000,5017
754778327,I2_1,10000,5001
510340864,I2_1,10000,3226
712213721,I2_2,20000,4518
657341181,I2_1,10000,5038
36032460,I2_2,20000,4438
511550075,I2_1,10000,3460
326753893,I2_1,10000,3942
883917671,I2_1,10000,3823
557115544,I2_1,10000,3267
172252465,I2_2,20000,8151
370086265,I2_1,10000,3788
234210001,I2_1,10000,3455
790186510,I2_1,10000,2530
782518840,I2_1,10000,2562
786638029,I2_1,10000,2451
497204185,I2_1,10000,2688
471408904,I2_1,10000,3640
668593183,I2_1,10000,3505
429511654,I2_1,10000,2628
515669655,I2_2,20000,4627
927542168,I2_2,20000,4752
115057439,I2_1,10000,4051
56188307,I2_1,10000,4804
63478860,I2_2,20000,4591
810823226,I2_1,10000,3296
439102525,I2_1,10000,3027
863780913,I2_2,20000,4589
924420171,I2_2,20000,4690
234907622,I2_2,20000,8646
250203038,I2_1,10000,5432
573343319,I2_2,20000,7684
308557824,I2_1,10000,5992
16307183,I2_1,10000,6490
745090415,I2_1,10000,4839
341560361,I2_2,20000,11836
284873697,I2_2,20000,14188
756654633,I2_1,10000,5413
944359842,I2_2,20000,13683
664460455,I2_2,20000,14467
693743905,I2_2,20000,14945
70132906,I2_2,20000,4676
562512340,I2_2,20000,4846
987032039,I2_1,10000,3824
145151318,I2_1,10000,3036
138666486,I2_2,20000,4632
885034611,I2_2,20000,4649
180504648,I2_1,10000,5106
33680148,I2_2,20000,7939
731110727,I2_1,10000,4909
371795675,I2_2,20000,7294
888545739,I2_2,20000,4660
63218616,I2_1,10000,3143
715731144,I2_2,20000,5439
272189382,I2_1,10000,5953
339416034,I2_2,20000,4667
931026947,I2_2,20000,5137
61412450,I2_2,20000,5327
686668131,I2_1,10000,4666
311537629,I2_1,10000,3177
566160509,I2_2,20000,6921
372131306,I2_1,10000,2717
762323255,I2_2,20000,4712
685941388,I2_1,10000,2844
372613308,I2_2,20000,4920
757164660,I2_2,20000,4608
593724620,I2_1,10000,2785
367628668,I2_2,20000,4956
540186675,I2_1,10000,2866
343935367,I2_2,20000,7889
432362634,I2_2,20000,5195
180416654,I2_1,10000,5610
240808872,I2_2,20000,7905
231081890,I2_2,20000,8000
990310794,I2_1,10000,3989
383566763,I2_1,10000,4353
911715200,I2_2,20000,11144
519639615,I2_2,20000,9819
481467786,I2_2,20000,10681
276595052,I2_2,20000,13207
976936633,I2_1,10000,6187
237574316,I2_1,10000,4631
826770023,I2_2,20000,8427
633745630,I2_1,10000,4450
458278445,I2_2,20000,11131
412329204,I2_2,20000,11724
188747217,I2_2,20000,11552
744153815,I2_1,10000,3488
982930318,I2_1,10000,5165
205156490,I2_2,20000,4855
409661746,I2_1,10000,3191
482925722,I2_2,20000,6535
204439472,I2_2,20000,5535
399290583,I2_2,20000,7656
765797542,I2_1,10000,4728
32316021,I2_2,20000,6885
140422878,I2_2,20000,6677
635528064,I2_1,10000,4315
392078106,I2_2,20000,8200
841087169,I2_2,20000,11390
103804910,I2_2,20000,7553
776309191,I2_2,20000,8249
763484285,I2_1,10000,5153
144589073,I2_1,10000,3295
832398677,I2_2,20000,12202
969028128,I2_2,20000,12210
403766295,I2_1,10000,5324
376932729,I2_2,20000,11679
140477015,I2_2,20000,11690
7944332,I2_1,10000,4201
604118467,I2_2,20000,11697
220456782,I2_2,20000,4619
177270098,I2_1,10000,4029
633232348,I2_2,20000,7630
689741231,I2_1,10000,3101
528158614,I2_2,20000,4678
523208740,I2_1,10000,5185
123072187,I2_2,20000,4981
625394761,I2_2,20000,4548
131127280,I2_1,10000,5014
80921487,I2_2,20000,5731
675749984,I2_1,10000,2536
936367516,I2_1,10000,3531
296679026,I2_2,20000,6376
318653833,I2_1,10000,4961
635629466,I2_1,10000,4328
64361471,I2_2,20000,8119
319956223,I2_1,10000,4349
151245142,I2_2,20000,11921
390034179,I2_2,20000,12852
717582768,I2_2,20000,11779
324144213,I2_2,20000,10106
742331956,I2_2,20000,12228
735665560,I2_1,10000,5241
836272896,I2_2,20000,12757
875517548,I2_1,10000,4233
714856323,I2_1,10000,5319
395723122,I2_1,10000,4379
653370858,I2_2,20000,12534
163424921,I2_2,20000,7587
638904269,I2_1,10000,2646
90705883,I2_2,20000,5146
149661877,I2_2,20000,5081
52242473,I2_2,20000,4886
526934923,I2_1,10000,2835
542642308,I2_1,10000,2979
713402516,I2_1,10000,2623
548329794,I2_2,20000,5296
988365439,I2_1,10000,2651
873355677,I2_2,20000,4888
567837995,I2_2,20000,4685
393359222,I2_2,20000,4680
203105682,I2_2,20000,5685
76323286,I2_1,10000,2983
150907783,I2_2,20000,5239
171949479,I2_1,10000,4027
935177904,I2_2,20000,5284
443501733,I2_2,20000,7406
289728676,I2_1,10000,4535
565463764,I2_2,20000,8951
440697970,I2_1,10000,4429
174055582,I2_1,10000,5831
759277515,I2_2,20000,11014
79805754,I2_2,20000,7101
506303737,I2_2,20000,8706
141016104,I2_1,10000,5396
604403079,I2_2,20000,11147
46623364,I2_1,10000,4462
436681455,I2_2,20000,11703
347846560,I2_1,10000,4824
63199881,I2_1,10000,4114
915353458,I2_2,20000,9702
391082002,I2_1,10000,3700
257598730,I2_2,20000,10386
295161716,I2_2,20000,10590
723843914,I2_2,20000,11204
66398177,I2_1,10000,5807
161718399,I2_1,10000,5318
178248086,I2_2,20000,11603
610568774,I2_1,10000,5295
39370221,I2_2,20000,10003
473008142,I2_1,10000,5245
895451722,I2_2,20000,10154
180374396,I2_1,10000,4162
877770883,I2_2,20000,9934
37554323,I2_1,10000,3815
684841410,I2_2,20000,6455
289737516,I2_2,20000,7459
519533595,I2_1,10000,4712
377853203,I2_1,10000,4375
910141680,I2_2,20000,9509
961266668,I2_1,10000,3876
693247254,I2_1,10000,4395
796540200,I2_2,20000,12225
535331135,I2_1,10000,4234
225590676,I2_2,20000,13357
961391798,I2_1,10000,4134
159901954,I2_2,20000,13373
683021655,I2_1,10000,5819
737843832,I2_2,20000,16516
392261118,I2_1,10000,6803
989482196,I2_2,20000,17542
805016519,I2_2,20000,15270
821418469,I2_2,20000,16342
467491040,I2_1,10000,6833
938259068,I2_2,20000,16480
100287874,I2_1,10000,7929
749206133,I2_1,10000,4342
357212195,I2_1,10000,2840
682923708,I2_1,10000,3081
432000411,I2_1,10000,4086
629394939,I2_2,20000,5425
341195186,I2_1,10000,4781
442990000,I2_1,10000,4740
618656548,I2_2,20000,7427
946343340,I2_1,10000,2776
5049971,I2_1,10000,3479
194557996,I2_1,10000,2431
606077811,I2_1,10000,2498
203178406,I2_1,10000,3619
446282040,I2_1,10000,2605
24914803,I2_1,10000,2666
942213314,I2_1,10000,2594
625327422,I2_1,10000,2594
771542316,I2_1,10000,3297
580028272,I2_2,20000,5275
416296380,I2_2,20000,4656
669556,I2_1,10000,3002
199592883,I2_2,20000,6619
331683686,I2_2,20000,8309
905734690,I2_1,10000,4008
749835337,I2_2,20000,4984
789979751,I2_1,10000,4230
895696307,I2_2,20000,8508
895132089,I2_2,20000,5237
272558870,I2_1,10000,5774
792228262,I2_1,10000,4567
362139445,I2_1,10000,4036
287120659,I2_2,20000,10130
415670313,I2_1,10000,5924
290114622,I2_2,20000,12614
244623030,I2_2,20000,14851
840847309,I2_2,20000,16933
343828346,I2_2,20000,16808
516840706,I2_2,20000,17912
618111702,I2_2,20000,19378
979493958,I2_2,20000,20853
712310078,I2_1,10000,11237
105642435,I2_1,10000,9513
15793030,I2_2,20000,19125
406081527,I2_1,10000,7252
940743848,I2_2,20000,20257
100143684,I2_1,10000,9570
937114790,I2_1,10000,5328
742127730,I2_2,20000,16441
383660924,I2_1,10000,6443
134233972,I2_2,20000,18090
841042801,I2_1,10000,4894
801557637,I2_1,10000,5889
664428089,I2_1,10000,7479
28752149,I2_1,10000,8006
540998574,I2_1,10000,5435
411689332,I2_2,20000,16553
564522096,I2_1,10000,5797
924662043,I2_1,10000,5814
515655620,I2_1,10000,6384
191397433,I2_2,20000,16072
256905364,I2_2,20000,17654
181206230,I2_2,20000,14859
217821795,I2_1,10000,6336
894186651,I2_2,20000,17419
584375929,I2_2,20000,19075
918330176,I2_2,20000,20587
297474615,I2_2,20000,19457
220514272,I2_2,20000,21555
44878073,I2_1,10000,10377
339161076,I2_2,20000,22090
657500452,I2_2,20000,22526
617585718,I2_1,10000,11659
230269152,I2_2,20000,22549
731539278,I2_2,20000,22662
608347586,I2_1,10000,8948
207495477,I2_1,10000,9607
949974407,I2_2,20000,21690
610077447,I2_1,10000,11100
890223142,I2_2,20000,22648
660274503,I2_1,10000,11539
457916066,I2_2,20000,21639
33931515,I2_2,20000,21076
514440808,I2_2,20000,21524
746365647,I2_2,20000,22112
734507698,I2_2,20000,22920
30470562,I2_1,10000,13013
153528305,I2_1,10000,13054
174121665,I2_2,20000,21474
552559554,I2_1,10000,10523
764552812,I2_2,20000,22005
805295384,I2_2,20000,24264
306135245,I2_2,20000,6935
585483245,I2_1,10000,5364
635897217,I2_1,10000,6921
291524796,I2_1,10000,4831
546713357,I2_2,20000,9628
700779622,I2_2,20000,9620
401642977,I2_2,20000,4465
699394097,I2_2,20000,4640
589364257,I2_1,10000,3577
658728081,I2_1,10000,2593
406164591,I2_1,10000,2580
796053393,I2_2,20000,4496
304342833,I2_2,20000,5631
216331167,I2_1,10000,3806
529129602,I2_1,10000,4355
349908058,I2_1,10000,3693
157337646,I2_2,20000,4739
781967338,I2_1,10000,2498
118601614,I2_2,20000,4574
628186839,I2_1,10000,3569
533549942,I2_2,20000,6151
161930175,I2_1,10000,2926
137566387,I2_1,10000,3610
655186763,I2_2,20000,6195
357351201,I2_2,20000,8249
740312101,I2_1,10000,5388
124966665,I2_2,20000,9797
907819272,I2_2,20000,12483
75135008,I2_2,20000,13305
336180116,I2_1,10000,4276
748425103,I2_2,20000,13125
583672960,I2_1,10000,5384
225961345,I2_2,20000,14226
822265922,I2_1,10000,4555
256199139,I2_1,10000,4248
904840230,I2_2,20000,16986
508312825,I2_2,20000,17370
499904420,I2_2,20000,18549
199214154,I2_1,10000,7396
785956329,I2_2,20000,19519
820934030,I2_2,20000,18374
333262684,I2_2,20000,20374
144542423,I2_1,10000,10376
65741763,I2_2,20000,13549
450514379,I2_2,20000,7874
649321649,I2_2,20000,9711
237621657,I2_1,10000,5060
436926463,I2_2,20000,9908
686260580,I2_2,20000,11017
116203576,I2_1,10000,4107
377126220,I2_2,20000,13474
118742386,I2_2,20000,14758
131740512,I2_2,20000,13099
229131632,I2_2,20000,14692
230075067,I2_2,20000,16851
608688526,I2_1,10000,5160
530633538,I2_2,20000,16126
760431921,I2_1,10000,3858
563584579,I2_2,20000,16289
3557788,I2_1,10000,5278
394940088,I2_2,20000,11531
195338602,I2_2,20000,13583
353645681,I2_2,20000,9544
397071957,I2_1,10000,2735
623982645,I2_1,10000,3834
81007666,I2_1,10000,2565
904206133,I2_2,20000,4643
67311236,I2_1,10000,5171
584375600,I2_1,10000,4933
78571644,I2_2,20000,9601
529852689,I2_2,20000,4970
673169113,I2_1,10000,4348
402617000,I2_2,20000,8074
552680744,I2_1,10000,4089
460800857,I2_2,20000,10077
683031746,I2_1,10000,4259
559672067,I2_2,20000,11638
124496839,I2_2,20000,7341
217904908,I2_2,20000,9395
227739992,I2_2,20000,9736
99963795,I2_2,20000,11043
212878525,I2_1,10000,5247
559272460,I2_2,20000,7481
482105213,I2_2,20000,5828
608861130,I2_2,20000,8007
53867430,I2_2,20000,6659
324588855,I2_1,10000,4748
92444315,I2_1,10000,4200
59536287,I2_2,20000,7414
631900830,I2_1,10000,3767
179412255,I2_1,10000,4912
703904037,I2_1,10000,3019
592802251,I2_2,20000,5108
768757431,I2_1,10000,5479
615753394,I2_1,10000,5491
519372674,I2_1,10000,5956
251179263,I2_1,10000,3359
909160557,I2_2,20000,10499
941627728,I2_1,10000,5781
372531921,I2_2,20000,7188
112579110,I2_2,20000,7114
643902577,I2_1,10000,5538
223038873,I2_1,10000,4141
236353591,I2_2,20000,8024
963359591,I2_1,10000,4373
47923907,I2_1,10000,4845
843121084,I2_1,10000,6482
867556070,I2_1,10000,4346
265323229,I2_2,20000,9412
222348243,I2_1,10000,3506
249746859,I2_1,10000,2531
202766458,I2_1,10000,3613
684868193,I2_1,10000,4251
112008284,I2_1,10000,3609
955001981,I2_2,20000,4655
900743471,I2_1,10000,5143
399474302,I2_2,20000,4503
94820464,I2_2,20000,6595
36414004,I2_1,10000,3872
346405025,I2_2,20000,9631
194838146,I2_1,10000,4746
733986444,I2_1,10000,4237
488627490,I2_2,20000,9923
696741772,I2_1,10000,5725
331828896,I2_1,10000,5134
37143818,I2_2,20000,12192
407755591,I2_2,20000,11049
967652747,I2_1,10000,4145
916950657,I2_2,20000,14741
540996283,I2_2,20000,13542
93333028,I2_2,20000,15209
433302640,I2_2,20000,16144
260020908,I2_1,10000,6397
871518085,I2_2,20000,17386
428494733,I2_1,10000,7349
951572174,I2_2,20000,13726
633014445,I2_2,20000,13668
962053697,I2_2,20000,8581
999497711,I2_1,10000,5929
921199577,I2_1,10000,7041
484187288,I2_2,20000,10104
364907858,I2_1,10000,7320
155906233,I2_1,10000,5781
591576124,I2_1,10000,5356
21974858,I2_2,20000,8994
805846209,I2_2,20000,5317
632450800,I2_1,10000,4373
810818018,I2_1,10000,5513
43166440,I2_1,10000,6547
25181009,I2_2,20000,8814
10318007,I2_1,10000,5995
541921523,I2_1,10000,6491
14594041,I2_1,10000,8086
994603389,I2_1,10000,7482
156528589,I2_2,20000,14063
75063126,I2_1,10000,4284
246388563,I2_2,20000,10758
189423138,I2_1,10000,4900
108809367,I2_2,20000,6055
23143862,I2_2,20000,4848
71763262,I2_1,10000,4279
603114993,I2_2,20000,5356
949082014,I2_1,10000,4782
528785812,I2_2,20000,5931
46810685,I2_1,10000,4306
698394965,I2_2,20000,4792
728262391,I2_2,20000,6522
924043807,I2_1,10000,4398
808021360,I2_2,20000,7523
916606490,I2_1,10000,5983
992170078,I2_1,10000,4307
641091436,I2_2,20000,10924
206733006,I2_1,10000,3291
802512249,I2_2,20000,11848
98081287,I2_1,10000,3717
613185098,I2_2,20000,7436
788770376,I2_1,10000,4220
330082046,I2_2,20000,10728
579819126,I2_1,10000,3938
809881337,I2_1,10000,3885
191335612,I2_2,20000,5538
40365793,I2_2,20000,4460
828646085,I2_2,20000,5442
979485393,I2_1,10000,2449
613485960,I2_1,10000,2500
407784473,I2_1,10000,2447
990919746,I2_1,10000,2552
217387292,I2_2,20000,5090
491313468,I2_1,10000,3394
419809769,I2_2,20000,5414
874258241,I2_1,10000,3308
620535007,I2_2,20000,5872
393410290,I2_1,10000,2523
606412973,I2_2,20000,5034
442876515,I2_1,10000,2651
648085613,I2_2,20000,4969
257865625,I2_2,20000,5058
292752565,I2_1,10000,4430
572682063,I2_2,20000,6678
545207834,I2_1,10000,2675
642358247,I2_2,20000,4596
554600934,I2_1,10000,4069
988777969,I2_1,10000,3929
847683163,I2_1,10000,2544
578632885,I2_1,10000,3581
914290936,I2_1,10000,2919
619028303,I2_2,20000,5239
864865595,I2_1,10000,3001
962318408,I2_2,20000,4553
196822030,I2_2,20000,6597
295903753,I2_2,20000,4588
118358875,I2_1,10000,2672
715641342,I2_1,10000,2951
231201868,I2_2,20000,5901
913459917,I2_1,10000,3822
217857956,I2_1,10000,3114
531180836,I2_1,10000,2700
902039993,I2_2,20000,5305
156533997,I2_2,20000,5389
911470352,I2_2,20000,5053
970893652,I2_1,10000,4354
351506581,I2_2,20000,7715
726190919,I2_2,20000,4631
169146329,I2_2,20000,4613
871281914,I2_1,10000,4030
68051397,I2_1,10000,3933
17178230,I2_1,10000,2565
171776970,I2_1,10000,2974
559331051,I2_2,20000,4639
504768791,I2_1,10000,3958
231165531,I2_1,10000,2999
484798300,I2_1,10000,2713
677687502,I2_1,10000,4022
117429674,I2_1,10000,3972
984219050,I2_1,10000,5109
111143889,I2_1,10000,4956
464595348,I2_2,20000,9368
305350162,I2_2,20000,10446
346301570,I2_1,10000,4809
241374020,I2_2,20000,11988
855941137,I2_2,20000,10015
50584003,I2_2,20000,11183
165673136,I2_1,10000,4935
505658573,I2_1,10000,4247
31575167,I2_2,20000,13974
978861598,I2_1,10000,4358
539906031,I2_2,20000,14364
653349269,I2_2,20000,6643
472093189,I2_1,10000,3877
13909176,I2_1,10000,3918
844571827,I2_1,10000,4302
583498631,I2_2,20000,9529
458596745,I2_1,10000,4992
534442977,I2_2,20000,7583
94562308,I2_2,20000,4600
775036846,I2_2,20000,4588
576177982,I2_1,10000,2744
3148452,I2_2,20000,4653
188160216,I2_1,10000,3082
881558111,I2_1,10000,2737
310157047,I2_1,10000,3156
661057882,I2_2,20000,6589
822671334,I2_2,20000,5130
27767779,I2_1,10000,4512
677937203,I2_2,20000,7153
71209655,I2_1,10000,3737
55452854,I2_2,20000,7507
677820532,I2_2,20000,9962
926242746,I2_2,20000,5456
94593891,I2_1,10000,2721
168208384,I2_1,10000,3241
961881209,I2_1,10000,5042
620619601,I2_1,10000,4670
813674759,I2_2,20000,4925
271873788,I2_1,10000,3698
805418656,I2_1,10000,4237
470387670,I2_2,20000,6899
516657866,I2_2,20000,9283
346614998,I2_1,10000,5389
647708666,I2_2,20000,12371
134879996,I2_2,20000,14432
937793191,I2_1,10000,6178
667590549,I2_2,20000,8504
51180990,I2_2,20000,10393
243484800,I2_1,10000,7584
807650304,I2_1,10000,8168
453758616,I2_2,20000,14460
474865515,I2_2,20000,15090
440507620,I2_2,20000,15971
5413244,I2_2,20000,17529
208267434,I2_2,20000,20170
531974882,I2_1,10000,9833
786745718,I2_1,10000,10370
66393496,I2_2,20000,14663
38746053,I2_2,20000,13122
120481437,I2_2,20000,9465
722654192,I2_1,10000,5261
754157139,I2_1,10000,6878
491685022,I2_1,10000,5232
619457768,I2_2,20000,12286
772391498,I2_2,20000,14430
631055766,I2_1,10000,2489
678247005,I2_2,20000,5898
166692561,I2_1,10000,4322
897420098,I2_1,10000,3348
522065074,I2_1,10000,4153
300297500,I2_1,10000,2603
961090315,I2_1,10000,3710
547367945,I2_1,10000,2800
25607760,I2_1,10000,2652
923353674,I2_2,20000,4671
796251570,I2_2,20000,6748
681205995,I2_1,10000,3057
4026229,I2_1,10000,4282
500820483,I2_2,20000,9736
79597192,I2_1,10000,4244
538931595,I2_2,20000,5284
683697821,I2_1,10000,3999
982366216,I2_1,10000,3295
699326731,I2_1,10000,4434
28084374,I2_2,20000,9070
659574568,I2_1,10000,6736
218838940,I2_2,20000,5158
433925374,I2_2,20000,4667
824845559,I2_1,10000,2725
974351366,I2_2,20000,5393
815283509,I2_2,20000,5911
592670377,I2_1,10000,3511
584012511,I2_2,20000,5715
651940012,I2_2,20000,4642
685419274,I2_1,10000,3502
458198697,I2_2,20000,5226
855468952,I2_2,20000,7340
639817423,I2_1,10000,2635
490000608,I2_1,10000,2741
902458264,I2_2,20000,4911
454722452,I2_1,10000,3421
806107200,I2_2,20000,6223
793130328,I2_1,10000,3444
28220998,I2_2,20000,5048
43866430,I2_1,10000,2980
195463603,I2_1,10000,2686
464763670,I2_1,10000,3823
425748818,I2_2,20000,5821
774332363,I2_2,20000,4729
585110261,I2_1,10000,5085
231621918,I2_1,10000,5775
782956982,I2_2,20000,5782
9169793,I2_1,10000,3891
181613779,I2_1,10000,4017
773800047,I2_1,10000,3069
276691188,I2_2,20000,4996
691447795,I2_1,10000,2689
191673684,I2_1,10000,2993
113552430,I2_2,20000,4793
868557614,I2_1,10000,3456
710353416,I2_1,10000,4391
646064068,I2_2,20000,7715
907572421,I2_1,10000,3724
826373351,I2_2,20000,10414
17635326,I2_2,20000,10592
724362353,I2_2,20000,7917
659672688,I2_1,10000,5163
180063280,I2_1,10000,4346
890537630,I2_2,20000,8408
178072668,I2_1,10000,5492
698610598,I2_2,20000,11604
65822929,I2_1,10000,4391
391149269,I2_2,20000,14528
785921160,I2_1,10000,3084
204657031,I2_1,10000,3450
317412741,I2_1,10000,2563
997168000,I2_1,10000,2803
318144169,I2_2,20000,5645
162691093,I2_1,10000,4980
891742952,I2_1,10000,4302
549123279,I2_1,10000,3869
775803169,I2_2,20000,11148
368720705,I2_1,10000,5489
131577285,I2_1,10000,4402
783486311,I2_2,20000,12453
273664934,I2_1,10000,4446
58303940,I2_1,10000,4917
506129505,I2_1,10000,5454
282421879,I2_2,20000,14987
838044041,I2_2,20000,10583
733975264,I2_1,10000,4707
200432531,I2_2,20000,4646
255203382,I2_2,20000,5014
533882148,I2_1,10000,2637
185671477,I2_1,10000,2682
926444147,I2_1,10000,2713
693666873,I2_1,10000,2807
858344458,I2_1,10000,3324
520203987,I2_2,20000,5189
874884725,I2_1,10000,4553
956729042,I2_1,10000,5086
166687700,I2_1,10000,4640
741748722,I2_1,10000,4155
334908569,I2_2,20000,10162
105701010,I2_1,10000,4580
795661017,I2_1,10000,3930
203401116,I2_2,20000,12751
875179029,I2_1,10000,5432
774671809,I2_2,20000,12125
300453507,I2_1,10000,4335
571001564,I2_2,20000,11945
219460193,I2_2,20000,13130
226462721,I2_2,20000,5535
993441284,I2_1,10000,2648
37322273,I2_2,20000,4595
991480133,I2_2,20000,6724
654412859,I2_2,20000,4810
558018651,I2_2,20000,5658
112375326,I2_2,20000,4981
404683308,I2_1,10000,4400
550345900,I2_1,10000,2839
737880963,I2_2,20000,4737
721639371,I2_2,20000,5700
725586776,I2_2,20000,4798
710540313,I2_2,20000,5705
430921168,I2_1,10000,5060
264681341,I2_1,10000,5583
412452580,I2_1,10000,6050
266469652,I2_1,10000,5599
90971542,I2_1,10000,4467
369572475,I2_2,20000,11019
762249036,I2_1,10000,4961
78555702,I2_1,10000,4410
235517105,I2_2,20000,7889
128750107,I2_2,20000,9161
679697381,I2_2,20000,5936
50602690,I2_2,20000,4713
456413573,I2_2,20000,5028
968940731,I2_1,10000,4438
694812451,I2_2,20000,7627
758332922,I2_2,20000,9222
266685445,I2_2,20000,8133
118338720,I2_1,10000,4533
560009593,I2_2,20000,11861
151916332,I2_2,20000,7779
58868750,I2_1,10000,5170
290208276,I2_1,10000,6776
199035327,I2_2,20000,5664
258468381,I2_1,10000,5478
303560478,I2_1,10000,4253
789291463,I2_2,20000,7575
137564156,I2_2,20000,6933
741427478,I2_1,10000,2549
15976522,I2_1,10000,2868
650102789,I2_1,10000,3028
313882716,I2_1,10000,4445
287447481,I2_2,20000,6723
350782025,I2_1,10000,4773
320332714,I2_2,20000,9925
987283415,I2_1,10000,5439
496293234,I2_2,20000,12432
174794007,I2_2,20000,10646
917761056,I2_1,10000,5375
348818081,I2_1,10000,6867
137168168,I2_2,20000,13602
775456794,I2_2,20000,13069
105703758,I2_2,20000,11581
224061714,I2_2,20000,10536
704082960,I2_1,10000,4746
450018109,I2_1,10000,4213
756325790,I2_2,20000,13056
45186153,I2_2,20000,13553
195466482,I2_2,20000,8886
403075073,I2_2,20000,12614
103623225,I2_1,10000,5807
373757162,I2_2,20000,12586
89402062,I2_1,10000,5288
304061648,I2_1,10000,5801
793908913,I2_1,10000,6264
378817472,I2_2,20000,12685
919200660,I2_2,20000,11567
498560100,I2_2,20000,11032
114105190,I2_2,20000,8470
863518808,I2_1,10000,4343
622043754,I2_1,10000,4245
393101642,I2_2,20000,4549
102766119,I2_1,10000,2977
660478976,I2_1,10000,2938
307965017,I2_1,10000,2575
395365761,I2_1,10000,2724
37214759,I2_1,10000,3233
304088708,I2_2,20000,4658
157237183,I2_1,10000,2935
91396965,I2_1,10000,3468
347718916,I2_1,10000,3477
147833950,I2_1,10000,3376
177820993,I2_1,10000,2924
220530193,I2_1,10000,3981
615866833,I2_1,10000,5569
472026320,I2_1,10000,4959
317745971,I2_1,10000,6001
67903062,I2_2,20000,6937
704516227,I2_1,10000,4750
284946460,I2_1,10000,5304
829848121,I2_2,20000,6409
951430081,I2_2,20000,5404
228252698,I2_2,20000,6875
520609580,I2_2,20000,6898
579348191,I2_2,20000,4692
929506684,I2_1,10000,2844
716066239,I2_2,20000,6010
120750874,I2_1,10000,2849
998988900,I2_2,20000,8279
548530198,I2_1,10000,3878
516254129,I2_1,10000,3291
275096565,I2_2,20000,7113
869243847,I2_1,10000,4358
266690588,I2_2,20000,5814
605945215,I2_1,10000,3706
838627046,I2_2,20000,7551
195398624,I2_1,10000,4943
896218785,I2_2,20000,4615
315916874,I2_2,20000,4491
117830473,I2_2,20000,5588
847080606,I2_1,10000,2977
563013975,I2_1,10000,3284
711036309,I2_1,10000,4835
996643419,I2_2,20000,6908
775627214,I2_2,20000,7038
700048930,I2_2,20000,8079
642053775,I2_1,10000,3904
918681188,I2_1,10000,3897
618700612,I2_2,20000,4937
952975,I2_1,10000,4429
37673022,I2_1,10000,5584
524127425,I2_2,20000,5439
485505316,I2_1,10000,5956
136077152,I2_2,20000,8028
224689950,I2_2,20000,7436
26146914,I2_2,20000,6878
37157482,I2_2,20000,5876
663732262,I2_1,10000,3050
303526121,I2_2,20000,4581
91293893,I2_1,10000,3326
272440034,I2_1,10000,4460
744038900,I2_2,20000,4954
845586138,I2_1,10000,5553
594069836,I2_1,10000,3854
823631097,I2_1,10000,3283
871267355,I2_2,20000,6003
392138173,I2_2,20000,4980
226039080,I2_2,20000,6467
245798031,I2_2,20000,4531
724281374,I2_2,20000,4494
500661401,I2_2,20000,5528
781427973,I2_2,20000,5518
997756705,I2_2,20000,4606
230524094,I2_1,10000,2920
716670342,I2_1,10000,3828
478670151,I2_1,10000,2523
222372613,I2_2,20000,5085
505955285,I2_2,20000,4870
873612392,I2_1,10000,3846
434272401,I2_1,10000,4564
2183803,I2_2,20000,4551
93513487,I2_1,10000,3237
491494234,I2_2,20000,4802
226910362,I2_1,10000,5018
71041524,I2_2,20000,4574
863734988,I2_1,10000,2697
173750055,I2_1,10000,3879
952708595,I2_2,20000,6004
394545735,I2_2,20000,7680
17608449,I2_2,20000,7689
52356844,I2_1,10000,5950
644878834,I2_1,10000,6496
543555547,I2_2,20000,9309
832055690,I2_1,10000,5518
867604601,I2_2,20000,9805
679708966,I2_2,20000,8132
258118595,I2_2,20000,8696
207140609,I2_1,10000,6010
76979966,I2_1,10000,3867
808084546,I2_2,20000,12161
255015924,I2_2,20000,8295
121782240,I2_1,10000,5035
998634318,I2_1,10000,3766
752457740,I2_2,20000,7871
951853472,I2_2,20000,9029
814343628,I2_1,10000,4045
684150513,I2_1,10000,4625
747257606,I2_2,20000,5579
629743358,I2_1,10000,5053
977730385,I2_1,10000,2558
586157520,I2_2,20000,5108
404708845,I2_1,10000,4161
737695306,I2_2,20000,8020
841550240,I2_2,20000,8596
843017077,I2_2,20000,10675
729513617,I2_1,10000,3831
891751327,I2_1,10000,3969
646295046,I2_2,20000,8713
951615283,I2_1,10000,4173
732360082,I2_2,20000,5393
814788324,I2_1,10000,3801
545618077,I2_2,20000,4427
307027316,I2_1,10000,3335
935922210,I2_2,20000,6162
146658015,I2_1,10000,4996
677787780,I2_1,10000,3305
694775629,I2_2,20000,7696
197499164,I2_1,10000,5624
442639639,I2_1,10000,2824
83156828,I2_2,20000,8545
102013917,I2_1,10000,3565
430417941,I2_1,10000,3250
807307737,I2_1,10000,2464
329928582,I2_1,10000,2583
833027336,I2_2,20000,4642
721172689,I2_1,10000,4926
659287699,I2_1,10000,3740
70187155,I2_2,20000,4845
442128540,I2_1,10000,2523
628222046,I2_1,10000,2575
951963817,I2_1,10000,2624
294228829,I2_1,10000,2611
309866648,I2_1,10000,3358
70347503,I2_2,20000,5205
95572371,I2_1,10000,5736
149571864,I2_1,10000,3218
77468758,I2_2,20000,7609
988846694,I2_2,20000,9345
693501501,I2_2,20000,10429
514651946,I2_1,10000,4747
952893135,I2_2,20000,5127
839477887,I2_1,10000,2852
93287365,I2_2,20000,7081
953633953,I2_2,20000,7652
764981888,I2_2,20000,6108
204581426,I2_1,10000,5465
669153390,I2_2,20000,6436
538534594,I2_2,20000,8774
748238404,I2_2,20000,5604
66006502,I2_1,10000,4991
758071868,I2_2,20000,5488
756077496,I2_2,20000,6821
898551613,I2_2,20000,5717
174120298,I2_2,20000,4918
733353184,I2_1,10000,2530
455216496,I2_1,10000,3085
646985394,I2_1,10000,5277
415097376,I2_1,10000,3475
436828015,I2_1,10000,4579
118231776,I2_1,10000,5719
674671732,I2_2,20000,9840
301987249,I2_1,10000,6087
129456242,I2_1,10000,4510
403871510,I2_2,20000,13533
618275005,I2_1,10000,5530
387807488,I2_2,20000,16208
994936105,I2_1,10000,4915
804200884,I2_1,10000,5492
725917123,I2_2,20000,18118
924697139,I2_2,20000,20759
647973121,I2_1,10000,10362
230565791,I2_1,10000,10811
640420647,I2_2,20000,20068
332233535,I2_1,10000,10901
131120329,I2_1,10000,10254
742916070,I2_1,10000,6098
901133112,I2_2,20000,12380
256077346,I2_1,10000,6611
193231337,I2_1,10000,6034
460319002,I2_1,10000,5423
87541047,I2_2,20000,16246
183616203,I2_1,10000,5768
570313096,I2_2,20000,14504
892973401,I2_1,10000,3703
581504716,I2_2,20000,12064
351536766,I2_2,20000,12663
284388603,I2_2,20000,11571
657565161,I2_1,10000,5401
718684535,I2_2,20000,12573
185366231,I2_2,20000,12652
666273795,I2_2,20000,11069
415314532,I2_1,10000,7461
177830057,I2_1,10000,6776
413114924,I2_1,10000,8375
898156241,I2_1,10000,6894
349891966,I2_1,10000,6955
575824442,I2_2,20000,17439
940616339,I2_2,20000,17893
786305612,I2_1,10000,6850
717160822,I2_2,20000,17814
930411760,I2_2,20000,15177
854305917,I2_2,20000,8878
536220393,I2_2,20000,8445
955062988,I2_2,20000,11026
499163659,I2_1,10000,5725
24117019,I2_1,10000,3723
934168397,I2_2,20000,10038
736906658,I2_1,10000,3728
126455731,I2_2,20000,6185
807911189,I2_2,20000,6625
380288095,I2_1,10000,3320
36791416,I2_1,10000,3452
354580928,I2_2,20000,5153
954527677,I2_2,20000,6184
120437476,I2_1,10000,4607
695727554,I2_1,10000,4504
412649735,I2_1,10000,5382
59402541,I2_1,10000,3817
480509622,I2_2,20000,9018
360948957,I2_2,20000,10595
955750086,I2_2,20000,12714
364568874,I2_1,10000,5090
787965593,I2_2,20000,8231
998920667,I2_2,20000,8678
66468197,I2_2,20000,9645
637525831,I2_2,20000,6348
119403634,I2_2,20000,8460
143525960,I2_2,20000,5441
554693811,I2_2,20000,7698
433667877,I2_2,20000,5558
637709068,I2_1,10000,5032
207240540,I2_2,20000,4843
546833352,I2_1,10000,4181
729171567,I2_2,20000,6998
991455506,I2_1,10000,4845
496857048,I2_1,10000,4157
723048958,I2_2,20000,8976
930126866,I2_1,10000,3775
580460700,I2_2,20000,10490
135695837,I2_2,20000,11451
694341498,I2_2,20000,9410
170256381,I2_2,20000,9868
828032158,I2_2,20000,11993
284400302,I2_1,10000,5199
610819030,I2_2,20000,14655
329112276,I2_1,10000,4236
104376818,I2_1,10000,4708
145330851,I2_2,20000,11732
976893369,I2_2,20000,5523
970974731,I2_1,10000,2840
19493051,I2_1,10000,3985
346751764,I2_1,10000,3371
586119136,I2_2,20000,6139
788005740,I2_2,20000,6482
461420863,I2_2,20000,5114
623347394,I2_1,10000,2626
952591438,I2_1,10000,2813
369224705,I2_2,20000,5693
629082503,I2_1,10000,5111
985842571,I2_1,10000,2857
659651,I2_2,20000,7322
302787717,I2_2,20000,9506
43812658,I2_2,20000,4901
625793520,I2_2,20000,4560
87168775,I2_2,20000,4698
395942401,I2_2,20000,5447
799082820,I2_2,20000,4574
368126585,I2_2,20000,4728
838563283,I2_1,10000,3533
17784564,I2_1,10000,2481
379352885,I2_2,20000,4893
368437978,I2_1,10000,5432
753750069,I2_1,10000,3505
269399886,I2_1,10000,3345
318083665,I2_2,20000,7080
806587504,I2_1,10000,5350
485561321,I2_1,10000,5367
82787242,I2_2,20000,10221
523451438,I2_1,10000,4326
285309642,I2_2,20000,10670
859278021,I2_1,10000,5268
169569305,I2_1,10000,3157
157520819,I2_2,20000,13803
879941785,I2_2,20000,12787
555697515,I2_2,20000,6894
763667166,I2_1,10000,6397
394778556,I2_2,20000,7628
520328581,I2_1,10000,3533
523117273,I2_1,10000,4084
513005118,I2_1,10000,3176
760867934,I2_1,10000,2537
251422249,I2_1,10000,2482
197260021,I2_1,10000,2784
680328681,I2_1,10000,2479
956594097,I2_1,10000,2486
134622648,I2_2,20000,4491
807742408,I2_1,10000,3919
506933963,I2_1,10000,2969
557592679,I2_1,10000,2884
922718488,I2_1,10000,4485
763045212,I2_2,20000,5108
389209463,I2_2,20000,6050
618495525,I2_2,20000,4973
864875468,I2_1,10000,3009
904809283,I2_1,10000,2562
271389191,I2_2,20000,4658
928414504,I2_1,10000,3934
671322026,I2_2,20000,4497
80111226,I2_1,10000,3955
36704538,I2_1,10000,2573
789245214,I2_1,10000,3644
301651836,I2_1,10000,3542
643147200,I2_2,20000,4750
427454001,I2_1,10000,4193
619825632,I2_2,20000,4648
450296303,I2_1,10000,3062
258471206,I2_2,20000,4695
303029101,I2_2,20000,5681
397445023,I2_2,20000,6637
673484079,I2_1,10000,3905
810655430,I2_1,10000,4970
265702676,I2_2,20000,6309
499203244,I2_1,10000,5737
142042055,I2_2,20000,6789
237131897,I2_1,10000,4058
815365618,I2_2,20000,6503
88742622,I2_2,20000,6849
690353626,I2_2,20000,5923
956711399,I2_2,20000,5690
123512020,I2_1,10000,6153
893021231,I2_1,10000,5527
490870567,I2_2,20000,7731
963988754,I2_1,10000,4011
523284184,I2_1,10000,4923
732889314,I2_2,20000,7668
503857404,I2_1,10000,5734
172729542,I2_2,20000,9167
585490635,I2_2,20000,9689
188519841,I2_1,10000,5495
838312647,I2_1,10000,3928
385723128,I2_2,20000,11216
407692668,I2_2,20000,7547
192439386,I2_1,10000,5823
630162871,I2_2,20000,9535
38776062,I2_2,20000,11627
667275864,I2_2,20000,11980
327449870,I2_2,20000,9528
44567023,I2_2,20000,11471
520436825,I2_1,10000,4210
215566295,I2_1,10000,4166
915370521,I2_1,10000,4510
677157802,I2_1,10000,4279
416720810,I2_2,20000,6499
132546833,I2_1,10000,3534
752938521,I2_1,10000,2864
705322543,I2_2,20000,5055
695506409,I2_1,10000,4473
83405450,I2_2,20000,6068
546443333,I2_2,20000,4939
710096667,I2_1,10000,4445
985620858,I2_2,20000,7013
460226144,I2_2,20000,7941
390062528,I2_1,10000,5288
267347169,I2_2,20000,9042
5503421,I2_1,10000,4724
782597608,I2_2,20000,5897
448710402,I2_1,10000,3283
719459499,I2_2,20000,5455
969923725,I2_1,10000,2447
867220002,I2_2,20000,4979
116532990,I2_1,10000,3429
210746671,I2_2,20000,7530
984399715,I2_2,20000,5524
23399686,I2_1,10000,4459
247983157,I2_1,10000,5543
29101764,I2_1,10000,6744
229878499,I2_1,10000,4965
634477954,I2_1,10000,5005
535524103,I2_1,10000,6080
299196663,I2_1,10000,6638
997380899,I2_1,10000,6639
265797863,I2_1,10000,7712
964415526,I2_1,10000,8753
77517741,I2_1,10000,6661
540731714,I2_1,10000,4860
857474053,I2_1,10000,4307
779994071,I2_2,20000,10908
188995100,I2_1,10000,5983
972812203,I2_2,20000,5517
120407424,I2_2,20000,7151
190102887,I2_1,10000,3817
701826251,I2_1,10000,3245
863134927,I2_2,20000,8060
234950874,I2_2,20000,9107
77269152,I2_1,10000,4769
170943086,I2_1,10000,5309
109070147,I2_2,20000,9573
726521350,I2_2,20000,9104
201580051,I2_1,10000,5862
506969019,I2_1,10000,6967
932288686,I2_1,10000,6315
227821044,I2_1,10000,7009
828311371,I2_1,10000,4283
64108107,I2_2,20000,9067
488480275,I2_1,10000,3704
197812339,I2_2,20000,6272
202846521,I2_1,10000,3662
712072932,I2_1,10000,4195
55879524,I2_2,20000,5956
583090043,I2_2,20000,5965
487787184,I2_1,10000,3319
730645534,I2_2,20000,5960
591626428,I2_2,20000,4831
803433674,I2_1,10000,4464
462793674,I2_1,10000,3890
167594498,I2_1,10000,4354
827918177,I2_2,20000,6051
119324843,I2_1,10000,3733
977393366,I2_1,10000,3572
982500861,I2_2,20000,6291
161361084,I2_2,20000,4562
504424062,I2_2,20000,5466
224250630,I2_1,10000,2792
429444925,I2_2,20000,4546
875338628,I2_1,10000,3973
535375803,I2_2,20000,4573
561239094,I2_1,10000,3987
632358988,I2_1,10000,3913
328302189,I2_1,10000,4091
323815204,I2_1,10000,3439
111464617,I2_2,20000,5517
976064007,I2_2,20000,7632
711032854,I2_1,10000,5996
320528593,I2_1,10000,7100
252013940,I2_2,20000,9187
888155999,I2_1,10000,4343
494498553,I2_2,20000,8695
163774370,I2_1,10000,4483
471466589,I2_1,10000,3353
918456680,I2_1,10000,4940
978915015,I2_2,20000,5554
303680132,I2_1,10000,2679
708797046,I2_1,10000,3384
773048478,I2_1,10000,4460
138320437,I2_2,20000,5190
535670433,I2_1,10000,5028
129270907,I2_1,10000,4436
949752363,I2_1,10000,3844
209753977,I2_2,20000,6474
374808620,I2_1,10000,3776
829882780,I2_2,20000,6591
84535939,I2_2,20000,4536
507454064,I2_2,20000,4637
336864083,I2_2,20000,5114
883765658,I2_1,10000,3363
728725052,I2_2,20000,5439
94227774,I2_1,10000,3715
306662771,I2_2,20000,4922
514107562,I2_2,20000,4623
721172267,I2_2,20000,6738
11489729,I2_2,20000,7045
593111451,I2_1,10000,4222
599298787,I2_2,20000,6251
606073390,I2_2,20000,8483
560052941,I2_2,20000,7368
231349162,I2_2,20000,9602
343247435,I2_2,20000,10925
188975416,I2_2,20000,12502
991553127,I2_1,10000,4852
225506626,I2_1,10000,3197
904545559,I2_2,20000,8959
267318597,I2_1,10000,6346
560857000,I2_1,10000,7423
385497111,I2_1,10000,6401
472761338,I2_2,20000,13756
192791228,I2_2,20000,10884
707794632,I2_2,20000,6606
140834177,I2_1,10000,2649
235555333,I2_1,10000,3076
723327798,I2_2,20000,4738
98808923,I2_2,20000,5167
194020254,I2_1,10000,4524
852010439,I2_1,10000,4465
78403079,I2_2,20000,6530
338373761,I2_1,10000,4345
454272369,I2_2,20000,7603
454602299,I2_2,20000,8827
801157304,I2_1,10000,5130
371788397,I2_1,10000,4136
955971050,I2_2,20000,5365
58825863,I2_2,20000,5810
71637982,I2_2,20000,7020
168104596,I2_2,20000,9239
853473684,I2_2,20000,4636
179687362,I2_1,10000,2875
417921386,I2_1,10000,4493
971115049,I2_2,20000,6530
540271663,I2_2,20000,5987
191519079,I2_2,20000,6364
947699873,I2_2,20000,5024
145194436,I2_1,10000,3604
686612287,I2_2,20000,4700
326851206,I2_1,10000,3903
295669098,I2_2,20000,4920
682387528,I2_1,10000,2757
933195149,I2_1,10000,2975
215490108,I2_2,20000,5754
20126686,I2_1,10000,3310
705609395,I2_2,20000,8803
32423322,I2_2,20000,5693
237387668,I2_1,10000,3409
491684089,I2_1,10000,2524
823836103,I2_2,20000,4673
681076491,I2_1,10000,5266
846328563,I2_1,10000,3942
697410962,I2_2,20000,8656
623574134,I2_1,10000,4515
348896442,I2_1,10000,4573
108756371,I2_1,10000,3859
961380460,I2_1,10000,3843
718783038,I2_2,20000,9472
604546319,I2_2,20000,11000
388362577,I2_1,10000,4830
624871283,I2_1,10000,3370
644998701,I2_1,10000,2650
319775093,I2_1,10000,2942
234311740,I2_2,20000,5241
495158521,I2_1,10000,4681
715598367,I2_2,20000,5609
571538318,I2_2,20000,6611
778560107,I2_1,10000,5398
64619069,I2_2,20000,9294
896358414,I2_2,20000,9593
910602449,I2_2,20000,8945
562363445,I2_1,10000,4740
429850301,I2_1,10000,4105
915077363,I2_2,20000,9469
469824052,I2_1,10000,3397
400173236,I2_1,10000,4323
718587243,I2_1,10000,2458
611530739,I2_1,10000,3329
950319387,I2_2,20000,4942
89782204,I2_2,20000,6990
553940063,I2_1,10000,2574
79649896,I2_1,10000,2836
63809825,I2_2,20000,4534
30036197,I2_1,10000,2890
299760735,I2_2,20000,4541
376502480,I2_1,10000,4007
937054084,I2_2,20000,6134
861444834,I2_1,10000,5035
285678405,I2_2,20000,4588
888977646,I2_2,20000,4919
554746514,I2_1,10000,2558
695169616,I2_2,20000,5107
13643456,I2_1,10000,4601
961081882,I2_1,10000,2979
656856290,I2_1,10000,4969
557108059,I2_2,20000,6944
793557470,I2_2,20000,8986
655761672,I2_1,10000,2702
852106077,I2_2,20000,5152
349285852,I2_1,10000,4009
447962282,I2_1,10000,3975
886787576,I2_2,20000,7950
483818575,I2_1,10000,5241
851159378,I2_1,10000,4046
977952636,I2_2,20000,7445
937409831,I2_2,20000,4526
306937835,I2_1,10000,3630
32073564,I2_1,10000,2697
44243001,I2_1,10000,3717
256833433,I2_2,20000,4583
337559597,I2_2,20000,4873
649723924,I2_2,20000,5147
862270651,I2_1,10000,4568
275792046,I2_1,10000,4960
776430240,I2_1,10000,5586
211047793,I2_2,20000,7181
907151153,I2_1,10000,3818
845840901,I2_2,20000,7467
515531189,I2_1,10000,3727
192866124,I2_2,20000,5330
731109164,I2_1,10000,4927
394001024,I2_1,10000,4134
513976842,I2_2,20000,8242
420473522,I2_2,20000,5478
447860457,I2_1,10000,4563
923113183,I2_2,20000,7239
401783678,I2_1,10000,3935
632859397,I2_2,20000,10451
923631955,I2_1,10000,4234
769985880,I2_2,20000,10307
669367952,I2_2,20000,11388
343653637,I2_1,10000,3711
299299513,I2_1,10000,4353
764435660,I2_2,20000,15141
84251144,I2_1,10000,4404
575379895,I2_1,10000,4978
1886215,I2_2,20000,6002
769443890,I2_1,10000,6503
379765307,I2_2,20000,5615
181550266,I2_1,10000,4021
34680877,I2_1,10000,2537
799450859,I2_2,20000,5429
887092992,I2_1,10000,2512
446161951,I2_1,10000,3080
254214313,I2_2,20000,6217
481828008,I2_2,20000,7255
247643248,I2_1,10000,4777
719173209,I2_1,10000,4289
826774718,I2_2,20000,10054
350341635,I2_1,10000,4552
106427354,I2_1,10000,5176
410756407,I2_1,10000,4548
791142432,I2_2,20000,5036
53622150,I2_1,10000,3934
913135631,I2_1,10000,4528
851203269,I2_1,10000,4449
71060406,I2_2,20000,7601
701215816,I2_2,20000,8214
34340729,I2_2,20000,7384
97379279,I2_1,10000,6366
716413344,I2_1,10000,4316
382487988,I2_2,20000,5226
900929954,I2_2,20000,5577
608244242,I2_1,10000,4769
523924876,I2_1,10000,5290
60651146,I2_2,20000,7881
800297377,I2_1,10000,4217
967956432,I2_2,20000,8418
225029772,I2_1,10000,3332
89249627,I2_2,20000,4629
443833278,I2_1,10000,2904
196874354,I2_1,10000,4445
896297381,I2_2,20000,7456
34327135,I2_1,10000,4072
97273724,I2_2,20000,10262
285575206,I2_2,20000,5528
750970657,I2_2,20000,5576
526960487,I2_2,20000,6477
391648054,I2_2,20000,5144
625706440,I2_1,10000,3413
524519257,I2_2,20000,7216
297249111,I2_1,10000,4292
304107415,I2_2,20000,8638
199699745,I2_2,20000,9600
842165297,I2_2,20000,9767
225997582,I2_2,20000,10139
427979390,I2_2,20000,4922
320054324,I2_2,20000,6330
229968354,I2_1,10000,2447
975244924,I2_1,10000,2437
105807730,I2_1,10000,3448
610050591,I2_1,10000,2504
998488035,I2_2,20000,4506
502977764,I2_1,10000,5055
31437271,I2_1,10000,2536
781190203,I2_2,20000,5073
269069279,I2_1,10000,2999
133771239,I2_1,10000,3394
577041381,I2_2,20000,7414
664913785,I2_2,20000,5796
647515872,I2_1,10000,5641
306775704,I2_1,10000,4052
924676041,I2_2,20000,6658
390232353,I2_1,10000,4375
615657307,I2_2,20000,9492
732061411,I2_2,20000,4542
747494568,I2_2,20000,6651
716716591,I2_2,20000,7487
972862435,I2_2,20000,6402
952571385,I2_2,20000,5087
351812808,I2_1,10000,4476
809031000,I2_2,20000,6471
536486712,I2_2,20000,7352
545111861,I2_2,20000,5056
228494662,I2_2,20000,5582
724208776,I2_1,10000,6162
969371999,I2_1,10000,4490
723003991,I2_2,20000,9913
273561508,I2_2,20000,9263
933523670,I2_2,20000,8600
821455644,I2_1,10000,5452
837385285,I2_2,20000,6408
402015414,I2_1,10000,4133
42100817,I2_2,20000,4582
926469426,I2_1,10000,2673
527336159,I2_1,10000,2732
775632268,I2_1,10000,2687
867894729,I2_1,10000,4293
841166498,I2_2,20000,4794
936484965,I2_2,20000,4611
169439837,I2_1,10000,3011
630331184,I2_2,20000,6155
251187708,I2_1,10000,2607
234269085,I2_2,20000,4935
530825130,I2_1,10000,3786
890183677,I2_2,20000,7539
887406788,I2_2,20000,5224
952049785,I2_2,20000,4620
821665786,I2_1,10000,3049
955935682,I2_2,20000,4660
119067368,I2_1,10000,3980
56427708,I2_1,10000,4980
483567489,I2_2,20000,5593
912621156,I2_1,10000,4133
155508758,I2_2,20000,5078
629825924,I2_1,10000,3488
856741037,I2_1,10000,3875
798529812,I2_1,10000,4063
133928391,I2_1,10000,3027
926358770,I2_2,20000,4479
901415279,I2_1,10000,4990
600695644,I2_2,20000,6466
201435975,I2_1,10000,2975
61257164,I2_2,20000,4688
640129472,I2_2,20000,4665
189340535,I2_1,10000,2630
681778481,I2_1,10000,3693
42778522,I2_1,10000,4595
554845525,I2_1,10000,4268
885234919,I2_2,20000,5519
77745502,I2_1,10000,4938
985104391,I2_2,20000,6440
861043350,I2_2,20000,7948
384579459,I2_2,20000,6088
830392228,I2_1,10000,3486
900256414,I2_2,20000,7594
639091486,I2_2,20000,7493
622919951,I2_1,10000,2647
945493925,I2_2,20000,5233
926189793,I2_1,10000,2603
769925456,I2_2,20000,4622
235617485,I2_1,10000,4067
847064348,I2_1,10000,4256
795065939,I2_1,10000,2983
935993869,I2_2,20000,5726
954793516,I2_1,10000,3889
222308108,I2_1,10000,4415
700344183,I2_1,10000,2667
972861578,I2_1,10000,2620
678387251,I2_2,20000,4672
481139972,I2_2,20000,4672
29339655,I2_2,20000,6809
237049791,I2_2,20000,5554
352920839,I2_1,10000,4022
506600606,I2_1,10000,4464
289030524,I2_2,20000,6756
929633591,I2_2,20000,5721
939882996,I2_2,20000,6276
606142159,I2_1,10000,5745
980516565,I2_1,10000,6423
137196351,I2_1,10000,4158
283114805,I2_1,10000,3170
881045685,I2_1,10000,3541
155186178,I2_1,10000,4072
177483570,I2_2,20000,5590
192895919,I2_1,10000,3728
289724565,I2_2,20000,7662
280143579,I2_1,10000,4005
254574017,I2_1,10000,4137
598795736,I2_1,10000,5344
876144214,I2_1,10000,5795
474662162,I2_1,10000,3592
362087610,I2_2,20000,6167
962100723,I2_2,20000,5640
963156501,I2_1,10000,4132
411473513,I2_2,20000,5611
906774492,I2_2,20000,5693
696977015,I2_2,20000,5458
873958261,I2_2,20000,4635
586104628,I2_2,20000,5781
106745211,I2_1,10000,2837
173842811,I2_2,20000,5125
76673679,I2_2,20000,5527
430654128,I2_1,10000,2877
634012518,I2_2,20000,8829
558667031,I2_1,10000,4938
988367157,I2_1,10000,4842
494316632,I2_1,10000,5869
555224342,I2_1,10000,2728
996655657,I2_1,10000,3227
341538513,I2_2,20000,5609
993395391,I2_1,10000,4986
351095391,I2_2,20000,5939
867661871,I2_1,10000,3986
778866127,I2_2,20000,7104
221390826,I2_2,20000,9324
516127508,I2_2,20000,9058
142493341,I2_2,20000,8512
593455493,I2_2,20000,7616
676859273,I2_2,20000,7610
670754282,I2_1,10000,2581
448174741,I2_2,20000,4656
659173212,I2_1,10000,4070
5764763,I2_1,10000,4006
476032896,I2_1,10000,3147
485949005,I2_1,10000,2939
737324528,I2_1,10000,3645
74052137,I2_2,20000,6184
100570020,I2_1,10000,3153
197622348,I2_2,20000,5021
812109972,I2_2,20000,4640
904437876,I2_1,10000,4089
456932055,I2_2,20000,5961
879844341,I2_2,20000,8092
109830934,I2_2,20000,8006
836531756,I2_2,20000,8513
154629189,I2_1,10000,4848
223825067,I2_1,10000,3799
773097858,I2_2,20000,11170
12871819,I2_1,10000,5932
277333120,I2_2,20000,10813
300821157,I2_2,20000,12385
93327937,I2_2,20000,13689
929854515,I2_1,10000,4716
886906003,I2_2,20000,7240
570691924,I2_1,10000,3870
574867049,I2_1,10000,2889
940052010,I2_2,20000,4552
701202577,I2_1,10000,3620
437959354,I2_1,10000,4133
497017345,I2_1,10000,4642
952106177,I2_2,20000,6798
447071200,I2_2,20000,9578
484748647,I2_2,20000,7616
679081643,I2_1,10000,4424
570015694,I2_2,20000,6803
264514745,I2_2,20000,4667
397452696,I2_2,20000,4691
989734768,I2_2,20000,4724
669157835,I2_1,10000,2975
216855734,I2_2,20000,5632
33903623,I2_1,10000,4916
662337451,I2_1,10000,5698
201706239,I2_2,20000,9101
377278261,I2_2,20000,4685
475339083,I2_2,20000,4632
539213343,I2_2,20000,5042
666354806,I2_2,20000,6652
407237759,I2_1,10000,3931
969166490,I2_1,10000,3760
506190513,I2_2,20000,8917
702417893,I2_1,10000,2987
946270082,I2_1,10000,3509
739095718,I2_1,10000,4584
831288058,I2_1,10000,4970
869533190,I2_2,20000,11640
838947674,I2_1,10000,4448
86505202,I2_1,10000,5512
600962954,I2_1,10000,6649
235418366,I2_1,10000,4089
972112727,I2_2,20000,14335
710413776,I2_1,10000,5643
183565286,I2_2,20000,13164
65899027,I2_1,10000,7776
849999991,I2_1,10000,7150
363972476,I2_1,10000,7580
400689766,I2_2,20000,19566
624966738,I2_2,20000,21713
651105108,I2_2,20000,22144
293957940,I2_1,10000,12844
29956663,I2_2,20000,9010
354518991,I2_2,20000,8903
58633692,I2_1,10000,2695
533817140,I2_1,10000,3810
47477339,I2_1,10000,3216
450262919,I2_2,20000,6075
546010597,I2_1,10000,2927
415832672,I2_1,10000,3704
822846319,I2_2,20000,5170
110863956,I2_2,20000,5146
654024015,I2_1,10000,4500
524970473,I2_1,10000,3006
631923258,I2_2,20000,7659
781248535,I2_1,10000,3137
529163993,I2_1,10000,3795
254148071,I2_2,20000,5640
498798941,I2_1,10000,4686
7801869,I2_2,20000,7901
797914389,I2_1,10000,5072
767831931,I2_1,10000,5611
947096792,I2_1,10000,7179
405968679,I2_1,10000,6031
488481335,I2_2,20000,10916
251709586,I2_2,20000,7881
931899442,I2_2,20000,7136
989568048,I2_1,10000,2734
47331028,I2_1,10000,2708
664671343,I2_1,10000,3744
963863507,I2_2,20000,5165
631922983,I2_1,10000,4542
286038926,I2_2,20000,7231
310638760,I2_1,10000,4207
770655156,I2_2,20000,9882
183598632,I2_2,20000,11312
367800456,I2_2,20000,11798
388718054,I2_1,10000,4853
683771369,I2_1,10000,3887
968069478,I2_2,20000,12543
572806240,I2_1,10000,4580
780627047,I2_1,10000,4521
847774816,I2_2,20000,5857
72797609,I2_1,10000,4708
639357008,I2_2,20000,9004
809068695,I2_2,20000,6814
376932333,I2_1,10000,5162
632489832,I2_2,20000,10174
484498707,I2_1,10000,4030
292900923,I2_1,10000,3534
921667205,I2_1,10000,3850
410889827,I2_1,10000,4989
468430493,I2_1,10000,6077
7500601,I2_1,10000,5516
163519075,I2_1,10000,5408
220935521,I2_1,10000,4282
477169037,I2_2,20000,7107
343096725,I2_1,10000,3379
523174965,I2_2,20000,10113
619801700,I2_2,20000,5871
734431180,I2_2,20000,4880
223191257,I2_2,20000,6531
758192474,I2_2,20000,5548
7278251,I2_1,10000,3968
42010212,I2_1,10000,2984
338944867,I2_2,20000,4529
923129088,I2_2,20000,4597
846396553,I2_1,10000,2653
760800206,I2_1,10000,2576
488522228,I2_1,10000,2796
354085959,I2_1,10000,3118
380135231,I2_1,10000,2988
887751273,I2_1,10000,4569
412017828,I2_1,10000,3863
540639443,I2_2,20000,7117
397530423,I2_2,20000,9268
732241801,I2_2,20000,10764
299999733,I2_1,10000,5019
721739891,I2_1,10000,5669
457810115,I2_1,10000,5890
653796285,I2_1,10000,6462
541426776,I2_2,20000,6894
433176677,I2_1,10000,5351
742842139,I2_2,20000,9589
830286093,I2_1,10000,3782
27297183,I2_2,20000,5079
701055833,I2_2,20000,6223
947854313,I2_1,10000,4593
977308838,I2_1,10000,3398
682371455,I2_1,10000,5088
69465861,I2_2,20000,7752
9766425,I2_2,20000,6965
118728258,I2_1,10000,5419
685371864,I2_2,20000,5866
433244816,I2_1,10000,3186
289915578,I2_2,20000,5169
999843536,I2_1,10000,4455
602857550,I2_2,20000,5788
43189416,I2_1,10000,3610
67022608,I2_2,20000,5257
668793446,I2_1,10000,3812
560901429,I2_1,10000,2496
808885147,I2_1,10000,3430
460786079,I2_1,10000,2859
272329803,I2_2,20000,5061
618323962,I2_1,10000,2651
775183590,I2_1,10000,3045
819267055,I2_2,20000,4562
590085529,I2_2,20000,7188
20898110,I2_1,10000,3832
135880131,I2_1,10000,3279
640346851,I2_2,20000,7095
548007459,I2_1,10000,4906
978460929,I2_1,10000,5477
714571628,I2_1,10000,4966
390852620,I2_1,10000,4998
349335616,I2_1,10000,6140
909382621,I2_1,10000,4725
703426047,I2_1,10000,3721
270284699,I2_1,10000,2953
394508184,I2_2,20000,5763
229627203,I2_2,20000,6587
960373426,I2_1,10000,2683
779413202,I2_2,20000,5246
71986610,I2_2,20000,5642
177222666,I2_1,10000,3602
550828488,I2_2,20000,5697
915619249,I2_2,20000,5292
655355888,I2_1,10000,2734
378666237,I2_1,10000,2621
301479172,I2_1,10000,2958
810469989,I2_2,20000,5119
686448324,I2_2,20000,5520
489743671,I2_2,20000,7045
69089204,I2_1,10000,5420
888167826,I2_2,20000,8536
174596146,I2_2,20000,9047
793199222,I2_2,20000,8478
623816628,I2_2,20000,4653
201212868,I2_2,20000,4670
252040294,I2_2,20000,6429
873137146,I2_1,10000,3456
362380245,I2_2,20000,5558
73223234,I2_2,20000,7882
411193521,I2_1,10000,2965
331946394,I2_2,20000,6019
954029889,I2_1,10000,2901
200464343,I2_2,20000,5560
598228158,I2_2,20000,4605
1151525,I2_2,20000,5544
411387527,I2_1,10000,2632
655793667,I2_2,20000,4875
730187481,I2_2,20000,4746
529344550,I2_2,20000,4700
31886824,I2_1,10000,4140
447517436,I2_2,20000,6652
371394182,I2_2,20000,5637
175403642,I2_1,10000,2607
954225375,I2_1,10000,3009
680750472,I2_2,20000,5835
322149680,I2_1,10000,3580
719713500,I2_1,10000,4157
516553319,I2_2,20000,5100
700410688,I2_1,10000,3900
559926887,I2_2,20000,6635
62709706,I2_2,20000,4687
271963955,I2_1,10000,4106
103994216,I2_1,10000,4123
725437704,I2_2,20000,7211
205757855,I2_1,10000,4557
901165273,I2_1,10000,3957
669442220,I2_2,20000,8778
298793136,I2_2,20000,8709
491564327,I2_1,10000,4212
955596819,I2_2,20000,11317
606620926,I2_2,20000,11866
18737063,I2_2,20000,8007
21998701,I2_2,20000,7868
876831038,I2_1,10000,4257
384052204,I2_2,20000,9448
863169634,I2_1,10000,4277
523917248,I2_1,10000,4064
422590816,I2_1,10000,5621
893466439,I2_2,20000,5558
156494672,I2_1,10000,5854
16668795,I2_2,20000,8220
774856045,I2_2,20000,8844
566128536,I2_2,20000,7814
8858606,I2_2,20000,8681
329835552,I2_1,10000,5121
299649920,I2_2,20000,9768
919049182,I2_1,10000,2624
470404978,I2_1,10000,2784
25893994,I2_1,10000,2845
905505243,I2_2,20000,4484
361864480,I2_2,20000,5095
887220140,I2_1,10000,3963
931198235,I2_2,20000,8317
935827478,I2_2,20000,6493
117697959,I2_1,10000,5355
613867457,I2_2,20000,7048
994423829,I2_1,10000,4991
87388597,I2_1,10000,2922
618319512,I2_2,20000,4725
937775265,I2_2,20000,6811
501354033,I2_1,10000,3079
85866205,I2_1,10000,4664
226146271,I2_2,20000,9437
59406372,I2_2,20000,10490
172534823,I2_1,10000,5182
589072422,I2_1,10000,5845
917741359,I2_1,10000,5700
332050752,I2_2,20000,10658
218419791,I2_1,10000,6399
971172879,I2_1,10000,5902
741498424,I2_2,20000,13627
269077110,I2_2,20000,15738
953923817,I2_2,20000,15500
511330088,I2_2,20000,14210
92067755,I2_2,20000,12034
447896019,I2_2,20000,11441
753478380,I2_1,10000,6849
147770452,I2_1,10000,4172
650373648,I2_2,20000,11484
59703606,I2_2,20000,11899
67781881,I2_2,20000,13666
405954837,I2_1,10000,3461
336127439,I2_2,20000,5538
137386049,I2_2,20000,4910
854861822,I2_2,20000,5521
188932044,I2_1,10000,6156
901279469,I2_2,20000,5130
432401999,I2_2,20000,4646
362498534,I2_1,10000,3895
502510879,I2_2,20000,6516
579193048,I2_1,10000,4736
368049320,I2_1,10000,5160
647691583,I2_2,20000,6782
825215478,I2_2,20000,7415
794904742,I2_1,10000,4813
792508867,I2_1,10000,3704
163051160,I2_1,10000,2570
997938759,I2_1,10000,2616
407774218,I2_1,10000,2714
362267866,I2_1,10000,2632
316554245,I2_2,20000,4853
777443578,I2_1,10000,4526
348494430,I2_1,10000,3780
987062123,I2_1,10000,5412
28759372,I2_2,20000,9168
886770869,I2_2,20000,8413
222000259,I2_1,10000,6382
774208760,I2_1,10000,3707
256375721,I2_2,20000,10073
214073930,I2_1,10000,4744
603465509,I2_1,10000,3449
243115059,I2_2,20000,5168
945776083,I2_2,20000,6083
552373827,I2_2,20000,5794
991096936,I2_2,20000,7037
239676949,I2_2,20000,9236
199211485,I2_2,20000,4632
449616603,I2_1,10000,4065
676813724,I2_1,10000,4217
600076933,I2_1,10000,2885
730213730,I2_2,20000,5577
324015594,I2_1,10000,3698
325011192,I2_1,10000,4260
20185581,I2_1,10000,5401
404863226,I2_1,10000,2612
4332782,I2_1,10000,2684
183117122,I2_2,20000,4546
42310745,I2_2,20000,4530
71188093,I2_1,10000,3974
883668107,I2_1,10000,3141
664255785,I2_2,20000,5559
123866449,I2_2,20000,5982
168277321,I2_1,10000,4413
754113045,I2_1,10000,6047
651466946,I2_1,10000,5461
889684218,I2_2,20000,5400
529601909,I2_1,10000,4939
820653120,I2_1,10000,6541
647458301,I2_2,20000,5519
425009537,I2_1,10000,4372
750655982,I2_2,20000,5034
66843509,I2_1,10000,5383
400392072,I2_1,10000,4285
68281023,I2_2,20000,6839
847089270,I2_1,10000,4076
515493166,I2_2,20000,7664
605795446,I2_2,20000,4617
705670230,I2_2,20000,4603
444876456,I2_1,10000,3401
437529540,I2_2,20000,5271
558515842,I2_2,20000,7379
454936936,I2_2,20000,5162
736697005,I2_1,10000,3857
854517209,I2_1,10000,3928
394109014,I2_1,10000,2602
185327019,I2_1,10000,3686
977935150,I2_1,10000,3676
37605989,I2_1,10000,4226
855219473,I2_2,20000,6841
587239962,I2_1,10000,4840
208646243,I2_2,20000,5425
958700114,I2_1,10000,3862
509869069,I2_2,20000,5642
79525672,I2_2,20000,6027
218044462,I2_2,20000,6017
895589320,I2_1,10000,4282
527252624,I2_2,20000,7589
868669217,I2_1,10000,3310
625680140,I2_2,20000,5456
260800959,I2_2,20000,5569
894511784,I2_1,10000,4965
668564062,I2_1,10000,4342
961889700,I2_1,10000,5289
204266698,I2_1,10000,6831
21699449,I2_1,10000,4763
936416446,I2_2,20000,10281
35883421,I2_2,20000,10798
219610452,I2_1,10000,5561
121046416,I2_2,20000,4877
818059741,I2_1,10000,2954
78533878,I2_1,10000,3641
627097218,I2_1,10000,4580
939867757,I2_1,10000,5330
682287585,I2_2,20000,5023
109582991,I2_1,10000,5538
692394294,I2_1,10000,3740
752688758,I2_2,20000,8788
63134919,I2_1,10000,5195
593950672,I2_1,10000,5941
15327832,I2_1,10000,5902
629842792,I2_2,20000,9852
516990571,I2_2,20000,12472
801305664,I2_1,10000,3518
999696974,I2_2,20000,5658
163697339,I2_1,10000,2590
129980400,I2_2,20000,4639
367357790,I2_1,10000,4005
553559719,I2_1,10000,4432
956307374,I2_2,20000,8830
891649768,I2_2,20000,8025
369328299,I2_1,10000,4178
505282149,I2_1,10000,3743
490133594,I2_2,20000,9562
917286986,I2_1,10000,4727
369900536,I2_2,20000,11037
47459411,I2_2,20000,9228
495750596,I2_1,10000,5184
510517351,I2_2,20000,8592
308454249,I2_2,20000,4671
595811517,I2_2,20000,5527
213144293,I2_1,10000,6010
915747774,I2_2,20000,7774
464007910,I2_2,20000,6592
635288701,I2_1,10000,2616
186667523,I2_2,20000,4723
297217743,I2_2,20000,4968
244046691,I2_1,10000,2784
274481255,I2_1,10000,3062
571176604,I2_2,20000,6599
675445506,I2_1,10000,3354
986257068,I2_1,10000,4462
92122251,I2_1,10000,2970
989046199,I2_1,10000,2645
412736244,I2_1,10000,3747
626201331,I2_2,20000,4636
856792782,I2_1,10000,5682
474259090,I2_1,10000,6207
200272579,I2_1,10000,5235
398745152,I2_1,10000,4982
94708783,I2_1,10000,3286
531621510,I2_1,10000,2853
910991082,I2_2,20000,4503
310276521,I2_2,20000,4724
389125216,I2_1,10000,3180
730830240,I2_1,10000,2680
685945362,I2_1,10000,2978
261407779,I2_1,10000,3771
382611593,I2_2,20000,6885
411909438,I2_1,10000,3156
854211751,I2_1,10000,2675
971494285,I2_1,10000,2603
495540668,I2_1,10000,2625
406654984,I2_1,10000,2822
240751470,I2_1,10000,3872
307356234,I2_2,20000,5465
118132451,I2_2,20000,5645
618095387,I2_1,10000,4096
319324522,I2_2,20000,5532
456524442,I2_1,10000,4948
387978190,I2_1,10000,4902
707758807,I2_2,20000,5209
439292850,I2_1,10000,5693
609043374,I2_1,10000,5651
975550163,I2_1,10000,6100
632918831,I2_1,10000,3951
782057806,I2_2,20000,11143
557814446,I2_2,20000,9844
582651138,I2_2,20000,7611
639711119,I2_1,10000,3871
12337965,I2_1,10000,5521
18895704,I2_2,20000,12483
941291774,I2_2,20000,13496
408530138,I2_1,10000,5378
836998115,I2_2,20000,15095
920562584,I2_2,20000,15031
858556111,I2_2,20000,16683
418789033,I2_2,20000,15051
629474492,I2_1,10000,6519
94860564,I2_2,20000,18860
110478584,I2_1,10000,9108
940802086,I2_2,20000,16215
657474844,I2_1,10000,8121
141164992,I2_1,10000,5547
738483112,I2_1,10000,6016
60607445,I2_1,10000,6587
386993620,I2_2,20000,17705
787815442,I2_2,20000,19802
463552282,I2_1,10000,9154
960942946,I2_2,20000,20922
322823948,I2_2,20000,22471
570893502,I2_1,10000,8325
442842477,I2_2,20000,17008
937321085,I2_1,10000,3749
806745492,I2_2,20000,15717
758910190,I2_2,20000,12520
468628564,I2_2,20000,13492
495034582,I2_2,20000,14028
783382306,I2_2,20000,12597
507375122,I2_2,20000,8486
876132396,I2_2,20000,4474
915629262,I2_1,10000,3833
728446629,I2_1,10000,4548
904035026,I2_2,20000,4691
746257987,I2_2,20000,5569
295082826,I2_1,10000,3035
413781121,I2_2,20000,4517
336187203,I2_2,20000,6641
627152357,I2_1,10000,5386
739481469,I2_2,20000,5166
755803299,I2_2,20000,6227
802331090,I2_2,20000,4571
557881302,I2_1,10000,2874
473023884,I2_2,20000,4690
398622039,I2_2,20000,5042
924581588,I2_2,20000,5272
287900503,I2_2,20000,7475
407897430,I2_2,20000,4714
813138454,I2_2,20000,6789
412981193,I2_1,10000,2649
195310272,I2_2,20000,5203
696137922,I2_2,20000,5741
357165201,I2_1,10000,5111
507768762,I2_1,10000,3481
159761710,I2_2,20000,9864
643504317,I2_1,10000,5446
584069770,I2_2,20000,5502
733030589,I2_2,20000,5534
777785231,I2_1,10000,2662
233964017,I2_2,20000,6146
659391067,I2_1,10000,3479
567434043,I2_1,10000,4005
950799246,I2_1,10000,5626
970177251,I2_2,20000,7351
461594996,I2_2,20000,5640
203445704,I2_1,10000,5006
459810501,I2_2,20000,5562
551254538,I2_2,20000,6551
460914495,I2_1,10000,3216
592559637,I2_2,20000,4659
112783823,I2_2,20000,4694
550845103,I2_1,10000,3573
872217369,I2_2,20000,6991
720189191,I2_2,20000,4728
135705730,I2_1,10000,5239
810592054,I2_1,10000,5124
353352134,I2_2,20000,5187
701767245,I2_1,10000,4601
407287571,I2_1,10000,5140
402643825,I2_1,10000,3951
592978110,I2_1,10000,2714
255506689,I2_2,20000,6681
316045208,I2_2,20000,7734
45992048,I2_1,10000,4966
69855155,I2_1,10000,4458
182574360,I2_2,20000,11616
207090256,I2_1,10000,3916
845929918,I2_2,20000,12042
775398081,I2_2,20000,10886
816282018,I2_2,20000,13057
701286765,I2_2,20000,11259
65051782,I2_2,20000,8095
86225939,I2_1,10000,7569
989747214,I2_2,20000,9658
513576172,I2_2,20000,7058
915882393,I2_2,20000,6665
224005994,I2_1,10000,3280
884870099,I2_1,10000,4381
944637588,I2_1,10000,5098
604617915,I2_1,10000,4547
488423369,I2_2,20000,5590
332674002,I2_1,10000,4962
996030122,I2_1,10000,6160
745969787,I2_1,10000,6640
500863143,I2_1,10000,3826
928097939,I2_2,20000,6128
746442838,I2_2,20000,6915
388673127,I2_2,20000,5610
23600385,I2_2,20000,8797
798298245,I2_2,20000,8635
507448183,I2_1,10000,4829
212519194,I2_1,10000,5378
47101558,I2_2,20000,9121
382143950,I2_1,10000,5370
581788599,I2_1,10000,5881
465816229,I2_1,10000,6522
474021998,I2_2,20000,12051
473372009,I2_2,20000,11768
58211106,I2_1,10000,5866
463592566,I2_1,10000,5201
48302519,I2_2,20000,11316
392903625,I2_2,20000,8478
909841498,I2_1,10000,3869
954135304,I2_1,10000,5492
395043079,I2_2,20000,8360
656871853,I2_2,20000,8241
436360212,I2_1,10000,4409
382454135,I2_2,20000,5061
793558192,I2_1,10000,2802
754185081,I2_2,20000,4744
555915185,I2_1,10000,3495
490348578,I2_2,20000,5305
544335230,I2_1,10000,3706
745954786,I2_2,20000,8343
713412232,I2_2,20000,5033
122770029,I2_1,10000,2788
58092745,I2_2,20000,4680
918293318,I2_2,20000,5652
149919643,I2_1,10000,2689
111261656,I2_1,10000,3053
260972507,I2_2,20000,5737
335883999,I2_1,10000,5026
719527717,I2_1,10000,4904
305250705,I2_2,20000,8333
11354833,I2_2,20000,10577
278159984,I2_1,10000,4838
643719655,I2_2,20000,12579
619256751,I2_2,20000,11363
491814062,I2_1,10000,6679
168317401,I2_2,20000,9288
83996820,I2_1,10000,6074
164253853,I2_1,10000,6581
409942980,I2_1,10000,7708
244559605,I2_1,10000,6947
63906902,I2_1,10000,5411
205635667,I2_2,20000,16728
675590865,I2_2,20000,18132
311936399,I2_2,20000,16553
854690961,I2_1,10000,5218
519417760,I2_2,20000,17130
285875884,I2_1,10000,2957
707884239,I2_2,20000,5154
269008490,I2_2,20000,5552
367155763,I2_2,20000,5880
187040140,I2_1,10000,3098
786932173,I2_1,10000,3113
537798441,I2_1,10000,2435
81965078,I2_1,10000,2501
769052702,I2_1,10000,2645
914480673,I2_1,10000,3864
874730026,I2_1,10000,2916
484521562,I2_1,10000,4068
565282770,I2_2,20000,7268
969028677,I2_1,10000,5706
927225277,I2_2,20000,5733
882005834,I2_2,20000,8257
518284952,I2_1,10000,4976
79175254,I2_1,10000,3702
162349210,I2_2,20000,7651
688247022,I2_2,20000,4531
182798623,I2_2,20000,5013
696510540,I2_1,10000,2509
885378675,I2_2,20000,4629
900378072,I2_2,20000,4921
623448087,I2_1,10000,4929
712786666,I2_2,20000,8727
432993587,I2_2,20000,6569
746733725,I2_1,10000,4320
454024872,I2_1,10000,3959
138021940,I2_2,20000,10237
855333119,I2_1,10000,4990
243113762,I2_1,10000,4229
543447579,I2_2,20000,12830
90630841,I2_1,10000,5866
672411619,I2_1,10000,4773
229859622,I2_2,20000,14883
984791216,I2_2,20000,14882
864926502,I2_2,20000,14098
178350666,I2_2,20000,16173
542264720,I2_1,10000,6316
866641073,I2_1,10000,7900
744984138,I2_1,10000,7389
120360455,I2_2,20000,16884
282952607,I2_1,10000,2807
932517800,I2_2,20000,4568
466578821,I2_1,10000,2800
986551439,I2_2,20000,6509
727431868,I2_2,20000,4899
739413088,I2_2,20000,6500
361783612,I2_2,20000,5935
389737983,I2_1,10000,4159
879463390,I2_2,20000,6299
256734972,I2_2,20000,6577
975681599,I2_2,20000,5648
583702986,I2_1,10000,5084
36924968,I2_2,20000,6389
81489560,I2_1,10000,2716
263664616,I2_2,20000,4610
311351631,I2_2,20000,5858
238012153,I2_2,20000,6238
993867646,I2_2,20000,4641
929514124,I2_1,10000,5236
173200401,I2_1,10000,4094
566201041,I2_1,10000,2700
64394249,I2_1,10000,3168
964570073,I2_2,20000,5105
706465341,I2_2,20000,7166
271166632,I2_2,20000,8653
336644018,I2_2,20000,10915
194831782,I2_2,20000,6507
274728227,I2_1,10000,4893
793323088,I2_1,10000,3198
358932128,I2_1,10000,5368
866920338,I2_1,10000,6354
904554541,I2_1,10000,4313
445212999,I2_2,20000,12937
960823553,I2_1,10000,5852
564895399,I2_1,10000,6405
849043342,I2_2,20000,15478
523232912,I2_2,20000,14336
262584072,I2_1,10000,6342
262704052,I2_2,20000,12185
169310513,I2_1,10000,3740
883965134,I2_2,20000,12064
371324678,I2_1,10000,5209
869575218,I2_2,20000,12676
3770070,I2_2,20000,9667
748374677,I2_1,10000,3842
296910661,I2_1,10000,3843
638779856,I2_1,10000,4746
316793819,I2_1,10000,4263
554600483,I2_2,20000,10799
341255686,I2_2,20000,11130
800026051,I2_2,20000,6767
957833775,I2_1,10000,5145
586750434,I2_2,20000,7155
474719228,I2_2,20000,5516
193768492,I2_1,10000,6175
853012436,I2_1,10000,4260
259735194,I2_2,20000,7957
59597745,I2_1,10000,3730
352370713,I2_2,20000,6840
671190358,I2_2,20000,5350
799108364,I2_1,10000,2825
544461058,I2_1,10000,2568
20646076,I2_1,10000,2599
459178691,I2_1,10000,2833
107498346,I2_2,20000,5172
385324314,I2_1,10000,5693
671888175,I2_1,10000,2914
665015012,I2_2,20000,8234
232797027,I2_2,20000,8144
38422469,I2_2,20000,9017
990839750,I2_2,20000,9943
572321945,I2_2,20000,8901
136694948,I2_1,10000,5144
200719657,I2_2,20000,6605
454087549,I2_1,10000,3300
528955734,I2_2,20000,6207
728468949,I2_2,20000,7063
393409375,I2_2,20000,6531
867502680,I2_2,20000,5383
913506141,I2_2,20000,4625
669233565,I2_2,20000,4678
949829309,I2_1,10000,4450
639457767,I2_2,20000,5572
378142714,I2_2,20000,6870
172090848,I2_2,20000,6025
168932853,I2_1,10000,4298
741662107,I2_2,20000,8477
96309983,I2_1,10000,4333
408678588,I2_1,10000,4295
272796080,I2_2,20000,11913
504229789,I2_2,20000,8664
700900858,I2_1,10000,4209
250159649,I2_2,20000,5854
287107500,I2_2,20000,7943
361768298,I2_1,10000,4406
222168679,I2_2,20000,7296
642230018,I2_2,20000,9400
463228761,I2_1,10000,4401
206845129,I2_1,10000,3980
473936608,I2_1,10000,5194
420583427,I2_1,10000,2559
314928644,I2_1,10000,2452
655421547,I2_2,20000,5528
936266019,I2_1,10000,2905
35285664,I2_1,10000,3539
202575729,I2_1,10000,2604
873682258,I2_1,10000,3641
183162494,I2_1,10000,2472
966820505,I2_2,20000,4634
302741094,I2_2,20000,5286
165366209,I2_1,10000,2901
207750768,I2_2,20000,5061
66499883,I2_1,10000,4534
931425655,I2_2,20000,5962
342341977,I2_1,10000,5015
235459331,I2_2,20000,7428
429985061,I2_1,10000,3151
169803543,I2_2,20000,4546
673946610,I2_2,20000,5472
754879041,I2_2,20000,4625
177244303,I2_1,10000,2979
94181311,I2_2,20000,6368
756480532,I2_1,10000,3949
716608812,I2_1,10000,3364
189631119,I2_2,20000,7825
164620290,I2_1,10000,5397
172422851,I2_1,10000,5989
871377559,I2_1,10000,4277
150050291,I2_2,20000,7892
214200784,I2_1,10000,4940
122884058,I2_1,10000,3912
789502273,I2_1,10000,3430
965291679,I2_2,20000,4581
112915481,I2_1,10000,5134
454031880,I2_1,10000,4976
798945597,I2_2,20000,4655
322819996,I2_1,10000,2975
217887049,I2_2,20000,4600
697516761,I2_2,20000,5659
810479836,I2_1,10000,2690
395679106,I2_2,20000,5246
203825901,I2_2,20000,5308
32633358,I2_1,10000,3176
562917791,I2_1,10000,2966
393617803,I2_1,10000,4259
404979731,I2_2,20000,5766
122507146,I2_2,20000,5069
990685650,I2_1,10000,4294
309486120,I2_2,20000,8391
159408234,I2_2,20000,8898
951059314,I2_1,10000,4078
564000881,I2_1,10000,3842
659763398,I2_1,10000,4664
179428966,I2_2,20000,7192
620944169,I2_2,20000,4766
454921395,I2_2,20000,4884
632633850,I2_1,10000,5401
674783293,I2_1,10000,3069
217659321,I2_2,20000,8818
152058995,I2_2,20000,4711
65492189,I2_2,20000,4607
711922625,I2_1,10000,5173
214146285,I2_1,10000,5144
248724017,I2_2,20000,7966
838332546,I2_1,10000,3538
649811020,I2_1,10000,3001
307155515,I2_2,20000,4939
224657631,I2_1,10000,2571
173877123,I2_1,10000,2858
863595865,I2_2,20000,4488
203144456,I2_1,10000,3996
473661727,I2_1,10000,4417
710839576,I2_2,20000,5030
283418898,I2_1,10000,4438
395244277,I2_1,10000,2888
17255448,I2_1,10000,4887
354385952,I2_2,20000,7856
81806997,I2_2,20000,8165
593923631,I2_1,10000,2656
759463940,I2_1,10000,3223
496912685,I2_2,20000,4546
389988100,I2_2,20000,4567
607447973,I2_1,10000,5038
971119988,I2_2,20000,6418
62189001,I2_1,10000,2556
174130790,I2_2,20000,4908
761648991,I2_1,10000,5005
364332607,I2_1,10000,5473
623784894,I2_2,20000,8746
669511362,I2_2,20000,7332
433968838,I2_1,10000,3490
667634679,I2_2,20000,5344
538806816,I2_1,10000,3708
934181748,I2_2,20000,4739
548099245,I2_1,10000,5296
16411912,I2_2,20000,5759
419130871,I2_2,20000,6232
143231094,I2_1,10000,3649
671140643,I2_2,20000,5782
616989553,I2_2,20000,6346
91572151,I2_2,20000,6343
197821086,I2_2,20000,7942
432809529,I2_2,20000,10048
833570808,I2_1,10000,5304
144453790,I2_2,20000,10246
825181683,I2_2,20000,4978
760820318,I2_1,10000,3906
826245952,I2_2,20000,5577
228742813,I2_2,20000,4507
357067236,I2_2,20000,4695
570501699,I2_2,20000,5429
832145572,I2_1,10000,2570
222364479,I2_1,10000,2728
504161889,I2_1,10000,3020
606459974,I2_2,20000,4634
540109955,I2_2,20000,4900
594188690,I2_1,10000,3795
722177345,I2_1,10000,4422
189418925,I2_2,20000,7484
60138161,I2_2,20000,7073
309853649,I2_2,20000,9181
209628363,I2_1,10000,2713
554794753,I2_1,10000,4272
863313303,I2_1,10000,4904
752792871,I2_2,20000,7722
749013260,I2_1,10000,3025
359672154,I2_2,20000,7392
414696005,I2_1,10000,3810
339156382,I2_2,20000,6399
212304670,I2_1,10000,2903
5866798,I2_1,10000,4040
627043388,I2_2,20000,4587
770186605,I2_2,20000,4794
336880627,I2_1,10000,2983
708012083,I2_1,10000,3363
975086726,I2_1,10000,5039
979536731,I2_2,20000,5562
453728208,I2_2,20000,6613
970226553,I2_1,10000,6513
437765666,I2_1,10000,5484
786851757,I2_2,20000,9278
887007634,I2_1,10000,5037
525029268,I2_1,10000,4387
440400837,I2_2,20000,10147
160479530,I2_1,10000,5221
229572254,I2_2,20000,5305
896077710,I2_2,20000,4494
857442883,I2_2,20000,4549
74588893,I2_1,10000,2926
466116386,I2_2,20000,6684
868282936,I2_1,10000,4046
614765392,I2_1,10000,5082
680399669,I2_1,10000,5994
601499809,I2_2,20000,4505
767104038,I2_2,20000,5500
687309643,I2_2,20000,5962
204245738,I2_1,10000,5512
743435498,I2_1,10000,4974
761533127,I2_1,10000,4484
741441837,I2_2,20000,5062
694229115,I2_2,20000,4966
353804707,I2_2,20000,6131
985478367,I2_2,20000,6491
664156530,I2_2,20000,5432
998604811,I2_2,20000,5419
701388577,I2_1,10000,3754
99384231,I2_2,20000,4560
635539510,I2_1,10000,2807
312085601,I2_1,10000,2490
518090747,I2_1,10000,2846
361941572,I2_2,20000,4543
736588270,I2_1,10000,2643
891928626,I2_1,10000,3171
882460821,I2_2,20000,5503
774213165,I2_2,20000,7604
606410898,I2_1,10000,6315
897037038,I2_2,20000,9785
128392887,I2_2,20000,6963
756718582,I2_2,20000,5416
548950016,I2_2,20000,7452
130682943,I2_2,20000,9597
960044461,I2_1,10000,3498
503086837,I2_1,10000,4467
554651820,I2_1,10000,4040
280862552,I2_2,20000,4509
499809549,I2_1,10000,3916
751490170,I2_1,10000,2619
881740817,I2_2,20000,4947
139011332,I2_1,10000,5010
214365431,I2_2,20000,6453
491640002,I2_1,10000,2896
184250286,I2_1,10000,2559
687135102,I2_1,10000,2855
443517713,I2_2,20000,4783
729828077,I2_1,10000,5025
337140109,I2_2,20000,6600
751660485,I2_1,10000,5022
949170272,I2_2,20000,5751
308656405,I2_1,10000,2766
456120882,I2_2,20000,4961
85109096,I2_2,20000,4657
987635632,I2_1,10000,2737
52506087,I2_2,20000,5332
101014133,I2_2,20000,4593
23472613,I2_2,20000,5517
429722297,I2_2,20000,4576
136342619,I2_2,20000,4577
307044856,I2_1,10000,3307
154694285,I2_2,20000,5168
231098187,I2_2,20000,7318
523322187,I2_1,10000,3511
550508611,I2_1,10000,4040
414054245,I2_1,10000,4544
861892162,I2_2,20000,7245
788289149,I2_1,10000,5037
725109818,I2_2,20000,8245
490171130,I2_2,20000,7447
501324100,I2_2,20000,7958
196516972,I2_2,20000,7607
453828023,I2_2,20000,6499
740493826,I2_1,10000,2558
543792711,I2_1,10000,3048
397000005,I2_1,10000,4040
4027011,I2_2,20000,6399
343762760,I2_1,10000,5843
361215923,I2_1,10000,5314
41405997,I2_1,10000,4561
143653983,I2_1,10000,5742
389040061,I2_1,10000,4654
826635807,I2_1,10000,5204
370829977,I2_2,20000,5841
8460524,I2_2,20000,5795
230791077,I2_2,20000,6723
566669726,I2_2,20000,5582
237961004,I2_2,20000,6590
39251498,I2_2,20000,5556
308057899,I2_2,20000,6660
613304737,I2_2,20000,5037
237750715,I2_1,10000,4299
133752619,I2_2,20000,6336
220193480,I2_1,10000,4260
257997474,I2_2,20000,6016
489075541,I2_2,20000,6046
447030058,I2_1,10000,4551
129559951,I2_2,20000,6024
887272277,I2_1,10000,3846
710417228,I2_2,20000,9068
627247550,I2_2,20000,6282
283580638,I2_1,10000,4665
433484847,I2_1,10000,4073
151545676,I2_2,20000,9605
602642819,I2_2,20000,4508
35424921,I2_1,10000,3938
578655095,I2_2,20000,7291
486571662,I2_1,10000,4631
495963468,I2_1,10000,5206
115304556,I2_2,20000,6558
230327203,I2_1,10000,5939
306670908,I2_1,10000,4280
993978391,I2_2,20000,9802
176707415,I2_2,20000,9667
740036908,I2_2,20000,5035
431170555,I2_2,20000,4968
513635954,I2_1,10000,5404
968788518,I2_2,20000,6518
293296702,I2_2,20000,5641
243242470,I2_2,20000,7850
395996521,I2_1,10000,3929
941943516,I2_1,10000,5071
629554469,I2_1,10000,2911
652767223,I2_2,20000,5036
992523370,I2_1,10000,5514
563245476,I2_1,10000,2886
246267450,I2_2,20000,4842
248987891,I2_1,10000,3134
800385688,I2_2,20000,6365
276348875,I2_2,20000,7267
144233068,I2_2,20000,6231
203113959,I2_1,10000,4641
836325264,I2_1,10000,3894
750800145,I2_2,20000,8249
40039642,I2_2,20000,8751
933006267,I2_1,10000,4791
109861466,I2_1,10000,4818
474076324,I2_2,20000,12394
116960063,I2_2,20000,12902
397412917,I2_1,10000,2992
270755325,I2_2,20000,6266
270371118,I2_1,10000,4485
288971741,I2_1,10000,5095
903886077,I2_1,10000,5068
259270312,I2_2,20000,4570
944818642,I2_2,20000,5554
662448008,I2_2,20000,4999
423372445,I2_2,20000,7043
628648492,I2_1,10000,5321
438390920,I2_2,20000,7435
227047600,I2_2,20000,4495
181748038,I2_2,20000,5432
549674878,I2_2,20000,5530
152997207,I2_2,20000,6480
47899235,I2_2,20000,6138
531934927,I2_2,20000,5289
453190169,I2_1,10000,4660
310928241,I2_1,10000,4185
664590140,I2_2,20000,9240
544910684,I2_2,20000,4649
986344372,I2_1,10000,5141
527646018,I2_2,20000,6421
179995945,I2_1,10000,4014
285654729,I2_2,20000,5121
782253277,I2_1,10000,3462
526874846,I2_1,10000,2596
207770108,I2_2,20000,5056
635880820,I2_1,10000,4433
308326851,I2_2,20000,6633
682836383,I2_2,20000,8493
208735654,I2_1,10000,2811
887994626,I2_1,10000,7943
985934053,I2_1,10000,3667
861234494,I2_2,20000,12161
814254618,I2_1,10000,6134
516435607,I2_2,20000,10573
558956373,I2_2,20000,12633
322381603,I2_1,10000,7234
22371696,I2_1,10000,7215
224213858,I2_2,20000,10989
102718619,I2_1,10000,5785
679583495,I2_1,10000,6257
861178741,I2_2,20000,7242
481210439,I2_1,10000,2710
731010329,I2_1,10000,2575
796517199,I2_2,20000,4909
870783966,I2_2,20000,5470
799425003,I2_2,20000,7542
43878372,I2_2,20000,7530
558946460,I2_2,20000,9651
209070441,I2_2,20000,8463
807295080,I2_2,20000,4638
88164974,I2_2,20000,4612
969812219,I2_2,20000,5774
128003699,I2_2,20000,4570
319005632,I2_2,20000,4529
97421159,I2_1,10000,2931
845232673,I2_2,20000,4618
186777922,I2_1,10000,4047
2344337,I2_2,20000,6285
594855027,I2_2,20000,5783
754498666,I2_2,20000,5921
725510916,I2_1,10000,5370
27800572,I2_2,20000,7744
26580694,I2_1,10000,2669
482364646,I2_1,10000,3675
36487673,I2_1,10000,2670
925731167,I2_2,20000,5627
574422087,I2_2,20000,7216
514812289,I2_1,10000,4527
487538773,I2_1,10000,5232
681926384,I2_1,10000,5046
752755680,I2_1,10000,2635
724853413,I2_1,10000,2818
266025602,I2_2,20000,4857
431014980,I2_1,10000,3114
388621407,I2_2,20000,5815
82191707,I2_1,10000,5072
635066779,I2_2,20000,5129
716543417,I2_1,10000,4520
729273861,I2_1,10000,4451
698084897,I2_1,10000,4383
29367744,I2_2,20000,10613
674463119,I2_2,20000,5537
910411254,I2_2,20000,6149
435493067,I2_2,20000,5595
195507959,I2_1,10000,5203
80246738,I2_1,10000,4562
467194695,I2_1,10000,5263
640627802,I2_2,20000,8469
254037714,I2_2,20000,8368
858281061,I2_2,20000,7722
973017626,I2_2,20000,9844
351509284,I2_2,20000,9869
466328294,I2_2,20000,10900
69239649,I2_2,20000,9194
578554520,I2_2,20000,9817
772001300,I2_1,10000,4734
195743162,I2_1,10000,4345
692731848,I2_2,20000,13083
592811149,I2_2,20000,14103
377640635,I2_2,20000,14645
681664165,I2_2,20000,6021
339439881,I2_2,20000,5269
164627755,I2_2,20000,7181
93700038,I2_1,10000,4310
596068513,I2_1,10000,3349
433980015,I2_2,20000,8979
133129217,I2_2,20000,4736
604908217,I2_1,10000,4152
895557065,I2_2,20000,6450
612678576,I2_2,20000,6647
386232451,I2_1,10000,2988
880458444,I2_2,20000,7752
146734399,I2_2,20000,5814
750789006,I2_1,10000,5283
376857394,I2_1,10000,5006
303314729,I2_2,20000,8868
209657412,I2_2,20000,8805
454262462,I2_2,20000,9746
815386849,I2_1,10000,4261
460159178,I2_2,20000,6112
561740114,I2_2,20000,8165
810894410,I2_1,10000,2632
763274761,I2_2,20000,5188
226757857,I2_2,20000,7170
49030628,I2_1,10000,5510
641887323,I2_2,20000,10052
922982387,I2_2,20000,9459
490640667,I2_2,20000,9575
928612994,I2_1,10000,5329
152552065,I2_1,10000,4809
69913844,I2_2,20000,9115
697085781,I2_2,20000,9061
519800888,I2_2,20000,8300
839032529,I2_2,20000,6956
825329137,I2_1,10000,4414
236120048,I2_2,20000,5775
626998240,I2_2,20000,4831
701346907,I2_2,20000,4707
775217056,I2_2,20000,6775
347690356,I2_2,20000,4776
909502602,I2_1,10000,4196
781666888,I2_1,10000,4193
447655013,I2_1,10000,3048
5043693,I2_2,20000,4665
661243900,I2_1,10000,3095
645702103,I2_2,20000,8455
413550721,I2_2,20000,6266
827278032,I2_1,10000,5970
658005301,I2_1,10000,6515
135389417,I2_2,20000,7944
148480649,I2_2,20000,7960
830561529,I2_1,10000,2657
882849388,I2_2,20000,6074
746445087,I2_1,10000,3938
538469403,I2_2,20000,7216
62406075,I2_2,20000,8239
989916998,I2_1,10000,5403
732540913,I2_2,20000,11044
424645059,I2_2,20000,10775
205916051,I2_2,20000,10731
569860405,I2_2,20000,9271
513407125,I2_2,20000,10896
657468461,I2_1,10000,3981
705658409,I2_2,20000,4658
787324764,I2_1,10000,3037
656239897,I2_2,20000,5112
117550355,I2_2,20000,6073
800877113,I2_1,10000,5891
614905545,I2_1,10000,5450
294702959,I2_2,20000,10139
790477188,I2_2,20000,6176
639208718,I2_2,20000,7744
178477705,I2_1,10000,5061
684185598,I2_2,20000,9816
585511735,I2_1,10000,5932
478106638,I2_1,10000,4899
942088774,I2_1,10000,5489
507785005,I2_1,10000,6005
364669552,I2_2,20000,14235
631015617,I2_1,10000,5009
785167122,I2_2,20000,6189
626941222,I2_1,10000,3880
745806294,I2_1,10000,3120
930811552,I2_1,10000,3556
226518744,I2_1,10000,2935
200228459,I2_2,20000,4835
101635973,I2_1,10000,3446
593243184,I2_2,20000,6088
248109940,I2_2,20000,5236
246767497,I2_1,10000,5843
728076017,I2_1,10000,3788
350476889,I2_2,20000,4734
226914689,I2_1,10000,2638
876857911,I2_1,10000,2638
394296978,I2_1,10000,2776
407907469,I2_1,10000,2886
911814614,I2_1,10000,3669
235277632,I2_1,10000,3444
414436756,I2_1,10000,4549
270426499,I2_2,20000,9236
556539843,I2_1,10000,4825
563580348,I2_1,10000,5357
230635859,I2_2,20000,9256
636194702,I2_1,10000,5297
61751913,I2_2,20000,11126
958338262,I2_1,10000,4088
968470815,I2_2,20000,13002
182817125,I2_1,10000,4220
818733670,I2_2,20000,14721
871790140,I2_2,20000,13080
625710910,I2_2,20000,8674
583418615,I2_1,10000,4977
411759480,I2_1,10000,4436
8374240,I2_2,20000,6756
146555651,I2_2,20000,7607
342544037,I2_2,20000,5820
622588799,I2_1,10000,3181
912243959,I2_1,10000,2478
738195037,I2_2,20000,5637
402968397,I2_2,20000,4470
880653713,I2_2,20000,6453
849667561,I2_2,20000,6350
244604853,I2_2,20000,7936
219939784,I2_2,20000,10117
155162026,I2_1,10000,5249
671378196,I2_2,20000,9553
474545510,I2_2,20000,10524
299867278,I2_2,20000,11093
953893787,I2_2,20000,11627
406764405,I2_1,10000,4256
257935568,I2_2,20000,14167
548687727,I2_2,20000,15423
943722897,I2_2,20000,15717
670833116,I2_2,20000,11537
653901812,I2_2,20000,9363
563146663,I2_2,20000,11755
252180737,I2_2,20000,10512
710119711,I2_1,10000,4837
497071599,I2_1,10000,5322
119747875,I2_2,20000,8465
124220913,I2_2,20000,6528
181058554,I2_1,10000,3001
64256440,I2_1,10000,2563
101820207,I2_1,10000,3574
751360101,I2_1,10000,2521
15640392,I2_2,20000,5088
597122605,I2_1,10000,3431
536499342,I2_2,20000,6711
359159392,I2_1,10000,3927
656220765,I2_1,10000,4483
760829239,I2_1,10000,5530
645979178,I2_1,10000,3470
999189857,I2_1,10000,3021
328731858,I2_1,10000,3754
844699378,I2_2,20000,5138
829185433,I2_1,10000,3853
102964992,I2_1,10000,2661
716867311,I2_2,20000,5580
309229487,I2_1,10000,2594
475863475,I2_1,10000,2652
337192329,I2_1,10000,2903
43114719,I2_2,20000,5723
409234635,I2_2,20000,5713
69708241,I2_1,10000,3826
499612350,I2_2,20000,5387
104127646,I2_2,20000,7636
983990604,I2_1,10000,2556
238964403,I2_2,20000,5031
851910155,I2_1,10000,4503
414094644,I2_1,10000,3458
532880390,I2_2,20000,7757
765912573,I2_1,10000,4464
130576316,I2_2,20000,6523
435112261,I2_1,10000,2578
475105227,I2_1,10000,2542
69518619,I2_1,10000,2562
635844016,I2_2,20000,5464
374389768,I2_2,20000,6107
664179988,I2_2,20000,6062
837240518,I2_1,10000,4249
951718236,I2_2,20000,8578
394423151,I2_2,20000,9545
761061882,I2_2,20000,11677
89845504,I2_2,20000,7947
826480980,I2_2,20000,8412
275970704,I2_1,10000,4853
850791305,I2_2,20000,5072
534533352,I2_1,10000,3430
544925369,I2_2,20000,6851
249405842,I2_1,10000,4444
470409385,I2_1,10000,3423
78814442,I2_1,10000,5041
25059527,I2_2,20000,7868
425952402,I2_1,10000,5412
346172916,I2_2,20000,7260
853182851,I2_1,10000,5935
31539867,I2_1,10000,4411
945613295,I2_2,20000,11048
262637363,I2_1,10000,4336
172143658,I2_2,20000,12896
935854701,I2_2,20000,7928
234194061,I2_1,10000,3707
535880860,I2_2,20000,6383
83769636,I2_1,10000,4273
686359522,I2_2,20000,8683
793511214,I2_2,20000,9762
306585069,I2_2,20000,10680
935863935,I2_2,20000,11572
982258152,I2_2,20000,7962
861621033,I2_1,10000,4159
976599294,I2_2,20000,6938
306669924,I2_2,20000,5499
680683403,I2_1,10000,5047
281237059,I2_1,10000,3460
562909680,I2_1,10000,3871
744274440,I2_2,20000,8159
609734005,I2_1,10000,4196
971561843,I2_1,10000,5357
277580133,I2_2,20000,10629
483038946,I2_2,20000,7408
758106467,I2_1,10000,5224
305831547,I2_1,10000,5798
434247781,I2_2,20000,8880
519474473,I2_1,10000,4842
108570359,I2_1,10000,5369
29511711,I2_2,20000,10048
869369375,I2_1,10000,3891
890277188,I2_2,20000,6104
633439126,I2_2,20000,4584
966085954,I2_2,20000,4510
556175563,I2_1,10000,5038
49245772,I2_2,20000,4657
87106706,I2_1,10000,3055
757185683,I2_1,10000,4125
627925813,I2_1,10000,2624
126431332,I2_1,10000,3096
394168783,I2_2,20000,4705
934762667,I2_2,20000,6750
92411308,I2_2,20000,4669
928778728,I2_2,20000,6434
196191911,I2_2,20000,5456
15073450,I2_1,10000,4802
768775388,I2_1,10000,4233
492583692,I2_2,20000,9699
864799218,I2_1,10000,3220
829796003,I2_1,10000,4682
417544114,I2_2,20000,12813
304694363,I2_2,20000,9445
891587056,I2_1,10000,4185
981426901,I2_2,20000,10487
470753668,I2_2,20000,12078
182116845,I2_2,20000,13761
155231136,I2_2,20000,15796
177876794,I2_1,10000,7829
199652680,I2_2,20000,17262
771492319,I2_1,10000,8825
811390028,I2_1,10000,5140
143511700,I2_2,20000,13787
921108751,I2_2,20000,11037
458385842,I2_2,20000,9352
124444378,I2_1,10000,5207
700750398,I2_2,20000,6572
931768595,I2_1,10000,3453
859688929,I2_2,20000,5284
628638891,I2_2,20000,5875
579209826,I2_1,10000,2578
944469156,I2_1,10000,2983
597553938,I2_1,10000,2560
355624349,I2_2,20000,6598
464317214,I2_1,10000,3436
525621831,I2_1,10000,3967
126838499,I2_1,10000,5533
344237216,I2_2,20000,7588
495569383,I2_1,10000,4189
428281721,I2_1,10000,4212
439723680,I2_2,20000,9722
505808498,I2_2,20000,7812
620969381,I2_1,10000,4168
934381065,I2_1,10000,2958
748441263,I2_2,20000,6227
948359857,I2_2,20000,4846
218046918,I2_1,10000,2977
87890840,I2_1,10000,2578
842647394,I2_1,10000,3663
233036523,I2_2,20000,5369
493824348,I2_2,20000,4408
586597887,I2_1,10000,2820
188094539,I2_2,20000,5075
712297205,I2_1,10000,4913
286126880,I2_1,10000,6127
811861082,I2_1,10000,5145
44061773,I2_1,10000,3772
956944030,I2_1,10000,3112
173838733,I2_1,10000,2540
187108883,I2_1,10000,2608
801115202,I2_2,20000,4780
763079227,I2_1,10000,2930
906939912,I2_1,10000,4490
107168780,I2_2,20000,6691
652976948,I2_2,20000,6919
603637914,I2_2,20000,7210
911938041,I2_2,20000,6257
44071700,I2_2,20000,8900
84383993,I2_1,10000,5977
425477941,I2_1,10000,4348
462911595,I2_2,20000,9827
609847900,I2_1,10000,3013
903758558,I2_2,20000,5057
100678601,I2_1,10000,4490
516030204,I2_2,20000,6976
63356406,I2_1,10000,3747
812377830,I2_1,10000,4096
35727708,I2_2,20000,4748
948861694,I2_1,10000,4195
683220653,I2_1,10000,4476
190818159,I2_1,10000,6184
78233786,I2_1,10000,4359
783106370,I2_2,20000,9957
516423734,I2_2,20000,12033
876799,I2_2,20000,12830
930966952,I2_2,20000,13234
748583124,I2_2,20000,12755
126529025,I2_1,10000,5788
186262248,I2_1,10000,6287
824538583,I2_2,20000,16101
400743183,I2_2,20000,14924
243485696,I2_2,20000,11218
987869656,I2_1,10000,5732
265214491,I2_2,20000,11696
388834962,I2_1,10000,5365
251825610,I2_1,10000,4760
760577725,I2_1,10000,5374
966505662,I2_2,20000,16537
959416245,I2_2,20000,15481
229307509,I2_2,20000,17540
128388993,I2_1,10000,7980
182595479,I2_1,10000,7997
226609471,I2_1,10000,7410
632710192,I2_2,20000,18584
219949798,I2_2,20000,19676
799144976,I2_1,10000,10065
86467969,I2_1,10000,10395
174829902,I2_1,10000,10966
128194694,I2_2,20000,21129
716085784,I2_2,20000,18488
69985291,I2_1,10000,5807
318139933,I2_1,10000,5757
510313800,I2_1,10000,5176
572429121,I2_2,20000,5812
10966855,I2_2,20000,5355
212312406,I2_1,10000,2555
851326500,I2_2,20000,4600
140629170,I2_2,20000,5579
584212809,I2_1,10000,3830
161160682,I2_1,10000,4270
696187187,I2_2,20000,8595
570091711,I2_2,20000,9317
293954275,I2_1,10000,3425
695466675,I2_2,20000,8265
595196807,I2_2,20000,4465
881280565,I2_1,10000,2867
794754501,I2_1,10000,4873
115926560,I2_2,20000,6057
825223560,I2_2,20000,6546
784721972,I2_2,20000,6684
770850432,I2_2,20000,6582
669196099,I2_2,20000,9233
839790879,I2_2,20000,9030
975625078,I2_1,10000,4293
987727805,I2_2,20000,8507
541328177,I2_2,20000,9601
203110833,I2_2,20000,5699
981197155,I2_2,20000,6482
114882490,I2_2,20000,6306
970364622,I2_1,10000,4563
351791657,I2_1,10000,4111
953918223,I2_2,20000,5435
435921022,I2_2,20000,7561
823127303,I2_2,20000,6596
399003676,I2_1,10000,6076
690168956,I2_1,10000,6407
124959623,I2_2,20000,10755
322405261,I2_1,10000,4867
924590768,I2_1,10000,4856
60518644,I2_2,20000,9502
661343070,I2_1,10000,4653
250699345,I2_1,10000,5316
858057955,I2_2,20000,11372
48603878,I2_2,20000,5484
224282117,I2_2,20000,6399
421372591,I2_2,20000,7960
482251645,I2_2,20000,6832
24529644,I2_1,10000,4353
358755334,I2_2,20000,9443
793369210,I2_1,10000,4235
54531124,I2_1,10000,4786
769241911,I2_2,20000,10079
599095265,I2_2,20000,10639
791265470,I2_1,10000,2575
159429868,I2_1,10000,2680
431291252,I2_1,10000,2680
486500075,I2_1,10000,2545
640127770,I2_1,10000,2544
498261822,I2_1,10000,3666
842547535,I2_1,10000,2496
449789030,I2_1,10000,3199
505431809,I2_2,20000,5053
411126423,I2_2,20000,7235
617942194,I2_2,20000,7775
528675701,I2_1,10000,4494
838816794,I2_1,10000,6070
661476183,I2_1,10000,4493
486250639,I2_2,20000,9713
93517421,I2_2,20000,8326
362395584,I2_2,20000,9125
552178755,I2_2,20000,6435
597905136,I2_1,10000,2471
136912454,I2_1,10000,2742
120172003,I2_1,10000,3429
858961851,I2_1,10000,3964
574921242,I2_2,20000,4555
515614819,I2_2,20000,4476
290607644,I2_1,10000,4987
489544792,I2_2,20000,7850
36611212,I2_1,10000,2524
25273324,I2_1,10000,2458
848696880,I2_1,10000,2564
210534693,I2_1,10000,3671
256141608,I2_1,10000,2501
666085154,I2_1,10000,2699
459947545,I2_2,20000,4780
563419237,I2_2,20000,6633
177375767,I2_2,20000,4539
831585758,I2_2,20000,4679
735461263,I2_2,20000,4943
677603729,I2_1,10000,2746
83822208,I2_1,10000,3016
333981782,I2_2,20000,4975
648814794,I2_2,20000,6063
427747785,I2_1,10000,4541
449124196,I2_2,20000,6190
66077869,I2_2,20000,5123
773911897,I2_1,10000,5619
391605369,I2_2,20000,5801
128637458,I2_2,20000,7961
106625152,I2_1,10000,2801
938031148,I2_1,10000,3230
475364602,I2_1,10000,2798
829129609,I2_1,10000,2692
748494390,I2_1,10000,3077
546847161,I2_2,20000,4879
789345362,I2_1,10000,3474
651945207,I2_2,20000,5719
582447133,I2_2,20000,7439
913397242,I2_2,20000,6751
471419675,I2_1,10000,5015
933133463,I2_1,10000,4375
304630775,I2_2,20000,7768
881483558,I2_1,10000,2895
790243382,I2_1,10000,3507
870460517,I2_1,10000,2950
206860953,I2_2,20000,4603
537869306,I2_1,10000,4018
332485186,I2_1,10000,3713
669815990,I2_2,20000,6319
986664992,I2_1,10000,3602
209676034,I2_1,10000,2987
127439743,I2_2,20000,5714
137707926,I2_1,10000,3692
205171901,I2_2,20000,5951
417388243,I2_1,10000,3376
141626646,I2_1,10000,3063
450646767,I2_1,10000,2524
753731773,I2_2,20000,4525
118089612,I2_2,20000,4611
400045276,I2_2,20000,4638
569315063,I2_1,10000,2605
377709243,I2_1,10000,4185
876668324,I2_2,20000,4813
843064318,I2_1,10000,3045
470773720,I2_1,10000,4061
347006916,I2_2,20000,4763
605091451,I2_2,20000,5567
33715045,I2_1,10000,3966
866289777,I2_2,20000,6037
554344167,I2_2,20000,4685
376208316,I2_1,10000,4112
953417229,I2_2,20000,5657
748688226,I2_1,10000,4613
77565402,I2_2,20000,6626
599740823,I2_2,20000,7575
297989299,I2_2,20000,6749
318300813,I2_2,20000,7819
367630995,I2_1,10000,4192
542609499,I2_2,20000,11632
45980142,I2_2,20000,12900
867466408,I2_2,20000,10510
360278396,I2_2,20000,7581
526521321,I2_2,20000,7576
355636388,I2_1,10000,2588
279192576,I2_1,10000,2877
224359522,I2_1,10000,2616
822072862,I2_2,20000,4689
138600975,I2_1,10000,2994
334771488,I2_1,10000,4549
992463773,I2_2,20000,8883
99939415,I2_2,20000,8585
360633192,I2_2,20000,8515
231226224,I2_1,10000,3455
859260937,I2_2,20000,4842
381929134,I2_2,20000,6762
208518280,I2_2,20000,7787
55228845,I2_1,10000,5009
550222612,I2_1,10000,5540
541789346,I2_2,20000,10947
10072016,I2_2,20000,10873
195368374,I2_2,20000,12962
718567058,I2_2,20000,13946
498360609,I2_2,20000,12772
831134743,I2_2,20000,14878
562660187,I2_2,20000,16814
724713775,I2_2,20000,11364
917098059,I2_2,20000,5479
339528699,I2_2,20000,4822
527496787,I2_2,20000,4992
965376633,I2_2,20000,6736
602331603,I2_2,20000,7796
347980495,I2_1,10000,4831
422715568,I2_1,10000,4158
286475474,I2_2,20000,9641
544753320,I2_2,20000,9388
926759798,I2_2,20000,10273
51785544,I2_2,20000,10372
284192007,I2_2,20000,8446
174543002,I2_2,20000,8333
311708202,I2_1,10000,3825
499257823,I2_1,10000,4162
771815064,I2_2,20000,5012
790838703,I2_1,10000,4272
511973962,I2_1,10000,5401
718960317,I2_1,10000,2541
665074881,I2_1,10000,2713
76008681,I2_1,10000,2633
43074439,I2_1,10000,3112
35319988,I2_1,10000,3633
47732528,I2_2,20000,5500
731993449,I2_1,10000,4850
813466467,I2_1,10000,3135
238510329,I2_2,20000,9186
527657582,I2_1,10000,5176
403242121,I2_2,20000,8728
389907886,I2_2,20000,6539
735671071,I2_1,10000,2877
594343854,I2_1,10000,2805
348582286,I2_1,10000,2457
470030819,I2_2,20000,4542
866696981,I2_2,20000,5960
682096882,I2_1,10000,5028
251657625,I2_2,20000,6098
838912605,I2_2,20000,5934
59678739,I2_1,10000,5908
746437466,I2_2,20000,6749
843307779,I2_1,10000,3092
589318755,I2_2,20000,5134
958822369,I2_1,10000,5752
460322587,I2_1,10000,2974
537260164,I2_2,20000,8195
346617139,I2_2,20000,10391
340983550,I2_2,20000,9103
776018968,I2_2,20000,10612
316768374,I2_2,20000,8452
209826672,I2_2,20000,7380
89596824,I2_2,20000,9496
54023678,I2_2,20000,5289
148413070,I2_1,10000,3073
392406188,I2_2,20000,4746
643598268,I2_1,10000,4064
916967606,I2_2,20000,4567
919590223,I2_2,20000,4621
190072551,I2_2,20000,5664
782209844,I2_2,20000,5292
488359882,I2_1,10000,4881
82364811,I2_2,20000,7439
410141478,I2_1,10000,2895
129651691,I2_1,10000,2707
275658604,I2_1,10000,3043
894232358,I2_2,20000,5434
339875988,I2_2,20000,7061
563962992,I2_1,10000,4593
156814825,I2_1,10000,6250
61046954,I2_1,10000,4559
634631899,I2_2,20000,6906
163246582,I2_1,10000,2930
452209809,I2_1,10000,2661
392599699,I2_1,10000,2648
547217532,I2_2,20000,5054
322059029,I2_2,20000,4633
645195548,I2_1,10000,4091
754299100,I2_1,10000,3664
157351962,I2_1,10000,3533
500344527,I2_1,10000,2676
622187148,I2_2,20000,4978
450362648,I2_1,10000,2864
801515166,I2_1,10000,4531
200957208,I2_1,10000,5181
233006612,I2_2,20000,7435
420018516,I2_2,20000,6239
729195698,I2_1,10000,5917
830433182,I2_1,10000,6460
297564075,I2_2,20000,10581
679807954,I2_1,10000,5954
189758809,I2_1,10000,4336
118923214,I2_2,20000,14113
862774163,I2_2,20000,13911
30626179,I2_2,20000,16118
292775081,I2_2,20000,14127
985112408,I2_2,20000,11927
57194546,I2_2,20000,12413
264218207,I2_1,10000,6562
226468778,I2_2,20000,13472
187319473,I2_1,10000,4757
555875531,I2_2,20000,11196
783647801,I2_1,10000,4303
161209242,I2_2,20000,13433
170782167,I2_1,10000,4359
704546972,I2_2,20000,13768
56963696,I2_1,10000,5257
640949931,I2_2,20000,9982
329178604,I2_1,10000,5213
689288144,I2_2,20000,8146
311752204,I2_1,10000,3368
685462423,I2_2,20000,5225
230942424,I2_2,20000,6309
956036859,I2_2,20000,4478
291327396,I2_2,20000,6539
694823435,I2_1,10000,4194
297660328,I2_2,20000,5939
111189112,I2_2,20000,6961
611972138,I2_1,10000,5419
935052068,I2_1,10000,2571
135463798,I2_1,10000,3851
870408818,I2_1,10000,2940
448137170,I2_2,20000,5565
278424430,I2_1,10000,3725
536373639,I2_2,20000,5915
310720366,I2_1,10000,4199
552213289,I2_1,10000,4601
994997482,I2_1,10000,5731
874702446,I2_2,20000,4508
142756069,I2_1,10000,3889
185211514,I2_2,20000,5097
713612018,I2_1,10000,3848
751117878,I2_2,20000,5155
940338748,I2_1,10000,3962
489843381,I2_2,20000,5418
106366873,I2_1,10000,3688
923317398,I2_2,20000,7638
459128872,I2_1,10000,2496
383373918,I2_2,20000,5093
41362880,I2_1,10000,4944
217978227,I2_2,20000,7667
786952567,I2_2,20000,7554
30129242,I2_1,10000,5329
154705106,I2_1,10000,6171
80865796,I2_2,20000,9360
677391027,I2_2,20000,4588
846985932,I2_1,10000,2985
266868794,I2_1,10000,4121
574534797,I2_1,10000,2580
156030618,I2_1,10000,2568
406176996,I2_2,20000,5702
415618834,I2_1,10000,6106
254919752,I2_1,10000,5297
330628534,I2_2,20000,8806
466131523,I2_2,20000,9519
654579300,I2_1,10000,3628
641353785,I2_2,20000,8548
391569429,I2_1,10000,3957
454096717,I2_2,20000,6217
564534870,I2_2,20000,4548
377192787,I2_1,10000,3794
884606944,I2_2,20000,6101
733564288,I2_1,10000,4587
354072295,I2_1,10000,3628
109693391,I2_2,20000,5709
480100084,I2_1,10000,4551
59777750,I2_1,10000,6208
440546001,I2_2,20000,6210
924135319,I2_1,10000,3817
931202773,I2_1,10000,3040
428040013,I2_1,10000,4104
484344190,I2_2,20000,5355
33880541,I2_1,10000,4551
29101119,I2_1,10000,4405
115841952,I2_2,20000,6641
219383283,I2_1,10000,4910
730280955,I2_2,20000,8857
8514404,I2_2,20000,4640
363832222,I2_1,10000,4065
307276358,I2_1,10000,4161
229405165,I2_2,20000,6668
32167967,I2_2,20000,4793
194693505,I2_2,20000,4483
279046518,I2_2,20000,4439
988579356,I2_2,20000,6370
739678901,I2_2,20000,5538
247353042,I2_1,10000,4910
821088530,I2_1,10000,4387
386585954,I2_2,20000,8081
803660688,I2_1,10000,5394
727745157,I2_1,10000,5937
96037307,I2_1,10000,6411
807278436,I2_2,20000,12749
229788332,I2_1,10000,4720
294102826,I2_1,10000,4810
244511004,I2_2,20000,13814
679150908,I2_2,20000,8448
123681701,I2_1,10000,4715
786673639,I2_1,10000,5307
977477737,I2_2,20000,11653
823303309,I2_1,10000,5716
754498020,I2_1,10000,3767
622683799,I2_2,20000,11629
817063479,I2_2,20000,7857
580602912,I2_2,20000,7525
842660416,I2_2,20000,7891
497639745,I2_1,10000,4283
253128824,I2_2,20000,6506
254215473,I2_2,20000,5455
290454612,I2_2,20000,4570
620540277,I2_2,20000,4531
818024006,I2_1,10000,5014
231784957,I2_2,20000,9635
315942707,I2_2,20000,4507
34755572,I2_1,10000,5031
808185479,I2_1,10000,5033
946769082,I2_1,10000,4408
447773870,I2_1,10000,5505
166721872,I2_1,10000,7132
851210694,I2_1,10000,4912
16915698,I2_2,20000,10774
745094295,I2_1,10000,4225
558286372,I2_1,10000,4740
660510293,I2_2,20000,14934
221108870,I2_2,20000,12675
621467462,I2_2,20000,13271
253394106,I2_1,10000,5332
742625995,I2_1,10000,4923
861998006,I2_1,10000,5958
234880424,I2_1,10000,2576
658551197,I2_1,10000,3582
790337873,I2_1,10000,4494
509113969,I2_1,10000,3087
193152395,I2_1,10000,2959
191285199,I2_2,20000,4576
899682762,I2_1,10000,2939
293134039,I2_1,10000,3987
45591947,I2_2,20000,6613
126758620,I2_2,20000,7882
191865094,I2_1,10000,5406
561036762,I2_2,20000,9211
248413174,I2_1,10000,3772
577984457,I2_1,10000,5312
41967846,I2_1,10000,5889
720758535,I2_2,20000,8487
32558359,I2_1,10000,4185
90917602,I2_1,10000,3355
268932509,I2_1,10000,2542
267240177,I2_1,10000,3013
312701673,I2_2,20000,4522
522735189,I2_2,20000,5382
762000935,I2_1,10000,4200
431298048,I2_2,20000,5901
663416993,I2_2,20000,4577
433434840,I2_1,10000,3958
159366000,I2_1,10000,4057
625335068,I2_2,20000,4580
64159976,I2_2,20000,4531
957284706,I2_2,20000,5631
543663122,I2_2,20000,5531
370657256,I2_2,20000,7123
637876765,I2_1,10000,4272
114515730,I2_2,20000,7563
944088401,I2_2,20000,8279
697906744,I2_1,10000,2527
245465006,I2_2,20000,7562
66387378,I2_2,20000,4560
596253367,I2_2,20000,6742
919273409,I2_1,10000,3300
531969367,I2_2,20000,4928
581807418,I2_1,10000,2959
314415152,I2_2,20000,5310
582661034,I2_1,10000,4148
85437291,I2_2,20000,4982
397347965,I2_1,10000,4349
471351022,I2_1,10000,4273
944864062,I2_2,20000,5796
472499155,I2_2,20000,6889
395181394,I2_2,20000,4499
219711321,I2_1,10000,2897
844515188,I2_2,20000,6121
122112422,I2_1,10000,4973
227767993,I2_1,10000,4138
204697206,I2_2,20000,6971
428776372,I2_1,10000,3502
678869787,I2_2,20000,6094
630793370,I2_1,10000,3739
219856286,I2_2,20000,8458
449994821,I2_1,10000,4731
209108343,I2_1,10000,4214
180693969,I2_2,20000,7746
986633661,I2_1,10000,2666
806438511,I2_1,10000,3186
810206190,I2_1,10000,4667
83325288,I2_2,20000,7298
964504326,I2_1,10000,4779
384646500,I2_2,20000,9909
883896315,I2_2,20000,11643
337465351,I2_2,20000,12312
281696529,I2_1,10000,2449
493613368,I2_1,10000,2443
75421486,I2_1,10000,3475
932263700,I2_1,10000,3871
218196552,I2_2,20000,7589
389202180,I2_2,20000,6371
174383474,I2_1,10000,4125
9419050,I2_2,20000,8926
582082890,I2_2,20000,9360
704544376,I2_2,20000,10297
55431508,I2_2,20000,7268
588945195,I2_2,20000,6350
101903333,I2_2,20000,8418
146975320,I2_1,10000,2553
122729672,I2_1,10000,3624
931217010,I2_1,10000,2569
798279576,I2_1,10000,2858
584025111,I2_2,20000,4453
351426563,I2_1,10000,2938
727439513,I2_1,10000,4593
766321511,I2_1,10000,3867
581694854,I2_1,10000,4949
616759825,I2_2,20000,7126
199704970,I2_1,10000,5392
772464130,I2_2,20000,5439
110712560,I2_1,10000,3889
290366224,I2_1,10000,3386
719218644,I2_1,10000,2934
122811683,I2_2,20000,5123
398707676,I2_1,10000,4534
855727968,I2_2,20000,6204
863063019,I2_1,10000,3973
703885213,I2_1,10000,5520
706887451,I2_2,20000,7439
36284944,I2_1,10000,2560
941752457,I2_2,20000,9235
816196626,I2_2,20000,4652
365182090,I2_1,10000,2914
633902080,I2_2,20000,5153
589992943,I2_2,20000,4512
49702892,I2_2,20000,4582
94077416,I2_2,20000,5539
167030334,I2_1,10000,2962
365400476,I2_2,20000,4554
135680147,I2_2,20000,5613
277635973,I2_1,10000,3004
76310966,I2_1,10000,4565
883536887,I2_2,20000,8278
271450764,I2_2,20000,9282
302320852,I2_1,10000,5245
850478184,I2_2,20000,10511
379055773,I2_2,20000,7216
848714689,I2_2,20000,5265
246758621,I2_1,10000,3005
496070849,I2_1,10000,3309
571749058,I2_1,10000,3731
122132480,I2_1,10000,4156
341194506,I2_2,20000,6763
583292605,I2_1,10000,4873
692329739,I2_2,20000,8765
719206948,I2_1,10000,4336
454394729,I2_2,20000,9412
296483497,I2_2,20000,9388
572800844,I2_2,20000,5720
331471438,I2_1,10000,5030
272547896,I2_2,20000,4679
699078311,I2_1,10000,5208
344113800,I2_1,10000,3943
419989458,I2_2,20000,5556
668774398,I2_1,10000,4022
443487770,I2_2,20000,5044
603426993,I2_2,20000,6053
664875947,I2_2,20000,6594
225172967,I2_2,20000,8808
10553418,I2_1,10000,2909
833424353,I2_1,10000,2726
155180642,I2_1,10000,3174
418514724,I2_2,20000,4976
798915885,I2_1,10000,2545
487446061,I2_2,20000,4681
393518779,I2_2,20000,5651
615263854,I2_1,10000,3747
206627130,I2_1,10000,3829
609083683,I2_2,20000,6690
703765508,I2_1,10000,5053
637073224,I2_1,10000,2964
715883128,I2_1,10000,3011
137780220,I2_2,20000,5736
814207818,I2_1,10000,3889
651452020,I2_2,20000,6490
986793724,I2_1,10000,4351
299396343,I2_1,10000,4919
34470597,I2_1,10000,5506
215487089,I2_2,20000,11949
50608157,I2_2,20000,13619
28237463,I2_1,10000,7012
189122354,I2_1,10000,7582
403930648,I2_1,10000,9181
441004648,I2_2,20000,15103
773740163,I2_2,20000,10305
544854945,I2_2,20000,12454
66100125,I2_1,10000,5579
25349753,I2_2,20000,6655
388394413,I2_1,10000,6435
645052655,I2_1,10000,4950
148970068,I2_2,20000,7184
264406094,I2_2,20000,4607
540682821,I2_2,20000,5513
359640047,I2_1,10000,3769
744089502,I2_2,20000,4709
803608936,I2_2,20000,4789
788670433,I2_1,10000,5023
769174404,I2_1,10000,5496
982208563,I2_2,20000,6090
592989149,I2_1,10000,5067
37096424,I2_2,20000,8885
730575459,I2_1,10000,4412
922089057,I2_1,10000,5006
108092859,I2_2,20000,12538
926229308,I2_2,20000,11393
368672658,I2_2,20000,11869
350592239,I2_1,10000,6863
154235206,I2_1,10000,3746
13300373,I2_2,20000,13337
779782798,I2_1,10000,5797
630955065,I2_1,10000,6170
133084891,I2_1,10000,6835
804919462,I2_2,20000,18302
233672486,I2_1,10000,7981
412221863,I2_1,10000,8478
675696319,I2_2,20000,18332
429756965,I2_1,10000,8311
488982739,I2_2,20000,19555
119758485,I2_2,20000,12105
192148337,I2_2,20000,10790
454008057,I2_1,10000,5992
248030464,I2_1,10000,4001
785832701,I2_1,10000,3074
250862968,I2_1,10000,2977
49210691,I2_2,20000,5915
334674045,I2_1,10000,2461
848896651,I2_2,20000,5113
225665117,I2_2,20000,4908
157101689,I2_1,10000,4273
988728913,I2_2,20000,7000
702118225,I2_1,10000,4164
887777447,I2_2,20000,6807
916211614,I2_1,10000,4229
164465808,I2_1,10000,4803
681608316,I2_1,10000,5935
632672361,I2_2,20000,5074
604468215,I2_2,20000,4816
992366846,I2_1,10000,4193
63508117,I2_1,10000,2599
539227121,I2_2,20000,4710
988479609,I2_1,10000,2518
296704346,I2_1,10000,2612
760973229,I2_2,20000,5211
158197206,I2_2,20000,5111
792728653,I2_2,20000,5357
303072855,I2_1,10000,2934
555655576,I2_2,20000,4602
300680358,I2_1,10000,2670
119550157,I2_1,10000,2695
547627302,I2_2,20000,4732
1047071,I2_1,10000,3003
598063932,I2_2,20000,7534
294308832,I2_1,10000,4806
289975033,I2_2,20000,4673
940763222,I2_2,20000,5583
804882333,I2_1,10000,5444
443151672,I2_2,20000,7716
954496551,I2_2,20000,9760
46565174,I2_1,10000,4141
840588246,I2_2,20000,7069
911577788,I2_2,20000,8203
533749525,I2_1,10000,4603
627099783,I2_2,20000,8035
19881448,I2_2,20000,4694
543126681,I2_2,20000,4713
233939447,I2_1,10000,4226
512546901,I2_2,20000,7870
162069197,I2_1,10000,2675
302970544,I2_1,10000,2613
489906829,I2_1,10000,2646
868791123,I2_1,10000,3843
663660368,I2_1,10000,2884
153836009,I2_1,10000,2708
804213992,I2_1,10000,2730
902096164,I2_2,20000,5355
113048457,I2_1,10000,3745
393119563,I2_1,10000,2798
429353829,I2_1,10000,2942
447482508,I2_1,10000,4052
530758636,I2_1,10000,4660
66582296,I2_1,10000,2799
240382633,I2_2,20000,6345
494893784,I2_1,10000,4765
15869845,I2_2,20000,5869
195903567,I2_1,10000,5220
772920374,I2_1,10000,4697
242764476,I2_1,10000,5726
275514777,I2_1,10000,4024
733998982,I2_2,20000,6834
367585927,I2_2,20000,5095
758184461,I2_2,20000,5128
46826090,I2_1,10000,3953
426674506,I2_2,20000,5387
216709083,I2_1,10000,4173
722953951,I2_2,20000,8664
101789060,I2_1,10000,4172
584690755,I2_2,20000,6750
684352135,I2_2,20000,4982
623261589,I2_1,10000,5235
333219487,I2_2,20000,6350
220507673,I2_2,20000,7799
880569672,I2_2,20000,8948
293667943,I2_1,10000,5509
87506070,I2_1,10000,5578
720520898,I2_1,10000,7099
725774324,I2_1,10000,3855
844826723,I2_2,20000,7887
442587498,I2_1,10000,5141
755739065,I2_1,10000,3197
66658870,I2_2,20000,4820
65914016,I2_2,20000,5275
582412922,I2_1,10000,3655
727605802,I2_2,20000,5609
448452898,I2_2,20000,7591
127296214,I2_1,10000,4831
53994022,I2_1,10000,4350
84469520,I2_1,10000,4472
533219973,I2_2,20000,12966
637274775,I2_1,10000,3807
971781352,I2_1,10000,4284
39734169,I2_2,20000,9830
472902176,I2_1,10000,4985
623477883,I2_1,10000,3276
945974663,I2_2,20000,13535
738628828,I2_2,20000,13128
570039863,I2_2,20000,8743
517378630,I2_1,10000,2831
565589431,I2_1,10000,3910
51921588,I2_1,10000,4093
307700554,I2_1,10000,3392
962095842,I2_1,10000,2975
543187640,I2_2,20000,4577
421988611,I2_2,20000,4611
44093938,I2_2,20000,5671
968701702,I2_2,20000,6607
349863388,I2_1,10000,2831
167125008,I2_2,20000,5110
663844287,I2_1,10000,4551
420402546,I2_2,20000,6806
270052397,I2_2,20000,7720
213327729,I2_1,10000,2717
72893142,I2_2,20000,10130
380960715,I2_1,10000,3495
583175467,I2_1,10000,4039
799782658,I2_1,10000,5237
912176353,I2_1,10000,4823
926540990,I2_1,10000,4130
975904296,I2_1,10000,5151
412712006,I2_1,10000,5080
520226982,I2_1,10000,5012
837732094,I2_1,10000,6709
927973425,I2_1,10000,6637
900077169,I2_2,20000,8291
827257659,I2_2,20000,4972
95461012,I2_1,10000,4903
379895571,I2_2,20000,5423
43375496,I2_2,20000,4542
163755533,I2_2,20000,5597
179246769,I2_2,20000,6715
803947162,I2_1,10000,2916
187777606,I2_1,10000,4167
903277421,I2_1,10000,2996
341744420,I2_1,10000,3075
397789805,I2_2,20000,4690
906342614,I2_1,10000,4046
262957272,I2_2,20000,4642
344736229,I2_1,10000,3351
223420854,I2_2,20000,5679
194344304,I2_1,10000,4671
675432641,I2_1,10000,4143
232105047,I2_1,10000,4307
290382239,I2_1,10000,2676
348381322,I2_2,20000,5917
867630155,I2_2,20000,5479
147685250,I2_2,20000,7561
265258844,I2_1,10000,4618
599023280,I2_2,20000,7228
931161854,I2_1,10000,4797
979904471,I2_2,20000,5666
242847217,I2_2,20000,6595
100090221,I2_2,20000,4717
191174589,I2_1,10000,5285
247385871,I2_2,20000,5742
844243946,I2_1,10000,5153
314263952,I2_1,10000,4477
830777350,I2_2,20000,8356
910583279,I2_1,10000,3690
920600651,I2_2,20000,11055
764899526,I2_2,20000,12673
468362594,I2_1,10000,4896
699339389,I2_2,20000,12581
473186714,I2_2,20000,14654
693431246,I2_2,20000,15919
224167018,I2_2,20000,18130
868722054,I2_2,20000,19773
333060435,I2_1,10000,11891
502544265,I2_1,10000,3439
89469768,I2_2,20000,9676
904736270,I2_1,10000,5950
425650302,I2_2,20000,6524
741906868,I2_1,10000,3974
533397597,I2_2,20000,9681
199894117,I2_1,10000,2614
610498318,I2_1,10000,4237
596947048,I2_1,10000,3600
75690694,I2_2,20000,5082
858005525,I2_1,10000,3707
226237561,I2_2,20000,6868
786369605,I2_2,20000,5253
278936830,I2_2,20000,6707
230052181,I2_1,10000,2532
695638357,I2_1,10000,2776
506788211,I2_2,20000,5294
309512314,I2_1,10000,2508
712090779,I2_1,10000,2549
638552561,I2_2,20000,4744
597340984,I2_1,10000,4125
705885691,I2_1,10000,5170
128822186,I2_2,20000,6472
184820574,I2_2,20000,4640
783744871,I2_2,20000,4760
641980660,I2_2,20000,5878
37358858,I2_1,10000,2808
101528231,I2_2,20000,5760
969932987,I2_2,20000,5283
782406499,I2_1,10000,4088
335151392,I2_1,10000,3970
958211358,I2_1,10000,4742
195236406,I2_2,20000,5246
769616555,I2_1,10000,3290
25873868,I2_1,10000,4395
549274530,I2_2,20000,6154
219003056,I2_2,20000,7180
850109829,I2_2,20000,5069
564036449,I2_2,20000,5467
737329388,I2_2,20000,4625
39031020,I2_2,20000,5812
235146409,I2_1,10000,5166
319066195,I2_1,10000,4112
388404231,I2_1,10000,3116
406192357,I2_1,10000,3059
980548536,I2_2,20000,4670
250122432,I2_2,20000,5586
637118531,I2_2,20000,4796
405758505,I2_2,20000,5761
599307757,I2_1,10000,3959
139780489,I2_2,20000,6608
349841560,I2_1,10000,4120
921663369,I2_2,20000,7287
507829361,I2_1,10000,4829
184894634,I2_1,10000,4413
933037623,I2_2,20000,9655
440747087,I2_2,20000,7995
341330605,I2_2,20000,9045
729581721,I2_1,10000,5453
796348362,I2_2,20000,6535
139134134,I2_1,10000,4278
169783535,I2_1,10000,5916
506136027,I2_2,20000,8148
597069586,I2_2,20000,9649
256918675,I2_2,20000,11691
575971016,I2_1,10000,4353
791545470,I2_2,20000,10711
911258017,I2_1,10000,4731
148288920,I2_1,10000,4145
448524767,I2_2,20000,11971
158965316,I2_1,10000,5927
102966885,I2_1,10000,6524
591684687,I2_1,10000,7999
734170640,I2_1,10000,6440
81287972,I2_2,20000,16555
907975027,I2_1,10000,6417
938151652,I2_2,20000,19156
267552527,I2_2,20000,14905
662961273,I2_2,20000,15793
484990784,I2_2,20000,14721
25474072,I2_2,20000,15092
669797824,I2_2,20000,16201
487231504,I2_2,20000,16691
664343062,I2_2,20000,19259
352244021,I2_2,20000,20338
336120557,I2_1,10000,10507
635397485,I2_2,20000,17302
902070711,I2_1,10000,6251
827065989,I2_2,20000,18368
134209374,I2_1,10000,6850
205028008,I2_2,20000,15913
7031501,I2_1,10000,3244
105182513,I2_1,10000,3248
333354357,I2_1,10000,4417
831909179,I2_2,20000,8658
106370276,I2_1,10000,5277
606363919,I2_1,10000,4302
818822302,I2_1,10000,4954
27094471,I2_1,10000,6169
430843815,I2_2,20000,13495
122075780,I2_1,10000,7604
705221631,I2_1,10000,7089
843737572,I2_1,10000,8115
943568564,I2_1,10000,7575
659963867,I2_2,20000,18179
34606645,I2_2,20000,19813
946080986,I2_2,20000,18717
178980637,I2_1,10000,10100
243006959,I2_1,10000,9473
961061963,I2_2,20000,19654
892984478,I2_1,10000,8430
348173600,I2_2,20000,20598
435554666,I2_1,10000,10101
124842357,I2_2,20000,22166
691317422,I2_2,20000,24338
384476666,I2_2,20000,26347
505665370,I2_2,20000,24380
786959604,I2_2,20000,25209
230823250,I2_1,10000,14212
253272083,I2_1,10000,13552
356368461,I2_2,20000,25210
852965188,I2_1,10000,15913
382180928,I2_1,10000,7454
810223058,I2_1,10000,7400
140819803,I2_1,10000,7759
561406463,I2_1,10000,9350
805614365,I2_1,10000,5389
614099739,I2_2,20000,17401
313135871,I2_2,20000,17551
27160266,I2_1,10000,6941
250695460,I2_1,10000,5251
952325127,I2_2,20000,12526
563145423,I2_1,10000,4416
297620191,I2_1,10000,4468
664326523,I2_1,10000,2845
358560647,I2_1,10000,3958
224499534,I2_1,10000,2452
946588615,I2_1,10000,2591
276866155,I2_1,10000,2585
412420476,I2_1,10000,2560
192741839,I2_2,20000,4734
476086472,I2_2,20000,4580
516704761,I2_2,20000,6650
800528111,I2_1,10000,3823
72026833,I2_1,10000,3462
683193020,I2_2,20000,5716
56701955,I2_1,10000,3906
131012993,I2_2,20000,5494
39166469,I2_1,10000,4888
112219015,I2_2,20000,5449
546785695,I2_1,10000,3026
383626436,I2_1,10000,3374
757484547,I2_2,20000,7299
881731109,I2_1,10000,5014
620361312,I2_1,10000,3432
123719962,I2_1,10000,3262
184092796,I2_2,20000,6044
90185304,I2_1,10000,4935
854831451,I2_2,20000,9100
805879714,I2_1,10000,3732
747809371,I2_1,10000,4800
684020114,I2_1,10000,3704
716726960,I2_2,20000,5501
934429710,I2_1,10000,3356
761047562,I2_2,20000,4886
38101870,I2_2,20000,4763
294983820,I2_1,10000,2412
245771617,I2_2,20000,4841
878272213,I2_1,10000,3288
400311824,I2_2,20000,6032
381515268,I2_2,20000,4513
270483762,I2_1,10000,3937
146015611,I2_1,10000,3488
407008778,I2_2,20000,5742
865384119,I2_1,10000,4380
37837595,I2_1,10000,5428
175024198,I2_1,10000,2390
349247866,I2_1,10000,2441
343869965,I2_2,20000,5000
871564830,I2_1,10000,2758
452875168,I2_2,20000,4412
225606313,I2_2,20000,5417
418782811,I2_2,20000,5902
869109284,I2_2,20000,7983
521775047,I2_2,20000,9683
403616907,I2_2,20000,7518
585726146,I2_1,10000,4457
167192222,I2_1,10000,3296
472335262,I2_1,10000,3839
199608771,I2_2,20000,4336
798623140,I2_2,20000,4786
454448876,I2_2,20000,6861
578529604,I2_1,10000,4257
340192995,I2_2,20000,6476
43349702,I2_2,20000,4472
867265418,I2_1,10000,2881
949978847,I2_1,10000,2994
119662635,I2_2,20000,6945
940313353,I2_1,10000,2828
791503299,I2_1,10000,3848
935949381,I2_1,10000,4397
412938177,I2_2,20000,7920
854404527,I2_1,10000,4586
851041274,I2_1,10000,4618
856460568,I2_1,10000,5343
144256812,I2_2,20000,7295
485588170,I2_1,10000,5817
905915202,I2_1,10000,5850
958747471,I2_1,10000,5310
947992644,I2_2,20000,11124
45532569,I2_2,20000,12087
784324548,I2_2,20000,11693
373312695,I2_2,20000,9062
653843450,I2_2,20000,5971
329880374,I2_1,10000,4229
987584278,I2_2,20000,8256
736935762,I2_1,10000,3468
749695033,I2_1,10000,3334
345686814,I2_1,10000,3764
933968506,I2_2,20000,7022
517249894,I2_1,10000,5381
235157555,I2_1,10000,5383
650289810,I2_2,20000,6472
409876234,I2_2,20000,7458
971797413,I2_2,20000,5787
325551468,I2_2,20000,6699
643532209,I2_1,10000,2589
484797411,I2_1,10000,2369
989644772,I2_1,10000,3521
275315873,I2_1,10000,2373
18626383,I2_2,20000,4896
351419537,I2_1,10000,4344
492914799,I2_2,20000,6424
338789196,I2_2,20000,7387
924414141,I2_2,20000,9437
652657199,I2_2,20000,11586
385080598,I2_2,20000,11436
706504904,I2_1,10000,3286
13982001,I2_1,10000,2520
310892933,I2_2,20000,4869
989229920,I2_1,10000,4267
389780181,I2_2,20000,8649
953958813,I2_1,10000,4352
677863712,I2_2,20000,8533
222552361,I2_2,20000,6304
741624471,I2_1,10000,5775
360531320,I2_1,10000,2434
407222993,I2_1,10000,2698
683279952,I2_1,10000,2553
263626822,I2_1,10000,2411
583023025,I2_1,10000,2473
188698264,I2_2,20000,4481
396711293,I2_1,10000,2758
398527474,I2_2,20000,6121
13909006,I2_1,10000,4280
23640743,I2_2,20000,4634
959518554,I2_1,10000,2613
800446285,I2_1,10000,2615
382229987,I2_1,10000,4233
895589766,I2_2,20000,5180
966355360,I2_2,20000,7542
790743995,I2_2,20000,7601
946591315,I2_1,10000,4515
225652325,I2_2,20000,8093
749322742,I2_2,20000,4816
530522643,I2_1,10000,2929
543578127,I2_2,20000,5235
998626609,I2_1,10000,4573
919255102,I2_2,20000,7958
82742525,I2_2,20000,4586
542557661,I2_1,10000,2613
288559404,I2_1,10000,2910
860700461,I2_1,10000,2834
353199976,I2_2,20000,6265
584763056,I2_1,10000,2943
593438609,I2_1,10000,3665
508359442,I2_1,10000,2651
880920113,I2_2,20000,5283
307399412,I2_2,20000,4754
468351469,I2_1,10000,4261
168454904,I2_2,20000,5838
110651304,I2_2,20000,6918
820886642,I2_2,20000,8597
597416849,I2_2,20000,9487
670666391,I2_1,10000,3183
563375960,I2_1,10000,2683
206790288,I2_1,10000,3050
641431905,I2_1,10000,3129
813527972,I2_1,10000,3536
774860633,I2_1,10000,4031
108596644,I2_2,20000,6461
221764495,I2_1,10000,2759
475523311,I2_2,20000,4683
918028176,I2_2,20000,6919
205043418,I2_2,20000,5695
215638712,I2_1,10000,5078
876315359,I2_2,20000,5344
934300198,I2_1,10000,4244
962126562,I2_2,20000,8733
753673767,I2_2,20000,7427
364872500,I2_1,10000,3853
681037390,I2_2,20000,8805
223141472,I2_1,10000,3511
909111512,I2_1,10000,5115
588779783,I2_1,10000,4548
320511744,I2_2,20000,5544
75836653,I2_1,10000,3857
788307070,I2_2,20000,6026
94890240,I2_2,20000,5046
157372105,I2_1,10000,3899
211691640,I2_1,10000,4454
491186986,I2_2,20000,7100
416756544,I2_1,10000,4889
292675633,I2_1,10000,5325
988128789,I2_2,20000,8535
275492557,I2_2,20000,6791
709805047,I2_2,20000,8501
964516388,I2_2,20000,8472
997500323,I2_2,20000,4591
122656181,I2_1,10000,5129
71518793,I2_2,20000,5090
235137364,I2_2,20000,5589
269635531,I2_1,10000,4929
453828826,I2_2,20000,7531
354330791,I2_1,10000,3679
260799546,I2_1,10000,2693
341543707,I2_2,20000,6058
728000866,I2_2,20000,6509
510905036,I2_2,20000,5951
850449340,I2_1,10000,4174
523975693,I2_2,20000,7476
445182954,I2_2,20000,8517
662391106,I2_1,10000,2525
952192232,I2_2,20000,4503
235559968,I2_2,20000,4701
811807845,I2_2,20000,4845
192051056,I2_1,10000,3967
812202370,I2_2,20000,5718
184772969,I2_1,10000,3531
255389199,I2_1,10000,3469
741655009,I2_1,10000,4547
868833831,I2_1,10000,3911
188436187,I2_2,20000,5048
760326003,I2_1,10000,3500
774745327,I2_1,10000,3432
163924607,I2_2,20000,5099
505492604,I2_1,10000,4427
133636723,I2_2,20000,5889
719005927,I2_1,10000,3835
829481410,I2_2,20000,6392
769453600,I2_1,10000,2811
189344454,I2_2,20000,4623
871946447,I2_1,10000,2837
381336410,I2_1,10000,3423
198941821,I2_1,10000,3988
508936073,I2_2,20000,7009
144464870,I2_1,10000,2913
498369692,I2_1,10000,2945
586834136,I2_1,10000,3498
991852092,I2_1,10000,2835
158495270,I2_2,20000,5145
354740558,I2_1,10000,5597
487807920,I2_1,10000,6112
641781980,I2_2,20000,5609
29340371,I2_1,10000,2595
564223646,I2_1,10000,2634
662486001,I2_2,20000,4673
662676519,I2_1,10000,4182
451887357,I2_2,20000,4620
949932816,I2_1,10000,4102
730095315,I2_2,20000,4660
444945137,I2_1,10000,4060
331274569,I2_2,20000,5500
557922761,I2_2,20000,6248
829447596,I2_1,10000,3463
273740353,I2_2,20000,5539
781340328,I2_2,20000,6781
639970496,I2_1,10000,3981
754994915,I2_2,20000,5092
392011923,I2_1,10000,3954
537941664,I2_2,20000,6235
298135826,I2_1,10000,3940
306843282,I2_1,10000,3588
694780419,I2_1,10000,2935
132952556,I2_2,20000,6125
965702423,I2_2,20000,8188
664780242,I2_2,20000,10325
5952633,I2_2,20000,6497
853992985,I2_2,20000,6418
641758473,I2_1,10000,2730
997877663,I2_1,10000,4018
971489300,I2_2,20000,5064
672094586,I2_1,10000,3556
754095108,I2_2,20000,6335
922393759,I2_1,10000,3558
533417539,I2_1,10000,3187
847781313,I2_1,10000,4232
372055418,I2_1,10000,3040
253575009,I2_1,10000,2681
311806943,I2_1,10000,3745
354358199,I2_1,10000,2969
18683236,I2_2,20000,5170
778408408,I2_1,10000,4588
47015740,I2_2,20000,4908
982055108,I2_1,10000,2698
90254234,I2_1,10000,2640
663331779,I2_1,10000,2927
19981753,I2_1,10000,3831
860186139,I2_2,20000,6720
539227870,I2_1,10000,3043
262707644,I2_1,10000,3244
19005426,I2_1,10000,2853
825648921,I2_1,10000,2721
843919112,I2_1,10000,2650
702301052,I2_2,20000,4696
535709890,I2_1,10000,3205
486487815,I2_2,20000,5462
470052109,I2_2,20000,6572
96570139,I2_2,20000,6733
460160668,I2_2,20000,4677
36270549,I2_2,20000,5649
527282971,I2_2,20000,5151
565683983,I2_1,10000,2580
359073438,I2_1,10000,2581
123611168,I2_2,20000,4667
918541888,I2_2,20000,6746
86579517,I2_2,20000,6646
429311417,I2_1,10000,2618
38948158,I2_2,20000,4688
472279671,I2_2,20000,4654
782100183,I2_1,10000,2644
950982817,I2_1,10000,3042
317721395,I2_2,20000,5184
653438251,I2_1,10000,3918
170637976,I2_2,20000,4879
541170537,I2_2,20000,5201
887081492,I2_1,10000,3589
24276180,I2_2,20000,6809
392931096,I2_2,20000,7541
303554023,I2_1,10000,4886
262593164,I2_1,10000,5371
15016141,I2_2,20000,9208
676122288,I2_2,20000,6016
782019281,I2_2,20000,4496
181248604,I2_1,10000,2812
283769095,I2_2,20000,4550
989668089,I2_2,20000,4613
801231687,I2_1,10000,2882
257140547,I2_1,10000,3994
647301471,I2_2,20000,5608
721053922,I2_1,10000,5028
773356221,I2_1,10000,3987
684791043,I2_2,20000,8693
252793717,I2_1,10000,3501
461529020,I2_1,10000,3464
901755235,I2_1,10000,3321
968977698,I2_2,20000,8390
668535130,I2_2,20000,4980
137374053,I2_2,20000,5983
732037380,I2_2,20000,4920
927038938,I2_2,20000,5586
291322167,I2_2,20000,4655
366473995,I2_1,10000,3776
418157341,I2_2,20000,6458
208614742,I2_1,10000,3748
725573568,I2_2,20000,6415
798013329,I2_1,10000,4324
960753885,I2_2,20000,9262
793051442,I2_1,10000,3759
331678874,I2_2,20000,9713
887082140,I2_2,20000,8657
162430683,I2_2,20000,10313
483298570,I2_1,10000,4065
503533370,I2_2,20000,4672
962273491,I2_2,20000,6901
439004443,I2_2,20000,8282
745918803,I2_2,20000,5533
759539764,I2_1,10000,5093
146233779,I2_2,20000,5846
173469894,I2_2,20000,7174
486502164,I2_2,20000,5319
253579321,I2_2,20000,5937
71884849,I2_1,10000,4312
625120826,I2_2,20000,4785
482385459,I2_2,20000,4800
398965034,I2_1,10000,3284
318124471,I2_1,10000,2722
754229458,I2_1,10000,2873
555137976,I2_2,20000,5470
541622879,I2_1,10000,2781
339099870,I2_1,10000,2788
552409175,I2_1,10000,3204
582567881,I2_1,10000,2832
599186347,I2_1,10000,4510
210529180,I2_1,10000,3881
103571160,I2_2,20000,5317
112731756,I2_2,20000,4845
618423414,I2_1,10000,3268
175445439,I2_1,10000,4379
111730766,I2_2,20000,10145
363563942,I2_1,10000,4199
712431841,I2_2,20000,5719
686896252,I2_1,10000,4035
222232024,I2_2,20000,7036
664052523,I2_1,10000,3777
256593765,I2_2,20000,5175
149982091,I2_1,10000,4680
446809278,I2_2,20000,6958
24689070,I2_2,20000,8128
704495344,I2_2,20000,7417
395553284,I2_2,20000,6300
905331542,I2_1,10000,4776
357414248,I2_2,20000,7347
79970453,I2_1,10000,3260
109382322,I2_1,10000,2786
217742017,I2_2,20000,5724
19393285,I2_2,20000,5202
369985990,I2_2,20000,7347
975840337,I2_1,10000,4643
423416139,I2_2,20000,9599
804535103,I2_1,10000,3886
366465353,I2_2,20000,11245
471210773,I2_2,20000,8715
957052071,I2_2,20000,7537
958500932,I2_1,10000,5443
938153572,I2_2,20000,8025
152467412,I2_1,10000,4790
452690675,I2_2,20000,7004
814244415,I2_1,10000,2783
528596394,I2_1,10000,3815
299630631,I2_2,20000,6027
452549570,I2_2,20000,9296
773622020,I2_2,20000,6731
759923530,I2_1,10000,4869
788793965,I2_1,10000,6446
689669618,I2_2,20000,9188
944322296,I2_2,20000,11389
253536191,I2_1,10000,3253
48051,I2_2,20000,5059
721779479,I2_1,10000,3591
733898849,I2_2,20000,4609
206634163,I2_2,20000,5522
276556372,I2_2,20000,6444
952810574,I2_2,20000,4893
455497358,I2_2,20000,5371
215349055,I2_1,10000,5419
663663748,I2_1,10000,5001
356746180,I2_1,10000,5655
647295498,I2_2,20000,10402
350438240,I2_1,10000,3784
923440365,I2_2,20000,7124
240924258,I2_1,10000,4816
398325769,I2_2,20000,6125
429590989,I2_1,10000,5471
602715166,I2_1,10000,4445
243356211,I2_2,20000,9317
569559108,I2_1,10000,5981
560421167,I2_1,10000,5480
844136705,I2_2,20000,6517
58151272,I2_1,10000,3935
7784530,I2_2,20000,6002
703082826,I2_2,20000,5430
832185720,I2_2,20000,5545
791923483,I2_2,20000,5526
954446537,I2_2,20000,4600
704874546,I2_2,20000,6567
509656587,I2_1,10000,3007
987867868,I2_2,20000,4873
886120806,I2_2,20000,5533
865492199,I2_1,10000,4289
45018829,I2_1,10000,3715
848388168,I2_1,10000,3389
787904091,I2_1,10000,5023
191260095,I2_1,10000,3806
805299464,I2_2,20000,6062
697498108,I2_1,10000,2982
944021868,I2_2,20000,6260
469604841,I2_1,10000,5530
850238725,I2_2,20000,8436
559610363,I2_2,20000,8227
530527230,I2_1,10000,4864
977407328,I2_2,20000,9532
935557117,I2_1,10000,3698
506736281,I2_1,10000,2638
941250939,I2_1,10000,4343
540071431,I2_2,20000,4521
952118465,I2_1,10000,2999
781554893,I2_1,10000,2626
465869348,I2_1,10000,2620
264159419,I2_1,10000,2539
790256409,I2_1,10000,2549
949119161,I2_2,20000,5146
392990835,I2_2,20000,5635
190989713,I2_1,10000,3973
290535147,I2_2,20000,5054
662678042,I2_1,10000,4965
538853839,I2_1,10000,4764
174652404,I2_2,20000,8995
373858671,I2_1,10000,4235
838242464,I2_1,10000,4221
577158289,I2_2,20000,7517
685856744,I2_1,10000,5805
34990987,I2_1,10000,5591
580572153,I2_1,10000,5461
345196480,I2_1,10000,4855
32903688,I2_2,20000,11104
394738627,I2_2,20000,13197
821216819,I2_2,20000,6053
303344936,I2_2,20000,8266
982543167,I2_2,20000,10252
242569451,I2_2,20000,11428
599956612,I2_1,10000,4449
742035339,I2_2,20000,11346
671064805,I2_1,10000,3804
530358086,I2_2,20000,11775
712137578,I2_2,20000,9392
593886716,I2_2,20000,7079
133437494,I2_2,20000,4493
680755455,I2_1,10000,3500
665078719,I2_1,10000,2536
234983814,I2_1,10000,3102
574915774,I2_2,20000,5047
9884176,I2_1,10000,4175
348555716,I2_1,10000,5775
243486176,I2_2,20000,7019
819797457,I2_2,20000,5967
510031717,I2_2,20000,4868
881840415,I2_2,20000,6359
602176943,I2_2,20000,4872
124771202,I2_1,10000,2848
862181928,I2_1,10000,2871
187772431,I2_1,10000,3985
174819935,I2_2,20000,4424
381579550,I2_1,10000,3822
510206641,I2_2,20000,6679
412610038,I2_2,20000,6365
480366014,I2_1,10000,4144
530441236,I2_1,10000,3512
607883762,I2_1,10000,2822
924379504,I2_2,20000,4521
119969766,I2_1,10000,3997
627555882,I2_1,10000,3863
470739594,I2_2,20000,6089
577243627,I2_1,10000,5456
475341429,I2_2,20000,4859
574203866,I2_2,20000,4873
4573706,I2_2,20000,6404
932763649,I2_1,10000,2425
168148569,I2_1,10000,2469
508362876,I2_1,10000,3591
348007797,I2_2,20000,5626
202029156,I2_1,10000,3896
564912316,I2_1,10000,3792
471902629,I2_2,20000,9211
714193189,I2_1,10000,6366
852407547,I2_2,20000,9570
194764690,I2_1,10000,4233
58607866,I2_1,10000,4824
247466899,I2_2,20000,12692
21701292,I2_2,20000,10161
20120239,I2_2,20000,8085
960225268,I2_2,20000,6526
560066194,I2_1,10000,5917
489310381,I2_1,10000,5362
78221414,I2_2,20000,8461
876884593,I2_2,20000,9363
818833203,I2_2,20000,9947
176928628,I2_2,20000,6922
165859331,I2_1,10000,5205
580260111,I2_2,20000,5766
946849246,I2_1,10000,4718
945186224,I2_2,20000,6367
902880440,I2_1,10000,4188
955460074,I2_2,20000,6825
753762489,I2_2,20000,9090
801174981,I2_2,20000,7591
624590912,I2_2,20000,5461
446248311,I2_2,20000,4502
305431691,I2_1,10000,2871
469297003,I2_1,10000,2877
613697717,I2_1,10000,2911
549091235,I2_2,20000,4728
321311948,I2_1,10000,3394
38826501,I2_2,20000,6021
527217127,I2_1,10000,3728
450236515,I2_2,20000,5430
144882670,I2_1,10000,3622
590763765,I2_1,10000,3823
639305370,I2_1,10000,4322
878426416,I2_1,10000,5526
210822285,I2_2,20000,10624
584993154,I2_1,10000,5408
880784904,I2_1,10000,5907
699068511,I2_1,10000,7088
43153401,I2_1,10000,6007
908468048,I2_1,10000,4411
526635496,I2_1,10000,5408
278245593,I2_1,10000,4330
615232558,I2_2,20000,10149
161038265,I2_1,10000,4182
788818115,I2_2,20000,13375
338325815,I2_2,20000,14381
863310419,I2_1,10000,5326
304171079,I2_1,10000,5333
393646118,I2_2,20000,10140
844810464,I2_1,10000,5812
462666322,I2_1,10000,6413
377604340,I2_1,10000,5332
926729840,I2_2,20000,14334
130412299,I2_2,20000,14333
604691721,I2_1,10000,5854
416330587,I2_1,10000,5243
45573077,I2_2,20000,13619
813118586,I2_2,20000,13709
927838105,I2_2,20000,15287
464908145,I2_1,10000,5320
603991623,I2_2,20000,12533
797497161,I2_1,10000,4711
112869540,I2_2,20000,8986
108614125,I2_2,20000,4864
142838248,I2_1,10000,3807
24543235,I2_1,10000,3831
378682232,I2_2,20000,4457
651799970,I2_2,20000,4776
319140807,I2_1,10000,4209
163508597,I2_1,10000,4019
71450132,I2_2,20000,4812
624221899,I2_1,10000,2434
316863309,I2_1,10000,2393
247178282,I2_2,20000,4455
437403730,I2_1,10000,3259
1940108,I2_2,20000,6252
146236076,I2_2,20000,7249
172380579,I2_1,10000,5678
649246754,I2_2,20000,5149
81339338,I2_2,20000,6069
487192041,I2_2,20000,4435
650684635,I2_1,10000,2833
409525248,I2_2,20000,6422
215078273,I2_1,10000,3282
733664132,I2_2,20000,5091
437611340,I2_1,10000,3417
480489205,I2_2,20000,7684
276776892,I2_1,10000,4820
740550254,I2_2,20000,8594
866191035,I2_1,10000,5419
753536165,I2_1,10000,5361
233914198,I2_1,10000,5386
264311036,I2_1,10000,6411
521062582,I2_2,20000,11132
728878771,I2_1,10000,5790
888641923,I2_1,10000,6314
138158660,I2_1,10000,5837
231419461,I2_2,20000,12768
232488427,I2_1,10000,3777
848356635,I2_2,20000,6520
751199029,I2_1,10000,5899
911963741,I2_2,20000,7972
533398942,I2_2,20000,6441
459769741,I2_2,20000,6395
898591456,I2_1,10000,5193
183495389,I2_2,20000,7782
946117748,I2_1,10000,4658
219823042,I2_2,20000,7321
40252982,I2_1,10000,4089
639755459,I2_2,20000,7548
993896213,I2_1,10000,3949
523144011,I2_2,20000,5610
57052482,I2_2,20000,5510
392954175,I2_2,20000,5435
548282507,I2_2,20000,7080
187160458,I2_1,10000,3354
243185555,I2_2,20000,5113
30513177,I2_2,20000,6052
361646127,I2_2,20000,8087
234465542,I2_2,20000,5937
621369244,I2_2,20000,7520
376745720,I2_1,10000,4732
457096727,I2_1,10000,3760
906252877,I2_1,10000,3696
412257635,I2_2,20000,6419
208335530,I2_1,10000,4832
78935283,I2_1,10000,3496
611881710,I2_1,10000,2981
958363469,I2_2,20000,4481
28785642,I2_2,20000,5075
892637111,I2_1,10000,4994
218946718,I2_2,20000,5199
817550457,I2_1,10000,2720
329980559,I2_2,20000,5266
950759828,I2_2,20000,5241
919280155,I2_1,10000,5590
19139647,I2_1,10000,4958
468285128,I2_1,10000,3907
473338373,I2_1,10000,3955
872769077,I2_1,10000,4471
551931357,I2_2,20000,4555
287318658,I2_1,10000,2950
192460506,I2_2,20000,4679
724227816,I2_2,20000,4725
959888531,I2_1,10000,4113
601301726,I2_1,10000,4168
223925934,I2_1,10000,3651
168436551,I2_2,20000,6403
330374701,I2_1,10000,5092
832155450,I2_1,10000,4489
620295534,I2_1,10000,5567
454372080,I2_1,10000,4608
833243754,I2_1,10000,6232
847597470,I2_1,10000,6114
794980300,I2_2,20000,12654
714864031,I2_2,20000,13685
363832251,I2_2,20000,13003
530793328,I2_1,10000,5336
771166218,I2_2,20000,15054
514335276,I2_2,20000,16030
793537957,I2_2,20000,9689
887894700,I2_2,20000,7584
740763909,I2_1,10000,3801
611627716,I2_2,20000,5051
647337856,I2_1,10000,5475
341473597,I2_2,20000,7604
228773669,I2_2,20000,5534
498019917,I2_2,20000,6322
840204936,I2_2,20000,5349
580173710,I2_2,20000,4470
825856096,I2_1,10000,3890
874092936,I2_1,10000,2634
773822158,I2_2,20000,5495
419675778,I2_1,10000,3428
730529535,I2_2,20000,5043
683164815,I2_2,20000,5034
129242533,I2_1,10000,2643
341976108,I2_2,20000,5036
337411499,I2_1,10000,4053
983767422,I2_1,10000,3571
979356989,I2_1,10000,5143
744634103,I2_2,20000,7084
273569352,I2_1,10000,3080
954608229,I2_2,20000,8322
358880392,I2_1,10000,4503
324387602,I2_2,20000,5386
21337021,I2_2,20000,7162
679201587,I2_2,20000,7603
486294367,I2_2,20000,5466
360657795,I2_2,20000,5668
967315667,I2_1,10000,3942
143384552,I2_2,20000,7603
891704644,I2_2,20000,5423
573217895,I2_2,20000,4707
438242886,I2_1,10000,5252
703167955,I2_1,10000,4176
929163181,I2_1,10000,3214
467475142,I2_2,20000,5137
174331765,I2_1,10000,5650
892078370,I2_1,10000,4965
28662685,I2_2,20000,6996
908443813,I2_1,10000,4344
12550758,I2_2,20000,7078
952107586,I2_1,10000,3815
148923480,I2_2,20000,8512
35459300,I2_2,20000,6406
340504961,I2_1,10000,3776
842442916,I2_2,20000,5341
733672662,I2_2,20000,7633
265855272,I2_1,10000,3843
769934556,I2_1,10000,4441
959973624,I2_2,20000,6717
584022640,I2_2,20000,7224
829534748,I2_1,10000,5626
219299650,I2_1,10000,2948
795957349,I2_2,20000,8819
205171183,I2_1,10000,2690
557583903,I2_2,20000,5471
81236071,I2_2,20000,7653
285990713,I2_1,10000,4583
42718577,I2_2,20000,6089
792817179,I2_1,10000,4870
14026100,I2_2,20000,8630
531362985,I2_2,20000,6481
623610763,I2_1,10000,4974
899714385,I2_2,20000,5663
536811376,I2_1,10000,5134
138839168,I2_2,20000,6546
599033659,I2_2,20000,4804
419267421,I2_2,20000,4822
218317998,I2_1,10000,3624
580661126,I2_1,10000,2845
460259215,I2_1,10000,2969
918555223,I2_2,20000,6176
980042790,I2_1,10000,5440
696067879,I2_1,10000,5322
981009622,I2_2,20000,7584
568823987,I2_1,10000,4560
282576266,I2_2,20000,6508
667708694,I2_2,20000,6152
924928446,I2_1,10000,3481
478536389,I2_1,10000,4037
54863461,I2_1,10000,3629
213743003,I2_2,20000,5219
64370281,I2_2,20000,7343
458344121,I2_2,20000,5143
922844291,I2_1,10000,4569
781348465,I2_1,10000,4016
503601860,I2_2,20000,7834
985945065,I2_2,20000,7789
700865949,I2_1,10000,6089
235935756,I2_1,10000,3997
127666637,I2_2,20000,7655
505617915,I2_1,10000,5100
548033275,I2_1,10000,4380
781937339,I2_2,20000,9362
12553135,I2_1,10000,6044
564965950,I2_1,10000,4946
702609191,I2_2,20000,12049
937617302,I2_1,10000,6006
166765525,I2_1,10000,4957
194495194,I2_2,20000,14649
59087084,I2_1,10000,5346
403417601,I2_2,20000,12975
113261127,I2_2,20000,13411
41268419,I2_2,20000,13301
794359457,I2_2,20000,15361
993960564,I2_1,10000,5072
43261293,I2_2,20000,13133
958884365,I2_2,20000,13633
944784000,I2_2,20000,13110
886831394,I2_1,10000,6378
927562994,I2_1,10000,7970
383626665,I2_1,10000,7382
762302634,I2_2,20000,17249
897602509,I2_2,20000,19889
469777676,I2_1,10000,7926
405676866,I2_1,10000,7292
656178882,I2_2,20000,11654
394981933,I2_2,20000,5557
385508095,I2_1,10000,6047
742198305,I2_2,20000,8145
122661765,I2_1,10000,5152
755051116,I2_2,20000,11007
107886355,I2_1,10000,3700
21974419,I2_2,20000,11523
430626213,I2_2,20000,11908
69309313,I2_2,20000,5768
49627590,I2_1,10000,5308
230423472,I2_2,20000,5370
487200454,I2_1,10000,3498
947440080,I2_1,10000,4541
963958027,I2_1,10000,2579
662985590,I2_1,10000,2647
259330162,I2_1,10000,3068
209662706,I2_1,10000,4015
321503263,I2_2,20000,6602
833943859,I2_1,10000,4830
86119936,I2_1,10000,6441
851957330,I2_2,20000,9785
658104406,I2_2,20000,10566
868670718,I2_2,20000,7307
668845053,I2_1,10000,5334
535528671,I2_2,20000,9969
594531105,I2_2,20000,8955
975520992,I2_1,10000,6846
886679796,I2_1,10000,6441
721345709,I2_1,10000,5202
430223237,I2_2,20000,14203
671876071,I2_1,10000,4742
204286108,I2_2,20000,5377
565079355,I2_2,20000,6904
807620522,I2_1,10000,3708
45556544,I2_1,10000,2468
990122376,I2_1,10000,2565
656684586,I2_1,10000,3579
13336096,I2_1,10000,3407
138400768,I2_2,20000,5556
572439183,I2_2,20000,7196
475419759,I2_2,20000,5958
853363310,I2_2,20000,5329
236577549,I2_1,10000,4874
329034935,I2_1,10000,4831
430334963,I2_1,10000,6351
494323705,I2_1,10000,5763
928287211,I2_1,10000,4887
565319842,I2_2,20000,11906
23229213,I2_1,10000,6477
419848501,I2_1,10000,8130
284076341,I2_2,20000,12648
954928331,I2_2,20000,13489
887260129,I2_2,20000,13732
498999685,I2_1,10000,4170
310429100,I2_2,20000,14305
638481374,I2_2,20000,15246
112801858,I2_1,10000,6687
497949120,I2_1,10000,7150
698175066,I2_2,20000,15752
729613731,I2_2,20000,13674
416937241,I2_2,20000,15939
59583191,I2_1,10000,5757
440585042,I2_1,10000,6895
125897812,I2_2,20000,7515
976352077,I2_1,10000,4918
388893670,I2_1,10000,5435
901293398,I2_1,10000,7047
780389179,I2_1,10000,6003
408061860,I2_1,10000,3836
259861302,I2_2,20000,12958
245641885,I2_1,10000,5492
167317263,I2_1,10000,4321
594338850,I2_2,20000,13381
991872268,I2_1,10000,6851
50118945,I2_2,20000,16002
938867365,I2_1,10000,7405
719897976,I2_2,20000,19098
479428599,I2_1,10000,8345
816423752,I2_2,20000,18563
402773049,I2_2,20000,20632
497533612,I2_1,10000,6806
832066802,I2_1,10000,5202
633504401,I2_2,20000,13265
305883470,I2_1,10000,2835
89302176,I2_2,20000,4984
377074901,I2_1,10000,4332
372639642,I2_1,10000,5423
907723150,I2_2,20000,7017
51147388,I2_2,20000,6520
296704415,I2_1,10000,4913
539527773,I2_1,10000,4333
370877752,I2_2,20000,6197
264957967,I2_1,10000,4603
677444611,I2_1,10000,3252
669781771,I2_1,10000,2378
28178419,I2_1,10000,2789
867545173,I2_2,20000,4419
651000963,I2_1,10000,2788
319353959,I2_2,20000,4367
955693939,I2_2,20000,4453
363428094,I2_2,20000,4639
88673094,I2_2,20000,6666
203202223,I2_1,10000,2454
727459352,I2_1,10000,2610
800872424,I2_1,10000,3686
701839320,I2_2,20000,4646
21115300,I2_2,20000,5553
798485336,I2_1,10000,4430
736766805,I2_1,10000,4063
245722643,I2_1,10000,4569
154378183,I2_2,20000,7924
517981718,I2_1,10000,6262
116848737,I2_1,10000,5732
16330139,I2_2,20000,11195
630652247,I2_1,10000,5889
75022733,I2_1,10000,5441
822320883,I2_2,20000,12615
559854829,I2_1,10000,4361
359479325,I2_2,20000,13523
851170646,I2_1,10000,4339
484737665,I2_2,20000,6407
769061968,I2_2,20000,8134
81886618,I2_2,20000,4424
844577748,I2_2,20000,6482
27915799,I2_1,10000,2451
630606218,I2_1,10000,2598
243543308,I2_1,10000,2608
678605131,I2_2,20000,5489
370678030,I2_1,10000,3902
509148804,I2_1,10000,4027
51427629,I2_2,20000,6782
15795485,I2_1,10000,4964
213185783,I2_2,20000,4588
679817897,I2_1,10000,5084
470387808,I2_1,10000,2611
661086320,I2_2,20000,5541
759718867,I2_1,10000,6135
931319437,I2_1,10000,5482
864713764,I2_2,20000,8646
869437486,I2_2,20000,10822
126147262,I2_2,20000,11813
359236723,I2_2,20000,9175
873003644,I2_2,20000,8671
46995200,I2_2,20000,7511
777115921,I2_2,20000,6444
788465134,I2_1,10000,2764
508454936,I2_2,20000,5655
82646637,I2_1,10000,3451
208016139,I2_1,10000,2890
579034152,I2_2,20000,8815
851331034,I2_2,20000,8255
184327209,I2_1,10000,4851
255927517,I2_1,10000,3279
239858172,I2_2,20000,11452
958930517,I2_2,20000,8578
172282877,I2_2,20000,9678
620423374,I2_2,20000,8516
933518899,I2_1,10000,5871
449474081,I2_1,10000,4251
758574442,I2_2,20000,6929
667960640,I2_1,10000,3760
97843133,I2_2,20000,10636
268818938,I2_1,10000,4810
122552006,I2_2,20000,13317
514969356,I2_1,10000,5785
491407548,I2_1,10000,4323
405336803,I2_2,20000,12190
788895006,I2_1,10000,4254
121451657,I2_2,20000,12158
369531085,I2_1,10000,4203
539636087,I2_2,20000,15236
202121402,I2_1,10000,4232
911846236,I2_2,20000,15188
38248858,I2_2,20000,15395
396361068,I2_2,20000,17432
682101371,I2_1,10000,6332
356818315,I2_1,10000,7518
636597934,I2_1,10000,5841
954700745,I2_1,10000,5855
696344626,I2_2,20000,16857
704514649,I2_1,10000,3989
286450040,I2_2,20000,11230
144306157,I2_2,20000,6429
986571875,I2_1,10000,2465
851431179,I2_1,10000,2550
865728855,I2_2,20000,5255
124533648,I2_1,10000,3661
462930808,I2_2,20000,6835
468769463,I2_2,20000,7533
102550738,I2_2,20000,8832
612069852,I2_2,20000,5660
449184167,I2_1,10000,3267
165678099,I2_1,10000,2570
500187111,I2_1,10000,2521
293589061,I2_1,10000,2507
994148478,I2_1,10000,2521
50512029,I2_2,20000,4741
888589725,I2_1,10000,3885
122232218,I2_2,20000,7807
961113739,I2_1,10000,3499
285606926,I2_2,20000,5192
213913549,I2_2,20000,6163
727931057,I2_1,10000,3614
508211125,I2_1,10000,2969
542580722,I2_2,20000,5182
318122471,I2_2,20000,6321
697166463,I2_2,20000,4686
294174379,I2_2,20000,4598
96395690,I2_2,20000,5579
493405797,I2_1,10000,3467
348563872,I2_2,20000,5222
683329934,I2_1,10000,3525
91288513,I2_2,20000,6340
463466978,I2_1,10000,4996
265244175,I2_2,20000,8426
502468712,I2_2,20000,4669
716926859,I2_1,10000,3032
669156616,I2_1,10000,4762
721654130,I2_2,20000,4666
42736022,I2_1,10000,5205
926425137,I2_2,20000,4697
648494658,I2_1,10000,5320
279644387,I2_1,10000,3497
740144907,I2_2,20000,5113
150971322,I2_1,10000,2629
899105163,I2_1,10000,2938
513563937,I2_2,20000,4629
821121771,I2_1,10000,3015
627472408,I2_2,20000,4834
498007172,I2_1,10000,2780
657435493,I2_1,10000,3073
723159840,I2_1,10000,2761
102879398,I2_2,20000,6154
257441054,I2_1,10000,4022
801703131,I2_2,20000,4633
609183936,I2_1,10000,2975
562916098,I2_2,20000,4927
479114608,I2_1,10000,3625
65291680,I2_2,20000,6622
101404585,I2_1,10000,4139
732679194,I2_2,20000,9191
851064834,I2_2,20000,6845
183924006,I2_2,20000,8375
838821232,I2_2,20000,10543
921055654,I2_1,10000,5464
375915314,I2_1,10000,4402
412049961,I2_1,10000,3246
34722545,I2_1,10000,2881
299457953,I2_2,20000,5347
217320707,I2_1,10000,2656
864926270,I2_2,20000,4731
314043938,I2_1,10000,5350
314839064,I2_2,20000,5907
483939532,I2_1,10000,6365
203892824,I2_1,10000,3763
552475974,I2_1,10000,5360
205485976,I2_2,20000,7037
840587973,I2_1,10000,5006
860871753,I2_2,20000,9433
359799191,I2_2,20000,11021
258536571,I2_2,20000,12007
559564930,I2_1,10000,6563
885468621,I2_2,20000,14287
586293535,I2_2,20000,7279
742913516,I2_1,10000,6164
331512388,I2_1,10000,6156
505229631,I2_2,20000,4920
251503521,I2_2,20000,7122
689285373,I2_2,20000,7944
289341450,I2_1,10000,2861
146395269,I2_1,10000,3100
101680198,I2_2,20000,5557
217804894,I2_1,10000,4859
376333364,I2_1,10000,4181
700231037,I2_1,10000,3060
230488779,I2_1,10000,2761
631038039,I2_2,20000,4834
941492260,I2_2,20000,5817
741519910,I2_1,10000,4129
294754641,I2_2,20000,5321
308892018,I2_1,10000,4679
403388950,I2_1,10000,3996
403856946,I2_2,20000,10095
708714110,I2_1,10000,6020
801623395,I2_1,10000,3852
68072529,I2_2,20000,12325
449808060,I2_2,20000,5045
491284990,I2_1,10000,3989
999960554,I2_2,20000,7789
571904862,I2_1,10000,2737
212424412,I2_1,10000,2884
762021466,I2_2,20000,5354
836954960,I2_1,10000,3788
952874448,I2_2,20000,5636
923778843,I2_1,10000,5159
204639367,I2_2,20000,6413
899923868,I2_2,20000,4675
480940544,I2_1,10000,2688
545353356,I2_1,10000,2723
873040993,I2_1,10000,3838
462044398,I2_2,20000,5692
933649782,I2_1,10000,4140
318031803,I2_2,20000,7946
550994519,I2_1,10000,4044
409671787,I2_2,20000,6761
374491106,I2_2,20000,5876
322477560,I2_2,20000,5658
49363049,I2_1,10000,3932
604923931,I2_1,10000,3461
908927641,I2_1,10000,3368
967892857,I2_2,20000,5389
66531687,I2_1,10000,3028
770033608,I2_1,10000,4675
767228395,I2_2,20000,5357
212563602,I2_1,10000,3947
982314871,I2_1,10000,3124
84272946,I2_2,20000,5303
225224987,I2_1,10000,4593
483919866,I2_1,10000,5190
874351533,I2_2,20000,9189
914449046,I2_1,10000,4478
360891821,I2_2,20000,12365
562004647,I2_1,10000,3713
694511216,I2_2,20000,14102
506051434,I2_2,20000,5641
326323860,I2_1,10000,2756
370514998,I2_1,10000,3800
412455813,I2_1,10000,3657
790830563,I2_1,10000,3047
897567476,I2_2,20000,5338
550837987,I2_1,10000,3202
347785982,I2_2,20000,4764
345841683,I2_1,10000,4219
345920620,I2_2,20000,8039
290323476,I2_1,10000,4531
218233879,I2_2,20000,6951
694601291,I2_1,10000,4224
581856232,I2_2,20000,4764
652988868,I2_2,20000,5149
520949755,I2_1,10000,2903
32773213,I2_1,10000,3608
193711870,I2_1,10000,4687
249435109,I2_2,20000,5810
875418429,I2_1,10000,4767
624925766,I2_1,10000,5341
499268522,I2_2,20000,6908
478773079,I2_2,20000,5699
357799773,I2_1,10000,2814
648992464,I2_1,10000,2740
484260286,I2_2,20000,4848
950537844,I2_1,10000,3508
484006598,I2_1,10000,4773
470387371,I2_2,20000,5497
384396776,I2_2,20000,5389
856382175,I2_1,10000,3602
165811590,I2_2,20000,6969
469506016,I2_2,20000,7963
912758107,I2_1,10000,3242
762853510,I2_1,10000,4846
159594535,I2_2,20000,7046
338275487,I2_2,20000,8008
161871236,I2_2,20000,9584
445320852,I2_1,10000,6607
557154674,I2_1,10000,7162
345524531,I2_1,10000,5624
316774036,I2_2,20000,13959
696572370,I2_2,20000,12641
303417153,I2_2,20000,10100
262232798,I2_1,10000,6117
151440916,I2_1,10000,4456
769694412,I2_2,20000,14483
261281840,I2_1,10000,5689
455405368,I2_1,10000,5619
727426465,I2_2,20000,14485
554618327,I2_1,10000,6129
195361259,I2_1,10000,6792
249743452,I2_2,20000,17726
250350790,I2_1,10000,8206
107561733,I2_2,20000,19662
2253773,I2_1,10000,11400
593191564,I2_1,10000,8667
614141265,I2_2,20000,19397
683101147,I2_2,20000,12167
605834290,I2_1,10000,3117
737898469,I2_1,10000,4917
279087752,I2_2,20000,4658
654095155,I2_1,10000,3221
515297846,I2_2,20000,5878
236653168,I2_1,10000,2677
934409481,I2_1,10000,3416
80670686,I2_1,10000,4082
159947290,I2_2,20000,7405
266493769,I2_1,10000,4987
780456532,I2_2,20000,7150
417899583,I2_1,10000,5629
751438239,I2_2,20000,9986
769606799,I2_2,20000,12677
162075885,I2_1,10000,4289
639242841,I2_2,20000,10274
899857598,I2_2,20000,9897
276910670,I2_2,20000,10750
230317389,I2_1,10000,2739
289505863,I2_1,10000,5800
165029164,I2_1,10000,5739
715551804,I2_2,20000,7968
128761493,I2_1,10000,7347
230523300,I2_1,10000,7854
308421138,I2_1,10000,7261
628791361,I2_1,10000,5659
587204693,I2_2,20000,13573
195129504,I2_2,20000,15558
440313197,I2_2,20000,17667
230723666,I2_1,10000,7106
157080752,I2_2,20000,20324
329650470,I2_1,10000,10893
956100136,I2_2,20000,20804
489880753,I2_1,10000,12469
407811327,I2_1,10000,12493
551099244,I2_1,10000,14090
449159643,I2_1,10000,13380
612362205,I2_2,20000,22795
428899147,I2_1,10000,13561
243560889,I2_1,10000,10933
237272603,I2_2,20000,22096
14628007,I2_1,10000,13942
315700291,I2_2,20000,14007
902102227,I2_2,20000,13304
917441377,I2_1,10000,7323
35512197,I2_1,10000,5496
691638840,I2_2,20000,16886
557934179,I2_1,10000,4084
931334460,I2_2,20000,4561
526694513,I2_1,10000,2438
986088417,I2_2,20000,4430
739789526,I2_1,10000,3507
650386656,I2_2,20000,6047
732069889,I2_2,20000,6951
364782548,I2_1,10000,5387
320613531,I2_2,20000,9690
34897481,I2_2,20000,9524
772111538,I2_2,20000,9352
988434922,I2_2,20000,9991
800910755,I2_2,20000,10646
738536453,I2_2,20000,9870
46041852,I2_1,10000,4165
739272530,I2_1,10000,3556
787231398,I2_2,20000,5145
608070869,I2_1,10000,3487
957323686,I2_2,20000,5351
714514788,I2_1,10000,2568
19012246,I2_2,20000,5809
978345854,I2_2,20000,4580
145258025,I2_1,10000,3083
724603527,I2_1,10000,2519
348355644,I2_2,20000,4535
234804336,I2_2,20000,5744
577719651,I2_2,20000,4542
565712187,I2_1,10000,3573
333260911,I2_1,10000,2884
761160501,I2_1,10000,2694
187557675,I2_2,20000,5103
517437843,I2_1,10000,4092
389265565,I2_1,10000,3803
193551459,I2_1,10000,5128
15120813,I2_1,10000,2974
726249219,I2_2,20000,5753
336267054,I2_1,10000,6296
161677376,I2_2,20000,4959
773310910,I2_1,10000,5551
869985762,I2_2,20000,4587
719634017,I2_1,10000,5189
721079167,I2_1,10000,4086
393044612,I2_1,10000,2697
473929814,I2_1,10000,3790
598741086,I2_1,10000,2603
328818256,I2_1,10000,2699
693289219,I2_1,10000,3027
823311288,I2_2,20000,5384
629241193,I2_1,10000,4715
791919401,I2_1,10000,2601
237912615,I2_1,10000,3042
661935220,I2_1,10000,3004
815144110,I2_1,10000,4556
623213037,I2_1,10000,5118
341098630,I2_2,20000,8839
695732975,I2_2,20000,10030
226509785,I2_1,10000,4339
118475693,I2_2,20000,13018
904650082,I2_2,20000,14064
330114065,I2_1,10000,5345
673942380,I2_2,20000,8415
636613254,I2_1,10000,4032
9731357,I2_2,20000,10509
878516411,I2_1,10000,5678
553949123,I2_1,10000,4939
321169030,I2_1,10000,6061
870343768,I2_1,10000,3812
637796467,I2_2,20000,10613
732192984,I2_2,20000,10438
651489095,I2_2,20000,5290
194761240,I2_2,20000,5967
830032693,I2_2,20000,6666
225430997,I2_1,10000,4995
105053876,I2_2,20000,8714
285690774,I2_2,20000,6722
744436729,I2_1,10000,6119
908443935,I2_1,10000,4312
790209029,I2_2,20000,8710
159235285,I2_1,10000,5360
513808626,I2_1,10000,4928
9544333,I2_2,20000,10344
77370693,I2_2,20000,12474
340489462,I2_2,20000,12428
547896385,I2_2,20000,12248
426093662,I2_2,20000,11743
752654388,I2_1,10000,6910
223843691,I2_1,10000,4234
602382401,I2_2,20000,15848
950018377,I2_2,20000,16831
229212489,I2_2,20000,17741
561468248,I2_2,20000,14252
434274996,I2_2,20000,14148
97198547,I2_1,10000,5688
828369040,I2_1,10000,6193
661404342,I2_2,20000,14661
635378271,I2_2,20000,10926
586140516,I2_2,20000,12033
77314462,I2_1,10000,5124
4934968,I2_2,20000,13106
821166265,I2_2,20000,15174
534672711,I2_2,20000,16121
708381331,I2_2,20000,15273
173144729,I2_2,20000,8560
132166836,I2_1,10000,6980
295184555,I2_1,10000,6359
513225368,I2_1,10000,7916
93491578,I2_1,10000,5888
267585028,I2_2,20000,7881
107133121,I2_2,20000,8840
105024442,I2_2,20000,10000
816687941,I2_2,20000,7896
72644118,I2_1,10000,5173
315276952,I2_2,20000,9433
788811606,I2_2,20000,5917
319837160,I2_2,20000,6344
247116220,I2_2,20000,6500
525344493,I2_2,20000,7500
188077746,I2_1,10000,2854
182925429,I2_1,10000,3935
637495869,I2_1,10000,2998
877975682,I2_1,10000,3008
920693556,I2_2,20000,6054
527548182,I2_1,10000,5412
834563517,I2_1,10000,4239
125918871,I2_1,10000,3801
846291062,I2_2,20000,11146
680723929,I2_2,20000,4478
295442741,I2_1,10000,3916
777612150,I2_2,20000,4978
25474915,I2_1,10000,4935
794620161,I2_1,10000,5897
622175346,I2_1,10000,2919
2482606,I2_2,20000,4502
961145643,I2_2,20000,5995
148444928,I2_2,20000,4490
596612841,I2_1,10000,5078
766740086,I2_1,10000,4623
645394476,I2_2,20000,4670
844025138,I2_1,10000,2756
126556852,I2_1,10000,3173
619342355,I2_2,20000,5431
597204801,I2_2,20000,5587
812978369,I2_1,10000,4949
565737060,I2_2,20000,6485
624901035,I2_1,10000,5891
147145272,I2_1,10000,4264
823945496,I2_2,20000,7630
519497323,I2_2,20000,8146
422978616,I2_2,20000,6000
913876259,I2_1,10000,4205
227103455,I2_2,20000,9671
945456440,I2_2,20000,9430
92695222,I2_2,20000,9541
10646509,I2_2,20000,8424
190828207,I2_2,20000,8315
872495819,I2_2,20000,9507
506166010,I2_2,20000,7922
948968507,I2_1,10000,4167
575653106,I2_2,20000,11642
825812384,I2_2,20000,13108
486786377,I2_2,20000,8453
428574816,I2_1,10000,5942
180656990,I2_1,10000,5374
648355445,I2_2,20000,5890
86966944,I2_1,10000,3164
908072311,I2_1,10000,2917
784324303,I2_1,10000,2918
145658117,I2_1,10000,4504
742113517,I2_2,20000,6808
125632557,I2_2,20000,7576
408294815,I2_2,20000,6469
203372114,I2_2,20000,8592
438743844,I2_1,10000,5765
61523574,I2_1,10000,5317
168828141,I2_2,20000,9394
310327856,I2_2,20000,11431
146242202,I2_2,20000,13502
119087139,I2_2,20000,13016
522673474,I2_2,20000,13008
308347989,I2_1,10000,6378
979347388,I2_2,20000,5386
165886821,I2_2,20000,5407
840091256,I2_2,20000,7555
557033142,I2_2,20000,7899
211721450,I2_2,20000,7849
803368102,I2_1,10000,5252
566944238,I2_2,20000,6319
395702452,I2_2,20000,7562
374176114,I2_2,20000,8180
431851977,I2_2,20000,4521
169446867,I2_2,20000,4447
207827257,I2_2,20000,5488
149988856,I2_2,20000,6098
875803639,I2_1,10000,3741
658718238,I2_2,20000,8648
638212964,I2_2,20000,9718
960492303,I2_1,10000,4447
414062564,I2_1,10000,6082
119253452,I2_2,20000,11621
819744450,I2_1,10000,4222
487758513,I2_1,10000,5274
186157399,I2_2,20000,16328
527645239,I2_1,10000,6297
915363709,I2_2,20000,17821
192561956,I2_2,20000,19951
749647715,I2_2,20000,11928
18763945,I2_2,20000,5742
52062137,I2_1,10000,2870
467072767,I2_1,10000,3893
677207195,I2_1,10000,2990
126908915,I2_2,20000,4967
59032870,I2_2,20000,5928
863647459,I2_2,20000,6869
721018181,I2_2,20000,8325
281410588,I2_1,10000,3512
212839140,I2_2,20000,5650
966553199,I2_1,10000,2440
124084692,I2_1,10000,2546
154217192,I2_1,10000,2450
539074775,I2_1,10000,4032
999504967,I2_2,20000,4697
385695306,I2_1,10000,2812
985733236,I2_1,10000,3012
33521499,I2_2,20000,4897
391769378,I2_1,10000,5420
13465329,I2_2,20000,7587
712076817,I2_2,20000,7392
659284796,I2_2,20000,5336
122883184,I2_2,20000,5562
421903114,I2_1,10000,4979
967075028,I2_1,10000,3859
920261912,I2_2,20000,9691
533318718,I2_2,20000,5187
792208489,I2_1,10000,4642
993857973,I2_1,10000,5095
339543858,I2_1,10000,5403
827412977,I2_2,20000,9859
711794247,I2_2,20000,9605
200117610,I2_1,10000,4770
617917525,I2_1,10000,5170
304064931,I2_2,20000,12625
352394928,I2_2,20000,15227
323155377,I2_2,20000,14429
97257591,I2_1,10000,5514
493675179,I2_2,20000,14231
106961750,I2_2,20000,4611
516288687,I2_2,20000,4524
708101536,I2_1,10000,2956
402351185,I2_1,10000,3523
184347390,I2_2,20000,6092
847016954,I2_2,20000,5449
587910870,I2_2,20000,4909
841403033,I2_1,10000,2911
360222485,I2_1,10000,4530
917224203,I2_2,20000,6048
694370942,I2_1,10000,3774
507039322,I2_1,10000,5384
585675200,I2_2,20000,5617
535684987,I2_1,10000,3911
431972245,I2_1,10000,3324
724488791,I2_1,10000,2830
774809707,I2_2,20000,5618
108789272,I2_2,20000,4457
321186816,I2_1,10000,4953
562765723,I2_2,20000,5530
534731629,I2_1,10000,6096
915357825,I2_1,10000,6595
33263683,I2_1,10000,6016
703330714,I2_2,20000,6433
737243120,I2_2,20000,6359
856522783,I2_1,10000,2460
822458202,I2_2,20000,4502
524586794,I2_1,10000,3908
207473760,I2_2,20000,7540
355367000,I2_1,10000,2775
320185649,I2_1,10000,2501
315724322,I2_1,10000,2526
605485864,I2_2,20000,4631
895109338,I2_1,10000,3989
341102571,I2_1,10000,3767
932243584,I2_2,20000,7783
972212284,I2_1,10000,2877
383267611,I2_1,10000,3067
748012519,I2_1,10000,2529
751178057,I2_1,10000,2552
808582949,I2_2,20000,4821
190006936,I2_1,10000,3875
376579943,I2_1,10000,4952
736009648,I2_1,10000,3101
330734948,I2_2,20000,5578
743004838,I2_2,20000,5586
447230767,I2_2,20000,5624
174508287,I2_2,20000,4536
386924872,I2_2,20000,4591
88731348,I2_2,20000,4945
36902105,I2_2,20000,5416
22020288,I2_1,10000,2712
901126981,I2_2,20000,7375
681770339,I2_2,20000,4600
692806012,I2_2,20000,6844
468753887,I2_1,10000,2625
503584514,I2_1,10000,3875
139246909,I2_2,20000,8326
385949841,I2_2,20000,5648
832897288,I2_1,10000,6211
528073688,I2_1,10000,5746
370879195,I2_1,10000,6180
43068115,I2_1,10000,3923
660034357,I2_2,20000,6151
505316823,I2_2,20000,6596
232916243,I2_1,10000,4994
986537217,I2_1,10000,5664
75326016,I2_2,20000,7764
846537635,I2_2,20000,5641
432158874,I2_2,20000,5507
300890938,I2_2,20000,6143
575755676,I2_1,10000,4493
776431404,I2_1,10000,3825
776201446,I2_1,10000,5500
152287311,I2_2,20000,9453
212154086,I2_1,10000,3846
945844433,I2_2,20000,5561
460621854,I2_2,20000,6555
611689681,I2_2,20000,5427
987575354,I2_2,20000,5468
947169334,I2_1,10000,3977
142778026,I2_1,10000,5533
264949054,I2_1,10000,5016
163486533,I2_1,10000,6763
244378848,I2_2,20000,11103
482789257,I2_1,10000,4485
477272120,I2_1,10000,5583
282938393,I2_2,20000,10552
756255569,I2_1,10000,4867
892987413,I2_1,10000,4387
378993521,I2_2,20000,10827
462611867,I2_1,10000,4264
530374372,I2_2,20000,14459
269603651,I2_2,20000,13965
390886459,I2_2,20000,15990
61009326,I2_1,10000,2489
244336511,I2_2,20000,4666
262455679,I2_1,10000,3780
847211924,I2_1,10000,4844
42073246,I2_2,20000,5473
198068745,I2_2,20000,6904
517072868,I2_2,20000,4482
153301499,I2_1,10000,2917
622901110,I2_1,10000,3569
594712579,I2_2,20000,4997
161957641,I2_2,20000,5371
187707861,I2_1,10000,3214
911821804,I2_1,10000,4273
734730080,I2_1,10000,5003
562882715,I2_1,10000,4503
612932932,I2_1,10000,4378
695617888,I2_1,10000,2594
485469103,I2_1,10000,2545
182073423,I2_2,20000,4565
565960127,I2_1,10000,5108
645186127,I2_2,20000,7788
897303736,I2_2,20000,4567
659383390,I2_1,10000,5112
941672327,I2_2,20000,6462
614777594,I2_1,10000,2644
375068716,I2_2,20000,6015
558675470,I2_2,20000,4597
206603701,I2_1,10000,2819
823921114,I2_2,20000,6028
29011180,I2_2,20000,7125
805535126,I2_2,20000,4626
469343753,I2_1,10000,3997
470367712,I2_2,20000,5563
968810110,I2_2,20000,5593
345469842,I2_2,20000,7802
646012130,I2_2,20000,6860
694932926,I2_2,20000,6648
266210791,I2_2,20000,6663
299085291,I2_1,10000,4987
767851098,I2_1,10000,4831
68284226,I2_1,10000,2481
686159011,I2_1,10000,2504
451180289,I2_1,10000,2733
988046869,I2_2,20000,4598
968450440,I2_2,20000,4659
838870677,I2_2,20000,4587
960815878,I2_1,10000,4367
594052863,I2_2,20000,5391
629227551,I2_2,20000,6988
430998554,I2_1,10000,5481
563643862,I2_2,20000,10851
725669263,I2_1,10000,4999
578005170,I2_1,10000,3773
668900621,I2_2,20000,7867
230225322,I2_1,10000,4683
297955711,I2_1,10000,2954
258521507,I2_1,10000,4199
839812033,I2_2,20000,7893
638354227,I2_1,10000,3408
854164876,I2_1,10000,2552
341648792,I2_2,20000,4874
546256983,I2_2,20000,6089
268812784,I2_1,10000,4515
511453901,I2_2,20000,6639
509303878,I2_1,10000,3912
348758608,I2_1,10000,4928
105454983,I2_2,20000,11977
660435334,I2_2,20000,11779
759195002,I2_2,20000,12769
805732590,I2_2,20000,10591
337989701,I2_2,20000,12730
205498363,I2_1,10000,3458
549722989,I2_2,20000,4513
926619181,I2_2,20000,6578
36176101,I2_2,20000,5843
313636950,I2_2,20000,6066
622394823,I2_2,20000,6035
189906098,I2_1,10000,4356
240568351,I2_2,20000,6494
133201693,I2_1,10000,3246
390822075,I2_1,10000,2611
605240706,I2_1,10000,3735
108275753,I2_2,20000,4575
399244223,I2_1,10000,3977
228196137,I2_1,10000,2591
405417557,I2_1,10000,2601
344942407,I2_1,10000,2620
768497895,I2_2,20000,13138
856006541,I2_1,10000,10086
463766024,I2_1,10000,5350
378362499,I2_1,10000,5921
783388443,I2_2,20000,15983
405529167,I2_2,20000,16976
299281937,I2_1,10000,6412
336654538,I2_2,20000,8602
380903769,I2_2,20000,10791
240175441,I2_2,20000,9746
332882813,I2_2,20000,5783
192131956,I2_2,20000,6710
506525309,I2_1,10000,2560
924325789,I2_1,10000,2810
723526744,I2_1,10000,2722
236182181,I2_2,20000,5001
861094302,I2_1,10000,4430
342067219,I2_1,10000,3939
627878878,I2_2,20000,5628
157477308,I2_2,20000,5417
275216189,I2_2,20000,4901
633804884,I2_1,10000,3474
624449173,I2_2,20000,6346
934075957,I2_2,20000,5670
76664721,I2_1,10000,5697
727388435,I2_2,20000,5192
563336139,I2_2,20000,4604
266997534,I2_1,10000,2562
563612361,I2_2,20000,4584
195020192,I2_2,20000,6761
432976565,I2_2,20000,5280
735996360,I2_2,20000,5916
586546952,I2_1,10000,5524
171101350,I2_2,20000,6000
90638116,I2_1,10000,4915
756357431,I2_1,10000,3960
17175921,I2_2,20000,10362
868469722,I2_2,20000,10780
684292885,I2_1,10000,5354
237411048,I2_2,20000,11824
626628931,I2_2,20000,9759
102286904,I2_1,10000,2937
333903054,I2_2,20000,5161
255212550,I2_1,10000,2837
19158108,I2_2,20000,5115
794160351,I2_1,10000,4497
468543971,I2_2,20000,6613
184248410,I2_2,20000,7509
795128149,I2_2,20000,9645
129482189,I2_1,10000,3789
80766384,I2_2,20000,6112
248426498,I2_1,10000,4539
813482634,I2_2,20000,8206
333740941,I2_1,10000,3916
175897750,I2_2,20000,5580
793158280,I2_1,10000,3003
821909605,I2_1,10000,4147
599809263,I2_1,10000,5132
503564536,I2_1,10000,4467
702347175,I2_2,20000,10557
542448621,I2_2,20000,11621
126425240,I2_1,10000,4292
200455365,I2_2,20000,13601
486777121,I2_2,20000,12856
807686191,I2_1,10000,5317
54384783,I2_2,20000,15609
842921857,I2_2,20000,15597
87147596,I2_1,10000,3836
162604556,I2_2,20000,4704
633982296,I2_2,20000,5619
477712521,I2_1,10000,2685
691102665,I2_1,10000,3104
9375841,I2_1,10000,3012
768130142,I2_2,20000,4830
603472654,I2_2,20000,5447
459685154,I2_1,10000,5311
46178757,I2_2,20000,6430
478919203,I2_1,10000,3405
212852682,I2_1,10000,4974
419685299,I2_2,20000,10684
629206277,I2_2,20000,7659
16699169,I2_2,20000,10199
221115013,I2_2,20000,7923
930418970,I2_1,10000,5307
627161497,I2_2,20000,10024
131233522,I2_1,10000,4698
121897011,I2_2,20000,11612
50416150,I2_1,10000,3596
997186729,I2_1,10000,3718
587673126,I2_2,20000,13298
37915152,I2_1,10000,4412
418952478,I2_2,20000,11920
201671489,I2_1,10000,4590
19874488,I2_2,20000,4559
513045814,I2_2,20000,4623
807559730,I2_2,20000,5469
968853855,I2_1,10000,2844
761516104,I2_1,10000,3211
908256810,I2_2,20000,5534
853664703,I2_1,10000,5022
41306897,I2_1,10000,2815
808605278,I2_2,20000,6970
190873695,I2_1,10000,3742
867676101,I2_2,20000,8423
176034267,I2_2,20000,5686
39557671,I2_2,20000,5058
862879833,I2_1,10000,4193
838275554,I2_2,20000,7830
915633772,I2_2,20000,5357
113940600,I2_1,10000,2737
395310690,I2_1,10000,2925
471290964,I2_1,10000,3959
76580177,I2_1,10000,2437
385708598,I2_2,20000,4585
835669225,I2_2,20000,5495
355293114,I2_1,10000,2908
525178324,I2_1,10000,2964
708715082,I2_1,10000,4092
245619194,I2_1,10000,4623
1230633,I2_1,10000,2815
178845444,I2_2,20000,5006
587015258,I2_1,10000,3409
744855903,I2_1,10000,3928
896271573,I2_2,20000,6607
121568760,I2_2,20000,4966
403152524,I2_2,20000,4549
735539860,I2_1,10000,2690
3564556,I2_2,20000,4547
733349917,I2_1,10000,2700
790237082,I2_2,20000,4690
629520634,I2_1,10000,3044
586936941,I2_2,20000,4654
398695811,I2_1,10000,3043
565603118,I2_2,20000,7731
339285700,I2_1,10000,3923
23710429,I2_1,10000,3371
412176045,I2_2,20000,4664
522218366,I2_1,10000,3027
726121547,I2_2,20000,5342
410395952,I2_1,10000,2846
955501089,I2_2,20000,5679
179119103,I2_1,10000,4022
797319736,I2_1,10000,4505
77847135,I2_2,20000,6701
830820205,I2_2,20000,5497
75254803,I2_1,10000,3489
853164446,I2_1,10000,2937
490416775,I2_2,20000,5225
525639288,I2_1,10000,3710
825277658,I2_1,10000,4875
344615054,I2_1,10000,2908
178564069,I2_2,20000,6253
379680468,I2_2,20000,4555
791890603,I2_2,20000,5617
293490299,I2_1,10000,3896
119752978,I2_1,10000,3193
737841235,I2_1,10000,2660
604154036,I2_1,10000,3730
960633254,I2_2,20000,5661
416544599,I2_1,10000,5064
675010807,I2_2,20000,4632
643928170,I2_1,10000,2988
96847377,I2_2,20000,5805
48823167,I2_2,20000,4980
313358346,I2_2,20000,5685
580667250,I2_1,10000,2850
630469914,I2_1,10000,4523
688744510,I2_2,20000,5194
344083786,I2_1,10000,5690
995425828,I2_1,10000,5614
110679697,I2_2,20000,8911
829310831,I2_1,10000,4519
250900592,I2_1,10000,6237
788827695,I2_2,20000,4749
6186522,I2_2,20000,5527
874022776,I2_1,10000,4304
610642054,I2_2,20000,5890
244116389,I2_1,10000,3991
531711405,I2_2,20000,6517
402372137,I2_1,10000,4918
920690822,I2_2,20000,5074
932949040,I2_1,10000,4452
63306897,I2_2,20000,8331
686978955,I2_1,10000,3771
875882098,I2_2,20000,11022
575381506,I2_1,10000,3370
64152110,I2_2,20000,13008
493386653,I2_2,20000,4704
368183299,I2_1,10000,3137
630058910,I2_1,10000,3620
932464496,I2_1,10000,3172
600075909,I2_1,10000,4332
186591106,I2_1,10000,4989
137288189,I2_1,10000,6186
288758261,I2_1,10000,3961
558988459,I2_2,20000,5322
279163181,I2_1,10000,5760
381698366,I2_1,10000,4415
229982914,I2_2,20000,9417
7707100,I2_2,20000,10443
6043171,I2_2,20000,9250
986317849,I2_2,20000,9907
37854769,I2_1,10000,4142
640364041,I2_1,10000,4598
686080252,I2_2,20000,5686
140936715,I2_1,10000,3945
268780565,I2_2,20000,5825
791121264,I2_2,20000,4546
747064286,I2_2,20000,5530
117611854,I2_1,10000,6082
565442942,I2_2,20000,5555
683959646,I2_2,20000,6573
816957693,I2_1,10000,4289
448333121,I2_1,10000,4847
115436539,I2_1,10000,4960
860356015,I2_2,20000,8265
400359863,I2_1,10000,4690
406448378,I2_2,20000,5321
924126276,I2_2,20000,7451
988073269,I2_1,10000,4035
187030783,I2_1,10000,5089
129724508,I2_2,20000,5616
360352893,I2_1,10000,5022
711330700,I2_1,10000,5530
9474972,I2_2,20000,8756
431576900,I2_2,20000,9730
454829600,I2_2,20000,9120
31973857,I2_1,10000,5794
535629479,I2_1,10000,4232
200976645,I2_2,20000,12918
712924358,I2_1,10000,4758
341292060,I2_2,20000,12806
125229948,I2_1,10000,4809
386393596,I2_1,10000,6348
554301621,I2_2,20000,16919
78470490,I2_2,20000,17037
571994046,I2_2,20000,19531
488228205,I2_2,20000,20016
484019236,I2_2,20000,20427
605638214,I2_1,10000,10971
744458040,I2_2,20000,21041
384096014,I2_1,10000,10962
835702586,I2_1,10000,7443
605870928,I2_2,20000,13178
260645757,I2_1,10000,5783
70191192,I2_2,20000,14026
564420622,I2_1,10000,5712
924476556,I2_2,20000,4557
327029778,I2_1,10000,5091
659636642,I2_2,20000,7541
449221231,I2_2,20000,4815
697461272,I2_2,20000,4660
339148836,I2_2,20000,4552
212019144,I2_2,20000,6625
107332235,I2_2,20000,5504
518642762,I2_1,10000,3465
298621528,I2_1,10000,2552
607658292,I2_2,20000,5487
9478814,I2_1,10000,4904
749501896,I2_2,20000,4495
205423656,I2_2,20000,5013
572052164,I2_2,20000,4516
956026503,I2_1,10000,2969
485354550,I2_2,20000,5422
722235780,I2_2,20000,4620
766679155,I2_1,10000,3573
144439038,I2_2,20000,4959
249208227,I2_1,10000,2577
380245536,I2_1,10000,2600
227329114,I2_1,10000,3724
235001193,I2_1,10000,4606
442500377,I2_1,10000,2997
357094826,I2_2,20000,11298
973869493,I2_2,20000,12727
479750841,I2_1,10000,11493
988645471,I2_2,20000,11950
890208323,I2_1,10000,5567
80059339,I2_1,10000,5922
408936289,I2_2,20000,10318
310587861,I2_1,10000,5419
90740992,I2_1,10000,5037
38891378,I2_2,20000,9926
9635266,I2_1,10000,3395
639551941,I2_2,20000,5690
344610308,I2_1,10000,4101
489528349,I2_1,10000,2602
634728375,I2_1,10000,3672
399868813,I2_1,10000,2639
832727704,I2_1,10000,2664
984463828,I2_1,10000,2611
565988509,I2_2,20000,4635
745664386,I2_1,10000,5257
73797199,I2_1,10000,2637
499594715,I2_2,20000,5150
825702936,I2_1,10000,5661
581586097,I2_1,10000,2962
882345051,I2_2,20000,7061
325351728,I2_2,20000,5708
374795456,I2_1,10000,6229
906519236,I2_1,10000,4344
693326721,I2_2,20000,8872
613653200,I2_2,20000,10396
681893943,I2_1,10000,4436
407146472,I2_2,20000,11290
468155307,I2_2,20000,6515
700239241,I2_2,20000,6420
125513,I2_2,20000,5112
406815341,I2_1,10000,5693
735411877,I2_1,10000,5078
208855005,I2_1,10000,6602
264072158,I2_2,20000,9916
380175710,I2_2,20000,9698
8259551,I2_2,20000,9757
270642723,I2_1,10000,3786
950562667,I2_1,10000,4716
649782559,I2_2,20000,13371
850792654,I2_1,10000,5908
958753653,I2_1,10000,7506
689790865,I2_2,20000,13676
828954478,I2_2,20000,13673
98067200,I2_2,20000,4501
948031352,I2_1,10000,3538
956622995,I2_2,20000,5494
148069829,I2_2,20000,4639
378817015,I2_2,20000,6704
518879286,I2_1,10000,2858
920182927,I2_1,10000,3855
834571787,I2_2,20000,4712
789351895,I2_2,20000,6991
635331774,I2_2,20000,5435
831025824,I2_2,20000,5455
18465116,I2_2,20000,6459
764311771,I2_2,20000,5381
63407424,I2_2,20000,4606
657864647,I2_2,20000,5639
125244365,I2_1,10000,5702
636784467,I2_1,10000,4088
677017144,I2_1,10000,5779
530201507,I2_1,10000,6359
629950195,I2_2,20000,9085
661964088,I2_1,10000,5483
446221400,I2_2,20000,7585
254116840,I2_1,10000,3340
812657949,I2_2,20000,4609
731760149,I2_1,10000,4044
413494010,I2_1,10000,2703
867500624,I2_2,20000,4959
425102042,I2_1,10000,5024
274022387,I2_1,10000,3990
103431769,I2_2,20000,9219
118897820,I2_1,10000,6342
2940643,I2_1,10000,3996
610872895,I2_2,20000,8449
236930314,I2_2,20000,6593
555730438,I2_1,10000,4841
34380319,I2_2,20000,9018
464936301,I2_2,20000,6236
924930430,I2_2,20000,4730
486253484,I2_1,10000,2597
74850365,I2_1,10000,2557
239674084,I2_1,10000,3078
825877390,I2_1,10000,4120
372208749,I2_2,20000,5087
581064880,I2_1,10000,4493
755565225,I2_2,20000,6396
806787220,I2_2,20000,4873
443272771,I2_1,10000,3923
962980957,I2_1,10000,2613
273750738,I2_2,20000,4662
200147220,I2_1,10000,3065
860025103,I2_2,20000,5079
726563969,I2_2,20000,7141
158792019,I2_1,10000,5502
183222241,I2_2,20000,7785
278627569,I2_2,20000,8637
471943539,I2_2,20000,5714
398762772,I2_2,20000,5109
281520795,I2_2,20000,5576
902864640,I2_1,10000,5038
923050534,I2_2,20000,4662
625561576,I2_2,20000,4685
632404350,I2_2,20000,6791
903566130,I2_2,20000,5076
239410253,I2_1,10000,3952
246892957,I2_1,10000,2985
569104650,I2_2,20000,4707
373895634,I2_1,10000,4049
587080229,I2_1,10000,5161
731049151,I2_2,20000,7500
424219451,I2_1,10000,5625
751175019,I2_1,10000,4492
2386335,I2_2,20000,10463
900450053,I2_2,20000,8706
818692759,I2_2,20000,10359
957045175,I2_2,20000,9776
166363615,I2_1,10000,4984
768101337,I2_1,10000,4386
444393895,I2_2,20000,14974
492529217,I2_2,20000,12248
845774109,I2_2,20000,13360
210559546,I2_1,10000,7356
875127229,I2_1,10000,6709
938809264,I2_2,20000,13238
398965773,I2_1,10000,3794
630898600,I2_2,20000,7403
129033870,I2_2,20000,5546
425444951,I2_1,10000,3193
352615273,I2_1,10000,3627
531145922,I2_2,20000,5187
186472467,I2_1,10000,3992
1600888,I2_1,10000,3925
113626504,I2_2,20000,6176
226353263,I2_2,20000,8340
303946023,I2_2,20000,6074
417430231,I2_1,10000,5475
491972882,I2_1,10000,5252
883818118,I2_1,10000,5130
246124550,I2_1,10000,2522
964369962,I2_1,10000,2581
727865942,I2_1,10000,2498
259512258,I2_1,10000,3591
986755833,I2_2,20000,4564
346162872,I2_1,10000,5111
51990622,I2_1,10000,4611
985309116,I2_2,20000,4989
843587145,I2_2,20000,5337
470135906,I2_2,20000,5004
525904942,I2_1,10000,3420
207349442,I2_2,20000,6183
418408967,I2_1,10000,3669
450736318,I2_2,20000,4642
694329011,I2_1,10000,5162
984098782,I2_1,10000,5626
179652604,I2_1,10000,5435
303212845,I2_2,20000,8707
777356629,I2_2,20000,5180
538380831,I2_1,10000,3120
617422935,I2_2,20000,5086
335966451,I2_2,20000,4594
784893983,I2_1,10000,5121
749571969,I2_1,10000,4007
867072400,I2_2,20000,4971
75768520,I2_1,10000,4014
357112220,I2_2,20000,6645
292473387,I2_1,10000,5193
630270926,I2_1,10000,3240
755352459,I2_2,20000,7128
571376085,I2_1,10000,3800
903048830,I2_2,20000,6707
687778040,I2_1,10000,3498
563766974,I2_1,10000,3519
930559796,I2_1,10000,4230
428823180,I2_2,20000,6388
814865816,I2_2,20000,6894
353454561,I2_2,20000,6227
510459827,I2_1,10000,4208
553607779,I2_1,10000,2495
269663747,I2_1,10000,3541
900326014,I2_2,20000,6712
73395763,I2_2,20000,7495
721018608,I2_1,10000,5837
629876553,I2_1,10000,5241
736265355,I2_2,20000,7888
375248966,I2_2,20000,5811
55074643,I2_1,10000,3693
869832627,I2_2,20000,4962
615269591,I2_1,10000,4379
10433495,I2_1,10000,2564
414777148,I2_1,10000,2772
48165497,I2_1,10000,3864
365485942,I2_1,10000,2973
804876843,I2_2,20000,5735
560135811,I2_1,10000,4443
667194369,I2_2,20000,5128
540612877,I2_1,10000,4990
601521110,I2_1,10000,3258
801865518,I2_2,20000,4569
392555122,I2_2,20000,4849
364787143,I2_2,20000,6979
433145942,I2_1,10000,2957
749763731,I2_1,10000,3937
741754377,I2_1,10000,2855
866906343,I2_2,20000,4560
637577157,I2_2,20000,5206
174865282,I2_1,10000,3508
216567453,I2_1,10000,3466
395873183,I2_2,20000,7894
890219013,I2_1,10000,4986
743065120,I2_1,10000,3911
428727201,I2_2,20000,7059
144723962,I2_2,20000,6005
188105027,I2_1,10000,5457
479396216,I2_1,10000,5946
814025288,I2_2,20000,5403
759611943,I2_2,20000,5680
476497561,I2_2,20000,5726
59440037,I2_1,10000,6240
848425652,I2_1,10000,5527
305096402,I2_1,10000,3314
562525411,I2_2,20000,10601
529883700,I2_2,20000,9282
339569618,I2_1,10000,5335
405606154,I2_2,20000,9690
547183409,I2_2,20000,7556
27746779,I2_1,10000,3359
740164997,I2_2,20000,5446
380155146,I2_2,20000,5053
43608005,I2_2,20000,5490
867535061,I2_1,10000,3847
253993864,I2_1,10000,3776
5851554,I2_2,20000,4579
89698207,I2_2,20000,4539
784611664,I2_1,10000,2617
139830679,I2_1,10000,3550
876042041,I2_2,20000,6367
608667714,I2_1,10000,4837
876751426,I2_2,20000,7963
688678193,I2_2,20000,8927
258734977,I2_1,10000,5932
237846122,I2_2,20000,10641
598605884,I2_2,20000,10123
400189957,I2_2,20000,10583
712498740,I2_2,20000,9558
112810822,I2_1,10000,5344
243518433,I2_2,20000,6911
708796086,I2_1,10000,4717
643902826,I2_2,20000,8736
352835948,I2_1,10000,2585
916391867,I2_1,10000,2505
909806823,I2_1,10000,2585
623162615,I2_1,10000,3107
231817111,I2_2,20000,4739
4340009,I2_1,10000,2640
447219612,I2_2,20000,5004
81487533,I2_1,10000,3986
955617712,I2_1,10000,5150
299691557,I2_2,20000,7771
902993709,I2_1,10000,5131
205664844,I2_1,10000,4182
251505892,I2_2,20000,8559
619122765,I2_1,10000,2865
942662293,I2_1,10000,2791
416444415,I2_1,10000,2593
619403025,I2_1,10000,2581
168238696,I2_2,20000,4885
904442259,I2_2,20000,4693
842567271,I2_2,20000,6736
517279577,I2_1,10000,6112
832633139,I2_2,20000,5626
58966555,I2_1,10000,5054
39866686,I2_2,20000,7180
550200554,I2_2,20000,6580
909771280,I2_1,10000,3802
185348611,I2_1,10000,3913
646085216,I2_2,20000,4691
305380707,I2_2,20000,5588
806674478,I2_1,10000,3837
901209231,I2_2,20000,4637
632412427,I2_1,10000,3558
1680432,I2_2,20000,4655
3122958,I2_1,10000,2626
695309047,I2_1,10000,2635
179886903,I2_1,10000,2722
895170389,I2_1,10000,2591
10057875,I2_2,20000,4685
821101425,I2_2,20000,5947
990747122,I2_2,20000,4623
829285556,I2_2,20000,5641
644900293,I2_2,20000,5499
366141916,I2_2,20000,5687
76776963,I2_2,20000,5147
497785262,I2_2,20000,5580
226189778,I2_1,10000,3976
847124100,I2_1,10000,3041
665279368,I2_2,20000,4748
548814462,I2_1,10000,4094
294430256,I2_2,20000,6681
368363502,I2_1,10000,2665
127058929,I2_1,10000,2639
872319506,I2_1,10000,2690
690636410,I2_1,10000,2722
338363897,I2_2,20000,5742
183353217,I2_1,10000,3133
27159954,I2_1,10000,4834
659810700,I2_2,20000,7683
351523970,I2_1,10000,4094
323896041,I2_2,20000,8376
66130878,I2_2,20000,10542
282336166,I2_2,20000,9809
678580413,I2_2,20000,11931
117352183,I2_2,20000,14190
344828824,I2_2,20000,12957
95207150,I2_2,20000,5595
926612530,I2_1,10000,3768
662820838,I2_2,20000,5081
469220818,I2_1,10000,3916
470363822,I2_1,10000,3791
701723406,I2_2,20000,7592
624832470,I2_1,10000,2967
764334778,I2_2,20000,4750
186609536,I2_1,10000,3508
335889720,I2_2,20000,6649
32192561,I2_2,20000,7714
539368504,I2_2,20000,8170
648199457,I2_2,20000,7584
20451441,I2_1,10000,6073
792418234,I2_1,10000,6520
375626737,I2_1,10000,5466
79032942,I2_1,10000,6018
129353381,I2_1,10000,3846
305028761,I2_2,20000,13285
893458479,I2_1,10000,4051
632458419,I2_2,20000,4995
955780163,I2_1,10000,2674
781851573,I2_1,10000,3508
850593887,I2_2,20000,5263
533330173,I2_2,20000,7256
429058437,I2_1,10000,4727
223858208,I2_1,10000,4443
775175519,I2_2,20000,4671
274057705,I2_1,10000,2643
491900170,I2_2,20000,5561
285980718,I2_1,10000,4534
355492774,I2_1,10000,5158
311946923,I2_1,10000,5581
771315635,I2_2,20000,7770
419281495,I2_2,20000,9364
772978118,I2_2,20000,8634
600332215,I2_1,10000,5379
818211026,I2_1,10000,4753
126403472,I2_1,10000,5338
410546592,I2_2,20000,11748
926736373,I2_1,10000,2634
227791479,I2_1,10000,3696
671291076,I2_1,10000,3563
822782374,I2_1,10000,2638
56992050,I2_1,10000,3785
35649220,I2_2,20000,5160
173246624,I2_1,10000,4456
804610969,I2_2,20000,6607
135984666,I2_2,20000,8638
719978867,I2_1,10000,3653
874436781,I2_2,20000,11715
579719671,I2_2,20000,6125
190039842,I2_2,20000,4757
972779533,I2_1,10000,2949
747384333,I2_2,20000,4728
710620393,I2_1,10000,3422
813897946,I2_2,20000,6386
871093255,I2_2,20000,6184
166476114,I2_1,10000,4155
437240180,I2_1,10000,3843
675457793,I2_1,10000,5495
391302713,I2_2,20000,7189
684238400,I2_1,10000,3944
531490675,I2_1,10000,2715
603935288,I2_1,10000,3766
416358904,I2_1,10000,2658
552917240,I2_1,10000,2673
983949340,I2_1,10000,3392
723402388,I2_2,20000,4828
553750863,I2_1,10000,3122
732654349,I2_1,10000,2719
763024468,I2_1,10000,2787
938610616,I2_1,10000,4159
768246300,I2_1,10000,4655
223208437,I2_2,20000,5851
691399446,I2_1,10000,4468
192911177,I2_2,20000,4570
832809568,I2_2,20000,4713
260749301,I2_2,20000,4614
120822824,I2_2,20000,5474
86000479,I2_1,10000,5660
995824055,I2_1,10000,3066
693602489,I2_1,10000,4269
269516030,I2_1,10000,5265
89249811,I2_2,20000,9546
285722802,I2_1,10000,5713
374023436,I2_1,10000,5230
578050381,I2_2,20000,7652
196577188,I2_1,10000,2733
928924978,I2_2,20000,8567
822979853,I2_1,10000,3555
841318997,I2_1,10000,2928
524849365,I2_2,20000,5343
108857025,I2_2,20000,4570
775431580,I2_1,10000,4004
204077513,I2_1,10000,4046
19574703,I2_2,20000,4540
281593586,I2_1,10000,2874
695982896,I2_1,10000,3158
806886272,I2_1,10000,2630
326769779,I2_1,10000,2958
637036886,I2_1,10000,3671
896050001,I2_2,20000,6636
461974414,I2_1,10000,4239
128175365,I2_1,10000,3505
407924898,I2_1,10000,3958
568270925,I2_2,20000,7828
524229881,I2_1,10000,3455
511806870,I2_1,10000,4545
509289581,I2_2,20000,6754
730448184,I2_1,10000,4013
799435940,I2_1,10000,3409
825509017,I2_1,10000,3517
396792692,I2_2,20000,6950
675865501,I2_2,20000,6357
701210797,I2_2,20000,6058
284162933,I2_2,20000,7739
164748052,I2_1,10000,4860
8395047,I2_1,10000,3911
963035618,I2_1,10000,3899
443435597,I2_1,10000,5533
921713605,I2_1,10000,3975
753630744,I2_2,20000,6558
796815085,I2_1,10000,4323
214842386,I2_2,20000,7487
493725789,I2_2,20000,9720
331303520,I2_2,20000,9807
838024003,I2_2,20000,6074
831443181,I2_2,20000,5660
26750635,I2_1,10000,5580
119937925,I2_1,10000,3843
773521523,I2_1,10000,3297
373502801,I2_2,20000,5546
284463067,I2_2,20000,6529
179680781,I2_2,20000,6498
705844441,I2_2,20000,7474
672711517,I2_2,20000,8444
906895848,I2_2,20000,5280
798745597,I2_1,10000,3479
597575915,I2_1,10000,2545
542061789,I2_1,10000,2468
371522191,I2_1,10000,2543
880538189,I2_1,10000,2466
835608355,I2_2,20000,4528
897430833,I2_1,10000,5093
185457581,I2_1,10000,3972
557465303,I2_1,10000,2595
987921438,I2_2,20000,5259
666037377,I2_1,10000,2597
23144314,I2_1,10000,3669
497043642,I2_2,20000,5535
86356138,I2_2,20000,7710
471812125,I2_2,20000,8659
992511249,I2_2,20000,8564
799809710,I2_2,20000,8491
535167504,I2_2,20000,10587
939795357,I2_2,20000,10125
266479817,I2_2,20000,5520
341306287,I2_1,10000,5028
24405398,I2_1,10000,3889
577203003,I2_2,20000,5682
361324893,I2_2,20000,4574
344025918,I2_2,20000,5496
637445221,I2_2,20000,8695
637376928,I2_2,20000,9690
738970630,I2_2,20000,10805
317914927,I2_2,20000,5381
786872387,I2_1,10000,2662
196569196,I2_2,20000,5818
14474060,I2_2,20000,4851
380412369,I2_1,10000,4335
238616590,I2_2,20000,7399
349369426,I2_2,20000,7566
844113594,I2_2,20000,6426
220801476,I2_2,20000,4611
45269707,I2_1,10000,2550
388924206,I2_1,10000,3586
878627050,I2_1,10000,2499
142679809,I2_1,10000,2687
133961627,I2_2,20000,4898
292442624,I2_1,10000,2596
10190173,I2_1,10000,2557
348567959,I2_1,10000,2656
568434105,I2_1,10000,4040
284740468,I2_2,20000,6288
718453615,I2_1,10000,5678
438046682,I2_1,10000,5023
497013614,I2_1,10000,6149
313408770,I2_2,20000,10048
630391365,I2_1,10000,6570
236490247,I2_1,10000,7143
224318033,I2_2,20000,7529
547453247,I2_1,10000,3850
630382389,I2_2,20000,10289
317565404,I2_2,20000,12425
335094994,I2_1,10000,5952
198958326,I2_1,10000,6008
765009879,I2_2,20000,9208
189071253,I2_1,10000,5415
198138598,I2_1,10000,6023
963054320,I2_1,10000,6546
383015130,I2_2,20000,6238
469076791,I2_2,20000,7327
719317584,I2_1,10000,3414
847707969,I2_2,20000,5920
667409609,I2_2,20000,4609
697848566,I2_1,10000,2977
301646930,I2_1,10000,2614
384023191,I2_2,20000,5778
155750010,I2_2,20000,5651
484650656,I2_2,20000,7715
648046367,I2_2,20000,7786
710979935,I2_2,20000,9585
105105374,I2_1,10000,4922
859377681,I2_1,10000,4112
294014222,I2_2,20000,4520
250317982,I2_2,20000,5481
306251461,I2_2,20000,5021
46034056,I2_1,10000,2956
835816109,I2_2,20000,4560
580105410,I2_2,20000,5601
489436990,I2_1,10000,4315
569207574,I2_1,10000,2929
375829270,I2_2,20000,4542
480032439,I2_1,10000,3932
362149012,I2_2,20000,7586
847045997,I2_2,20000,6344
347138536,I2_1,10000,2793
517392588,I2_2,20000,6962
781170330,I2_1,10000,5884
94537966,I2_1,10000,6442
762289752,I2_1,10000,5158
634759342,I2_1,10000,4586
205694586,I2_1,10000,4564
980902146,I2_2,20000,11118
459469397,I2_1,10000,8190
363087186,I2_2,20000,10183
859055085,I2_1,10000,4711
68479359,I2_2,20000,12241
501127934,I2_1,10000,4313
672995009,I2_2,20000,13727
813977741,I2_2,20000,14185
448831694,I2_2,20000,15963
61720432,I2_2,20000,12239
400480564,I2_1,10000,6502
939552425,I2_2,20000,6447
482863905,I2_1,10000,6400
874684634,I2_1,10000,3126
534878523,I2_1,10000,5277
299667542,I2_2,20000,10083
705335335,I2_1,10000,6757
278318105,I2_1,10000,4202
170025004,I2_2,20000,10772
830745520,I2_1,10000,3913
606812860,I2_1,10000,4441
719638308,I2_2,20000,7097
190650441,I2_1,10000,4771
895763221,I2_1,10000,5247
637699011,I2_1,10000,5795
858088961,I2_1,10000,7389
164210368,I2_2,20000,12284
642291592,I2_2,20000,13912
541813944,I2_2,20000,8659
781029720,I2_1,10000,4406
163417873,I2_2,20000,7061
459507813,I2_1,10000,4753
649760767,I2_2,20000,8706
192867383,I2_2,20000,8126
583310896,I2_2,20000,4524
225322515,I2_1,10000,2910
42212895,I2_1,10000,4049
545886540,I2_2,20000,5466
16038057,I2_1,10000,4864
153033567,I2_1,10000,3742
546365693,I2_2,20000,9847
324299279,I2_1,10000,4331
448258910,I2_1,10000,4916
81245225,I2_2,20000,5634
616167788,I2_2,20000,5633
929923646,I2_2,20000,5327
566112070,I2_1,10000,2452
439979654,I2_2,20000,5095
56904803,I2_1,10000,2491
731938845,I2_1,10000,2601
301723073,I2_2,20000,4448
466952620,I2_1,10000,3869
286402632,I2_1,10000,3044
401229046,I2_1,10000,3482
592356624,I2_2,20000,5675
914960226,I2_2,20000,7160
814422524,I2_2,20000,6126
650481024,I2_1,10000,5394
171094410,I2_2,20000,7167
907645575,I2_2,20000,8774
215589665,I2_1,10000,4980
368531979,I2_1,10000,4431
468854204,I2_2,20000,7767
41310417,I2_1,10000,2502
157659789,I2_2,20000,4731
441350359,I2_2,20000,4584
316321798,I2_1,10000,3977
957370446,I2_2,20000,7091
265526272,I2_2,20000,7629
918447066,I2_2,20000,7551
478274127,I2_1,10000,5236
348555688,I2_1,10000,6350
975428362,I2_1,10000,6967
310403338,I2_1,10000,4836
32053729,I2_2,20000,12081
383198159,I2_2,20000,12163
761739653,I2_1,10000,4208
581064906,I2_2,20000,11668
436048218,I2_1,10000,5219
158854251,I2_1,10000,4340
577700816,I2_1,10000,4883
974703344,I2_1,10000,3793
539875687,I2_2,20000,16365
839691374,I2_2,20000,18472
989070454,I2_1,10000,6718
840442287,I2_2,20000,12716
431967550,I2_2,20000,11599
513580647,I2_2,20000,9018
275568842,I2_1,10000,3737
600981197,I2_1,10000,4400
843090520,I2_1,10000,4541
228607633,I2_1,10000,4617
553976803,I2_1,10000,2475
886543753,I2_2,20000,4922
601825879,I2_1,10000,2508
474491,I2_2,20000,4461
780014283,I2_2,20000,4522
95432763,I2_1,10000,2983
509790262,I2_2,20000,6191
16694675,I2_1,10000,2858
882045659,I2_2,20000,4502
194653565,I2_1,10000,2434
790289758,I2_2,20000,4689
47831481,I2_2,20000,5067
223366400,I2_2,20000,5045
995443695,I2_1,10000,5564
547904668,I2_2,20000,7722
780815671,I2_2,20000,8218
793452453,I2_1,10000,5475
220640569,I2_1,10000,5977
97440732,I2_1,10000,5478
438322983,I2_2,20000,13649
900154295,I2_2,20000,13081
221854331,I2_1,10000,6027
156546945,I2_1,10000,5412
612778027,I2_2,20000,15040
272045984,I2_1,10000,5483
738629182,I2_1,10000,5407
340241548,I2_2,20000,15074
675322601,I2_1,10000,4260
457177422,I2_1,10000,4845
524970192,I2_2,20000,15288
496134290,I2_1,10000,4290
289873122,I2_2,20000,15587
615430993,I2_2,20000,13775
254932194,I2_1,10000,3332
950262218,I2_2,20000,5934
430302806,I2_2,20000,4820
181122521,I2_2,20000,5381
571613394,I2_1,10000,2539
940423114,I2_2,20000,4644
797580111,I2_1,10000,4008
466544412,I2_2,20000,6319
668810592,I2_2,20000,4764
361448701,I2_1,10000,3033
86279912,I2_1,10000,4182
943398818,I2_1,10000,3368
860957561,I2_2,20000,7703
282031538,I2_2,20000,8723
328196809,I2_1,10000,3855
840837994,I2_1,10000,4374
426656262,I2_2,20000,11611
559652839,I2_2,20000,12056
434185629,I2_2,20000,6184
387032714,I2_1,10000,5617
639741312,I2_2,20000,7901
602607674,I2_2,20000,4675
590849266,I2_1,10000,3060
658237470,I2_2,20000,6245
60396920,I2_2,20000,8368
614635790,I2_2,20000,5524
480390908,I2_1,10000,3062
654947044,I2_1,10000,3558
311028312,I2_2,20000,6746
453615060,I2_1,10000,5347
149816653,I2_2,20000,8329
302742564,I2_2,20000,8093
295093782,I2_1,10000,5198
948838837,I2_1,10000,3018
361158062,I2_1,10000,4172
725578660,I2_1,10000,3513
713724116,I2_2,20000,5257
872645262,I2_1,10000,4112
352877708,I2_1,10000,3717
230630207,I2_1,10000,3021
261276059,I2_2,20000,6865
930423031,I2_2,20000,6819
75235704,I2_1,10000,6535
975965024,I2_1,10000,7125
736183337,I2_1,10000,8799
310219461,I2_2,20000,10875
742921720,I2_2,20000,10213
804683526,I2_1,10000,6000
866461291,I2_1,10000,4326
488530761,I2_1,10000,2950
273653960,I2_1,10000,2424
992016791,I2_1,10000,3516
196725398,I2_1,10000,2925
991274151,I2_1,10000,4011
157809688,I2_1,10000,2683
771994004,I2_2,20000,5208
204297760,I2_2,20000,4548
902701920,I2_2,20000,6039
842471035,I2_1,10000,3423
512149402,I2_2,20000,5327
61233997,I2_2,20000,7934
127447151,I2_1,10000,4248
649883759,I2_2,20000,10528
833216772,I2_2,20000,12667
499469836,I2_1,10000,5880
26711029,I2_1,10000,5253
598955476,I2_1,10000,5670
371357470,I2_1,10000,6180
59425072,I2_2,20000,17829
821417710,I2_2,20000,16935
395026211,I2_2,20000,16917
850563851,I2_2,20000,11622
43417948,I2_2,20000,9911
393655542,I2_1,10000,5220
947931453,I2_2,20000,12611
279465309,I2_2,20000,5013
279818687,I2_1,10000,5503
500976268,I2_2,20000,7118
473317817,I2_2,20000,8689
402213428,I2_1,10000,5416
642006643,I2_1,10000,3180
863369667,I2_2,20000,12361
568483886,I2_1,10000,3739
309350534,I2_2,20000,13636
952848330,I2_2,20000,14213
356180513,I2_2,20000,15109
83699930,I2_2,20000,16702
330075563,I2_2,20000,17411
778089069,I2_1,10000,7848
213418862,I2_1,10000,5321
483857083,I2_2,20000,17782
815056285,I2_1,10000,7839
42166114,I2_1,10000,5379
872546334,I2_2,20000,12711
391015394,I2_2,20000,5558
622922983,I2_2,20000,4506
265533943,I2_2,20000,5433
154325466,I2_1,10000,3408
584935798,I2_1,10000,2553
403625296,I2_1,10000,2545
806876403,I2_2,20000,4925
383615626,I2_1,10000,3917
498039875,I2_1,10000,4378
90293564,I2_1,10000,4802
506965272,I2_2,20000,6917
14325942,I2_1,10000,3128
688753161,I2_1,10000,3847
997384244,I2_2,20000,9006
346602029,I2_2,20000,4582
708276716,I2_1,10000,2943
642122528,I2_1,10000,3365
286019364,I2_2,20000,5696
82368152,I2_1,10000,4516
967881203,I2_1,10000,4405
121899780,I2_1,10000,3236
999116876,I2_1,10000,3472
795911504,I2_2,20000,5500
981596212,I2_2,20000,4532
395677973,I2_2,20000,5586
299087640,I2_2,20000,4564
734203371,I2_1,10000,2939
21174703,I2_2,20000,4588
111799686,I2_2,20000,5092
150364299,I2_1,10000,3849
957749230,I2_1,10000,3945
457632972,I2_1,10000,2943
312087427,I2_2,20000,5712
372885368,I2_2,20000,6668
652094805,I2_1,10000,3503
484339099,I2_1,10000,2931
785265925,I2_2,20000,5167
711556365,I2_1,10000,2675
674192629,I2_2,20000,4689
468742727,I2_1,10000,6206
249778363,I2_1,10000,5555
902608961,I2_1,10000,6647
194784199,I2_2,20000,6550
724211029,I2_1,10000,4824
232355058,I2_1,10000,3822
440754526,I2_1,10000,3300
487513900,I2_2,20000,6296
454137722,I2_1,10000,2674
809198574,I2_2,20000,5491
337382867,I2_1,10000,2563
144458259,I2_2,20000,5566
276679112,I2_2,20000,6112
466704824,I2_2,20000,6050
183518302,I2_1,10000,4319
155598727,I2_1,10000,2943
641338584,I2_2,20000,9468
389621049,I2_1,10000,5025
862276755,I2_2,20000,7936
244392032,I2_2,20000,6709
31504969,I2_1,10000,5543
672171970,I2_1,10000,5500
204912678,I2_1,10000,3952
832027289,I2_1,10000,4395
771142858,I2_2,20000,10413
860121977,I2_2,20000,8114
767943028,I2_2,20000,7992
616854559,I2_2,20000,8455
771110340,I2_2,20000,9953
618121852,I2_2,20000,11548
395470537,I2_1,10000,4702
737908879,I2_2,20000,14202
529833379,I2_1,10000,5127
689448179,I2_2,20000,11629
122001141,I2_2,20000,12063
580677766,I2_1,10000,4188
659277357,I2_2,20000,10692
637254135,I2_2,20000,12766
797838488,I2_2,20000,4548
540122488,I2_2,20000,5467
639476448,I2_1,10000,3445
783511057,I2_2,20000,5532
824534623,I2_2,20000,6357
691915323,I2_2,20000,7277
169771896,I2_2,20000,7769
63415476,I2_2,20000,6739
52054528,I2_1,10000,5292
592258689,I2_2,20000,8412
346128956,I2_1,10000,4273
597825303,I2_1,10000,3109
810136524,I2_2,20000,8203
356630974,I2_1,10000,5837
651351069,I2_1,10000,3338
395215811,I2_1,10000,4870
869880807,I2_2,20000,5520
732548312,I2_1,10000,3810
279513080,I2_1,10000,3895
826601728,I2_1,10000,4328
969951783,I2_2,20000,7683
304556371,I2_2,20000,7327
929090871,I2_2,20000,9410
458155166,I2_2,20000,10336
899726124,I2_2,20000,8865
293911850,I2_2,20000,10005
374763860,I2_1,10000,3747
592885072,I2_2,20000,4453
984340353,I2_1,10000,2420
715467300,I2_2,20000,4831
857298307,I2_1,10000,3605
802756019,I2_2,20000,4867
166017444,I2_2,20000,6539
295593427,I2_2,20000,6875
460872545,I2_2,20000,5449
529297090,I2_2,20000,6395
972278238,I2_1,10000,3761
715958934,I2_2,20000,5464
250266902,I2_1,10000,3902
164124307,I2_2,20000,5418
179128019,I2_1,10000,4863
530400278,I2_2,20000,6097
338103955,I2_1,10000,5561
68393731,I2_1,10000,3902
568458385,I2_2,20000,6504
588738629,I2_1,10000,4222
987474377,I2_2,20000,7297
145227914,I2_1,10000,2864
174359736,I2_1,10000,4346
422425248,I2_2,20000,6287
174039904,I2_2,20000,8343
711408764,I2_1,10000,3317
44963739,I2_1,10000,3081
174578255,I2_1,10000,4799
808605763,I2_2,20000,5259
250792977,I2_2,20000,4468
430638784,I2_2,20000,4479
272614640,I2_2,20000,5788
709664121,I2_1,10000,4182
373051363,I2_2,20000,8576
865494238,I2_2,20000,7413
541480917,I2_2,20000,6995
139054656,I2_2,20000,7521
366797148,I2_2,20000,8602
142212580,I2_2,20000,4585
578508367,I2_2,20000,5609
90902150,I2_1,10000,3836
708922150,I2_1,10000,3742
233209139,I2_1,10000,3378
808592565,I2_2,20000,6075
612992462,I2_1,10000,3388
740994708,I2_2,20000,6691
555409951,I2_2,20000,5528
805038727,I2_1,10000,3812
933601016,I2_2,20000,5877
298676673,I2_1,10000,5316
258302598,I2_2,20000,6359
375843849,I2_2,20000,4414
212278068,I2_1,10000,2443
979499967,I2_1,10000,2384
83996591,I2_1,10000,2387
305302671,I2_1,10000,2414
751539693,I2_2,20000,5406
140159626,I2_2,20000,7503
323370690,I2_2,20000,8309
172979615,I2_2,20000,10404
886495258,I2_2,20000,9367
589013393,I2_2,20000,10421
85801823,I2_2,20000,9456
136045261,I2_2,20000,11435
181307265,I2_2,20000,10448
494922623,I2_2,20000,12076
457016738,I2_1,10000,4231
268340876,I2_2,20000,13495
29912732,I2_2,20000,12481
303492390,I2_1,10000,3662
681642741,I2_1,10000,4317
619594492,I2_2,20000,5374
259326612,I2_2,20000,6928
825005193,I2_1,10000,5814
679313215,I2_1,10000,6377
218041181,I2_2,20000,7424
271686524,I2_1,10000,5845
735577959,I2_1,10000,3196
869265585,I2_2,20000,8494
778229886,I2_1,10000,4761
289318669,I2_1,10000,5322
187668839,I2_2,20000,10007
298701767,I2_1,10000,3702
938750923,I2_2,20000,10640
220411760,I2_1,10000,3262
422942405,I2_2,20000,5679
76326100,I2_2,20000,4437
92184490,I2_2,20000,4406
336405183,I2_1,10000,2499
746400437,I2_1,10000,3578
459376300,I2_1,10000,4548
943832261,I2_1,10000,2531
729822402,I2_1,10000,2534
566811890,I2_1,10000,2542
293573504,I2_2,20000,5105
327246400,I2_1,10000,3518
611201715,I2_1,10000,3935
165579923,I2_1,10000,4135
531408300,I2_1,10000,4423
190530077,I2_2,20000,7799
251519022,I2_1,10000,4399
651972323,I2_1,10000,4985
303938797,I2_2,20000,10974
103299305,I2_1,10000,4901
625970126,I2_1,10000,3235
496329119,I2_2,20000,11904
490122591,I2_1,10000,3746
32545670,I2_2,20000,13565
294496896,I2_2,20000,14517
551272117,I2_2,20000,16620
237714095,I2_1,10000,6407
890138297,I2_2,20000,19327
502776365,I2_2,20000,4440
254009422,I2_1,10000,2530
287849100,I2_1,10000,3604
952919830,I2_2,20000,4481
772621794,I2_2,20000,5532
484546625,I2_1,10000,2528
512646353,I2_2,20000,5810
807488413,I2_2,20000,5798
26182689,I2_2,20000,5738
687241745,I2_2,20000,7903
449882777,I2_1,10000,3083
631060830,I2_1,10000,4172
265104825,I2_1,10000,2995
910098875,I2_2,20000,4499
106260687,I2_2,20000,6614
472161613,I2_1,10000,2554
957050877,I2_1,10000,2807
973215284,I2_1,10000,2699
877632145,I2_2,20000,4575
705955363,I2_1,10000,2518
806048541,I2_1,10000,2603
659603928,I2_1,10000,3095
754761175,I2_2,20000,4748
398951371,I2_1,10000,4920
793099185,I2_1,10000,3835
207732539,I2_2,20000,6079
211435927,I2_1,10000,3066
332963436,I2_2,20000,5708
991899761,I2_1,10000,5139
233983914,I2_1,10000,5682
822437086,I2_2,20000,10015
190894696,I2_1,10000,4442
881381718,I2_2,20000,12214
501250621,I2_1,10000,6043
714992797,I2_1,10000,4400
572995560,I2_2,20000,15365
80619290,I2_1,10000,7079
941375867,I2_2,20000,18035
390986218,I2_1,10000,8664
543698731,I2_2,20000,18442
613233616,I2_1,10000,7599
876624516,I2_2,20000,18332
423396042,I2_2,20000,18815
274642558,I2_2,20000,20917
725237848,I2_1,10000,8611
758436465,I2_2,20000,20863
67223329,I2_1,10000,7502
171766008,I2_1,10000,8599
941392881,I2_1,10000,9039
919548028,I2_1,10000,9603
7526171,I2_2,20000,20312
287591794,I2_1,10000,9665
498218956,I2_1,10000,9637
250003583,I2_1,10000,9176
100925253,I2_1,10000,7041
191249216,I2_1,10000,4770
224586859,I2_1,10000,4271
901225450,I2_2,20000,15458
445539737,I2_2,20000,15979
189209859,I2_2,20000,14925
770936605,I2_2,20000,15752
306243875,I2_2,20000,11033
351551225,I2_2,20000,11068
17416013,I2_1,10000,6309
672114090,I2_2,20000,12019
11692031,I2_2,20000,14106
129740129,I2_1,10000,5197
695004310,I2_2,20000,10931
983340540,I2_1,10000,4747
125523788,I2_2,20000,12121
756737295,I2_2,20000,4425
579196692,I2_1,10000,2876
92100785,I2_2,20000,6080
260878652,I2_2,20000,5477
524560134,I2_1,10000,4941
410335951,I2_2,20000,4903
685477889,I2_2,20000,5293
81274918,I2_1,10000,2526
322511107,I2_1,10000,3183
835059688,I2_2,20000,4596
292601175,I2_1,10000,4008
718134307,I2_1,10000,3411
943988839,I2_1,10000,3823
757773492,I2_1,10000,3789
321783790,I2_2,20000,6700
514557157,I2_2,20000,4615
251228183,I2_1,10000,4073
412995325,I2_1,10000,3934
119826378,I2_1,10000,3070
480764731,I2_1,10000,3532
805296823,I2_1,10000,2590
449018683,I2_1,10000,2587
650608580,I2_2,20000,4904
498615147,I2_2,20000,5471
584171031,I2_1,10000,4886
213349766,I2_1,10000,5408
191051074,I2_2,20000,6565
90568689,I2_2,20000,5730
562576322,I2_2,20000,5658
440603017,I2_1,10000,4968
334432488,I2_1,10000,5489
896520599,I2_1,10000,4761
494255400,I2_2,20000,7141
892840349,I2_1,10000,5091
597082733,I2_2,20000,9271
191800886,I2_2,20000,4613
289273261,I2_1,10000,5159
640244677,I2_1,10000,2543
434979187,I2_1,10000,2955
354251813,I2_1,10000,4547
847294639,I2_2,20000,6036
918528719,I2_2,20000,6968
270224587,I2_1,10000,5220
879524897,I2_2,20000,9237
255714679,I2_2,20000,9518
118078306,I2_1,10000,2686
538530190,I2_1,10000,4019
174907084,I2_1,10000,2925
330345539,I2_2,20000,5687
435259484,I2_2,20000,7769
67302659,I2_1,10000,4462
993750822,I2_2,20000,7697
920662949,I2_1,10000,5449
50357454,I2_1,10000,4417
888666418,I2_2,20000,5463
773394108,I2_2,20000,4622
749446756,I2_1,10000,3942
939471963,I2_1,10000,4996
234723197,I2_2,20000,8088
23651806,I2_2,20000,9741
741031029,I2_1,10000,5277
499829924,I2_1,10000,5984
498240549,I2_1,10000,5358
350133101,I2_2,20000,13304
394316933,I2_2,20000,13698
590769971,I2_1,10000,3572
683400371,I2_1,10000,5169
687073627,I2_2,20000,10567
397285261,I2_1,10000,3680
34159718,I2_2,20000,13171
776954934,I2_2,20000,7800
177603211,I2_2,20000,9501
252871410,I2_2,20000,8985
883893666,I2_2,20000,6319
839083436,I2_2,20000,6920
801302857,I2_1,10000,4219
444316680,I2_2,20000,7749
142067960,I2_1,10000,3506
928334480,I2_1,10000,4028
571834662,I2_1,10000,4467
837744521,I2_1,10000,4311
843310989,I2_1,10000,4870
90079407,I2_2,20000,9678
598515011,I2_2,20000,10607
536194916,I2_2,20000,12663
44164732,I2_2,20000,10424
859990672,I2_2,20000,12037
979024131,I2_2,20000,11602
26135304,I2_1,10000,4032
850850440,I2_1,10000,3419
716077152,I2_1,10000,3559
429320080,I2_1,10000,2847
588090392,I2_2,20000,5133
861710446,I2_1,10000,4429
921924987,I2_1,10000,2850
76943500,I2_2,20000,4456
313274243,I2_2,20000,5427
889126924,I2_1,10000,5519
819874971,I2_2,20000,6558
940211859,I2_1,10000,7086
750871820,I2_1,10000,6418
257967278,I2_1,10000,7616
462252850,I2_1,10000,7097
121190775,I2_1,10000,3828
562044091,I2_2,20000,12903
73764768,I2_1,10000,5874
476645188,I2_2,20000,15571
324059053,I2_1,10000,7357
314787377,I2_1,10000,4323
344627297,I2_1,10000,5879
710252949,I2_1,10000,6550
919047338,I2_2,20000,15558
168308320,I2_2,20000,14813
912700828,I2_2,20000,16479
503720357,I2_1,10000,3711
219063219,I2_1,10000,4261
484153608,I2_2,20000,14861
923362126,I2_1,10000,4783
303975228,I2_2,20000,14762
184344923,I2_2,20000,16343
809308029,I2_2,20000,16252
791266396,I2_2,20000,16573
174983250,I2_1,10000,7674
689470609,I2_2,20000,13330
818604402,I2_2,20000,5587
555279753,I2_1,10000,6146
850629063,I2_1,10000,6673
473891059,I2_1,10000,5432
361594095,I2_1,10000,5892
320401014,I2_1,10000,5236
611058101,I2_2,20000,11284
852712207,I2_1,10000,3733
30263751,I2_2,20000,13354
731681775,I2_1,10000,4262
379032180,I2_2,20000,14145
792855118,I2_1,10000,5189
915867915,I2_2,20000,16839
478044842,I2_2,20000,12143
389899151,I2_2,20000,12115
427838813,I2_2,20000,13932
37157937,I2_1,10000,4107
353132580,I2_1,10000,3909
680673471,I2_2,20000,7024
669012097,I2_2,20000,7672
583133128,I2_2,20000,9891
331563318,I2_1,10000,3283
73271185,I2_1,10000,2860
920795089,I2_2,20000,5465
217364216,I2_1,10000,3326
547117194,I2_1,10000,2444
147331279,I2_2,20000,4607
791510296,I2_2,20000,5597
663567780,I2_2,20000,4595
148095898,I2_2,20000,5517
74097770,I2_2,20000,6467
478617554,I2_2,20000,6360
149937970,I2_1,10000,2716
431192905,I2_1,10000,4135
432389944,I2_1,10000,5697
111558604,I2_2,20000,7574
82898389,I2_2,20000,8691
796779207,I2_1,10000,3422
702393943,I2_1,10000,4937
306084776,I2_2,20000,8568
332255054,I2_1,10000,5758
223729696,I2_2,20000,10350
517947710,I2_2,20000,10920
394464764,I2_2,20000,4510
766300943,I2_1,10000,3958
339308161,I2_2,20000,4874
224120666,I2_1,10000,2453
642737477,I2_2,20000,5018
962469585,I2_2,20000,5961
552536124,I2_1,10000,4380
386174821,I2_2,20000,5411
482441416,I2_1,10000,4197
842835737,I2_1,10000,3988
828050241,I2_1,10000,4077
553901840,I2_1,10000,2546
893122555,I2_1,10000,2967
437748985,I2_1,10000,3667
807569713,I2_2,20000,5243
105533891,I2_2,20000,4935
440836969,I2_1,10000,5452
736729180,I2_2,20000,5564
16168383,I2_2,20000,4662
874611254,I2_1,10000,4137
205868406,I2_1,10000,4564
54544308,I2_2,20000,6207
457206326,I2_2,20000,6533
551591435,I2_2,20000,5123
627263088,I2_2,20000,7290
815073125,I2_1,10000,4669
913368611,I2_2,20000,8912
656513706,I2_1,10000,5043
397523618,I2_1,10000,5570
217558092,I2_2,20000,10956
620415859,I2_2,20000,11053
756942275,I2_2,20000,9883
956113839,I2_2,20000,10509
328200170,I2_2,20000,6175
715985333,I2_1,10000,4547
591427099,I2_1,10000,3748
626049637,I2_1,10000,2578
461038073,I2_1,10000,2758
737964857,I2_1,10000,2932
443118670,I2_1,10000,4547
17502616,I2_2,20000,6258
71877015,I2_2,20000,6967
137845903,I2_2,20000,5132
600834903,I2_1,10000,5617
354383605,I2_1,10000,4974
239225938,I2_1,10000,5497
968342164,I2_2,20000,9491
872493560,I2_2,20000,7888
845264906,I2_1,10000,4644
831677417,I2_2,20000,4950
692981665,I2_2,20000,6065
66663348,I2_1,10000,2641
980043945,I2_2,20000,5252
775833171,I2_1,10000,3514
821836270,I2_1,10000,2447
746467512,I2_2,20000,5187
217545247,I2_2,20000,5653
741939826,I2_1,10000,3951
741916464,I2_1,10000,4513
218960495,I2_2,20000,9337
287263293,I2_1,10000,3636
488539458,I2_2,20000,9722
550788141,I2_2,20000,7835
212348389,I2_1,10000,2509
770246139,I2_2,20000,5539
426528085,I2_2,20000,7627
814674885,I2_2,20000,5597
450233626,I2_2,20000,6558
918951019,I2_1,10000,2639
729458960,I2_2,20000,4971
535392134,I2_1,10000,4065
843598024,I2_1,10000,3953
849572176,I2_1,10000,3473
913467300,I2_2,20000,5641
776012071,I2_2,20000,6212
507299561,I2_2,20000,6235
58896362,I2_2,20000,6124
677793769,I2_1,10000,4797
599959471,I2_1,10000,5484
64412486,I2_1,10000,4415
605052950,I2_2,20000,11541
40899857,I2_1,10000,4949
864485696,I2_1,10000,4329
117961685,I2_2,20000,8732
878825941,I2_2,20000,5544
604236665,I2_2,20000,7882
197898211,I2_1,10000,2946
435531367,I2_1,10000,4341
927277614,I2_2,20000,4955
862795019,I2_1,10000,2596
944836778,I2_1,10000,2658
32129666,I2_2,20000,4736
538579417,I2_1,10000,4182
891263424,I2_1,10000,5193
727709312,I2_1,10000,2645
171261762,I2_1,10000,2656
148097932,I2_1,10000,2865
289168774,I2_1,10000,2614
773016766,I2_2,20000,5599
798940698,I2_2,20000,5117
193031508,I2_1,10000,5263
404653868,I2_1,10000,4016
638573667,I2_2,20000,5502
304843259,I2_1,10000,3818
983326317,I2_2,20000,7036
165755398,I2_1,10000,3872
416246166,I2_2,20000,7088
664186176,I2_2,20000,5972
476273910,I2_1,10000,5478
725878274,I2_2,20000,8208
240401392,I2_1,10000,3044
418085143,I2_1,10000,2635
465636705,I2_1,10000,2593
741635867,I2_2,20000,4795
316805361,I2_1,10000,5346
713393978,I2_1,10000,7217
59441251,I2_1,10000,5403
969217970,I2_2,20000,4692
234738171,I2_2,20000,5745
203417877,I2_2,20000,4609
141840370,I2_1,10000,4006
127435830,I2_2,20000,5309
725176228,I2_2,20000,5525
634475619,I2_1,10000,4256
609433586,I2_2,20000,5044
13593969,I2_2,20000,6001
671816096,I2_2,20000,4657
570454331,I2_2,20000,4782
361746352,I2_1,10000,3146
307382309,I2_2,20000,5680
724255005,I2_1,10000,2555
900780791,I2_2,20000,4755
562166703,I2_1,10000,4208
453814356,I2_1,10000,3423
978530832,I2_1,10000,5181
998743888,I2_2,20000,4988
509738981,I2_2,20000,7510
630685622,I2_1,10000,3825
297880812,I2_2,20000,8309
69568034,I2_1,10000,4230
961074515,I2_2,20000,9860
844415891,I2_2,20000,12028
5941214,I2_2,20000,12964
65756632,I2_2,20000,7309
768516923,I2_2,20000,9591
383469888,I2_2,20000,4682
609395884,I2_2,20000,5582
612478462,I2_1,10000,6122
314506782,I2_1,10000,5552
970779969,I2_2,20000,9019
845374286,I2_2,20000,11080
220182573,I2_2,20000,5571
857627824,I2_1,10000,4092
869960827,I2_1,10000,5947
118708880,I2_2,20000,6413
893468290,I2_1,10000,4587
787090978,I2_1,10000,4546
821085765,I2_1,10000,4484
521155102,I2_2,20000,9766
524977534,I2_1,10000,5130
375520240,I2_1,10000,5678
679032639,I2_2,20000,14157
179666280,I2_2,20000,13200
809579844,I2_2,20000,9315
706286168,I2_2,20000,7742
393317286,I2_1,10000,6141
902022402,I2_1,10000,3431
281240987,I2_2,20000,4756
154634173,I2_2,20000,5846
464161835,I2_2,20000,4649
405398566,I2_1,10000,2680
547385218,I2_2,20000,4789
818155663,I2_1,10000,4196
683187839,I2_2,20000,7206
284753748,I2_1,10000,3622
727450652,I2_2,20000,5277
808876308,I2_2,20000,5459
690150462,I2_2,20000,4781
98994006,I2_1,10000,3044
793640036,I2_1,10000,2618
278183797,I2_1,10000,2814
177628235,I2_2,20000,5669
357139652,I2_2,20000,6792
827695480,I2_1,10000,4131
590549903,I2_2,20000,6890
508894810,I2_1,10000,2854
684728614,I2_2,20000,6573
613476724,I2_2,20000,5358
205949524,I2_2,20000,5698
407866529,I2_2,20000,8010
450829578,I2_2,20000,6931
293251628,I2_1,10000,5093
488961855,I2_1,10000,5629
608852928,I2_2,20000,9800
12200459,I2_1,10000,4890
191612733,I2_2,20000,8211
965259817,I2_1,10000,5331
184136057,I2_1,10000,4055
364173533,I2_2,20000,9158
573479817,I2_1,10000,6131
696931146,I2_1,10000,4336
363479008,I2_2,20000,10611
30946187,I2_2,20000,10962
939068831,I2_2,20000,4671
783058708,I2_2,20000,6726
80432404,I2_2,20000,6361
483358937,I2_2,20000,7688
183094336,I2_2,20000,8832
48321104,I2_2,20000,8786
179172774,I2_2,20000,5043
803687356,I2_2,20000,6121
492577868,I2_1,10000,5493
785708942,I2_2,20000,6564
507644459,I2_1,10000,5371
203894258,I2_1,10000,4918
436810125,I2_2,20000,9278
188079542,I2_2,20000,4738
362379661,I2_2,20000,4874
420508877,I2_1,10000,2611
424651618,I2_2,20000,4974
559032616,I2_1,10000,4197
308820507,I2_2,20000,5630
478954816,I2_2,20000,5608
838691656,I2_1,10000,5394
489686204,I2_2,20000,6466
205537163,I2_1,10000,5375
526739462,I2_1,10000,4931
772654854,I2_2,20000,9088
515121666,I2_1,10000,4956
347902298,I2_1,10000,5476
929606067,I2_2,20000,8050
879526251,I2_2,20000,10230
278420726,I2_1,10000,3364
401458819,I2_2,20000,4690
969015936,I2_1,10000,4116
944253867,I2_1,10000,5137
989845256,I2_2,20000,7449
56093233,I2_1,10000,6872
788778301,I2_2,20000,9051
631230242,I2_2,20000,7740
91172804,I2_2,20000,9413
312427984,I2_1,10000,4927
658130389,I2_1,10000,3783
657594736,I2_2,20000,11948
497161738,I2_1,10000,4326
980069750,I2_2,20000,12177
347851682,I2_2,20000,13346
325905948,I2_1,10000,3046
778484151,I2_1,10000,4145
69603170,I2_1,10000,3182
26082238,I2_2,20000,8059
50505104,I2_1,10000,2867
231851883,I2_1,10000,3032
977662880,I2_2,20000,6359
845344807,I2_2,20000,6178
61651785,I2_1,10000,5536
659762933,I2_2,20000,7768
675270391,I2_2,20000,10977
14925661,I2_1,10000,5542
63592895,I2_1,10000,4863
600015460,I2_1,10000,3984
929191947,I2_2,20000,9242
198024244,I2_2,20000,9170
427491027,I2_1,10000,7613
624472929,I2_2,20000,5841
571608493,I2_1,10000,3004
299094397,I2_2,20000,5281
418892722,I2_1,10000,4660
792608968,I2_2,20000,6249
60913776,I2_1,10000,5434
764963031,I2_2,20000,8259
837096780,I2_1,10000,4690
552425965,I2_1,10000,3813
234491202,I2_2,20000,9706
666364296,I2_2,20000,10253
824158821,I2_2,20000,7376
232321971,I2_1,10000,4216
210969033,I2_1,10000,4169
575077830,I2_1,10000,3690
298749354,I2_2,20000,4474
822654651,I2_1,10000,5013
672348148,I2_2,20000,8463
766462488,I2_2,20000,4523
898542206,I2_2,20000,6653
704315174,I2_1,10000,3531
818637095,I2_2,20000,5771
955505774,I2_2,20000,7236
857653796,I2_2,20000,8207
751687500,I2_1,10000,6398
209262033,I2_2,20000,9763
129495361,I2_2,20000,9717
573721386,I2_2,20000,10593
544940535,I2_2,20000,6460
436883616,I2_2,20000,6819
935808908,I2_2,20000,9475
265528156,I2_1,10000,5758
990786984,I2_1,10000,4165
569072330,I2_2,20000,7944
881789836,I2_1,10000,4219
99159572,I2_2,20000,7845
218093670,I2_1,10000,3980
218520012,I2_2,20000,9924
529576959,I2_1,10000,5586
978873202,I2_1,10000,4887
409193697,I2_1,10000,4853
83143470,I2_1,10000,3800
627254006,I2_2,20000,11260
170318334,I2_1,10000,5778
998364659,I2_2,20000,12668
559003958,I2_2,20000,9520
934088024,I2_2,20000,10565
165404095,I2_1,10000,3346
375935844,I2_1,10000,2499
883466025,I2_2,20000,4531
724593305,I2_2,20000,6511
920109462,I2_1,10000,3311
808851544,I2_2,20000,4677
782238277,I2_1,10000,4119
64112786,I2_2,20000,8630
259532660,I2_2,20000,4558
869997560,I2_1,10000,2713
991390648,I2_2,20000,4763
100347135,I2_1,10000,4971
799913299,I2_2,20000,6293
6655502,I2_1,10000,3030
657635374,I2_2,20000,4998
340417903,I2_2,20000,7221
951152028,I2_2,20000,9430
282182342,I2_2,20000,7673
908585348,I2_1,10000,5077
176214586,I2_1,10000,5674
958682528,I2_2,20000,6754
866762442,I2_2,20000,7045
137685492,I2_2,20000,8116
445196974,I2_1,10000,4862
389933467,I2_1,10000,4328
820828332,I2_2,20000,9631
879479960,I2_2,20000,11861
425236816,I2_2,20000,10409
284845212,I2_2,20000,9022
518399006,I2_2,20000,8887
172812867,I2_1,10000,5113
264034514,I2_2,20000,9506
79536525,I2_1,10000,5224
972356351,I2_1,10000,3193
871418083,I2_2,20000,10155
491746494,I2_2,20000,11469
604518146,I2_2,20000,8852
474183634,I2_1,10000,4216
588878414,I2_2,20000,10217
432369816,I2_1,10000,2935
595021469,I2_1,10000,2500
689036964,I2_2,20000,5064
664922659,I2_1,10000,3432
187366162,I2_1,10000,2658
856474743,I2_1,10000,4297
77642311,I2_2,20000,5488
938891205,I2_1,10000,3980
812206481,I2_2,20000,5404
124834570,I2_1,10000,3815
8922675,I2_2,20000,5097
97511241,I2_1,10000,2565
444571926,I2_2,20000,4462
789082175,I2_1,10000,2661
233976290,I2_2,20000,5479
58915245,I2_2,20000,5448
639936897,I2_2,20000,7523
148347133,I2_2,20000,8403
935173966,I2_2,20000,7263
524293605,I2_2,20000,6707
716453245,I2_2,20000,6679
781942923,I2_1,10000,5192
240952183,I2_2,20000,7342
451621932,I2_1,10000,3435
999378220,I2_1,10000,4353
289473489,I2_1,10000,2515
864034002,I2_2,20000,4583
636987846,I2_1,10000,5266
138969109,I2_2,20000,5712
29326537,I2_1,10000,4361
832024584,I2_2,20000,4925
473381537,I2_1,10000,3517
530988140,I2_2,20000,8211
248823173,I2_1,10000,4881
974136329,I2_2,20000,7041
818012079,I2_2,20000,5991
871920411,I2_2,20000,7834
239829650,I2_1,10000,4226
739697110,I2_2,20000,5650
444551707,I2_2,20000,5859
910752168,I2_1,10000,4210
70174642,I2_2,20000,6359
290771667,I2_2,20000,4691
566222974,I2_2,20000,6864
172255292,I2_2,20000,9738
878716222,I2_2,20000,5098
796764419,I2_1,10000,5626
84795485,I2_1,10000,4380
149746874,I2_1,10000,4426
690358644,I2_1,10000,5041
181627020,I2_2,20000,8788
892973552,I2_1,10000,6518
31661890,I2_1,10000,5946
944899399,I2_1,10000,5908
668813110,I2_1,10000,4754
80490487,I2_2,20000,9776
509809645,I2_2,20000,5620
475028309,I2_1,10000,5068
289554566,I2_2,20000,5082
57179310,I2_2,20000,4561
16620433,I2_1,10000,3525
182343373,I2_1,10000,2611
329260204,I2_1,10000,3653
457343168,I2_1,10000,2668
120827226,I2_1,10000,2974
90166542,I2_2,20000,4586
152807615,I2_1,10000,2779
596240665,I2_1,10000,2800
561614653,I2_2,20000,6196
223771821,I2_2,20000,4622
771586931,I2_1,10000,3035
786776438,I2_1,10000,4106
70967189,I2_1,10000,4874
847009600,I2_1,10000,6119
571110937,I2_1,10000,6019
220207059,I2_1,10000,3029
318208109,I2_2,20000,4602
417186434,I2_1,10000,3626
275787902,I2_2,20000,5215
702379528,I2_2,20000,6234
179404987,I2_1,10000,4601
417587652,I2_1,10000,4997
651906315,I2_1,10000,6585
640467329,I2_2,20000,8860
708713814,I2_2,20000,7557
955529258,I2_2,20000,5961
415146690,I2_1,10000,3040
124945123,I2_1,10000,4225
358994129,I2_1,10000,4603
914765158,I2_2,20000,5906
246595219,I2_2,20000,5762
10928335,I2_1,10000,4621
704580692,I2_2,20000,7877
280784347,I2_1,10000,5402
867604491,I2_1,10000,4427
535483467,I2_2,20000,12184
171408046,I2_2,20000,12971
124446962,I2_2,20000,12935
945992881,I2_2,20000,14922
189446906,I2_1,10000,6394
241335426,I2_2,20000,13208
514114661,I2_1,10000,5867
430422262,I2_2,20000,15815
962305342,I2_2,20000,11540
940863701,I2_2,20000,7336
78166386,I2_2,20000,7909
120344945,I2_2,20000,10035
749373048,I2_1,10000,4481
25537766,I2_2,20000,6095
176041631,I2_1,10000,4693
691566656,I2_2,20000,6013
553993480,I2_1,10000,3241
924956732,I2_1,10000,4486
844553134,I2_1,10000,4002
470218882,I2_2,20000,5464
995489261,I2_2,20000,7511
664430312,I2_2,20000,7777
284609582,I2_2,20000,8930
220001442,I2_2,20000,6282
397251635,I2_2,20000,6493
727918728,I2_2,20000,8698
651377334,I2_2,20000,8575
803223484,I2_1,10000,3624
182457320,I2_1,10000,4737
575068621,I2_1,10000,4159
448120327,I2_2,20000,8721
710530404,I2_2,20000,8116
751899860,I2_1,10000,3166
206291272,I2_2,20000,7604
110352130,I2_1,10000,4743
127700431,I2_1,10000,5409
314341665,I2_1,10000,4857
449392596,I2_1,10000,3804
329034303,I2_1,10000,5434
110249791,I2_1,10000,4920
183034787,I2_2,20000,12732
109966049,I2_1,10000,4166
530365091,I2_2,20000,14007
562996849,I2_2,20000,14654
150020115,I2_1,10000,3885
879450336,I2_1,10000,4197
178364712,I2_1,10000,4298
94216495,I2_2,20000,6538
213871401,I2_1,10000,4397
26303081,I2_2,20000,4623
656493274,I2_2,20000,4579
924635771,I2_2,20000,4605
536570749,I2_2,20000,6179
193724220,I2_2,20000,4612
701441118,I2_1,10000,5047
997230022,I2_1,10000,4039
458781153,I2_2,20000,4594
35994867,I2_1,10000,3951
505151252,I2_1,10000,3831
256589072,I2_1,10000,2483
844213658,I2_1,10000,2511
707009177,I2_1,10000,3621
95281818,I2_1,10000,2642
74682258,I2_1,10000,2540
134388349,I2_1,10000,2762
241289055,I2_2,20000,5319
578449825,I2_1,10000,2851
797505562,I2_1,10000,2910
839540847,I2_1,10000,2550
977925785,I2_1,10000,3584
207993610,I2_1,10000,2713
335854415,I2_2,20000,5246
946509803,I2_1,10000,4758
56643070,I2_2,20000,9101
641913226,I2_1,10000,5121
967049894,I2_1,10000,5807
524684648,I2_1,10000,6674
333578891,I2_1,10000,5975
717731792,I2_2,20000,11028
881580408,I2_2,20000,10830
251533451,I2_1,10000,4309
979134874,I2_2,20000,13446
677234802,I2_2,20000,12370
24529437,I2_2,20000,10024
969789099,I2_1,10000,6281
684943363,I2_2,20000,12537
287806308,I2_2,20000,11423
406738688,I2_2,20000,13508
511559705,I2_2,20000,12767
254627850,I2_2,20000,13698
281796184,I2_2,20000,4976
956958393,I2_1,10000,3367
806337426,I2_2,20000,5523
268706972,I2_2,20000,4491
383262092,I2_1,10000,3917
452247804,I2_2,20000,5119
246881522,I2_1,10000,4540
65859695,I2_1,10000,3060
777012047,I2_2,20000,8558
660097640,I2_2,20000,4634
391536868,I2_2,20000,4793
936617550,I2_1,10000,3999
304601481,I2_2,20000,5399
73659616,I2_1,10000,3677
330722602,I2_2,20000,6219
505014144,I2_1,10000,4603
671014094,I2_1,10000,3854
950238549,I2_1,10000,5503
163340223,I2_2,20000,9954
944018364,I2_2,20000,8156
810029957,I2_2,20000,8155
568767317,I2_1,10000,2891
604419404,I2_1,10000,2650
137912215,I2_2,20000,5392
948297513,I2_1,10000,3647
143694021,I2_2,20000,5203
193456347,I2_1,10000,3020
595821627,I2_1,10000,4090
101662344,I2_1,10000,5383
643024565,I2_2,20000,10828
983473731,I2_1,10000,6332
284565307,I2_1,10000,4600
874156525,I2_1,10000,5720
672448670,I2_1,10000,7320
784247529,I2_1,10000,3928
186977154,I2_2,20000,10511
67673656,I2_1,10000,5428
514746977,I2_1,10000,5503
539317492,I2_1,10000,4993
521323078,I2_1,10000,3417
894121576,I2_2,20000,6081
552262836,I2_2,20000,7018
119678355,I2_2,20000,4829
132043884,I2_1,10000,2872
826155166,I2_2,20000,7756
427555147,I2_1,10000,4830
188137954,I2_2,20000,8202
997533683,I2_1,10000,6447
154933143,I2_1,10000,5843
467199062,I2_1,10000,6984
579939667,I2_2,20000,13468
79447005,I2_1,10000,6855
837027531,I2_2,20000,16059
351220193,I2_2,20000,17590
598531361,I2_1,10000,4204
155653379,I2_2,20000,12604
859827036,I2_2,20000,13111
560899810,I2_1,10000,5767
326015189,I2_1,10000,3536
33508186,I2_2,20000,12360
758530254,I2_2,20000,4937
903988439,I2_1,10000,5087
396302174,I2_2,20000,5465
100356998,I2_1,10000,4891
457590082,I2_2,20000,9151
425126242,I2_2,20000,10104
454578430,I2_2,20000,7666
203688346,I2_2,20000,7533
544630099,I2_1,10000,3983
326056855,I2_1,10000,5600
471902681,I2_2,20000,8048
385264129,I2_2,20000,8074
783348652,I2_1,10000,5401
706992319,I2_1,10000,3857
534845086,I2_1,10000,5005
687155838,I2_2,20000,11221
994481457,I2_1,10000,4835
594864241,I2_1,10000,4218
936799446,I2_2,20000,10128
343096900,I2_2,20000,10526
514233650,I2_2,20000,8797
150181344,I2_2,20000,9911
761290433,I2_2,20000,4674
174888942,I2_2,20000,4451
866674474,I2_2,20000,6756
46242661,I2_1,10000,3906
285491415,I2_1,10000,3941
12435011,I2_1,10000,4895
174526388,I2_1,10000,5449
435978159,I2_2,20000,6525
696045463,I2_1,10000,2576
996067505,I2_1,10000,3617
50289084,I2_2,20000,4556
15392598,I2_1,10000,4024
194677490,I2_2,20000,6650
513580114,I2_1,10000,3141
122589909,I2_1,10000,3897
86444288,I2_2,20000,6475
434773988,I2_1,10000,5438
351921082,I2_2,20000,6031
590981689,I2_1,10000,5354
612812008,I2_1,10000,5868
448591036,I2_2,20000,9594
380642041,I2_1,10000,5169
501852677,I2_2,20000,9416
560301073,I2_2,20000,10357
562601633,I2_2,20000,8364
203071533,I2_2,20000,7629
540349270,I2_2,20000,6594
127394127,I2_2,20000,4702
590770509,I2_2,20000,4627
31172103,I2_2,20000,5271
771781144,I2_2,20000,6214
834256101,I2_2,20000,5362
134891504,I2_2,20000,6085
857839585,I2_1,10000,5491
792634851,I2_1,10000,2891
124454875,I2_2,20000,4558
812493391,I2_2,20000,5512
662928160,I2_1,10000,2922
813320528,I2_2,20000,4553
460956193,I2_1,10000,2911
672595472,I2_2,20000,6127
783010256,I2_2,20000,4456
798447536,I2_1,10000,3802
459936798,I2_2,20000,5455
581051022,I2_2,20000,5505
803383851,I2_2,20000,7536
119159156,I2_2,20000,7497
985260009,I2_1,10000,3680
451230262,I2_1,10000,3772
616784494,I2_2,20000,6071
184689751,I2_1,10000,4525
499784822,I2_2,20000,9171
985024045,I2_2,20000,4817
228009212,I2_2,20000,4592
105177107,I2_2,20000,5079
796567660,I2_1,10000,3376
638467319,I2_2,20000,5660
606500682,I2_2,20000,5488
395809339,I2_1,10000,2812
623037161,I2_1,10000,3821
483218392,I2_2,20000,8829
965022940,I2_1,10000,2569
818033300,I2_1,10000,2867
339859511,I2_2,20000,5729
4719149,I2_1,10000,5021
256146111,I2_1,10000,2893
871484912,I2_2,20000,8775
451459882,I2_2,20000,7064
769180509,I2_2,20000,6953
805681213,I2_1,10000,4253
157234712,I2_2,20000,9409
88017777,I2_1,10000,5378
36223709,I2_1,10000,4789
260551854,I2_2,20000,12547
476879181,I2_1,10000,5846
807013395,I2_1,10000,4794
577079497,I2_2,20000,12466
478612992,I2_1,10000,6180
729555684,I2_1,10000,6247
506261498,I2_1,10000,2591
714258742,I2_1,10000,2899
691100077,I2_2,20000,6039
448812666,I2_1,10000,5253
299404004,I2_2,20000,6813
303909439,I2_2,20000,8863
129909722,I2_1,10000,5883
617644018,I2_1,10000,6391
3466406,I2_1,10000,7398
683093530,I2_2,20000,11096
976746090,I2_2,20000,11565
529020980,I2_2,20000,9822
633258566,I2_2,20000,8283
412609813,I2_2,20000,6692
120921843,I2_1,10000,2895
104976064,I2_2,20000,4608
576273187,I2_1,10000,2555
704489408,I2_1,10000,2875
715870644,I2_1,10000,4459
586323913,I2_2,20000,5032
672906576,I2_2,20000,5941
968323182,I2_1,10000,3174
991727220,I2_1,10000,3796
692641404,I2_2,20000,5030
708788560,I2_2,20000,4994
942007798,I2_1,10000,4373
585077375,I2_1,10000,4798
863977911,I2_1,10000,5306
88876045,I2_2,20000,7632
975973019,I2_2,20000,4578
327434383,I2_1,10000,5149
586827288,I2_1,10000,5627
933428142,I2_2,20000,6142
137067498,I2_1,10000,4671
194953727,I2_2,20000,7991
303224793,I2_2,20000,8366
636094943,I2_1,10000,5367
211183268,I2_1,10000,5896
498988925,I2_2,20000,4570
997134343,I2_2,20000,5514
327551855,I2_2,20000,4624
994404924,I2_1,10000,5151
471664868,I2_1,10000,4036
889000263,I2_2,20000,4907
847580639,I2_1,10000,5453
747201152,I2_2,20000,8061
387936886,I2_1,10000,4216
804064442,I2_2,20000,8956
294710808,I2_1,10000,4102
955418844,I2_2,20000,9548
569963244,I2_2,20000,9599
236147984,I2_2,20000,8621
646919718,I2_2,20000,5015
157080611,I2_1,10000,3411
572163148,I2_1,10000,2821
382102364,I2_1,10000,2626
3446641,I2_1,10000,2571
592339451,I2_1,10000,3633
320172892,I2_1,10000,2554
87547420,I2_1,10000,3577
351362137,I2_2,20000,5060
609396325,I2_1,10000,5599
657646201,I2_1,10000,3964
156496969,I2_1,10000,5019
385984591,I2_2,20000,9488
754243378,I2_2,20000,4496
958125021,I2_1,10000,2643
892944643,I2_1,10000,2628
751064889,I2_1,10000,2694
647727209,I2_1,10000,2628
86868441,I2_1,10000,3702
653173843,I2_2,20000,5073
489580088,I2_1,10000,4473
532796863,I2_2,20000,6742
516211003,I2_1,10000,4235
986524542,I2_2,20000,9916
709671235,I2_1,10000,3739
983590856,I2_1,10000,3125
529373,I2_2,20000,6396
513793456,I2_2,20000,5330
642148691,I2_1,10000,5447
21024356,I2_1,10000,5949
80081949,I2_1,10000,5308
877337942,I2_2,20000,6897
128332475,I2_2,20000,8030
385408634,I2_1,10000,3784
345645932,I2_1,10000,4311
20910813,I2_1,10000,5469
989511370,I2_2,20000,9181
974046476,I2_2,20000,11400
289308043,I2_1,10000,5440
498310007,I2_1,10000,3757
855278259,I2_1,10000,4920
503584149,I2_2,20000,14654
165288021,I2_1,10000,4951
243961003,I2_1,10000,4416
836605021,I2_1,10000,3865
538040737,I2_2,20000,13053
14162502,I2_2,20000,14216
895993396,I2_1,10000,5997
282355241,I2_1,10000,7071
563959763,I2_1,10000,6027
631770201,I2_1,10000,4352
952576842,I2_2,20000,7693
39270712,I2_2,20000,5521
566898484,I2_2,20000,4699
270344256,I2_1,10000,3198
637266034,I2_2,20000,5360
482124972,I2_2,20000,6659
61248435,I2_2,20000,6388
872831010,I2_2,20000,8397
689075277,I2_1,10000,2723
635392289,I2_1,10000,2548
761500398,I2_2,20000,5583
65920114,I2_1,10000,5017
923850605,I2_2,20000,7104
779912652,I2_2,20000,6627
215838842,I2_1,10000,3270
128481515,I2_2,20000,9362
98263364,I2_1,10000,4885
687670202,I2_2,20000,7651
751557931,I2_1,10000,5476
419157958,I2_2,20000,9059
418042787,I2_1,10000,5378
227599890,I2_1,10000,6424
361426330,I2_2,20000,9540
790885543,I2_1,10000,6827
917415088,I2_1,10000,5239
414728701,I2_1,10000,6797
66397806,I2_2,20000,15057
75055770,I2_1,10000,2572
810430979,I2_1,10000,2498
585057828,I2_1,10000,2741
336593555,I2_2,20000,4532
815462189,I2_2,20000,4521
432827077,I2_2,20000,4586
200085184,I2_1,10000,3480
684693087,I2_1,10000,2582
286090349,I2_1,10000,2499
270346893,I2_1,10000,2913
776039919,I2_2,20000,5162
135894429,I2_1,10000,4637
517769541,I2_1,10000,3930
543352838,I2_1,10000,2614
810252383,I2_1,10000,3753
717364521,I2_1,10000,3822
543292866,I2_1,10000,2623
510969936,I2_1,10000,2728
737327464,I2_1,10000,3853
533397129,I2_1,10000,3720
264217079,I2_1,10000,2941
33944241,I2_2,20000,5310
156577885,I2_1,10000,4758
621618409,I2_2,20000,5324
916529318,I2_1,10000,4012
437834223,I2_2,20000,5255
273518509,I2_1,10000,5142
936072833,I2_1,10000,5051
385961291,I2_2,20000,8860
800072862,I2_1,10000,6139
636392341,I2_1,10000,5536
626068015,I2_2,20000,10400
482958047,I2_1,10000,5966
497174265,I2_2,20000,10200
465291169,I2_2,20000,7863
490166731,I2_1,10000,4623
190687287,I2_2,20000,8922
285710433,I2_2,20000,6135
562822682,I2_1,10000,5924
878092408,I2_2,20000,4607
62452144,I2_1,10000,2922
217677334,I2_2,20000,6589
905892879,I2_1,10000,2655
963738715,I2_1,10000,2654
3370682,I2_1,10000,2611
811589532,I2_1,10000,2641
98437302,I2_2,20000,5298
43510939,I2_1,10000,3610
60239694,I2_1,10000,4691
457040508,I2_1,10000,2923
539756364,I2_2,20000,5568
535569202,I2_2,20000,4531
1954138,I2_2,20000,6824
953391378,I2_1,10000,3865
379493336,I2_1,10000,3678
562693791,I2_1,10000,4201
558348277,I2_2,20000,5691
892201389,I2_2,20000,8315
117504488,I2_2,20000,7623
845151592,I2_1,10000,4302
538227797,I2_2,20000,9130
120752507,I2_1,10000,3827
972179448,I2_2,20000,12394
857732730,I2_1,10000,4374
244765854,I2_2,20000,6592
898340461,I2_1,10000,4839
878372090,I2_1,10000,4917
680205612,I2_2,20000,5546
475864217,I2_2,20000,4510
473766821,I2_1,10000,2614
675779404,I2_2,20000,5955
133377390,I2_2,20000,4712
425451424,I2_1,10000,4080
404667665,I2_1,10000,5681
395299445,I2_2,20000,5465
326862645,I2_2,20000,4571
57118834,I2_2,20000,4723
910070763,I2_2,20000,5541
861218445,I2_1,10000,4907
813278110,I2_1,10000,5471
529204280,I2_2,20000,6684
752402647,I2_2,20000,6089
111921053,I2_1,10000,4376
315281603,I2_1,10000,5013
574431320,I2_1,10000,5076
544771631,I2_1,10000,2683
653229784,I2_2,20000,5040
888454107,I2_1,10000,3361
20040053,I2_2,20000,5476
699368703,I2_1,10000,3579
684370559,I2_1,10000,3002
479362479,I2_1,10000,3528
446476836,I2_1,10000,4113
681358866,I2_2,20000,4576
696696343,I2_1,10000,4005
188749372,I2_1,10000,5160
746658208,I2_1,10000,2544
395308528,I2_1,10000,2555
674221866,I2_2,20000,4690
824148578,I2_2,20000,4737
856876052,I2_2,20000,4624
651436665,I2_2,20000,7739
795445631,I2_2,20000,6032
901014496,I2_1,10000,5363
151122691,I2_1,10000,5812
203647921,I2_1,10000,5264
268579564,I2_2,20000,9500
911819216,I2_2,20000,11577
571373009,I2_1,10000,5791
813901949,I2_1,10000,5181
377997379,I2_2,20000,11224
453895985,I2_2,20000,4656
579980205,I2_1,10000,2609
25898591,I2_1,10000,2680
173301471,I2_2,20000,5310
327856247,I2_1,10000,3581
478374038,I2_1,10000,4140
65234963,I2_2,20000,5562
486918796,I2_2,20000,5972
277405491,I2_1,10000,5368
251824324,I2_1,10000,3244
678738457,I2_1,10000,4256
217545652,I2_2,20000,7862
569218361,I2_2,20000,8525
123487915,I2_1,10000,3651
662137901,I2_1,10000,4539
814804044,I2_2,20000,10210
989839244,I2_1,10000,2997
830193797,I2_2,20000,4499
551840212,I2_1,10000,3325
377314679,I2_2,20000,4705
345936052,I2_1,10000,3139
93134125,I2_1,10000,2670
94115806,I2_2,20000,4711
409257078,I2_1,10000,5265
284708191,I2_2,20000,5404
86935382,I2_2,20000,4672
647620315,I2_1,10000,3991
747929193,I2_2,20000,6917
251064120,I2_1,10000,2992
780324697,I2_1,10000,3419
333493844,I2_2,20000,6301
201075412,I2_2,20000,8476
125483771,I2_1,10000,4566
409403834,I2_2,20000,6114
801697261,I2_1,10000,4863
265056496,I2_1,10000,6492
881079723,I2_1,10000,5977
334387855,I2_2,20000,11050
935289125,I2_1,10000,2710
746921795,I2_1,10000,2627
43117293,I2_1,10000,3063
456961905,I2_2,20000,5865
256589431,I2_1,10000,3919
911816513,I2_1,10000,3040
894242977,I2_2,20000,4627
81366270,I2_2,20000,6059
994353750,I2_2,20000,5037
942872737,I2_2,20000,6551
961819441,I2_1,10000,5921
618839960,I2_1,10000,4146
682739553,I2_2,20000,9638
745989947,I2_2,20000,9503
889058479,I2_2,20000,8600
60482998,I2_2,20000,8579
70824219,I2_1,10000,5980
280734946,I2_2,20000,7035
16386390,I2_1,10000,5991
34942959,I2_2,20000,5936
896069628,I2_2,20000,8242
325265379,I2_2,20000,6744
81601614,I2_1,10000,2700
600393748,I2_1,10000,2873
101738951,I2_1,10000,2638
337988649,I2_1,10000,3512
864919615,I2_2,20000,5220
627659552,I2_1,10000,5734
780841253,I2_1,10000,4976
62104904,I2_2,20000,9433
891913241,I2_1,10000,5981
573941464,I2_1,10000,5416
862294946,I2_2,20000,9760
318490963,I2_2,20000,10727
70197283,I2_2,20000,10121
849882713,I2_2,20000,7510
389255658,I2_1,10000,5822
337215841,I2_2,20000,9182
141770402,I2_1,10000,5870
742772722,I2_2,20000,8666
968157929,I2_1,10000,3307
663461743,I2_1,10000,3009
693296909,I2_1,10000,3984
691252620,I2_1,10000,3925
412519584,I2_2,20000,7790
129579618,I2_1,10000,6042
838312862,I2_1,10000,5462
380410542,I2_1,10000,4829
7206766,I2_1,10000,5915
840778507,I2_2,20000,12453
495514776,I2_1,10000,6393
344619952,I2_2,20000,15691
602252898,I2_2,20000,15629
113663805,I2_2,20000,17286
743262554,I2_1,10000,9718
656411301,I2_1,10000,3181
266089433,I2_2,20000,7822
268489757,I2_2,20000,4610
977489106,I2_1,10000,3043
181126029,I2_2,20000,4631
402952998,I2_1,10000,5132
624137574,I2_2,20000,5542
834475770,I2_2,20000,5152
628306379,I2_1,10000,2666
822416782,I2_1,10000,3869
329349883,I2_1,10000,3400
698796152,I2_1,10000,2790
879879794,I2_2,20000,6679
436927784,I2_1,10000,2426
793143710,I2_2,20000,7316
959807846,I2_2,20000,6235
832756203,I2_2,20000,5735
191841656,I2_2,20000,5762
809567375,I2_1,10000,5293
402928595,I2_2,20000,5356
362860736,I2_2,20000,4940
35279061,I2_2,20000,4888
234922257,I2_1,10000,5428
652695009,I2_2,20000,5817
348092172,I2_1,10000,4766
415686576,I2_2,20000,9241
837287117,I2_1,10000,3446
892177004,I2_1,10000,3012
840553686,I2_1,10000,2943
178703035,I2_2,20000,4561
781910835,I2_2,20000,4625
730910435,I2_2,20000,4642
844349121,I2_1,10000,2823
216790128,I2_1,10000,4002
892309975,I2_1,10000,5178
391927956,I2_1,10000,2591
244825775,I2_1,10000,2683
541210491,I2_1,10000,2979
382566612,I2_2,20000,5573
652371740,I2_2,20000,6553
480478484,I2_1,10000,6454
118856813,I2_2,20000,8221
667880170,I2_2,20000,7077
469970011,I2_1,10000,2759
25555532,I2_1,10000,2654
553923895,I2_1,10000,3710
620446174,I2_1,10000,3106
7590086,I2_2,20000,5410
111439566,I2_2,20000,6140
171076236,I2_2,20000,5561
628253745,I2_2,20000,7745
692434408,I2_1,10000,3587
138567010,I2_1,10000,2667
217646297,I2_2,20000,4706
322453494,I2_2,20000,7086
514081263,I2_2,20000,8087
405050051,I2_2,20000,6260
370860702,I2_2,20000,8042
427298782,I2_1,10000,3522
683067462,I2_2,20000,5573
220631758,I2_2,20000,5707
434489197,I2_2,20000,4682
559121968,I2_1,10000,4106
486956099,I2_1,10000,2996
469482970,I2_2,20000,4605
899016701,I2_1,10000,3986
24020767,I2_2,20000,7140
39980295,I2_2,20000,6513
430071220,I2_1,10000,4890
622121129,I2_1,10000,5940
651654766,I2_2,20000,10800
225210470,I2_1,10000,6006
831256467,I2_1,10000,5633
291613298,I2_2,20000,12501
991911495,I2_1,10000,3759
336069870,I2_2,20000,5883
942449070,I2_2,20000,7624
393744872,I2_2,20000,7746
426925767,I2_1,10000,3867
431935798,I2_2,20000,6104
603105987,I2_1,10000,2642
378266997,I2_1,10000,2891
916608570,I2_1,10000,2761
31022457,I2_1,10000,3164
206271355,I2_2,20000,4564
2614190,I2_2,20000,5824
477004713,I2_2,20000,4607
879206931,I2_2,20000,6790
62405520,I2_2,20000,7046
358856981,I2_2,20000,7578
544954091,I2_1,10000,4895
113766166,I2_2,20000,8719
364162757,I2_1,10000,4929
202531125,I2_1,10000,3192
448761263,I2_1,10000,4294
83584228,I2_1,10000,2691
801851292,I2_2,20000,5994
309429443,I2_2,20000,6593
978780345,I2_2,20000,5507
605727282,I2_2,20000,5628
600179380,I2_1,10000,2625
897427156,I2_1,10000,3100
803983887,I2_1,10000,4762
784887506,I2_2,20000,6875
477233680,I2_2,20000,6057
408440705,I2_2,20000,7031
211649063,I2_2,20000,6920
851287042,I2_2,20000,7971
386957789,I2_1,10000,5280
911250466,I2_2,20000,10221
731313987,I2_1,10000,2925
775400002,I2_1,10000,3287
249911530,I2_2,20000,5335
311884792,I2_2,20000,7057
809056899,I2_1,10000,4053
980277152,I2_2,20000,4986
36052588,I2_1,10000,5537
212430901,I2_1,10000,3490
492016490,I2_1,10000,3927
525096139,I2_2,20000,5617
911478025,I2_1,10000,3841
687732702,I2_2,20000,6543
67136055,I2_1,10000,3301
356848667,I2_2,20000,6514
226244922,I2_1,10000,5378
65886418,I2_1,10000,5907
394735125,I2_1,10000,6389
50766849,I2_2,20000,8249
841184615,I2_2,20000,8466
262725095,I2_1,10000,5698
342997992,I2_1,10000,4599
351030835,I2_1,10000,6165
330796199,I2_1,10000,6742
893774405,I2_2,20000,6384
685520842,I2_2,20000,7858
843917202,I2_2,20000,4667
97910954,I2_1,10000,2984
680942586,I2_2,20000,7727
735739847,I2_1,10000,2650
557427660,I2_1,10000,3175
314968446,I2_2,20000,5546
138219802,I2_1,10000,4596
283975966,I2_2,20000,6085
725815790,I2_1,10000,3995
87189752,I2_2,20000,6644
725310733,I2_1,10000,2562
381243461,I2_2,20000,4705
850558356,I2_2,20000,6834
958924631,I2_1,10000,4186
482362876,I2_2,20000,9617
782543459,I2_2,20000,6342
127489662,I2_1,10000,4276
829704120,I2_1,10000,5455
891730309,I2_2,20000,4770
921881565,I2_2,20000,5248
830971630,I2_1,10000,4668
85782791,I2_1,10000,2940
236255785,I2_2,20000,6827
137770603,I2_1,10000,3835
474953428,I2_1,10000,3019
525072694,I2_2,20000,6326
807039320,I2_2,20000,4528
661763022,I2_1,10000,3056
633571904,I2_2,20000,4543
356673324,I2_1,10000,4006
57647091,I2_1,10000,2591
263337529,I2_1,10000,2752
287121274,I2_1,10000,3851
444124766,I2_1,10000,4895
363531080,I2_1,10000,4021
409003075,I2_1,10000,5656
784735231,I2_1,10000,3461
326510417,I2_2,20000,4731
449092950,I2_1,10000,2728
35050527,I2_2,20000,4686
168039599,I2_2,20000,4988
211014861,I2_2,20000,6657
351111897,I2_2,20000,8698
496738418,I2_2,20000,5520
697011972,I2_1,10000,6058
167456468,I2_1,10000,6500
909567484,I2_2,20000,5728
383845610,I2_1,10000,2665
901367989,I2_2,20000,4754
39262343,I2_1,10000,4128
211351442,I2_2,20000,8013
566000198,I2_1,10000,3753
739514926,I2_2,20000,9221
375267775,I2_1,10000,5660
578367746,I2_2,20000,6846
115840356,I2_1,10000,7282
637779132,I2_1,10000,6662
205068804,I2_1,10000,5521
996206810,I2_1,10000,7097
321148619,I2_1,10000,3889
350959372,I2_2,20000,11926
628756487,I2_2,20000,12904
647385497,I2_2,20000,14004
328151780,I2_2,20000,14920
25681424,I2_1,10000,5332
469261452,I2_2,20000,9737
444580781,I2_1,10000,4413
580364813,I2_2,20000,5001
375459278,I2_1,10000,2612
550238689,I2_1,10000,2884
851306835,I2_2,20000,5128
397006060,I2_2,20000,4544
962971103,I2_2,20000,5721
694543362,I2_1,10000,3897
535003328,I2_1,10000,3880
934891956,I2_1,10000,2927
582354516,I2_1,10000,2621
632761157,I2_2,20000,5414
933898325,I2_1,10000,4605
329251485,I2_1,10000,2937
4565065,I2_1,10000,4540
927647518,I2_1,10000,4465
888030479,I2_2,20000,8851
49281038,I2_1,10000,6509
296920078,I2_2,20000,10806
613726204,I2_1,10000,4785
503884751,I2_2,20000,13547
990447251,I2_2,20000,13492
332971601,I2_2,20000,14545
985106837,I2_1,10000,5948
951169093,I2_1,10000,4945
985719111,I2_2,20000,14511
939252619,I2_1,10000,6834
85553108,I2_2,20000,14428
939445685,I2_1,10000,6908
750386173,I2_2,20000,14315
363846765,I2_2,20000,13637
98400687,I2_1,10000,7849
752826404,I2_2,20000,15488
709664608,I2_2,20000,14766
433148851,I2_1,10000,5859
394125564,I2_1,10000,6491
638543790,I2_1,10000,5345
177467739,I2_2,20000,15376
933208634,I2_2,20000,10620
429576801,I2_2,20000,11590
437261890,I2_2,20000,13687
978478577,I2_2,20000,8848
404301726,I2_1,10000,5210
450150697,I2_2,20000,10462
762338804,I2_1,10000,4186
298608465,I2_1,10000,3598
747554306,I2_2,20000,13204
41782589,I2_1,10000,4303
998106349,I2_2,20000,10452
3932662,I2_1,10000,4176
692048084,I2_1,10000,4243
307060488,I2_2,20000,11206
983971592,I2_1,10000,4870
332682697,I2_1,10000,4282
380251865,I2_2,20000,12116
848978109,I2_1,10000,4230
597204275,I2_2,20000,15477
704563715,I2_2,20000,9887
239689156,I2_1,10000,4067
267945443,I2_1,10000,4003
576461500,I2_2,20000,4834
418019354,I2_1,10000,3336
517495453,I2_1,10000,4219
67489254,I2_2,20000,5359
588205395,I2_2,20000,6319
787338644,I2_2,20000,8430
795257111,I2_2,20000,6461
786854290,I2_2,20000,7662
82394904,I2_2,20000,7987
969782676,I2_2,20000,5970
760986106,I2_1,10000,4270
772742485,I2_2,20000,7994
746832,I2_1,10000,3682
272356071,I2_2,20000,10474
108363623,I2_2,20000,11383
440970371,I2_2,20000,11470
153665306,I2_2,20000,12617
226981737,I2_1,10000,4226
199790005,I2_2,20000,13110
772225211,I2_1,10000,3825
796043099,I2_2,20000,9952
977212129,I2_2,20000,6852
508776040,I2_1,10000,5251
361528889,I2_2,20000,6357
270121095,I2_2,20000,5564
139425484,I2_2,20000,5345
704730297,I2_2,20000,4518
833762687,I2_1,10000,2767
109365944,I2_1,10000,3548
827484847,I2_1,10000,4717
389797028,I2_1,10000,4458
451500411,I2_2,20000,9242
995113460,I2_1,10000,4855
441187612,I2_1,10000,4347
20776446,I2_2,20000,11586
538522270,I2_2,20000,12721
447511565,I2_2,20000,14627
644846313,I2_1,10000,6417
158387028,I2_1,10000,6804
282874602,I2_1,10000,7361
755202385,I2_2,20000,18715
684763088,I2_1,10000,8082
502324920,I2_2,20000,19828
36579038,I2_1,10000,10090
637636263,I2_2,20000,22396
418060941,I2_1,10000,12281
921354657,I2_1,10000,12834
768943514,I2_2,20000,24491
181056484,I2_1,10000,14838
891389657,I2_1,10000,13344
666372297,I2_1,10000,12749
659105122,I2_1,10000,14333
530878111,I2_2,20000,26871
860160767,I2_1,10000,16989
924519419,I2_1,10000,11102
431940288,I2_1,10000,12745
96789876,I2_2,20000,23258
173225510,I2_2,20000,25367
705189885,I2_2,20000,23804
102338512,I2_2,20000,25935
957945617,I2_2,20000,26335
967875449,I2_1,10000,16218
358290388,I2_2,20000,27485
567935881,I2_1,10000,19435
687125937,I2_2,20000,27827
129690289,I2_1,10000,20344
133502497,I2_2,20000,30610
594213806,I2_1,10000,17342
27922260,I2_1,10000,17863
35528733,I2_2,20000,27766
31139420,I2_2,20000,26249
596831913,I2_1,10000,15830
291348366,I2_2,20000,27876
319883578,I2_1,10000,17510
252060641,I2_1,10000,17882
175352694,I2_1,10000,18395
611412319,I2_2,20000,30051
832351813,I2_1,10000,18528
224454449,I2_1,10000,19629
629348487,I2_1,10000,20124
671768221,I2_1,10000,10673
181546502,I2_2,20000,23265
937063964,I2_2,20000,20112
308332066,I2_1,10000,7929
946328076,I2_1,10000,4238
631651930,I2_2,20000,13048
334022104,I2_2,20000,13057
481461956,I2_1,10000,2538
578411670,I2_1,10000,2559
116046226,I2_1,10000,2925
356373197,I2_2,20000,4510
251778284,I2_1,10000,3866
257144932,I2_2,20000,6530
74486166,I2_1,10000,2590
267928840,I2_1,10000,2560
486283309,I2_1,10000,2610
649158999,I2_2,20000,4522
779325696,I2_1,10000,2858
594241096,I2_2,20000,4525
934097395,I2_2,20000,4571
276457015,I2_2,20000,4660
377955754,I2_2,20000,5652
183369616,I2_1,10000,2838
590813994,I2_1,10000,2975
54038676,I2_1,10000,2675
603505885,I2_2,20000,5547
66501280,I2_2,20000,4634
960763754,I2_1,10000,3782
771193086,I2_1,10000,3240
761802310,I2_2,20000,4886
823336403,I2_1,10000,5399
20249028,I2_1,10000,5962
726986887,I2_1,10000,4571
715068994,I2_2,20000,6058
111855571,I2_1,10000,3817
294332208,I2_2,20000,9765
650221369,I2_2,20000,9631
184070624,I2_2,20000,8179
203613848,I2_2,20000,7093
884711443,I2_1,10000,4467
684573811,I2_2,20000,5519
454847946,I2_1,10000,3863
234777217,I2_1,10000,3505
607616227,I2_2,20000,6003
187751894,I2_1,10000,3182
379411497,I2_1,10000,3368
116289989,I2_1,10000,2524
823831263,I2_2,20000,6188
888068050,I2_1,10000,3551
460015773,I2_1,10000,4064
902908122,I2_1,10000,5668
570733364,I2_2,20000,5479
969220927,I2_2,20000,4924
23197137,I2_2,20000,4760
458450873,I2_2,20000,5766
796836865,I2_2,20000,6676
987266440,I2_2,20000,5558
751131064,I2_2,20000,7604
614850252,I2_2,20000,7014
720063197,I2_1,10000,3589
852432544,I2_2,20000,5228
886581651,I2_2,20000,5033
703202775,I2_1,10000,4445
398451094,I2_2,20000,6848
536241857,I2_1,10000,5168
671650383,I2_2,20000,6206
525692451,I2_2,20000,7573
413593150,I2_2,20000,9796
202291843,I2_1,10000,5408
257753407,I2_2,20000,11766
121326907,I2_2,20000,12829
7370214,I2_1,10000,4765
302655680,I2_2,20000,8074
971308978,I2_1,10000,6880
792601624,I2_1,10000,6430
247604136,I2_2,20000,11662
653951009,I2_2,20000,13791
710637802,I2_1,10000,5338
971271386,I2_2,20000,15862
313225943,I2_2,20000,9264
833756338,I2_2,20000,9771
563249472,I2_2,20000,9632
489346261,I2_1,10000,5303
203473347,I2_2,20000,5446
6892176,I2_1,10000,3760
952447933,I2_2,20000,7092
278286459,I2_2,20000,4456
526169127,I2_1,10000,2880
716819478,I2_1,10000,2586
20163496,I2_1,10000,2680
375816373,I2_1,10000,2659
637573974,I2_2,20000,5225
335329934,I2_2,20000,4749
974088239,I2_1,10000,4914
544802294,I2_1,10000,4359
440590785,I2_2,20000,5615
733760361,I2_2,20000,4492
813446657,I2_2,20000,5449
870266482,I2_2,20000,5305
109177314,I2_2,20000,6502
891854487,I2_2,20000,8582
237124394,I2_1,10000,3424
185505801,I2_1,10000,4049
365899626,I2_2,20000,4876
632880720,I2_1,10000,5012
323489194,I2_1,10000,3372
985792020,I2_1,10000,3216
32906966,I2_2,20000,5510
117954803,I2_2,20000,4431
201554776,I2_2,20000,4412
124420418,I2_1,10000,4228
209508552,I2_2,20000,6852
827123285,I2_2,20000,6882
527887713,I2_1,10000,6321
523401619,I2_2,20000,8944
469082778,I2_1,10000,6319
429090880,I2_2,20000,10553
260096894,I2_2,20000,10036
609330773,I2_1,10000,5329
257152634,I2_1,10000,5290
466422043,I2_2,20000,11657
274448353,I2_1,10000,5343
778465511,I2_1,10000,3722
616800846,I2_2,20000,4757
178056589,I2_1,10000,2386
411943789,I2_1,10000,2401
608891791,I2_2,20000,4964
12759382,I2_1,10000,2742
838739036,I2_2,20000,4893
827129721,I2_2,20000,4427
472562250,I2_1,10000,3445
87941457,I2_1,10000,2606
805800415,I2_2,20000,4520
62392077,I2_1,10000,4007
905727840,I2_1,10000,2613
499908114,I2_2,20000,5539
70983667,I2_1,10000,4496
509493563,I2_1,10000,4056
110330894,I2_1,10000,5175
407148226,I2_1,10000,6156
936092282,I2_1,10000,3927
976502113,I2_1,10000,2603
947272130,I2_1,10000,2572
45839674,I2_1,10000,2488
634264632,I2_1,10000,2864
51368313,I2_2,20000,5055
643170975,I2_2,20000,7170
876073436,I2_2,20000,8603
281558339,I2_2,20000,9664
759062569,I2_1,10000,4866
394810868,I2_1,10000,5391
957642994,I2_2,20000,14020
631237085,I2_2,20000,14518
881474744,I2_2,20000,17171
782008444,I2_1,10000,6952
452866493,I2_1,10000,4283
460397055,I2_2,20000,12854
398918154,I2_2,20000,13352
434059466,I2_2,20000,15449
589884566,I2_2,20000,11212
830123233,I2_1,10000,4876
537479469,I2_1,10000,3796
948453608,I2_2,20000,12224
719694714,I2_1,10000,5312
770481620,I2_1,10000,4200
375686086,I2_1,10000,5374
412977856,I2_2,20000,11324
210365427,I2_1,10000,4418
736025726,I2_1,10000,3851
926155028,I2_2,20000,4421
320859315,I2_1,10000,3288
921076347,I2_1,10000,4386
124573593,I2_1,10000,3581
775616240,I2_1,10000,3989
312331165,I2_1,10000,2913
710190792,I2_2,20000,5549
608886295,I2_1,10000,4807
722374694,I2_1,10000,4723
180883483,I2_2,20000,5262
60715608,I2_2,20000,5350
108253102,I2_2,20000,7409
987506453,I2_2,20000,8079
78442840,I2_2,20000,8015
708159906,I2_1,10000,4320
319005419,I2_2,20000,6437
556536012,I2_2,20000,7429
282828594,I2_2,20000,5293
873571794,I2_1,10000,4652
506164137,I2_2,20000,8423
165723653,I2_1,10000,3726
572334926,I2_2,20000,10941
484277464,I2_2,20000,8439
48774493,I2_2,20000,10534
31977199,I2_1,10000,5225
470022187,I2_2,20000,13727
767532961,I2_1,10000,4723
906601140,I2_2,20000,13740
407473389,I2_1,10000,4275
862625565,I2_2,20000,15310
533470584,I2_1,10000,5304
379754040,I2_2,20000,14820
471840746,I2_1,10000,5262
944614954,I2_2,20000,15314
88454823,I2_2,20000,17994
523900829,I2_2,20000,19545
121101734,I2_1,10000,7925
412970071,I2_2,20000,11302
8604832,I2_1,10000,5302
888982910,I2_1,10000,5852
467080445,I2_1,10000,7419
591837308,I2_1,10000,5308
765374671,I2_2,20000,13751
695080255,I2_2,20000,15818
990520122,I2_2,20000,12137
38756768,I2_2,20000,12568
158619079,I2_1,10000,6881
50666269,I2_1,10000,4156
610262673,I2_2,20000,7537
854840131,I2_1,10000,5334
778524877,I2_1,10000,2531
894544786,I2_1,10000,2708
799163653,I2_1,10000,2680
267854351,I2_1,10000,3047
188833655,I2_2,20000,7000
567985077,I2_2,20000,6753
786804017,I2_1,10000,4466
355179660,I2_2,20000,8634
260003718,I2_2,20000,9598
324350393,I2_2,20000,12782
176623493,I2_2,20000,13850
927365960,I2_1,10000,4784
779288772,I2_1,10000,5357
408250714,I2_2,20000,15344
365796529,I2_1,10000,7168
171582107,I2_2,20000,17341
430612088,I2_2,20000,12561
55203876,I2_2,20000,14400
180969363,I2_2,20000,9924
102113628,I2_2,20000,10985
902212826,I2_1,10000,6291
395732956,I2_2,20000,8550
234589588,I2_2,20000,5873
624406986,I2_1,10000,3834
900808027,I2_1,10000,4230
380644647,I2_2,20000,7233
240682927,I2_1,10000,5246
944018817,I2_2,20000,7356
995886035,I2_2,20000,7556
425074630,I2_2,20000,6536
691794005,I2_1,10000,2557
366343020,I2_1,10000,3622
369634845,I2_1,10000,3454
319787957,I2_1,10000,3014
375755786,I2_1,10000,3741
994510345,I2_1,10000,3608
549589216,I2_1,10000,4597
516102349,I2_1,10000,3487
604391104,I2_1,10000,4162
128734469,I2_1,10000,4118
396793656,I2_2,20000,6095
797354775,I2_1,10000,6493
687296263,I2_1,10000,5365
807190002,I2_1,10000,6967
255166456,I2_2,20000,10673
994470125,I2_2,20000,12479
172970610,I2_2,20000,11887
116252067,I2_1,10000,4436
770805862,I2_2,20000,6789
457172882,I2_2,20000,5099
987978641,I2_2,20000,4638
265739843,I2_1,10000,3950
172838262,I2_1,10000,4470
558468171,I2_2,20000,6691
829080915,I2_2,20000,7638
692649774,I2_2,20000,5991
791877481,I2_1,10000,4236
50975994,I2_2,20000,7166
527818027,I2_1,10000,3349
698113743,I2_2,20000,4965
301690812,I2_1,10000,4913
889205376,I2_1,10000,5484
195180546,I2_2,20000,4435
313353135,I2_1,10000,2829
184352458,I2_1,10000,2529
602739966,I2_1,10000,2954
299601937,I2_1,10000,2533
503848436,I2_1,10000,3549
611241666,I2_2,20000,4651
188484826,I2_2,20000,5538
863768801,I2_1,10000,2997
201669109,I2_2,20000,8982
49021086,I2_1,10000,4069
642075360,I2_1,10000,4612
449957716,I2_1,10000,4489
337114220,I2_1,10000,4897
687156034,I2_1,10000,5392
934399490,I2_2,20000,8068
835710065,I2_1,10000,5356
363329260,I2_2,20000,11743
538995875,I2_2,20000,6880
937599760,I2_1,10000,4114
293767438,I2_2,20000,9036
428026742,I2_2,20000,8685
198645991,I2_1,10000,4114
864198587,I2_1,10000,3611
860569520,I2_1,10000,3470
989780747,I2_1,10000,3955
670944458,I2_2,20000,6188
145243127,I2_2,20000,5517
698022930,I2_2,20000,4601
371190670,I2_2,20000,5428
233488828,I2_2,20000,7159
283832272,I2_2,20000,5460
282971427,I2_1,10000,4911
52460053,I2_2,20000,5321
383283214,I2_2,20000,4475
44499330,I2_2,20000,4992
16889379,I2_2,20000,4473
932298085,I2_1,10000,4942
578578041,I2_1,10000,3605
892929318,I2_2,20000,6097
308913762,I2_2,20000,6751
458790452,I2_2,20000,7866
957432591,I2_1,10000,4946
695526731,I2_1,10000,5472
527225465,I2_1,10000,6578
61300177,I2_1,10000,7063
125490045,I2_1,10000,4373
718163052,I2_2,20000,11854
385819545,I2_2,20000,8499
706584941,I2_2,20000,10606
652226091,I2_1,10000,5208
658004886,I2_2,20000,12595
411686378,I2_2,20000,11542
854337848,I2_2,20000,12607
948302759,I2_1,10000,4807
740023906,I2_1,10000,5336
726689456,I2_2,20000,15765
485123294,I2_1,10000,6758
675377573,I2_1,10000,7275
557633255,I2_2,20000,10998
383248774,I2_1,10000,5335
473175136,I2_2,20000,6961
871339207,I2_2,20000,9105
619678357,I2_1,10000,5324
933210537,I2_2,20000,9533
216383347,I2_2,20000,10469
57135526,I2_2,20000,12592
204621657,I2_2,20000,14205
516749568,I2_2,20000,14035
692769182,I2_1,10000,6316
838044861,I2_2,20000,17245
375940146,I2_2,20000,16710
262246063,I2_1,10000,5778
151322297,I2_2,20000,8059
831624265,I2_2,20000,5543
140772789,I2_2,20000,5261
724927344,I2_1,10000,3875
300775100,I2_1,10000,2730
206859600,I2_1,10000,3103
654755685,I2_1,10000,4151
638668632,I2_1,10000,5691
424061533,I2_1,10000,6372
679622803,I2_1,10000,6323
363255158,I2_2,20000,9636
149114552,I2_2,20000,11619
418113614,I2_1,10000,5966
539302525,I2_2,20000,5784
759874742,I2_1,10000,2754
908876752,I2_2,20000,6425
230856073,I2_2,20000,6960
710364093,I2_1,10000,3928
981549686,I2_2,20000,10512
508648080,I2_2,20000,10498
296534148,I2_2,20000,11418
367043790,I2_1,10000,2682
290573198,I2_2,20000,10689
104088769,I2_1,10000,5276
536200604,I2_1,10000,5856
238740919,I2_1,10000,6025
482825733,I2_1,10000,5848
844267157,I2_1,10000,3712
287432494,I2_2,20000,10119
256065483,I2_1,10000,3688
966699946,I2_2,20000,11301
885958625,I2_2,20000,11791
167512894,I2_1,10000,4336
111484838,I2_2,20000,6659
564007457,I2_2,20000,8103
394481738,I2_2,20000,5950
68851593,I2_1,10000,5324
506642997,I2_1,10000,4603
908279190,I2_1,10000,5150
375669542,I2_2,20000,8552
485321485,I2_2,20000,4959
832813281,I2_1,10000,4325
829279532,I2_2,20000,5344
631194118,I2_2,20000,5347
124737884,I2_2,20000,5596
516343626,I2_2,20000,4443
655480063,I2_2,20000,6519
888062303,I2_1,10000,2767
428960550,I2_1,10000,2590
539516555,I2_1,10000,2608
6790224,I2_1,10000,2632
936893393,I2_1,10000,3709
301699852,I2_2,20000,4885
46934134,I2_1,10000,2493
46519471,I2_1,10000,2663
508338628,I2_2,20000,5302
887704537,I2_1,10000,2660
865687435,I2_1,10000,2831
49766637,I2_1,10000,2649
484582105,I2_1,10000,2766
25909923,I2_1,10000,3995
96237038,I2_1,10000,3994
135288940,I2_1,10000,3947
70845153,I2_2,20000,6359
284682097,I2_2,20000,4760
625067518,I2_1,10000,2726
337300058,I2_1,10000,3638
858650206,I2_1,10000,4228
527828557,I2_1,10000,5342
669485923,I2_2,20000,6316
611388698,I2_1,10000,4777
127695039,I2_1,10000,3019
129500606,I2_2,20000,8100
798708688,I2_1,10000,5171
460519192,I2_2,20000,8662
711390954,I2_2,20000,9730
96892560,I2_1,10000,6178
482359236,I2_2,20000,9404
780129866,I2_2,20000,11578
51692290,I2_2,20000,8801
73895034,I2_1,10000,5369
865173853,I2_1,10000,5952
306416965,I2_1,10000,5309
522165681,I2_2,20000,14611
390008163,I2_2,20000,16762
147167752,I2_2,20000,16181
531155035,I2_2,20000,16660
926125098,I2_1,10000,5381
239259553,I2_2,20000,10279
44437376,I2_1,10000,4735
179501560,I2_2,20000,12934
538520833,I2_2,20000,11184
188600596,I2_2,20000,12800
158521832,I2_2,20000,14256
252103048,I2_1,10000,5806
160959162,I2_1,10000,4258
482761991,I2_2,20000,11789
291046464,I2_1,10000,4510
639365377,I2_2,20000,6144
302717259,I2_1,10000,4937
204462575,I2_1,10000,2891
154327507,I2_2,20000,10579
380733414,I2_1,10000,4509
43865115,I2_1,10000,3910
483517063,I2_1,10000,4468
105635575,I2_1,10000,5137
87218383,I2_2,20000,5529
903435459,I2_1,10000,3468
30997345,I2_1,10000,2472
875946012,I2_2,20000,5554
315758665,I2_1,10000,4993
685869069,I2_1,10000,4412
806121751,I2_2,20000,7695
448202264,I2_2,20000,7646
485258370,I2_1,10000,2894
773163444,I2_2,20000,5965
443337631,I2_2,20000,8160
135723349,I2_2,20000,7767
525398051,I2_2,20000,8702
7958508,I2_2,20000,8755
27078215,I2_2,20000,7878
167474481,I2_2,20000,10050
586976651,I2_1,10000,3817
873155504,I2_1,10000,4342
746764910,I2_2,20000,11720
444141254,I2_2,20000,12927
76061161,I2_2,20000,12427
873294453,I2_2,20000,15063
408880751,I2_1,10000,6943
428435604,I2_1,10000,6406
826105718,I2_2,20000,14935
827407834,I2_2,20000,13714
408291051,I2_2,20000,9904
532960852,I2_2,20000,9231
558978080,I2_2,20000,8653
522012670,I2_2,20000,5795
258242074,I2_2,20000,6905
847960869,I2_1,10000,4352
845221562,I2_2,20000,7645
777678423,I2_1,10000,5274
973945440,I2_1,10000,4199
830151275,I2_2,20000,10056
364028660,I2_1,10000,4188
782446210,I2_2,20000,11002
700870840,I2_2,20000,14430
497921776,I2_2,20000,13846
834047931,I2_1,10000,4971
630568606,I2_2,20000,7113
703539831,I2_2,20000,5903
394641271,I2_1,10000,5341
978196219,I2_2,20000,4903
996611286,I2_2,20000,4401
52488153,I2_1,10000,2449
520106672,I2_1,10000,2794
325529360,I2_1,10000,2775
823553021,I2_1,10000,3884
667223262,I2_1,10000,3997
510637686,I2_1,10000,3378
374409992,I2_1,10000,2797
35402576,I2_2,20000,5527
652330086,I2_2,20000,5519
386665832,I2_1,10000,4300
83451603,I2_2,20000,6379
402927435,I2_1,10000,4244
262227835,I2_1,10000,5310
422593440,I2_1,10000,2399
50828205,I2_1,10000,3451
640134529,I2_1,10000,3325
271130161,I2_1,10000,2764
978480571,I2_2,20000,5053
202682156,I2_1,10000,4527
872779490,I2_2,20000,4470
430929610,I2_2,20000,4574
299215781,I2_2,20000,5543
636148946,I2_2,20000,4518
986315039,I2_1,10000,4005
226112677,I2_1,10000,2892
12023219,I2_1,10000,4454
741027933,I2_2,20000,6643
933805307,I2_2,20000,7275
530618396,I2_2,20000,6813
14403324,I2_2,20000,4701
246126051,I2_1,10000,4152
442096639,I2_1,10000,4540
941796144,I2_2,20000,5696
63290352,I2_2,20000,6112
62740402,I2_1,10000,2999
435209373,I2_1,10000,3660
890827341,I2_2,20000,6437
852174272,I2_2,20000,5786
92655706,I2_1,10000,4472
813468730,I2_2,20000,5118
432304702,I2_2,20000,7262
901377251,I2_2,20000,5500
574874883,I2_1,10000,5033
556087898,I2_1,10000,2568
16725919,I2_1,10000,3089
285301454,I2_2,20000,4978
269485348,I2_2,20000,6764
143738202,I2_1,10000,4622
282472889,I2_1,10000,5138
585596694,I2_1,10000,5697
147576700,I2_2,20000,6343
225057109,I2_2,20000,5737
805636876,I2_1,10000,3131
829722892,I2_1,10000,3395
512813124,I2_2,20000,7636
314264187,I2_1,10000,5365
408236867,I2_2,20000,7482
33777154,I2_2,20000,9433
52301126,I2_2,20000,6642
739676571,I2_1,10000,4525
364504642,I2_1,10000,2943
321185171,I2_1,10000,3734
410545876,I2_2,20000,6713
33746522,I2_1,10000,3044
392972695,I2_1,10000,3188
492897236,I2_1,10000,2605
493661833,I2_1,10000,2940
913459689,I2_1,10000,4060
343037236,I2_2,20000,6763
627853552,I2_1,10000,5164
574339542,I2_1,10000,4403
147495402,I2_2,20000,8718
113237470,I2_1,10000,5498
414095395,I2_2,20000,9225
23237720,I2_2,20000,8702
589623410,I2_1,10000,6142
269167540,I2_1,10000,6627
648869089,I2_1,10000,4976
234065299,I2_2,20000,9814
218393032,I2_1,10000,4450
130464983,I2_2,20000,12849
124037873,I2_2,20000,4669
953507695,I2_1,10000,3141
694876975,I2_1,10000,4213
881853884,I2_1,10000,4316
834427999,I2_2,20000,7820
690163849,I2_1,10000,5693
633132793,I2_1,10000,5617
796641546,I2_1,10000,6887
223753409,I2_2,20000,5036
157060433,I2_2,20000,4413
886079083,I2_1,10000,3388
50292986,I2_1,10000,4092
277996296,I2_2,20000,5373
708956098,I2_2,20000,5194
511651860,I2_1,10000,4212
842163045,I2_1,10000,5778
921597951,I2_1,10000,5261
2325650,I2_2,20000,10108
775872288,I2_1,10000,4169
959889270,I2_2,20000,8459
30088845,I2_2,20000,8427
934741306,I2_2,20000,5379
950790244,I2_2,20000,5207
645346866,I2_1,10000,2463
853493727,I2_2,20000,4911
349899617,I2_2,20000,4908
70019850,I2_1,10000,4352
397216753,I2_2,20000,7583
430271721,I2_1,10000,4433
187368616,I2_2,20000,6463
12174981,I2_1,10000,5393
681032439,I2_1,10000,2974
802717984,I2_2,20000,5708
907190515,I2_1,10000,5082
336334333,I2_1,10000,5599
82827795,I2_1,10000,5067
701786570,I2_1,10000,5722
610472040,I2_2,20000,10192
673913929,I2_1,10000,5106
335721074,I2_1,10000,3996
817712495,I2_2,20000,12355
483394562,I2_1,10000,5087
807677037,I2_1,10000,3491
690149232,I2_1,10000,2490
38318203,I2_1,10000,2564
955475922,I2_1,10000,2481
600424542,I2_2,20000,5496
591613325,I2_2,20000,5136
660908207,I2_1,10000,3533
553123816,I2_2,20000,5592
951531467,I2_2,20000,5412
53552551,I2_2,20000,6135
385858521,I2_1,10000,4504
816224112,I2_2,20000,6301
576780255,I2_2,20000,7433
496120786,I2_1,10000,3805
868901592,I2_1,10000,3898
128429070,I2_1,10000,4054
12701693,I2_1,10000,5090
265096014,I2_1,10000,2591
134929135,I2_1,10000,3150
518591885,I2_2,20000,5416
508931387,I2_1,10000,4352
842296907,I2_2,20000,5691
992164608,I2_1,10000,5049
18372759,I2_2,20000,8387
436798179,I2_1,10000,5550
144252946,I2_1,10000,5041
720737443,I2_1,10000,5080
918037469,I2_2,20000,11105
135035426,I2_1,10000,6610
105421759,I2_1,10000,7711
258028158,I2_1,10000,9200
537842462,I2_1,10000,7604
451179247,I2_2,20000,16770
999963435,I2_2,20000,17711
273922566,I2_1,10000,9530
928600033,I2_2,20000,19328
115168225,I2_2,20000,19671
536456098,I2_2,20000,21691
429753488,I2_2,20000,19404
417705059,I2_2,20000,21453
34549881,I2_2,20000,22386
393344631,I2_2,20000,17949
922873402,I2_2,20000,17847
956960263,I2_1,10000,5443
486789392,I2_1,10000,3741
400490949,I2_2,20000,4581
476164304,I2_2,20000,4725
114340038,I2_2,20000,4488
975706129,I2_1,10000,4409
499497954,I2_1,10000,3777
428248253,I2_1,10000,3684
197227025,I2_2,20000,5210
161034804,I2_1,10000,4602
556706231,I2_1,10000,5105
777342293,I2_1,10000,4482
619001112,I2_2,20000,8880
140868227,I2_2,20000,7367
696952643,I2_1,10000,2704
626283006,I2_2,20000,4562
223048092,I2_1,10000,5119
478508454,I2_1,10000,3993
996569873,I2_2,20000,4610
185293431,I2_2,20000,4625
219584053,I2_1,10000,4127
538405982,I2_1,10000,3119
393569877,I2_1,10000,4315
590421647,I2_2,20000,6432
248870440,I2_1,10000,4101
414362398,I2_2,20000,5629
225833413,I2_1,10000,3103
758510673,I2_1,10000,4305
427468905,I2_1,10000,3711
488455221,I2_1,10000,3675
847114291,I2_1,10000,3500
316951387,I2_2,20000,5444
497769642,I2_2,20000,4582
371956670,I2_1,10000,2555
398186061,I2_2,20000,5013
988529127,I2_1,10000,3552
615345720,I2_2,20000,8259
244133732,I2_2,20000,8348
596531615,I2_1,10000,5469
400531335,I2_2,20000,9915
58309749,I2_2,20000,10255
127811895,I2_2,20000,9148
327477007,I2_1,10000,4971
198223800,I2_2,20000,12301
874884494,I2_2,20000,4689
574613436,I2_1,10000,3158
184912749,I2_1,10000,2905
863781820,I2_2,20000,4618
421083814,I2_1,10000,4051
931776083,I2_1,10000,3091
934089494,I2_1,10000,2920
876972189,I2_1,10000,3103
571767243,I2_1,10000,3876
171062383,I2_1,10000,4081
829329983,I2_1,10000,2605
850336273,I2_1,10000,4053
328906285,I2_1,10000,2981
31770164,I2_2,20000,5774
942041648,I2_1,10000,2986
70282626,I2_1,10000,4163
382789595,I2_2,20000,6426
303453480,I2_1,10000,4696
442636258,I2_1,10000,5773
751119645,I2_1,10000,5137
115001382,I2_1,10000,4058
311698093,I2_2,20000,4673
345001257,I2_1,10000,5299
16569809,I2_1,10000,6344
368880367,I2_2,20000,6700
550521377,I2_1,10000,3250
658645999,I2_2,20000,4707
796835641,I2_1,10000,4049
900857962,I2_1,10000,5142
967166342,I2_2,20000,5115
825085791,I2_1,10000,4600
468525172,I2_1,10000,4548
335256733,I2_1,10000,3849
963594482,I2_2,20000,11103
62031588,I2_1,10000,5443
952573422,I2_1,10000,5978
745269425,I2_2,20000,14265
978655751,I2_2,20000,14224
156045510,I2_2,20000,14738
465066383,I2_2,20000,10899
722870579,I2_1,10000,4966
588685618,I2_1,10000,5608
527511911,I2_2,20000,10777
334436159,I2_2,20000,6401
978461650,I2_2,20000,5567
925994445,I2_2,20000,5084
138575386,I2_1,10000,4406
527064136,I2_2,20000,7853
130293016,I2_2,20000,8774
119529558,I2_1,10000,2645
65936756,I2_1,10000,2668
65830750,I2_1,10000,2711
470062829,I2_1,10000,2799
750917788,I2_2,20000,5962
669374759,I2_1,10000,4300
622384399,I2_1,10000,4470
404388032,I2_2,20000,8126
615966764,I2_1,10000,5935
880916776,I2_1,10000,5532
409368248,I2_2,20000,10895
794702118,I2_1,10000,5989
758300664,I2_1,10000,5575
790687864,I2_2,20000,12471
140471884,I2_1,10000,4951
104106942,I2_1,10000,4398
710241008,I2_2,20000,8373
886576403,I2_1,10000,4473
393212385,I2_2,20000,12122
240244745,I2_1,10000,4968
175772214,I2_2,20000,12135
961946751,I2_1,10000,5973
46615192,I2_1,10000,4395
908055613,I2_2,20000,16343
482087547,I2_2,20000,15082
673449366,I2_2,20000,15622
286696566,I2_2,20000,15891
883455297,I2_2,20000,16330
162225895,I2_2,20000,17921
695065221,I2_1,10000,6872
517489845,I2_1,10000,6124
885589805,I2_2,20000,14795
537439413,I2_2,20000,16030
610906363,I2_2,20000,4701
951779728,I2_2,20000,6090
182940245,I2_1,10000,4295
978346422,I2_2,20000,7452
2486571,I2_2,20000,8431
875040766,I2_2,20000,4583
750988698,I2_2,20000,5669
928754680,I2_1,10000,5121
999654292,I2_2,20000,7237
88650588,I2_1,10000,5364
452545167,I2_1,10000,4738
719534828,I2_1,10000,5979
24250766,I2_2,20000,12611
91156115,I2_1,10000,6882
10753038,I2_1,10000,6420
936956338,I2_1,10000,5881
35563582,I2_2,20000,12219
823956864,I2_2,20000,6652
213539807,I2_2,20000,6577
197142855,I2_1,10000,3410
180172113,I2_2,20000,5657
394146641,I2_1,10000,3940
486160570,I2_1,10000,4499
323677682,I2_2,20000,5634
30230519,I2_1,10000,3357
128811452,I2_1,10000,2574
270256055,I2_2,20000,5983
530368030,I2_2,20000,4513
446814406,I2_2,20000,6628
591164721,I2_2,20000,4561
825250258,I2_1,10000,5630
930824465,I2_1,10000,6140
504912411,I2_1,10000,4949
972908610,I2_1,10000,6084
538262553,I2_1,10000,5587
332437711,I2_2,20000,4451
114252666,I2_2,20000,5362
179506259,I2_1,10000,3392
722702166,I2_2,20000,4742
369421136,I2_1,10000,5109
754511464,I2_1,10000,2973
349074470,I2_1,10000,2535
809781307,I2_1,10000,2591
32319119,I2_1,10000,2473
478082072,I2_1,10000,2714
11728531,I2_1,10000,3873
154702873,I2_1,10000,3256
134801571,I2_2,20000,6110
913976329,I2_1,10000,2869
438181035,I2_2,20000,8884
335002286,I2_1,10000,3627
450537609,I2_1,10000,2911
482216058,I2_2,20000,5790
162868940,I2_1,10000,2549
218262907,I2_1,10000,2901
341763166,I2_2,20000,5147
415038467,I2_2,20000,4612
676319938,I2_1,10000,2659
803625883,I2_1,10000,3850
874211828,I2_1,10000,3016
323791586,I2_2,20000,4597
705371852,I2_1,10000,5074
515664494,I2_1,10000,4961
748745931,I2_2,20000,5105
473540755,I2_1,10000,2950
553554802,I2_2,20000,5537
75879779,I2_2,20000,5519
538098758,I2_2,20000,4711
944939206,I2_2,20000,5611
94482569,I2_1,10000,3072
756231511,I2_2,20000,4646
744180420,I2_2,20000,4900
341908767,I2_2,20000,4663
995950852,I2_2,20000,4699
936537120,I2_2,20000,4696
977805746,I2_1,10000,2763
264169856,I2_2,20000,6254
989627030,I2_2,20000,5809
568532545,I2_2,20000,7946
979284394,I2_1,10000,4613
544007517,I2_1,10000,3927
297515317,I2_1,10000,3912
348879790,I2_2,20000,10663
887050664,I2_2,20000,10615
877718519,I2_1,10000,6679
776950580,I2_1,10000,6154
745521825,I2_1,10000,7203
126012851,I2_1,10000,5048
870376199,I2_1,10000,6147
607612311,I2_1,10000,7762
990894267,I2_1,10000,7227
916724689,I2_2,20000,15286
607762042,I2_2,20000,13591
368662811,I2_2,20000,14553
812174763,I2_2,20000,15548
817628490,I2_2,20000,13291
45468970,I2_2,20000,10080
237603038,I2_1,10000,5242
331787623,I2_2,20000,10027
803477817,I2_1,10000,3719
983675240,I2_2,20000,11581
819307245,I2_2,20000,8960
777845877,I2_2,20000,9488
375211545,I2_1,10000,4334
690254221,I2_2,20000,11057
54767007,I2_1,10000,4696
561738539,I2_1,10000,5256
655360863,I2_2,20000,12683
14788956,I2_1,10000,5991
546443258,I2_1,10000,4812
170477673,I2_1,10000,6394
690036910,I2_1,10000,4932
514681809,I2_2,20000,11777
896029489,I2_1,10000,4805
200385842,I2_1,10000,4261
772234672,I2_2,20000,11069
909094096,I2_1,10000,5310
554154134,I2_2,20000,12439
199616229,I2_1,10000,3020
795668936,I2_1,10000,4151
41336286,I2_1,10000,5337
744050908,I2_1,10000,5417
76735337,I2_2,20000,4653
236746205,I2_1,10000,2930
706415344,I2_2,20000,4654
72540000,I2_1,10000,2954
235176631,I2_1,10000,3437
318319949,I2_2,20000,4592
424802236,I2_1,10000,2896
377059206,I2_1,10000,2961
24120281,I2_1,10000,2761
628241070,I2_2,20000,6126
981276028,I2_2,20000,5028
179407121,I2_1,10000,4372
585493042,I2_2,20000,8694
587676129,I2_2,20000,8595
121917282,I2_2,20000,9673
607918096,I2_1,10000,3866
861420946,I2_1,10000,5022
167292575,I2_2,20000,4509
443941131,I2_1,10000,2930
602063415,I2_2,20000,5571
2468082,I2_1,10000,4988
17907732,I2_1,10000,3378
448239103,I2_1,10000,4674
462864860,I2_1,10000,4513
32206081,I2_1,10000,2468
474568810,I2_2,20000,4568
742309959,I2_2,20000,6697
338187442,I2_1,10000,2974
70200176,I2_2,20000,4998
880638106,I2_1,10000,4986
875684206,I2_2,20000,5631
861944142,I2_2,20000,7181
975621022,I2_2,20000,5461
333693707,I2_1,10000,4887
213909616,I2_1,10000,3017
943469469,I2_2,20000,4750
575106444,I2_2,20000,5607
120573372,I2_1,10000,3282
965041975,I2_1,10000,3801
98489816,I2_2,20000,6536
229434447,I2_2,20000,4977
20110796,I2_2,20000,4992
708443080,I2_2,20000,6499
968501394,I2_1,10000,3870
445373842,I2_1,10000,4375
400826646,I2_1,10000,6053
521785637,I2_2,20000,11991
730718506,I2_1,10000,3835
997377849,I2_2,20000,8805
215632826,I2_1,10000,4872
160683525,I2_1,10000,6076
526292755,I2_2,20000,10437
58870416,I2_1,10000,4982
822584302,I2_1,10000,6137
915518992,I2_1,10000,8178
465024560,I2_1,10000,7181
410993966,I2_1,10000,5002
330277059,I2_2,20000,6065
351072791,I2_1,10000,5409
88553649,I2_2,20000,5438
999084225,I2_1,10000,3854
862655615,I2_2,20000,5950
845568478,I2_1,10000,5902
50289234,I2_2,20000,7539
547880517,I2_1,10000,4857
4891850,I2_2,20000,11505
727492668,I2_2,20000,4719
387674800,I2_1,10000,3102
544602481,I2_1,10000,3823
90341555,I2_2,20000,6780
36015278,I2_2,20000,6123
137537080,I2_1,10000,2852
640049854,I2_1,10000,4465
648166171,I2_2,20000,4830
904968296,I2_1,10000,4897
865219471,I2_2,20000,5762
308696231,I2_1,10000,3473
560325559,I2_1,10000,2866
563086871,I2_2,20000,5162
427263483,I2_1,10000,4627
858727178,I2_1,10000,2915
438424309,I2_2,20000,4600
42600238,I2_2,20000,6563
185715849,I2_1,10000,2756
761082991,I2_1,10000,4249
224165875,I2_1,10000,4411
14303973,I2_2,20000,4880
629958914,I2_2,20000,5816
595565957,I2_1,10000,2579
650392582,I2_1,10000,3597
639819622,I2_2,20000,4510
587916695,I2_1,10000,2874
291452210,I2_2,20000,6535
832393047,I2_2,20000,5384
929847263,I2_1,10000,2480
13333290,I2_1,10000,2497
594162469,I2_2,20000,4587
535578352,I2_2,20000,6670
931688582,I2_2,20000,7616
432114252,I2_2,20000,7494
830256266,I2_2,20000,7162
505761181,I2_1,10000,3480
413561495,I2_2,20000,10269
380881955,I2_2,20000,4638
430760667,I2_2,20000,5845
295796254,I2_2,20000,6414
983462945,I2_2,20000,8416
292463662,I2_2,20000,8297
897944537,I2_1,10000,4750
715077908,I2_1,10000,6363
855788999,I2_2,20000,9456
286363392,I2_2,20000,9261
833514255,I2_1,10000,2444
494818615,I2_1,10000,2837
781788418,I2_1,10000,2467
821160828,I2_1,10000,2514
815836822,I2_2,20000,5383
589771145,I2_1,10000,4534
125610673,I2_1,10000,6195
109490013,I2_1,10000,4586
469133232,I2_2,20000,6854
449290953,I2_2,20000,7232
886845456,I2_2,20000,9358
236271436,I2_2,20000,5479
951515800,I2_2,20000,6771
421021714,I2_1,10000,3112
249455216,I2_1,10000,3813
62890155,I2_1,10000,2668
60211138,I2_1,10000,4291
490623044,I2_2,20000,4954
629013511,I2_1,10000,3962
658195000,I2_2,20000,7459
642033903,I2_1,10000,5405
707281572,I2_1,10000,3456
188903516,I2_1,10000,4329
288088951,I2_2,20000,5050
812607891,I2_2,20000,5587
287408939,I2_1,10000,4576
643292916,I2_1,10000,3014
649597275,I2_1,10000,2704
458662071,I2_1,10000,3854
806857625,I2_1,10000,4066
219322843,I2_1,10000,2786
128280383,I2_1,10000,2577
670755080,I2_1,10000,2860
887896210,I2_2,20000,5422
770920088,I2_2,20000,5121
254233305,I2_1,10000,2516
624417564,I2_1,10000,2597
870913111,I2_1,10000,3684
110416730,I2_1,10000,2612
66208514,I2_2,20000,5226
226867520,I2_2,20000,5039
879198924,I2_1,10000,5672
686927365,I2_1,10000,6385
661432061,I2_1,10000,4145
524460242,I2_2,20000,8677
487317973,I2_1,10000,4925
459147299,I2_1,10000,5307
226959471,I2_1,10000,5267
183519533,I2_1,10000,2739
849447817,I2_2,20000,4645
63024696,I2_2,20000,4713
482766484,I2_1,10000,2725
70879396,I2_1,10000,2893
554688079,I2_2,20000,5504
267305720,I2_1,10000,2982
598733808,I2_2,20000,5675
933999007,I2_1,10000,5119
27206623,I2_1,10000,4167
327736842,I2_2,20000,8534
122121550,I2_1,10000,2706
893663984,I2_1,10000,3784
386968052,I2_1,10000,2714
476195870,I2_2,20000,4856
642625359,I2_2,20000,4787
690992219,I2_1,10000,3153
781051554,I2_1,10000,2680
658796657,I2_1,10000,2677
589445882,I2_2,20000,4701
395403279,I2_1,10000,4173
23784845,I2_2,20000,6522
483076585,I2_2,20000,4737
243706453,I2_1,10000,4045
584812490,I2_1,10000,2755
870071407,I2_1,10000,3902
638822302,I2_1,10000,2979
145003600,I2_1,10000,3612
844804965,I2_1,10000,3071
820766614,I2_2,20000,5438
80387907,I2_1,10000,4972
848810515,I2_2,20000,6311
920420816,I2_1,10000,5766
441211237,I2_1,10000,6087
504944926,I2_2,20000,9570
732566239,I2_2,20000,10026
77506211,I2_2,20000,9322
174225907,I2_2,20000,6004
91516793,I2_1,10000,3474
601294728,I2_1,10000,2657
879253125,I2_2,20000,4896
164870216,I2_1,10000,5494
618487479,I2_1,10000,6704
575948279,I2_2,20000,7335
674306612,I2_1,10000,5187
988236445,I2_1,10000,5679
536594487,I2_2,20000,9020
327106133,I2_1,10000,5213
569043207,I2_2,20000,10120
712031560,I2_1,10000,5106
530914293,I2_2,20000,5895
195970685,I2_1,10000,4240
260659196,I2_1,10000,5399
374319375,I2_1,10000,3037
486206761,I2_2,20000,4648
315970624,I2_2,20000,5585
432386867,I2_2,20000,4894
840590145,I2_2,20000,5841
478191792,I2_1,10000,3101
958190778,I2_2,20000,7834
973276026,I2_1,10000,3838
726757757,I2_1,10000,4869
743553727,I2_2,20000,5699
196976713,I2_1,10000,4132
104186740,I2_1,10000,3583
134483226,I2_1,10000,3082
695337924,I2_2,20000,4770
899971562,I2_1,10000,3011
785342878,I2_1,10000,4129
800375023,I2_1,10000,2771
189693381,I2_1,10000,3910
272410445,I2_1,10000,2700
518097474,I2_1,10000,3905
823765672,I2_1,10000,4513
38729829,I2_2,20000,4734
627064281,I2_2,20000,4773
683247977,I2_1,10000,2739
689225845,I2_1,10000,3563
842533104,I2_2,20000,5430
845283557,I2_2,20000,7588
226652149,I2_1,10000,5190
31672618,I2_1,10000,5751
299867239,I2_2,20000,8426
342445671,I2_1,10000,5434
720649319,I2_2,20000,10063
589243830,I2_1,10000,2933
689591967,I2_1,10000,2707
151407201,I2_2,20000,4738
566467620,I2_2,20000,4739
468095699,I2_2,20000,5582
146668167,I2_2,20000,4614
326167016,I2_2,20000,7356
444065041,I2_1,10000,4469
729582170,I2_2,20000,5539
334883756,I2_1,10000,2638
219354869,I2_1,10000,2822
692976637,I2_2,20000,5466
61167778,I2_2,20000,4717
785702279,I2_1,10000,2773
206192940,I2_2,20000,5685
459624218,I2_2,20000,4774
396403587,I2_2,20000,6989
61459302,I2_1,10000,2987
393825006,I2_2,20000,5252
665226358,I2_2,20000,5060
692496119,I2_1,10000,5200
162233362,I2_2,20000,5913
582795451,I2_2,20000,4818
984678502,I2_1,10000,2867
927823539,I2_1,10000,2874
213832126,I2_2,20000,4861
382253590,I2_1,10000,3308
966070600,I2_1,10000,2794
666422285,I2_2,20000,5633
635447331,I2_2,20000,5004
241215657,I2_2,20000,4889
465300514,I2_1,10000,3360
542875481,I2_2,20000,5765
551523984,I2_2,20000,5756
572802040,I2_2,20000,8007
94017217,I2_2,20000,9169
957691377,I2_1,10000,6255
872608231,I2_1,10000,6942
142102276,I2_1,10000,5229
738480191,I2_1,10000,5337
585641432,I2_1,10000,6415
460532187,I2_1,10000,6996
411569326,I2_2,20000,15448
622691626,I2_1,10000,5022
627485223,I2_2,20000,14298
349105218,I2_2,20000,15968
861555259,I2_1,10000,6366
169769664,I2_1,10000,5680
667515796,I2_2,20000,18261
33485938,I2_2,20000,19311
262930473,I2_2,20000,15892
897198721,I2_1,10000,6197
493557436,I2_1,10000,7878
875271849,I2_2,20000,20241
190970737,I2_2,20000,21466
148088478,I2_2,20000,22252
697480268,I2_2,20000,22822
590051376,I2_2,20000,22700
185938956,I2_2,20000,24300
206822932,I2_2,20000,25778
314198271,I2_1,10000,15028
52884710,I2_2,20000,26670
721351219,I2_2,20000,26650
145598018,I2_1,10000,15998
317419470,I2_2,20000,28686
661909455,I2_2,20000,26820
734995973,I2_2,20000,28442
418736504,I2_1,10000,15994
792096557,I2_1,10000,12881
557438373,I2_1,10000,14517
104500859,I2_1,10000,9736
760147603,I2_2,20000,19449
813733653,I2_1,10000,7174
725339298,I2_2,20000,15716
45572959,I2_1,10000,5337
826391849,I2_2,20000,18178
14113320,I2_2,20000,14302
212407665,I2_2,20000,7225
671799284,I2_1,10000,3904
444011916,I2_1,10000,3746
949531763,I2_1,10000,2678
153000881,I2_2,20000,4661
11520995,I2_1,10000,4019
734117600,I2_1,10000,3115
591936763,I2_2,20000,5066
476239647,I2_1,10000,5591
100889962,I2_1,10000,3291
300660781,I2_2,20000,7136
44923724,I2_1,10000,3215
493077832,I2_2,20000,6098
547130303,I2_1,10000,3553
419013444,I2_2,20000,5602
265568134,I2_2,20000,7602
592967786,I2_2,20000,8502
257673331,I2_2,20000,9746
253282474,I2_2,20000,9588
127767571,I2_2,20000,11741
895452961,I2_2,20000,5622
11077682,I2_1,10000,3715
417464509,I2_2,20000,4664
434092774,I2_1,10000,3648
820584699,I2_1,10000,4251
406528690,I2_1,10000,3995
369868570,I2_2,20000,7608
754404193,I2_1,10000,3029
765910758,I2_2,20000,5299
199569248,I2_2,20000,4743
600829870,I2_2,20000,4870
370768285,I2_2,20000,7002
17057694,I2_2,20000,9121
452815282,I2_1,10000,3352
828523198,I2_2,20000,5111
773534043,I2_1,10000,5629
484765224,I2_1,10000,4674
744873302,I2_2,20000,7091
817021227,I2_1,10000,4581
628697191,I2_2,20000,6696
949998025,I2_2,20000,6093
476944963,I2_1,10000,4831
953273428,I2_1,10000,4089
413230915,I2_2,20000,10847
935566375,I2_2,20000,9527
793935140,I2_1,10000,4780
294190632,I2_1,10000,5429
756842915,I2_2,20000,10367
458700980,I2_2,20000,9982
907675108,I2_2,20000,5711
953614864,I2_1,10000,4115
886455835,I2_1,10000,4580
847687133,I2_2,20000,7849
188945794,I2_2,20000,7710
322153178,I2_2,20000,9861
313674012,I2_2,20000,6680
545489500,I2_1,10000,4848
987878562,I2_2,20000,8685
31157535,I2_1,10000,5715
151534548,I2_1,10000,5100
801447078,I2_2,20000,9781
364761495,I2_2,20000,9498
618706489,I2_2,20000,5548
958837758,I2_2,20000,8125
774012983,I2_1,10000,4307
908739422,I2_2,20000,7596
581712069,I2_2,20000,7409
138081221,I2_2,20000,6779
945363270,I2_2,20000,7248
359391124,I2_2,20000,7205
520709401,I2_2,20000,7439
527002244,I2_2,20000,7018
301763167,I2_2,20000,6015
431100545,I2_1,10000,5312
368176709,I2_2,20000,5566
387348510,I2_1,10000,2928
12835082,I2_1,10000,2647
572202606,I2_1,10000,2889
468147037,I2_1,10000,3035
605675122,I2_1,10000,2609
261340139,I2_1,10000,2798
198100173,I2_2,20000,5479
75338042,I2_1,10000,2749
407082121,I2_2,20000,4658
604389160,I2_1,10000,2885
939410387,I2_1,10000,2623
502430281,I2_1,10000,2737
78795722,I2_1,10000,3707
72535802,I2_1,10000,4213
152649285,I2_1,10000,4654
503512319,I2_2,20000,6464
826193663,I2_2,20000,4850
297654349,I2_1,10000,4295
144203226,I2_1,10000,4208
188790506,I2_1,10000,3664
807014911,I2_2,20000,5032
763169429,I2_1,10000,2640
723073833,I2_2,20000,5172
842608714,I2_1,10000,2745
93019980,I2_1,10000,2687
360162377,I2_1,10000,2596
785568027,I2_2,20000,4806
451437428,I2_1,10000,4127
767887684,I2_2,20000,5699
950670810,I2_1,10000,3875
163168472,I2_2,20000,9356
522181220,I2_2,20000,9812
648498761,I2_2,20000,7333
817793749,I2_1,10000,5219
544499379,I2_2,20000,5833
871932804,I2_1,10000,3923
296462057,I2_1,10000,3150
490926765,I2_2,20000,6801
917619487,I2_2,20000,5458
281878239,I2_1,10000,3511
91493425,I2_2,20000,5603
315387824,I2_1,10000,2591
476505086,I2_2,20000,4973
132054228,I2_1,10000,2711
227034261,I2_1,10000,3002
660035611,I2_1,10000,3436
725186483,I2_1,10000,3966
622610447,I2_2,20000,6287
569166920,I2_2,20000,5732
50410511,I2_2,20000,6676
459614077,I2_1,10000,3083
297551051,I2_1,10000,2680
148096243,I2_2,20000,5274
149071035,I2_1,10000,2672
905327716,I2_1,10000,3733
876347313,I2_1,10000,2682
741729311,I2_1,10000,2613
141302179,I2_2,20000,4699
457946194,I2_2,20000,5875
176578806,I2_2,20000,6342
432562571,I2_2,20000,7020
859826999,I2_1,10000,4136
488596325,I2_2,20000,10010
801067012,I2_2,20000,9876
539530603,I2_1,10000,2845
988038757,I2_2,20000,5703
930431541,I2_1,10000,6284
710588983,I2_1,10000,5521
513747589,I2_2,20000,10071
703013299,I2_1,10000,4419
110962126,I2_2,20000,11470
659627551,I2_1,10000,5461
971757659,I2_2,20000,15162
910527569,I2_2,20000,16327
235085751,I2_2,20000,16088
716744574,I2_2,20000,14088
487940633,I2_1,10000,4875
925352340,I2_1,10000,5042
740899869,I2_2,20000,14725
930969813,I2_1,10000,8285
982784893,I2_2,20000,17830
839356423,I2_1,10000,9361
2322351,I2_1,10000,8846
815259087,I2_1,10000,10019
460698284,I2_1,10000,6592
442081828,I2_2,20000,18509
118859820,I2_2,20000,12460
667723696,I2_2,20000,12244
218063598,I2_2,20000,14288
993128984,I2_2,20000,12184
662596437,I2_2,20000,12722
247128206,I2_2,20000,13653
563019222,I2_1,10000,5920
278753297,I2_2,20000,10162
398363772,I2_1,10000,7551
599837386,I2_1,10000,7008
951516934,I2_1,10000,7161
68336331,I2_1,10000,4352
81293544,I2_1,10000,3850
336924220,I2_2,20000,11718
769008135,I2_1,10000,4350
301981456,I2_2,20000,13350
75882575,I2_1,10000,5186
291941459,I2_2,20000,11117
859464014,I2_2,20000,8392
594674179,I2_2,20000,5330
820543391,I2_2,20000,5431
107855235,I2_2,20000,4981
451008471,I2_1,10000,3322
106188450,I2_2,20000,7649
781768020,I2_2,20000,4626
487353012,I2_1,10000,3028
29620823,I2_2,20000,4484
183890824,I2_2,20000,6498
924513074,I2_1,10000,5294
293089991,I2_1,10000,4256
919045878,I2_1,10000,3167
25938935,I2_2,20000,6543
639489914,I2_2,20000,4850
209263158,I2_1,10000,4243
248137572,I2_1,10000,5327
139377295,I2_1,10000,3125
848304108,I2_1,10000,3903
503335409,I2_2,20000,5731
96820085,I2_2,20000,8901
963806303,I2_1,10000,3938
776309253,I2_1,10000,5020
12301453,I2_2,20000,9302
753986748,I2_2,20000,10257
634613296,I2_1,10000,5396
489334883,I2_2,20000,10899
33565310,I2_2,20000,10283
380572845,I2_2,20000,6044
298375171,I2_2,20000,4959
29668037,I2_1,10000,3838
905788897,I2_1,10000,3830
736602690,I2_2,20000,6993
575716370,I2_1,10000,4242
545017368,I2_2,20000,7938
581919435,I2_1,10000,4678
979140771,I2_1,10000,3278
368578321,I2_1,10000,3818
728216328,I2_2,20000,5500
462092531,I2_2,20000,6499
211884154,I2_2,20000,8073
122207726,I2_2,20000,9021
836581189,I2_1,10000,5202
290595404,I2_2,20000,11580
663833890,I2_1,10000,3673
832621491,I2_2,20000,10032
159889561,I2_1,10000,4375
399916772,I2_1,10000,4829
964799888,I2_1,10000,6422
406460431,I2_2,20000,10079
996721184,I2_1,10000,3794
71850873,I2_1,10000,4389
365246010,I2_1,10000,4901
44729526,I2_2,20000,10754
887479023,I2_1,10000,4778
839190334,I2_1,10000,5322
671172995,I2_2,20000,10273
987370241,I2_1,10000,5391
250136952,I2_1,10000,6425
968570644,I2_1,10000,8071
96395220,I2_1,10000,4404
791222355,I2_2,20000,15604
545734061,I2_2,20000,13411
270393528,I2_2,20000,13396
948544714,I2_1,10000,5355
327144995,I2_1,10000,5296
116132740,I2_1,10000,5825
746571298,I2_1,10000,5770
198817607,I2_1,10000,7337
903712236,I2_2,20000,19146
537246964,I2_2,20000,19157
348808641,I2_2,20000,19264
745740545,I2_2,20000,18784
350310384,I2_1,10000,4562
288013712,I2_2,20000,5023
795458687,I2_1,10000,4399
20810253,I2_1,10000,4441
833565802,I2_2,20000,4874
155918657,I2_2,20000,4786
99659144,I2_2,20000,5265
254478541,I2_2,20000,6285
941416501,I2_1,10000,5818
338202187,I2_1,10000,4253
170985144,I2_2,20000,7400
656939261,I2_2,20000,6854
386930901,I2_1,10000,5960
754312978,I2_1,10000,6386
583289220,I2_2,20000,8555
146424013,I2_2,20000,5868
375076206,I2_2,20000,6907
690075244,I2_1,10000,4766
791363139,I2_1,10000,5203
819931435,I2_2,20000,9047
4253633,I2_2,20000,9928
881574450,I2_1,10000,5301
525867644,I2_2,20000,13621
802629548,I2_1,10000,5256
467641924,I2_1,10000,5729
825774832,I2_2,20000,13260
158592740,I2_1,10000,5828
801640683,I2_1,10000,5336
908352869,I2_2,20000,16355
742605597,I2_1,10000,4382
392168327,I2_2,20000,10241
776167088,I2_2,20000,4479
847815096,I2_1,10000,3921
500739702,I2_2,20000,4996
534393689,I2_1,10000,4447
95012580,I2_1,10000,3911
728299913,I2_1,10000,4887
670698133,I2_1,10000,4726
193958903,I2_2,20000,5541
258202192,I2_2,20000,5423
677008462,I2_2,20000,6502
766318475,I2_1,10000,4889
882802730,I2_1,10000,4885
776878430,I2_2,20000,4526
300199732,I2_1,10000,4087
493728609,I2_1,10000,3590
457435442,I2_1,10000,4734
478073822,I2_1,10000,5498
694253096,I2_1,10000,4931
352218711,I2_1,10000,4259
190818245,I2_2,20000,8623
169791911,I2_1,10000,6435
609776529,I2_1,10000,7069
489292788,I2_2,20000,12211
375619956,I2_2,20000,13190
11269666,I2_1,10000,5246
165110383,I2_2,20000,13121
207330653,I2_2,20000,11494
164903403,I2_2,20000,12761
697104294,I2_2,20000,11649
602204988,I2_1,10000,2767
680374895,I2_2,20000,5151
812917946,I2_1,10000,4055
933526093,I2_1,10000,5034
223322443,I2_1,10000,4916
244229411,I2_1,10000,4791
693528151,I2_1,10000,4303
638965983,I2_2,20000,10466
747428413,I2_2,20000,12047
608363709,I2_2,20000,14208
391479799,I2_1,10000,5355
775814941,I2_2,20000,14585
262780377,I2_2,20000,17791
758647101,I2_2,20000,18103
136340540,I2_2,20000,13239
605262232,I2_2,20000,14813
89338883,I2_1,10000,5804
537470976,I2_1,10000,5292
514589971,I2_2,20000,16245
711268715,I2_2,20000,15777
163479070,I2_2,20000,16639
705081062,I2_2,20000,19398
510934521,I2_2,20000,15184
459155334,I2_1,10000,6399
91766323,I2_1,10000,6387
713047705,I2_2,20000,11662
114189555,I2_1,10000,5240
153811795,I2_1,10000,4200
64817540,I2_2,20000,10874
199071212,I2_2,20000,13077
669579681,I2_2,20000,4541
810246903,I2_1,10000,2789
812111582,I2_1,10000,2965
529397580,I2_1,10000,4423
88173747,I2_1,10000,4853
429382818,I2_1,10000,5950
994577517,I2_2,20000,7453
164585638,I2_1,10000,5419
102105199,I2_1,10000,5345
932941255,I2_2,20000,7561
643329398,I2_1,10000,3920
801133434,I2_1,10000,2961
695618927,I2_2,20000,4614
718003439,I2_2,20000,5472
740102853,I2_1,10000,3858
680948996,I2_1,10000,4513
866472994,I2_2,20000,4465
810075810,I2_1,10000,4049
863180242,I2_1,10000,2577
539697579,I2_1,10000,2609
236392055,I2_2,20000,4542
239022096,I2_1,10000,3938
736831989,I2_2,20000,7618
863727472,I2_2,20000,4710
128718135,I2_1,10000,3392
413050371,I2_1,10000,3918
37297382,I2_1,10000,4414
915648943,I2_2,20000,5908
219486136,I2_1,10000,2450
382548662,I2_1,10000,2472
616220018,I2_1,10000,2448
744573247,I2_2,20000,5702
305189001,I2_2,20000,4618
68149336,I2_2,20000,6647
103958151,I2_2,20000,4523
450889738,I2_1,10000,5062
167199478,I2_2,20000,6413
442780645,I2_1,10000,3809
164537645,I2_2,20000,5296
603989212,I2_1,10000,3229
684903992,I2_2,20000,4546
238087075,I2_1,10000,3455
735988047,I2_2,20000,5455
83612417,I2_2,20000,7584
687520849,I2_2,20000,8522
200445851,I2_1,10000,2597
225472967,I2_1,10000,2990
996434720,I2_2,20000,5808
438521781,I2_2,20000,5447
693761146,I2_1,10000,6081
884357255,I2_1,10000,4438
637969989,I2_2,20000,7051
220866136,I2_1,10000,4784
773502305,I2_2,20000,6294
708673485,I2_1,10000,4197
696375172,I2_2,20000,9107
242210780,I2_2,20000,4526
731957028,I2_2,20000,4493
806107338,I2_1,10000,3911
890666088,I2_1,10000,4376
537674005,I2_1,10000,3941
53414875,I2_1,10000,4953
930217344,I2_1,10000,4351
66040645,I2_2,20000,6231
153417960,I2_2,20000,4496
796525917,I2_1,10000,2830
392707175,I2_1,10000,2494
13073303,I2_2,20000,4818
32058868,I2_1,10000,2564
50798692,I2_2,20000,6584
940888715,I2_2,20000,4599
569064677,I2_1,10000,5146
424494314,I2_1,10000,3302
884684887,I2_1,10000,2657
76125465,I2_1,10000,2706
419431159,I2_2,20000,4593
682598282,I2_1,10000,2878
465444201,I2_1,10000,2695
982890316,I2_1,10000,3798
578043994,I2_1,10000,2899
516315327,I2_1,10000,2591
69618675,I2_1,10000,2720
317047131,I2_2,20000,5216
773588727,I2_1,10000,2564
898998279,I2_1,10000,2563
583140600,I2_2,20000,5214
702343042,I2_1,10000,3386
407902294,I2_2,20000,5195
160706633,I2_2,20000,6127
758840459,I2_1,10000,3293
271441408,I2_1,10000,3846
766265990,I2_2,20000,5464
677307763,I2_2,20000,4597
369277523,I2_2,20000,6643
792907848,I2_2,20000,7521
406444996,I2_1,10000,3021
69654307,I2_2,20000,5569
106730723,I2_1,10000,4994
199834640,I2_1,10000,4948
869962224,I2_2,20000,11117
275455182,I2_1,10000,5623
539048332,I2_1,10000,6086
612749077,I2_1,10000,7201
28945575,I2_2,20000,12590
61472126,I2_1,10000,8219
533926606,I2_1,10000,7661
871783546,I2_1,10000,9242
241954541,I2_1,10000,7677
788732306,I2_2,20000,17315
260694356,I2_1,10000,6538
229540218,I2_2,20000,17006
213533617,I2_2,20000,5580
484112326,I2_1,10000,3750
2792757,I2_1,10000,3934
547208433,I2_2,20000,7248
397240332,I2_1,10000,4669
414751421,I2_2,20000,6525
907942788,I2_1,10000,2596
313698751,I2_1,10000,3363
737852952,I2_2,20000,5475
564669557,I2_2,20000,6484
403932132,I2_2,20000,7530
34456415,I2_2,20000,9155
409988631,I2_2,20000,9110
941306820,I2_1,10000,5454
202391791,I2_1,10000,4963
507209627,I2_2,20000,11912
504941140,I2_1,10000,5547
279052083,I2_1,10000,4404
127209128,I2_2,20000,14662
583226684,I2_1,10000,4306
529416929,I2_2,20000,17283
316865894,I2_2,20000,17190
634126709,I2_2,20000,18218
158421595,I2_2,20000,18113
229741990,I2_1,10000,7209
840343360,I2_2,20000,20076
25467541,I2_2,20000,18470
109061735,I2_2,20000,15679
113319513,I2_1,10000,6791
346204699,I2_2,20000,16266
214437039,I2_1,10000,7390
129085106,I2_2,20000,15140
347837976,I2_2,20000,12552
905136318,I2_2,20000,10974
756599039,I2_2,20000,12499
26628108,I2_2,20000,12960
559175623,I2_2,20000,10640
164700364,I2_1,10000,2909
389965592,I2_2,20000,12251
487385582,I2_2,20000,6029
978932369,I2_1,10000,5273
81562881,I2_2,20000,7307
245150006,I2_2,20000,5772
915319496,I2_1,10000,4920
373722454,I2_1,10000,5989
802252007,I2_1,10000,2843
22265557,I2_1,10000,4408
218680472,I2_2,20000,7023
246792863,I2_2,20000,8556
459762519,I2_1,10000,3378
79316022,I2_1,10000,5388
315464912,I2_2,20000,6524
898745745,I2_1,10000,6952
417241984,I2_1,10000,3240
668190385,I2_2,20000,6468
322900327,I2_2,20000,5389
734215288,I2_2,20000,7411
483234279,I2_1,10000,2822
518915212,I2_2,20000,9455
941950894,I2_2,20000,6099
229154289,I2_1,10000,4161
107802461,I2_2,20000,4902
216047671,I2_2,20000,6989
621043311,I2_1,10000,2426
863839967,I2_1,10000,3488
897572535,I2_1,10000,2384
505769573,I2_1,10000,2433
860422067,I2_1,10000,2369
944499948,I2_1,10000,2489
428304777,I2_2,20000,5088
54360859,I2_1,10000,2901
521200045,I2_1,10000,2406
674095991,I2_1,10000,2828
143820200,I2_1,10000,2783
349370723,I2_1,10000,4361
241285305,I2_1,10000,3794
889801049,I2_2,20000,6115
73886995,I2_2,20000,5434
729843145,I2_1,10000,2888
491523920,I2_1,10000,3821
386315771,I2_2,20000,7030
474330703,I2_2,20000,4323
922579814,I2_2,20000,4419
987052581,I2_2,20000,4455
537548068,I2_2,20000,4402
497818207,I2_1,10000,2790
65098251,I2_2,20000,4453
570938616,I2_2,20000,5454
715147592,I2_1,10000,2478
309117468,I2_2,20000,4789
103465053,I2_1,10000,2770
987271206,I2_1,10000,2974
43273359,I2_1,10000,2446
705093937,I2_1,10000,2461
910537217,I2_1,10000,2918
508900799,I2_2,20000,5054
200410078,I2_2,20000,5435
996146113,I2_2,20000,5966
201862263,I2_1,10000,2472
506805147,I2_1,10000,2771
364858947,I2_2,20000,6304
228230953,I2_2,20000,7380
920799769,I2_1,10000,5293
435990909,I2_1,10000,4845
498917095,I2_1,10000,5857
203199737,I2_2,20000,10699
660368715,I2_2,20000,5086
124579674,I2_1,10000,4541
336403382,I2_1,10000,2930
34457828,I2_2,20000,7665
484179650,I2_2,20000,8401
312637945,I2_1,10000,5044
202238575,I2_1,10000,4013
818319075,I2_2,20000,11891
582091148,I2_2,20000,5363
835375676,I2_2,20000,5561
491290805,I2_1,10000,4019
560471312,I2_2,20000,4901
777653318,I2_2,20000,5978
367557340,I2_2,20000,7264
419426557,I2_2,20000,4567
700515195,I2_2,20000,5619
914830973,I2_2,20000,4982
114006575,I2_1,10000,3425
428086930,I2_2,20000,7727
228649319,I2_1,10000,2789
639580361,I2_2,20000,9718
352518461,I2_2,20000,5462
645548849,I2_1,10000,4460
728091183,I2_2,20000,6786
30556331,I2_2,20000,7539
642050373,I2_1,10000,2631
570736083,I2_2,20000,8147
832420947,I2_2,20000,6045
360165030,I2_2,20000,5582
232390995,I2_2,20000,4859
822325447,I2_2,20000,5924
496170486,I2_2,20000,7660
518505288,I2_2,20000,6214
308191433,I2_1,10000,4529
844143880,I2_1,10000,2514
885878271,I2_2,20000,5190
862362093,I2_1,10000,4605
912710568,I2_1,10000,2972
21780103,I2_2,20000,7371
710278299,I2_2,20000,5656
937204989,I2_2,20000,6668
925326151,I2_1,10000,3037
778688936,I2_1,10000,2649
840977497,I2_1,10000,3720
858302717,I2_2,20000,5623
400972818,I2_2,20000,5690
911184913,I2_1,10000,6066
707329,I2_1,10000,5395
16313343,I2_2,20000,8644
488932015,I2_1,10000,4951
85930059,I2_2,20000,7473
139299655,I2_1,10000,4819
755552090,I2_1,10000,3752
252054676,I2_2,20000,5580
486256442,I2_1,10000,4645
534247817,I2_1,10000,3505
793764857,I2_1,10000,3607
524102274,I2_2,20000,7735
351518817,I2_2,20000,4485
2033380,I2_2,20000,5451
382196452,I2_2,20000,7702
968305915,I2_1,10000,5074
798836559,I2_2,20000,7084
491981943,I2_1,10000,6608
531354181,I2_1,10000,5997
245840468,I2_1,10000,7088
194587762,I2_1,10000,4886
749474377,I2_2,20000,11526
322903397,I2_1,10000,3915
269477181,I2_2,20000,12175
946595790,I2_2,20000,6815
723427802,I2_2,20000,6087
655556776,I2_2,20000,7054
713791791,I2_1,10000,4383
308690254,I2_2,20000,7575
981564871,I2_2,20000,8434
587210045,I2_2,20000,7546
659943372,I2_1,10000,4027
460425635,I2_2,20000,10296
887256647,I2_1,10000,4498
282286195,I2_1,10000,5034
852791261,I2_1,10000,5950
854032293,I2_1,10000,4308
112417999,I2_2,20000,12580
685667571,I2_2,20000,11760
102483941,I2_1,10000,5165
584662806,I2_2,20000,11639
853269664,I2_2,20000,11547
857039994,I2_1,10000,6240
492859007,I2_1,10000,5857
889046273,I2_2,20000,15483
710156232,I2_2,20000,5168
740910820,I2_2,20000,4552
874555412,I2_2,20000,4800
940154863,I2_2,20000,4591
692990681,I2_2,20000,4579
18754969,I2_2,20000,5462
309810382,I2_1,10000,2763
17281860,I2_1,10000,4429
823017038,I2_2,20000,4872
516022049,I2_2,20000,4939
614937925,I2_1,10000,5471
125893359,I2_1,10000,3712
155833510,I2_1,10000,4005
421057767,I2_2,20000,5998
430997686,I2_1,10000,2500
374102883,I2_2,20000,6254
771080602,I2_2,20000,5122
93105509,I2_1,10000,4217
746409518,I2_2,20000,8746
995343087,I2_2,20000,9698
818835869,I2_2,20000,11801
770604121,I2_1,10000,2824
709246388,I2_1,10000,3887
249452642,I2_1,10000,2674
827255671,I2_1,10000,3612
914155208,I2_2,20000,5791
556258304,I2_2,20000,7309
212823100,I2_2,20000,5878
14639428,I2_1,10000,2594
843255353,I2_1,10000,2746
483601816,I2_1,10000,3091
301362990,I2_2,20000,4499
372025733,I2_2,20000,4929
331346,I2_2,20000,5552
2048227,I2_2,20000,5341
540539636,I2_1,10000,2986
718102495,I2_1,10000,3465
892577791,I2_2,20000,7647
511113694,I2_1,10000,4014
210512568,I2_1,10000,4042
29053189,I2_2,20000,4992
174200198,I2_1,10000,3891
678652413,I2_2,20000,6568
485749742,I2_1,10000,4323
35742136,I2_2,20000,10167
468775166,I2_1,10000,4278
475802549,I2_1,10000,3266
618887505,I2_2,20000,13875
551619194,I2_2,20000,6353
54683679,I2_2,20000,8419
188688523,I2_2,20000,8689
83335837,I2_2,20000,10838
481208703,I2_2,20000,5330
185455366,I2_1,10000,5490
396060942,I2_1,10000,3829
242561567,I2_1,10000,3721
795983179,I2_2,20000,17590
765567579,I2_1,10000,13929
755770883,I2_1,10000,9620
723740784,I2_1,10000,3837
878093595,I2_2,20000,6322
100569541,I2_2,20000,4830
783432893,I2_2,20000,4727
540527032,I2_1,10000,2902
442454161,I2_1,10000,3701
182036431,I2_2,20000,6356
813194276,I2_1,10000,3343
902768382,I2_1,10000,4536
510639061,I2_1,10000,5528
162370607,I2_1,10000,6121
930820388,I2_1,10000,6941
259456337,I2_1,10000,6892
717789183,I2_1,10000,6332
629494844,I2_1,10000,6308
608711091,I2_1,10000,5050
571852242,I2_1,10000,4433
268649184,I2_2,20000,11447
974757788,I2_2,20000,10823
478558635,I2_2,20000,12332
247179146,I2_2,20000,13291
758265886,I2_1,10000,5147
820253569,I2_2,20000,14842
686922555,I2_2,20000,8685
932873477,I2_2,20000,5381
748033156,I2_1,10000,2676
493590999,I2_2,20000,4495
20572523,I2_2,20000,4562
230716851,I2_1,10000,2925
976240123,I2_1,10000,3246
829555184,I2_2,20000,5671
3318042,I2_1,10000,4340
289152217,I2_1,10000,3813
115659600,I2_2,20000,4537
165856558,I2_2,20000,6609
756579006,I2_2,20000,8774
362060869,I2_1,10000,3745
563106543,I2_1,10000,5295
923982448,I2_2,20000,7267
233736096,I2_1,10000,2612
103321550,I2_1,10000,3329
961858449,I2_2,20000,5609
503293029,I2_1,10000,4330
827802043,I2_1,10000,3347
982863700,I2_2,20000,5702
20185478,I2_1,10000,4403
320674032,I2_2,20000,7050
604059921,I2_1,10000,3937
615132814,I2_2,20000,6936
218678303,I2_2,20000,9064
448559654,I2_2,20000,10635
440604647,I2_1,10000,3871
236854474,I2_2,20000,10695
373609596,I2_1,10000,4276
275754585,I2_2,20000,7641
34830825,I2_2,20000,11805
692950329,I2_1,10000,3669
434823440,I2_2,20000,13347
397532094,I2_1,10000,4085
160744357,I2_2,20000,11171
976993594,I2_1,10000,5596
712536582,I2_1,10000,7151
409172140,I2_2,20000,13817
676902915,I2_2,20000,13597
417171015,I2_2,20000,14420
541388732,I2_2,20000,16021
89280413,I2_2,20000,14232
57456490,I2_1,10000,6378
621599599,I2_2,20000,17852
561040391,I2_2,20000,18928
204508492,I2_2,20000,18861
583525495,I2_2,20000,17829
639939543,I2_2,20000,18799
121267517,I2_2,20000,16216
205603303,I2_2,20000,18312
173442015,I2_1,10000,7304
347757521,I2_2,20000,20392
396505880,I2_2,20000,22444
820791770,I2_2,20000,20877
572275238,I2_2,20000,20405
967822230,I2_2,20000,19888
188838220,I2_1,10000,7991
947619271,I2_1,10000,7056
373568429,I2_1,10000,8592
234410221,I2_2,20000,21148
289144013,I2_1,10000,11074
847584405,I2_2,20000,23627
585520693,I2_1,10000,10155
453813733,I2_2,20000,15866
387060894,I2_2,20000,17530
106659827,I2_2,20000,18502
545369783,I2_1,10000,6468
711792821,I2_2,20000,17988
8700761,I2_1,10000,8432
86156459,I2_1,10000,7906
277756391,I2_1,10000,7996
939215885,I2_2,20000,16568
418499681,I2_2,20000,17446
465756606,I2_2,20000,4550
269265115,I2_1,10000,3894
262557570,I2_1,10000,4917
843605046,I2_1,10000,6695
245130532,I2_2,20000,4625
568505791,I2_1,10000,2461
789305054,I2_1,10000,2853
942909537,I2_2,20000,4512
653145015,I2_1,10000,2805
695030215,I2_1,10000,2869
632310546,I2_2,20000,4632
50715543,I2_1,10000,2964
606774049,I2_2,20000,7725
180157365,I2_1,10000,3953
305644615,I2_2,20000,5309
806639912,I2_1,10000,3713
999785555,I2_1,10000,3662
815937702,I2_2,20000,8397
33316769,I2_1,10000,3079
872111597,I2_2,20000,4567
53568171,I2_2,20000,5512
203509357,I2_2,20000,6277
956987291,I2_2,20000,6259
100265069,I2_1,10000,3261
165380500,I2_2,20000,5796
128898600,I2_1,10000,3232
691046625,I2_1,10000,3619
524040014,I2_1,10000,3486
712030851,I2_2,20000,5150
314222635,I2_1,10000,3012
972188902,I2_2,20000,4506
69700573,I2_2,20000,4414
543570646,I2_1,10000,2420
903586757,I2_1,10000,3428
671833421,I2_2,20000,6542
614549318,I2_2,20000,6455
925832413,I2_1,10000,5900
323874158,I2_1,10000,4220
887783986,I2_2,20000,7934
841299613,I2_1,10000,3648
740226976,I2_1,10000,4749
48188393,I2_1,10000,2838
56593441,I2_1,10000,2852
108640570,I2_1,10000,3515
430079491,I2_2,20000,6045
959398912,I2_2,20000,4558
578900748,I2_2,20000,7136
221889308,I2_2,20000,7419
82384290,I2_1,10000,4651
485046932,I2_2,20000,8360
444424116,I2_1,10000,2739
921637101,I2_1,10000,2706
258628585,I2_1,10000,2449
62697212,I2_2,20000,4610
827871799,I2_2,20000,4475
299257932,I2_1,10000,3890
348383527,I2_1,10000,4048
423892765,I2_2,20000,7480
264182967,I2_1,10000,4143
230087415,I2_2,20000,5574
93437303,I2_2,20000,4598
992199518,I2_2,20000,5563
725048706,I2_2,20000,5413
351419357,I2_2,20000,5408
781548811,I2_2,20000,5653
906291151,I2_1,10000,3828
546414259,I2_1,10000,4515
734357446,I2_1,10000,3998
650030621,I2_1,10000,5249
665361689,I2_1,10000,4596
598917466,I2_2,20000,4686
924604891,I2_2,20000,5925
250615190,I2_2,20000,4660
41755285,I2_1,10000,3024
29144813,I2_2,20000,5508
302031772,I2_1,10000,2891
799015097,I2_1,10000,4458
873278192,I2_2,20000,6105
917853633,I2_1,10000,4017
613790090,I2_2,20000,4705
648581873,I2_2,20000,7043
214376642,I2_1,10000,5494
72732810,I2_2,20000,5191
117676414,I2_1,10000,4642
289457048,I2_1,10000,5331
626787419,I2_1,10000,4226
244540934,I2_1,10000,5458
240977799,I2_2,20000,8592
54055873,I2_1,10000,5769
338760243,I2_1,10000,6263
267960038,I2_1,10000,6144
787927153,I2_1,10000,7854
231482072,I2_1,10000,5597
8139070,I2_2,20000,12783
813083474,I2_1,10000,6011
175647303,I2_1,10000,6518
647446733,I2_2,20000,10880
880694061,I2_2,20000,10723
361465957,I2_2,20000,8014
166778551,I2_2,20000,7529
756280977,I2_2,20000,9578
277883292,I2_1,10000,2738
306324481,I2_1,10000,3241
410697806,I2_1,10000,4377
538377815,I2_2,20000,6931
730904336,I2_1,10000,4686
26402110,I2_1,10000,5384
933468475,I2_2,20000,9039
678117587,I2_1,10000,3134
35428343,I2_2,20000,7482
108795458,I2_2,20000,5335
32908908,I2_1,10000,4733
523402783,I2_1,10000,5252
980256000,I2_2,20000,7905
955088166,I2_1,10000,4838
609632791,I2_2,20000,7429
855446761,I2_2,20000,4582
6806203,I2_1,10000,3928
384795369,I2_2,20000,6879
707047621,I2_1,10000,3360
882417156,I2_2,20000,4972
742476898,I2_2,20000,6399
944363621,I2_1,10000,2771
623780642,I2_2,20000,5173
605519465,I2_2,20000,4694
26439025,I2_1,10000,3047
554771310,I2_1,10000,4106
789677921,I2_1,10000,2514
864527466,I2_1,10000,2467
619450236,I2_1,10000,2458
104364932,I2_1,10000,3552
554608469,I2_1,10000,3005
153847511,I2_2,20000,5790
587605637,I2_1,10000,3799
436633401,I2_2,20000,4532
964776049,I2_1,10000,2774
869051492,I2_2,20000,6707
610951940,I2_2,20000,5252
725403578,I2_1,10000,4172
332468332,I2_1,10000,3364
645737968,I2_2,20000,5512
143799319,I2_2,20000,6180
570432120,I2_2,20000,6874
564181997,I2_1,10000,4356
454818091,I2_1,10000,3613
788300249,I2_2,20000,5574
699852882,I2_1,10000,4962
141813505,I2_2,20000,6445
388429720,I2_1,10000,4965
674004710,I2_2,20000,9543
361564189,I2_1,10000,3578
716857448,I2_1,10000,2958
960434309,I2_2,20000,5032
433057914,I2_2,20000,7134
423343683,I2_1,10000,5727
228714073,I2_1,10000,6363
505232454,I2_2,20000,8539
701126588,I2_2,20000,4487
319345983,I2_2,20000,4705
304669410,I2_1,10000,3991
322617407,I2_1,10000,5643
663054395,I2_2,20000,7046
173874974,I2_2,20000,8034
315432020,I2_1,10000,6823
350925547,I2_2,20000,7452
227567930,I2_2,20000,6971
486637263,I2_1,10000,5953
561264010,I2_2,20000,6691
983401305,I2_2,20000,4588
460870021,I2_2,20000,4510
456629007,I2_1,10000,2779
532136025,I2_1,10000,2656
560570386,I2_1,10000,3742
939646860,I2_2,20000,4460
800138096,I2_1,10000,2807
250108651,I2_2,20000,6032
393293749,I2_1,10000,3850
304569070,I2_1,10000,3787
760962757,I2_1,10000,2928
953145810,I2_2,20000,5409
198793951,I2_2,20000,7008
550320920,I2_2,20000,7461
177596933,I2_1,10000,4714
448103457,I2_2,20000,10037
326912316,I2_1,10000,4796
776517468,I2_1,10000,4811
139168864,I2_2,20000,7993
827425687,I2_1,10000,3764
375957356,I2_2,20000,10656
674876790,I2_1,10000,4042
890402831,I2_2,20000,11178
75739690,I2_2,20000,11700
469727360,I2_1,10000,4193
861438601,I2_2,20000,13744
534370018,I2_2,20000,15766
344972439,I2_2,20000,15351
777273202,I2_2,20000,14694
377120378,I2_1,10000,5967
271974793,I2_1,10000,4907
356074247,I2_1,10000,3719
653741915,I2_2,20000,16753
979592074,I2_2,20000,17482
896798362,I2_2,20000,11759
85839381,I2_2,20000,11540
186335258,I2_1,10000,4818
859795387,I2_1,10000,3531
343794353,I2_1,10000,3521
245160161,I2_1,10000,3277
609482388,I2_1,10000,4453
829112144,I2_1,10000,5422
430635055,I2_1,10000,4959
949999936,I2_1,10000,6505
291026125,I2_1,10000,4383
891945520,I2_2,20000,9313
301338976,I2_2,20000,6579
149027771,I2_1,10000,2662
162001819,I2_1,10000,3722
178031268,I2_2,20000,4617
631061948,I2_2,20000,5475
140801782,I2_2,20000,4592
596176898,I2_2,20000,6075
159235752,I2_2,20000,7124
646740029,I2_1,10000,4170
23608371,I2_2,20000,8572
122367950,I2_2,20000,9634
524863356,I2_1,10000,2554
607473003,I2_2,20000,4794
503033517,I2_2,20000,5414
640094550,I2_1,10000,3020
354029073,I2_1,10000,2528
858925483,I2_1,10000,3539
61934102,I2_2,20000,4518
52314814,I2_2,20000,6489
746847340,I2_1,10000,3706
272374663,I2_2,20000,5972
314071593,I2_1,10000,4402
555988103,I2_1,10000,5462
384390755,I2_2,20000,5007
376071394,I2_1,10000,2536
213532237,I2_2,20000,4726
415645504,I2_1,10000,5193
71985278,I2_2,20000,5660
946905010,I2_1,10000,4080
987907006,I2_2,20000,6454
907928261,I2_1,10000,2681
272089143,I2_1,10000,2674
436995830,I2_2,20000,4662
491704045,I2_1,10000,4045
136125777,I2_1,10000,4566
434343226,I2_2,20000,7717
234190518,I2_1,10000,3220
718783138,I2_2,20000,8518
17621013,I2_1,10000,4674
918368050,I2_1,10000,5177
553127196,I2_2,20000,5651
729244960,I2_1,10000,3388
705263455,I2_1,10000,3070
203504220,I2_1,10000,2649
186530739,I2_2,20000,4790
765462893,I2_1,10000,3031
286097033,I2_2,20000,7084
916951855,I2_2,20000,6439
225610068,I2_1,10000,4997
923642231,I2_1,10000,4397
440922209,I2_2,20000,6608
196607146,I2_2,20000,4727
550686038,I2_1,10000,5217
680412760,I2_1,10000,5069
97582735,I2_2,20000,4681
282988714,I2_1,10000,4184
455887472,I2_2,20000,5413
785081638,I2_1,10000,5119
610680779,I2_1,10000,3762
573371571,I2_1,10000,3590
543837792,I2_2,20000,5308
810341397,I2_1,10000,4170
453254829,I2_1,10000,5883
469189395,I2_1,10000,4597
228582731,I2_2,20000,6274
965149822,I2_1,10000,5507
672562639,I2_2,20000,6539
575643927,I2_1,10000,3879
754138617,I2_2,20000,5953
7526511,I2_1,10000,3784
866290824,I2_1,10000,4665
80971746,I2_1,10000,2685
297449886,I2_1,10000,3000
543676612,I2_1,10000,4159
360777002,I2_2,20000,6383
774995413,I2_1,10000,4746
341751597,I2_2,20000,5606
986733619,I2_1,10000,3755
863185058,I2_2,20000,7283
492562183,I2_2,20000,4942
807355956,I2_1,10000,2978
948543889,I2_1,10000,4197
174044854,I2_2,20000,7587
62399776,I2_1,10000,4129
364801865,I2_2,20000,5057
994078821,I2_2,20000,5395
155532657,I2_2,20000,5128
862231048,I2_1,10000,5656
966476268,I2_1,10000,6737
561498914,I2_1,10000,6165
248788491,I2_1,10000,4079
622736522,I2_2,20000,9640
784320474,I2_2,20000,5785
728607730,I2_2,20000,5722
929883932,I2_1,10000,4030
430573526,I2_1,10000,5783
653996480,I2_2,20000,8972
301898914,I2_2,20000,8613
871200908,I2_2,20000,9097
400220382,I2_2,20000,10655
158328328,I2_1,10000,5130
423569814,I2_2,20000,12656
723999372,I2_2,20000,12214
780690536,I2_1,10000,4418
484090665,I2_2,20000,11655
795847011,I2_2,20000,7569
334541457,I2_1,10000,6889
168619643,I2_1,10000,5821
84894650,I2_2,20000,8378
853104229,I2_2,20000,9009
438675528,I2_1,10000,2410
570905730,I2_1,10000,2508
846242664,I2_2,20000,4540
126055520,I2_1,10000,2763
910116663,I2_1,10000,2489
775157820,I2_2,20000,4803
936388715,I2_1,10000,2792
188025882,I2_1,10000,2974
517062517,I2_1,10000,3448
279416315,I2_1,10000,2562
988061191,I2_1,10000,3672
117220147,I2_1,10000,2591
728232997,I2_2,20000,6550
558453020,I2_2,20000,5399
819011196,I2_1,10000,3272
84879896,I2_2,20000,7002
804456504,I2_1,10000,3708
416438390,I2_2,20000,9652
466391828,I2_2,20000,11656
575204636,I2_2,20000,8015
525964095,I2_2,20000,8490
953998984,I2_1,10000,3816
30011450,I2_1,10000,2782
290167390,I2_2,20000,4375
885646397,I2_1,10000,3270
939645906,I2_2,20000,4620
884158534,I2_1,10000,2637
964775826,I2_2,20000,5130
458121918,I2_1,10000,2743
672056379,I2_1,10000,2468
405127196,I2_1,10000,2462
782755001,I2_1,10000,2578
745980934,I2_1,10000,2623
431558145,I2_1,10000,2936
45241409,I2_1,10000,4674
203658583,I2_2,20000,4602
487729133,I2_2,20000,5579
621045702,I2_2,20000,4636
750675455,I2_1,10000,2931
892433403,I2_1,10000,3118
80011681,I2_2,20000,4438
594363434,I2_2,20000,6485
361916217,I2_2,20000,4895
818757317,I2_2,20000,5517
598526995,I2_1,10000,3993
518151901,I2_1,10000,3483
31704985,I2_2,20000,6151
909204853,I2_2,20000,6089
784262969,I2_1,10000,4486
370946130,I2_1,10000,5511
90414300,I2_1,10000,6598
282332363,I2_1,10000,2479
778116324,I2_1,10000,2770
998961640,I2_1,10000,4387
765531568,I2_2,20000,4697
524873573,I2_1,10000,2485
911587829,I2_2,20000,5843
437991387,I2_1,10000,4975
76221467,I2_1,10000,4416
963995030,I2_2,20000,5452
480368082,I2_2,20000,5625
629217701,I2_1,10000,3900
688124926,I2_1,10000,3398
510327662,I2_2,20000,6539
697895044,I2_1,10000,5018
964678850,I2_2,20000,9771
656805143,I2_1,10000,4977
932202013,I2_2,20000,12521
522707768,I2_1,10000,3879
568250654,I2_1,10000,4450
559021032,I2_2,20000,13645
153598699,I2_1,10000,6543
852481421,I2_1,10000,4852
28575365,I2_2,20000,7336
70779665,I2_2,20000,7748
532080574,I2_1,10000,2524
685787484,I2_2,20000,5347
656926661,I2_2,20000,5043
714739681,I2_2,20000,5603
475349591,I2_1,10000,4931
915229513,I2_2,20000,6620
92425782,I2_1,10000,5474
899590091,I2_1,10000,3377
315737645,I2_1,10000,2920
170705348,I2_1,10000,2444
359708699,I2_1,10000,2566
272660984,I2_1,10000,3362
941042926,I2_1,10000,2788
799692763,I2_2,20000,5182
309825478,I2_1,10000,3429
433058628,I2_1,10000,3914
238746510,I2_2,20000,5744
510165047,I2_1,10000,4434
366982483,I2_1,10000,3345
458811504,I2_2,20000,9582
14566759,I2_1,10000,4362
764614140,I2_2,20000,13282
201562669,I2_2,20000,13771
220461727,I2_2,20000,12985
708113695,I2_1,10000,6019
729031625,I2_1,10000,5864
616511829,I2_1,10000,2554
178920494,I2_2,20000,4545
416185921,I2_1,10000,4004
89194251,I2_1,10000,5116
900364130,I2_1,10000,3636
958153906,I2_2,20000,7362
265044581,I2_1,10000,5949
608400237,I2_2,20000,10601
117372808,I2_1,10000,5404
453573853,I2_1,10000,3367
605689640,I2_2,20000,10762
484734899,I2_1,10000,4963
948993740,I2_1,10000,4909
624756379,I2_2,20000,12252
200530681,I2_1,10000,3109
735844559,I2_2,20000,6354
159869177,I2_1,10000,4800
414670375,I2_1,10000,3226
790387735,I2_2,20000,8649
354260013,I2_2,20000,9613
414088628,I2_2,20000,4608
511066880,I2_1,10000,2555
596255174,I2_1,10000,2570
542715557,I2_1,10000,3081
553287144,I2_2,20000,5858
332924005,I2_2,20000,5539
786266780,I2_1,10000,4415
374046762,I2_2,20000,7688
907335946,I2_1,10000,4464
598546974,I2_1,10000,3303
284037763,I2_2,20000,7646
935131149,I2_1,10000,5362
193554296,I2_1,10000,6422
666413730,I2_1,10000,6929
596280893,I2_1,10000,4325
785932775,I2_2,20000,12293
52874238,I2_1,10000,3708
858370165,I2_2,20000,13793
500836528,I2_2,20000,10101
164875820,I2_1,10000,3803
602657225,I2_2,20000,12219
361699296,I2_2,20000,13263
916226130,I2_1,10000,4617
627618981,I2_1,10000,4742
396571751,I2_2,20000,14799
441346065,I2_2,20000,14852
155286268,I2_2,20000,15874
271836241,I2_2,20000,17893
664049928,I2_2,20000,19264
202255237,I2_2,20000,20313
464559386,I2_1,10000,10486
842761840,I2_2,20000,18819
353193547,I2_1,10000,7391
53346015,I2_2,20000,9411
524949619,I2_1,10000,5813
448386947,I2_1,10000,3150
910415492,I2_2,20000,7872
623562736,I2_1,10000,3725
647680006,I2_2,20000,11510
242842202,I2_2,20000,5416
688863847,I2_1,10000,2793
84575247,I2_2,20000,9778
954795070,I2_2,20000,5409
862559353,I2_1,10000,4824
651094905,I2_1,10000,4829
991436468,I2_1,10000,3256
43137239,I2_2,20000,9565
625823783,I2_2,20000,11638
958988702,I2_2,20000,12682
752899996,I2_2,20000,12624
422998203,I2_1,10000,6286
87908285,I2_2,20000,13971
272055774,I2_2,20000,14634
346277764,I2_1,10000,4295
885940842,I2_1,10000,3452
821017249,I2_2,20000,4699
169119274,I2_1,10000,2691
446318302,I2_2,20000,4540
606479602,I2_1,10000,3910
803614233,I2_2,20000,5135
339283397,I2_2,20000,7205
847129542,I2_2,20000,5659
276821068,I2_2,20000,6576
518934186,I2_1,10000,3780
372742486,I2_1,10000,5373
140809432,I2_2,20000,8497
37949967,I2_2,20000,10194
832168317,I2_2,20000,7462
586291823,I2_1,10000,2684
409418535,I2_2,20000,5247
349267982,I2_1,10000,3101
182122678,I2_2,20000,6260
119435421,I2_1,10000,5271
805737586,I2_1,10000,4188
737165707,I2_1,10000,5404
231587800,I2_2,20000,10541
690013893,I2_1,10000,3919
94724894,I2_1,10000,2560
145824408,I2_2,20000,5153
556923069,I2_1,10000,4122
729534166,I2_2,20000,7950
557453264,I2_2,20000,8419
377763696,I2_2,20000,9333
902160879,I2_1,10000,3645
314950106,I2_1,10000,4335
985809530,I2_2,20000,5349
102331677,I2_2,20000,6667
361860047,I2_2,20000,7515
247096020,I2_1,10000,4575
884996693,I2_2,20000,5120
340584947,I2_2,20000,5008
881746700,I2_1,10000,4433
353739200,I2_2,20000,7708
145765082,I2_2,20000,10209
521330058,I2_2,20000,10199
656536635,I2_1,10000,4252
479072110,I2_2,20000,12656
903636567,I2_1,10000,3744
731878567,I2_2,20000,14145
469979268,I2_1,10000,3809
335780517,I2_1,10000,4924
834927672,I2_1,10000,4359
698142783,I2_2,20000,16910
579984252,I2_2,20000,17998
422794845,I2_2,20000,9542
865560703,I2_2,20000,11623
932300495,I2_1,10000,3116
524834678,I2_2,20000,4960
53224236,I2_2,20000,4555
747642432,I2_1,10000,2535
409043861,I2_1,10000,2497
717094663,I2_2,20000,4617
825494552,I2_1,10000,4034
468572582,I2_2,20000,5148
514157276,I2_1,10000,2612
549787333,I2_1,10000,2570
514957606,I2_1,10000,3528
612460539,I2_2,20000,5355
873873524,I2_2,20000,6335
721809113,I2_2,20000,5211
542106490,I2_2,20000,4632
65755640,I2_2,20000,5706
595308050,I2_1,10000,2996
479745537,I2_1,10000,3118
777709583,I2_2,20000,4785
146935677,I2_1,10000,5422
457088080,I2_1,10000,3985
571077005,I2_2,20000,9644
868697225,I2_1,10000,5036
605671521,I2_1,10000,4375
694814207,I2_2,20000,10451
552709888,I2_2,20000,10771
310755176,I2_2,20000,9736
884014587,I2_2,20000,10256
151713325,I2_2,20000,11256
817825841,I2_2,20000,7605
701887123,I2_2,20000,8185
748752503,I2_2,20000,8093
748969572,I2_1,10000,5441
992700088,I2_1,10000,3925
547754216,I2_1,10000,5103
70889683,I2_2,20000,4606
570996555,I2_2,20000,5552
269017013,I2_1,10000,3309
768179580,I2_1,10000,4439
461112404,I2_1,10000,2703
548232656,I2_1,10000,3767
995265443,I2_2,20000,5585
299878980,I2_2,20000,6194
346121862,I2_2,20000,6134
817590183,I2_2,20000,5482
366391887,I2_1,10000,5033
37235104,I2_1,10000,4872
432285644,I2_2,20000,5731
774832125,I2_2,20000,4706
206538201,I2_2,20000,6776
746140768,I2_1,10000,3955
513353124,I2_1,10000,3362
753953019,I2_1,10000,4593
779234721,I2_1,10000,4771
721355577,I2_2,20000,10226
100522831,I2_2,20000,8560
433740072,I2_1,10000,5138
10584219,I2_1,10000,5667
396502130,I2_2,20000,12828
233348332,I2_2,20000,13214
986028643,I2_2,20000,13826
202476559,I2_1,10000,6369
387841635,I2_2,20000,7812
861390789,I2_1,10000,3840
829947627,I2_2,20000,11517
737573032,I2_2,20000,11536
923871857,I2_1,10000,5834
119648596,I2_1,10000,5150
955609263,I2_2,20000,9525
583040094,I2_2,20000,7559
973316224,I2_1,10000,3884
332097932,I2_1,10000,3892
616838139,I2_2,20000,7183
104131489,I2_2,20000,4806
727484960,I2_2,20000,5672
469827062,I2_2,20000,5284
359933470,I2_1,10000,5520
719628147,I2_1,10000,3994
47030696,I2_2,20000,5132
696605711,I2_1,10000,4434
92243230,I2_1,10000,5350
13561557,I2_2,20000,8830
68477746,I2_1,10000,4341
980656674,I2_1,10000,5375
282425221,I2_1,10000,4918
225977742,I2_2,20000,12279
884148119,I2_2,20000,7506
687922005,I2_1,10000,5294
883163758,I2_1,10000,6479
944175481,I2_1,10000,6772
837011709,I2_1,10000,3650
56505981,I2_2,20000,10771
602077492,I2_1,10000,5000
183284170,I2_1,10000,4124
120417052,I2_1,10000,2499
739471417,I2_1,10000,2927
229568002,I2_2,20000,5157
32845693,I2_1,10000,4461
104244948,I2_2,20000,4951
596093451,I2_1,10000,5601
531239299,I2_2,20000,8745
384928275,I2_1,10000,4732
592644067,I2_1,10000,4272
319006742,I2_2,20000,12453
678183318,I2_1,10000,4298
87769860,I2_2,20000,12586
853199915,I2_1,10000,4753
507322640,I2_1,10000,4402
69598683,I2_2,20000,10172
945063974,I2_1,10000,5908
83200364,I2_1,10000,5943
199263290,I2_1,10000,5382
355462778,I2_1,10000,6504
836268137,I2_1,10000,5882
456509275,I2_1,10000,5910
678764359,I2_2,20000,15098
637513538,I2_1,10000,6948
377945706,I2_2,20000,9214
507817641,I2_2,20000,6605
951082092,I2_2,20000,8387
555459823,I2_1,10000,4047
9363867,I2_1,10000,2920
763159115,I2_1,10000,2531
472648178,I2_2,20000,4705
542765595,I2_2,20000,4640
50758766,I2_2,20000,5459
867135636,I2_1,10000,3742
810594082,I2_1,10000,2941
335324249,I2_1,10000,2662
989198844,I2_1,10000,2609
259107265,I2_2,20000,4587
412016384,I2_2,20000,7353
633762961,I2_1,10000,3531
212096395,I2_2,20000,8563
523728518,I2_2,20000,7809
76095280,I2_2,20000,4572
929474374,I2_2,20000,5760
564027694,I2_2,20000,6601
78899480,I2_1,10000,5978
789796384,I2_1,10000,3277
766254257,I2_2,20000,10016
513769775,I2_2,20000,8774
114339969,I2_2,20000,4720
7131930,I2_2,20000,6831
623289715,I2_2,20000,6838
962371456,I2_1,10000,3758
493060360,I2_2,20000,6186
202027927,I2_1,10000,5151
442116006,I2_1,10000,5036
254336722,I2_1,10000,3493
201541345,I2_2,20000,5462
125467613,I2_1,10000,4704
610040517,I2_2,20000,7978
461777409,I2_1,10000,4319
855612004,I2_1,10000,4816
599057012,I2_2,20000,10145
657283775,I2_2,20000,12342
843150530,I2_2,20000,11830
973467651,I2_2,20000,11850
460340010,I2_1,10000,6463
376470729,I2_2,20000,8953
868120477,I2_2,20000,9815
985203787,I2_2,20000,5583
271001573,I2_2,20000,7386
792210751,I2_2,20000,7522
430283008,I2_1,10000,3953
208448469,I2_2,20000,4693
125155181,I2_1,10000,4102
675485070,I2_1,10000,3227
259640349,I2_1,10000,2609
79682465,I2_1,10000,2521
145305544,I2_1,10000,2519
466459547,I2_2,20000,5200
28884732,I2_2,20000,5189
135487683,I2_2,20000,5851
975535546,I2_2,20000,7967
306234614,I2_2,20000,7464
924423055,I2_2,20000,6390
704508692,I2_1,10000,2999
517093235,I2_1,10000,3962
190796000,I2_2,20000,6088
490412374,I2_2,20000,8134
196579930,I2_2,20000,8007
723678624,I2_1,10000,4381
241764957,I2_2,20000,8556
137360830,I2_2,20000,7697
863992370,I2_2,20000,9872
654965258,I2_1,10000,4278
116435795,I2_2,20000,6082
703316042,I2_2,20000,6095
87505518,I2_1,10000,3387
905594585,I2_1,10000,4392
193793879,I2_1,10000,2988
344283545,I2_1,10000,4664
949885338,I2_2,20000,6797
978740539,I2_2,20000,6162
548249803,I2_2,20000,7531
664321066,I2_1,10000,3242
889374779,I2_1,10000,4075
455934390,I2_1,10000,4328
489480299,I2_1,10000,4237
168555744,I2_1,10000,4823
545548309,I2_2,20000,5786
851253336,I2_1,10000,5106
894721082,I2_1,10000,3877
477437895,I2_1,10000,3272
350794580,I2_2,20000,12241
11064981,I2_2,20000,11877
238483025,I2_2,20000,12337
888879440,I2_2,20000,12748
115187827,I2_1,10000,5770
676505002,I2_2,20000,15887
905989603,I2_1,10000,6807
176428700,I2_2,20000,14054
52346762,I2_1,10000,6780
199546242,I2_2,20000,5839
422357029,I2_1,10000,5009
393938143,I2_1,10000,2573
380305088,I2_1,10000,3203
372948245,I2_2,20000,4546
296372868,I2_1,10000,2483
450571267,I2_2,20000,4561
476740994,I2_1,10000,3981
163422030,I2_2,20000,4591
240016290,I2_1,10000,2875
876656656,I2_1,10000,3926
52935263,I2_2,20000,7593
93378479,I2_1,10000,3112
417566093,I2_2,20000,5034
720455519,I2_1,10000,4013
610413004,I2_2,20000,5289
85735246,I2_1,10000,4551
713623878,I2_1,10000,5078
886391980,I2_1,10000,5785
988863050,I2_2,20000,9399
82115383,I2_1,10000,2957
322451329,I2_1,10000,3597
873780063,I2_2,20000,4694
808312011,I2_2,20000,4651
373654719,I2_1,10000,3074
540965791,I2_1,10000,4536
86275800,I2_2,20000,5145
388650062,I2_1,10000,5683
280118832,I2_1,10000,7249
594964745,I2_1,10000,6669
693413954,I2_1,10000,6466
490263439,I2_2,20000,9926
405302667,I2_1,10000,2655
944324188,I2_1,10000,2771
613485233,I2_2,20000,4640
102733325,I2_1,10000,5209
912202290,I2_1,10000,3341
715690850,I2_1,10000,2545
968075767,I2_2,20000,5750
338461486,I2_2,20000,5274
125488551,I2_1,10000,5834
449665578,I2_1,10000,5262
130289861,I2_1,10000,4161
424416234,I2_1,10000,4404
631241645,I2_1,10000,4958
403634233,I2_2,20000,9129
367577073,I2_1,10000,4387
452233306,I2_2,20000,6102
636615428,I2_2,20000,7000
173176781,I2_1,10000,5309
916155254,I2_2,20000,4588
182399922,I2_2,20000,4812
741210776,I2_1,10000,5195
287844846,I2_1,10000,4744
63572438,I2_2,20000,8990
197679430,I2_2,20000,6935
450160152,I2_2,20000,6752
58484932,I2_2,20000,7172
304881716,I2_1,10000,4632
90295238,I2_1,10000,3783
804854974,I2_1,10000,3005
14511676,I2_2,20000,4552
83199605,I2_2,20000,6656
718666035,I2_2,20000,4520
30466028,I2_2,20000,4726
201287222,I2_2,20000,5595
770506044,I2_1,10000,3920
259008318,I2_1,10000,3929
368059067,I2_1,10000,3051
328724357,I2_1,10000,3580
554140607,I2_1,10000,2560
657709850,I2_1,10000,2544
332422618,I2_1,10000,3676
881401600,I2_1,10000,2549
604162193,I2_1,10000,4151
728165192,I2_1,10000,4714
691224784,I2_2,20000,5140
392011741,I2_2,20000,5829
40672756,I2_1,10000,3196
52716978,I2_1,10000,3933
382222714,I2_2,20000,4635
601704637,I2_1,10000,2804
792169174,I2_2,20000,7114
63741064,I2_2,20000,5307
205460290,I2_2,20000,7430
119756247,I2_2,20000,4828
731638078,I2_2,20000,4725
979150598,I2_1,10000,3137
363666916,I2_2,20000,7906
580804944,I2_1,10000,4209
248470884,I2_2,20000,6767
98991671,I2_1,10000,3730
507252044,I2_2,20000,5189
271449235,I2_2,20000,7305
637165491,I2_1,10000,3471
648469922,I2_1,10000,3890
510350110,I2_1,10000,3946
691210999,I2_1,10000,3125
244929905,I2_2,20000,4610
61204668,I2_1,10000,5146
3199327,I2_1,10000,5063
163524556,I2_1,10000,2463
249769332,I2_1,10000,2607
437950350,I2_1,10000,2696
13942138,I2_2,20000,5198
512269897,I2_1,10000,2846
680007213,I2_2,20000,5682
249125622,I2_1,10000,3970
219991015,I2_2,20000,5775
69614804,I2_1,10000,5160
717071459,I2_1,10000,3859
103071525,I2_1,10000,2713
708502290,I2_2,20000,5453
274114025,I2_1,10000,3393
794490336,I2_2,20000,8169
976248830,I2_1,10000,3883
186993067,I2_2,20000,9302
257249984,I2_2,20000,7050
206923715,I2_1,10000,5864
833490694,I2_1,10000,5430
366731805,I2_2,20000,7035
529320332,I2_2,20000,5068
232627366,I2_1,10000,4501
834281639,I2_1,10000,3972
153078011,I2_1,10000,5026
762211319,I2_1,10000,3074
815994029,I2_1,10000,3507
482696483,I2_1,10000,4079
376631468,I2_2,20000,5751
777319425,I2_1,10000,4040
344946404,I2_2,20000,7218
452228015,I2_1,10000,4458
475494125,I2_2,20000,7126
814374114,I2_1,10000,3756
93526085,I2_2,20000,8099
196770548,I2_2,20000,5970
49462288,I2_1,10000,4310
688586803,I2_2,20000,5398
925691560,I2_2,20000,4483
245525481,I2_2,20000,4774
510222927,I2_1,10000,5288
452201474,I2_1,10000,4018
271351472,I2_1,10000,3524
224945581,I2_2,20000,5731
783694756,I2_2,20000,4767
12229927,I2_1,10000,2912
763266841,I2_1,10000,5008
847903611,I2_1,10000,4396
642052919,I2_1,10000,4476
24569356,I2_2,20000,7655
736388373,I2_1,10000,3168
43454386,I2_2,20000,5673
705192974,I2_1,10000,4569
517703143,I2_1,10000,5167
801639153,I2_1,10000,5006
633683820,I2_2,20000,9449
724135786,I2_1,10000,6629
838425762,I2_1,10000,6169
422464457,I2_1,10000,7292
215078527,I2_2,20000,13941
372359278,I2_1,10000,6055
239846450,I2_1,10000,6617
798096092,I2_1,10000,8178
718036145,I2_2,20000,14531
158433748,I2_2,20000,10604
566089852,I2_1,10000,3017
211898059,I2_1,10000,4690
151769485,I2_2,20000,6412
152016539,I2_2,20000,7511
157288423,I2_1,10000,2651
101038468,I2_1,10000,3920
986463382,I2_1,10000,4057
597013263,I2_1,10000,3323
141826769,I2_1,10000,4309
359871040,I2_2,20000,4532
808862321,I2_1,10000,3914
643293105,I2_2,20000,4490
750949926,I2_1,10000,5036
42448309,I2_1,10000,5435
994608439,I2_2,20000,5943
657186475,I2_2,20000,4852
906324773,I2_2,20000,5009
659291230,I2_2,20000,5381
445477723,I2_2,20000,4854
647422561,I2_1,10000,5388
68414713,I2_2,20000,5056
410718532,I2_2,20000,5999
696726676,I2_1,10000,2571
739886040,I2_2,20000,5125
104841125,I2_2,20000,5061
627237855,I2_1,10000,3417
974856975,I2_2,20000,6730
492188481,I2_2,20000,4591
542329133,I2_2,20000,4572
85724072,I2_2,20000,4620
828058098,I2_1,10000,2929
548076951,I2_2,20000,5135
156200514,I2_2,20000,4533
263658194,I2_1,10000,3773
542892245,I2_1,10000,4303
628103211,I2_2,20000,4647
251213456,I2_2,20000,4724
158217869,I2_2,20000,5670
10676827,I2_1,10000,2751
301687803,I2_1,10000,2556
616843020,I2_1,10000,2814
446535374,I2_2,20000,4579
321800804,I2_2,20000,5385
15179458,I2_2,20000,5247
490729276,I2_1,10000,5770
239088577,I2_2,20000,6791
210769841,I2_2,20000,7674
38359204,I2_1,10000,4405
710915285,I2_2,20000,5477
232061660,I2_2,20000,7705
427653860,I2_1,10000,2916
521661791,I2_2,20000,4758
941959211,I2_2,20000,5911
569351880,I2_2,20000,6531
702657750,I2_2,20000,6247
793453854,I2_1,10000,3280
277019737,I2_2,20000,5091
345903411,I2_2,20000,6375
64208360,I2_2,20000,5454
667776085,I2_1,10000,5929
372752421,I2_2,20000,8308
387652738,I2_1,10000,4595
189608005,I2_1,10000,5131
641895179,I2_2,20000,13588
193674764,I2_2,20000,12658
546664346,I2_2,20000,13661
886821075,I2_2,20000,13526
757118206,I2_2,20000,14432
113948759,I2_1,10000,5317
63091148,I2_2,20000,16618
819319723,I2_1,10000,6027
376929254,I2_2,20000,10293
127037579,I2_2,20000,7519
455652739,I2_1,10000,5965
18792139,I2_2,20000,5574
62319573,I2_1,10000,5620
161186911,I2_1,10000,4023
911453538,I2_2,20000,6668
103200274,I2_2,20000,5382
3408292,I2_1,10000,5370
599508393,I2_1,10000,6329
129020373,I2_1,10000,6216
469907972,I2_2,20000,4596
277233905,I2_1,10000,2911
2432196,I2_1,10000,3803
36976746,I2_2,20000,7655
180411189,I2_2,20000,4486
804823204,I2_2,20000,4475
270164745,I2_1,10000,2496
151435368,I2_1,10000,2721
531279407,I2_1,10000,2475
545055177,I2_1,10000,4167
863322546,I2_2,20000,4465
314526274,I2_2,20000,5430
521231080,I2_1,10000,2875
879902888,I2_1,10000,2911
13893352,I2_2,20000,4504
464729160,I2_2,20000,4471
381531110,I2_2,20000,5143
634860808,I2_1,10000,3356
298694523,I2_2,20000,4992
165750882,I2_2,20000,4582
930079000,I2_1,10000,3916
640161260,I2_2,20000,6516
13783959,I2_2,20000,5387
67120305,I2_1,10000,2652
618472862,I2_2,20000,6896
730628122,I2_1,10000,5920
395832096,I2_1,10000,4121
422597400,I2_2,20000,9657
374721201,I2_2,20000,10026
64780059,I2_2,20000,11794
304642958,I2_1,10000,4993
428187893,I2_1,10000,3119
128914158,I2_2,20000,12292
119571851,I2_2,20000,4931
308627586,I2_1,10000,4399
451196476,I2_2,20000,5958
267413943,I2_1,10000,4381
242085916,I2_2,20000,5294
154191625,I2_1,10000,3648
564172110,I2_1,10000,3434
497828209,I2_1,10000,2905
700318312,I2_1,10000,3423
724892944,I2_1,10000,3402
93515830,I2_2,20000,4518
966069430,I2_1,10000,2992
363563581,I2_2,20000,5000
566538048,I2_2,20000,5456
167297493,I2_1,10000,3321
531426285,I2_1,10000,3525
180768314,I2_1,10000,2566
623223974,I2_1,10000,2610
639033775,I2_1,10000,2771
740144483,I2_1,10000,3031
925692676,I2_1,10000,3650
491450678,I2_1,10000,3189
511411725,I2_2,20000,5302
386534636,I2_2,20000,4980
910933554,I2_2,20000,7683
41977337,I2_2,20000,5298
520555494,I2_1,10000,5387
597335506,I2_2,20000,7593
18117420,I2_1,10000,2988
36312017,I2_2,20000,4587
646986567,I2_1,10000,2615
428723723,I2_1,10000,2730
628859695,I2_2,20000,5745
682122340,I2_2,20000,6294
736592100,I2_1,10000,4703
199771665,I2_1,10000,5281
212700887,I2_1,10000,5706
779244773,I2_2,20000,8962
551638689,I2_2,20000,11699
303162409,I2_2,20000,12673
802645889,I2_1,10000,6452
170578339,I2_2,20000,9690
997966693,I2_2,20000,9120
666653332,I2_2,20000,9045
103266720,I2_1,10000,5299
259702253,I2_2,20000,4641
762080267,I2_1,10000,5153
892308146,I2_2,20000,6048
453640075,I2_2,20000,5114
641843773,I2_1,10000,4463
839593368,I2_2,20000,7056
293430206,I2_2,20000,4634
605255490,I2_1,10000,2623
869941473,I2_1,10000,3415
550005983,I2_2,20000,5562
565868827,I2_1,10000,3809
193202346,I2_2,20000,8222
454129338,I2_2,20000,8301
190299866,I2_1,10000,5481
550377574,I2_1,10000,4359
773625781,I2_1,10000,6006
29528363,I2_2,20000,10363
665571628,I2_2,20000,9342
589456486,I2_1,10000,5541
695699272,I2_1,10000,3887
83145940,I2_2,20000,12055
376694589,I2_1,10000,4992
166418317,I2_2,20000,9851
456355821,I2_2,20000,9819
683044102,I2_1,10000,4290
837322799,I2_2,20000,10797
447299258,I2_1,10000,4299
514052410,I2_1,10000,4796
703691066,I2_2,20000,12423
232712214,I2_2,20000,11998
117962589,I2_1,10000,4032
285184741,I2_1,10000,4508
704792719,I2_2,20000,7164
260824166,I2_2,20000,8591
839652403,I2_1,10000,6503
241354471,I2_2,20000,8052
425872333,I2_2,20000,7915
244881707,I2_1,10000,5792
366567124,I2_2,20000,8522
560092194,I2_1,10000,4833
533534396,I2_1,10000,3796
262367136,I2_2,20000,6475
945811721,I2_1,10000,3766
896107452,I2_1,10000,3399
637410389,I2_1,10000,2381
657395821,I2_1,10000,2342
964743212,I2_1,10000,2447
229712228,I2_1,10000,2601
52195311,I2_2,20000,4402
569685925,I2_1,10000,2443
706220912,I2_1,10000,3667
220482987,I2_1,10000,3869
832836434,I2_1,10000,5554
132291090,I2_2,20000,6568
155683473,I2_2,20000,8743
14134205,I2_2,20000,8115
650096599,I2_2,20000,5843
223509402,I2_1,10000,5300
604157985,I2_1,10000,6339
979159949,I2_2,20000,5017
434267693,I2_1,10000,3355
889513015,I2_1,10000,3373
335618056,I2_2,20000,7699
874860916,I2_1,10000,4401
794361539,I2_2,20000,8888
430065490,I2_1,10000,2837
719432988,I2_1,10000,3340
552683993,I2_2,20000,6089
29448060,I2_1,10000,3844
342681376,I2_2,20000,5877
857819299,I2_1,10000,3695
366494303,I2_1,10000,2536
59320746,I2_2,20000,5224
475705610,I2_1,10000,3608
322879386,I2_2,20000,5808
676603160,I2_1,10000,2519
717997450,I2_2,20000,4434
503082653,I2_1,10000,2498
41794669,I2_1,10000,2676
130795284,I2_2,20000,4803
703546672,I2_1,10000,2822
822127046,I2_1,10000,2993
37189485,I2_1,10000,2450
130905812,I2_1,10000,2506
524748738,I2_1,10000,3210
579358878,I2_2,20000,5320
806275058,I2_2,20000,6510
579804892,I2_2,20000,7506
792761075,I2_1,10000,3402
132119769,I2_2,20000,4970
217680572,I2_2,20000,5832
27902705,I2_2,20000,4430
221806955,I2_2,20000,5395
654188183,I2_1,10000,2407
243074153,I2_2,20000,4573
358552685,I2_2,20000,6633
483601727,I2_1,10000,3342
977716023,I2_1,10000,3481
107216093,I2_1,10000,3064
562818967,I2_2,20000,6384
690860420,I2_1,10000,4500
507904563,I2_1,10000,5046
195732433,I2_2,20000,9489
525152812,I2_1,10000,5142
664447446,I2_1,10000,5680
382323118,I2_2,20000,9911
506026009,I2_2,20000,9699
656871888,I2_2,20000,10806
469361066,I2_2,20000,11892
758819970,I2_2,20000,11844
958457941,I2_2,20000,7828
413808932,I2_2,20000,10350
300853150,I2_1,10000,4372
872506655,I2_2,20000,6465
728708843,I2_2,20000,8586
375427857,I2_2,20000,5934
602067110,I2_2,20000,5430
520010712,I2_1,10000,4878
312685462,I2_1,10000,3717
808868724,I2_2,20000,4429
770539249,I2_1,10000,2787
837538328,I2_2,20000,6511
339766947,I2_1,10000,2912
881148885,I2_1,10000,3945
551210690,I2_1,10000,2590
264785732,I2_1,10000,3029
174686127,I2_1,10000,3679
193093574,I2_2,20000,5807
701808248,I2_2,20000,5328
404641291,I2_2,20000,5661
288864378,I2_1,10000,3385
840480504,I2_2,20000,5950
56666861,I2_1,10000,2685
546414865,I2_2,20000,5360
371034401,I2_2,20000,4996
80724955,I2_1,10000,4460
4455107,I2_1,10000,3438
813550427,I2_2,20000,8882
683367391,I2_1,10000,5416
300253722,I2_1,10000,6031
195262969,I2_1,10000,3777
354563060,I2_2,20000,10398
78619880,I2_1,10000,4310
764748220,I2_1,10000,4888
213353876,I2_2,20000,8746
575009078,I2_2,20000,6125
818490207,I2_1,10000,5388
957090504,I2_2,20000,7532
239529172,I2_2,20000,8513
530945825,I2_1,10000,5900
86806227,I2_1,10000,5279
60552185,I2_2,20000,6233
749068469,I2_2,20000,5950
935991534,I2_1,10000,2782
415087104,I2_1,10000,3825
892197132,I2_1,10000,2937
789439126,I2_2,20000,5076
795138099,I2_1,10000,5436
165053586,I2_1,10000,3845
603170232,I2_2,20000,6443
439844647,I2_2,20000,5275
649140117,I2_1,10000,5207
181216390,I2_2,20000,6318
258480013,I2_2,20000,7050
486122227,I2_2,20000,5482
742589794,I2_1,10000,3810
35360302,I2_1,10000,5390
149478444,I2_2,20000,8647
662403704,I2_2,20000,5330
968272500,I2_2,20000,5738
94679516,I2_1,10000,5261
211807575,I2_1,10000,3851
622993799,I2_1,10000,3862
593656748,I2_1,10000,4447
912646944,I2_2,20000,7571
414531564,I2_1,10000,4238
187092847,I2_2,20000,9392
308397115,I2_2,20000,10387
650314081,I2_2,20000,11570
447819124,I2_2,20000,8312
897306584,I2_2,20000,9272
45079547,I2_2,20000,8863
990218423,I2_2,20000,7471
990933124,I2_1,10000,4870
246862292,I2_1,10000,3842
871147620,I2_1,10000,3468
516692009,I2_1,10000,2813
552864272,I2_2,20000,4422
875645699,I2_1,10000,3880
88605474,I2_1,10000,4563
493711726,I2_1,10000,2467
840624987,I2_1,10000,2463
919561880,I2_2,20000,4600
540535731,I2_2,20000,5454
573536903,I2_2,20000,7486
831177002,I2_1,10000,2992
684277597,I2_1,10000,4108
75468987,I2_2,20000,6797
988550947,I2_1,10000,5064
667247009,I2_1,10000,5417
774024256,I2_2,20000,10464
326717300,I2_1,10000,4450
502090838,I2_2,20000,7033
433373252,I2_1,10000,2822
444010316,I2_1,10000,3822
846456354,I2_2,20000,4540
862731134,I2_2,20000,4492
209967167,I2_1,10000,2483
775986508,I2_1,10000,2540
304644060,I2_1,10000,3013
358889447,I2_2,20000,4593
466408315,I2_1,10000,3948
957256033,I2_2,20000,6425
617421932,I2_1,10000,2998
366224213,I2_1,10000,4068
305646503,I2_2,20000,6234
57909771,I2_1,10000,5569
643222841,I2_2,20000,6422
203300541,I2_1,10000,5389
204503808,I2_2,20000,8529
56547583,I2_2,20000,9723
941504497,I2_2,20000,12403
131576076,I2_2,20000,9741
597899708,I2_1,10000,5616
226189566,I2_1,10000,4823
822196592,I2_1,10000,5907
755057875,I2_2,20000,12466
352247118,I2_1,10000,7012
559621504,I2_2,20000,13556
128261727,I2_1,10000,5793
90339662,I2_2,20000,14824
300032333,I2_2,20000,11096
710172675,I2_2,20000,12898
605525101,I2_2,20000,13789
134218327,I2_1,10000,2505
363050832,I2_1,10000,2703
324247213,I2_2,20000,4664
980266534,I2_1,10000,4124
717752176,I2_1,10000,5656
591360788,I2_2,20000,7181
919354719,I2_2,20000,8411
545627767,I2_1,10000,4403
488874850,I2_2,20000,10362
965256413,I2_1,10000,3261
484559557,I2_1,10000,2741
229398628,I2_2,20000,4959
687494843,I2_2,20000,6662
771160783,I2_2,20000,4628
302766227,I2_2,20000,5589
877517638,I2_2,20000,6536
571402988,I2_2,20000,8661
564100715,I2_2,20000,7524
210257981,I2_1,10000,4876
427754375,I2_1,10000,5346
599092488,I2_2,20000,10698
949659814,I2_2,20000,9394
952252365,I2_2,20000,8343
587643628,I2_2,20000,4908
146333058,I2_1,10000,2833
420327546,I2_1,10000,2563
149970866,I2_1,10000,3688
590107175,I2_2,20000,5981
14101730,I2_2,20000,8290
747817746,I2_1,10000,5192
188240054,I2_1,10000,5761
888099994,I2_2,20000,6798
906267868,I2_1,10000,4932
452130128,I2_1,10000,3209
466930356,I2_2,20000,10534
879150474,I2_1,10000,5224
716943358,I2_2,20000,12225
552353829,I2_2,20000,13280
95089004,I2_2,20000,4766
525577200,I2_2,20000,4892
109264238,I2_2,20000,6567
438546662,I2_1,10000,2999
628703375,I2_2,20000,4715
884720204,I2_2,20000,5719
401168713,I2_1,10000,3136
624413937,I2_2,20000,8812
727388886,I2_1,10000,3101
412316427,I2_1,10000,3887
915038637,I2_2,20000,6454
641880989,I2_2,20000,4863
20247857,I2_1,10000,5529
908268853,I2_1,10000,6704
279301304,I2_2,20000,7791
647318931,I2_1,10000,7195
214801649,I2_1,10000,5613
315481835,I2_1,10000,6731
263973157,I2_1,10000,6192
717851258,I2_1,10000,3864
864763125,I2_2,20000,14772
463362172,I2_1,10000,4318
926586584,I2_2,20000,9422
722394947,I2_2,20000,8733
557029020,I2_2,20000,7638
238669163,I2_2,20000,7557
576899547,I2_1,10000,2706
67112892,I2_2,20000,8431
100295815,I2_1,10000,3861
388316003,I2_2,20000,7380
833079229,I2_2,20000,4570
601343752,I2_2,20000,4590
972734065,I2_2,20000,4742
453403634,I2_2,20000,5557
711130011,I2_2,20000,4669
189479534,I2_1,10000,2970
791824291,I2_2,20000,4648
167934967,I2_1,10000,4084
312829607,I2_2,20000,5606
621272101,I2_2,20000,5787
377190620,I2_2,20000,4661
846962959,I2_2,20000,4743
421564153,I2_2,20000,5552
171988476,I2_1,10000,2757
32314657,I2_1,10000,5019
196801604,I2_1,10000,4538
692805238,I2_1,10000,5518
358661860,I2_2,20000,9357
310797629,I2_2,20000,8707
613785558,I2_2,20000,9801
543258139,I2_2,20000,12357
829824816,I2_2,20000,8129
91485570,I2_1,10000,4305
619595411,I2_2,20000,9710
190804972,I2_2,20000,9622
730238334,I2_2,20000,8724
739318184,I2_2,20000,8731
692930183,I2_1,10000,2477
469631501,I2_1,10000,2397
870044490,I2_1,10000,2632
388742315,I2_1,10000,2675
998046971,I2_1,10000,4480
452009519,I2_1,10000,3559
181828712,I2_2,20000,5691
238659131,I2_1,10000,6194
451344897,I2_1,10000,6713
931768867,I2_1,10000,6120
744325989,I2_1,10000,5024
981013961,I2_1,10000,2925
486829198,I2_1,10000,3409
730339598,I2_2,20000,6562
323357268,I2_2,20000,7566
810720360,I2_2,20000,7448
108288244,I2_1,10000,2791
918547770,I2_2,20000,4502
185199938,I2_1,10000,2474
422337084,I2_1,10000,3503
416283830,I2_2,20000,4568
230470494,I2_1,10000,3879
443369239,I2_1,10000,5482
504835554,I2_1,10000,4863
551214182,I2_2,20000,5490
449261395,I2_1,10000,4351
532803261,I2_1,10000,5894
666402712,I2_1,10000,5485
698199599,I2_2,20000,7602
196385415,I2_2,20000,5506
132253377,I2_2,20000,5519
793959803,I2_1,10000,3465
583586485,I2_1,10000,4516
834436442,I2_1,10000,3328
963170746,I2_1,10000,2528
124047133,I2_2,20000,4614
516681621,I2_1,10000,4061
325485885,I2_2,20000,5549
841138252,I2_2,20000,5526
633201438,I2_2,20000,4744
40373951,I2_1,10000,3115
926864666,I2_1,10000,4729
811359414,I2_2,20000,6456
41306380,I2_1,10000,5169
951702866,I2_1,10000,3509
428663740,I2_1,10000,3651
859706664,I2_1,10000,4673
242102988,I2_2,20000,5074
742097210,I2_2,20000,7606
14085161,I2_1,10000,4273
231110623,I2_2,20000,10442
7472431,I2_2,20000,9690
43408306,I2_2,20000,9837
604848642,I2_2,20000,10587
275231835,I2_1,10000,4742
381273903,I2_2,20000,9945
946676910,I2_1,10000,5100
802135251,I2_1,10000,3700
501348185,I2_2,20000,7290
420105432,I2_2,20000,7061
394140980,I2_1,10000,4316
85182203,I2_2,20000,5204
483629616,I2_2,20000,5365
432202001,I2_1,10000,2835
144253380,I2_2,20000,6427
116009544,I2_1,10000,2551
423838530,I2_1,10000,3048
973335683,I2_2,20000,4634
505417902,I2_1,10000,3012
600091326,I2_2,20000,4668
526801695,I2_1,10000,3992
506022468,I2_2,20000,7466
740563282,I2_2,20000,4683
244299926,I2_1,10000,3077
522636534,I2_1,10000,4124
902157597,I2_1,10000,2857
16009412,I2_2,20000,4625
592598738,I2_1,10000,3992
85979514,I2_2,20000,5188
25019468,I2_1,10000,5073
857265950,I2_1,10000,4602
626070337,I2_2,20000,4652
384313091,I2_2,20000,5513
561516891,I2_1,10000,2878
421651611,I2_2,20000,4978
767662417,I2_1,10000,3623
706478689,I2_2,20000,6900
171047699,I2_1,10000,5644
367428863,I2_1,10000,3403
512721788,I2_2,20000,11328
985582130,I2_1,10000,5016
41600002,I2_1,10000,4958
948194322,I2_2,20000,11818
295585464,I2_2,20000,10294
739178757,I2_1,10000,4109
841269338,I2_1,10000,4114
990544621,I2_1,10000,4085
575032248,I2_2,20000,9442
490818352,I2_1,10000,4607
784906659,I2_1,10000,5177
181084226,I2_2,20000,9707
787387713,I2_2,20000,5650
674787077,I2_2,20000,5685
940930629,I2_2,20000,6644
985912574,I2_2,20000,6749
706490862,I2_2,20000,5566
753956571,I2_2,20000,5385
165129079,I2_2,20000,7409
496799009,I2_1,10000,2576
366915352,I2_1,10000,3418
84750120,I2_2,20000,5093
739434437,I2_1,10000,5541
453066309,I2_1,10000,6085
90943167,I2_2,20000,7761
708426852,I2_2,20000,10649
305535834,I2_1,10000,5737
780833886,I2_1,10000,2972
655573483,I2_2,20000,6683
718416769,I2_1,10000,3878
999014868,I2_2,20000,9937
250948995,I2_1,10000,4245
5246279,I2_2,20000,10304
331069298,I2_1,10000,2811
95999073,I2_1,10000,4366
834959112,I2_2,20000,5971
431053476,I2_1,10000,2804
849141677,I2_2,20000,4426
47336811,I2_1,10000,3354
920009900,I2_1,10000,4139
86001561,I2_2,20000,6120
443509375,I2_1,10000,2935
73789776,I2_2,20000,6620
906769659,I2_2,20000,6137
174811013,I2_1,10000,5531
583650106,I2_1,10000,4309
774191083,I2_1,10000,5877
253460632,I2_2,20000,11684
806239027,I2_1,10000,3456
171752284,I2_1,10000,3988
193362222,I2_1,10000,5123
618783142,I2_1,10000,5908
543357365,I2_1,10000,3847
330529634,I2_2,20000,6218
206835092,I2_2,20000,6129
802841470,I2_1,10000,2766
455312988,I2_2,20000,4644
644514138,I2_1,10000,5027
914499043,I2_2,20000,5029
160484988,I2_2,20000,6263
277363743,I2_2,20000,8361
224101565,I2_1,10000,5304
501896157,I2_2,20000,10605
107350521,I2_2,20000,7962
895042046,I2_2,20000,5227
437831726,I2_1,10000,3665
930092473,I2_1,10000,2479
760110289,I2_1,10000,2553
710080415,I2_2,20000,4676
556072969,I2_2,20000,5542
136723392,I2_1,10000,2901
206907610,I2_2,20000,5145
780780454,I2_2,20000,4633
692723711,I2_1,10000,4065
935601211,I2_2,20000,5586
856653191,I2_2,20000,4695
359522957,I2_2,20000,4624
524360353,I2_2,20000,4682
325155745,I2_1,10000,2943
412916388,I2_1,10000,2736
294055712,I2_1,10000,4170
842421832,I2_1,10000,3537
195908049,I2_2,20000,4869
441485158,I2_1,10000,2584
727479542,I2_1,10000,3080
528237400,I2_2,20000,4775
455008723,I2_1,10000,2695
459670029,I2_1,10000,3737
274374232,I2_1,10000,3166
318318660,I2_2,20000,5369
173931966,I2_1,10000,4551
414444997,I2_1,10000,2575
129879040,I2_1,10000,2703
642327922,I2_1,10000,2674
943819101,I2_1,10000,2639
214090853,I2_2,20000,5288
790228448,I2_1,10000,2570
997919421,I2_2,20000,5685
337524180,I2_2,20000,5080
831599719,I2_1,10000,4433
752959949,I2_2,20000,6163
221884364,I2_2,20000,5528
191547371,I2_1,10000,3906
982934056,I2_1,10000,3075
527469167,I2_1,10000,3612
220533452,I2_1,10000,2961
68439026,I2_2,20000,5160
620152414,I2_1,10000,3596
723565293,I2_1,10000,3532
593944462,I2_1,10000,5101
637721670,I2_2,20000,7168
596222193,I2_2,20000,9933
73496829,I2_2,20000,8142
138045391,I2_1,10000,5377
734668275,I2_2,20000,11850
375327156,I2_2,20000,11330
23511334,I2_2,20000,12240
602088407,I2_1,10000,5320
273336856,I2_2,20000,14499
399146561,I2_2,20000,17183
809199751,I2_1,10000,7432
205747455,I2_1,10000,7016
588491773,I2_2,20000,12333
98953045,I2_2,20000,11838
68515939,I2_1,10000,5950
715305370,I2_1,10000,4251
78619023,I2_2,20000,8846
867328273,I2_1,10000,5487
690538908,I2_1,10000,2524
684476098,I2_1,10000,3028
781249628,I2_1,10000,4781
388165884,I2_2,20000,7242
361322565,I2_1,10000,4753
803132668,I2_1,10000,5313
474491659,I2_1,10000,6315
539996532,I2_2,20000,10652
807767863,I2_1,10000,5350
147456144,I2_1,10000,5962
911453043,I2_2,20000,11487
850534849,I2_2,20000,7501
97224754,I2_1,10000,6335
51720225,I2_2,20000,11086
171912568,I2_2,20000,11132
277624098,I2_1,10000,5875
716366698,I2_1,10000,6261
137232811,I2_1,10000,5346
348476650,I2_2,20000,16523
83567289,I2_1,10000,6309
825206877,I2_2,20000,12549
327201943,I2_1,10000,3688
840312159,I2_2,20000,12640
821222543,I2_2,20000,12550
394237242,I2_2,20000,8680
458214334,I2_2,20000,7657
508208556,I2_1,10000,2956
63201328,I2_1,10000,2910
365265374,I2_1,10000,3360
872091204,I2_1,10000,2444
289615815,I2_1,10000,2464
938586670,I2_1,10000,2498
372948885,I2_2,20000,4425
373440900,I2_1,10000,2872
550722163,I2_2,20000,4595
523400292,I2_1,10000,2911
739347802,I2_1,10000,3964
985248551,I2_1,10000,3421
825046456,I2_2,20000,5179
599132665,I2_2,20000,6193
353236394,I2_1,10000,3041
891375539,I2_1,10000,3581
333252970,I2_2,20000,6101
476812714,I2_2,20000,5450
47802145,I2_2,20000,5738
162450001,I2_1,10000,5296
508996729,I2_2,20000,8403
960839957,I2_2,20000,10480
897732788,I2_2,20000,11337
493313613,I2_2,20000,12990
249328806,I2_1,10000,5249
190547558,I2_1,10000,5854
305196496,I2_1,10000,5377
25869644,I2_2,20000,13656
360494231,I2_2,20000,11074
709913564,I2_2,20000,10131
982204806,I2_1,10000,5252
487118135,I2_1,10000,5925
650746128,I2_1,10000,6453
480202316,I2_2,20000,15352
983025879,I2_2,20000,14274
794169949,I2_1,10000,6858
552402255,I2_2,20000,12496
580770214,I2_1,10000,4114
681111948,I2_2,20000,13171
65265928,I2_2,20000,4749
344366705,I2_2,20000,5546
572329747,I2_1,10000,4927
211359348,I2_1,10000,5458
822825040,I2_2,20000,6526
13899928,I2_1,10000,3479
434744333,I2_1,10000,4513
7700407,I2_1,10000,2516
765894081,I2_2,20000,4555
678473742,I2_1,10000,3380
675318427,I2_2,20000,6055
184347988,I2_2,20000,4797
389897742,I2_2,20000,4712
580992882,I2_1,10000,2914
357500528,I2_1,10000,3976
128052011,I2_1,10000,3329
565240521,I2_2,20000,7509
426196015,I2_2,20000,9571
707329029,I2_2,20000,7413
771389941,I2_2,20000,9212
843487121,I2_2,20000,4448
153864417,I2_2,20000,5591
456693155,I2_1,10000,3686
616008728,I2_2,20000,5009
617578394,I2_1,10000,3892
301051654,I2_1,10000,3975
999628820,I2_2,20000,7425
325922150,I2_1,10000,5739
52472975,I2_2,20000,5743
351714681,I2_2,20000,5634
108600240,I2_1,10000,5344
756452432,I2_2,20000,8399
322248616,I2_2,20000,9469
179739584,I2_1,10000,4689
857415058,I2_1,10000,4008
107747960,I2_2,20000,11794
848081017,I2_2,20000,5010
552410852,I2_1,10000,3702
656667635,I2_2,20000,6239
881346317,I2_1,10000,3521
253036071,I2_1,10000,3519
341931129,I2_2,20000,7968
1396632,I2_1,10000,3885
831634656,I2_1,10000,4558
649270868,I2_1,10000,5060
151053946,I2_2,20000,5075
619806429,I2_2,20000,6625
863702364,I2_1,10000,5911
258644892,I2_2,20000,7628
26674015,I2_2,20000,6490
363977779,I2_1,10000,4987
12101162,I2_2,20000,4475
190539904,I2_2,20000,6597
823400426,I2_1,10000,2564
622936569,I2_2,20000,4801
785573037,I2_1,10000,3898
546133834,I2_1,10000,4322
19003477,I2_1,10000,4328
835271167,I2_2,20000,9215
825766214,I2_2,20000,9590
183367678,I2_1,10000,4712
883554460,I2_1,10000,5129
558149113,I2_2,20000,12268
397971549,I2_1,10000,3730
733838170,I2_2,20000,10374
508216056,I2_2,20000,12431
377581495,I2_2,20000,14320
548089327,I2_2,20000,11306
716565076,I2_2,20000,5142
901971658,I2_2,20000,4578
360373103,I2_1,10000,2837
840773768,I2_1,10000,2896
604256932,I2_2,20000,5932
634572105,I2_2,20000,5258
5712398,I2_1,10000,4425
927167552,I2_2,20000,6749
400596411,I2_2,20000,8838
419271571,I2_1,10000,2848
601618903,I2_2,20000,4498
438058569,I2_1,10000,2469
156929854,I2_2,20000,4636
135385971,I2_1,10000,2923
316631935,I2_1,10000,4025
109428469,I2_2,20000,8366
970056548,I2_1,10000,5347
306008462,I2_2,20000,9779
783593939,I2_1,10000,3182
153769224,I2_1,10000,4727
864427184,I2_2,20000,12629
36406044,I2_2,20000,13683
983818439,I2_2,20000,11045
45821513,I2_2,20000,8881
394759559,I2_2,20000,7033
84356152,I2_2,20000,8127
726378293,I2_2,20000,4531
235358863,I2_1,10000,3041
187136742,I2_1,10000,3471
21026193,I2_1,10000,3813
633837819,I2_2,20000,5978
864178246,I2_1,10000,4096
879404826,I2_1,10000,5120
369979658,I2_1,10000,2992
185531425,I2_2,20000,5506
979397370,I2_2,20000,7671
604497947,I2_1,10000,5195
962591395,I2_2,20000,9506
58997164,I2_2,20000,11642
508190350,I2_1,10000,5883
629136602,I2_2,20000,11915
782494440,I2_2,20000,7918
449061827,I2_1,10000,5298
58192128,I2_2,20000,8380
974245041,I2_2,20000,10611
142235792,I2_1,10000,6798
212454669,I2_2,20000,9962
368700454,I2_2,20000,7972
128408236,I2_1,10000,5790
709551425,I2_2,20000,7476
194049497,I2_1,10000,4608
811086015,I2_1,10000,4349
123066129,I2_1,10000,3865
156241539,I2_1,10000,4882
986024763,I2_2,20000,10449
392644462,I2_1,10000,6468
169238691,I2_1,10000,5409
410469423,I2_2,20000,11899
901302938,I2_2,20000,8531
549019421,I2_2,20000,9487
542601413,I2_2,20000,8393
138987712,I2_2,20000,7331
720893582,I2_2,20000,9518
155526791,I2_2,20000,10486
297730828,I2_2,20000,11497
849738665,I2_2,20000,12563
883267770,I2_2,20000,14141
468290082,I2_2,20000,10502
507039435,I2_1,10000,5804
74743160,I2_1,10000,6335
890175101,I2_2,20000,13079
650195595,I2_1,10000,4610
817949766,I2_2,20000,15749
542088997,I2_2,20000,15717
459058506,I2_2,20000,12571
508029089,I2_2,20000,8538
202589068,I2_1,10000,6041
288868025,I2_2,20000,4465
783264722,I2_2,20000,4500
583808142,I2_2,20000,6714
46984185,I2_2,20000,4681
944036815,I2_2,20000,5556
471581286,I2_1,10000,4829
874041797,I2_1,10000,4261
323363595,I2_2,20000,7753
772527902,I2_2,20000,5455
804928236,I2_2,20000,5461
32788727,I2_2,20000,6401
750623136,I2_1,10000,2505
925258827,I2_2,20000,4549
864134204,I2_1,10000,3929
478893294,I2_2,20000,5177
130854494,I2_2,20000,6150
315316393,I2_2,20000,8431
230547928,I2_1,10000,4431
637696108,I2_2,20000,7063
809963643,I2_1,10000,3763
895915519,I2_2,20000,5738
422307530,I2_1,10000,2474
469888181,I2_2,20000,4611
459411096,I2_1,10000,2962
64584198,I2_1,10000,4353
13813071,I2_1,10000,5895
127303613,I2_2,20000,7628
962234160,I2_1,10000,2772
499169495,I2_2,20000,11120
469024034,I2_2,20000,5002
977078119,I2_1,10000,4435
839645591,I2_2,20000,6451
7916666,I2_2,20000,8155
614016589,I2_2,20000,7661
231627484,I2_1,10000,4601
401754733,I2_2,20000,4607
130839182,I2_1,10000,3051
255542177,I2_1,10000,2878
101714200,I2_1,10000,3689
363642670,I2_2,20000,5143
9622857,I2_1,10000,3731
963319318,I2_1,10000,4256
477359189,I2_1,10000,5343
402312845,I2_2,20000,6453
619106203,I2_1,10000,5838
875466836,I2_1,10000,6484
239338227,I2_2,20000,8500
854826703,I2_2,20000,7505
601555678,I2_1,10000,4798
172485871,I2_1,10000,6017
222178262,I2_1,10000,5212
107210850,I2_2,20000,11599
465088342,I2_1,10000,3743
815861189,I2_2,20000,11494
149867971,I2_2,20000,10572
779460886,I2_2,20000,10969
257366029,I2_1,10000,5231
37170936,I2_2,20000,12513
585462427,I2_2,20000,13689
438569399,I2_2,20000,8105
688655109,I2_2,20000,5639
307954278,I2_2,20000,4571
239313559,I2_2,20000,5435
528128220,I2_1,10000,3842
8183283,I2_2,20000,4408
767039462,I2_2,20000,6491
300556369,I2_1,10000,5250
679825593,I2_1,10000,4745
594038750,I2_1,10000,4329
206093636,I2_1,10000,5343
101135081,I2_2,20000,5853
60729551,I2_2,20000,6765
695013397,I2_1,10000,2738
216401939,I2_1,10000,2975
383487459,I2_1,10000,3572
717699087,I2_2,20000,5978
256311234,I2_2,20000,5472
605597471,I2_2,20000,5458
651197357,I2_1,10000,5840
943434480,I2_1,10000,5115
834408470,I2_2,20000,9620
593101085,I2_2,20000,7032
204761122,I2_2,20000,7048
419981808,I2_1,10000,4463
409279825,I2_2,20000,6526
619000635,I2_1,10000,4120
710739202,I2_1,10000,5088
550910899,I2_1,10000,3026
123302444,I2_1,10000,2958
84945018,I2_1,10000,4442
367403679,I2_1,10000,3761
411471374,I2_2,20000,6084
108548671,I2_2,20000,8132
74169237,I2_2,20000,5937
214986421,I2_2,20000,6468
811203788,I2_1,10000,4849
483235043,I2_1,10000,3261
579192436,I2_1,10000,3724
909412498,I2_2,20000,6038
797323901,I2_1,10000,4376
745815642,I2_2,20000,4936
409317100,I2_2,20000,7036
329431086,I2_2,20000,5439
795897498,I2_2,20000,5334
492735585,I2_1,10000,4911
580943023,I2_1,10000,4924
695676122,I2_1,10000,2673
904035099,I2_2,20000,5120
944075122,I2_1,10000,5553
912756810,I2_1,10000,7191
595734856,I2_1,10000,5288
597141924,I2_2,20000,10326
754336910,I2_1,10000,3686
984129187,I2_2,20000,12997
394731708,I2_2,20000,10061
699017412,I2_1,10000,2720
260904814,I2_1,10000,2699
56368061,I2_1,10000,2537
924326495,I2_1,10000,2947
118361715,I2_2,20000,4655
179024404,I2_1,10000,2532
720323530,I2_1,10000,2787
103165368,I2_2,20000,6183
281437475,I2_2,20000,4666
138937965,I2_2,20000,6511
126203946,I2_2,20000,8603
955701472,I2_2,20000,7385
553663935,I2_2,20000,8333
52724246,I2_2,20000,9182
323797344,I2_1,10000,3160
447952180,I2_1,10000,4050
986191460,I2_2,20000,4448
881050890,I2_1,10000,4354
230865060,I2_1,10000,4865
805830374,I2_2,20000,4746
848191740,I2_2,20000,4921
321847102,I2_1,10000,3780
854121628,I2_1,10000,2551
448168066,I2_1,10000,3527
746584442,I2_1,10000,3021
133763574,I2_2,20000,5122
349566307,I2_1,10000,4650
929650140,I2_2,20000,6300
760186148,I2_1,10000,4071
520711323,I2_2,20000,5477
150174658,I2_2,20000,6498
582382104,I2_1,10000,5325
101392162,I2_2,20000,6838
10136922,I2_1,10000,3818
77280,I2_2,20000,8260
874282201,I2_2,20000,11289
402088841,I2_2,20000,13481
926371301,I2_2,20000,11500
706782876,I2_2,20000,11496
934892207,I2_2,20000,13601
188607285,I2_1,10000,5157
314177867,I2_2,20000,11934
73195465,I2_1,10000,4669
963712843,I2_2,20000,15458
91909488,I2_2,20000,14650
104385648,I2_2,20000,11422
533183024,I2_2,20000,13516
630356497,I2_1,10000,5196
103297338,I2_2,20000,7540
21501259,I2_1,10000,3435
283715907,I2_1,10000,4086
182131401,I2_1,10000,3940
778460734,I2_1,10000,3487
685281649,I2_1,10000,2880
456474619,I2_2,20000,5154
899007103,I2_1,10000,3599
27234094,I2_1,10000,4623
627990113,I2_2,20000,4612
151607917,I2_2,20000,4486
973084283,I2_1,10000,2509
602732688,I2_1,10000,3188
531864605,I2_1,10000,3742
151883763,I2_2,20000,5177
630458636,I2_1,10000,2530
874776900,I2_2,20000,5633
930799323,I2_1,10000,6116
21664156,I2_2,20000,7059
279552910,I2_2,20000,7597
145039296,I2_2,20000,8154
430584981,I2_1,10000,5918
871627445,I2_1,10000,3022
662908407,I2_2,20000,10812
911340357,I2_1,10000,2464
181175559,I2_1,10000,2590
118690490,I2_2,20000,5227
238969877,I2_2,20000,4639
580315720,I2_2,20000,4688
296466062,I2_1,10000,3132
765869402,I2_1,10000,4488
257631937,I2_1,10000,5575
567764690,I2_1,10000,5619
428511566,I2_1,10000,5070
413229501,I2_1,10000,6692
783661301,I2_1,10000,5601
785192182,I2_1,10000,6068
481368084,I2_2,20000,9812
230058881,I2_2,20000,7630
970657731,I2_2,20000,8062
721496484,I2_2,20000,4495
578227009,I2_2,20000,4802
211260269,I2_2,20000,6890
465493790,I2_2,20000,7502
760119821,I2_2,20000,6509
554068861,I2_2,20000,4885
986180383,I2_1,10000,2620
690208745,I2_2,20000,4687
924101419,I2_2,20000,5683
993582320,I2_2,20000,7756
755282644,I2_1,10000,3692
692290978,I2_2,20000,7756
752126641,I2_2,20000,5885
390087186,I2_2,20000,4673
268404287,I2_1,10000,2923
573984106,I2_2,20000,6671
824174756,I2_1,10000,2665
337507356,I2_2,20000,4610
635072610,I2_1,10000,3593
847951831,I2_1,10000,4210
561291928,I2_1,10000,5297
136239204,I2_2,20000,7435
578196962,I2_1,10000,5874
98410093,I2_1,10000,5682
228804843,I2_1,10000,6829
555983551,I2_1,10000,7272
767728365,I2_1,10000,6648
969348121,I2_1,10000,5511
882406709,I2_2,20000,15715
167389048,I2_2,20000,9264
833190780,I2_2,20000,10298
633079817,I2_2,20000,9608
279833505,I2_2,20000,8035
547987543,I2_1,10000,4259
649258845,I2_2,20000,11122
646924866,I2_2,20000,12053
635986516,I2_2,20000,5336
685327124,I2_2,20000,4947
586201862,I2_1,10000,2898
566071153,I2_1,10000,3453
448945372,I2_2,20000,5607
163718071,I2_1,10000,3468
155944367,I2_1,10000,3948
488381003,I2_2,20000,6764
117674153,I2_1,10000,2648
410086581,I2_2,20000,5293
699697462,I2_2,20000,5034
985090094,I2_2,20000,4737
807264,I2_1,10000,4169
324854902,I2_1,10000,4069
584001227,I2_2,20000,7820
215295378,I2_2,20000,8311
883397486,I2_1,10000,6032
258714184,I2_1,10000,4354
941383084,I2_2,20000,10285
422328195,I2_2,20000,10245
79295654,I2_2,20000,8639
713243030,I2_1,10000,6420
922041343,I2_2,20000,10830
954912150,I2_2,20000,9616
93787638,I2_1,10000,6404
325403714,I2_1,10000,3716
676927999,I2_2,20000,9409
755123049,I2_2,20000,6133
297745752,I2_1,10000,2513
576907515,I2_1,10000,2885
681106320,I2_2,20000,4543
695717247,I2_2,20000,5475
19333259,I2_1,10000,4349
866986810,I2_2,20000,5079
816169831,I2_1,10000,5025
687493484,I2_1,10000,5997
881180803,I2_2,20000,8519
590137379,I2_1,10000,2470
353127942,I2_1,10000,2691
435430882,I2_2,20000,6140
203240975,I2_2,20000,5220
583413580,I2_1,10000,4225
647351601,I2_1,10000,5914
588120084,I2_2,20000,4600
1262632,I2_1,10000,4040
147494440,I2_2,20000,5777
60870152,I2_1,10000,5085
189305036,I2_2,20000,6594
762350135,I2_1,10000,3267
618582399,I2_1,10000,3518
61363891,I2_1,10000,4007
500254510,I2_1,10000,5079
759136876,I2_1,10000,2648
313390107,I2_2,20000,5551
119203337,I2_2,20000,4639
450834028,I2_2,20000,6700
356406655,I2_2,20000,4687
835914023,I2_1,10000,4160
973819415,I2_2,20000,5696
670429176,I2_2,20000,6290
254963715,I2_2,20000,5507
570173474,I2_1,10000,3885
460723756,I2_1,10000,3300
428555204,I2_2,20000,6126
251366874,I2_2,20000,5098
103824703,I2_1,10000,4194
368216013,I2_1,10000,3775
209355713,I2_1,10000,3533
29049262,I2_1,10000,2963
884488600,I2_2,20000,6179
211097111,I2_2,20000,5730
226863217,I2_2,20000,8170
623103416,I2_1,10000,4859
687301765,I2_2,20000,5189
339370232,I2_2,20000,7834
463562528,I2_1,10000,4197
721216260,I2_2,20000,9785
125837801,I2_1,10000,3757
74726588,I2_2,20000,8873
543094842,I2_1,10000,3983
192321271,I2_1,10000,4433
133471698,I2_2,20000,7663
420780723,I2_2,20000,8324
761277449,I2_2,20000,8353
528021998,I2_2,20000,4723
355486867,I2_2,20000,4693
306405712,I2_1,10000,3098
703391203,I2_2,20000,5280
4263162,I2_1,10000,3707
756358046,I2_2,20000,5408
326491717,I2_1,10000,3969
287534590,I2_1,10000,3364
819478446,I2_1,10000,2866
879432355,I2_2,20000,5096
155123904,I2_2,20000,4509
81175980,I2_1,10000,2952
146364345,I2_2,20000,4544
201533587,I2_1,10000,3780
941479950,I2_2,20000,7892
720421019,I2_2,20000,4776
510168623,I2_1,10000,4222
5552291,I2_1,10000,4043
793088666,I2_2,20000,7293
961380728,I2_1,10000,5380
132749718,I2_2,20000,9992
118518421,I2_2,20000,10672
321803905,I2_2,20000,10685
163898064,I2_1,10000,4866
369826317,I2_1,10000,5892
408355543,I2_2,20000,15372
793331837,I2_1,10000,5463
195831213,I2_2,20000,9532
171913697,I2_1,10000,4265
300543349,I2_1,10000,4279
886039039,I2_2,20000,14291
320539125,I2_1,10000,4784
833746770,I2_2,20000,11019
233782884,I2_2,20000,8437
963099241,I2_1,10000,4233
964997499,I2_2,20000,9546
818086446,I2_2,20000,8906
415456932,I2_2,20000,10116
314380403,I2_1,10000,4392
96302403,I2_2,20000,12204
874727869,I2_2,20000,5265
814966975,I2_1,10000,2699
599537342,I2_1,10000,2764
597509255,I2_1,10000,2495
726609779,I2_2,20000,4579
712281092,I2_1,10000,4918
20112853,I2_1,10000,3149
221912344,I2_1,10000,3482
489459135,I2_1,10000,2767
672876426,I2_2,20000,6260
612382060,I2_1,10000,2650
19178752,I2_1,10000,2527
782624347,I2_1,10000,2783
897449162,I2_2,20000,6136
84300930,I2_2,20000,5599
798928471,I2_1,10000,4966
155977501,I2_2,20000,4554
923885991,I2_1,10000,3735
212448750,I2_1,10000,2999
438067069,I2_2,20000,6295
839427440,I2_1,10000,5587
997655913,I2_1,10000,5003
487973815,I2_2,20000,7668
947752378,I2_1,10000,5391
151832741,I2_2,20000,8744
477625866,I2_2,20000,5590
300383789,I2_2,20000,5592
449924339,I2_2,20000,5413
791572373,I2_1,10000,2639
747086445,I2_2,20000,5713
7299455,I2_1,10000,5055
650015249,I2_2,20000,7188
210921435,I2_1,10000,5667
244481870,I2_2,20000,10473
343710173,I2_1,10000,4879
23010339,I2_1,10000,4456
740730012,I2_1,10000,6134
96368480,I2_2,20000,14313
633720627,I2_1,10000,6026
5058041,I2_2,20000,16368
619968904,I2_1,10000,7091
14634886,I2_1,10000,7491
730992914,I2_2,20000,10782
909483085,I2_2,20000,11487
487118103,I2_2,20000,8762
290708935,I2_1,10000,2495
500171015,I2_2,20000,4930
215234012,I2_1,10000,2644
2503726,I2_1,10000,2663
790142561,I2_1,10000,2648
594312221,I2_2,20000,4796
286262518,I2_1,10000,3080
211265353,I2_2,20000,5090
455017484,I2_2,20000,5571
150225921,I2_1,10000,2903
847789401,I2_1,10000,2611
292116419,I2_2,20000,5031
553753989,I2_1,10000,2991
354091503,I2_1,10000,4233
136168078,I2_1,10000,3674
744717347,I2_1,10000,5079
138732715,I2_1,10000,3825
777492537,I2_2,20000,6185
909743680,I2_1,10000,2765
738887283,I2_1,10000,2719
605830253,I2_2,20000,5505
521905735,I2_2,20000,7231
662611402,I2_2,20000,5694
555028676,I2_1,10000,4139
725950676,I2_2,20000,4708
795664100,I2_2,20000,5674
411709357,I2_2,20000,6610
276971115,I2_2,20000,7671
407363345,I2_1,10000,2755
855728624,I2_1,10000,3066
358316854,I2_2,20000,6750
114399935,I2_1,10000,3640
43328283,I2_2,20000,5559
619280224,I2_2,20000,5776
189081896,I2_1,10000,6190
626627577,I2_2,20000,6124
398399691,I2_2,20000,7062
246306083,I2_2,20000,9121
764449465,I2_2,20000,10187
980909500,I2_2,20000,7494
214012040,I2_2,20000,8928
610934288,I2_2,20000,5957
479005916,I2_2,20000,5028
211908754,I2_1,10000,5545
232188365,I2_1,10000,4023
382988413,I2_2,20000,4937
366100956,I2_2,20000,4693
19571404,I2_1,10000,4070
392988422,I2_1,10000,4126
906774255,I2_1,10000,4604
848924607,I2_2,20000,8285
695045773,I2_2,20000,7566
321528072,I2_1,10000,6415
108797199,I2_2,20000,8807
966396388,I2_2,20000,8472
478165785,I2_1,10000,4801
855087440,I2_2,20000,5619
251110789,I2_1,10000,5035
129933644,I2_2,20000,6084
796534878,I2_2,20000,4621
377642211,I2_2,20000,5678
816633433,I2_1,10000,6194
673341978,I2_2,20000,8253
60856539,I2_1,10000,5450
734436287,I2_2,20000,8943
754992151,I2_2,20000,8786
116465870,I2_2,20000,5535
885842835,I2_2,20000,6676
239481568,I2_2,20000,8788
289531954,I2_1,10000,2977
952019401,I2_1,10000,4506
211886728,I2_2,20000,6506
737025224,I2_2,20000,8438
955802971,I2_1,10000,2707
574440871,I2_2,20000,5929
651050850,I2_2,20000,7143
232994228,I2_1,10000,3413
771366071,I2_1,10000,2681
302419507,I2_1,10000,3157
394366663,I2_2,20000,4701
355756149,I2_1,10000,2536
921524796,I2_2,20000,4973
342751625,I2_1,10000,2590
652187949,I2_2,20000,4604
680656083,I2_1,10000,4050
10870017,I2_2,20000,6565
759395081,I2_2,20000,4869
154408825,I2_1,10000,3005
695785060,I2_2,20000,4656
766703057,I2_1,10000,2747
996691856,I2_2,20000,5508
160086935,I2_1,10000,3035
661084047,I2_1,10000,3418
594869563,I2_2,20000,6330
240293670,I2_2,20000,8230
436409482,I2_1,10000,4368
569977671,I2_1,10000,4396
125771289,I2_2,20000,5170
518248917,I2_1,10000,3533
461783257,I2_2,20000,6450
192250321,I2_1,10000,2661
966406455,I2_1,10000,2700
998141090,I2_1,10000,2905
655588593,I2_1,10000,2662
68455929,I2_2,20000,4904
123740844,I2_2,20000,5749
422786591,I2_1,10000,6218
677938234,I2_1,10000,5554
165594446,I2_1,10000,4941
720483374,I2_2,20000,7768
239619229,I2_2,20000,4604
417968521,I2_1,10000,5199
681684575,I2_1,10000,3895
133525107,I2_1,10000,3669
713064254,I2_2,20000,7363
321267417,I2_1,10000,3031
792535285,I2_1,10000,4837
39124744,I2_1,10000,5340
534447738,I2_2,20000,5161
991829986,I2_1,10000,3752
946633300,I2_2,20000,6713
997739427,I2_1,10000,2706
372961328,I2_2,20000,5433
368777502,I2_2,20000,5205
882201165,I2_2,20000,4973
476952665,I2_1,10000,2791
775644754,I2_1,10000,3177
7531670,I2_2,20000,4689
697815779,I2_1,10000,5180
329711157,I2_2,20000,5677
387014061,I2_1,10000,4154
139497346,I2_2,20000,5636
896309844,I2_1,10000,4963
512528300,I2_1,10000,5626
844049364,I2_1,10000,5697
975057376,I2_2,20000,5399
973455023,I2_1,10000,4735
451629044,I2_1,10000,5261
915062519,I2_2,20000,6845
911199772,I2_2,20000,4662
697596166,I2_2,20000,4660
111247208,I2_1,10000,2972
795009451,I2_1,10000,2642
49844442,I2_1,10000,3119
753877216,I2_2,20000,4651
740137418,I2_1,10000,3433
483468211,I2_1,10000,3584
379483287,I2_1,10000,4545
17702911,I2_1,10000,3029
70503098,I2_2,20000,4638
101100372,I2_1,10000,4005
892495793,I2_1,10000,2632
497526297,I2_2,20000,5442
313624408,I2_2,20000,4700
652513036,I2_1,10000,3908
737675440,I2_2,20000,8178
686579938,I2_1,10000,3484
314382783,I2_2,20000,6496
542694758,I2_2,20000,4780
378635608,I2_1,10000,5312
633502512,I2_1,10000,4045
983093013,I2_2,20000,7302
798747315,I2_2,20000,7870
650843586,I2_2,20000,7412
319352169,I2_1,10000,4341
237756583,I2_1,10000,2963
134067542,I2_1,10000,3193
116080714,I2_2,20000,4582
935899674,I2_2,20000,4637
983841744,I2_2,20000,5648
729567993,I2_2,20000,7226
645907813,I2_1,10000,4352
710409580,I2_1,10000,3813
278588813,I2_2,20000,10486
485608459,I2_2,20000,10982
505140255,I2_1,10000,4914
315138509,I2_1,10000,4490
972124187,I2_2,20000,14163
626218395,I2_1,10000,5440
458476248,I2_2,20000,15247
907786491,I2_1,10000,6476
56364465,I2_1,10000,8105
996707816,I2_2,20000,17948
900373801,I2_2,20000,20451
925692153,I2_2,20000,20797
510838568,I2_2,20000,18068
38633092,I2_2,20000,20207
964617644,I2_1,10000,11526
540201693,I2_1,10000,10570
139548958,I2_2,20000,20129
511418828,I2_2,20000,21633
518162903,I2_1,10000,9480
976505995,I2_1,10000,8004
777068210,I2_2,20000,13638
856472993,I2_1,10000,5307
552483171,I2_2,20000,15194
64911670,I2_2,20000,10991
496758907,I2_2,20000,5395
970515926,I2_1,10000,3910
797174777,I2_2,20000,8544
236231597,I2_2,20000,4859
706668087,I2_1,10000,2584
43853338,I2_2,20000,4978
347682775,I2_1,10000,2838
176499786,I2_1,10000,4053
634145052,I2_2,20000,4587
27499561,I2_1,10000,2685
676736059,I2_2,20000,5235
957936230,I2_2,20000,4735
361622650,I2_1,10000,2681
926840320,I2_2,20000,5208
319455116,I2_2,20000,5179
705057255,I2_2,20000,4768
937307877,I2_1,10000,3551
230603822,I2_1,10000,2640
408883984,I2_2,20000,5144
843957338,I2_1,10000,3170
924748308,I2_1,10000,2655
285873911,I2_1,10000,2663
608015801,I2_2,20000,4764
350993117,I2_2,20000,4649
393503694,I2_2,20000,5243
887892552,I2_1,10000,4631
862946750,I2_1,10000,3191
351562252,I2_2,20000,7928
516159898,I2_2,20000,4936
822136165,I2_2,20000,4952
69600409,I2_1,10000,2971
7570303,I2_1,10000,2624
367192361,I2_2,20000,5720
665345013,I2_1,10000,4075
690418284,I2_2,20000,5144
761442040,I2_2,20000,5687
884028294,I2_2,20000,7350
114872121,I2_1,10000,5703
576074801,I2_2,20000,5159
322688747,I2_1,10000,4427
567180390,I2_1,10000,4939
766157140,I2_2,20000,8951
369517525,I2_1,10000,2704
719125326,I2_1,10000,2932
323402734,I2_2,20000,6321
643046679,I2_2,20000,4620
567167755,I2_2,20000,5606
704337813,I2_2,20000,7902
107729753,I2_2,20000,7311
685944507,I2_2,20000,6246
979851178,I2_1,10000,4251
365234584,I2_2,20000,8132
796987045,I2_1,10000,3850
133912663,I2_2,20000,9746
571647015,I2_2,20000,12236
992059531,I2_2,20000,13253
117491966,I2_1,10000,5312
373625599,I2_2,20000,16939
279567297,I2_2,20000,21866
726698599,I2_2,20000,20703
163312094,I2_1,10000,11690
590492315,I2_1,10000,9583
254086567,I2_1,10000,5073
249087136,I2_1,10000,4684
848760432,I2_1,10000,3541
83440446,I2_2,20000,5927
557164523,I2_2,20000,4806
358782136,I2_1,10000,5224
25320397,I2_1,10000,5762
101173766,I2_2,20000,5673
654090591,I2_2,20000,6408
609896006,I2_2,20000,4841
441867388,I2_1,10000,5386
370272315,I2_1,10000,3452
229276829,I2_2,20000,4751
213661697,I2_1,10000,3034
435245903,I2_2,20000,6719
630066534,I2_1,10000,3137
906858602,I2_2,20000,6317
850062202,I2_1,10000,5691
269559863,I2_1,10000,5117
452541478,I2_1,10000,5687
739404220,I2_1,10000,5567
526337411,I2_2,20000,11717
543064206,I2_2,20000,11715
976981759,I2_1,10000,5455
722722175,I2_2,20000,13119
971544523,I2_1,10000,5922
354793889,I2_2,20000,14700
436614513,I2_2,20000,14683
693366030,I2_2,20000,16835
750611232,I2_2,20000,15129
644387188,I2_2,20000,15675
404035675,I2_1,10000,5985
561020179,I2_1,10000,4280
982686918,I2_2,20000,13472
958300771,I2_1,10000,3766
356801172,I2_2,20000,15571
789604193,I2_1,10000,5218
177029772,I2_2,20000,18037
421628850,I2_2,20000,15257
454469124,I2_2,20000,16186
485179238,I2_2,20000,17769
220945657,I2_2,20000,16184
807562836,I2_1,10000,6375
608560513,I2_2,20000,9633
232592489,I2_1,10000,4454
668866631,I2_1,10000,2554
798200565,I2_2,20000,5100
685875022,I2_1,10000,6062
381273248,I2_1,10000,5551
969343315,I2_2,20000,7782
946965458,I2_1,10000,7048
871681344,I2_1,10000,5392
712866935,I2_2,20000,11368
992000978,I2_1,10000,4261
155915136,I2_2,20000,14538
72693572,I2_1,10000,3789
268520121,I2_2,20000,11671
710490581,I2_1,10000,5816
661531972,I2_1,10000,6360
754263808,I2_2,20000,11188
216171772,I2_2,20000,11011
505588372,I2_2,20000,9086
189375710,I2_1,10000,4261
141889281,I2_2,20000,12658
767644033,I2_2,20000,14417
333361918,I2_2,20000,14297
925328371,I2_2,20000,15294
549525817,I2_2,20000,17339
274560582,I2_1,10000,9398
865302176,I2_2,20000,19404
227157195,I2_2,20000,20568
313531690,I2_2,20000,18471
798547547,I2_1,10000,9506
698701640,I2_2,20000,20661
484739653,I2_1,10000,10649
274214739,I2_1,10000,11257
342813108,I2_1,10000,12829
604381197,I2_2,20000,22346
41652307,I2_2,20000,23870
908886639,I2_2,20000,26005
965658407,I2_2,20000,24827
26481178,I2_1,10000,14860
549196623,I2_1,10000,13270
981262699,I2_2,20000,21629
672118225,I2_2,20000,23653
890407164,I2_1,10000,13175
587322733,I2_1,10000,14711
528630726,I2_2,20000,23645
672077762,I2_2,20000,26267
623134292,I2_2,20000,25265
950303866,I2_1,10000,15755
748429417,I2_2,20000,19997
357245303,I2_2,20000,21506
268965117,I2_2,20000,19436
379163991,I2_1,10000,6333
379324134,I2_2,20000,15211
762452665,I2_2,20000,17331
528721103,I2_1,10000,7443
404822713,I2_2,20000,19533
339884400,I2_2,20000,20560
386661617,I2_1,10000,8435
476668570,I2_1,10000,9549
98343770,I2_1,10000,10715
120715926,I2_1,10000,11264
921985313,I2_1,10000,11696
469206272,I2_1,10000,8194
91740411,I2_2,20000,18185
461841611,I2_1,10000,8547
877421415,I2_2,20000,21287
309806284,I2_1,10000,7821
763421785,I2_2,20000,18474
417558407,I2_1,10000,9441
407819660,I2_2,20000,20748
879966962,I2_2,20000,19324
748756560,I2_2,20000,17428
36975671,I2_2,20000,5995
689689788,I2_1,10000,6590
871687419,I2_2,20000,8800
221225739,I2_1,10000,4279
695424065,I2_2,20000,6552
274040886,I2_2,20000,8565
854501135,I2_2,20000,9636
498764135,I2_2,20000,10480
749163593,I2_2,20000,11656
698831741,I2_2,20000,11734
37855428,I2_2,20000,4523
913688833,I2_1,10000,3922
931425092,I2_2,20000,4556
729239814,I2_1,10000,3349
411502787,I2_2,20000,4486
481267731,I2_1,10000,2851
982782928,I2_2,20000,8345
266531262,I2_2,20000,4404
262049709,I2_1,10000,2598
917460843,I2_1,10000,2606
356831292,I2_2,20000,4535
45323554,I2_2,20000,4550
192434990,I2_1,10000,2619
67261670,I2_1,10000,4124
382107577,I2_1,10000,3507
585388383,I2_2,20000,5189
504415791,I2_2,20000,7275
484457004,I2_1,10000,4409
713687842,I2_2,20000,5867
842209373,I2_1,10000,4724
464456476,I2_1,10000,5763
210795498,I2_1,10000,6513
180219317,I2_1,10000,3897
456653828,I2_1,10000,2474
855840832,I2_1,10000,2647
168536720,I2_1,10000,4258
200467783,I2_2,20000,5054
660617968,I2_2,20000,7146
570879,I2_2,20000,7589
279216669,I2_1,10000,3314
562886729,I2_2,20000,9803
505371981,I2_2,20000,8372
615796772,I2_1,10000,4820
834293000,I2_1,10000,5403
28748080,I2_1,10000,5271
440324930,I2_2,20000,9720
455959998,I2_1,10000,6844
257775017,I2_1,10000,4262
289030057,I2_2,20000,11833
324396347,I2_2,20000,11851
889981958,I2_1,10000,2810
979387312,I2_2,20000,4982
129865548,I2_1,10000,3861
15692335,I2_1,10000,4354
910645091,I2_1,10000,4388
803191188,I2_2,20000,8037
565936988,I2_1,10000,4770
343515172,I2_1,10000,5982
838662017,I2_2,20000,12789
212177,I2_1,10000,5788
835395100,I2_2,20000,15393
272967867,I2_1,10000,6434
362207625,I2_1,10000,7978
475125245,I2_2,20000,8006
668911966,I2_2,20000,5372
674044147,I2_2,20000,6331
845280410,I2_2,20000,4766
323342586,I2_1,10000,2835
411858313,I2_2,20000,5013
736306047,I2_2,20000,5430
895084138,I2_2,20000,5372
197867835,I2_2,20000,7660
219583810,I2_1,10000,2854
331325436,I2_1,10000,3818
280034581,I2_1,10000,2579
809246136,I2_2,20000,4556
485246436,I2_1,10000,2830
351159102,I2_1,10000,3906
95387944,I2_1,10000,2609
661036509,I2_2,20000,4597
910690416,I2_1,10000,3959
299131109,I2_1,10000,2730
883550653,I2_2,20000,5038
485717487,I2_1,10000,3578
138421742,I2_2,20000,6471
642620298,I2_2,20000,5890
819302339,I2_1,10000,5165
921678884,I2_1,10000,4582
947467250,I2_2,20000,8343
183899855,I2_1,10000,4351
990445472,I2_2,20000,9806
584868019,I2_2,20000,10696
113545858,I2_1,10000,4177
756975036,I2_2,20000,11875
155433458,I2_2,20000,14647
249868659,I2_1,10000,4531
754967930,I2_2,20000,6566
427064426,I2_1,10000,4897
903250627,I2_2,20000,5538
616319973,I2_1,10000,3965
820709624,I2_2,20000,4922
84120791,I2_2,20000,6054
8769942,I2_2,20000,5600
734564185,I2_2,20000,5446
688623241,I2_1,10000,3850
853890262,I2_1,10000,3866
733338431,I2_2,20000,5039
507999685,I2_1,10000,3487
820647841,I2_1,10000,4131
827442211,I2_2,20000,4716
84998949,I2_1,10000,5320
207509665,I2_1,10000,2689
992304098,I2_1,10000,4248
957934871,I2_2,20000,5350
632669063,I2_1,10000,5511
23975674,I2_1,10000,3325
858848420,I2_2,20000,7792
572218962,I2_1,10000,2559
266848276,I2_1,10000,3058
996185056,I2_2,20000,6329
893241739,I2_1,10000,5731
764295092,I2_1,10000,6290
60974940,I2_1,10000,7849
445637825,I2_1,10000,7413
753225070,I2_1,10000,6669
557646660,I2_2,20000,13550
984706268,I2_1,10000,6742
483256833,I2_1,10000,6127
418234228,I2_1,10000,6198
711751028,I2_1,10000,7274
467164211,I2_1,10000,6072
162855373,I2_1,10000,7147
460240112,I2_1,10000,7083
230585250,I2_1,10000,8226
549151293,I2_1,10000,8095
457697476,I2_2,20000,19206
686852385,I2_1,10000,3380
582125104,I2_1,10000,2581
869342244,I2_2,20000,5482
30021339,I2_2,20000,4690
151239768,I2_1,10000,2978
599179126,I2_1,10000,4088
630797564,I2_1,10000,3982
245679937,I2_1,10000,3475
111883950,I2_2,20000,4556
142014413,I2_1,10000,3054
66688594,I2_2,20000,5347
639934366,I2_1,10000,5593
369764599,I2_1,10000,6209
862579854,I2_2,20000,6089
258362787,I2_2,20000,6003
699897924,I2_1,10000,5400
782385570,I2_2,20000,8733
337679403,I2_2,20000,4784
424784542,I2_1,10000,3336
860672243,I2_2,20000,5947
164046495,I2_2,20000,4811
706590196,I2_2,20000,5578
690611026,I2_2,20000,6551
606320386,I2_2,20000,8647
171261187,I2_1,10000,3716
341466537,I2_1,10000,3827
633780685,I2_1,10000,3895
966366188,I2_1,10000,2619
787210595,I2_2,20000,6014
702950966,I2_2,20000,5632
99216967,I2_2,20000,7318
251298485,I2_2,20000,7879
417572807,I2_1,10000,4004
685291963,I2_2,20000,4606
264841866,I2_2,20000,7419
802722547,I2_1,10000,3697
889184792,I2_1,10000,4328
105076832,I2_1,10000,5357
323574741,I2_1,10000,3572
942718359,I2_2,20000,4641
140431528,I2_2,20000,5054
864692258,I2_1,10000,3002
94224573,I2_1,10000,3418
671200706,I2_2,20000,7958
108545658,I2_2,20000,9775
582040020,I2_2,20000,6774
578913946,I2_1,10000,5142
412711640,I2_1,10000,4480
353627822,I2_1,10000,6185
538589023,I2_1,10000,6090
322942349,I2_2,20000,9337
790548856,I2_1,10000,4278
849590211,I2_2,20000,10503
878901834,I2_2,20000,10153
891128667,I2_1,10000,3192
247259842,I2_1,10000,4757
576205031,I2_2,20000,5660
361963756,I2_2,20000,6238
108578677,I2_2,20000,7091
250903977,I2_1,10000,3799
201962564,I2_2,20000,5817
122682874,I2_2,20000,4575
958209747,I2_1,10000,4104
782320019,I2_1,10000,4781
330879800,I2_2,20000,8558
876509070,I2_1,10000,3920
868874083,I2_2,20000,6837
847998433,I2_2,20000,7743
453143685,I2_2,20000,5933
296122803,I2_2,20000,5471
582814478,I2_1,10000,3942
293679173,I2_1,10000,3941
708713757,I2_2,20000,5215
992546649,I2_1,10000,2903
798411455,I2_1,10000,3601
619978968,I2_2,20000,5387
162566076,I2_2,20000,5085
835497238,I2_1,10000,2498
561120837,I2_2,20000,4601
387015743,I2_1,10000,3954
151061583,I2_1,10000,3133
174474352,I2_1,10000,2590
662123219,I2_1,10000,3060
981523122,I2_2,20000,7482
362792867,I2_1,10000,4316
29017805,I2_1,10000,3807
802442484,I2_2,20000,10121
196899899,I2_1,10000,4453
423304976,I2_2,20000,13289
100981778,I2_1,10000,4738
651618827,I2_2,20000,14154
147124761,I2_2,20000,10830
238054384,I2_1,10000,4504
474807183,I2_2,20000,5574
313890030,I2_2,20000,4517
228568108,I2_1,10000,3463
809279538,I2_2,20000,5276
898957270,I2_2,20000,7498
270897815,I2_1,10000,3462
425197287,I2_1,10000,4586
310172587,I2_2,20000,7741
452395094,I2_2,20000,7076
255144099,I2_1,10000,5385
748385082,I2_1,10000,6580
993565369,I2_1,10000,2584
187293118,I2_2,20000,5220
647628518,I2_1,10000,2953
325022707,I2_2,20000,4526
849335003,I2_1,10000,2615
632129985,I2_1,10000,2976
416129241,I2_2,20000,5241
176112381,I2_1,10000,4700
573727812,I2_2,20000,8408
597490175,I2_2,20000,6530
518268442,I2_1,10000,3319
781359602,I2_1,10000,4913
911422523,I2_2,20000,4827
175851263,I2_1,10000,3594
98625169,I2_2,20000,6760
875207976,I2_2,20000,5488
421870295,I2_2,20000,8148
687731833,I2_2,20000,5479
909242357,I2_1,10000,5440
625710185,I2_2,20000,6417
277237077,I2_1,10000,3225
54513214,I2_2,20000,4519
339995623,I2_2,20000,5445
290065499,I2_2,20000,4551
104638173,I2_2,20000,6629
639880433,I2_2,20000,6623
990458728,I2_1,10000,4157
465601532,I2_2,20000,5965
392169226,I2_2,20000,7972
330372316,I2_2,20000,4642
827135001,I2_2,20000,4953
607803166,I2_2,20000,7153
385547039,I2_1,10000,3979
203065900,I2_1,10000,3924
969053099,I2_2,20000,8572
691414200,I2_1,10000,5773
210388779,I2_2,20000,10140
465259388,I2_1,10000,4655
698894042,I2_1,10000,5198
18485217,I2_2,20000,9090
296297553,I2_2,20000,7183
683629670,I2_1,10000,5460
440320143,I2_1,10000,7130
66447274,I2_1,10000,6445
489567045,I2_2,20000,12995
345793496,I2_2,20000,11710
871821314,I2_2,20000,7033
337437385,I2_2,20000,7512
314827532,I2_1,10000,2543
59621837,I2_1,10000,2899
458571094,I2_1,10000,4609
571581867,I2_2,20000,6785
218941446,I2_2,20000,6763
429827822,I2_2,20000,6124
39855241,I2_2,20000,6185
166668349,I2_2,20000,4645
472541752,I2_2,20000,5666
280628935,I2_1,10000,2589
205694835,I2_1,10000,2961
852997587,I2_2,20000,5643
807898596,I2_1,10000,3584
960028711,I2_1,10000,2887
663260023,I2_1,10000,2547
603652676,I2_2,20000,5181
423418611,I2_1,10000,2601
850735979,I2_1,10000,2636
756678416,I2_1,10000,3082
224829281,I2_2,20000,4775
361192143,I2_2,20000,6660
314370660,I2_1,10000,4313
261949862,I2_1,10000,3936
460274816,I2_2,20000,6455
966263028,I2_2,20000,7236
427678986,I2_1,10000,4655
494416334,I2_2,20000,8977
999876420,I2_2,20000,10091
660094827,I2_1,10000,4879
723910263,I2_1,10000,4294
55108466,I2_2,20000,14412
991042163,I2_2,20000,14119
95390458,I2_2,20000,15751
326068118,I2_1,10000,4941
136173986,I2_1,10000,5652
808276304,I2_2,20000,17378
709542344,I2_2,20000,17857
413017618,I2_2,20000,16906
610280796,I2_1,10000,5274
806375630,I2_2,20000,11712
100385805,I2_1,10000,2782
575261795,I2_1,10000,2641
513071194,I2_1,10000,3731
528621704,I2_2,20000,4599
107862746,I2_1,10000,5166
55196507,I2_1,10000,3987
634897711,I2_2,20000,4696
850235684,I2_1,10000,4022
843878169,I2_1,10000,3156
797378850,I2_2,20000,6423
213336955,I2_2,20000,5927
974895712,I2_1,10000,5217
793938901,I2_1,10000,4906
663775959,I2_2,20000,11267
428563319,I2_1,10000,4328
778922900,I2_1,10000,3364
936672771,I2_2,20000,12140
297420180,I2_2,20000,9364
504163450,I2_1,10000,5517
136936690,I2_2,20000,8894
821224539,I2_2,20000,8716
105609100,I2_1,10000,2682
191323686,I2_1,10000,2938
887518722,I2_2,20000,5123
791660966,I2_1,10000,3560
250398376,I2_1,10000,3601
53997711,I2_2,20000,7011
43469412,I2_2,20000,5212
835904196,I2_1,10000,3476
491557758,I2_2,20000,5234
802997153,I2_1,10000,4090
112243366,I2_1,10000,3625
513721226,I2_1,10000,4289
714722764,I2_2,20000,6120
829209947,I2_2,20000,6640
999594261,I2_1,10000,5418
650091455,I2_1,10000,3041
664516203,I2_1,10000,3168
679815379,I2_2,20000,5794
384585645,I2_1,10000,5176
964708110,I2_1,10000,5724
255047009,I2_2,20000,7911
635254181,I2_1,10000,5861
440376168,I2_1,10000,5151
831816632,I2_2,20000,11459
419652421,I2_2,20000,6246
580169180,I2_2,20000,7570
236964807,I2_1,10000,5486
572174267,I2_2,20000,8637
710620516,I2_2,20000,9507
451485521,I2_2,20000,9622
598829006,I2_2,20000,9152
475100082,I2_1,10000,2814
393014959,I2_2,20000,4715
887990898,I2_1,10000,4151
271351791,I2_2,20000,5034
23409353,I2_2,20000,5612
674976661,I2_1,10000,5007
518681910,I2_2,20000,8740
791410677,I2_2,20000,5204
52810729,I2_2,20000,4754
921267006,I2_2,20000,5075
425667066,I2_1,10000,3066
15140705,I2_1,10000,3265
431528598,I2_2,20000,4631
79244220,I2_1,10000,3055
116080291,I2_2,20000,5016
627605048,I2_1,10000,4422
85864090,I2_2,20000,7766
66879884,I2_2,20000,7615
763977773,I2_1,10000,3766
33970585,I2_2,20000,4714
722396387,I2_1,10000,4141
345370607,I2_1,10000,2674
533258580,I2_2,20000,5083
217524735,I2_2,20000,4705
110194429,I2_1,10000,4150
29302414,I2_1,10000,3680
824436528,I2_1,10000,3784
712607507,I2_1,10000,2956
908183146,I2_2,20000,4646
855504691,I2_1,10000,2751
816685142,I2_2,20000,5385
983651328,I2_1,10000,3829
873761322,I2_1,10000,4203
239953276,I2_1,10000,2764
858913136,I2_2,20000,5111
428398243,I2_2,20000,5579
127907178,I2_2,20000,7483
644309789,I2_2,20000,6259
870271456,I2_1,10000,5923
770625665,I2_1,10000,6478
199863734,I2_2,20000,6454
842556340,I2_2,20000,7071
849264586,I2_2,20000,5045
862495343,I2_1,10000,5542
140308512,I2_2,20000,6640
712251586,I2_1,10000,3562
606953815,I2_1,10000,4637
982821881,I2_1,10000,3329
719067436,I2_1,10000,2843
982847408,I2_1,10000,3985
889725112,I2_1,10000,5235
588351127,I2_1,10000,3048
478300700,I2_2,20000,4623
501867892,I2_1,10000,3393
165435308,I2_1,10000,4552
31456937,I2_2,20000,7163
209334661,I2_1,10000,6007
587332290,I2_1,10000,6569
664163110,I2_2,20000,12028
189213672,I2_2,20000,13137
155369072,I2_2,20000,15801
5524668,I2_1,10000,7132
506699757,I2_1,10000,6418
90440488,I2_2,20000,15092
89047956,I2_1,10000,3880
284972442,I2_1,10000,4523
609427935,I2_2,20000,11542
946611448,I2_1,10000,5000
637562837,I2_1,10000,4413
440186379,I2_2,20000,14102
174210005,I2_1,10000,3832
287775608,I2_2,20000,15303
310850194,I2_1,10000,5408
861126934,I2_2,20000,11855
30793993,I2_2,20000,12906
935222087,I2_2,20000,14475
138706181,I2_2,20000,11575
780748086,I2_2,20000,13703
338028582,I2_2,20000,14723
835718812,I2_2,20000,15682
745216527,I2_1,10000,5868
4202959,I2_1,10000,6266
289471772,I2_2,20000,18885
284451853,I2_1,10000,9034
421516755,I2_2,20000,19968
235561396,I2_1,10000,8499
881473435,I2_2,20000,18525
876413805,I2_1,10000,10009
647814552,I2_2,20000,20525
39148332,I2_1,10000,7919
859145655,I2_2,20000,19034
487372781,I2_1,10000,8397
997305647,I2_2,20000,18925
126373814,I2_1,10000,9944
663726627,I2_2,20000,19186
472317009,I2_2,20000,4626
487879176,I2_1,10000,3886
667070445,I2_2,20000,6408
253854249,I2_2,20000,5397
927693336,I2_1,10000,3020
74069212,I2_1,10000,4106
369747913,I2_2,20000,6342
784576713,I2_1,10000,4616
660276651,I2_1,10000,2933
757066282,I2_2,20000,4543
318216487,I2_1,10000,5035
269344813,I2_2,20000,7210
670820650,I2_2,20000,4448
662747705,I2_2,20000,6062
707301687,I2_1,10000,2397
240731914,I2_2,20000,7581
469483321,I2_1,10000,5758
4145716,I2_1,10000,6300
637878537,I2_2,20000,9719
84119596,I2_2,20000,11665
223692296,I2_2,20000,9377
303793884,I2_1,10000,2677
12824771,I2_1,10000,2959
467879955,I2_2,20000,4712
919939315,I2_1,10000,3589
490795785,I2_2,20000,5729
143057630,I2_2,20000,5499
879400856,I2_2,20000,7567
109478688,I2_1,10000,3720
24524654,I2_1,10000,4810
158658464,I2_2,20000,11286
183828199,I2_1,10000,6535
280513480,I2_1,10000,4742
468231263,I2_2,20000,15039
94137129,I2_1,10000,6898
168041431,I2_2,20000,17607
707925722,I2_1,10000,8049
819125183,I2_1,10000,8022
745589547,I2_1,10000,8557
610284100,I2_2,20000,19789
877955828,I2_1,10000,9066
649095293,I2_1,10000,10660
667435785,I2_1,10000,10217
136069915,I2_2,20000,21897
782872747,I2_1,10000,11282
537064796,I2_1,10000,11821
178934615,I2_1,10000,12369
88312762,I2_2,20000,22014
253436948,I2_1,10000,11829
624718462,I2_1,10000,10171
74029820,I2_1,10000,10747
809834015,I2_2,20000,13364
201905782,I2_1,10000,4256
480326003,I2_2,20000,14812
183797175,I2_2,20000,15372
453327732,I2_2,20000,17505
636635827,I2_1,10000,5356
891814360,I2_2,20000,15368
17116566,I2_1,10000,4280
382287499,I2_1,10000,4275
56932572,I2_2,20000,16814
885265694,I2_2,20000,14824
15548101,I2_2,20000,14716
406238059,I2_2,20000,11668
727048621,I2_1,10000,6550
748904503,I2_2,20000,11674
675470201,I2_1,10000,8119
364214039,I2_1,10000,6495
532290471,I2_1,10000,6907
145777370,I2_1,10000,6278
533773225,I2_2,20000,17476
66748845,I2_1,10000,7958
976101716,I2_1,10000,9553
638526242,I2_1,10000,10138
59924355,I2_2,20000,18615
30351504,I2_1,10000,7484
528174879,I2_1,10000,7917
826608059,I2_1,10000,5830
141735348,I2_2,20000,18473
947017667,I2_2,20000,13168
276070185,I2_2,20000,12777
886407532,I2_1,10000,6339
891864248,I2_1,10000,6793
997847870,I2_1,10000,6506
29371752,I2_2,20000,18071
150162128,I2_1,10000,4232
868654750,I2_2,20000,13766
447440735,I2_2,20000,14375
266495684,I2_2,20000,15302
66583294,I2_1,10000,5312
425338901,I2_2,20000,13699
592863707,I2_2,20000,16293
151285767,I2_2,20000,17896
463577036,I2_1,10000,6192
454583103,I2_2,20000,18332
439314929,I2_1,10000,6263
590529753,I2_2,20000,17941
733219676,I2_2,20000,20540
34829783,I2_1,10000,11126
909185826,I2_2,20000,19449
530888349,I2_2,20000,20105
68394856,I2_2,20000,21502
288952685,I2_2,20000,20977
686054034,I2_1,10000,11114
138281492,I2_1,10000,11597
213827247,I2_2,20000,21074
442990353,I2_2,20000,21252
182112183,I2_2,20000,23212
651671154,I2_1,10000,12503
139355223,I2_2,20000,24681
197022702,I2_2,20000,23270
225160044,I2_1,10000,13619
50066251,I2_1,10000,14266
137497916,I2_2,20000,24740
580475879,I2_1,10000,12218
881646526,I2_2,20000,24322
957634562,I2_2,20000,22738
128323026,I2_2,20000,22166
260100542,I2_1,10000,10666
184758888,I2_1,10000,10118
650619640,I2_1,10000,10262
507197363,I2_1,10000,10774
541864263,I2_2,20000,18375
845838197,I2_1,10000,6503
515902288,I2_2,20000,17437
934173907,I2_1,10000,8017
636619795,I2_2,20000,20358
942951765,I2_1,10000,10519
588978455,I2_2,20000,20827
296814064,I2_1,10000,12720
477161352,I2_1,10000,11140
732770640,I2_1,10000,11616
935553519,I2_2,20000,17960
478414317,I2_2,20000,14261
617047192,I2_2,20000,13675
230015139,I2_2,20000,13887
473761056,I2_1,10000,5981
204439418,I2_1,10000,7584
678505564,I2_2,20000,6450
104277639,I2_2,20000,5741
980530694,I2_1,10000,4719
633636688,I2_1,10000,6309
141530711,I2_2,20000,10012
730307871,I2_2,20000,9401
520075180,I2_2,20000,10266
699666367,I2_2,20000,10102
9074034,I2_2,20000,9951
880563633,I2_2,20000,8006
219295286,I2_1,10000,4229
955519022,I2_2,20000,9610
294055802,I2_1,10000,3481
366114826,I2_1,10000,4973
893167256,I2_2,20000,6669
766084560,I2_2,20000,5855
90653915,I2_2,20000,4894
815576560,I2_2,20000,4490
510775064,I2_1,10000,2867
13501618,I2_1,10000,3533
970984226,I2_2,20000,4543
327419268,I2_2,20000,4896
948408673,I2_2,20000,4595
856430345,I2_2,20000,4601
977216117,I2_1,10000,2536
987722602,I2_2,20000,4498
806298314,I2_1,10000,2677
902426472,I2_2,20000,4620
289719923,I2_1,10000,2818
187310033,I2_2,20000,6822
498435522,I2_2,20000,5154
301768628,I2_1,10000,4037
156361158,I2_1,10000,2931
874546172,I2_1,10000,2949
415225901,I2_2,20000,4634
314898653,I2_1,10000,3899
510239915,I2_2,20000,4899
47772260,I2_1,10000,3788
603656002,I2_2,20000,6343
753433424,I2_1,10000,2531
373301179,I2_2,20000,4539
914403936,I2_1,10000,5089
342889555,I2_2,20000,7547
393147934,I2_1,10000,3126
999869664,I2_1,10000,2580
305467237,I2_2,20000,4827
513993135,I2_2,20000,5577
626702312,I2_1,10000,4912
961557735,I2_1,10000,3211
996333367,I2_2,20000,7657
907374898,I2_1,10000,3526
498849839,I2_1,10000,2636
877885425,I2_1,10000,2649
775522214,I2_1,10000,2707
718254313,I2_1,10000,2591
173869686,I2_1,10000,2632
486493018,I2_2,20000,4948
645375602,I2_2,20000,7164
436759077,I2_2,20000,6444
969166291,I2_2,20000,6247
289701598,I2_2,20000,4601
208949804,I2_2,20000,5621
507429758,I2_1,10000,3038
832869777,I2_1,10000,4079
390900742,I2_1,10000,4261
111618578,I2_1,10000,2729
166272413,I2_1,10000,3029
12230784,I2_1,10000,3150
443984504,I2_2,20000,5960
439663579,I2_2,20000,5024
707200286,I2_2,20000,5455
327969673,I2_2,20000,6712
596657315,I2_2,20000,5833
941586051,I2_2,20000,5913
898452068,I2_1,10000,3260
442852046,I2_1,10000,4844
16221105,I2_2,20000,6513
3637591,I2_2,20000,7437
446387568,I2_2,20000,4747
666297700,I2_1,10000,3197
711538543,I2_2,20000,6051
845233611,I2_1,10000,3058
864689653,I2_1,10000,3538
836551617,I2_2,20000,5664
5401099,I2_1,10000,3143
704770107,I2_2,20000,6447
870412503,I2_1,10000,5967
921495441,I2_2,20000,8158
633037351,I2_2,20000,8481
55038071,I2_1,10000,6823
889043755,I2_1,10000,6262
763468721,I2_2,20000,12249
824872151,I2_1,10000,4428
229637560,I2_2,20000,12455
751440630,I2_2,20000,14049
467719378,I2_1,10000,4602
402074466,I2_2,20000,5592
56337146,I2_2,20000,7982
940230943,I2_2,20000,5622
520652817,I2_2,20000,5698
678676189,I2_2,20000,5578
485625148,I2_1,10000,6128
828018812,I2_2,20000,4773
852307027,I2_1,10000,5257
644508152,I2_2,20000,5337
984097993,I2_2,20000,5153
95380138,I2_1,10000,3130
802347168,I2_1,10000,3535
405500051,I2_2,20000,6547
411257430,I2_1,10000,3555
667715296,I2_1,10000,3256
351027698,I2_1,10000,2678
216623258,I2_2,20000,4722
63806587,I2_1,10000,3132
93181719,I2_2,20000,6356
147913524,I2_1,10000,3701
790842836,I2_2,20000,7017
34746388,I2_1,10000,3532
75015199,I2_1,10000,4585
192174207,I2_2,20000,10365
220998215,I2_2,20000,11429
472485783,I2_2,20000,11197
177587440,I2_2,20000,10660
878504238,I2_2,20000,8956
608385056,I2_1,10000,6116
848622270,I2_1,10000,5544
236641709,I2_2,20000,12159
402839412,I2_2,20000,13325
970175543,I2_1,10000,5946
952444340,I2_1,10000,6494
658004073,I2_2,20000,14774
587914978,I2_1,10000,6542
702193197,I2_2,20000,11897
326825103,I2_2,20000,14568
653554819,I2_1,10000,4140
699611589,I2_2,20000,16186
469335082,I2_2,20000,14851
738862907,I2_2,20000,13849
156075353,I2_1,10000,6895
700966810,I2_1,10000,7456
672051984,I2_1,10000,6930
801419493,I2_2,20000,20118
346385453,I2_2,20000,21837
773847575,I2_2,20000,21825
448163074,I2_2,20000,23353
338338422,I2_1,10000,12622
177933231,I2_1,10000,9858
463622714,I2_1,10000,10453
497382523,I2_2,20000,22431
798433961,I2_1,10000,12739
535242655,I2_1,10000,8249
435242249,I2_1,10000,7661
510325339,I2_2,20000,10456
285299189,I2_1,10000,5769
230277945,I2_2,20000,8345
922024476,I2_2,20000,5963
563303056,I2_1,10000,5335
817500854,I2_2,20000,9610
584169878,I2_2,20000,10630
377568384,I2_2,20000,9841
552227032,I2_1,10000,5068
459223207,I2_2,20000,9558
573963616,I2_2,20000,11774
248422289,I2_1,10000,2560
990118279,I2_2,20000,5515
478115005,I2_1,10000,3907
124660342,I2_2,20000,4831
449099524,I2_2,20000,6993
343690262,I2_2,20000,5552
731485329,I2_1,10000,4924
914975924,I2_1,10000,4802
322255963,I2_1,10000,4755
404798120,I2_1,10000,2667
215812057,I2_1,10000,2626
598301158,I2_1,10000,3234
21906832,I2_2,20000,5978
282412645,I2_1,10000,3499
557726639,I2_2,20000,6045
552264435,I2_2,20000,5543
600885055,I2_2,20000,4598
849979953,I2_2,20000,4631
471073081,I2_2,20000,5870
301203226,I2_1,10000,3041
571216397,I2_1,10000,4129
173867903,I2_2,20000,7427
108610656,I2_2,20000,5366
151642109,I2_1,10000,4833
523404638,I2_1,10000,3839
99462591,I2_2,20000,6033
955271692,I2_2,20000,6517
590524775,I2_1,10000,5943
333989540,I2_1,10000,5479
825394295,I2_1,10000,5949
521936426,I2_1,10000,5512
227736171,I2_2,20000,9139
54565150,I2_1,10000,3868
101137283,I2_1,10000,3322
342595133,I2_2,20000,5696
318342952,I2_2,20000,6833
677537215,I2_1,10000,4612
853511950,I2_2,20000,8336
585490207,I2_1,10000,4856
429315606,I2_1,10000,3715
46529010,I2_1,10000,4465
880383313,I2_2,20000,10084
667736465,I2_2,20000,4664
828092099,I2_1,10000,4024
95120588,I2_1,10000,2466
583085003,I2_1,10000,3520
619868645,I2_1,10000,4516
692761308,I2_2,20000,4478
256525956,I2_1,10000,2911
951517225,I2_1,10000,3161
724173624,I2_1,10000,3519
62255595,I2_2,20000,4737
93342159,I2_1,10000,3145
923860507,I2_1,10000,3094
644774925,I2_2,20000,4608
564495974,I2_1,10000,6215
417924277,I2_2,20000,8438
920735462,I2_2,20000,8826
94680612,I2_1,10000,6075
534630346,I2_1,10000,5478
753740052,I2_1,10000,5972
480799916,I2_1,10000,4287
91465616,I2_2,20000,12676
339029357,I2_2,20000,14654
361899657,I2_2,20000,15678
561938854,I2_2,20000,16738
976559334,I2_2,20000,18853
593807428,I2_1,10000,8460
15565402,I2_2,20000,12722
490692061,I2_2,20000,12476
375294312,I2_2,20000,11065
868170289,I2_2,20000,11995
699957493,I2_1,10000,5143
11115429,I2_2,20000,12127
15409983,I2_2,20000,13546
241312573,I2_2,20000,13563
887073069,I2_2,20000,10925
633604450,I2_2,20000,10425
869281280,I2_2,20000,9883
188574534,I2_1,10000,4727
459168623,I2_2,20000,7971
759695046,I2_1,10000,5209
299095616,I2_2,20000,9459
859391078,I2_2,20000,6790
739552527,I2_1,10000,5286
788047655,I2_1,10000,6881
973581392,I2_2,20000,4952
252802075,I2_1,10000,3092
364343354,I2_2,20000,6493
936881812,I2_2,20000,5424
84091032,I2_2,20000,5536
883521867,I2_2,20000,8174
909962899,I2_2,20000,4440
442528035,I2_1,10000,4939
658979590,I2_2,20000,4523
632077809,I2_2,20000,5428
48665107,I2_2,20000,4483
434539373,I2_1,10000,2958
3034464,I2_1,10000,3976
304065110,I2_1,10000,4427
202458683,I2_1,10000,3830
243707945,I2_1,10000,3320
938753204,I2_1,10000,4567
675606568,I2_2,20000,5036
797326253,I2_1,10000,3368
390056687,I2_2,20000,6013
338576424,I2_1,10000,4404
518482842,I2_2,20000,5807
338684464,I2_1,10000,3639
334099122,I2_1,10000,4273
449925802,I2_1,10000,4286
492121428,I2_2,20000,10111
390228034,I2_2,20000,4951
752471057,I2_1,10000,4220
524437346,I2_2,20000,5989
627314440,I2_1,10000,4446
207141996,I2_1,10000,4403
653683977,I2_2,20000,9776
919460601,I2_1,10000,4251
700202671,I2_1,10000,3677
154231816,I2_2,20000,10864
490972807,I2_1,10000,4903
605325736,I2_1,10000,4802
239635943,I2_2,20000,7969
58337243,I2_1,10000,3679
854254172,I2_2,20000,10772
744255421,I2_2,20000,10803
35001948,I2_1,10000,2597
266172257,I2_2,20000,5421
165168761,I2_1,10000,2567
473725070,I2_1,10000,2465
931709217,I2_1,10000,2603
50778566,I2_1,10000,3317
70314016,I2_1,10000,2526
614847749,I2_1,10000,2503
260372158,I2_1,10000,3112
353127100,I2_2,20000,4588
963342249,I2_1,10000,2453
229481521,I2_1,10000,2422
597416547,I2_1,10000,3485
886220209,I2_1,10000,2565
167088106,I2_1,10000,2634
220904541,I2_1,10000,3203
165092869,I2_1,10000,4306
468258363,I2_2,20000,7635
595402629,I2_1,10000,6612
816376839,I2_1,10000,7174
836292714,I2_1,10000,3825
694302065,I2_2,20000,10896
587838386,I2_1,10000,6427
68657977,I2_1,10000,5969
884296361,I2_2,20000,9385
399600532,I2_2,20000,7802
809476863,I2_1,10000,4314
43972505,I2_2,20000,6107
513103504,I2_2,20000,6077
774010844,I2_1,10000,5484
297218885,I2_2,20000,5994
652164783,I2_2,20000,4712
575406022,I2_1,10000,3096
230022992,I2_1,10000,4116
532207479,I2_1,10000,3645
469513852,I2_2,20000,6875
844247574,I2_1,10000,4334
186945109,I2_1,10000,3246
899782808,I2_2,20000,11795
334333934,I2_1,10000,4360
942934613,I2_1,10000,3137
682665014,I2_2,20000,12446
773343970,I2_1,10000,4699
438115073,I2_1,10000,5274
421063635,I2_2,20000,13855
704583441,I2_2,20000,14975
189073966,I2_2,20000,13215
891734734,I2_2,20000,7814
801122658,I2_1,10000,6334
687260013,I2_2,20000,7373
580944647,I2_2,20000,9402
471934656,I2_1,10000,3756
256445887,I2_1,10000,3620
194272530,I2_2,20000,12176
696367369,I2_1,10000,5721
192202304,I2_2,20000,11142
269268766,I2_2,20000,12752
997559970,I2_1,10000,5310
671831248,I2_1,10000,4749
111123152,I2_2,20000,17263
624329131,I2_2,20000,18346
978860275,I2_1,10000,5753
397723329,I2_2,20000,13422
455769926,I2_2,20000,5506
174810143,I2_2,20000,5463
757053417,I2_2,20000,6537
895608703,I2_2,20000,7516
829447141,I2_1,10000,3773
57273672,I2_1,10000,3740
776471617,I2_2,20000,5476
870018190,I2_2,20000,5776
820276796,I2_1,10000,5310
910062952,I2_2,20000,5452
674360278,I2_2,20000,5443
910679017,I2_2,20000,5390
698677805,I2_1,10000,5899
868074986,I2_1,10000,5269
158339203,I2_2,20000,10674
944745801,I2_2,20000,6300
892338952,I2_1,10000,4746
484077198,I2_1,10000,4109
991654800,I2_2,20000,10026
446334784,I2_1,10000,5316
900077715,I2_2,20000,12677
291780013,I2_1,10000,4239
276571683,I2_2,20000,13649
359382261,I2_2,20000,15756
318395641,I2_2,20000,11617
305312687,I2_2,20000,7366
787599565,I2_2,20000,8484
698319272,I2_2,20000,11654
933009639,I2_1,10000,4723
298718156,I2_2,20000,12656
270168792,I2_1,10000,5811
818143246,I2_1,10000,5213
573686559,I2_2,20000,15570
189303817,I2_2,20000,7625
457422608,I2_1,10000,5582
585943032,I2_2,20000,4978
967162974,I2_2,20000,7161
374543366,I2_2,20000,8002
368016008,I2_1,10000,2794
434623825,I2_1,10000,4099
955753901,I2_2,20000,6570
808120735,I2_2,20000,5451
352182111,I2_2,20000,6412
48693150,I2_2,20000,6460
60187387,I2_2,20000,7409
400610478,I2_2,20000,5508
648699751,I2_2,20000,4578
856262897,I2_2,20000,4635
513438564,I2_1,10000,3967
337974000,I2_2,20000,6246
347580390,I2_1,10000,4353
759025250,I2_1,10000,5007
281873055,I2_1,10000,5282
136334472,I2_2,20000,9966
402201012,I2_1,10000,4293
35729547,I2_1,10000,3725
994866073,I2_2,20000,12607
530486303,I2_1,10000,4522
700176761,I2_1,10000,3325
966699758,I2_1,10000,4316
868388998,I2_1,10000,4167
38142874,I2_1,10000,3629
283920310,I2_2,20000,6191
404809282,I2_1,10000,5441
883983018,I2_2,20000,9814
431922500,I2_2,20000,10888
879599043,I2_2,20000,9692
196568641,I2_2,20000,4806
106465742,I2_2,20000,4848
442666220,I2_2,20000,4571
96123089,I2_1,10000,5189
900810059,I2_2,20000,6076
14367585,I2_1,10000,4873
119058760,I2_1,10000,3842
796172113,I2_1,10000,3001
246737898,I2_1,10000,2575
742341052,I2_1,10000,3726
58829396,I2_1,10000,2893
3884292,I2_2,20000,5636
546959565,I2_1,10000,5032
829091763,I2_2,20000,6673
551098980,I2_2,20000,5805
821985706,I2_1,10000,3035
104457592,I2_2,20000,4992
318335738,I2_2,20000,7064
225678767,I2_2,20000,6819
828309058,I2_2,20000,9649
262809404,I2_1,10000,3406
23879773,I2_2,20000,5384
503985329,I2_2,20000,4625
428356965,I2_1,10000,4003
296569521,I2_2,20000,4917
122930369,I2_2,20000,4660
212189411,I2_2,20000,5543
220043540,I2_1,10000,3000
929493317,I2_1,10000,2826
256118084,I2_2,20000,6163
159315551,I2_2,20000,5164
770846036,I2_1,10000,5672
597404461,I2_2,20000,6793
654384824,I2_1,10000,3418
415637749,I2_1,10000,4535
853714039,I2_2,20000,11476
191830444,I2_1,10000,4308
341486040,I2_2,20000,11445
334267388,I2_2,20000,11912
97679233,I2_1,10000,5570
616418065,I2_2,20000,14572
888135068,I2_1,10000,5567
853091593,I2_2,20000,17284
792582342,I2_2,20000,14956
950307414,I2_2,20000,11790
339494334,I2_2,20000,7813
253123373,I2_1,10000,6309
688694011,I2_2,20000,6449
564198862,I2_2,20000,5275
546284724,I2_1,10000,4489
100642613,I2_1,10000,2875
977500606,I2_2,20000,9681
563872048,I2_2,20000,6596
398393273,I2_2,20000,5579
553129828,I2_1,10000,4952
265012013,I2_1,10000,4921
278767971,I2_2,20000,4628
334853202,I2_2,20000,4860
397798936,I2_1,10000,2826
171137765,I2_2,20000,5745
129899478,I2_2,20000,5040
634900343,I2_1,10000,5563
285255289,I2_1,10000,3348
261063075,I2_2,20000,9931
196221979,I2_2,20000,6820
893047473,I2_1,10000,5854
454699811,I2_1,10000,5330
445437938,I2_2,20000,12143
947333976,I2_1,10000,4796
770857177,I2_2,20000,14781
941514028,I2_1,10000,6369
535455551,I2_2,20000,16710
944173465,I2_2,20000,11747
535378617,I2_1,10000,2656
81209107,I2_2,20000,5039
93152405,I2_1,10000,3492
761261121,I2_2,20000,6100
864936557,I2_2,20000,4852
985257154,I2_2,20000,5537
868068280,I2_2,20000,4599
467829748,I2_1,10000,3002
952879863,I2_1,10000,4238
52838528,I2_1,10000,2536
313903327,I2_1,10000,4147
255436800,I2_2,20000,4521
481156791,I2_1,10000,3037
592753705,I2_2,20000,4798
29900727,I2_2,20000,4818
857381518,I2_2,20000,6533
785021274,I2_2,20000,4601
700152015,I2_2,20000,5613
333002295,I2_1,10000,3019
635952025,I2_1,10000,2749
28878298,I2_1,10000,3810
214102726,I2_1,10000,2681
690039173,I2_1,10000,3718
938719522,I2_1,10000,2604
39789675,I2_1,10000,2829
839060896,I2_1,10000,2648
180917664,I2_2,20000,6040
301851031,I2_2,20000,4568
329404851,I2_1,10000,3977
926620042,I2_1,10000,4124
285032627,I2_2,20000,5915
42742660,I2_2,20000,5627
90942075,I2_1,10000,6193
812211153,I2_1,10000,6523
93479484,I2_2,20000,7836
856401091,I2_1,10000,5308
958052526,I2_2,20000,7605
216582992,I2_2,20000,6626
783133770,I2_1,10000,5013
365588238,I2_1,10000,5354
425091571,I2_2,20000,7648
325243607,I2_2,20000,7628
336885856,I2_2,20000,5456
528090714,I2_1,10000,5017
725747211,I2_1,10000,6119
704792448,I2_2,20000,5677
285760473,I2_1,10000,4105
859132065,I2_2,20000,4577
502707957,I2_1,10000,4237
112855160,I2_2,20000,4694
263334609,I2_2,20000,5939
265109731,I2_2,20000,4607
671826853,I2_1,10000,2688
585559714,I2_1,10000,3121
112130108,I2_2,20000,5133
802728022,I2_1,10000,5637
149344825,I2_1,10000,6140
520053524,I2_2,20000,8648
159149812,I2_1,10000,2647
620702753,I2_2,20000,4596
515571758,I2_2,20000,4954
965727087,I2_1,10000,4359
843205625,I2_1,10000,5519
963476195,I2_1,10000,5375
164123037,I2_1,10000,6430
510628389,I2_2,20000,9680
860191022,I2_1,10000,7861
41919823,I2_1,10000,5520
151689335,I2_1,10000,6070
204637097,I2_2,20000,12491
358964688,I2_2,20000,6633
110614915,I2_2,20000,8744
293717180,I2_1,10000,6479
393061620,I2_2,20000,11538
624680882,I2_2,20000,7201
750180815,I2_2,20000,6680
479110691,I2_2,20000,7686
62123379,I2_2,20000,8689
622444055,I2_1,10000,5779
153295110,I2_1,10000,6378
749605779,I2_2,20000,11762
202309218,I2_2,20000,13940
967472383,I2_2,20000,15071
782775269,I2_2,20000,11321
980252545,I2_2,20000,8095
195123275,I2_1,10000,6507
154292753,I2_1,10000,8076
408206910,I2_1,10000,8669
54828481,I2_2,20000,7070
127876192,I2_1,10000,4337
920691662,I2_2,20000,7684
241248714,I2_2,20000,4583
643574679,I2_1,10000,2706
417826325,I2_1,10000,2738
476953046,I2_2,20000,4590
46926469,I2_2,20000,4656
577101054,I2_2,20000,6666
27410399,I2_1,10000,3071
65570333,I2_1,10000,3087
373686120,I2_2,20000,5110
360219985,I2_1,10000,2873
620077850,I2_1,10000,2879
195131295,I2_1,10000,2660
985264317,I2_1,10000,2693
16026970,I2_2,20000,5327
86073423,I2_1,10000,3648
143692291,I2_1,10000,2827
286986878,I2_1,10000,2858
819660186,I2_1,10000,2701
351573552,I2_1,10000,2777
408218935,I2_1,10000,6002
735067021,I2_2,20000,7130
925173532,I2_1,10000,7511
35467012,I2_1,10000,6842
833800178,I2_1,10000,7271
692961915,I2_1,10000,6726
375417198,I2_2,20000,12557
457471490,I2_2,20000,13258
226600068,I2_2,20000,11905
864634226,I2_2,20000,8522
776854989,I2_1,10000,2749
10344047,I2_1,10000,2661
313464140,I2_2,20000,4971
862721379,I2_1,10000,2976
69791885,I2_2,20000,5542
599157344,I2_2,20000,4646
479156321,I2_2,20000,4654
161557301,I2_1,10000,2985
64189788,I2_2,20000,4817
439489864,I2_1,10000,4192
580511246,I2_2,20000,7482
216669963,I2_1,10000,5213
673871810,I2_1,10000,5764
991120854,I2_2,20000,8291
117426880,I2_2,20000,7161
552456460,I2_2,20000,9288
542008541,I2_1,10000,5370
301577961,I2_2,20000,8078
703969282,I2_1,10000,3765
210058316,I2_2,20000,11576
937514421,I2_2,20000,8367
132747628,I2_1,10000,4018
190416200,I2_1,10000,3979
71168221,I2_1,10000,2786
191732786,I2_1,10000,3929
765974027,I2_1,10000,3328
261210407,I2_2,20000,5595
950693443,I2_2,20000,6681
364966795,I2_2,20000,5037
430174282,I2_2,20000,4644
327141509,I2_1,10000,3990
486594329,I2_2,20000,5637
299052833,I2_1,10000,6202
603789242,I2_1,10000,5525
224160326,I2_2,20000,8769
287304469,I2_1,10000,6033
111177488,I2_1,10000,6726
279991146,I2_2,20000,12466
818750778,I2_2,20000,14556
73568323,I2_1,10000,5435
136768006,I2_2,20000,9857
681350118,I2_1,10000,4452
509834485,I2_2,20000,11378
946008153,I2_1,10000,5459
673637223,I2_2,20000,10288
881070087,I2_2,20000,12296
32216702,I2_2,20000,13443
42793857,I2_2,20000,15545
858208683,I2_2,20000,14882
127376299,I2_2,20000,12969
774331998,I2_2,20000,15202
989607902,I2_1,10000,5963
545109313,I2_1,10000,7068
570887701,I2_1,10000,7003
891276140,I2_1,10000,6470
837863103,I2_1,10000,4812
699937220,I2_1,10000,6415
563888287,I2_2,20000,16043
352161241,I2_2,20000,18725
469621146,I2_2,20000,19260
546649634,I2_1,10000,9552
876331706,I2_2,20000,20778
560105502,I2_1,10000,11046
331277877,I2_1,10000,6852
746505428,I2_1,10000,6329
295003169,I2_2,20000,12773
906696345,I2_1,10000,6248
613259954,I2_1,10000,5867
557532061,I2_2,20000,13847
799614452,I2_2,20000,12161
638860236,I2_1,10000,3646
977306440,I2_2,20000,5802
911211768,I2_1,10000,3334
177493644,I2_1,10000,3667
651482045,I2_2,20000,6928
719117074,I2_1,10000,5542
870711544,I2_2,20000,6574
555080285,I2_1,10000,4910
650245153,I2_1,10000,5533
136504419,I2_1,10000,6802
200719372,I2_2,20000,10761
91854293,I2_1,10000,5974
677638368,I2_2,20000,13427
395751430,I2_2,20000,14785
219004220,I2_2,20000,13240
255787242,I2_1,10000,6852
284747364,I2_1,10000,6211
807752423,I2_2,20000,13182
632153281,I2_2,20000,15244
875145531,I2_1,10000,5238
983227926,I2_2,20000,17796
813772463,I2_2,20000,19483
191109004,I2_2,20000,13586
446565086,I2_1,10000,6283
582582790,I2_2,20000,13139
990312042,I2_1,10000,5877
80546188,I2_1,10000,4774
830578866,I2_1,10000,5720
136703138,I2_1,10000,6360
779160402,I2_1,10000,2523
919419369,I2_1,10000,2651
477127796,I2_1,10000,2901
97653284,I2_2,20000,5124
170288269,I2_1,10000,4357
852003896,I2_1,10000,4302
443561014,I2_1,10000,2646
243442412,I2_1,10000,3063
105842567,I2_2,20000,4782
502787127,I2_1,10000,3018
308937665,I2_2,20000,5568
141666117,I2_1,10000,5128
636939418,I2_1,10000,3868
436062852,I2_2,20000,7145
917547107,I2_1,10000,3813
43744955,I2_2,20000,6954
105336659,I2_1,10000,4241
499606466,I2_1,10000,3140
240925760,I2_2,20000,10436
875047674,I2_1,10000,3013
960435395,I2_1,10000,2592
460064879,I2_2,20000,5001
920725974,I2_1,10000,4199
289827563,I2_2,20000,7593
573360259,I2_2,20000,8425
651184422,I2_2,20000,5194
746196776,I2_1,10000,5746
579627450,I2_1,10000,5087
591433054,I2_1,10000,3997
495839655,I2_2,20000,9412
172320439,I2_1,10000,6512
445175812,I2_1,10000,6417
231758192,I2_1,10000,4200
655331645,I2_2,20000,10416
475029452,I2_1,10000,5061
43934451,I2_2,20000,4561
964198281,I2_1,10000,2735
698843745,I2_1,10000,3738
453288358,I2_1,10000,2802
833114456,I2_1,10000,3920
722116121,I2_1,10000,3259
405430433,I2_2,20000,5703
759177967,I2_2,20000,6669
522321838,I2_1,10000,4484
625933379,I2_2,20000,5766
927485505,I2_1,10000,3140
93899846,I2_2,20000,5933
118008652,I2_1,10000,5702
901307668,I2_1,10000,3968
413612344,I2_2,20000,6417
693046710,I2_1,10000,4869
255767939,I2_1,10000,3825
428668790,I2_2,20000,4838
750887325,I2_1,10000,3715
788083503,I2_2,20000,5436
983741466,I2_1,10000,4272
14237284,I2_1,10000,3498
733656758,I2_1,10000,4740
58157987,I2_1,10000,3320
289061034,I2_2,20000,8828
509049162,I2_2,20000,7032
419252459,I2_1,10000,4740
558171918,I2_1,10000,4140
2649899,I2_2,20000,9968
490412345,I2_2,20000,7880
366360285,I2_2,20000,9800
217190853,I2_1,10000,5339
527149422,I2_2,20000,4573
718901715,I2_2,20000,5090
971958665,I2_1,10000,4349
696849538,I2_2,20000,6498
723676170,I2_2,20000,8761
256277409,I2_2,20000,6588
234569138,I2_2,20000,4535
752230897,I2_1,10000,2914
750551241,I2_2,20000,5243
735686695,I2_1,10000,4575
739305557,I2_1,10000,3549
938919711,I2_1,10000,4125
278818995,I2_2,20000,4789
589569891,I2_1,10000,4300
870155842,I2_1,10000,5952
289448241,I2_2,20000,4725
361695997,I2_1,10000,2527
976480859,I2_1,10000,2976
681783907,I2_2,20000,4970
692324265,I2_1,10000,4493
557301842,I2_1,10000,5580
18194866,I2_2,20000,8761
450110335,I2_1,10000,5408
525629584,I2_2,20000,8497
818519391,I2_2,20000,10548
703668537,I2_2,20000,10552
824915894,I2_2,20000,11498
57147289,I2_1,10000,5113
589925095,I2_2,20000,13794
655119618,I2_2,20000,13929
639985738,I2_1,10000,3969
673989348,I2_1,10000,4981
539277778,I2_1,10000,3314
702721352,I2_1,10000,2627
911640402,I2_2,20000,4736
398899380,I2_1,10000,4059
594378169,I2_2,20000,5573
219619167,I2_1,10000,3782
657170507,I2_2,20000,7485
360011900,I2_1,10000,3746
932305549,I2_2,20000,10664
310232405,I2_1,10000,4150
69215386,I2_2,20000,13211
104842407,I2_2,20000,14765
675698403,I2_2,20000,14101
302675648,I2_1,10000,6242
340203668,I2_2,20000,11500
59059280,I2_2,20000,8308
609357458,I2_2,20000,7864
945586508,I2_2,20000,7506
183401227,I2_2,20000,7590
320628959,I2_1,10000,3903
143144249,I2_1,10000,4879
616884102,I2_2,20000,4676
684791070,I2_2,20000,5091
51381543,I2_2,20000,4527
465836247,I2_1,10000,3917
300501616,I2_1,10000,4357
521568019,I2_2,20000,5804
64425144,I2_1,10000,4193
572722721,I2_1,10000,4304
329643440,I2_2,20000,7346
942839602,I2_1,10000,3160
179327902,I2_2,20000,4487
679348421,I2_1,10000,3900
270599766,I2_1,10000,3003
929874920,I2_2,20000,5608
75786425,I2_1,10000,3388
581511544,I2_1,10000,2477
650271563,I2_2,20000,5512
550515953,I2_1,10000,4730
98849661,I2_1,10000,4089
322660680,I2_2,20000,8689
548947625,I2_2,20000,8326
822285505,I2_2,20000,8393
128552262,I2_1,10000,3689
656465922,I2_1,10000,5252
485681101,I2_2,20000,8888
543949409,I2_2,20000,6953
426389512,I2_1,10000,4128
839296683,I2_2,20000,8049
737897536,I2_1,10000,3881
795042967,I2_1,10000,3319
603457227,I2_1,10000,4433
739576989,I2_1,10000,4852
318661982,I2_2,20000,7018
255409482,I2_2,20000,4904
312555549,I2_1,10000,3706
851121764,I2_1,10000,3363
152664725,I2_2,20000,6848
67704079,I2_2,20000,4444
947442268,I2_1,10000,3850
643574100,I2_2,20000,6340
697078833,I2_2,20000,5389
784337539,I2_2,20000,6516
12991062,I2_2,20000,7651
525967604,I2_2,20000,9710
880599820,I2_2,20000,6102
762136870,I2_1,10000,3248
924602537,I2_2,20000,9163
946457638,I2_1,10000,3366
165157354,I2_2,20000,5416
127090257,I2_2,20000,8573
989908166,I2_2,20000,8433
826247290,I2_1,10000,4743
761621826,I2_1,10000,4165
788672868,I2_2,20000,9943
753436302,I2_2,20000,4507
790837280,I2_1,10000,5031
543344459,I2_1,10000,3960
814787862,I2_1,10000,3078
658307507,I2_2,20000,4439
538585021,I2_1,10000,3865
127604235,I2_1,10000,4927
791148247,I2_2,20000,7279
718613699,I2_2,20000,7675
281621195,I2_1,10000,5066
463680008,I2_1,10000,3838
83635673,I2_2,20000,11557
933675168,I2_2,20000,6602
456243641,I2_2,20000,4975
594913686,I2_2,20000,4485
24496110,I2_1,10000,5018
544652367,I2_1,10000,6013
320543254,I2_2,20000,7047
654001227,I2_2,20000,4397
357111129,I2_2,20000,5377
732736595,I2_1,10000,2834
556705321,I2_2,20000,4892
780283151,I2_1,10000,2565
439353944,I2_1,10000,2506
278815899,I2_1,10000,2462
855116077,I2_2,20000,5097
547276340,I2_1,10000,2422
109660326,I2_1,10000,2477
844330775,I2_2,20000,4820
191031276,I2_1,10000,3977
221244892,I2_1,10000,3906
523008565,I2_2,20000,7535
964862915,I2_1,10000,5921
210244055,I2_2,20000,5632
404669366,I2_2,20000,4795
660183523,I2_2,20000,6301
774581026,I2_1,10000,3775
359956656,I2_2,20000,5881
302717553,I2_2,20000,7578
14366662,I2_1,10000,2812
240450342,I2_2,20000,4988
113942759,I2_1,10000,3968
895808816,I2_2,20000,6561
277759697,I2_2,20000,5708
936945802,I2_2,20000,5567
757155104,I2_1,10000,4994
295539440,I2_2,20000,5139
948723091,I2_2,20000,5035
176795129,I2_1,10000,4491
278387244,I2_2,20000,5419
672763725,I2_2,20000,7705
710074464,I2_2,20000,8639
572440819,I2_1,10000,3859
18610447,I2_1,10000,5389
93169180,I2_2,20000,8726
124405252,I2_1,10000,4323
273413512,I2_2,20000,5029
482267271,I2_2,20000,5574
568331125,I2_2,20000,6146
923019145,I2_2,20000,5335
273667594,I2_1,10000,3774
16298168,I2_1,10000,3617
450727362,I2_1,10000,4412
777273934,I2_2,20000,5946
344968926,I2_2,20000,5508
610419579,I2_2,20000,4466
779504498,I2_2,20000,4910
137928232,I2_1,10000,4364
145283779,I2_1,10000,4016
995039853,I2_2,20000,5412
575710829,I2_2,20000,5349
509606246,I2_1,10000,5389
502019776,I2_2,20000,8953
749482318,I2_2,20000,8853
705052832,I2_1,10000,4129
619996053,I2_2,20000,11459
780440029,I2_2,20000,11067
346378583,I2_1,10000,4289
820966805,I2_2,20000,12547
736810505,I2_1,10000,3790
601510084,I2_1,10000,3781
862996824,I2_2,20000,13332
741066025,I2_1,10000,4845
425058793,I2_1,10000,4293
941434239,I2_2,20000,10076
809260013,I2_1,10000,4797
67762036,I2_2,20000,7915
994300987,I2_1,10000,5229
989405981,I2_2,20000,11179
664075084,I2_1,10000,3791
969518188,I2_2,20000,6394
480419215,I2_1,10000,4158
555643790,I2_2,20000,7061
317863390,I2_2,20000,6488
761956251,I2_2,20000,4577
252323245,I2_1,10000,5119
346161010,I2_1,10000,5073
380612963,I2_1,10000,3537
116663044,I2_2,20000,4463
552993957,I2_1,10000,2501
298506858,I2_2,20000,5086
863899430,I2_1,10000,3506
546268802,I2_2,20000,4584
254906908,I2_2,20000,4650
810145849,I2_2,20000,4498
5449519,I2_1,10000,2892
373821028,I2_2,20000,4750
676578862,I2_1,10000,5280
569366904,I2_1,10000,2973
639301694,I2_2,20000,8751
233992084,I2_1,10000,2351
755121166,I2_1,10000,2450
103642750,I2_2,20000,4475
781464282,I2_1,10000,2732
8426637,I2_1,10000,3498
762768574,I2_1,10000,2879
316981080,I2_2,20000,5339
132927516,I2_1,10000,2713
692570914,I2_2,20000,4977
479722310,I2_1,10000,3410
625401884,I2_2,20000,5937
961918123,I2_2,20000,7032
643935635,I2_2,20000,4747
956738197,I2_2,20000,6746
393565749,I2_2,20000,5881
895839416,I2_1,10000,3431
366147924,I2_2,20000,5154
500866892,I2_1,10000,2665
296702737,I2_2,20000,4958
358538264,I2_1,10000,2840
50235032,I2_2,20000,5138
715650379,I2_1,10000,3592
338388087,I2_1,10000,4534
393539143,I2_1,10000,6126
172833829,I2_1,10000,4547
312686425,I2_2,20000,5642
634866992,I2_2,20000,5040
599177653,I2_1,10000,3835
520424332,I2_2,20000,4558
497376620,I2_1,10000,3964
938345853,I2_2,20000,4615
173469392,I2_1,10000,3596
191429953,I2_1,10000,4651
3125027,I2_2,20000,5094
99629722,I2_2,20000,6100
842831418,I2_1,10000,4530
117748308,I2_1,10000,3944
634673537,I2_1,10000,5545
746425477,I2_2,20000,6645
14491004,I2_2,20000,5579
728949375,I2_2,20000,4595
592018158,I2_1,10000,3920
522939788,I2_1,10000,4661
749484925,I2_2,20000,7332
932956178,I2_2,20000,4700
944212888,I2_2,20000,5560
777724088,I2_1,10000,3835
867431042,I2_2,20000,7564
480056470,I2_1,10000,4660
801264511,I2_1,10000,2953
368410295,I2_2,20000,4638
877989225,I2_2,20000,5610
912394958,I2_1,10000,3484
663691366,I2_1,10000,2822
645400091,I2_1,10000,2787
67437617,I2_1,10000,2890
209292137,I2_1,10000,2900
895901380,I2_1,10000,3341
532290936,I2_1,10000,2835
222953852,I2_1,10000,3948
735092890,I2_1,10000,4430
201864372,I2_2,20000,7264
653727274,I2_1,10000,3928
277262626,I2_2,20000,6195
26167075,I2_1,10000,3550
474776116,I2_1,10000,4578
579736498,I2_1,10000,6251
661815832,I2_2,20000,8397
974476080,I2_2,20000,6713
895073605,I2_2,20000,7149
916627294,I2_2,20000,8660
238115737,I2_2,20000,8302
440360999,I2_2,20000,8156
97821900,I2_1,10000,4337
70774398,I2_2,20000,5150
700472808,I2_1,10000,3951
431746055,I2_2,20000,9029
718341515,I2_2,20000,7852
147408186,I2_1,10000,4899
323305373,I2_1,10000,4925
734711860,I2_2,20000,11003
262205289,I2_1,10000,4964
337188843,I2_1,10000,4961
363679962,I2_2,20000,12637
226328610,I2_2,20000,13589
287017602,I2_1,10000,6151
91806151,I2_1,10000,6589
696355798,I2_1,10000,4983
500873893,I2_2,20000,18016
690765958,I2_2,20000,19057
809949986,I2_2,20000,21166
807482261,I2_1,10000,11265
91886017,I2_2,20000,17318
795936185,I2_1,10000,7695
652451678,I2_1,10000,6575
965293418,I2_1,10000,5500
288090247,I2_1,10000,3888
624851611,I2_2,20000,6719
423202961,I2_1,10000,3931
447528418,I2_2,20000,5585
419908020,I2_2,20000,7807
748570337,I2_1,10000,3858
770276651,I2_1,10000,4424
712219341,I2_2,20000,9810
375011117,I2_1,10000,3216
701695740,I2_1,10000,4809
459660941,I2_2,20000,9383
73037862,I2_2,20000,11552
806789917,I2_2,20000,5273
872753401,I2_2,20000,6418
362345356,I2_2,20000,6214
686860152,I2_2,20000,7159
866638880,I2_1,10000,3008
988173834,I2_2,20000,4526
278249631,I2_1,10000,3984
753285465,I2_1,10000,3905
128264540,I2_1,10000,4954
441626985,I2_2,20000,7259
235797766,I2_1,10000,4587
805318021,I2_2,20000,6580
286620612,I2_1,10000,3770
268360448,I2_2,20000,7320
185730847,I2_1,10000,2602
546327900,I2_2,20000,4566
175911395,I2_2,20000,5451
266098777,I2_2,20000,4581
310724252,I2_1,10000,3012
465739927,I2_1,10000,2531
783051462,I2_2,20000,5351
738275896,I2_2,20000,5107
491470527,I2_1,10000,4166
610338909,I2_2,20000,5502
468945233,I2_2,20000,4626
834220996,I2_2,20000,6667
517218687,I2_1,10000,2759
577567329,I2_1,10000,3797
293631887,I2_1,10000,3059
145830802,I2_2,20000,4850
200499489,I2_2,20000,6951
364778757,I2_2,20000,5927
833996571,I2_2,20000,5093
699540268,I2_1,10000,4496
790985304,I2_2,20000,7637
872052612,I2_2,20000,8934
592978988,I2_2,20000,10853
446363649,I2_1,10000,2732
979232750,I2_1,10000,2706
533457668,I2_1,10000,2862
394286351,I2_1,10000,3099
421470945,I2_1,10000,3716
231130693,I2_1,10000,2755
730372369,I2_1,10000,2991
217492214,I2_2,20000,5355
949170161,I2_1,10000,4775
357559934,I2_2,20000,8138
933103032,I2_1,10000,4693
926395104,I2_1,10000,3585
217250978,I2_1,10000,4185
322148802,I2_2,20000,6184
482547101,I2_1,10000,5890
432822269,I2_1,10000,5366
806183494,I2_1,10000,5995
382938135,I2_1,10000,5351
334187835,I2_2,20000,10774
357196407,I2_1,10000,3297
99241931,I2_2,20000,7935
664000289,I2_2,20000,4665
870355497,I2_1,10000,3969
247376457,I2_2,20000,5513
237271838,I2_2,20000,5510
217310474,I2_2,20000,7800
891287940,I2_2,20000,4636
696931885,I2_2,20000,5560
582388282,I2_1,10000,2903
125448521,I2_1,10000,5017
901964072,I2_2,20000,8820
779189079,I2_2,20000,6199
771635502,I2_1,10000,5567
914290429,I2_1,10000,5021
951440381,I2_2,20000,10457
708951495,I2_2,20000,10307
845593004,I2_2,20000,10245
512840968,I2_1,10000,4388
851845999,I2_2,20000,13994
172286262,I2_1,10000,4246
179298377,I2_1,10000,4879
688313246,I2_2,20000,15506
573615337,I2_2,20000,17587
681020499,I2_1,10000,5225
571230985,I2_2,20000,18018
782623005,I2_2,20000,18545
161405530,I2_2,20000,18608
368739683,I2_1,10000,6343
207978349,I2_2,20000,8445
766921157,I2_2,20000,4901
574911631,I2_2,20000,4586
828085937,I2_1,10000,3875
671772800,I2_1,10000,3370
29557307,I2_2,20000,5965
140540552,I2_1,10000,4751
868410577,I2_1,10000,3808
848055847,I2_2,20000,6805
943234930,I2_1,10000,2506
512536491,I2_1,10000,4139
416702672,I2_1,10000,4710
84334569,I2_2,20000,5549
14062317,I2_2,20000,6252
400760211,I2_2,20000,8393
158872093,I2_2,20000,10532
596282845,I2_2,20000,7604
524593909,I2_2,20000,5538
251594710,I2_1,10000,3215
199006008,I2_2,20000,6578
228359564,I2_2,20000,4427
159781755,I2_2,20000,4954
260078247,I2_1,10000,3426
578980538,I2_2,20000,5238
572986940,I2_1,10000,4404
66069693,I2_2,20000,6710
525953094,I2_1,10000,4312
501867412,I2_1,10000,4886
132017148,I2_2,20000,7989
164028517,I2_1,10000,4363
328611418,I2_2,20000,6390
996694095,I2_2,20000,5940
68517107,I2_1,10000,4216
574538578,I2_1,10000,3336
736130336,I2_2,20000,9793
571939019,I2_1,10000,4394
224008656,I2_1,10000,4910
735268917,I2_2,20000,12956
266692182,I2_1,10000,4801
433897692,I2_1,10000,5876
526151095,I2_1,10000,5296
787659147,I2_2,20000,12363
87863018,I2_1,10000,5350
119509745,I2_1,10000,4821
692924855,I2_2,20000,13872
156015255,I2_1,10000,5894
604254580,I2_2,20000,15331
850180132,I2_1,10000,7489
286590494,I2_1,10000,6230
862738059,I2_1,10000,4761
917722795,I2_2,20000,9606
77347984,I2_1,10000,2403
259479104,I2_1,10000,2618
900535836,I2_2,20000,4519
822479136,I2_1,10000,2992
184588112,I2_2,20000,4609
980691192,I2_1,10000,2857
836407548,I2_1,10000,3986
960710266,I2_1,10000,3884
854053645,I2_2,20000,4533
994492720,I2_2,20000,6598
846524905,I2_2,20000,4608
41489273,I2_1,10000,4245
544391888,I2_1,10000,3370
139140813,I2_2,20000,4502
269808186,I2_2,20000,6055
180323870,I2_1,10000,4487
539736751,I2_1,10000,3758
463132146,I2_1,10000,4884
929417284,I2_1,10000,3176
86624989,I2_2,20000,9553
790241280,I2_2,20000,11471
225982930,I2_2,20000,10683
680364351,I2_1,10000,4800
381382284,I2_1,10000,4118
63229543,I2_2,20000,10609
842942227,I2_1,10000,5876
933877725,I2_1,10000,5408
237500545,I2_2,20000,14770
397314556,I2_1,10000,4820
538783393,I2_2,20000,15841
89213840,I2_1,10000,7943
367314469,I2_2,20000,17334
831755646,I2_1,10000,8399
280508366,I2_2,20000,11605
573647552,I2_1,10000,6456
120366315,I2_1,10000,5760
713767274,I2_2,20000,7459
118744722,I2_1,10000,4343
454483429,I2_2,20000,6126
372389665,I2_2,20000,5643
919753704,I2_2,20000,6981
818254244,I2_2,20000,8602
385923256,I2_1,10000,4802
44283524,I2_1,10000,3160
649237318,I2_2,20000,9564
240775128,I2_2,20000,5921
754004143,I2_2,20000,6446
225803500,I2_2,20000,8457
785396074,I2_1,10000,5276
405919383,I2_2,20000,8488
296867739,I2_1,10000,5896
665308090,I2_1,10000,4279
411315516,I2_2,20000,9987
101139057,I2_1,10000,5296
328445311,I2_2,20000,10552
376505499,I2_2,20000,11563
49796419,I2_2,20000,7474
999248308,I2_2,20000,7460
284971143,I2_1,10000,2533
193960289,I2_1,10000,2675
849312756,I2_1,10000,3669
556357958,I2_1,10000,2581
735495485,I2_1,10000,2558
424444319,I2_1,10000,2622
206010387,I2_1,10000,2534
779128836,I2_1,10000,2498
400286886,I2_1,10000,2863
573806995,I2_1,10000,2866
277315741,I2_1,10000,2994
242219549,I2_2,20000,4598
91369834,I2_1,10000,2885
815913656,I2_2,20000,6559
829209653,I2_2,20000,5586
811074493,I2_2,20000,5444
624795646,I2_2,20000,5445
742638141,I2_2,20000,6621
801316806,I2_2,20000,7579
955192730,I2_1,10000,4010
808538910,I2_1,10000,5031
957233104,I2_1,10000,4433
846358591,I2_2,20000,9433
267186000,I2_2,20000,6493
595902402,I2_1,10000,2709
135564666,I2_1,10000,2952
865629709,I2_1,10000,2435
128535814,I2_1,10000,2513
9355241,I2_2,20000,5186
579504608,I2_1,10000,2931
607313253,I2_1,10000,4048
457094546,I2_1,10000,2589
106110316,I2_1,10000,2959
585709319,I2_2,20000,4987
364041395,I2_2,20000,5998
181108923,I2_2,20000,5919
464942824,I2_2,20000,5939
568353165,I2_2,20000,4508
806267720,I2_1,10000,3966
463573138,I2_2,20000,5854
863998498,I2_2,20000,4482
866178861,I2_1,10000,2693
842301305,I2_1,10000,2678
746429065,I2_1,10000,2662
502288156,I2_2,20000,4933
462989250,I2_1,10000,4327
456982111,I2_2,20000,8230
85664972,I2_2,20000,8715
460144542,I2_1,10000,3856
38346706,I2_1,10000,3787
542777915,I2_1,10000,2415
83612278,I2_2,20000,4832
235894127,I2_1,10000,3509
457786483,I2_1,10000,3963
303266534,I2_1,10000,3397
356068645,I2_2,20000,7277
517718415,I2_1,10000,4957
161344164,I2_1,10000,4283
474243423,I2_2,20000,9903
398202929,I2_1,10000,5383
610022624,I2_2,20000,13579
932615679,I2_2,20000,13966
112302227,I2_2,20000,13398
801320288,I2_2,20000,15497
218858885,I2_1,10000,5360
774602864,I2_2,20000,9801
908374263,I2_2,20000,9715
708393754,I2_2,20000,11844
105798988,I2_2,20000,9151
574483753,I2_1,10000,4238
485632056,I2_2,20000,10817
568383608,I2_2,20000,8855
609117008,I2_1,10000,2920
808476181,I2_1,10000,4558
846504815,I2_2,20000,5064
360092152,I2_2,20000,5337
568333713,I2_1,10000,4298
180847447,I2_2,20000,4961
70066557,I2_2,20000,4748
410300671,I2_1,10000,2435
165385506,I2_2,20000,4885
601385295,I2_1,10000,5413
163452031,I2_1,10000,3967
910712243,I2_1,10000,3941
241177740,I2_2,20000,9739
240322750,I2_2,20000,4799
118618940,I2_1,10000,3239
2296249,I2_1,10000,4861
150288809,I2_2,20000,5039
128743952,I2_1,10000,3890
277311003,I2_1,10000,4379
676241056,I2_1,10000,2409
976186012,I2_2,20000,6825
986854385,I2_1,10000,4285
979200806,I2_1,10000,4823
493781729,I2_1,10000,4269
491819231,I2_1,10000,4736
564774054,I2_2,20000,10158
390137098,I2_1,10000,5356
49234875,I2_2,20000,11664
720135446,I2_2,20000,12710
257773795,I2_2,20000,12818
550420831,I2_2,20000,11672
166977974,I2_2,20000,7889
897177116,I2_1,10000,6327
781462591,I2_1,10000,2454
332783290,I2_1,10000,2525
327528414,I2_1,10000,2533
41704421,I2_1,10000,2765
68259982,I2_1,10000,3023
363162287,I2_2,20000,5149
125357483,I2_1,10000,4368
570947487,I2_1,10000,3257
965304610,I2_2,20000,8319
969874768,I2_2,20000,4566
865025134,I2_1,10000,2592
19844320,I2_1,10000,2557
648452031,I2_1,10000,2593
18153936,I2_1,10000,3697
311549749,I2_1,10000,2553
483516887,I2_1,10000,3624
74388309,I2_1,10000,3552
635365853,I2_1,10000,2504
888105440,I2_1,10000,3613
456860440,I2_1,10000,2696
254889610,I2_1,10000,2450
292445633,I2_1,10000,2455
763551424,I2_1,10000,3075
555700158,I2_2,20000,5248
451845842,I2_1,10000,4366
454815801,I2_2,20000,5551
255547368,I2_1,10000,5012
938264655,I2_1,10000,5571
678364888,I2_2,20000,8811
705660248,I2_1,10000,4893
762933458,I2_1,10000,5544
418242212,I2_2,20000,12064
386155289,I2_2,20000,14171
189636802,I2_2,20000,16348
626539199,I2_2,20000,16201
428571365,I2_2,20000,18448
9046273,I2_2,20000,18276
537318664,I2_2,20000,16659
6850401,I2_2,20000,18212
39177544,I2_2,20000,20921
130041150,I2_1,10000,9194
275738722,I2_1,10000,8526
799457370,I2_2,20000,18859
437859172,I2_1,10000,8740
520242624,I2_1,10000,10362
816513573,I2_1,10000,9231
439504369,I2_2,20000,20873
675121698,I2_2,20000,22039
620457052,I2_1,10000,12401
131917973,I2_1,10000,9670
212726172,I2_1,10000,10177
395278917,I2_1,10000,4335
642175097,I2_1,10000,4870
188881962,I2_2,20000,17108
791996730,I2_1,10000,5832
185168609,I2_2,20000,17455
121645578,I2_1,10000,7342
932955557,I2_2,20000,16935
504522566,I2_2,20000,17402
432571497,I2_2,20000,19474
791782011,I2_2,20000,19951
718817005,I2_2,20000,15191
951807534,I2_2,20000,11481
691313617,I2_1,10000,6870
588369046,I2_1,10000,4211
933482984,I2_2,20000,6592
743750048,I2_2,20000,6040
837769340,I2_2,20000,4703
172229996,I2_1,10000,3876
1484148,I2_1,10000,3935
806552238,I2_1,10000,3050
559246556,I2_1,10000,4417
80293609,I2_2,20000,4422
378336160,I2_1,10000,2608
892701547,I2_1,10000,3696
410799281,I2_1,10000,3278
13173028,I2_2,20000,4972
462320839,I2_2,20000,6045
395038526,I2_2,20000,8636
611272604,I2_2,20000,6546
692684176,I2_1,10000,4785
287760895,I2_1,10000,4199
643651713,I2_2,20000,9185
558802711,I2_1,10000,2951
770042576,I2_1,10000,2853
910277550,I2_2,20000,5561
451318947,I2_1,10000,3510
930949424,I2_1,10000,3986
798276923,I2_2,20000,4952
293629432,I2_1,10000,3777
361033698,I2_2,20000,7434
563039461,I2_2,20000,7374
427966629,I2_2,20000,8914
80179289,I2_2,20000,9922
123443477,I2_1,10000,4253
434667170,I2_2,20000,10025
138252078,I2_2,20000,5341
208014567,I2_1,10000,4169
216406776,I2_2,20000,8222
455015403,I2_2,20000,7557
858437334,I2_2,20000,4554
375241136,I2_2,20000,6028
61383065,I2_1,10000,3307
817132135,I2_2,20000,5278
379797771,I2_2,20000,4875
63303430,I2_1,10000,4322
274298067,I2_2,20000,8603
150824050,I2_2,20000,9070
19911389,I2_2,20000,7921
99606722,I2_1,10000,5191
511382668,I2_2,20000,9445
517692338,I2_1,10000,4107
822532755,I2_2,20000,12548
229753316,I2_1,10000,4617
497909738,I2_1,10000,2561
338471888,I2_2,20000,5486
701234809,I2_1,10000,3433
705717999,I2_2,20000,7787
18975819,I2_2,20000,7695
270183819,I2_1,10000,2639
61164840,I2_2,20000,5303
270319617,I2_2,20000,7079
886104477,I2_1,10000,4335
449369885,I2_1,10000,3595
973368747,I2_2,20000,10836
711534882,I2_1,10000,6021
350355165,I2_2,20000,6418
250625784,I2_1,10000,5004
265940699,I2_1,10000,4430
667829044,I2_2,20000,10149
498614027,I2_1,10000,4336
434893654,I2_1,10000,4857
247735423,I2_2,20000,13849
845008982,I2_1,10000,5385
198303560,I2_2,20000,13968
494807985,I2_2,20000,15970
66094119,I2_1,10000,5752
210745824,I2_2,20000,14393
922705819,I2_1,10000,5906
521378300,I2_2,20000,12693
226270154,I2_2,20000,14296
302865913,I2_2,20000,9096
125916586,I2_1,10000,6284
248425004,I2_2,20000,12160
806871812,I2_1,10000,3733
342794274,I2_2,20000,14667
220452538,I2_2,20000,16847
620105218,I2_2,20000,13566
269166624,I2_2,20000,15841
9830820,I2_2,20000,12683
712362620,I2_2,20000,9965
356687067,I2_2,20000,10095
418151398,I2_1,10000,6491
428291180,I2_1,10000,3721
998174169,I2_1,10000,4824
446239731,I2_1,10000,4719
852961954,I2_2,20000,12796
169244967,I2_2,20000,13746
303301993,I2_2,20000,15478
256083273,I2_2,20000,7859
241388951,I2_1,10000,5187
332509273,I2_2,20000,10590
284976213,I2_2,20000,7151
810242454,I2_1,10000,6033
288477919,I2_1,10000,5409
576102750,I2_2,20000,6203
617809359,I2_1,10000,3732
925775040,I2_2,20000,8577
279030545,I2_2,20000,9082
907770776,I2_2,20000,10632
450653962,I2_1,10000,5138
614806121,I2_2,20000,11584
34962801,I2_2,20000,12642
446886021,I2_2,20000,13092
451430238,I2_1,10000,5229
719305664,I2_2,20000,14647
968668555,I2_2,20000,12740
497438249,I2_1,10000,5319
815704911,I2_2,20000,15348
132744845,I2_2,20000,16245
804113031,I2_1,10000,5782
935799126,I2_2,20000,16788
323518638,I2_2,20000,18929
746505934,I2_2,20000,19440
21807606,I2_2,20000,21397
942373749,I2_2,20000,22127
217700930,I2_2,20000,22863
108030776,I2_2,20000,24010
191966125,I2_2,20000,25665
88287532,I2_1,10000,14668
153569190,I2_2,20000,25587
911153067,I2_2,20000,21392
569639944,I2_1,10000,11592
591118466,I2_1,10000,11536
1297702,I2_1,10000,10638
538943600,I2_1,10000,7927
560244651,I2_1,10000,6518
885355931,I2_2,20000,19052
726409889,I2_1,10000,7066
943250186,I2_1,10000,4348
289148005,I2_2,20000,7979
190474608,I2_1,10000,5176
324652039,I2_2,20000,9527
873824910,I2_2,20000,8997
559032233,I2_1,10000,4721
589211276,I2_1,10000,5265
220487023,I2_2,20000,6398
938002624,I2_2,20000,6305
910028343,I2_1,10000,4748
858526310,I2_1,10000,4261
237859293,I2_2,20000,7385
8576022,I2_1,10000,4772
728596549,I2_2,20000,5889
631419233,I2_1,10000,2894
844117465,I2_1,10000,3664
380660744,I2_2,20000,6292
582316667,I2_2,20000,4651
150817355,I2_2,20000,4603
565513534,I2_2,20000,4580
493807996,I2_1,10000,2599
474387310,I2_1,10000,3178
109174889,I2_2,20000,5368
337127821,I2_2,20000,5119
198730323,I2_2,20000,5641
27982943,I2_1,10000,5601
775074172,I2_1,10000,3907
684969088,I2_1,10000,3353
371491082,I2_1,10000,3777
590956017,I2_1,10000,4350
402458365,I2_2,20000,8283
366077203,I2_2,20000,5070
467613244,I2_2,20000,4992
821635965,I2_1,10000,2630
398386156,I2_2,20000,5551
473325990,I2_1,10000,4184
927028297,I2_2,20000,8215
609294136,I2_1,10000,3583
626510759,I2_1,10000,5150
473860659,I2_2,20000,12232
863197678,I2_1,10000,4826
812214804,I2_2,20000,12086
831217841,I2_2,20000,12229
293881626,I2_1,10000,4510
212152511,I2_2,20000,8031
918970021,I2_2,20000,4510
179739313,I2_1,10000,3958
224602546,I2_1,10000,4555
930859976,I2_2,20000,4719
559629240,I2_1,10000,5259
245070856,I2_1,10000,4514
868718842,I2_1,10000,4611
743635624,I2_1,10000,4012
569084602,I2_1,10000,2870
447528448,I2_1,10000,4157
933280803,I2_2,20000,5389
929394455,I2_2,20000,7455
875928453,I2_2,20000,5591
526988754,I2_2,20000,7065
277847199,I2_2,20000,4911
750289213,I2_1,10000,5337
472405679,I2_2,20000,7589
283090319,I2_2,20000,7559
603949477,I2_1,10000,2567
220797369,I2_1,10000,3210
199854407,I2_2,20000,4599
256847432,I2_2,20000,5391
552946860,I2_1,10000,5368
151398377,I2_2,20000,5780
784225861,I2_2,20000,4582
52847829,I2_1,10000,3987
399966070,I2_2,20000,4514
492049084,I2_2,20000,6586
945104753,I2_2,20000,5337
883514608,I2_1,10000,2805
250935310,I2_2,20000,7795
236623565,I2_2,20000,6327
498069385,I2_1,10000,4113
288318319,I2_1,10000,3410
577506350,I2_1,10000,2593
201575715,I2_2,20000,5164
304141542,I2_1,10000,3227
271644673,I2_2,20000,4604
363448095,I2_2,20000,5637
533064890,I2_2,20000,5709
202987058,I2_1,10000,4864
972061623,I2_2,20000,8454
31522460,I2_1,10000,5433
678750673,I2_1,10000,4826
135634681,I2_1,10000,5898
976946492,I2_1,10000,4908
414952648,I2_1,10000,5466
756154217,I2_1,10000,3747
190475229,I2_2,20000,15192
201744889,I2_2,20000,15079
507774770,I2_1,10000,2957
821320645,I2_2,20000,5204
595055108,I2_1,10000,4595
79784860,I2_1,10000,6392
785882621,I2_1,10000,5788
607672957,I2_2,20000,4674
345467901,I2_2,20000,5568
988293950,I2_2,20000,5440
696222627,I2_1,10000,2542
173500814,I2_2,20000,5516
504565345,I2_2,20000,4732
694841029,I2_1,10000,4145
492629236,I2_2,20000,7195
518539061,I2_2,20000,7664
68873130,I2_2,20000,9160
895856882,I2_1,10000,5182
419621199,I2_2,20000,12365
200112714,I2_1,10000,3771
81117045,I2_2,20000,12131
28660011,I2_1,10000,4220
491296543,I2_2,20000,13681
288928953,I2_2,20000,15813
898217960,I2_2,20000,14173
935653978,I2_2,20000,12695
515992878,I2_2,20000,14912
711956777,I2_1,10000,6204
800896880,I2_2,20000,11642
578106737,I2_1,10000,3199
77343667,I2_1,10000,4073
859602143,I2_2,20000,13623
224042129,I2_1,10000,3370
653949510,I2_2,20000,6236
434800942,I2_2,20000,6237
370152617,I2_1,10000,4432
869815937,I2_1,10000,3925
624208778,I2_1,10000,4960
525381971,I2_1,10000,3843
527734971,I2_2,20000,6653
85631079,I2_2,20000,7603
456984735,I2_1,10000,3009
639643278,I2_1,10000,4080
75301491,I2_2,20000,7216
370744730,I2_1,10000,5398
725909447,I2_2,20000,9340
822035237,I2_2,20000,9095
864485414,I2_1,10000,5743
915130399,I2_2,20000,6065
73300511,I2_1,10000,5044
409828388,I2_2,20000,5273
404255868,I2_1,10000,2701
679317045,I2_2,20000,4740
634875281,I2_2,20000,6538
741711257,I2_2,20000,8645
966847719,I2_1,10000,3049
184597034,I2_1,10000,2697
981603833,I2_1,10000,2674
339290331,I2_1,10000,2799
105871167,I2_2,20000,4618
772567029,I2_2,20000,6096
630940106,I2_2,20000,6596
315278889,I2_1,10000,4953
556676937,I2_1,10000,4084
624632542,I2_2,20000,11343
195139864,I2_1,10000,3677
781516588,I2_2,20000,10577
75083557,I2_2,20000,12072
749182074,I2_1,10000,4140
595593257,I2_2,20000,13259
191310907,I2_2,20000,8094
87887282,I2_1,10000,6518
678728674,I2_1,10000,6558
417367239,I2_1,10000,4518
608611326,I2_2,20000,5018
456448251,I2_2,20000,4600
634764383,I2_2,20000,4630
958837206,I2_2,20000,5391
562565438,I2_2,20000,5214
503681205,I2_2,20000,6674
323562115,I2_1,10000,4985
228743379,I2_1,10000,4363
562811231,I2_2,20000,8719
698667913,I2_2,20000,8473
687805701,I2_2,20000,10120
314586161,I2_2,20000,11026
768029762,I2_2,20000,11187
406852146,I2_2,20000,11653
195663477,I2_2,20000,10067
68388788,I2_1,10000,5351
378337029,I2_1,10000,5891
102985156,I2_1,10000,4210
609001054,I2_2,20000,13333
260028720,I2_1,10000,5264
684167725,I2_2,20000,9059
940831761,I2_2,20000,9953
463748734,I2_1,10000,5275
349082113,I2_2,20000,13102
402249924,I2_1,10000,3806
434058797,I2_2,20000,16368
918118607,I2_1,10000,4334
55794169,I2_1,10000,4967
491631521,I2_1,10000,6132
998878362,I2_1,10000,7161
339901537,I2_1,10000,5930
335106260,I2_1,10000,4213
454890226,I2_2,20000,8668
184864826,I2_2,20000,9670
213532542,I2_1,10000,5803
251721752,I2_1,10000,4130
399308747,I2_2,20000,12831
463573742,I2_2,20000,13961
606249847,I2_1,10000,3434
735991710,I2_1,10000,2564
174909722,I2_2,20000,4656
538800450,I2_1,10000,2981
813902623,I2_2,20000,5091
746069175,I2_2,20000,5621
419369655,I2_1,10000,5006
73148148,I2_1,10000,3677
7263539,I2_1,10000,4729
144869294,I2_2,20000,4583
19051137,I2_1,10000,3985
648592198,I2_1,10000,3917
634418807,I2_2,20000,9536
648846453,I2_1,10000,5523
283594496,I2_1,10000,5439
106217607,I2_1,10000,5295
618519275,I2_2,20000,8202
322324218,I2_1,10000,5516
572808262,I2_1,10000,3351
730720047,I2_1,10000,3442
506722681,I2_2,20000,5133
615578630,I2_2,20000,5419
590451752,I2_1,10000,4763
697876999,I2_2,20000,8899
118863440,I2_1,10000,3551
609333719,I2_1,10000,4087
227002099,I2_2,20000,7667
223609774,I2_1,10000,4214
992174831,I2_2,20000,8490
393058547,I2_2,20000,11120
512615653,I2_2,20000,7930
879700510,I2_1,10000,5279
783296122,I2_2,20000,7692
832480016,I2_1,10000,4524
675377170,I2_2,20000,4615
89305365,I2_1,10000,4064
135616954,I2_1,10000,2575
613276017,I2_1,10000,3698
876731294,I2_2,20000,4545
853460842,I2_2,20000,4748
267531968,I2_1,10000,2745
510753937,I2_1,10000,3361
261040132,I2_2,20000,4598
501404201,I2_1,10000,3076
252633344,I2_1,10000,4673
965883264,I2_2,20000,5167
990173411,I2_2,20000,7183
703570753,I2_1,10000,2686
686867857,I2_1,10000,3179
421598162,I2_1,10000,3086
297416251,I2_2,20000,4782
234808756,I2_2,20000,6775
303229613,I2_1,10000,2699
341192909,I2_1,10000,4061
636244881,I2_2,20000,6691
313684701,I2_1,10000,3800
794946688,I2_2,20000,6935
336058577,I2_2,20000,6789
929316172,I2_1,10000,6109
833850909,I2_1,10000,5567
484121663,I2_2,20000,6134
663207680,I2_1,10000,4391
451911672,I2_2,20000,5319
983336078,I2_2,20000,5237
966106351,I2_2,20000,5604
349964094,I2_1,10000,4938
678733458,I2_2,20000,7694
695865942,I2_1,10000,4112
284223629,I2_1,10000,5649
66058195,I2_2,20000,5133
837230782,I2_2,20000,7015
462184096,I2_1,10000,2641
675335892,I2_2,20000,4809
586095392,I2_2,20000,5863
815707825,I2_1,10000,4095
319314442,I2_1,10000,4015
563379590,I2_2,20000,9055
533146699,I2_1,10000,6123
978056192,I2_1,10000,7701
642391463,I2_1,10000,8268
52241323,I2_1,10000,8798
91213044,I2_2,20000,13679
23820152,I2_1,10000,6297
286132431,I2_1,10000,2534
861044262,I2_1,10000,2670
817822541,I2_1,10000,3322
986810793,I2_1,10000,2666
586350645,I2_1,10000,2619
120445044,I2_2,20000,5204
615838547,I2_2,20000,5428
300624468,I2_1,10000,5949
841229910,I2_2,20000,5603
872671321,I2_1,10000,3832
655872821,I2_2,20000,7102
899494088,I2_1,10000,2754
905892423,I2_1,10000,2790
709834024,I2_1,10000,3084
118861981,I2_2,20000,4654
762186781,I2_1,10000,3151
576709455,I2_1,10000,3533
950279794,I2_1,10000,4185
778780768,I2_2,20000,6553
708915060,I2_1,10000,3028
24086939,I2_2,20000,5213
527219137,I2_2,20000,7386
539531967,I2_2,20000,4937
623647521,I2_1,10000,3163
989992528,I2_2,20000,4833
70449061,I2_1,10000,4242
721929079,I2_1,10000,3811
307896456,I2_2,20000,4744
492864917,I2_1,10000,2969
442699703,I2_2,20000,4892
876338646,I2_2,20000,5542
436184774,I2_1,10000,2744
362847031,I2_1,10000,2749
42969131,I2_2,20000,5766
412102005,I2_1,10000,3556
736581860,I2_2,20000,6978
28352041,I2_2,20000,4765
300985385,I2_2,20000,5901
344479523,I2_1,10000,4070
167756852,I2_2,20000,6029
55322069,I2_2,20000,5752
726875986,I2_1,10000,4305
621799826,I2_1,10000,4110
870789328,I2_2,20000,7417
339807614,I2_2,20000,8097
657209808,I2_1,10000,5293
448362246,I2_2,20000,7017
758405869,I2_1,10000,5594
316134876,I2_1,10000,4332
794116121,I2_1,10000,4439
762764565,I2_1,10000,3886
574123960,I2_2,20000,7333
38755643,I2_2,20000,6138
177015970,I2_1,10000,3936
728046,I2_2,20000,4852
694018930,I2_1,10000,3231
254603011,I2_1,10000,4346
38151976,I2_1,10000,3031
624894419,I2_2,20000,4744
288162264,I2_1,10000,3148
131514572,I2_2,20000,5413
82837180,I2_1,10000,3911
616980901,I2_2,20000,6330
533961005,I2_1,10000,3094
931647716,I2_1,10000,4142
637305049,I2_1,10000,3589
818050536,I2_2,20000,8584
291628555,I2_2,20000,10582
76190147,I2_1,10000,2744
26496257,I2_2,20000,5135
746435240,I2_2,20000,5101
929278261,I2_1,10000,4423
996327580,I2_1,10000,5042
655505101,I2_1,10000,6198
597410907,I2_1,10000,2702
951081226,I2_1,10000,2678
191387160,I2_2,20000,5113
823643005,I2_1,10000,3664
486542231,I2_2,20000,5165
680266911,I2_1,10000,3461
122148790,I2_1,10000,3723
588385172,I2_2,20000,6307
802213915,I2_1,10000,2883
236357667,I2_2,20000,4807
630764242,I2_2,20000,5554
191660049,I2_2,20000,4779
725105576,I2_1,10000,2731
500461635,I2_1,10000,3455
113220691,I2_2,20000,5581
7698581,I2_2,20000,8930
214389422,I2_2,20000,6853
343154660,I2_1,10000,4992
86955805,I2_1,10000,4422
604757872,I2_2,20000,9686
183581249,I2_1,10000,5929
167070029,I2_1,10000,5539
364494182,I2_2,20000,13466
46230039,I2_2,20000,13566
976994257,I2_1,10000,5413
185667628,I2_2,20000,6499
987229101,I2_1,10000,5369
761411303,I2_1,10000,4880
995627105,I2_2,20000,8120
179732126,I2_2,20000,5727
700196373,I2_1,10000,5086
126988502,I2_2,20000,4718
56764797,I2_1,10000,3208
440339357,I2_1,10000,2701
362185680,I2_1,10000,2726
951721933,I2_1,10000,2639
48707452,I2_2,20000,4869
659352145,I2_2,20000,5573
569186542,I2_2,20000,4664
545143388,I2_1,10000,3630
27112617,I2_2,20000,6202
883360082,I2_2,20000,5431
593223961,I2_1,10000,2646
404912305,I2_1,10000,2674
993009634,I2_1,10000,2674
568916453,I2_2,20000,4682
84088377,I2_1,10000,5236
645111951,I2_1,10000,4064
28765760,I2_1,10000,2696
17568255,I2_2,20000,4690
114634474,I2_1,10000,2666
947417491,I2_2,20000,5443
93509873,I2_1,10000,3738
961669188,I2_1,10000,3596
814811731,I2_1,10000,4862
359194788,I2_1,10000,3642
946570355,I2_2,20000,5698
358889714,I2_1,10000,4906
678714132,I2_1,10000,4973
226899125,I2_2,20000,8015
845175561,I2_1,10000,4260
720559738,I2_2,20000,4622
85316213,I2_2,20000,4823
36224886,I2_1,10000,2707
851621777,I2_2,20000,7140
630726504,I2_1,10000,4385
918360928,I2_1,10000,4998
528398984,I2_2,20000,9124
212267725,I2_1,10000,4922
406688675,I2_1,10000,5378
933453648,I2_2,20000,9918
979375732,I2_1,10000,5136
99791483,I2_1,10000,2946
41990881,I2_2,20000,4687
832912387,I2_1,10000,3473
852448854,I2_2,20000,6541
891060545,I2_1,10000,3484
857680495,I2_2,20000,6329
100282654,I2_1,10000,5104
831275302,I2_2,20000,7570
608438600,I2_1,10000,4353
394291596,I2_2,20000,4701
455279910,I2_1,10000,4194
972226550,I2_2,20000,5396
10415327,I2_2,20000,5066
197245051,I2_1,10000,2728
194977531,I2_1,10000,2609
520518725,I2_1,10000,2689
689192302,I2_1,10000,3111
992431305,I2_2,20000,5850
654828581,I2_2,20000,5232
569323433,I2_1,10000,4640
253996477,I2_1,10000,5148
36459426,I2_1,10000,5475
681834483,I2_2,20000,8586
256002885,I2_2,20000,10547
959144223,I2_1,10000,4840
15190289,I2_2,20000,4680
314484299,I2_1,10000,4140
214146319,I2_1,10000,2669
251404429,I2_1,10000,3142
786487641,I2_2,20000,4751
688438744,I2_2,20000,6471
714990070,I2_1,10000,3285
203956930,I2_1,10000,4216
179863370,I2_2,20000,6485
408746805,I2_1,10000,4595
128122322,I2_2,20000,9680
323899156,I2_1,10000,3904
596612330,I2_2,20000,5084
794406845,I2_2,20000,5954
165031979,I2_2,20000,8375
978888820,I2_1,10000,3077
262090328,I2_1,10000,3645
696979767,I2_2,20000,5757
30647524,I2_2,20000,6216
816005680,I2_2,20000,6091
149368310,I2_1,10000,5016
113116052,I2_2,20000,6998
765182946,I2_2,20000,5893
837264911,I2_1,10000,3353
649859078,I2_2,20000,6054
367801450,I2_2,20000,5633
262842576,I2_1,10000,4946
143583242,I2_1,10000,5084
309069045,I2_2,20000,9660
954685346,I2_1,10000,4173
445770710,I2_1,10000,4674
512787555,I2_2,20000,4789
338920284,I2_2,20000,5772
398092320,I2_2,20000,5356
237924465,I2_2,20000,5277
334523860,I2_1,10000,3616
920377159,I2_1,10000,3495
280322631,I2_2,20000,6342
366352011,I2_1,10000,3680
448663418,I2_1,10000,4195
140809697,I2_1,10000,5336
881109988,I2_1,10000,4337
746691548,I2_2,20000,5713
938080990,I2_2,20000,4852
842761288,I2_1,10000,2654
823966543,I2_2,20000,6071
716084300,I2_2,20000,4619
742664296,I2_1,10000,3909
572848894,I2_2,20000,5519
542459511,I2_2,20000,6521
608457656,I2_2,20000,7571
411849922,I2_2,20000,9076
414662121,I2_2,20000,10675
14146369,I2_1,10000,4844
332924892,I2_1,10000,4402
46995446,I2_2,20000,12326
935607218,I2_2,20000,10427
755598630,I2_1,10000,5324
419120194,I2_2,20000,11878
339682702,I2_2,20000,10949
857170465,I2_2,20000,10230
483544335,I2_1,10000,2907
855101256,I2_1,10000,2975
611929123,I2_1,10000,2844
285438055,I2_2,20000,5823
622350745,I2_1,10000,6188
248317750,I2_2,20000,5764
378795046,I2_2,20000,8110
366897658,I2_2,20000,4828
739298820,I2_1,10000,4099
459105225,I2_1,10000,4658
881078967,I2_2,20000,5103
985025317,I2_2,20000,4987
920433300,I2_1,10000,3488
553841778,I2_1,10000,2878
255493285,I2_1,10000,3641
717541353,I2_2,20000,4858
241823320,I2_1,10000,3510
437720674,I2_1,10000,2970
510593500,I2_1,10000,3037
579629357,I2_2,20000,4723
365759945,I2_2,20000,4667
319702273,I2_2,20000,5191
612067256,I2_1,10000,4598
153616374,I2_2,20000,6530
828158925,I2_2,20000,7654
694612375,I2_2,20000,9135
21603164,I2_1,10000,4349
273044977,I2_2,20000,10608
437916044,I2_2,20000,9433
599897338,I2_2,20000,7196
31269519,I2_2,20000,5161
582371213,I2_1,10000,2747
60198155,I2_1,10000,2963
396988226,I2_2,20000,5776
546997464,I2_2,20000,4838
721266825,I2_1,10000,5367
298809031,I2_1,10000,5273
570549176,I2_2,20000,5731
576804672,I2_2,20000,4648
980331681,I2_2,20000,7894
893366634,I2_2,20000,8211
587002866,I2_2,20000,9332
813755883,I2_1,10000,4457
289043564,I2_2,20000,10795
627022038,I2_1,10000,3414
574640100,I2_1,10000,3920
370892717,I2_1,10000,4388
427862142,I2_2,20000,14784
376900463,I2_1,10000,5114
892684073,I2_1,10000,5050
300064811,I2_1,10000,6174
840303429,I2_1,10000,4990
238240751,I2_1,10000,4447
986681163,I2_2,20000,10628
563817141,I2_2,20000,11163
820692902,I2_2,20000,4625
388354175,I2_1,10000,4037
822569651,I2_2,20000,7735
620868819,I2_1,10000,2660
360240835,I2_1,10000,2560
882714692,I2_1,10000,2586
511708613,I2_1,10000,2675
713526344,I2_2,20000,5170
455522014,I2_2,20000,4674
960145171,I2_2,20000,4650
828726213,I2_2,20000,4809
608598245,I2_1,10000,5173
675451605,I2_2,20000,5427
385320399,I2_2,20000,6879
300706101,I2_2,20000,6339
468292575,I2_1,10000,4588
442771508,I2_1,10000,6262
586471840,I2_1,10000,6805
587991731,I2_2,20000,5033
43542250,I2_1,10000,3389
779214548,I2_1,10000,2606
195291811,I2_2,20000,5371
704009696,I2_1,10000,2973
958337680,I2_1,10000,3060
38932716,I2_1,10000,3115
711258283,I2_2,20000,4581
682920693,I2_1,10000,3905
737872038,I2_2,20000,4605
671422526,I2_1,10000,5180
320896664,I2_1,10000,3285
308127761,I2_2,20000,6191
17381452,I2_1,10000,3407
20017679,I2_1,10000,3074
892747578,I2_2,20000,5547
381891838,I2_1,10000,3236
709644665,I2_1,10000,4335
526018416,I2_1,10000,3315
300787058,I2_1,10000,3647
374047612,I2_1,10000,2635
600674437,I2_2,20000,5145
314172866,I2_1,10000,2856
568877525,I2_1,10000,2677
145032645,I2_2,20000,4690
335103336,I2_1,10000,2736
41238184,I2_1,10000,2710
202811578,I2_1,10000,2868
978018326,I2_2,20000,5366
344985986,I2_2,20000,5329
734471180,I2_1,10000,3638
87228854,I2_2,20000,5688
270681443,I2_2,20000,7649
238495874,I2_2,20000,5612
386011802,I2_2,20000,5392
544442144,I2_1,10000,3649
809744517,I2_2,20000,4645
43880194,I2_1,10000,4020
591673718,I2_2,20000,5626
82823486,I2_1,10000,5456
702113262,I2_1,10000,3512
771955355,I2_2,20000,8651
963336009,I2_2,20000,8576
916042852,I2_1,10000,4835
228437213,I2_1,10000,5467
557490887,I2_2,20000,12274
663112985,I2_1,10000,5138
211645211,I2_2,20000,12642
279853165,I2_2,20000,9374
77442324,I2_1,10000,4410
869124624,I2_2,20000,10776
61669893,I2_2,20000,8421
101840125,I2_2,20000,9203
585787378,I2_2,20000,10478
523104431,I2_1,10000,4085
678632104,I2_1,10000,3953
406438191,I2_2,20000,5047
353516468,I2_1,10000,5585
879098938,I2_1,10000,2954
182404823,I2_1,10000,2654
997306454,I2_2,20000,4953
330054426,I2_1,10000,5013
57976791,I2_1,10000,6072
697183867,I2_1,10000,2631
603370354,I2_1,10000,2693
706102341,I2_1,10000,3806
826597002,I2_2,20000,4699
518672816,I2_2,20000,6160
945694734,I2_2,20000,8292
457383167,I2_1,10000,5548
794185767,I2_2,20000,10968
842869790,I2_1,10000,4291
261438907,I2_1,10000,5929
255506137,I2_2,20000,14728
728714391,I2_1,10000,3846
592589381,I2_2,20000,12768
843807884,I2_2,20000,13173
364323492,I2_1,10000,5725
803300100,I2_2,20000,5965
678043973,I2_2,20000,6311
170515958,I2_2,20000,4779
371883228,I2_2,20000,6760
819250632,I2_2,20000,7574
962513073,I2_2,20000,9791
524729101,I2_2,20000,9861
573530342,I2_2,20000,9753
605449841,I2_1,10000,5763
698437261,I2_1,10000,5467
152643192,I2_2,20000,9733
139008105,I2_2,20000,4639
725484311,I2_2,20000,4650
852059735,I2_2,20000,5575
365768705,I2_2,20000,4664
79496801,I2_2,20000,4575
113290373,I2_1,10000,3010
745001100,I2_2,20000,5343
406485693,I2_2,20000,4971
361966786,I2_2,20000,5591
474038710,I2_1,10000,5191
900119099,I2_2,20000,5107
174667071,I2_1,10000,5082
743488292,I2_1,10000,5386
565636142,I2_1,10000,3240
570782925,I2_2,20000,10453
945437809,I2_2,20000,9130
415046288,I2_1,10000,5395
127952863,I2_2,20000,10953
763403627,I2_2,20000,8276
573758391,I2_2,20000,7470
346992367,I2_1,10000,5530
192466689,I2_1,10000,4836
956634613,I2_1,10000,3839
154472046,I2_2,20000,8745
645495860,I2_2,20000,8631
386810528,I2_1,10000,7009
458123677,I2_1,10000,4820
902792093,I2_2,20000,11175
918073150,I2_2,20000,12310
255915771,I2_1,10000,6319
684271983,I2_2,20000,12207
912671636,I2_2,20000,12661
583285087,I2_2,20000,9255
735351599,I2_1,10000,6990
781623433,I2_1,10000,5369
814933077,I2_2,20000,8867
461209843,I2_1,10000,4626
25240869,I2_2,20000,12504
105425874,I2_2,20000,11796
448145632,I2_2,20000,12755
574760702,I2_1,10000,4368
139697848,I2_2,20000,5316
930581130,I2_2,20000,5554
933740126,I2_1,10000,4971
326613973,I2_2,20000,4500
650864759,I2_1,10000,2503
698740660,I2_1,10000,2592
750405068,I2_1,10000,2587
264001523,I2_1,10000,4182
295515115,I2_1,10000,3587
422508365,I2_2,20000,5051
260198761,I2_1,10000,3667
798749398,I2_2,20000,7118
180626339,I2_2,20000,6044
531491209,I2_2,20000,6054
351320446,I2_1,10000,5404
781805721,I2_2,20000,8616
463944055,I2_1,10000,3208
178651340,I2_2,20000,5002
803259833,I2_2,20000,4538
485758864,I2_1,10000,5063
956217823,I2_1,10000,3913
799153622,I2_1,10000,4923
715265373,I2_1,10000,4921
771010279,I2_2,20000,9199
713543652,I2_2,20000,10343
363676539,I2_1,10000,4681
303316221,I2_2,20000,11196
890949461,I2_1,10000,3754
238149051,I2_2,20000,11646
273429504,I2_1,10000,3754
761163111,I2_2,20000,11587
343479993,I2_1,10000,5312
832034197,I2_2,20000,9796
307503206,I2_1,10000,2959
354142665,I2_1,10000,3620
567329396,I2_2,20000,5714
464154341,I2_2,20000,4567
898482334,I2_1,10000,5106
762676925,I2_2,20000,5503
682745802,I2_1,10000,3818
343342275,I2_1,10000,2515
705291500,I2_1,10000,2558
31818142,I2_1,10000,3632
346243767,I2_1,10000,2982
140238689,I2_2,20000,6118
754543026,I2_2,20000,5298
86242068,I2_2,20000,7447
294940349,I2_1,10000,5383
47440589,I2_2,20000,7976
290158678,I2_2,20000,7955
753608372,I2_1,10000,5353
164127066,I2_2,20000,7261
566638154,I2_2,20000,8150
917804660,I2_2,20000,10231
460995262,I2_2,20000,10045
458677389,I2_2,20000,9204
482641059,I2_2,20000,4566
934294890,I2_1,10000,6063
98506593,I2_1,10000,4381
181730610,I2_2,20000,9273
88547271,I2_1,10000,3754
104623675,I2_2,20000,10177
208137468,I2_1,10000,3686
122687,I2_2,20000,13823
431968425,I2_2,20000,15401
458009978,I2_2,20000,13331
36786485,I2_1,10000,4935
65121343,I2_2,20000,4534
556775538,I2_2,20000,6529
639231438,I2_1,10000,3821
693760024,I2_1,10000,3239
870039668,I2_1,10000,2563
536491295,I2_1,10000,3008
888077098,I2_2,20000,4619
472957297,I2_1,10000,3417
947245637,I2_1,10000,5208
878755051,I2_2,20000,7803
306544544,I2_2,20000,5657
743996299,I2_1,10000,4313
895294878,I2_2,20000,7572
51022140,I2_1,10000,3827
229416839,I2_2,20000,9548
391130305,I2_2,20000,10900
776759986,I2_2,20000,8474
253209640,I2_1,10000,4775
823903927,I2_1,10000,3050
626992554,I2_2,20000,12149
381598146,I2_2,20000,14266
526834122,I2_1,10000,5337
858026793,I2_2,20000,13700
498304525,I2_2,20000,12719
480258299,I2_1,10000,4258
502383546,I2_2,20000,12639
541313197,I2_1,10000,5879
970457293,I2_1,10000,4159
112860431,I2_2,20000,12138
392794020,I2_1,10000,3804
596215347,I2_1,10000,4713
918071172,I2_1,10000,4359
481270982,I2_2,20000,8032
557238027,I2_1,10000,4933
56047867,I2_2,20000,5769
17466196,I2_1,10000,4014
369401898,I2_1,10000,5029
352434845,I2_1,10000,3036
442509803,I2_2,20000,4989
578142776,I2_2,20000,6603
477379718,I2_2,20000,7614
770521015,I2_1,10000,3235
762372201,I2_1,10000,4779
502918908,I2_2,20000,4876
63083227,I2_1,10000,2519
628583782,I2_2,20000,4734
553060386,I2_2,20000,4705
901417973,I2_2,20000,4983
263483408,I2_1,10000,5553
313793147,I2_1,10000,5930
856105289,I2_1,10000,6505
510775450,I2_2,20000,10263
513844874,I2_1,10000,4137
487202842,I2_2,20000,11681
137727023,I2_2,20000,13789
340783416,I2_2,20000,5265
763558558,I2_1,10000,3765
305374805,I2_1,10000,2943
966570588,I2_2,20000,6681
447906462,I2_1,10000,2516
572311761,I2_1,10000,2521
121211487,I2_2,20000,4508
762107183,I2_1,10000,2890
315803308,I2_1,10000,2990
258122072,I2_1,10000,4498
207594417,I2_2,20000,6210
500326056,I2_2,20000,8327
421902910,I2_1,10000,3348
976141660,I2_1,10000,4870
697557484,I2_2,20000,6360
962032926,I2_2,20000,6679
901516882,I2_2,20000,7566
156836565,I2_1,10000,4571
941675690,I2_2,20000,5635
227571184,I2_1,10000,2943
426354309,I2_1,10000,2576
216026301,I2_1,10000,2981
840209593,I2_2,20000,4562
423356369,I2_1,10000,5072
502423301,I2_1,10000,5019
156894535,I2_1,10000,3517
558447211,I2_1,10000,2657
158557757,I2_1,10000,3874
859725692,I2_1,10000,2580
558048036,I2_2,20000,5878
922190691,I2_1,10000,4177
954680547,I2_1,10000,4649
427374273,I2_1,10000,5787
390285324,I2_1,10000,6870
789869506,I2_1,10000,5515
992839031,I2_1,10000,4954
667097424,I2_1,10000,5744
662353450,I2_1,10000,5103
629927758,I2_1,10000,2564
680173045,I2_1,10000,2790
794414807,I2_2,20000,4628
19167990,I2_2,20000,4683
876368661,I2_1,10000,3946
401499076,I2_2,20000,6584
567065521,I2_1,10000,3716
381411512,I2_1,10000,5665
777611007,I2_2,20000,7992
389596220,I2_1,10000,5167
667506727,I2_1,10000,6196
157591337,I2_1,10000,7377
463382770,I2_1,10000,6287
779305065,I2_2,20000,12866
335420109,I2_1,10000,6643
342586975,I2_1,10000,6233
35122180,I2_1,10000,6667
333882614,I2_2,20000,17105
859764295,I2_1,10000,8250
729913270,I2_2,20000,15330
539042942,I2_2,20000,12121
744696183,I2_2,20000,8562
905153118,I2_1,10000,4357
216636678,I2_1,10000,4496
666670483,I2_1,10000,2592
281090593,I2_1,10000,4276
888673680,I2_1,10000,3341
284182795,I2_1,10000,2830
108165598,I2_1,10000,3407
520090392,I2_2,20000,5118
610464054,I2_2,20000,6060
51234985,I2_1,10000,5342
178762496,I2_2,20000,8516
77227222,I2_1,10000,4167
8100546,I2_2,20000,8762
484669688,I2_1,10000,4142
372510047,I2_1,10000,3537
759282058,I2_1,10000,3647
37254838,I2_1,10000,2571
678739361,I2_2,20000,4641
785036811,I2_1,10000,4010
254816292,I2_1,10000,2876
945597781,I2_1,10000,3715
677428551,I2_2,20000,6257
625485166,I2_1,10000,2726
256730423,I2_2,20000,5376
501360100,I2_1,10000,3851
101894670,I2_2,20000,6544
370927430,I2_2,20000,6510
486107330,I2_2,20000,7480
552165229,I2_2,20000,8382
33812301,I2_2,20000,9710
545274830,I2_2,20000,12473
101987010,I2_1,10000,3421
815792612,I2_2,20000,5524
797349235,I2_2,20000,6471
453283133,I2_1,10000,4782
797536727,I2_1,10000,4295
609225955,I2_1,10000,5266
651574853,I2_2,20000,11176
358290272,I2_1,10000,6830
30635480,I2_1,10000,4290
122534716,I2_2,20000,13771
18280864,I2_2,20000,12593
659584508,I2_2,20000,13788
693800141,I2_2,20000,7374
291065438,I2_1,10000,2749
808010439,I2_2,20000,4905
937586165,I2_2,20000,5681
775589395,I2_2,20000,7723
79340781,I2_1,10000,3805
397987335,I2_2,20000,8446
881656164,I2_1,10000,4414
357615406,I2_1,10000,4935
732112255,I2_1,10000,5238
253767644,I2_2,20000,12379
219672024,I2_2,20000,10210
106618093,I2_1,10000,4785
646969116,I2_1,10000,4412
34452655,I2_2,20000,4544
628795259,I2_1,10000,2640
888058749,I2_1,10000,3739
351246445,I2_1,10000,2639
581283966,I2_1,10000,2996
311759654,I2_2,20000,4666
727180539,I2_2,20000,5559
665486515,I2_2,20000,4713
707613138,I2_1,10000,5274
788032472,I2_1,10000,5201
626204617,I2_1,10000,3237
792586650,I2_2,20000,4578
498478884,I2_2,20000,4736
880591807,I2_1,10000,4427
688904402,I2_2,20000,6368
474160945,I2_1,10000,5747
858230055,I2_1,10000,4491
684412245,I2_1,10000,5675
57268008,I2_1,10000,5393
313245913,I2_1,10000,5774
752133181,I2_1,10000,5518
192487457,I2_2,20000,7255
78615099,I2_1,10000,2872
774898361,I2_1,10000,3043
959898883,I2_1,10000,3682
910866609,I2_2,20000,5038
424342474,I2_1,10000,2595
85482917,I2_2,20000,4622
623894583,I2_2,20000,6676
540719660,I2_1,10000,3703
794345978,I2_1,10000,3498
359652483,I2_2,20000,7908
532633514,I2_1,10000,2968
417960211,I2_1,10000,3655
130798558,I2_1,10000,3698
636860451,I2_2,20000,4872
221449072,I2_1,10000,3558
699700075,I2_2,20000,6384
962500000,I2_1,10000,3046
195361806,I2_1,10000,3601
441807875,I2_1,10000,2566
460245446,I2_1,10000,2692
808109223,I2_2,20000,5341
390228547,I2_1,10000,3693
29544256,I2_2,20000,6987
948055192,I2_1,10000,4816
300355276,I2_1,10000,4369
221096966,I2_2,20000,8824
845402887,I2_1,10000,5979
452980342,I2_1,10000,6524
22182870,I2_1,10000,4993
258166274,I2_1,10000,4920
616597740,I2_1,10000,4443
34077420,I2_2,20000,15438
653243488,I2_1,10000,5633
929255333,I2_1,10000,4446
759074150,I2_2,20000,14994
259239508,I2_1,10000,6635
981343924,I2_2,20000,14895
873161876,I2_1,10000,5596
541892204,I2_2,20000,13721
874681684,I2_1,10000,4466
620445780,I2_2,20000,16932
408695813,I2_1,10000,6478
238615344,I2_2,20000,19012
774796509,I2_1,10000,6414
440990161,I2_2,20000,17310
373593445,I2_2,20000,18667
966662571,I2_1,10000,8928
534252665,I2_2,20000,18606
69896270,I2_1,10000,6453
208591557,I2_2,20000,11639
750990990,I2_2,20000,6519
882206752,I2_1,10000,4918
793355123,I2_1,10000,2890
975967176,I2_1,10000,3354
823864919,I2_1,10000,4384
740042410,I2_2,20000,4585
515558663,I2_1,10000,4076
81636849,I2_2,20000,5172
686694427,I2_1,10000,4960
920532043,I2_1,10000,3728
756365746,I2_2,20000,7834
964408789,I2_1,10000,6054
897933019,I2_1,10000,3616
338661106,I2_2,20000,7264
528185912,I2_1,10000,5523
776778598,I2_1,10000,3702
372664103,I2_2,20000,10010
295079856,I2_2,20000,9379
726400871,I2_1,10000,4090
741577714,I2_1,10000,4507
632953316,I2_2,20000,5574
538029132,I2_1,10000,3097
933669201,I2_1,10000,4875
584807785,I2_2,20000,4705
379149725,I2_2,20000,4849
736418987,I2_1,10000,3803
909737018,I2_2,20000,6154
571442851,I2_1,10000,3852
333529285,I2_2,20000,9424
479006989,I2_2,20000,4545
38654331,I2_1,10000,4906
328571658,I2_1,10000,2583
726953102,I2_1,10000,2595
451502124,I2_2,20000,5039
112709907,I2_1,10000,2712
966337178,I2_1,10000,2664
384629442,I2_1,10000,4476
254030731,I2_1,10000,3833
624931471,I2_2,20000,4621
846251868,I2_1,10000,5233
644844704,I2_1,10000,2883
877515499,I2_2,20000,5122
28539117,I2_1,10000,4385
649127862,I2_2,20000,7700
19101364,I2_2,20000,4896
200614895,I2_1,10000,4359
206038890,I2_2,20000,8019
802787889,I2_2,20000,5942
38271310,I2_1,10000,5310
718723495,I2_1,10000,6885
384083096,I2_1,10000,7406
185088558,I2_2,20000,4890
654342272,I2_2,20000,5532
787878829,I2_1,10000,4945
965038445,I2_1,10000,3767
61015537,I2_2,20000,8537
95174866,I2_1,10000,3148
152073168,I2_1,10000,2555
699248297,I2_2,20000,5510
167409886,I2_1,10000,3905
237913429,I2_1,10000,4335
701195866,I2_1,10000,4978
974168284,I2_1,10000,5623
600276807,I2_2,20000,4549
728488392,I2_2,20000,5368
604536706,I2_2,20000,5418
959960394,I2_1,10000,3926
353965786,I2_2,20000,6106
265798347,I2_2,20000,5993
392975483,I2_2,20000,5476
806666004,I2_2,20000,6460
591376976,I2_1,10000,2929
15014356,I2_2,20000,4588
384997815,I2_2,20000,5084
555981826,I2_1,10000,3793
488889089,I2_1,10000,2504
347376370,I2_2,20000,5480
395235267,I2_1,10000,3524
447998845,I2_2,20000,6742
569095132,I2_2,20000,5668
6382056,I2_1,10000,4938
92470047,I2_1,10000,6116
197846453,I2_1,10000,3558
138242575,I2_2,20000,4616
328795513,I2_1,10000,3056
200907320,I2_2,20000,5081
456719645,I2_2,20000,5197
588092939,I2_1,10000,4613
82547933,I2_2,20000,4848
442579202,I2_1,10000,3029
961337388,I2_2,20000,5658
276092204,I2_1,10000,5522
60420183,I2_2,20000,7131
47176178,I2_1,10000,3710
373737486,I2_1,10000,4231
694505690,I2_2,20000,9919
670490179,I2_2,20000,10015
521146122,I2_2,20000,6829
254762801,I2_1,10000,6234
265032863,I2_1,10000,6699
787431020,I2_2,20000,10530
837398612,I2_1,10000,5519
231301014,I2_2,20000,8692
517857116,I2_1,10000,3896
719140933,I2_1,10000,4823
630567015,I2_2,20000,14062
511235976,I2_1,10000,5417
286071638,I2_1,10000,5735
962435212,I2_1,10000,6299
838899855,I2_1,10000,6335
574272559,I2_2,20000,9584
868349169,I2_2,20000,8866
680085557,I2_2,20000,6283
605198976,I2_1,10000,2603
896395010,I2_1,10000,3814
274271947,I2_2,20000,6319
408875171,I2_1,10000,4422
414224434,I2_1,10000,5507
534445922,I2_1,10000,4273
784965302,I2_2,20000,8711
524076613,I2_1,10000,5992
800158504,I2_1,10000,6432
252766792,I2_2,20000,11258
618254665,I2_1,10000,3733
654343193,I2_1,10000,3792
219240440,I2_2,20000,12124
347881680,I2_2,20000,9074
324870913,I2_1,10000,4771
998082944,I2_1,10000,5249
81435335,I2_2,20000,6237
625933748,I2_1,10000,4679
623091831,I2_2,20000,9349
997644947,I2_2,20000,10640
710871121,I2_1,10000,5343
311419291,I2_2,20000,12362
787732802,I2_1,10000,4457
712280321,I2_1,10000,5049
262209879,I2_2,20000,5591
555121355,I2_1,10000,2853
714738715,I2_1,10000,3021
159913706,I2_1,10000,2524
466971388,I2_1,10000,2978
331561981,I2_1,10000,3450
112066196,I2_1,10000,3822
766811974,I2_2,20000,4937
335473872,I2_2,20000,6071
687741267,I2_2,20000,5033
480561164,I2_1,10000,5575
903942528,I2_2,20000,8173
945121803,I2_1,10000,4674
229553560,I2_2,20000,9635
134780277,I2_1,10000,4705
371528540,I2_2,20000,10004
230862720,I2_1,10000,4740
51086291,I2_1,10000,4301
238668454,I2_2,20000,8000
995039551,I2_1,10000,4895
633087283,I2_2,20000,10723
571786872,I2_2,20000,8586
443837623,I2_2,20000,8555
770323094,I2_1,10000,5739
368503287,I2_1,10000,5302
181374020,I2_2,20000,10904
578682849,I2_2,20000,12014
802401280,I2_2,20000,4744
487760053,I2_2,20000,6876
644440914,I2_1,10000,3789
843491188,I2_2,20000,4966
504412642,I2_2,20000,6987
54531872,I2_1,10000,2662
406018260,I2_2,20000,8284
194511543,I2_2,20000,4698
327787316,I2_2,20000,6750
462950299,I2_1,10000,2590
293169053,I2_1,10000,2836
738363020,I2_1,10000,2950
887602736,I2_2,20000,4998
993857456,I2_1,10000,4358
645194828,I2_1,10000,2484
259628582,I2_1,10000,2644
264006995,I2_1,10000,2582
734087914,I2_1,10000,2688
622444609,I2_2,20000,4978
161342132,I2_1,10000,3421
913296365,I2_2,20000,6142
811804855,I2_1,10000,3766
921908008,I2_2,20000,8013
647308660,I2_1,10000,3736
464310203,I2_2,20000,10112
239924974,I2_2,20000,11682
569610750,I2_1,10000,5316
41323617,I2_2,20000,11722
552423523,I2_2,20000,13888
643478296,I2_1,10000,5391
471540476,I2_2,20000,14848
21467121,I2_2,20000,14639
188600150,I2_2,20000,15616
149196478,I2_2,20000,13589
255376895,I2_2,20000,14734
960107475,I2_2,20000,15628
861385669,I2_2,20000,15758
109001016,I2_1,10000,5365
625009266,I2_1,10000,4838
645209398,I2_2,20000,12208
554689137,I2_2,20000,13837
820479180,I2_1,10000,4810
312659786,I2_1,10000,4652
673131307,I2_1,10000,6234
534833892,I2_2,20000,15805
732025057,I2_2,20000,13343
683745275,I2_2,20000,14263
687784850,I2_1,10000,6235
893474228,I2_2,20000,16268
979797004,I2_1,10000,6365
883823225,I2_2,20000,16956
72415212,I2_1,10000,4265
807654911,I2_2,20000,15743
139625887,I2_2,20000,15752
61768144,I2_2,20000,15161
689569306,I2_2,20000,16228
686188453,I2_2,20000,17831
813087316,I2_2,20000,19948
744894497,I2_1,10000,7331
604924528,I2_2,20000,19895
894348552,I2_2,20000,21534
379145975,I2_2,20000,16274
87230331,I2_1,10000,6314
76479890,I2_2,20000,15367
803862926,I2_1,10000,3844
412695955,I2_2,20000,13423
555657669,I2_2,20000,13677
292853699,I2_2,20000,14461
161593681,I2_2,20000,12777
602637076,I2_1,10000,5258
837849943,I2_2,20000,14787
469065848,I2_2,20000,16922
112311343,I2_2,20000,17951
129159245,I2_2,20000,18802
850008056,I2_2,20000,21494
996293304,I2_2,20000,23607
368681701,I2_1,10000,12712
894402367,I2_2,20000,25190
375395674,I2_2,20000,26689
395683141,I2_2,20000,26291
61783761,I2_1,10000,16367
38358032,I2_1,10000,13872
211321065,I2_2,20000,24355
379894861,I2_1,10000,14355
642446449,I2_1,10000,15475
480718858,I2_1,10000,16512
259428244,I2_2,20000,29569
293110895,I2_2,20000,30597
319576368,I2_2,20000,30163
181227611,I2_2,20000,29030
833878779,I2_2,20000,26303
377932491,I2_1,10000,16902
146175600,I2_2,20000,28471
531986838,I2_1,10000,17942
78416371,I2_2,20000,30210
895690860,I2_1,10000,16785
843424766,I2_2,20000,28970
921298298,I2_2,20000,28996
617697358,I2_2,20000,30516
127408505,I2_1,10000,20471
62542617,I2_2,20000,30961
570287269,I2_1,10000,22985
340307352,I2_2,20000,28599
587967908,I2_1,10000,16803
936200976,I2_2,20000,27571
479469330,I2_1,10000,12555
547833787,I2_2,20000,22553
727423152,I2_1,10000,9506
709685028,I2_2,20000,10465
352864352,I2_2,20000,12655
611803085,I2_2,20000,11559
803838987,I2_2,20000,6388
487180742,I2_2,20000,5482
186154620,I2_1,10000,2711
266978511,I2_2,20000,4938
340279847,I2_1,10000,3785
217554726,I2_2,20000,7141
181397232,I2_2,20000,4563
566095267,I2_1,10000,2634
557268665,I2_2,20000,4715
314215991,I2_2,20000,4642
264564018,I2_2,20000,4566
911011348,I2_2,20000,4549
9929247,I2_1,10000,3960
812350958,I2_1,10000,2866
780812584,I2_2,20000,5166
475392019,I2_1,10000,4609
792935700,I2_2,20000,6100
809965144,I2_1,10000,3921
456889511,I2_2,20000,6132
551946457,I2_1,10000,4465
783672656,I2_2,20000,5896
213510301,I2_2,20000,6015
830156812,I2_1,10000,5982
622227633,I2_1,10000,4207
819420875,I2_1,10000,5858
795425394,I2_1,10000,5895
520047710,I2_2,20000,6868
239123421,I2_1,10000,4297
372597622,I2_1,10000,3175
106450655,I2_2,20000,10208
738026168,I2_1,10000,5805
397225532,I2_1,10000,5403
788096542,I2_1,10000,6069
308506655,I2_1,10000,5022
973863058,I2_1,10000,5352
77749665,I2_2,20000,18306
621066479,I2_2,20000,19913
915197864,I2_2,20000,20324
394647299,I2_1,10000,11714
372961405,I2_2,20000,16526
819586638,I2_1,10000,8347
220026109,I2_2,20000,17559
816380011,I2_2,20000,17948
645352109,I2_1,10000,8483
293346605,I2_2,20000,19983
951869008,I2_2,20000,18283
526772813,I2_1,10000,6751
273431671,I2_2,20000,16779
993675103,I2_1,10000,6762
410608861,I2_1,10000,6871
597940557,I2_2,20000,13302
917878794,I2_2,20000,7096
784353502,I2_1,10000,4477
745417392,I2_1,10000,5026
12983108,I2_1,10000,6137
816476075,I2_1,10000,4325
625901103,I2_1,10000,5397
974818483,I2_1,10000,4592
161657287,I2_1,10000,4808
160449940,I2_1,10000,2691
948245132,I2_1,10000,3858
809208990,I2_1,10000,2999
261614923,I2_2,20000,5215
262657288,I2_1,10000,4605
76217377,I2_2,20000,4763
201897934,I2_2,20000,5477
545806682,I2_1,10000,6098
161400441,I2_1,10000,6568
431947728,I2_2,20000,9385
458671426,I2_1,10000,3728
323559215,I2_2,20000,10669
200507562,I2_1,10000,3162
235558188,I2_2,20000,11185
54431226,I2_2,20000,7023
533867086,I2_2,20000,8519
336052618,I2_2,20000,7896
662396104,I2_1,10000,4261
159438005,I2_2,20000,10399
946568937,I2_2,20000,12121
255486814,I2_2,20000,9880
460719425,I2_1,10000,4250
73633289,I2_2,20000,13557
732504469,I2_2,20000,15527
627646779,I2_2,20000,9962
289005641,I2_2,20000,9507
112501542,I2_1,10000,4258
25177478,I2_2,20000,8546
104649546,I2_2,20000,4665
612538067,I2_1,10000,3064
637819301,I2_2,20000,5520
328963375,I2_2,20000,4652
116400916,I2_2,20000,4754
539288825,I2_1,10000,3818
915613472,I2_1,10000,4871
128057921,I2_1,10000,4375
266446813,I2_2,20000,7283
139291080,I2_1,10000,3403
207963515,I2_2,20000,4972
79398831,I2_1,10000,3060
375712898,I2_2,20000,5607
786130427,I2_2,20000,5505
187815969,I2_2,20000,4507
169102339,I2_1,10000,2884
598935677,I2_2,20000,4626
720654187,I2_1,10000,3037
352456756,I2_1,10000,3257
970382822,I2_2,20000,5085
643122145,I2_2,20000,4924
202531960,I2_2,20000,6336
536531722,I2_2,20000,4696
220158381,I2_1,10000,4135
215583309,I2_1,10000,4085
181852095,I2_2,20000,6397
242773498,I2_2,20000,7401
954528561,I2_1,10000,5660
863913334,I2_2,20000,10691
455269588,I2_1,10000,4971
508662684,I2_1,10000,4491
314812041,I2_1,10000,6166
694147444,I2_2,20000,15461
93647278,I2_2,20000,13803
317137046,I2_1,10000,4301
65692589,I2_2,20000,9946
982436579,I2_1,10000,5550
161325025,I2_2,20000,13190
878261388,I2_1,10000,6687
662062234,I2_1,10000,4481
834960570,I2_2,20000,11336
731474175,I2_2,20000,9007
277573385,I2_2,20000,4683
8136587,I2_1,10000,3396
56151232,I2_2,20000,4691
817173074,I2_1,10000,4135
663315671,I2_1,10000,2683
56950677,I2_1,10000,2785
259409854,I2_2,20000,5343
34167389,I2_2,20000,4654
622833079,I2_2,20000,5142
479809406,I2_1,10000,3029
241592921,I2_2,20000,6823
98657228,I2_1,10000,4122
155110005,I2_2,20000,5975
70793446,I2_1,10000,4236
431068392,I2_2,20000,8254
557370332,I2_1,10000,4619
263361482,I2_1,10000,2898
713214180,I2_1,10000,4201
340301457,I2_1,10000,4554
863801781,I2_1,10000,4699
978759136,I2_1,10000,4625
165832587,I2_1,10000,4049
949572574,I2_2,20000,9739
16852206,I2_1,10000,4510
485435309,I2_2,20000,12395
280242168,I2_2,20000,15090
269641473,I2_1,10000,4232
181929825,I2_2,20000,13068
829567032,I2_2,20000,12684
776760686,I2_1,10000,3508
578477081,I2_2,20000,7743
355309800,I2_1,10000,3070
613209765,I2_1,10000,3176
697939512,I2_1,10000,4709
282136472,I2_1,10000,5350
394823101,I2_2,20000,6394
735241779,I2_1,10000,5124
361160773,I2_1,10000,3910
31549018,I2_2,20000,4645
415066014,I2_1,10000,3077
647566415,I2_1,10000,2727
96598811,I2_1,10000,3849
330083092,I2_1,10000,2601
715427391,I2_2,20000,5088
508270349,I2_1,10000,4408
823927648,I2_2,20000,7674
507987084,I2_2,20000,7537
325714567,I2_2,20000,8435
334006829,I2_1,10000,2746
147753482,I2_2,20000,4727
292021682,I2_1,10000,2936
247131077,I2_2,20000,6928
354872232,I2_2,20000,6411
184110929,I2_1,10000,4096
615496782,I2_1,10000,2565
437141037,I2_1,10000,3655
648074979,I2_2,20000,5766
104847666,I2_2,20000,6000
804766906,I2_2,20000,8134
252995125,I2_1,10000,2811
937115465,I2_2,20000,4696
656789655,I2_1,10000,4032
28019777,I2_1,10000,2638
881977079,I2_2,20000,4633
59428319,I2_2,20000,5569
554205713,I2_1,10000,3000
725282483,I2_1,10000,2571
534144807,I2_2,20000,4896
6589983,I2_2,20000,5865
705876354,I2_1,10000,3294
91937990,I2_1,10000,2583
485471271,I2_1,10000,3404
556486051,I2_1,10000,3556
637086484,I2_2,20000,5087
411584410,I2_1,10000,2704
370187350,I2_1,10000,2626
423626766,I2_1,10000,2640
210646123,I2_2,20000,5678
305813154,I2_1,10000,6217
614052525,I2_1,10000,4618
243601368,I2_2,20000,10026
339660277,I2_2,20000,8307
358108435,I2_2,20000,8399
183444805,I2_1,10000,5519
151370025,I2_2,20000,9655
563310615,I2_1,10000,4278
574338594,I2_2,20000,7933
693560309,I2_1,10000,4579
822721053,I2_1,10000,3562
902352904,I2_1,10000,2903
176955410,I2_2,20000,5309
718472810,I2_1,10000,3667
711657978,I2_1,10000,4166
64581267,I2_1,10000,4737
230731843,I2_2,20000,5059
4067042,I2_2,20000,6146
817004972,I2_2,20000,5733
202797513,I2_1,10000,4000
258372891,I2_2,20000,7315
431853484,I2_1,10000,5380
106478679,I2_2,20000,8854
368522219,I2_2,20000,9174
697911487,I2_1,10000,4236
210543905,I2_2,20000,9148
925560481,I2_2,20000,4960
161882069,I2_2,20000,5835
783528613,I2_2,20000,4857
657012763,I2_2,20000,7566
373691505,I2_2,20000,6871
628009895,I2_1,10000,6054
365894618,I2_1,10000,4387
879024066,I2_2,20000,7051
490797360,I2_1,10000,4254
696827040,I2_2,20000,8004
809520212,I2_1,10000,3765
825746937,I2_1,10000,3742
242845163,I2_2,20000,6474
866665632,I2_1,10000,5872
883455036,I2_1,10000,6411
895036495,I2_1,10000,5331
984876900,I2_2,20000,9644
996039195,I2_2,20000,10717
338509142,I2_1,10000,6020
271517170,I2_1,10000,4787
354099628,I2_1,10000,5453
453737120,I2_2,20000,14939
581495349,I2_1,10000,5883
368217281,I2_1,10000,5219
208949631,I2_2,20000,18035
348810116,I2_1,10000,7973
710757482,I2_1,10000,6374
893923634,I2_2,20000,13774
62668605,I2_2,20000,5318
974582427,I2_2,20000,7438
252094412,I2_1,10000,6280
163275722,I2_2,20000,10144
188728409,I2_2,20000,7652
166135152,I2_2,20000,9315
977516899,I2_1,10000,3874
757586166,I2_1,10000,3882
170271693,I2_1,10000,4296
447239657,I2_1,10000,5482
361755995,I2_1,10000,4319
739634214,I2_1,10000,3725
877232724,I2_2,20000,12943
801721412,I2_2,20000,10250
706552748,I2_2,20000,9547
615805434,I2_2,20000,8477
71324068,I2_2,20000,9891
861001290,I2_2,20000,8951
93240615,I2_1,10000,4242
70556568,I2_2,20000,10521
180018184,I2_2,20000,8572
125034762,I2_1,10000,2931
995172248,I2_2,20000,4633
907918680,I2_2,20000,5668
526479175,I2_1,10000,4426
152679211,I2_1,10000,4922
787079250,I2_1,10000,5497
55272644,I2_2,20000,7744
305532542,I2_2,20000,5456
264900226,I2_1,10000,3635
541062157,I2_1,10000,3840
933889735,I2_1,10000,4745
706492752,I2_2,20000,9063
116809694,I2_1,10000,5235
279848901,I2_2,20000,9037
300028277,I2_2,20000,8505
955833764,I2_1,10000,4867
818229877,I2_2,20000,9694
310478952,I2_1,10000,3435
865165300,I2_1,10000,4251
965850549,I2_2,20000,8204
400316757,I2_2,20000,9138
835926936,I2_1,10000,5187
762688112,I2_2,20000,7909
963325303,I2_2,20000,7705
793277096,I2_1,10000,3781
257162423,I2_1,10000,3923
971193791,I2_2,20000,6913
343958238,I2_1,10000,5416
623747702,I2_2,20000,7700
157768681,I2_1,10000,2860
483257536,I2_1,10000,4439
14843763,I2_2,20000,8686
221008479,I2_2,20000,5869
491507300,I2_1,10000,4760
702946121,I2_1,10000,4181
784685238,I2_2,20000,9908
954283237,I2_2,20000,8832
234264569,I2_2,20000,7833
495960185,I2_2,20000,4819
939433533,I2_1,10000,3822
926602171,I2_1,10000,3458
636967994,I2_1,10000,5048
125067684,I2_1,10000,4889
896585620,I2_1,10000,4806
623248784,I2_2,20000,5775
730857266,I2_1,10000,5823
403463060,I2_1,10000,3953
327108480,I2_1,10000,3547
674279339,I2_1,10000,3985
644102078,I2_2,20000,5527
322729455,I2_1,10000,4854
18132458,I2_2,20000,5968
757554889,I2_1,10000,3277
809171306,I2_1,10000,2990
885130647,I2_2,20000,4972
858814139,I2_2,20000,6625
350337906,I2_2,20000,8681
755726707,I2_1,10000,2623
89534268,I2_1,10000,3835
170277204,I2_1,10000,2998
458495741,I2_2,20000,4541
35794456,I2_2,20000,7497
316748235,I2_2,20000,5029
797115862,I2_1,10000,4408
439202003,I2_2,20000,5403
291430118,I2_1,10000,4379
62463837,I2_1,10000,2571
992876816,I2_1,10000,2888
664106648,I2_2,20000,5211
527811691,I2_1,10000,4524
914734104,I2_1,10000,3490
982222050,I2_2,20000,4481
104711822,I2_2,20000,6590
334632232,I2_1,10000,3767
262772586,I2_1,10000,2759
579881465,I2_1,10000,3921
912309725,I2_1,10000,2724
43540233,I2_2,20000,4631
554690860,I2_1,10000,3977
832070869,I2_2,20000,4957
481849974,I2_1,10000,3887
25962222,I2_1,10000,4261
763050765,I2_2,20000,5954
218359325,I2_2,20000,4635
380591480,I2_1,10000,2836
88657607,I2_2,20000,5677
523993105,I2_1,10000,3072
150183702,I2_2,20000,4746
930791510,I2_1,10000,3006
721029500,I2_1,10000,3812
911393456,I2_2,20000,6086
347124935,I2_2,20000,5630
428109142,I2_2,20000,7111
922397820,I2_2,20000,8098
534811824,I2_1,10000,4404
725213709,I2_2,20000,7465
299699019,I2_2,20000,6171
800576798,I2_1,10000,2994
226722124,I2_1,10000,4054
640587440,I2_1,10000,4245
80058087,I2_2,20000,5270
959789384,I2_1,10000,5698
292466126,I2_1,10000,6777
227531487,I2_1,10000,5069
962335667,I2_1,10000,3467
90269081,I2_2,20000,9712
993338016,I2_1,10000,4110
327587738,I2_1,10000,4709
938239749,I2_2,20000,6154
966216356,I2_1,10000,4485
198297719,I2_2,20000,6598
326897665,I2_1,10000,3793
99124007,I2_1,10000,4052
858792029,I2_1,10000,4256
575421709,I2_1,10000,3269
257176689,I2_2,20000,4725
387425049,I2_1,10000,4042
134848282,I2_1,10000,5045
711783258,I2_1,10000,6896
46082889,I2_2,20000,4634
751265433,I2_1,10000,2616
112245345,I2_2,20000,4921
899231381,I2_1,10000,3929
121819517,I2_2,20000,8322
586107893,I2_1,10000,3531
173506587,I2_2,20000,5184
258796067,I2_2,20000,5387
457729192,I2_1,10000,2748
631899165,I2_1,10000,2729
642026434,I2_1,10000,2640
608479963,I2_1,10000,2683
689158360,I2_2,20000,5453
14183165,I2_1,10000,4396
443437399,I2_2,20000,8224
901309306,I2_1,10000,3808
891299396,I2_1,10000,4339
766891145,I2_2,20000,12543
361427998,I2_1,10000,4921
122781348,I2_2,20000,12528
663039399,I2_2,20000,11852
882289299,I2_1,10000,4941
576549944,I2_1,10000,4872
842535616,I2_2,20000,12548
421466460,I2_1,10000,5509
536783150,I2_1,10000,5018
129813306,I2_2,20000,12363
626335597,I2_1,10000,2935
597535358,I2_2,20000,4851
970771902,I2_2,20000,4685
988368440,I2_1,10000,4167
871697976,I2_2,20000,5326
188675136,I2_2,20000,6663
31193812,I2_2,20000,5907
959706248,I2_2,20000,7696
544423379,I2_1,10000,5859
288278445,I2_1,10000,4262
664753094,I2_2,20000,10189
939023156,I2_1,10000,4900
665094426,I2_2,20000,11713
344940555,I2_2,20000,9166
98442560,I2_2,20000,10778
106992672,I2_2,20000,9228
811194536,I2_2,20000,9136
698363039,I2_2,20000,8219
40083996,I2_1,10000,4627
204141224,I2_2,20000,11361
698291838,I2_1,10000,3786
112083939,I2_1,10000,3034
874891642,I2_1,10000,3811
249763843,I2_2,20000,7105
992580463,I2_1,10000,4608
344375608,I2_1,10000,5153
316323197,I2_2,20000,7450
905429705,I2_2,20000,5558
456340520,I2_1,10000,3846
907066471,I2_2,20000,4657
203861319,I2_1,10000,4137
109174138,I2_1,10000,4095
130707435,I2_2,20000,7842
97043011,I2_1,10000,5083
724360473,I2_1,10000,6203
553731760,I2_2,20000,11077
552585178,I2_1,10000,5444
356100849,I2_1,10000,3767
74422847,I2_2,20000,11940
369526826,I2_2,20000,8469
517710706,I2_1,10000,2641
99321497,I2_2,20000,5257
26497211,I2_1,10000,5673
457745050,I2_1,10000,6278
622196336,I2_1,10000,5110
125574962,I2_2,20000,9397
195347364,I2_1,10000,6416
772983021,I2_2,20000,9821
538584515,I2_2,20000,10788
595090294,I2_2,20000,11983
366178434,I2_2,20000,8082
788919669,I2_2,20000,5293
524422702,I2_2,20000,4513
185270601,I2_2,20000,5462
928889545,I2_2,20000,4510
310197760,I2_2,20000,5530
719077284,I2_1,10000,3869
981177829,I2_2,20000,4562
604643393,I2_1,10000,3985
215527720,I2_1,10000,2470
640081909,I2_1,10000,3536
883644028,I2_2,20000,6122
552156361,I2_2,20000,7233
440354266,I2_1,10000,4505
344466036,I2_1,10000,5473
298639764,I2_1,10000,6554
393781403,I2_2,20000,4697
724536391,I2_1,10000,5780
432889905,I2_1,10000,2769
810666449,I2_1,10000,2617
94536570,I2_1,10000,2648
292808818,I2_2,20000,4629
574622015,I2_1,10000,2678
700849435,I2_1,10000,2705
746028635,I2_1,10000,2732
158839301,I2_2,20000,5253
772073201,I2_1,10000,4639
913160807,I2_1,10000,2945
662558447,I2_2,20000,5566
967357225,I2_2,20000,4685
354889545,I2_2,20000,5636
644424908,I2_2,20000,6326
380841157,I2_1,10000,4577
771452484,I2_1,10000,2998
395287783,I2_2,20000,7361
550100198,I2_2,20000,5382
292340146,I2_1,10000,3623
317947080,I2_1,10000,3057
328697104,I2_2,20000,6341
795300992,I2_1,10000,5134
373987038,I2_2,20000,8839
769661447,I2_2,20000,5563
428119346,I2_1,10000,3141
203127302,I2_2,20000,5669
466924185,I2_1,10000,6186
806187840,I2_2,20000,5203
616878535,I2_1,10000,4477
524277822,I2_1,10000,5062
874531314,I2_2,20000,9365
997112059,I2_1,10000,4515
106859344,I2_1,10000,5472
339711766,I2_2,20000,10908
34958265,I2_2,20000,7599
585545912,I2_1,10000,6538
804702082,I2_1,10000,4299
702222851,I2_2,20000,10462
308556144,I2_2,20000,10252
258083509,I2_2,20000,10137
680119571,I2_1,10000,4328
950097791,I2_2,20000,13926
644702173,I2_2,20000,13139
199445440,I2_2,20000,13687
561959905,I2_1,10000,4705
133952016,I2_2,20000,6281
628312866,I2_1,10000,5468
204377202,I2_2,20000,8753
765056511,I2_2,20000,6352
851724123,I2_2,20000,7213
754732791,I2_2,20000,7446
454389424,I2_1,10000,2631
649749365,I2_2,20000,5787
132133913,I2_2,20000,4930
973174813,I2_1,10000,4469
653500762,I2_2,20000,7134
892737988,I2_1,10000,4401
731802249,I2_1,10000,3843
735708797,I2_1,10000,4898
685771090,I2_1,10000,4924
211076889,I2_1,10000,4869
381615389,I2_2,20000,13892
218236609,I2_2,20000,12797
898169985,I2_2,20000,12319
48566509,I2_2,20000,14399
212671985,I2_1,10000,5144
169821065,I2_2,20000,17612
542036953,I2_1,10000,6336
700764836,I2_2,20000,16939
481266872,I2_1,10000,6409
545295672,I2_2,20000,14869
938696750,I2_2,20000,17449
533910191,I2_1,10000,7357
729960854,I2_2,20000,19987
650022394,I2_2,20000,22020
437506346,I2_2,20000,24222
611518244,I2_2,20000,24327
232481244,I2_2,20000,22147
390444876,I2_2,20000,24770
399043503,I2_1,10000,10592
490106801,I2_2,20000,19891
369709712,I2_2,20000,22141
813694397,I2_1,10000,12160
443109426,I2_1,10000,12736
451492608,I2_2,20000,20568
187886737,I2_1,10000,10657
204375383,I2_2,20000,18002
880298761,I2_2,20000,18464
273204591,I2_1,10000,8403
645878099,I2_2,20000,14840
214257607,I2_1,10000,5809
892306958,I2_1,10000,5186
190108462,I2_2,20000,15981
135269206,I2_2,20000,18108
940185732,I2_1,10000,8633
708261032,I2_2,20000,18055
365835184,I2_1,10000,6075
664391910,I2_1,10000,5988
907096433,I2_1,10000,5462
264350956,I2_2,20000,17841
13782480,I2_1,10000,7453
164699121,I2_2,20000,12612
71019025,I2_2,20000,14732
641173850,I2_2,20000,14857
786980264,I2_2,20000,15427
332437265,I2_2,20000,6049
761028659,I2_1,10000,5436
386739996,I2_1,10000,5315
183790503,I2_1,10000,5808
526444635,I2_1,10000,4801
595215987,I2_2,20000,6194
796985169,I2_1,10000,4251
573060128,I2_2,20000,7142
825280408,I2_1,10000,5525
36300806,I2_1,10000,4877
95197867,I2_1,10000,6511
851380452,I2_2,20000,12207
310084198,I2_2,20000,13691
446536658,I2_1,10000,11061
467244470,I2_2,20000,14716
184271368,I2_2,20000,14577
470588148,I2_2,20000,14591
213651636,I2_1,10000,7463
825959056,I2_2,20000,11064
316055744,I2_1,10000,5281
426117475,I2_1,10000,4790
542760529,I2_2,20000,10162
840269220,I2_2,20000,10569
97181396,I2_1,10000,4777
199200020,I2_2,20000,5617
449414092,I2_1,10000,6055
160436635,I2_2,20000,7645
590907952,I2_2,20000,6393
507433683,I2_1,10000,4775
592541611,I2_2,20000,5857
484719151,I2_1,10000,4901
627125153,I2_2,20000,7114
788817317,I2_1,10000,5483
726286564,I2_2,20000,4634
252166323,I2_2,20000,5078
429101149,I2_1,10000,4958
865853756,I2_1,10000,6013
993610595,I2_2,20000,9155
141278270,I2_1,10000,2797
398152975,I2_2,20000,5036
434938283,I2_1,10000,5580
963838454,I2_1,10000,4950
406711789,I2_1,10000,5084
681947328,I2_2,20000,8549
263421712,I2_2,20000,4572
19428752,I2_1,10000,3908
322519750,I2_2,20000,6517
693564094,I2_1,10000,4855
911891894,I2_2,20000,6660
229700385,I2_1,10000,2481
884093465,I2_1,10000,3034
944039360,I2_2,20000,5924
800912358,I2_1,10000,2468
400758994,I2_1,10000,2927
312120127,I2_1,10000,4061
839484252,I2_1,10000,5590
772720591,I2_1,10000,5013
445916317,I2_1,10000,5481
885786748,I2_2,20000,6978
166045287,I2_1,10000,5901
993120178,I2_1,10000,7801
981323455,I2_1,10000,6778
329368599,I2_2,20000,9055
316244904,I2_1,10000,4241
242991531,I2_1,10000,3106
785927380,I2_2,20000,8160
736417949,I2_2,20000,7707
350422010,I2_1,10000,3932
926387724,I2_2,20000,7126
182874045,I2_2,20000,7040
944118389,I2_1,10000,5231
628380273,I2_2,20000,8434
738929662,I2_2,20000,10680
405609654,I2_2,20000,8052
793095568,I2_1,10000,3042
899447026,I2_2,20000,4572
827602558,I2_1,10000,3923
628714253,I2_1,10000,2791
660663554,I2_2,20000,4540
17999525,I2_1,10000,2829
717946793,I2_2,20000,4505
9700580,I2_1,10000,3879
391675516,I2_2,20000,7565
796927353,I2_2,20000,5549
804948459,I2_2,20000,4619
998129265,I2_1,10000,3535
547631416,I2_1,10000,4704
900036927,I2_2,20000,4781
288868282,I2_2,20000,4714
910251120,I2_1,10000,4101
532665096,I2_1,10000,4765
528302388,I2_2,20000,4569
369273848,I2_1,10000,3428
200304472,I2_2,20000,5611
398082920,I2_1,10000,5122
706351915,I2_1,10000,4555
145478393,I2_2,20000,5187
744647392,I2_1,10000,2718
512679025,I2_1,10000,2866
526531701,I2_1,10000,3582
537431910,I2_1,10000,4197
91306680,I2_1,10000,4816
155406125,I2_2,20000,6200
412080109,I2_1,10000,2928
535894191,I2_1,10000,3072
949034220,I2_2,20000,4830
117777217,I2_1,10000,2694
992179814,I2_2,20000,4640
894241003,I2_1,10000,2817
102248478,I2_2,20000,5383
581474646,I2_2,20000,4754
935396789,I2_2,20000,6295
712745058,I2_2,20000,8300
306349316,I2_1,10000,5577
869495,I2_2,20000,8748
671328084,I2_2,20000,10883
223811328,I2_2,20000,9307
577562542,I2_2,20000,9609
529772211,I2_1,10000,3734
334489269,I2_2,20000,6325
205895656,I2_1,10000,4880
833427756,I2_1,10000,4372
402685227,I2_2,20000,8852
387583808,I2_2,20000,5605
585281943,I2_1,10000,6104
829780615,I2_1,10000,5542
616421229,I2_2,20000,6586
901468062,I2_2,20000,8728
315655606,I2_2,20000,7652
502317099,I2_2,20000,7635
405643163,I2_2,20000,5454
913196574,I2_1,10000,3031
273836968,I2_1,10000,4225
934508701,I2_2,20000,6871
492759355,I2_1,10000,6211
378265826,I2_1,10000,6730
63547139,I2_2,20000,10660
706869447,I2_2,20000,9251
396626865,I2_1,10000,5862
816214439,I2_1,10000,4332
826785660,I2_2,20000,11532
944499254,I2_1,10000,2694
730342083,I2_1,10000,2676
317434406,I2_1,10000,3595
52575255,I2_2,20000,6850
878686852,I2_1,10000,5903
21400681,I2_2,20000,7088
313141673,I2_2,20000,5848
709075035,I2_1,10000,5182
958245593,I2_2,20000,5986
618403483,I2_2,20000,4993
999902743,I2_2,20000,5890
827912950,I2_1,10000,2752
204724321,I2_1,10000,3727
924649791,I2_1,10000,3641
231003304,I2_1,10000,3683
339630503,I2_1,10000,2568
941830185,I2_2,20000,4594
603152183,I2_1,10000,3102
549070574,I2_1,10000,2686
902300672,I2_2,20000,4720
370996211,I2_2,20000,5714
139658589,I2_2,20000,7195
626693867,I2_1,10000,4254
830340370,I2_2,20000,6536
474487016,I2_2,20000,4667
82308082,I2_2,20000,4683
474404969,I2_2,20000,6124
461514488,I2_1,10000,3545
937687793,I2_2,20000,5273
399791363,I2_2,20000,4721
966074745,I2_1,10000,4098
467868233,I2_2,20000,5450
758569857,I2_2,20000,5499
706530791,I2_1,10000,2636
1577663,I2_1,10000,4341
959042722,I2_2,20000,4720
987064354,I2_2,20000,4907
353922381,I2_1,10000,2717
381267711,I2_1,10000,2971
229159417,I2_2,20000,4784
300425132,I2_1,10000,2886
249540382,I2_2,20000,4761
159212226,I2_2,20000,5583
163547566,I2_2,20000,6634
42157115,I2_1,10000,3651
232195530,I2_1,10000,3831
662435489,I2_1,10000,3329
590087472,I2_2,20000,10163
878900113,I2_1,10000,4853
487036236,I2_2,20000,6913
198101688,I2_2,20000,8659
853849783,I2_2,20000,7038
477229305,I2_1,10000,2724
63511864,I2_2,20000,4709
854901236,I2_2,20000,5028
378109733,I2_1,10000,5131
498096909,I2_1,10000,6169
316863771,I2_1,10000,3367
492837362,I2_1,10000,4312
498860808,I2_2,20000,5224
387759507,I2_1,10000,3517
808584037,I2_2,20000,7049
757888850,I2_1,10000,5742
298883874,I2_1,10000,4607
543537773,I2_2,20000,6653
543946532,I2_1,10000,6027
331137838,I2_1,10000,6598
367271,I2_2,20000,8812
567214323,I2_1,10000,2571
934491145,I2_2,20000,6108
780709994,I2_2,20000,5099
575380567,I2_1,10000,5622
546926952,I2_2,20000,6012
783700046,I2_1,10000,3350
222018191,I2_1,10000,2646
569615603,I2_1,10000,2689
660366259,I2_2,20000,4702
491248741,I2_2,20000,6485
448502183,I2_1,10000,2967
186236023,I2_2,20000,9708
236737386,I2_1,10000,4740
193307824,I2_1,10000,4770
604657481,I2_2,20000,4632
774993570,I2_1,10000,4079
720088870,I2_1,10000,5108
142879508,I2_2,20000,7679
892433730,I2_1,10000,2993
78413323,I2_2,20000,5239
75010660,I2_1,10000,4670
308794589,I2_2,20000,6211
913680698,I2_1,10000,3940
637955233,I2_1,10000,4301
542544871,I2_2,20000,6114
842995107,I2_1,10000,2671
31121252,I2_2,20000,4766
993498110,I2_1,10000,5161
793041855,I2_1,10000,3006
448616422,I2_1,10000,3542
160225161,I2_1,10000,2929
4238438,I2_2,20000,5213
417887304,I2_1,10000,4496
531538176,I2_2,20000,5163
849605223,I2_1,10000,2608
514926806,I2_2,20000,5585
46266629,I2_2,20000,5605
909493415,I2_2,20000,7629
939068913,I2_2,20000,9669
647775272,I2_1,10000,3427
701701522,I2_1,10000,4418
530111204,I2_1,10000,3424
944689432,I2_2,20000,4706
57395036,I2_1,10000,4146
465393565,I2_1,10000,4555
230548908,I2_2,20000,7838
603934568,I2_2,20000,7688
420607482,I2_2,20000,9812
445769367,I2_2,20000,11889
714215411,I2_2,20000,11958
301823698,I2_2,20000,9157
823618938,I2_1,10000,2646
74891834,I2_1,10000,2582
327145488,I2_2,20000,5430
583670936,I2_2,20000,4585
455636619,I2_2,20000,4568
846482923,I2_2,20000,5020
675477303,I2_1,10000,2558
423626147,I2_1,10000,2937
105142963,I2_1,10000,3994
327555536,I2_1,10000,5189
982988605,I2_1,10000,2631
59483980,I2_2,20000,4627
967189461,I2_1,10000,3038
361457409,I2_1,10000,3905
342516813,I2_2,20000,4821
657472111,I2_1,10000,5289
113558213,I2_1,10000,6120
876520645,I2_1,10000,4264
310567123,I2_2,20000,5623
315977596,I2_1,10000,3005
816461598,I2_1,10000,4231
651851796,I2_1,10000,3110
664562005,I2_1,10000,3585
352885060,I2_1,10000,4104
818131679,I2_2,20000,5702
906045185,I2_1,10000,4295
616617574,I2_2,20000,6509
895653383,I2_1,10000,3957
987019744,I2_1,10000,4539
722970980,I2_1,10000,3887
359053431,I2_1,10000,4352
180439686,I2_2,20000,7796
557517344,I2_1,10000,3794
379390239,I2_2,20000,4605
903602055,I2_1,10000,3058
690642726,I2_2,20000,4781
276364791,I2_1,10000,3542
3369753,I2_2,20000,5229
965505850,I2_2,20000,7363
641527736,I2_2,20000,5997
595082767,I2_2,20000,8147
647636068,I2_2,20000,8462
882668307,I2_2,20000,7035
978832717,I2_2,20000,9129
817784904,I2_1,10000,5355
349195812,I2_2,20000,7474
457442940,I2_1,10000,3331
542592385,I2_1,10000,4503
651064106,I2_2,20000,10801
834871139,I2_2,20000,9209
612915505,I2_1,10000,5377
317064109,I2_2,20000,8506
629579160,I2_2,20000,4804
60988870,I2_1,10000,4185
670394866,I2_1,10000,4118
224046305,I2_1,10000,5746
791562161,I2_1,10000,5111
594000281,I2_2,20000,7575
483789296,I2_1,10000,4158
868133505,I2_1,10000,3343
368503726,I2_1,10000,5139
410900561,I2_2,20000,5112
434781567,I2_2,20000,6904
883990956,I2_2,20000,7017
820607230,I2_2,20000,4842
750207408,I2_1,10000,4148
949073019,I2_1,10000,3064
157498665,I2_1,10000,2685
518455568,I2_2,20000,4749
897276242,I2_1,10000,2786
101375595,I2_1,10000,3055
192149104,I2_2,20000,4842
317120201,I2_2,20000,6883
103038762,I2_2,20000,7880
598926866,I2_2,20000,4848
274292134,I2_1,10000,2850
167125916,I2_1,10000,3129
337885991,I2_2,20000,5263
642142799,I2_1,10000,4620
965194994,I2_1,10000,3423
32303081,I2_2,20000,7890
92649872,I2_1,10000,3133
835825197,I2_2,20000,5207
382917639,I2_2,20000,7450
809428136,I2_2,20000,6810
967534636,I2_2,20000,9551
748908397,I2_1,10000,5424
349962482,I2_1,10000,4694
253905205,I2_2,20000,7253
80382069,I2_1,10000,2924
478869954,I2_2,20000,4839
844750648,I2_1,10000,4272
290326220,I2_2,20000,6895
795521199,I2_1,10000,5548
22863941,I2_2,20000,10198
516954,I2_1,10000,4450
82094421,I2_2,20000,8893
46667926,I2_2,20000,8769
213467390,I2_2,20000,7610
802719846,I2_1,10000,4823
253846806,I2_1,10000,5310
768743688,I2_2,20000,6019
780883116,I2_1,10000,4134
666811778,I2_1,10000,4149
770017898,I2_1,10000,4998
495214337,I2_2,20000,6761
272938528,I2_1,10000,2897
453404987,I2_1,10000,2858
84809330,I2_2,20000,5380
342780255,I2_1,10000,3234
115028984,I2_1,10000,4826
148331981,I2_2,20000,7634
960976020,I2_2,20000,6644
531567171,I2_2,20000,5628
631389740,I2_2,20000,5784
77006964,I2_1,10000,4094
241382784,I2_1,10000,4209
74019482,I2_2,20000,6977
840971523,I2_1,10000,6385
90089673,I2_1,10000,5263
686377481,I2_1,10000,6424
651323205,I2_1,10000,7549
223949586,I2_1,10000,5442
484902937,I2_1,10000,5374
292347504,I2_1,10000,6333
304017877,I2_2,20000,14370
410190968,I2_2,20000,12513
542758107,I2_1,10000,6207
449218319,I2_1,10000,5575
510301419,I2_2,20000,15687
84735469,I2_1,10000,4032
28876699,I2_2,20000,16643
756990936,I2_2,20000,18317
376796864,I2_2,20000,12542
538193896,I2_1,10000,5301
120977052,I2_2,20000,14102
386986139,I2_1,10000,4785
918928323,I2_2,20000,16689
113421793,I2_1,10000,5462
157059229,I2_2,20000,16275
104265026,I2_2,20000,11925
671711441,I2_1,10000,5460
278391543,I2_2,20000,12786
735594729,I2_2,20000,12026
536872493,I2_2,20000,10327
840575009,I2_2,20000,5572
452481354,I2_1,10000,4913
217462087,I2_2,20000,4698
125831865,I2_2,20000,5606
936345711,I2_2,20000,5326
79301442,I2_2,20000,6287
830256721,I2_1,10000,3001
523115700,I2_1,10000,3401
329217643,I2_2,20000,5535
902962580,I2_1,10000,3910
307191942,I2_1,10000,3682
33918215,I2_1,10000,4212
377953736,I2_2,20000,4826
418740349,I2_2,20000,5560
632904193,I2_1,10000,5589
418404022,I2_2,20000,5903
100762565,I2_2,20000,4740
280898951,I2_1,10000,4145
524375766,I2_2,20000,5667
185106556,I2_1,10000,4886
37817274,I2_2,20000,6460
956774506,I2_2,20000,8173
454865839,I2_2,20000,9312
655429984,I2_1,10000,5707
735890616,I2_1,10000,5503
900075493,I2_2,20000,12382
829731491,I2_1,10000,5428
170921277,I2_2,20000,14956
594443007,I2_2,20000,17612
28886114,I2_2,20000,17566
283683183,I2_2,20000,16053
285590343,I2_1,10000,7966
865589229,I2_1,10000,4798
740741733,I2_2,20000,11673
857872526,I2_2,20000,9056
927752256,I2_1,10000,5353
62532370,I2_1,10000,6451
366653959,I2_2,20000,8554
588309652,I2_1,10000,5292
547853951,I2_1,10000,5908
284558238,I2_1,10000,5945
226469569,I2_2,20000,9176
837543337,I2_1,10000,4332
305339990,I2_1,10000,4838
988746175,I2_1,10000,5367
716853063,I2_2,20000,11669
245423030,I2_1,10000,5319
173844397,I2_2,20000,11946
516028153,I2_2,20000,6022
894013267,I2_1,10000,4459
640437902,I2_2,20000,5577
40740922,I2_2,20000,5116
930081840,I2_1,10000,3478
958306785,I2_2,20000,5544
632001718,I2_2,20000,4627
191836999,I2_1,10000,3912
903477613,I2_2,20000,5507
427003058,I2_2,20000,4676
890429928,I2_1,10000,2620
594572142,I2_1,10000,2540
252709931,I2_1,10000,4186
811691568,I2_2,20000,5248
662744776,I2_2,20000,5487
291403827,I2_2,20000,7460
519280108,I2_1,10000,4431
922092657,I2_1,10000,4256
702258851,I2_2,20000,5681
557382519,I2_1,10000,4923
246475109,I2_2,20000,5437
262859543,I2_2,20000,5588
366846053,I2_2,20000,5650
316932357,I2_2,20000,5646
735722661,I2_2,20000,6734
921429527,I2_2,20000,5703
760072043,I2_2,20000,4713
417010525,I2_1,10000,3028
786270328,I2_1,10000,3124
783045434,I2_1,10000,4319
784668952,I2_1,10000,3665
241989244,I2_1,10000,3795
354658881,I2_1,10000,5538
342213874,I2_1,10000,5951
286029895,I2_2,20000,5068
663037603,I2_1,10000,5594
423648042,I2_2,20000,5895
225715545,I2_1,10000,2724
370609878,I2_1,10000,2942
445843778,I2_1,10000,3676
581757854,I2_2,20000,6223
470143610,I2_1,10000,2680
919853127,I2_1,10000,5600
637974593,I2_2,20000,6753
133214129,I2_2,20000,5765
798753432,I2_1,10000,5043
492306965,I2_2,20000,8310
376116929,I2_2,20000,7536
414962049,I2_1,10000,4271
971934613,I2_2,20000,8592
465749086,I2_1,10000,3760
838128286,I2_2,20000,9674
969522410,I2_2,20000,8728
761310345,I2_2,20000,4631
782774776,I2_1,10000,3024
349572180,I2_1,10000,2806
959573745,I2_2,20000,4984
911307226,I2_2,20000,6538
975936668,I2_1,10000,2877
126157615,I2_1,10000,2608
614781205,I2_2,20000,5337
997321642,I2_2,20000,5431
729952022,I2_2,20000,4626
633614717,I2_1,10000,3647
993670841,I2_1,10000,4128
22391377,I2_1,10000,3552
450969111,I2_2,20000,6227
923716688,I2_1,10000,4316
814489228,I2_2,20000,6922
703191079,I2_1,10000,4199
616150591,I2_2,20000,7594
346787547,I2_2,20000,4637
398893912,I2_1,10000,4018
115506596,I2_2,20000,5130
863175878,I2_2,20000,5534
658948393,I2_2,20000,7107
664475815,I2_2,20000,4611
162492775,I2_1,10000,4089
979905813,I2_1,10000,3880
556327971,I2_1,10000,4739
786530184,I2_2,20000,7385
7128834,I2_1,10000,3262
661132992,I2_1,10000,2569
759138195,I2_1,10000,2502
716611327,I2_2,20000,4545
248886896,I2_1,10000,2549
373155422,I2_1,10000,2825
747093142,I2_2,20000,4530
300246032,I2_1,10000,2564
957971493,I2_1,10000,2987
351230384,I2_1,10000,3827
867471030,I2_2,20000,6410
696880631,I2_1,10000,2943
660307973,I2_2,20000,4718
443976551,I2_2,20000,5081
780985131,I2_1,10000,4515
910875784,I2_2,20000,6198
330118985,I2_1,10000,4990
763168679,I2_1,10000,5673
128083668,I2_1,10000,5474
650788997,I2_2,20000,11600
451621892,I2_1,10000,4264
555233648,I2_2,20000,11432
103206777,I2_1,10000,4411
103861444,I2_2,20000,9713
497962520,I2_1,10000,4488
356346440,I2_2,20000,6493
918547144,I2_1,10000,2734
314377549,I2_2,20000,4729
589072712,I2_1,10000,5305
61013317,I2_1,10000,5085
87925158,I2_1,10000,5014
784530313,I2_2,20000,5468
722578001,I2_2,20000,5649
733755953,I2_2,20000,4634
476492526,I2_1,10000,2692
916261545,I2_1,10000,2721
140257461,I2_2,20000,5171
256978049,I2_1,10000,5701
913046180,I2_1,10000,5159
99098982,I2_1,10000,7116
718511612,I2_1,10000,5553
979271755,I2_2,20000,5780
441136300,I2_2,20000,6353
288670653,I2_2,20000,8389
765967782,I2_1,10000,5453
657761484,I2_2,20000,11646
656767872,I2_1,10000,3827
416984985,I2_2,20000,5395
60876301,I2_1,10000,3526
333828095,I2_2,20000,5790
551486999,I2_1,10000,6299
156343128,I2_2,20000,6610
454175630,I2_2,20000,6643
646743212,I2_2,20000,5904
625689712,I2_2,20000,8018
842285826,I2_2,20000,8026
826423602,I2_2,20000,7987
411658064,I2_1,10000,5341
360848922,I2_2,20000,10737
157993075,I2_2,20000,9808
450052956,I2_2,20000,8780
512199048,I2_1,10000,5665
885376831,I2_1,10000,5179
942748540,I2_1,10000,4020
712401548,I2_2,20000,4788
60002842,I2_1,10000,4175
688187907,I2_1,10000,2685
350840169,I2_1,10000,2970
479025315,I2_1,10000,2791
484350951,I2_1,10000,2701
170424646,I2_1,10000,3833
436469528,I2_1,10000,2612
209269308,I2_1,10000,2874
278262449,I2_2,20000,5421
483292540,I2_2,20000,5071
881517479,I2_2,20000,4826
456821498,I2_2,20000,5150
849605802,I2_1,10000,3257
923376341,I2_1,10000,3384
666855649,I2_2,20000,4604
949460765,I2_2,20000,6869
365318307,I2_2,20000,5777
413192979,I2_2,20000,6467
106395817,I2_1,10000,6017
161967018,I2_1,10000,6558
416029193,I2_2,20000,7549
860365042,I2_1,10000,4904
753854360,I2_1,10000,6048
577578810,I2_1,10000,2972
133654502,I2_2,20000,5299
248970197,I2_2,20000,5226
814211458,I2_1,10000,4580
741004337,I2_2,20000,6746
246643513,I2_2,20000,7727
72525428,I2_2,20000,6558
54617493,I2_2,20000,4775
470275860,I2_1,10000,4224
859592849,I2_1,10000,4647
833228868,I2_1,10000,4447
162614685,I2_2,20000,9604
769647183,I2_2,20000,9396
811022180,I2_1,10000,5392
772150416,I2_2,20000,12277
52601063,I2_2,20000,11461
814211705,I2_2,20000,12436
170066802,I2_2,20000,8259
315175347,I2_1,10000,4336
817432088,I2_2,20000,12473
436872341,I2_1,10000,4323
91800562,I2_2,20000,12933
899719242,I2_1,10000,4733
522413154,I2_2,20000,14419
770950105,I2_1,10000,6153
323223329,I2_2,20000,17000
395566243,I2_2,20000,18618
195974605,I2_2,20000,16924
365318175,I2_1,10000,6239
234855262,I2_2,20000,18900
202506805,I2_2,20000,12667
738340317,I2_2,20000,8294
86522537,I2_1,10000,5203
345260072,I2_2,20000,7525
862267921,I2_2,20000,11255
975523058,I2_2,20000,5993
984065535,I2_1,10000,4132
772434631,I2_2,20000,9767
569807254,I2_2,20000,9412
984050384,I2_2,20000,10306
712528381,I2_2,20000,8417
572747997,I2_2,20000,9319
441595158,I2_1,10000,5654
793430232,I2_1,10000,5349
958726692,I2_2,20000,11753
435750503,I2_2,20000,10492
264998875,I2_2,20000,7370
32800832,I2_2,20000,8246
752037549,I2_2,20000,8559
924695331,I2_2,20000,9425
14816343,I2_2,20000,5531
497265481,I2_2,20000,5420
541086767,I2_2,20000,4526
156417306,I2_2,20000,5484
706883390,I2_1,10000,2634
349596781,I2_1,10000,2880
905638960,I2_2,20000,5847
844403169,I2_2,20000,5909
367215698,I2_1,10000,4626
919011258,I2_2,20000,4981
806126872,I2_2,20000,5020
893215313,I2_1,10000,3435
239003830,I2_1,10000,3505
87448756,I2_1,10000,2545
27380027,I2_2,20000,4648
583773683,I2_2,20000,5510
894721802,I2_2,20000,6421
750009942,I2_1,10000,3206
927310588,I2_1,10000,4927
178867835,I2_2,20000,5057
938895458,I2_1,10000,5704
156022379,I2_1,10000,3196
44745329,I2_2,20000,7518
426842916,I2_1,10000,3690
595468197,I2_2,20000,8821
676674693,I2_2,20000,5210
603571824,I2_2,20000,7366
94425998,I2_1,10000,5254
562512917,I2_1,10000,3801
566334319,I2_1,10000,5203
292291761,I2_2,20000,11796
710702416,I2_1,10000,4213
666016961,I2_2,20000,6772
373823251,I2_2,20000,5251
563654551,I2_2,20000,5332
522702752,I2_2,20000,5632
263975327,I2_2,20000,5448
241185630,I2_1,10000,2971
911583341,I2_2,20000,7096
994563373,I2_1,10000,4374
326529466,I2_1,10000,4924
914655765,I2_1,10000,6485
41704749,I2_2,20000,8052
727256727,I2_2,20000,4558
149459736,I2_1,10000,3328
592403709,I2_2,20000,4829
12347676,I2_1,10000,5372
705410158,I2_1,10000,3984
717767005,I2_2,20000,7362
766245921,I2_1,10000,2991
54260707,I2_1,10000,3977
387080801,I2_1,10000,3170
623164900,I2_2,20000,5180
657293028,I2_2,20000,7228
566779637,I2_1,10000,4455
181601096,I2_2,20000,7105
598232365,I2_1,10000,3811
119691674,I2_2,20000,7884
722940087,I2_2,20000,5473
866060017,I2_2,20000,5783
911694160,I2_2,20000,5500
866102136,I2_2,20000,6398
792023485,I2_2,20000,7393
731713909,I2_2,20000,9459
179626477,I2_2,20000,10430
190171763,I2_2,20000,8303
254000375,I2_2,20000,10474
756474045,I2_2,20000,6731
295235067,I2_2,20000,8403
847804792,I2_1,10000,4852
348074588,I2_1,10000,3456
796777035,I2_2,20000,5534
994151107,I2_1,10000,6084
861107217,I2_2,20000,6574
478069325,I2_2,20000,8647
570238636,I2_1,10000,5403
263768902,I2_2,20000,5111
24314584,I2_1,10000,5587
175462635,I2_1,10000,7209
418495978,I2_1,10000,5410
831178656,I2_2,20000,10400
560336833,I2_1,10000,4289
992245186,I2_2,20000,11844
340108166,I2_2,20000,8410
139810726,I2_2,20000,8277
298844432,I2_2,20000,9316
507577508,I2_2,20000,4608
39084498,I2_2,20000,5442
747969248,I2_1,10000,2784
698669892,I2_1,10000,2928
196269153,I2_2,20000,4775
2687046,I2_1,10000,3995
645302306,I2_2,20000,7439
30378644,I2_2,20000,5691
666810141,I2_2,20000,6135
89561346,I2_1,10000,4441
13785,I2_2,20000,6471
315566814,I2_1,10000,3124
827842711,I2_2,20000,5467
101944368,I2_2,20000,5326
89760831,I2_2,20000,5738
555230800,I2_1,10000,4098
324132167,I2_1,10000,3754
910163529,I2_1,10000,3449
71413083,I2_2,20000,7430
376321347,I2_1,10000,2661
487819521,I2_2,20000,4589
140983146,I2_1,10000,3021
757844136,I2_2,20000,4695
926462518,I2_2,20000,5722
183817455,I2_1,10000,4199
311368681,I2_2,20000,5222
764468177,I2_1,10000,3475
290113006,I2_1,10000,4402
449155776,I2_2,20000,5124
204889184,I2_2,20000,5548
682329668,I2_2,20000,5083
274119283,I2_1,10000,4422
139582632,I2_2,20000,6735
605441976,I2_2,20000,5785
422744536,I2_2,20000,5605
896537767,I2_2,20000,5704
357693061,I2_2,20000,5719
747928299,I2_2,20000,6508
634464658,I2_1,10000,3571
607910571,I2_1,10000,4231
740275214,I2_1,10000,4231
161476176,I2_1,10000,3950
685825082,I2_1,10000,4010
643067854,I2_1,10000,3996
221756288,I2_1,10000,3358
52912005,I2_1,10000,4003
58228660,I2_1,10000,2686
350383324,I2_2,20000,4708
459068795,I2_1,10000,3121
980046945,I2_1,10000,3560
107463420,I2_2,20000,5788
807436857,I2_2,20000,6772
725298874,I2_2,20000,8951
572681208,I2_2,20000,6877
526979083,I2_2,20000,7386
747778309,I2_1,10000,5448
917389400,I2_1,10000,5991
330722798,I2_1,10000,5514
44155401,I2_2,20000,11653
606096268,I2_1,10000,4381
521547272,I2_2,20000,5538
89324663,I2_2,20000,4736
251402366,I2_1,10000,4160
56775418,I2_1,10000,5769
677329617,I2_2,20000,5891
427376148,I2_1,10000,5446
214887055,I2_1,10000,5875
383962686,I2_2,20000,9567
977521990,I2_2,20000,6536
880912070,I2_1,10000,5350
405768402,I2_1,10000,4312
582775772,I2_2,20000,10165
143914778,I2_2,20000,12304
573608107,I2_1,10000,3116
175511269,I2_1,10000,2989
200093289,I2_2,20000,4602
696250746,I2_1,10000,5059
902922201,I2_1,10000,3621
165743515,I2_2,20000,6812
350243219,I2_2,20000,5629
461745496,I2_1,10000,6171
228491152,I2_2,20000,5727
816294988,I2_1,10000,3948
173460912,I2_2,20000,4655
60171496,I2_1,10000,4179
339769736,I2_1,10000,4251
264071042,I2_1,10000,3094
990683712,I2_2,20000,4781
752864365,I2_2,20000,5015
57178255,I2_1,10000,5498
367509797,I2_1,10000,2781
897414886,I2_1,10000,4394
689655286,I2_2,20000,5133
985204327,I2_2,20000,5637
672043585,I2_1,10000,4479
217593270,I2_2,20000,6275
867818514,I2_1,10000,4164
670187714,I2_1,10000,4244
547509772,I2_2,20000,7696
348076364,I2_1,10000,5984
633186017,I2_2,20000,8885
188850056,I2_2,20000,8107
369017188,I2_1,10000,3423
711938111,I2_1,10000,2826
827277970,I2_1,10000,2781
519036572,I2_1,10000,3683
791482426,I2_2,20000,5546
169513686,I2_1,10000,3963
947560694,I2_2,20000,9149
546656500,I2_2,20000,5805
974764046,I2_1,10000,4602
924296651,I2_2,20000,6706
428598712,I2_2,20000,9071
574009197,I2_2,20000,5388
583852145,I2_1,10000,5605
450918800,I2_2,20000,8094
367366768,I2_2,20000,4936
482124937,I2_1,10000,2642
495929192,I2_1,10000,2956
758107054,I2_2,20000,6911
466528307,I2_2,20000,4974
327753872,I2_1,10000,5538
498108710,I2_2,20000,8298
626205720,I2_1,10000,3940
965828810,I2_1,10000,3849
64260751,I2_1,10000,5073
270426292,I2_1,10000,4337
652617135,I2_2,20000,11903
430315864,I2_2,20000,10334
625826564,I2_1,10000,4338
76633432,I2_2,20000,10463
88434301,I2_2,20000,4719
150512879,I2_2,20000,5826
521880299,I2_1,10000,5143
851399196,I2_1,10000,6348
110907189,I2_2,20000,8301
157504152,I2_1,10000,6740
750482308,I2_1,10000,6074
686073240,I2_1,10000,5205
751663586,I2_2,20000,10603
707168809,I2_1,10000,2619
548502547,I2_1,10000,3193
942694069,I2_2,20000,4901
824856278,I2_2,20000,5828
37286785,I2_1,10000,2651
916566157,I2_2,20000,4965
698451327,I2_1,10000,3731
892114519,I2_1,10000,4832
625667357,I2_1,10000,4203
551649037,I2_1,10000,3587
683919822,I2_2,20000,4771
28745471,I2_2,20000,5684
232070830,I2_2,20000,5034
551151666,I2_1,10000,5566
882494357,I2_2,20000,6655
560932585,I2_2,20000,8186
721239651,I2_1,10000,4417
942970841,I2_2,20000,5234
182896108,I2_2,20000,4622
259444870,I2_1,10000,2876
492598912,I2_2,20000,6539
622881288,I2_1,10000,3531
843951108,I2_1,10000,2898
256539605,I2_2,20000,5097
622097605,I2_1,10000,3613
553147020,I2_1,10000,4686
240130554,I2_2,20000,5638
739750480,I2_1,10000,4966
683142986,I2_1,10000,3444
668544272,I2_2,20000,6719
791764969,I2_2,20000,6603
337786160,I2_1,10000,5525
795521983,I2_2,20000,8154
395943874,I2_1,10000,4783
72922150,I2_1,10000,5384
913958434,I2_1,10000,5013
429094523,I2_1,10000,3262
600208721,I2_2,20000,14111
950001129,I2_2,20000,4623
876083792,I2_1,10000,2602
659734417,I2_1,10000,2590
938937128,I2_2,20000,4703
575619324,I2_2,20000,6850
104985749,I2_2,20000,9681
156653496,I2_2,20000,4765
680154081,I2_1,10000,5187
830417224,I2_2,20000,4673
743702344,I2_1,10000,4071
172522434,I2_2,20000,7174
951305363,I2_2,20000,7175
552704146,I2_2,20000,8537
767525109,I2_2,20000,5790
947601111,I2_2,20000,4820
562256665,I2_2,20000,5499
750502680,I2_1,10000,4001
359148631,I2_1,10000,4586
67219734,I2_2,20000,4621
194176848,I2_1,10000,3346
683550996,I2_2,20000,5591
996071335,I2_1,10000,4474
333974497,I2_2,20000,6148
743685092,I2_1,10000,4100
540766508,I2_1,10000,3104
311162203,I2_2,20000,5558
673891735,I2_2,20000,4663
222700042,I2_1,10000,3019
190146217,I2_2,20000,5378
769244191,I2_2,20000,5101
706685747,I2_2,20000,7203
850654819,I2_1,10000,5510
208481549,I2_2,20000,7760
247337174,I2_1,10000,2734
923220329,I2_1,10000,2722
507887364,I2_2,20000,5594
630605127,I2_2,20000,4725
612799177,I2_1,10000,2893
981681642,I2_1,10000,4092
500498339,I2_1,10000,3168
432027936,I2_2,20000,4718
625558629,I2_1,10000,3464
78665884,I2_2,20000,5531
776325856,I2_2,20000,4666
24499197,I2_1,10000,3920
875774653,I2_2,20000,6129
958488047,I2_2,20000,4668
216514713,I2_2,20000,6804
337107347,I2_1,10000,2618
814208537,I2_2,20000,4783
934732966,I2_1,10000,4138
890172477,I2_2,20000,5489
507467760,I2_2,20000,4782
585418873,I2_1,10000,4213
570319407,I2_1,10000,4674
691718175,I2_2,20000,6357
65739953,I2_2,20000,5012
861803537,I2_2,20000,7207
600490680,I2_2,20000,4887
758624818,I2_1,10000,5514
680031345,I2_1,10000,4215
161360093,I2_2,20000,6661
667681478,I2_1,10000,3868
422001415,I2_1,10000,4418
807427768,I2_1,10000,3798
766359731,I2_2,20000,8293
961719826,I2_1,10000,3264
517119590,I2_2,20000,12286
290846568,I2_2,20000,14387
96506208,I2_1,10000,5518
922581741,I2_2,20000,9219
621031703,I2_2,20000,9880
931162441,I2_2,20000,10733
496886816,I2_2,20000,8367
191175569,I2_2,20000,7232
399698062,I2_1,10000,4506
640128701,I2_2,20000,6193
646972346,I2_1,10000,3874
980722042,I2_1,10000,4075
726664394,I2_1,10000,4604
726867652,I2_2,20000,8733
667344950,I2_1,10000,6134
139321134,I2_1,10000,6737
439055840,I2_1,10000,6678
368951977,I2_2,20000,11202
406334884,I2_2,20000,11656
381095780,I2_1,10000,3862
485044608,I2_1,10000,3966
691423576,I2_2,20000,6114
824000974,I2_1,10000,5602
558496408,I2_1,10000,4135
673202111,I2_1,10000,3549
830587327,I2_1,10000,3349
822421015,I2_1,10000,2644
778484534,I2_1,10000,3062
375696875,I2_2,20000,5307
37856023,I2_1,10000,4734
126465285,I2_2,20000,5143
846591754,I2_2,20000,4633
594222108,I2_1,10000,2689
583241021,I2_1,10000,3873
634243399,I2_1,10000,2736
38275112,I2_2,20000,4786
803325162,I2_1,10000,2830
894477733,I2_1,10000,4168
883300756,I2_2,20000,8556
685559327,I2_2,20000,4596
385666762,I2_1,10000,5165
185794893,I2_2,20000,4672
123661570,I2_2,20000,4655
790795155,I2_1,10000,2997
156069369,I2_1,10000,4392
65441397,I2_2,20000,6740
775641537,I2_1,10000,4451
369865302,I2_2,20000,7202
845935233,I2_2,20000,5876
240073753,I2_2,20000,5351
941405816,I2_1,10000,5412
257083404,I2_2,20000,8604
879091686,I2_1,10000,4738
278066801,I2_1,10000,3754
807499559,I2_2,20000,10287
947401132,I2_2,20000,7550
371701224,I2_1,10000,4858
908177976,I2_1,10000,6536
927328636,I2_2,20000,5058
314807237,I2_1,10000,3874
921425110,I2_2,20000,5177
643020720,I2_2,20000,5521
957116749,I2_1,10000,4087
505643963,I2_1,10000,3722
61943522,I2_1,10000,3676
286232299,I2_2,20000,7083
163757239,I2_1,10000,4128
770871092,I2_2,20000,4627
309120776,I2_1,10000,2672
65896709,I2_1,10000,3527
980454641,I2_1,10000,2930
703195720,I2_2,20000,5208
859524285,I2_1,10000,2736
182727045,I2_1,10000,3793
651067019,I2_2,20000,5269
110840911,I2_1,10000,4736
165724718,I2_1,10000,3183
261126758,I2_2,20000,9733
783004101,I2_1,10000,5812
720935404,I2_1,10000,5532
339164610,I2_1,10000,7167
802687462,I2_1,10000,5403
352661847,I2_2,20000,11636
753272437,I2_2,20000,12082
63664852,I2_2,20000,10750
344776603,I2_1,10000,3091
113738037,I2_1,10000,2741
793759966,I2_1,10000,4431
733852008,I2_2,20000,4622
902140940,I2_2,20000,4635
906195631,I2_1,10000,5194
938484874,I2_2,20000,5384
713873298,I2_1,10000,2868
356727616,I2_2,20000,5006
686949827,I2_2,20000,7143
283269260,I2_2,20000,8780
255263612,I2_1,10000,3685
524358214,I2_1,10000,5591
456236211,I2_2,20000,4696
213196997,I2_2,20000,6750
397032445,I2_2,20000,5473
764937395,I2_2,20000,5660
851709082,I2_1,10000,3931
931914446,I2_1,10000,3367
712312415,I2_2,20000,5610
247070127,I2_1,10000,4488
615831113,I2_2,20000,8915
275510576,I2_1,10000,3992
555044912,I2_2,20000,7292
384181390,I2_2,20000,6621
888048058,I2_2,20000,9355
669216440,I2_2,20000,10284
67726786,I2_1,10000,4305
443490094,I2_2,20000,10746
760891315,I2_1,10000,4445
460535234,I2_1,10000,6007
488455293,I2_2,20000,16156
959233063,I2_2,20000,13997
699573172,I2_2,20000,16201
691393483,I2_1,10000,5665
118254263,I2_1,10000,7257
995072024,I2_2,20000,15414
695913759,I2_2,20000,15938
461967334,I2_1,10000,5793
171295237,I2_2,20000,15269
897093108,I2_2,20000,11186
645419353,I2_1,10000,5852
614602256,I2_1,10000,2904
185582688,I2_2,20000,4573
630483999,I2_1,10000,2916
899112316,I2_2,20000,6038
698253122,I2_1,10000,3703
457169764,I2_1,10000,5277
796646312,I2_1,10000,3657
801191690,I2_2,20000,6756
241272372,I2_1,10000,5921
253223216,I2_1,10000,5351
257830416,I2_2,20000,7523
447838034,I2_1,10000,5711
484240222,I2_1,10000,4800
625405270,I2_2,20000,9468
32723656,I2_2,20000,9183
313731257,I2_2,20000,4569
742819086,I2_2,20000,5500
927289413,I2_1,10000,2964
584856333,I2_2,20000,5647
191190451,I2_1,10000,4936
735950970,I2_1,10000,5379
448769551,I2_1,10000,5322
955259367,I2_2,20000,10368
721384784,I2_1,10000,4819
851671018,I2_1,10000,4379
412891262,I2_2,20000,10637
622192129,I2_1,10000,4742
717448691,I2_1,10000,4337
728778104,I2_2,20000,13337
490357968,I2_2,20000,11203
822405207,I2_2,20000,12671
929621063,I2_1,10000,6916
506297197,I2_1,10000,3800
226393921,I2_2,20000,13271
187725275,I2_1,10000,5766
878326345,I2_2,20000,14739
52262909,I2_1,10000,5427
693883740,I2_2,20000,11081
152373663,I2_2,20000,13085
851881627,I2_2,20000,13823
282624068,I2_2,20000,15893
58757361,I2_1,10000,6261
400167026,I2_2,20000,12654
393216822,I2_2,20000,14784
865221761,I2_2,20000,14867
923932615,I2_2,20000,9021
600392709,I2_1,10000,5963
407387964,I2_2,20000,9941
652875192,I2_1,10000,7588
887251343,I2_1,10000,5859
348283724,I2_1,10000,4856
457336682,I2_1,10000,3006
472289828,I2_1,10000,3057
284841797,I2_1,10000,4613
821102418,I2_2,20000,7195
804109203,I2_2,20000,8254
797959721,I2_1,10000,5884
230681369,I2_1,10000,5772
80180510,I2_1,10000,6537
185751933,I2_1,10000,2508
646514942,I2_1,10000,3524
537778864,I2_1,10000,4024
531097966,I2_1,10000,3457
36046522,I2_2,20000,6033
865421674,I2_1,10000,4239
289909420,I2_2,20000,7940
307196545,I2_2,20000,8903
109934784,I2_2,20000,4731
759131806,I2_2,20000,4639
829977903,I2_1,10000,2875
465753799,I2_2,20000,4567
739449515,I2_2,20000,6683
456739454,I2_1,10000,3799
71747972,I2_2,20000,5182
247177560,I2_1,10000,4088
916332066,I2_2,20000,5166
825032071,I2_2,20000,6108
934725387,I2_2,20000,4560
246286003,I2_1,10000,5115
885709671,I2_1,10000,4974
588845942,I2_1,10000,4872
85402503,I2_2,20000,4506
782509519,I2_1,10000,2606
700655924,I2_2,20000,5198
316948050,I2_1,10000,3494
233503025,I2_2,20000,6063
292068266,I2_1,10000,3656
429873999,I2_1,10000,2961
681936878,I2_1,10000,3162
976787539,I2_1,10000,3201
215334526,I2_2,20000,5277
696648346,I2_2,20000,4704
780114479,I2_2,20000,4669
739773837,I2_2,20000,5234
914643167,I2_1,10000,3610
562903394,I2_1,10000,4113
136111086,I2_1,10000,5222
875565672,I2_1,10000,4247
144229782,I2_2,20000,4692
923327219,I2_2,20000,4694
938397512,I2_2,20000,4772
179140079,I2_2,20000,5219
32304527,I2_1,10000,3617
682419507,I2_2,20000,6353
109700319,I2_1,10000,3763
618271501,I2_2,20000,5288
14211102,I2_1,10000,3557
449236753,I2_1,10000,4062
190765367,I2_2,20000,5100
859224647,I2_2,20000,7980
891392984,I2_1,10000,3578
513282409,I2_2,20000,5372
216398936,I2_1,10000,2755
851668483,I2_2,20000,5379
511241287,I2_2,20000,5211
282832489,I2_1,10000,3160
512601987,I2_2,20000,5997
892137999,I2_1,10000,3505
392416611,I2_1,10000,3577
787907166,I2_1,10000,2717
618863501,I2_1,10000,3012
473380878,I2_1,10000,3853
537152302,I2_1,10000,3184
351188857,I2_2,20000,5759
756391570,I2_1,10000,5010
248887037,I2_2,20000,8308
572145720,I2_2,20000,8021
243577146,I2_2,20000,7048
76791568,I2_1,10000,3663
178597345,I2_2,20000,5906
288425730,I2_2,20000,8051
271874150,I2_2,20000,5853
90885266,I2_1,10000,4300
998403953,I2_2,20000,7590
786973546,I2_2,20000,5016
118381550,I2_1,10000,2707
570055338,I2_1,10000,3860
614775443,I2_1,10000,2650
284247618,I2_1,10000,3710
127669394,I2_2,20000,4680
545323557,I2_2,20000,4646
777772744,I2_1,10000,3456
750884136,I2_1,10000,4489
967934523,I2_1,10000,2767
488804960,I2_1,10000,3880
578206974,I2_1,10000,4912
600301842,I2_1,10000,3761
118132722,I2_1,10000,4329
510472317,I2_1,10000,5251
871342786,I2_2,20000,4925
513591847,I2_1,10000,4347
562536455,I2_2,20000,5633
227833860,I2_1,10000,2691
282732593,I2_1,10000,2622
25391877,I2_1,10000,2748
171339258,I2_1,10000,2940
132471438,I2_2,20000,5530
334162518,I2_1,10000,2890
478271032,I2_2,20000,5595
281558109,I2_1,10000,3856
897407318,I2_2,20000,6869
221154914,I2_2,20000,4758
894915809,I2_1,10000,5343
861708394,I2_1,10000,4267
804892904,I2_2,20000,5025
273304897,I2_1,10000,3360
208604226,I2_1,10000,3311
109521792,I2_2,20000,6541
704465656,I2_1,10000,4563
247501608,I2_1,10000,5507
716483481,I2_2,20000,9060
832515758,I2_2,20000,9449
704446354,I2_1,10000,3417
498882839,I2_1,10000,4616
424389294,I2_1,10000,4760
242203583,I2_2,20000,7561
979652687,I2_2,20000,7871
997431254,I2_1,10000,6624
130198179,I2_1,10000,7245
775113179,I2_2,20000,9657
118764250,I2_2,20000,5118
725003712,I2_1,10000,5674
157710805,I2_1,10000,4209
838293168,I2_2,20000,5943
131359143,I2_1,10000,5081
385973885,I2_2,20000,7367
27183151,I2_2,20000,7780
503787452,I2_2,20000,8846
430586636,I2_2,20000,6633
133127398,I2_2,20000,7684
563284999,I2_1,10000,3815
967377749,I2_2,20000,5406
656310020,I2_1,10000,4299
144895266,I2_1,10000,3828
526117792,I2_1,10000,4890
56769163,I2_2,20000,4664
649935467,I2_2,20000,5672
250567475,I2_2,20000,4845
657768797,I2_2,20000,6805
528678157,I2_1,10000,2734
24465503,I2_2,20000,5136
223120207,I2_1,10000,4363
951336695,I2_2,20000,8628
361531514,I2_1,10000,4813
348689832,I2_2,20000,7118
898872456,I2_2,20000,9225
608183268,I2_1,10000,4542
364661217,I2_1,10000,5179
757946535,I2_1,10000,5243
299833472,I2_1,10000,4561
8192191,I2_1,10000,5017
697024830,I2_2,20000,17337
123429331,I2_2,20000,17798
252031978,I2_2,20000,12698
235015082,I2_1,10000,6508
772790737,I2_2,20000,15334
965101310,I2_1,10000,5910
940303772,I2_2,20000,18089
394362218,I2_1,10000,7431
151928520,I2_1,10000,8561
855074628,I2_1,10000,10313
31603552,I2_1,10000,5075
281520667,I2_1,10000,5552
201665508,I2_2,20000,10983
89151865,I2_1,10000,5068
849737743,I2_1,10000,5442
294251533,I2_2,20000,15553
960881950,I2_2,20000,8127
687773648,I2_1,10000,2657
216625394,I2_1,10000,2675
716733825,I2_1,10000,2620
212773414,I2_1,10000,3099
810906831,I2_2,20000,5680
759062690,I2_2,20000,6189
581681512,I2_2,20000,4625
110324668,I2_1,10000,5154
29445206,I2_1,10000,3183
226484069,I2_1,10000,2673
510292889,I2_2,20000,6065
425478258,I2_2,20000,4612
572861741,I2_1,10000,2905
98034784,I2_1,10000,4215
305969346,I2_1,10000,3090
84676586,I2_2,20000,5377
25775133,I2_1,10000,4598
254766601,I2_2,20000,6829
630521328,I2_1,10000,5638
312487467,I2_1,10000,4021
248794841,I2_2,20000,7254
570670574,I2_2,20000,7879
951490929,I2_2,20000,7022
259925340,I2_1,10000,5469
608964171,I2_1,10000,6620
974958728,I2_1,10000,6552
884257732,I2_1,10000,4499
799897601,I2_1,10000,4621
540588410,I2_1,10000,3395
179039059,I2_2,20000,7724
643300914,I2_2,20000,7062
295340172,I2_1,10000,5903
492409122,I2_1,10000,4362
693973559,I2_2,20000,9945
60718863,I2_2,20000,8282
507522516,I2_1,10000,4567
207802054,I2_1,10000,6149
250563822,I2_1,10000,5490
827660751,I2_2,20000,5841
964582575,I2_1,10000,5329
380027528,I2_2,20000,6243
630904988,I2_2,20000,8166
713207895,I2_1,10000,2864
261770497,I2_2,20000,4936
529783277,I2_1,10000,4284
507753686,I2_1,10000,2974
562496972,I2_2,20000,5157
934892695,I2_2,20000,5038
357457884,I2_2,20000,7137
676364522,I2_1,10000,5348
745994434,I2_2,20000,9088
257417125,I2_1,10000,4743
995720693,I2_2,20000,6058
318054982,I2_1,10000,2995
479849783,I2_2,20000,5095
467257882,I2_2,20000,6476
400521873,I2_1,10000,2669
976494338,I2_1,10000,2611
976731567,I2_1,10000,2771
540546839,I2_2,20000,5344
25947244,I2_2,20000,4985
513275177,I2_2,20000,6085
547809315,I2_1,10000,3527
613728387,I2_2,20000,5365
652783781,I2_1,10000,3608
69052233,I2_2,20000,4645
302275452,I2_1,10000,5283
335081111,I2_1,10000,5712
922723181,I2_2,20000,6817
122405882,I2_1,10000,3861
446114077,I2_1,10000,3935
814341197,I2_2,20000,9443
231127223,I2_1,10000,5567
29680842,I2_1,10000,4821
794611325,I2_1,10000,6521
526421840,I2_2,20000,14281
216640481,I2_1,10000,5366
110431337,I2_2,20000,9191
191662409,I2_1,10000,4895
392863025,I2_2,20000,10730
228899222,I2_1,10000,5186
574386698,I2_1,10000,4950
401949084,I2_2,20000,12804
652650997,I2_2,20000,8359
468943613,I2_1,10000,5245
450372621,I2_2,20000,12587
26235941,I2_2,20000,9995
696030910,I2_1,10000,4204
260324929,I2_2,20000,12500
929442955,I2_2,20000,6835
384465825,I2_2,20000,8189
317776308,I2_1,10000,5029
508778538,I2_1,10000,3357
463423672,I2_2,20000,4560
898256245,I2_1,10000,3124
968732930,I2_2,20000,4558
389509138,I2_1,10000,2921
697984169,I2_2,20000,6325
546471851,I2_1,10000,4114
675507710,I2_1,10000,3943
854502725,I2_1,10000,5231
618729524,I2_1,10000,3640
860220327,I2_1,10000,2903
592782388,I2_1,10000,2752
476238510,I2_1,10000,3799
344766124,I2_2,20000,5562
494899610,I2_1,10000,6074
350296186,I2_1,10000,6603
901627955,I2_1,10000,6372
174174981,I2_1,10000,5768
383637750,I2_1,10000,4375
359588384,I2_2,20000,12044
817834723,I2_2,20000,12616
524447594,I2_2,20000,8782
597815079,I2_1,10000,4778
855697149,I2_2,20000,9941
809895814,I2_1,10000,3353
110060442,I2_1,10000,2599
626032820,I2_2,20000,4733
211455282,I2_2,20000,4815
361119901,I2_1,10000,3109
991100835,I2_1,10000,4660
445707074,I2_2,20000,6510
906767552,I2_2,20000,8485
169254090,I2_1,10000,2752
284281180,I2_2,20000,5118
465488593,I2_2,20000,7314
520505710,I2_2,20000,7641
92809251,I2_1,10000,2814
174641568,I2_2,20000,6049
29723239,I2_1,10000,5990
289256166,I2_1,10000,6559
273531397,I2_1,10000,7614
440497751,I2_1,10000,6192
74127055,I2_1,10000,4016
740424148,I2_2,20000,12341
879965697,I2_1,10000,3080
381721182,I2_1,10000,3261
123662120,I2_1,10000,2624
686228065,I2_1,10000,3071
301239328,I2_1,10000,3267
27497453,I2_2,20000,5859
769781171,I2_1,10000,5090
436037570,I2_1,10000,6611
727441244,I2_1,10000,6153
134308686,I2_2,20000,11754
790888442,I2_2,20000,10724
441827932,I2_2,20000,9695
290072576,I2_2,20000,9548
85489706,I2_2,20000,11658
806307164,I2_1,10000,5716
202150469,I2_1,10000,5483
337974785,I2_2,20000,13113
681125390,I2_2,20000,13213
123957456,I2_1,10000,5260
363336651,I2_2,20000,14683
235736707,I2_2,20000,10048
327216740,I2_2,20000,7576
31920201,I2_1,10000,6309
335988401,I2_2,20000,8255
537295091,I2_1,10000,5230
772631361,I2_1,10000,4825
128325203,I2_2,20000,7948
968198363,I2_2,20000,10004
324401221,I2_2,20000,11235
336877433,I2_2,20000,7491
718571315,I2_2,20000,4593
885515933,I2_1,10000,3667
437547567,I2_2,20000,6952
240829341,I2_1,10000,3929
180511114,I2_1,10000,4470
994367003,I2_1,10000,5529
576133789,I2_1,10000,5813
478816447,I2_1,10000,4277
667874376,I2_2,20000,9965
219921100,I2_2,20000,8744
965012202,I2_2,20000,4541
761051210,I2_2,20000,6838
426687475,I2_1,10000,3453
203838578,I2_1,10000,3477
349721787,I2_2,20000,4502
464664534,I2_2,20000,6591
98502636,I2_2,20000,4661
862768071,I2_1,10000,3806
21852554,I2_2,20000,4878
584683098,I2_1,10000,2576
955268594,I2_2,20000,4655
705128760,I2_1,10000,4067
446984810,I2_1,10000,4192
688513252,I2_1,10000,2657
501861199,I2_1,10000,4464
605527884,I2_1,10000,5035
44318754,I2_2,20000,4680
978460406,I2_1,10000,3012
929505631,I2_1,10000,4095
270697896,I2_2,20000,6217
919348985,I2_1,10000,5532
36647109,I2_2,20000,9926
644681808,I2_2,20000,9747
119528614,I2_2,20000,9297
155097923,I2_2,20000,8676
39149418,I2_2,20000,5604
430537629,I2_1,10000,4916
631823779,I2_1,10000,5380
373679008,I2_2,20000,9281
276653202,I2_2,20000,10382
782025125,I2_1,10000,3338
162060080,I2_1,10000,2659
143993980,I2_1,10000,2682
732130457,I2_1,10000,3597
264678660,I2_1,10000,3063
546428613,I2_2,20000,6025
217954119,I2_1,10000,3525
389133210,I2_1,10000,4328
147689026,I2_1,10000,4869
529119033,I2_2,20000,5329
783017088,I2_2,20000,6195
306240645,I2_2,20000,6057
571556628,I2_1,10000,5410
155792793,I2_1,10000,5909
159120839,I2_1,10000,6432
432515829,I2_2,20000,10978
885813834,I2_1,10000,2655
55550753,I2_2,20000,5003
585751084,I2_1,10000,4019
726092679,I2_1,10000,5714
417497668,I2_2,20000,8318
551376192,I2_2,20000,9923
222620085,I2_1,10000,4851
542213204,I2_1,10000,4374
97717022,I2_2,20000,12834
794091918,I2_2,20000,13907
911474063,I2_2,20000,14494
670013277,I2_2,20000,14433
119835423,I2_1,10000,5432
353575281,I2_1,10000,4905
541998917,I2_1,10000,4374
601600919,I2_1,10000,4269
724849491,I2_2,20000,13952
847240392,I2_1,10000,5862
481969208,I2_1,10000,6493
757525422,I2_2,20000,11338
705294673,I2_1,10000,3778
812355588,I2_1,10000,3781
469959614,I2_1,10000,3208
412465517,I2_2,20000,13743
514568547,I2_2,20000,15790
728011688,I2_2,20000,13771
643830520,I2_2,20000,13080
451039820,I2_2,20000,7961
612530852,I2_1,10000,6338
341204717,I2_1,10000,4761
613506690,I2_2,20000,5477
71129884,I2_2,20000,4892
370369884,I2_2,20000,5793
539830437,I2_1,10000,2455
409393343,I2_2,20000,4972
740460595,I2_1,10000,5494
974084520,I2_1,10000,2889
812127856,I2_2,20000,7778
624728477,I2_1,10000,2480
208453425,I2_1,10000,2683
145907355,I2_2,20000,5973
809589773,I2_2,20000,4588
625986218,I2_2,20000,6718
500807163,I2_2,20000,4661
787882890,I2_2,20000,5464
608156527,I2_1,10000,2889
588625243,I2_1,10000,4843
434570291,I2_2,20000,8226
398436103,I2_1,10000,4936
950929564,I2_1,10000,5430
158117737,I2_2,20000,8689
198834517,I2_1,10000,5768
230061417,I2_1,10000,6371
420761777,I2_2,20000,11048
348729678,I2_1,10000,2747
18694877,I2_2,20000,4702
91772506,I2_1,10000,2563
915834849,I2_1,10000,2612
169248753,I2_2,20000,5478
928213839,I2_2,20000,5548
787797299,I2_1,10000,4913
825581280,I2_1,10000,4487
151646030,I2_2,20000,7052
441475471,I2_2,20000,5020
226026960,I2_1,10000,5004
814616667,I2_2,20000,5828
373564849,I2_1,10000,4051
216945411,I2_1,10000,5656
348953369,I2_2,20000,6525
89778047,I2_2,20000,7226
474080768,I2_2,20000,8242
774382670,I2_2,20000,6116
903209695,I2_1,10000,5734
802290398,I2_1,10000,4022
396777725,I2_1,10000,5623
486465930,I2_1,10000,6053
645388403,I2_2,20000,8526
474107862,I2_2,20000,9818
718570312,I2_1,10000,3539
164388066,I2_2,20000,5661
892848577,I2_1,10000,3122
425711289,I2_1,10000,4713
618396816,I2_2,20000,9086
956556656,I2_2,20000,5357
241086540,I2_1,10000,2649
298494008,I2_1,10000,3142
910166572,I2_2,20000,5163
305818970,I2_1,10000,4556
118379284,I2_2,20000,4880
703006548,I2_2,20000,7143
75580637,I2_2,20000,4507
821343003,I2_1,10000,4838
380062697,I2_2,20000,4983
169415798,I2_1,10000,5426
686209195,I2_1,10000,3951
727851363,I2_2,20000,8637
844505440,I2_2,20000,7616
315740721,I2_1,10000,3641
949573701,I2_1,10000,5232
205050692,I2_1,10000,5749
750344941,I2_1,10000,7428
347619027,I2_2,20000,10257
22197544,I2_1,10000,4828
208800061,I2_2,20000,9230
533923058,I2_1,10000,5914
756962117,I2_1,10000,6533
928241271,I2_1,10000,6968
641203918,I2_1,10000,7486
283483164,I2_2,20000,14392
551378072,I2_2,20000,15853
613037348,I2_2,20000,15861
80432907,I2_2,20000,14339
225669775,I2_1,10000,5202
754548563,I2_1,10000,6723
293167066,I2_1,10000,5283
900310032,I2_2,20000,17403
34452663,I2_2,20000,18929
350808526,I2_1,10000,7905
824136562,I2_2,20000,16389
414195392,I2_2,20000,17194
638506078,I2_1,10000,6704
590190870,I2_2,20000,18375
391254124,I2_1,10000,7327
944105661,I2_2,20000,19934
874163235,I2_1,10000,5219
769275667,I2_2,20000,15197
746662234,I2_2,20000,17702
740111755,I2_1,10000,6334
274585615,I2_2,20000,17714
56241922,I2_2,20000,17797
603532094,I2_2,20000,13167
600117945,I2_1,10000,6285
268939830,I2_2,20000,14207
817106616,I2_1,10000,5882
51462334,I2_2,20000,15825
423653846,I2_2,20000,16317
893661838,I2_1,10000,6353
804239919,I2_2,20000,14160
28395623,I2_2,20000,15852
114690107,I2_1,10000,5251
852066109,I2_2,20000,14132
568296917,I2_1,10000,3814
49804550,I2_2,20000,15623
258288889,I2_2,20000,14181
612315231,I2_2,20000,7865
671614379,I2_1,10000,5215
666313004,I2_2,20000,10565
867532600,I2_1,10000,4270
35622453,I2_2,20000,8453
762660597,I2_1,10000,5236
234335757,I2_2,20000,9450
261521870,I2_2,20000,7367
709432578,I2_1,10000,4877
326148227,I2_1,10000,3038
560219786,I2_1,10000,3497
670163800,I2_1,10000,3951
859068062,I2_2,20000,5166
833794979,I2_2,20000,7238
849026577,I2_2,20000,5943
959603093,I2_1,10000,4171
977523797,I2_2,20000,9639
473215287,I2_2,20000,9175
505308704,I2_2,20000,9201
83763898,I2_1,10000,4603
982988301,I2_2,20000,7167
270225905,I2_1,10000,4738
717490905,I2_2,20000,9119
84782487,I2_2,20000,4839
377462829,I2_2,20000,4521
488820416,I2_2,20000,4714
908453696,I2_1,10000,2648
147512152,I2_1,10000,2991
451041892,I2_2,20000,5315
356116098,I2_1,10000,4634
703479841,I2_2,20000,7599
262773810,I2_1,10000,5118
311229681,I2_1,10000,5599
915832364,I2_1,10000,4383
935817336,I2_2,20000,4924
908956787,I2_2,20000,5706
836912466,I2_1,10000,5098
267229578,I2_1,10000,2481
147635750,I2_1,10000,3501
848642380,I2_1,10000,2852
884311159,I2_2,20000,5125
683336654,I2_2,20000,7246
567136974,I2_2,20000,5547
979966128,I2_2,20000,4550
973752213,I2_2,20000,6497
146527021,I2_1,10000,2644
965336734,I2_1,10000,3075
330449609,I2_2,20000,4619
853773362,I2_2,20000,6709
674068391,I2_1,10000,3435
68968004,I2_2,20000,5241
603207589,I2_1,10000,2583
331831364,I2_2,20000,8555
902072969,I2_1,10000,3204
351413850,I2_1,10000,2876
733202894,I2_2,20000,4590
26621473,I2_1,10000,2609
232045731,I2_1,10000,2956
859686737,I2_2,20000,4658
852309584,I2_1,10000,4036
500901601,I2_2,20000,6533
160928561,I2_2,20000,5878
870666896,I2_2,20000,4613
745989322,I2_1,10000,2682
882482241,I2_2,20000,4715
317499394,I2_1,10000,3125
683304837,I2_2,20000,5676
156043577,I2_1,10000,4965
460690177,I2_1,10000,3990
325835141,I2_2,20000,10937
455493116,I2_2,20000,5852
470582758,I2_1,10000,3335
228912978,I2_2,20000,6656
303348663,I2_2,20000,5982
455853456,I2_1,10000,5429
787432240,I2_1,10000,7137
531883082,I2_1,10000,6506
257766855,I2_1,10000,5030
700245665,I2_2,20000,10210
855862275,I2_1,10000,6594
790338619,I2_1,10000,6011
23331594,I2_1,10000,5441
501307487,I2_1,10000,4456
865483046,I2_2,20000,13537
938779919,I2_1,10000,4841
513578115,I2_1,10000,4871
944421686,I2_1,10000,6493
367856597,I2_2,20000,16843
564263805,I2_2,20000,18473
55902264,I2_1,10000,7119
901567041,I2_1,10000,3312
714759918,I2_2,20000,9243
140548417,I2_1,10000,4335
418928418,I2_1,10000,4871
599950480,I2_2,20000,11282
834383256,I2_2,20000,8908
372207505,I2_1,10000,2987
183518352,I2_1,10000,3739
323157843,I2_2,20000,5311
50154847,I2_2,20000,4628
515592160,I2_1,10000,2709
723252382,I2_1,10000,2662
535120100,I2_2,20000,4774
69783178,I2_1,10000,4238
257606732,I2_1,10000,5155
914864638,I2_1,10000,4434
867865562,I2_2,20000,8430
844045184,I2_1,10000,4837
446682459,I2_1,10000,4184
74240797,I2_2,20000,10755
321858689,I2_1,10000,2717
185775796,I2_1,10000,2926
556991547,I2_1,10000,2661
958868713,I2_2,20000,5850
295798658,I2_2,20000,4568
868848347,I2_1,10000,2979
243413199,I2_2,20000,5401
167862459,I2_1,10000,4788
200214237,I2_1,10000,3169
972313033,I2_2,20000,9651
982866073,I2_1,10000,5450
648816734,I2_1,10000,5321
382243837,I2_2,20000,10503
458514477,I2_2,20000,12663
266732254,I2_2,20000,13442
158907245,I2_2,20000,15055
915993762,I2_1,10000,6546
163001696,I2_1,10000,7629
942743699,I2_1,10000,7019
252952430,I2_1,10000,7607
306304038,I2_2,20000,6612
648126332,I2_1,10000,3025
200872331,I2_1,10000,3201
538245367,I2_2,20000,5351
538479378,I2_2,20000,5379
400544620,I2_1,10000,4653
778387182,I2_1,10000,5153
78218309,I2_1,10000,5778
877768821,I2_1,10000,5095
603788043,I2_2,20000,9061
67780820,I2_1,10000,5517
611375490,I2_1,10000,6085
706798678,I2_1,10000,6518
504800108,I2_2,20000,13722
441277831,I2_2,20000,15790
176738855,I2_2,20000,15197
987987208,I2_1,10000,5906
756679345,I2_1,10000,5962
350436493,I2_2,20000,14910
809102848,I2_1,10000,7457
987631147,I2_2,20000,14879
731869961,I2_2,20000,13803
612098703,I2_1,10000,6318
633867693,I2_1,10000,4259
489367547,I2_2,20000,9436
324870050,I2_1,10000,4761
116687142,I2_2,20000,10007
468297279,I2_2,20000,8235
837539142,I2_2,20000,9794
520672417,I2_2,20000,5125
761435232,I2_1,10000,4269
448112133,I2_2,20000,5400
946467500,I2_1,10000,3657
563394287,I2_1,10000,4193
824465046,I2_2,20000,9057
992598810,I2_2,20000,9977
454702348,I2_2,20000,5080
673177395,I2_1,10000,4454
949780322,I2_1,10000,3935
505367122,I2_1,10000,3859
603799921,I2_1,10000,2673
636742629,I2_1,10000,2869
936524043,I2_1,10000,2409
395973256,I2_2,20000,4418
758475893,I2_1,10000,3966
27549864,I2_1,10000,3801
389721422,I2_1,10000,3773
754139472,I2_1,10000,3728
854817150,I2_2,20000,7978
385057170,I2_1,10000,3396
149811992,I2_1,10000,2814
445986857,I2_2,20000,5038
205304675,I2_1,10000,3286
842049882,I2_1,10000,3830
677592988,I2_2,20000,5302
415049810,I2_2,20000,5846
753627419,I2_2,20000,6845
921476078,I2_2,20000,5013
444076120,I2_2,20000,5736
164571995,I2_1,10000,4047
704855630,I2_1,10000,3867
417477443,I2_1,10000,4833
615569327,I2_1,10000,4353
941213889,I2_2,20000,4970
993835230,I2_2,20000,5419
348390553,I2_1,10000,5391
763505809,I2_1,10000,5809
579450568,I2_2,20000,5347
142423966,I2_2,20000,4529
492748041,I2_2,20000,5544
855981048,I2_1,10000,2767
546686823,I2_2,20000,8275
581693304,I2_1,10000,4415
580228630,I2_2,20000,4592
62764948,I2_1,10000,3005
331591931,I2_1,10000,4397
551159171,I2_2,20000,6059
95315376,I2_2,20000,8123
491030804,I2_1,10000,2513
47057171,I2_1,10000,2438
165715802,I2_1,10000,2450
743382524,I2_2,20000,4842
436142407,I2_1,10000,3981
79825471,I2_2,20000,5200
472877342,I2_1,10000,3569
796057517,I2_2,20000,4507
491668830,I2_1,10000,2556
174963785,I2_2,20000,5338
249505140,I2_1,10000,2558
282912178,I2_2,20000,5622
728975802,I2_1,10000,4342
7080873,I2_2,20000,7638
944169776,I2_2,20000,7394
632101361,I2_1,10000,3690
154511001,I2_2,20000,8724
765672857,I2_2,20000,6214
110990366,I2_2,20000,5746
592541396,I2_2,20000,4539
931938371,I2_2,20000,4559
72743660,I2_1,10000,2973
919634353,I2_1,10000,4115
244879790,I2_2,20000,4499
849437293,I2_1,10000,2821
482032867,I2_2,20000,6463
111403394,I2_2,20000,4931
981246104,I2_1,10000,2599
34592771,I2_2,20000,4552
268398723,I2_1,10000,3017
253149928,I2_2,20000,5288
334044695,I2_1,10000,3905
42516364,I2_1,10000,4542
589125590,I2_2,20000,8702
539470748,I2_2,20000,5809
623590690,I2_2,20000,5176
22519837,I2_1,10000,2565
936346746,I2_1,10000,3006
53203296,I2_2,20000,4625
222202644,I2_1,10000,4121
878642564,I2_1,10000,3966
607001318,I2_1,10000,5583
777008161,I2_2,20000,6163
282851956,I2_2,20000,6298
539397423,I2_1,10000,3674
528839684,I2_1,10000,3995
436859972,I2_1,10000,4488
894865405,I2_2,20000,7643
64432809,I2_2,20000,10383
43004229,I2_2,20000,9789
153147631,I2_1,10000,4350
713911749,I2_2,20000,10780
208391879,I2_1,10000,3803
58874891,I2_2,20000,14447
79256636,I2_2,20000,14906
811510216,I2_2,20000,14916
165029693,I2_2,20000,15847
910290331,I2_2,20000,14566
591459622,I2_2,20000,15108
931993796,I2_2,20000,4669
927313076,I2_1,10000,2583
989436499,I2_1,10000,2950
459467062,I2_2,20000,4768
184225535,I2_1,10000,3485
3946471,I2_2,20000,6379
596353948,I2_2,20000,4577
538937508,I2_1,10000,6121
386769538,I2_1,10000,4363
969433737,I2_2,20000,7811
308429498,I2_1,10000,3788
580869207,I2_1,10000,3358
119867111,I2_2,20000,7120
671920185,I2_1,10000,4961
189207428,I2_1,10000,6035
175757763,I2_1,10000,7571
199316521,I2_1,10000,6984
128275586,I2_1,10000,5548
694629477,I2_2,20000,13164
681834870,I2_2,20000,14142
880979216,I2_1,10000,6570
508190667,I2_2,20000,17385
844398353,I2_1,10000,8677
694936169,I2_1,10000,4980
272548221,I2_2,20000,10812
406197021,I2_2,20000,10768
115062250,I2_2,20000,9514
98741954,I2_1,10000,4229
858235271,I2_2,20000,12274
674701589,I2_2,20000,5525
445274302,I2_1,10000,2926
243467096,I2_2,20000,5122
609502340,I2_1,10000,4504
505204301,I2_2,20000,5930
565563455,I2_2,20000,4645
757946628,I2_1,10000,5187
466654021,I2_2,20000,5909
192461871,I2_1,10000,4179
274917381,I2_1,10000,5296
296499206,I2_1,10000,6120
563369154,I2_1,10000,3816
919913194,I2_2,20000,8199
851392452,I2_2,20000,9122
128276237,I2_1,10000,5318
399520421,I2_2,20000,7632
779070954,I2_1,10000,4256
842264334,I2_1,10000,3870
664181002,I2_2,20000,6928
757921972,I2_2,20000,8069
254171480,I2_2,20000,9578
484258770,I2_2,20000,11647
21233219,I2_2,20000,10537
497895338,I2_1,10000,5778
218061836,I2_1,10000,6733
633775796,I2_2,20000,12973
21330385,I2_1,10000,5201
39405432,I2_2,20000,13194
99766648,I2_1,10000,4692
25120957,I2_2,20000,15038
190201504,I2_2,20000,12125
264243180,I2_2,20000,8660
281802840,I2_2,20000,7669
415591646,I2_1,10000,2506
955943086,I2_1,10000,2480
246054089,I2_2,20000,4655
712394673,I2_2,20000,5311
154134003,I2_1,10000,3482
322262693,I2_2,20000,6701
479414170,I2_2,20000,7603
133630393,I2_2,20000,8469
481473285,I2_2,20000,10442
821695732,I2_2,20000,11371
715702204,I2_1,10000,2617
450824028,I2_1,10000,3283
705074058,I2_2,20000,6327
181267231,I2_1,10000,4372
679329810,I2_2,20000,6053
60009734,I2_1,10000,4370
691122621,I2_2,20000,6916
230371524,I2_2,20000,9021
496171756,I2_1,10000,5408
853396037,I2_2,20000,10585
915089724,I2_2,20000,8339
818937220,I2_1,10000,6274
87601288,I2_1,10000,6909
425219812,I2_2,20000,9935
12760878,I2_2,20000,10529
754727109,I2_2,20000,11506
119184804,I2_2,20000,6858
62155541,I2_2,20000,8659
750530424,I2_1,10000,4107
318456097,I2_1,10000,2572
80622864,I2_1,10000,4118
186809665,I2_1,10000,3472
469111462,I2_2,20000,6132
815713627,I2_2,20000,8236
549834490,I2_1,10000,5293
849928525,I2_2,20000,6581
809870443,I2_1,10000,4472
4107156,I2_2,20000,5237
182805170,I2_1,10000,2872
49516240,I2_1,10000,4568
288609578,I2_2,20000,4940
212251228,I2_1,10000,2718
222554881,I2_1,10000,2555
80546779,I2_2,20000,4519
387900572,I2_2,20000,5382
839862776,I2_2,20000,5255
33933444,I2_1,10000,2755
286266206,I2_1,10000,2542
422819382,I2_2,20000,4765
156758036,I2_2,20000,4936
880981861,I2_1,10000,4037
492293842,I2_2,20000,6446
581825556,I2_2,20000,8499
567918913,I2_2,20000,4580
439941167,I2_2,20000,6681
814623225,I2_2,20000,7413
252917433,I2_2,20000,6274
385130415,I2_1,10000,3605
384920794,I2_2,20000,5756
853960036,I2_1,10000,4868
721496149,I2_2,20000,7388
941541474,I2_1,10000,4656
743520173,I2_2,20000,5310
589451982,I2_1,10000,3785
663600099,I2_2,20000,5880
923792852,I2_2,20000,5287
303979470,I2_2,20000,4620
917950662,I2_2,20000,4684
165753993,I2_2,20000,6740
774346794,I2_2,20000,5187
274169815,I2_1,10000,3513
230362958,I2_2,20000,5884
564671205,I2_1,10000,5682
49859659,I2_2,20000,5023
622041374,I2_2,20000,7539
390064539,I2_2,20000,8627
225978431,I2_1,10000,4219
924517,I2_2,20000,10271
364699279,I2_2,20000,10818
549328334,I2_1,10000,2988
351542838,I2_1,10000,3089
836033304,I2_2,20000,6027
196113822,I2_2,20000,5614
175419899,I2_1,10000,4993
14060095,I2_2,20000,5606
993162541,I2_1,10000,4976
228002908,I2_1,10000,4877
763732769,I2_1,10000,3836
95488094,I2_2,20000,6642
108580007,I2_1,10000,3229
514811354,I2_1,10000,4103
647767454,I2_2,20000,6716
468826020,I2_2,20000,4648
563947313,I2_2,20000,5579
412556627,I2_2,20000,5000
424466943,I2_1,10000,2615
413732738,I2_2,20000,4741
26364830,I2_1,10000,3039
790630884,I2_2,20000,5062
991498048,I2_1,10000,4005
685203994,I2_2,20000,5125
184972018,I2_1,10000,3689
556930346,I2_1,10000,2804
445166003,I2_2,20000,5639
597193056,I2_2,20000,4793
614659128,I2_2,20000,5589
609722002,I2_2,20000,6524
218120955,I2_2,20000,7760
568712720,I2_2,20000,8714
964723674,I2_1,10000,3851
449216598,I2_2,20000,4700
278288705,I2_1,10000,4059
872915871,I2_2,20000,5818
67172588,I2_1,10000,2724
38352696,I2_1,10000,2836
675982411,I2_2,20000,5035
415294699,I2_2,20000,6833
642719153,I2_1,10000,3142
761403511,I2_2,20000,10243
228204752,I2_2,20000,5929
682962654,I2_1,10000,5170
382229337,I2_1,10000,5677
571926900,I2_2,20000,7759
279923331,I2_2,20000,6722
184828068,I2_1,10000,3380
561109537,I2_1,10000,4423
290779440,I2_2,20000,4735
293467207,I2_2,20000,5705
942550217,I2_1,10000,3140
495380635,I2_2,20000,5988
734690746,I2_1,10000,3925
788129093,I2_2,20000,8043
657284535,I2_1,10000,3517
484208607,I2_2,20000,6235
856974776,I2_2,20000,7307
567965689,I2_1,10000,3352
964418771,I2_2,20000,5237
842815392,I2_2,20000,5450
24052955,I2_2,20000,6519
700161027,I2_2,20000,4796
972950082,I2_1,10000,4026
606881332,I2_1,10000,3201
525625063,I2_1,10000,2649
22733072,I2_1,10000,2586
989833924,I2_1,10000,2746
365813677,I2_1,10000,2783
207880062,I2_1,10000,4008
656502919,I2_1,10000,5210
612855787,I2_1,10000,3586
386931204,I2_1,10000,3402
866424698,I2_1,10000,2703
936794817,I2_1,10000,3900
390493793,I2_2,20000,7133
917983280,I2_1,10000,4967
426473455,I2_1,10000,4259
876177756,I2_2,20000,8019
593340759,I2_2,20000,9281
950861063,I2_1,10000,4508
29607781,I2_2,20000,5249
2012851,I2_1,10000,2695
297866808,I2_1,10000,3326
1280867,I2_2,20000,6118
769037929,I2_1,10000,5115
668926121,I2_1,10000,4381
389527892,I2_2,20000,8819
918311559,I2_1,10000,5106
131871122,I2_1,10000,5058
693970431,I2_2,20000,12016
675827671,I2_2,20000,6278
468763243,I2_2,20000,8489
758084906,I2_1,10000,4479
296913629,I2_2,20000,5586
234079882,I2_2,20000,5642
883701766,I2_1,10000,4949
918356396,I2_1,10000,4215
754735813,I2_2,20000,9683
345486171,I2_1,10000,5482
606912202,I2_1,10000,6065
728680115,I2_1,10000,7656
447234367,I2_2,20000,13268
742818357,I2_2,20000,8580
727866285,I2_2,20000,8837
140420528,I2_1,10000,7706
448281924,I2_2,20000,5282
166660707,I2_1,10000,2584
207645660,I2_2,20000,4619
566791860,I2_1,10000,4032
478454983,I2_1,10000,3976
936207819,I2_1,10000,5799
677877061,I2_2,20000,5347
551607488,I2_1,10000,5811
897969559,I2_1,10000,5208
666048396,I2_2,20000,6212
63786773,I2_1,10000,5754
413642666,I2_1,10000,5760
445869109,I2_1,10000,6803
406587894,I2_1,10000,4662
898816822,I2_2,20000,6878
728567546,I2_2,20000,7896
142076083,I2_2,20000,5669
682820695,I2_1,10000,5059
878732815,I2_1,10000,4478
778271471,I2_2,20000,7635
375109355,I2_2,20000,9667
286091560,I2_2,20000,7854
429638726,I2_2,20000,7162
597270090,I2_1,10000,3552
970736117,I2_2,20000,5316
497431181,I2_1,10000,2570
695972048,I2_2,20000,5515
119391485,I2_2,20000,7113
850445719,I2_2,20000,7557
152631526,I2_1,10000,4690
298379068,I2_1,10000,4279
972410846,I2_2,20000,11366
868348362,I2_1,10000,4932
278927360,I2_2,20000,14389
921922692,I2_2,20000,16030
347755601,I2_1,10000,5364
412872355,I2_2,20000,16162
790330398,I2_1,10000,5834
124685475,I2_1,10000,4829
73625680,I2_2,20000,14431
67359529,I2_1,10000,6893
74217097,I2_2,20000,10678
131360799,I2_2,20000,11098
562681592,I2_1,10000,6282
751787785,I2_1,10000,3723
791270622,I2_2,20000,10288
677869143,I2_2,20000,4598
514395675,I2_2,20000,5456
408844610,I2_2,20000,4709
730293682,I2_2,20000,6555
609559292,I2_1,10000,2581
677270495,I2_2,20000,5368
46891147,I2_1,10000,4226
114171820,I2_1,10000,5822
143666026,I2_1,10000,6465
772994484,I2_2,20000,10718
83323286,I2_2,20000,8053
616797069,I2_1,10000,5321
380486067,I2_2,20000,10776
732871431,I2_1,10000,3356
456896584,I2_1,10000,4400
56655124,I2_2,20000,12839
93006849,I2_1,10000,5933
378070821,I2_1,10000,5457
697917570,I2_1,10000,6593
858996936,I2_1,10000,6043
227246471,I2_1,10000,4965
214962795,I2_1,10000,6066
438705071,I2_1,10000,7037
19830112,I2_1,10000,5961
736376812,I2_2,20000,14445
784158878,I2_2,20000,4787
565166905,I2_1,10000,4887
566594956,I2_2,20000,5283
509837764,I2_1,10000,2398
585558063,I2_1,10000,2444
171302608,I2_1,10000,2517
829379542,I2_1,10000,2534
531696631,I2_1,10000,3246
359605868,I2_1,10000,3823
232277404,I2_2,20000,4880
796467105,I2_2,20000,4583
491358395,I2_2,20000,4642
911977252,I2_2,20000,4742
822256072,I2_1,10000,3014
176054374,I2_2,20000,6280
608131946,I2_1,10000,3406
354786541,I2_1,10000,3977
69010597,I2_1,10000,2565
46645651,I2_2,20000,4689
949801225,I2_1,10000,5304
85711333,I2_1,10000,6844
519116501,I2_2,20000,8869
274383715,I2_1,10000,4236
894638772,I2_2,20000,8916
877382771,I2_2,20000,6544
731781242,I2_1,10000,4525
881836272,I2_2,20000,6951
632192831,I2_2,20000,4765
173822954,I2_2,20000,7037
226414863,I2_1,10000,2660
8852888,I2_2,20000,4737
158965762,I2_1,10000,2980
27412399,I2_1,10000,4070
414870622,I2_1,10000,4133
186539061,I2_1,10000,5854
370331522,I2_2,20000,8040
516301121,I2_2,20000,5690
567388474,I2_2,20000,6565
557064528,I2_1,10000,5393
331098843,I2_2,20000,9585
630265780,I2_1,10000,3681
526736745,I2_2,20000,5057
74359624,I2_1,10000,4476
511482415,I2_1,10000,5569
657856200,I2_2,20000,4703
471798087,I2_2,20000,7355
864910602,I2_1,10000,4547
978983912,I2_2,20000,8846
685246901,I2_2,20000,7549
525421342,I2_1,10000,3878
940142375,I2_2,20000,5743
871357027,I2_2,20000,6641
487203692,I2_2,20000,7149
438066308,I2_1,10000,2840
92879308,I2_1,10000,3729
831345831,I2_2,20000,5890
402528581,I2_2,20000,7811
885852219,I2_2,20000,8211
987602609,I2_1,10000,5495
501018030,I2_2,20000,5281
328517640,I2_1,10000,5144
312877623,I2_2,20000,8145
967357043,I2_1,10000,3564
246457092,I2_1,10000,4120
970863797,I2_1,10000,5173
508080236,I2_1,10000,3879
307642768,I2_2,20000,7405
847027084,I2_2,20000,4722
478953406,I2_1,10000,5332
58861820,I2_1,10000,4119
655977513,I2_2,20000,4811
74882378,I2_1,10000,4150
608158479,I2_2,20000,7987
994955061,I2_1,10000,4198
235150315,I2_1,10000,4587
311552002,I2_2,20000,9547
197475594,I2_1,10000,5125
416730393,I2_1,10000,6367
915517467,I2_1,10000,6265
182506335,I2_1,10000,6252
251942341,I2_1,10000,6180
648962467,I2_2,20000,13007
344105376,I2_1,10000,6799
316091808,I2_1,10000,6728
291309686,I2_1,10000,7209
973559051,I2_2,20000,17444
733941660,I2_1,10000,7066
191393580,I2_2,20000,19123
580182810,I2_2,20000,20125
957935813,I2_2,20000,20114
693361464,I2_1,10000,10724
871914299,I2_2,20000,6785
153299139,I2_2,20000,4504
488989566,I2_2,20000,6559
797984318,I2_2,20000,7439
801580892,I2_2,20000,5303
643642455,I2_1,10000,3916
672864373,I2_2,20000,5961
105585747,I2_1,10000,4910
502711482,I2_1,10000,6195
774555443,I2_2,20000,10106
258675837,I2_1,10000,2481
930353545,I2_1,10000,2680
852353510,I2_1,10000,2699
707314737,I2_1,10000,2705
739080077,I2_1,10000,3088
486141207,I2_2,20000,4765
141331565,I2_1,10000,3564
327348999,I2_1,10000,3274
128834722,I2_2,20000,6345
76227662,I2_2,20000,6298
729840560,I2_1,10000,5596
789952166,I2_1,10000,5054
528351901,I2_1,10000,6717
13278550,I2_2,20000,9827
378408912,I2_1,10000,4240
763519804,I2_2,20000,12439
104965183,I2_1,10000,4430
511829157,I2_1,10000,4960
769723143,I2_2,20000,8518
394747161,I2_2,20000,5181
668954782,I2_1,10000,4596
893618638,I2_2,20000,5671
230399576,I2_2,20000,6650
952228879,I2_1,10000,3949
260167139,I2_1,10000,4634
680444242,I2_2,20000,10951
702797167,I2_2,20000,8674
86981519,I2_2,20000,8575
167462518,I2_2,20000,9426
983025443,I2_2,20000,4602
272315357,I2_2,20000,6685
971862654,I2_1,10000,2517
104194484,I2_2,20000,4687
199559325,I2_1,10000,5175
564543587,I2_2,20000,5544
283896989,I2_1,10000,3744
366116516,I2_2,20000,8020
850867282,I2_2,20000,10163
624920007,I2_2,20000,10640
957687815,I2_2,20000,11063
28862604,I2_1,10000,5244
681418840,I2_2,20000,12770
27092509,I2_2,20000,12500
560660139,I2_1,10000,4859
628007482,I2_1,10000,5250
63159320,I2_2,20000,13787
149398032,I2_1,10000,5830
997283413,I2_1,10000,4822
161312828,I2_2,20000,14774
329273713,I2_1,10000,5426
931394699,I2_2,20000,10165
491305229,I2_2,20000,12803
283032305,I2_1,10000,4184
19381797,I2_2,20000,10815
814753606,I2_2,20000,10160
713764532,I2_2,20000,7891
786323195,I2_1,10000,5268
104028594,I2_2,20000,7353
377453552,I2_2,20000,9518
22581099,I2_2,20000,6538
109666733,I2_2,20000,6440
440583502,I2_1,10000,5386
736603192,I2_1,10000,4933
901347433,I2_2,20000,10103
622823725,I2_1,10000,4397
178058467,I2_2,20000,12835
296939753,I2_2,20000,14929
221630943,I2_2,20000,16609
789401768,I2_2,20000,13428
401291946,I2_1,10000,6238
805951168,I2_1,10000,5731
308173487,I2_1,10000,7250
158440462,I2_2,20000,18659
787541055,I2_2,20000,18047
81578522,I2_1,10000,7967
552925767,I2_2,20000,18143
162922575,I2_2,20000,17007
323660752,I2_2,20000,18617
361812554,I2_2,20000,10675
290414461,I2_1,10000,7304
273110340,I2_2,20000,13053
422792165,I2_2,20000,13000
98643088,I2_1,10000,4133
762288301,I2_2,20000,11991
197912518,I2_1,10000,4301
113745235,I2_2,20000,13181
171185761,I2_1,10000,4792
717812679,I2_1,10000,6443
362631352,I2_2,20000,13895
929481970,I2_2,20000,6948
470560626,I2_2,20000,7372
840164709,I2_1,10000,6208
355959851,I2_2,20000,9633
363328601,I2_2,20000,5430
55699596,I2_2,20000,6417
211479602,I2_2,20000,8060
34380367,I2_1,10000,5346
142401494,I2_1,10000,5876
486699729,I2_1,10000,5158
549021047,I2_2,20000,8655
70299429,I2_2,20000,4538
37549835,I2_1,10000,3869
638253465,I2_2,20000,5087
145298076,I2_1,10000,2570
983114589,I2_2,20000,7161
381612314,I2_1,10000,4557
821783639,I2_2,20000,4911
983739539,I2_2,20000,7155
766631325,I2_1,10000,4142
645460309,I2_1,10000,5154
730627153,I2_1,10000,4445
739264136,I2_1,10000,4310
558231638,I2_2,20000,8497
178757592,I2_1,10000,5912
927611228,I2_1,10000,5318
84349361,I2_2,20000,12618
762357870,I2_2,20000,12912
606767204,I2_2,20000,11691
290403073,I2_2,20000,11830
532258290,I2_2,20000,4533
839880092,I2_1,10000,3866
28633745,I2_1,10000,5505
842026452,I2_2,20000,5691
867501023,I2_2,20000,7064
25655513,I2_2,20000,6531
353988410,I2_2,20000,6881
491704178,I2_1,10000,5295
232146465,I2_1,10000,6285
491871643,I2_1,10000,5827
580246659,I2_1,10000,4226
800867372,I2_2,20000,13224
972245507,I2_1,10000,4164
446677598,I2_2,20000,16040
472200206,I2_2,20000,13811
749353299,I2_1,10000,3839
13247341,I2_1,10000,3790
79786761,I2_1,10000,3142
838613585,I2_2,20000,8067
263953754,I2_1,10000,2940
163822683,I2_2,20000,4513
923305005,I2_1,10000,3904
4552370,I2_2,20000,5500
631838293,I2_2,20000,5442
727158790,I2_2,20000,6337
226361776,I2_2,20000,6875
604698252,I2_2,20000,7549
226750837,I2_1,10000,4723
519885381,I2_1,10000,2957
105470697,I2_1,10000,2496
5634666,I2_2,20000,4578
353511390,I2_1,10000,3471
888196429,I2_2,20000,4515
503170142,I2_2,20000,5582
35588562,I2_1,10000,2781
975370671,I2_1,10000,3872
305075601,I2_2,20000,4713
338256680,I2_2,20000,4634
133402909,I2_2,20000,6694
169313503,I2_2,20000,4627
662561633,I2_2,20000,4576
631684887,I2_2,20000,5738
836188458,I2_1,10000,3929
334695544,I2_1,10000,4067
262648133,I2_1,10000,4246
800318431,I2_1,10000,3874
983110026,I2_2,20000,8874
106317592,I2_1,10000,5477
100429935,I2_1,10000,3826
655752726,I2_2,20000,11375
735283448,I2_1,10000,4356
511308239,I2_2,20000,15044
612537862,I2_2,20000,15967
631375160,I2_2,20000,18108
589396959,I2_2,20000,15910
94977138,I2_2,20000,14762
763750898,I2_1,10000,5077
430541199,I2_2,20000,12697
620786934,I2_2,20000,8710
564926756,I2_2,20000,5497
385546122,I2_2,20000,5520
598965907,I2_2,20000,4538
722307942,I2_2,20000,5759
578624481,I2_2,20000,5594
807276704,I2_2,20000,7670
890089552,I2_2,20000,8493
915464818,I2_2,20000,10673
744683766,I2_2,20000,12072
374743695,I2_2,20000,13023
13393197,I2_1,10000,5296
193301448,I2_2,20000,14728
167560349,I2_2,20000,15721
59140112,I2_2,20000,16611
130533006,I2_2,20000,17779
321181057,I2_1,10000,6877
705734672,I2_1,10000,7213
768370156,I2_2,20000,16559
444548377,I2_2,20000,18322
167668651,I2_2,20000,9108
567592165,I2_1,10000,2695
300510076,I2_2,20000,5850
185082021,I2_1,10000,2721
231010649,I2_2,20000,8101
687183319,I2_1,10000,4660
724242465,I2_2,20000,7818
346749975,I2_2,20000,7019
493882343,I2_1,10000,5516
197966350,I2_1,10000,5886
158602927,I2_1,10000,4442
530328001,I2_2,20000,5538
928442416,I2_1,10000,3607
702054898,I2_1,10000,2558
255815459,I2_2,20000,5573
966715096,I2_2,20000,4643
221368226,I2_1,10000,3982
353863514,I2_2,20000,5129
124731463,I2_1,10000,3673
562755018,I2_2,20000,8347
309052068,I2_2,20000,6596
444937821,I2_2,20000,5976
980957364,I2_1,10000,4235
129611788,I2_2,20000,8609
796176091,I2_2,20000,9659
241382863,I2_1,10000,3879
325621580,I2_2,20000,5501
90663239,I2_1,10000,3057
637879268,I2_1,10000,2721
560354983,I2_1,10000,2923
811700447,I2_1,10000,3514
165059945,I2_1,10000,4545
491905923,I2_2,20000,5344
251411021,I2_1,10000,4725
714309968,I2_2,20000,8206
130797867,I2_2,20000,11000
962881722,I2_2,20000,9900
36903059,I2_1,10000,4673
559343154,I2_2,20000,8275
116140309,I2_2,20000,5341
313188763,I2_2,20000,5654
511378701,I2_1,10000,6150
774544544,I2_1,10000,4388
560474089,I2_2,20000,6587
593941461,I2_1,10000,3804
345532829,I2_2,20000,6115
15226504,I2_1,10000,4488
309905113,I2_2,20000,9221
377870147,I2_1,10000,4856
929616270,I2_1,10000,3699
784825330,I2_1,10000,5339
663995441,I2_2,20000,6667
273405183,I2_2,20000,6098
822338604,I2_2,20000,4536
668227242,I2_2,20000,5445
640358065,I2_1,10000,2636
927931542,I2_1,10000,3032
319071363,I2_2,20000,5316
504192975,I2_1,10000,4654
580595668,I2_1,10000,3120
32229564,I2_2,20000,4708
147174253,I2_2,20000,5087
417720068,I2_1,10000,3451
103166302,I2_2,20000,7100
33980984,I2_2,20000,4787
285968434,I2_1,10000,5337
560510578,I2_1,10000,5203
655285883,I2_1,10000,3171
548423028,I2_1,10000,4178
572997316,I2_2,20000,4837
58691431,I2_1,10000,3053
667428610,I2_1,10000,3707
965202603,I2_2,20000,4576
143624979,I2_2,20000,4890
659683989,I2_1,10000,3510
75324709,I2_1,10000,4052
637142969,I2_1,10000,5197
579274747,I2_2,20000,7467
306642713,I2_1,10000,4804
751228786,I2_1,10000,3400
286796406,I2_2,20000,5646
505122044,I2_1,10000,4433
393984746,I2_2,20000,5601
656829980,I2_1,10000,6118
780891954,I2_2,20000,5120
479694937,I2_2,20000,5036
983004072,I2_1,10000,2836
230434388,I2_1,10000,4935
743060472,I2_2,20000,7753
440334905,I2_2,20000,8654
481610340,I2_1,10000,4657
775693009,I2_2,20000,8077
244742948,I2_1,10000,5685
901277997,I2_1,10000,4608
706878223,I2_2,20000,5702
660469308,I2_2,20000,6682
127496607,I2_2,20000,5597
912030349,I2_1,10000,3965
173586650,I2_1,10000,5609
120339276,I2_2,20000,6193
446987473,I2_2,20000,7119
726434921,I2_2,20000,5175
230210982,I2_1,10000,4873
460076911,I2_2,20000,7177
816512957,I2_1,10000,4211
421327011,I2_2,20000,10413
474762679,I2_1,10000,4925
232852984,I2_2,20000,13600
80168661,I2_1,10000,3859
950106587,I2_2,20000,12730
510173934,I2_2,20000,12368
813238329,I2_2,20000,10706
520468328,I2_2,20000,12700
777880693,I2_2,20000,14839
130243021,I2_2,20000,16367
33424817,I2_1,10000,6840
919745727,I2_2,20000,16668
813828980,I2_1,10000,7941
43094338,I2_2,20000,19449
652314659,I2_1,10000,10364
432134478,I2_2,20000,19977
125141496,I2_2,20000,20918
210283882,I2_2,20000,21462
234461226,I2_1,10000,10970
910439722,I2_1,10000,7942
356726839,I2_1,10000,9019
813011342,I2_1,10000,7524
142176855,I2_2,20000,16376
475166071,I2_1,10000,5817
342724698,I2_1,10000,6385
382784140,I2_2,20000,13566
823504580,I2_1,10000,5673
388716425,I2_1,10000,5238
924814567,I2_2,20000,15648
54788913,I2_2,20000,14196
742065571,I2_2,20000,16051
540743635,I2_1,10000,3989
509086996,I2_2,20000,4973
777097240,I2_1,10000,4859
445553776,I2_1,10000,4126
513449466,I2_2,20000,7371
333291480,I2_2,20000,7022
202731413,I2_2,20000,9117
401424098,I2_2,20000,5141
813297736,I2_1,10000,3811
159972141,I2_1,10000,3880
96289971,I2_1,10000,4366
847874339,I2_1,10000,3935
951083755,I2_1,10000,3313
81257876,I2_1,10000,3197
418703305,I2_1,10000,4335
755807748,I2_2,20000,12379
586409130,I2_2,20000,11783
918577538,I2_1,10000,6347
432289839,I2_2,20000,8873
381509498,I2_2,20000,9295
390168707,I2_2,20000,8758
244152609,I2_2,20000,10780
518162037,I2_1,10000,5170
729541532,I2_1,10000,2520
495655796,I2_1,10000,2639
656576150,I2_1,10000,2378
437512572,I2_2,20000,5418
64106707,I2_2,20000,6488
512072629,I2_2,20000,8545
108797616,I2_1,10000,3784
905396725,I2_2,20000,9740
457087527,I2_2,20000,4921
383522638,I2_1,10000,4277
976818050,I2_2,20000,6634
11072290,I2_2,20000,4576
447458820,I2_1,10000,3810
564457643,I2_2,20000,7393
202715560,I2_1,10000,2552
538216231,I2_2,20000,4524
261479500,I2_1,10000,3832
63256862,I2_1,10000,4816
865367632,I2_2,20000,6554
679965494,I2_2,20000,7522
826598919,I2_2,20000,4842
637282636,I2_2,20000,6972
210175598,I2_1,10000,3412
365153113,I2_1,10000,4442
955840994,I2_2,20000,4638
799390757,I2_2,20000,4755
727700769,I2_1,10000,2771
375870707,I2_1,10000,4302
18742021,I2_2,20000,7132
931740505,I2_1,10000,3357
947787821,I2_2,20000,5491
24474485,I2_2,20000,4462
452045758,I2_1,10000,3831
653457328,I2_2,20000,6059
663550128,I2_1,10000,4346
263717203,I2_1,10000,4025
779946392,I2_1,10000,5003
509198373,I2_1,10000,2939
921064976,I2_1,10000,3542
854599999,I2_2,20000,4915
47182295,I2_2,20000,4485
238320422,I2_1,10000,5048
639419098,I2_2,20000,6151
485380337,I2_2,20000,6152
619453626,I2_2,20000,6350
986760227,I2_2,20000,5689
473714508,I2_1,10000,2683
132092163,I2_1,10000,3766
328702015,I2_1,10000,3231
679602939,I2_2,20000,6014
762561021,I2_1,10000,3911
790572272,I2_2,20000,4706
754690699,I2_2,20000,4798
147816343,I2_2,20000,4772
383456940,I2_2,20000,4622
575197335,I2_2,20000,4653
343510924,I2_1,10000,5245
83006539,I2_1,10000,3730
999218555,I2_2,20000,5764
123112119,I2_1,10000,5164
482908480,I2_1,10000,4045
747644003,I2_2,20000,7196
120889445,I2_2,20000,6286
864144496,I2_2,20000,6535
867571928,I2_2,20000,5096
974668716,I2_1,10000,3489
131636399,I2_2,20000,6122
798942533,I2_1,10000,4432
236355154,I2_2,20000,7056
870325037,I2_1,10000,3800
705888343,I2_2,20000,8030
439149083,I2_1,10000,3783
357795553,I2_2,20000,9700
272660391,I2_1,10000,3890
563860106,I2_1,10000,5050
694204719,I2_2,20000,11616
357042778,I2_1,10000,4603
235255814,I2_1,10000,5113
447054112,I2_1,10000,5648
729902573,I2_1,10000,5056
92059070,I2_1,10000,4919
3938857,I2_2,20000,15380
606623087,I2_2,20000,15884
211399578,I2_2,20000,16861
871539323,I2_1,10000,6383
894395299,I2_2,20000,18322
285065592,I2_2,20000,15701
465906843,I2_2,20000,12939
259367325,I2_2,20000,4597
725271409,I2_2,20000,4517
852848777,I2_2,20000,4554
144115566,I2_1,10000,2507
264621492,I2_1,10000,2564
963084672,I2_1,10000,3642
924764143,I2_1,10000,2571
209035437,I2_1,10000,2698
865973901,I2_1,10000,2661
779600771,I2_2,20000,4979
780444332,I2_1,10000,3457
458054782,I2_2,20000,5679
913638600,I2_2,20000,5483
846761699,I2_1,10000,4937
6569980,I2_1,10000,5410
124077923,I2_2,20000,8935
466009606,I2_2,20000,7811
357415276,I2_2,20000,4876
36533908,I2_1,10000,4091
744407515,I2_2,20000,6198
820107141,I2_1,10000,5628
162931701,I2_1,10000,6093
853963436,I2_2,20000,8164
20370269,I2_2,20000,8595
488932395,I2_2,20000,9509
909034860,I2_2,20000,10776
245862362,I2_2,20000,9647
779014560,I2_1,10000,2642
139461199,I2_1,10000,2646
798108477,I2_1,10000,2872
833843412,I2_1,10000,3906
882116453,I2_1,10000,2565
260519318,I2_2,20000,5176
311405247,I2_2,20000,4870
548870105,I2_1,10000,3832
415525804,I2_1,10000,3733
554237202,I2_1,10000,2942
305066209,I2_1,10000,2942
238407364,I2_1,10000,4507
128389528,I2_1,10000,5050
678089024,I2_2,20000,7329
575036617,I2_2,20000,8370
33792477,I2_2,20000,5477
778958794,I2_1,10000,3880
872663440,I2_2,20000,6625
397211494,I2_1,10000,5546
828293386,I2_1,10000,4000
368533168,I2_2,20000,5072
520170930,I2_1,10000,2627
690416725,I2_2,20000,4760
698946170,I2_1,10000,3060
592198677,I2_1,10000,3067
199161342,I2_2,20000,5557
741324120,I2_2,20000,4976
307288864,I2_2,20000,4866
311393149,I2_1,10000,3959
109570891,I2_1,10000,4108
326946670,I2_2,20000,7047
510577306,I2_1,10000,3444
407572005,I2_2,20000,5179
474625804,I2_2,20000,5244
252512281,I2_1,10000,3929
305595862,I2_2,20000,7718
755978152,I2_1,10000,3832
913127135,I2_1,10000,4931
581527583,I2_1,10000,3946
109777835,I2_2,20000,4859
604148789,I2_1,10000,3071
194285903,I2_2,20000,6186
177974585,I2_1,10000,5506
448547345,I2_2,20000,7745
645664915,I2_2,20000,8111
749908203,I2_1,10000,6272
965462849,I2_1,10000,6802
466043780,I2_1,10000,5959
116825009,I2_1,10000,6548
462206297,I2_2,20000,13326
831455143,I2_2,20000,11994
427864936,I2_2,20000,12399
414897742,I2_2,20000,10173
140535377,I2_1,10000,5341
766951430,I2_1,10000,5766
792684111,I2_1,10000,6351
987956040,I2_2,20000,10910
657200153,I2_1,10000,3013
947937705,I2_1,10000,2627
495649417,I2_1,10000,2596
463649330,I2_1,10000,2510
725119894,I2_1,10000,2516
944346771,I2_1,10000,2693
239929381,I2_1,10000,2565
833449710,I2_1,10000,2510
852614696,I2_1,10000,2919
532849582,I2_2,20000,5586
669831647,I2_1,10000,4973
208850972,I2_1,10000,4402
18577670,I2_2,20000,7594
848387985,I2_1,10000,4883
156945520,I2_1,10000,3786
605791296,I2_2,20000,8510
800776942,I2_1,10000,2674
592574169,I2_1,10000,3814
411813985,I2_1,10000,5497
94687389,I2_2,20000,5229
818040170,I2_2,20000,5737
908157941,I2_1,10000,5126
759097187,I2_2,20000,5543
206740203,I2_1,10000,3920
430723788,I2_2,20000,6020
930788638,I2_2,20000,4982
408892692,I2_1,10000,3782
369569157,I2_2,20000,5032
472810193,I2_1,10000,2636
642281426,I2_2,20000,4638
493213308,I2_1,10000,3119
767580578,I2_2,20000,5262
383258568,I2_1,10000,5113
974336909,I2_1,10000,4326
573057918,I2_2,20000,7592
875190530,I2_2,20000,7229
793536574,I2_2,20000,7800
866132000,I2_1,10000,4051
685215360,I2_2,20000,6019
327547898,I2_1,10000,3537
897117290,I2_2,20000,9308
923879621,I2_1,10000,4777
642892398,I2_1,10000,3521
655439057,I2_1,10000,3885
719438891,I2_1,10000,3778
743972187,I2_2,20000,7407
812831411,I2_2,20000,8813
635593591,I2_1,10000,2630
206010071,I2_2,20000,4628
735841554,I2_1,10000,2936
716390430,I2_1,10000,3889
560761429,I2_2,20000,4631
67420909,I2_2,20000,5585
451468251,I2_2,20000,5133
453971900,I2_1,10000,4294
868304403,I2_2,20000,5518
25295317,I2_1,10000,3338
412717922,I2_1,10000,2622
965247792,I2_1,10000,3705
641336034,I2_2,20000,5412
430208185,I2_2,20000,6050
348469535,I2_2,20000,6245
539798174,I2_1,10000,4912
284908845,I2_2,20000,7679
711820562,I2_1,10000,5940
332171783,I2_1,10000,4367
248474972,I2_2,20000,10020
626825766,I2_2,20000,9797
19570203,I2_1,10000,3893
328710212,I2_1,10000,5518
940557311,I2_2,20000,7529
743563873,I2_2,20000,7083
463762649,I2_2,20000,8592
670747620,I2_1,10000,2596
745712073,I2_1,10000,3561
891232434,I2_2,20000,5308
373798174,I2_2,20000,7347
934155484,I2_1,10000,4542
169086271,I2_2,20000,4628
635223147,I2_1,10000,5263
93926975,I2_2,20000,7726
769437056,I2_1,10000,3100
199712634,I2_2,20000,4614
962247867,I2_1,10000,4091
564060676,I2_1,10000,4086
809029811,I2_2,20000,5008
951147793,I2_2,20000,5948
119744238,I2_2,20000,5055
310746916,I2_2,20000,5514
339336820,I2_1,10000,4966
140816285,I2_2,20000,6259
528833575,I2_2,20000,8351
789908776,I2_1,10000,3891
5551207,I2_1,10000,3885
720797196,I2_1,10000,6241
125937573,I2_2,20000,11895
782515263,I2_1,10000,5172
362866894,I2_1,10000,5741
329099898,I2_1,10000,5000
848760948,I2_2,20000,8924
366633136,I2_2,20000,8619
617672697,I2_1,10000,5287
386134210,I2_2,20000,9829
738458764,I2_1,10000,2518
919745658,I2_1,10000,2614
762724823,I2_1,10000,3647
516273953,I2_2,20000,5008
864686468,I2_1,10000,5456
26389964,I2_2,20000,7581
146829568,I2_2,20000,8897
817807255,I2_2,20000,6168
425760790,I2_2,20000,7301
401262320,I2_1,10000,4297
32738129,I2_2,20000,9883
972844877,I2_2,20000,8533
578098759,I2_2,20000,8119
534008575,I2_2,20000,9656
514766743,I2_2,20000,11056
655708981,I2_2,20000,10089
177416158,I2_1,10000,4140
581610062,I2_2,20000,10551
850561274,I2_1,10000,3253
119052471,I2_1,10000,4313
36892012,I2_1,10000,3852
460096504,I2_2,20000,4710
503157477,I2_1,10000,2872
672274873,I2_2,20000,6030
730613654,I2_2,20000,7050
679547481,I2_2,20000,4626
231302848,I2_1,10000,4377
605745161,I2_1,10000,4946
162090145,I2_1,10000,3806
634852404,I2_1,10000,5445
557741797,I2_2,20000,8174
523476768,I2_1,10000,3853
238947194,I2_2,20000,9097
108835511,I2_2,20000,5728
506345840,I2_2,20000,7806
726669403,I2_1,10000,3323
586459036,I2_1,10000,2512
435615742,I2_2,20000,4534
673934849,I2_1,10000,3844
18414991,I2_1,10000,2546
977322693,I2_2,20000,4549
811765962,I2_2,20000,4775
492153019,I2_1,10000,3805
152475722,I2_1,10000,4867
614042180,I2_1,10000,3292
819170391,I2_2,20000,9197
729915969,I2_1,10000,4865
814587011,I2_1,10000,4126
290060176,I2_2,20000,10452
162149726,I2_2,20000,8729
34509039,I2_2,20000,4522
561833701,I2_2,20000,4629
856933799,I2_1,10000,4317
378243343,I2_1,10000,4885
693698069,I2_1,10000,5345
900347819,I2_2,20000,8494
907448944,I2_2,20000,7003
750226368,I2_2,20000,9215
47431017,I2_2,20000,4635
278387556,I2_2,20000,5540
483769207,I2_1,10000,3622
332626725,I2_2,20000,5092
487544602,I2_1,10000,3408
613416330,I2_2,20000,6580
817249093,I2_1,10000,4941
422485909,I2_1,10000,5522
780259715,I2_2,20000,8563
68193629,I2_2,20000,7288
701664365,I2_2,20000,9604
917494362,I2_2,20000,9748
234874969,I2_2,20000,5556
428101779,I2_2,20000,4519
713889322,I2_1,10000,3006
385008655,I2_2,20000,4619
869725281,I2_2,20000,5463
688133980,I2_2,20000,5055
986157662,I2_1,10000,2652
37218881,I2_2,20000,4724
789129671,I2_2,20000,4587
533866045,I2_1,10000,2724
359109091,I2_2,20000,4781
518620073,I2_1,10000,4049
350216998,I2_1,10000,5405
705033317,I2_2,20000,8202
32706972,I2_2,20000,8557
139882121,I2_1,10000,5239
622772327,I2_1,10000,4594
892312159,I2_1,10000,4747
756142475,I2_2,20000,13839
22830862,I2_2,20000,15827
919073475,I2_1,10000,5749
95386902,I2_2,20000,14664
272333954,I2_2,20000,15308
274809852,I2_2,20000,11601
281948541,I2_1,10000,3038
840264981,I2_1,10000,4091
831124538,I2_2,20000,7473
653558972,I2_1,10000,5762
290740601,I2_1,10000,5505
104666995,I2_1,10000,4908
378983749,I2_1,10000,4992
152222534,I2_1,10000,6089
345877872,I2_2,20000,10308
951592280,I2_1,10000,4822
260186067,I2_1,10000,5331
491546382,I2_2,20000,12412
143625165,I2_2,20000,12906
749369139,I2_2,20000,12330
49986866,I2_1,10000,5163
117275539,I2_1,10000,4677
866849006,I2_1,10000,5207
168334676,I2_2,20000,16766
650360433,I2_1,10000,6358
512019181,I2_1,10000,5253
580512140,I2_2,20000,15267
843414848,I2_1,10000,6229
34331618,I2_2,20000,18405
900012181,I2_1,10000,7416
695908733,I2_2,20000,18083
578258820,I2_2,20000,5719
22230096,I2_2,20000,5100
24975170,I2_1,10000,4274
913823051,I2_2,20000,6878
258521130,I2_1,10000,3690
948407827,I2_2,20000,7300
213254272,I2_1,10000,2478
135014387,I2_1,10000,2905
136787110,I2_2,20000,5132
56152425,I2_1,10000,4526
338763172,I2_2,20000,5969
529740156,I2_1,10000,3817
431864683,I2_2,20000,7052
38138371,I2_1,10000,4699
284467637,I2_1,10000,3179
428669921,I2_2,20000,8297
190325713,I2_2,20000,6268
168690587,I2_1,10000,4544
720320703,I2_2,20000,4884
737718900,I2_2,20000,5581
188065215,I2_2,20000,6781
888603581,I2_1,10000,3931
266740518,I2_1,10000,5504
658282672,I2_2,20000,4898
810432441,I2_2,20000,5233
271991527,I2_1,10000,2552
730388235,I2_1,10000,2745
810473040,I2_1,10000,2915
357794188,I2_2,20000,4533
240364688,I2_1,10000,3027
370446452,I2_1,10000,2550
316072677,I2_1,10000,2547
166771152,I2_2,20000,4840
354526900,I2_2,20000,4936
236443519,I2_2,20000,4729
685525798,I2_1,10000,2918
777393753,I2_2,20000,4972
881623920,I2_2,20000,6552
428572787,I2_2,20000,4550
20849423,I2_2,20000,6480
993231393,I2_1,10000,4813
515511073,I2_1,10000,3152
736426382,I2_2,20000,9633
888754845,I2_2,20000,11672
685735715,I2_1,10000,2614
827172640,I2_1,10000,3638
946182761,I2_1,10000,2681
152986406,I2_2,20000,4759
768051561,I2_1,10000,4952
327286447,I2_1,10000,2578
312517059,I2_1,10000,3598
540133959,I2_1,10000,2597
860251082,I2_1,10000,3728
301514854,I2_1,10000,4148
147955390,I2_1,10000,3588
943465824,I2_2,20000,6082
725788944,I2_1,10000,4133
368124732,I2_2,20000,5642
265920413,I2_2,20000,7905
339760849,I2_2,20000,7246
692327792,I2_1,10000,5561
888018598,I2_1,10000,4963
40593189,I2_1,10000,4949
396487945,I2_2,20000,12624
711420813,I2_1,10000,6354
949535418,I2_2,20000,12981
317542790,I2_2,20000,11659
645426819,I2_2,20000,11464
433658795,I2_2,20000,5679
894325647,I2_1,10000,5383
628366544,I2_2,20000,8561
485490122,I2_1,10000,4274
183022343,I2_1,10000,4851
757484348,I2_2,20000,7526
536856949,I2_1,10000,3747
172451599,I2_2,20000,5878
691430685,I2_1,10000,3423
825081628,I2_1,10000,3011
535271798,I2_2,20000,4585
914789898,I2_2,20000,4702
367256082,I2_1,10000,2573
456636995,I2_1,10000,2822
319169039,I2_1,10000,3524
563066462,I2_1,10000,3532
766996113,I2_1,10000,3989
800092021,I2_2,20000,6494
241908404,I2_1,10000,3793
65644054,I2_2,20000,9363
892711635,I2_1,10000,3872
733583055,I2_2,20000,7152
263165347,I2_2,20000,7122
790192411,I2_1,10000,5292
76394236,I2_2,20000,9616
136788203,I2_1,10000,3443
223827070,I2_2,20000,4601
384561065,I2_2,20000,5572
459788899,I2_1,10000,3262
833641060,I2_2,20000,5983
687393830,I2_1,10000,3479
59826807,I2_1,10000,4564
275327290,I2_1,10000,3903
260649420,I2_1,10000,4998
221325767,I2_1,10000,4514
780403268,I2_1,10000,3411
895227064,I2_2,20000,4549
68998248,I2_2,20000,4603
504989600,I2_2,20000,5531
360270004,I2_1,10000,2868
923223851,I2_2,20000,4565
160900039,I2_2,20000,4709
904856560,I2_2,20000,4686
402628209,I2_2,20000,7399
509038844,I2_1,10000,3709
91715040,I2_2,20000,5778
141304279,I2_1,10000,3682
410772563,I2_1,10000,5317
410500988,I2_2,20000,10739
612104406,I2_2,20000,11323
409431430,I2_2,20000,9112
932176747,I2_1,10000,2798
606444448,I2_1,10000,3054
916480186,I2_2,20000,5502
446048287,I2_1,10000,4853
2218698,I2_2,20000,6225
445449729,I2_1,10000,4463
702174979,I2_1,10000,4638
82905124,I2_2,20000,10631
10219776,I2_1,10000,6099
482662380,I2_1,10000,6618
25677962,I2_2,20000,7636
733242840,I2_1,10000,5428
208776431,I2_2,20000,6594
152634542,I2_2,20000,8123
277933064,I2_2,20000,5056
246072043,I2_1,10000,2530
333969031,I2_2,20000,5546
279485536,I2_2,20000,4618
846753759,I2_2,20000,7259
855086815,I2_1,10000,4427
132717416,I2_2,20000,6414
111754828,I2_1,10000,3601
280294429,I2_1,10000,2561
602156055,I2_2,20000,4584
475114906,I2_2,20000,6654
156384985,I2_2,20000,5375
517226257,I2_1,10000,4467
687826920,I2_2,20000,6200
377550264,I2_2,20000,8255
244212027,I2_2,20000,5305
786402200,I2_2,20000,4541
914785005,I2_1,10000,3304
728272813,I2_2,20000,4698
833358489,I2_1,10000,5238
934965284,I2_1,10000,3362
575060077,I2_1,10000,4016
554555524,I2_2,20000,7139
983594523,I2_1,10000,6027
857454035,I2_1,10000,6499
605954919,I2_2,20000,7012
284105915,I2_2,20000,5237
231565627,I2_2,20000,7356
590753103,I2_1,10000,3011
728525499,I2_1,10000,2578
532412074,I2_1,10000,2636
593993735,I2_1,10000,2567
406455306,I2_2,20000,4609
958480689,I2_1,10000,5172
274727018,I2_2,20000,4699
677675775,I2_1,10000,2948
736800455,I2_1,10000,3846
64378258,I2_2,20000,7127
185067215,I2_2,20000,5902
836477211,I2_2,20000,7975
373968797,I2_2,20000,6297
809876094,I2_2,20000,7507
599813696,I2_2,20000,8623
817082031,I2_1,10000,3897
234394533,I2_2,20000,12031
374834299,I2_2,20000,4643
124839835,I2_1,10000,5160
149619924,I2_1,10000,4043
494069747,I2_2,20000,4765
279316332,I2_1,10000,4181
848000012,I2_1,10000,4079
910998889,I2_1,10000,5616
990818191,I2_1,10000,4021
952656562,I2_2,20000,8879
20309856,I2_2,20000,5691
853322242,I2_2,20000,5222
333798010,I2_1,10000,5657
142257094,I2_1,10000,5670
910382022,I2_1,10000,5000
261012754,I2_1,10000,3896
450517965,I2_1,10000,5544
389347737,I2_1,10000,4433
817866004,I2_2,20000,13044
136311207,I2_2,20000,10862
640507124,I2_2,20000,7924
169749257,I2_1,10000,3006
824680843,I2_2,20000,6290
269141544,I2_2,20000,6113
236186954,I2_1,10000,5561
206851245,I2_2,20000,6563
913606666,I2_1,10000,4251
191169452,I2_1,10000,4828
61230210,I2_2,20000,9279
464942809,I2_2,20000,10499
319393879,I2_1,10000,5073
146345844,I2_1,10000,5486
898028568,I2_2,20000,8803
998888844,I2_1,10000,5032
283858954,I2_1,10000,3273
864541846,I2_2,20000,8117
454603441,I2_1,10000,3910
895914403,I2_2,20000,9577
139411564,I2_2,20000,9605
126168238,I2_2,20000,8325
983561453,I2_2,20000,9941
855307761,I2_2,20000,11188
567179700,I2_1,10000,5134
323933659,I2_2,20000,12521
109826974,I2_1,10000,3233
573926435,I2_1,10000,4712
145786018,I2_2,20000,7915
362234811,I2_2,20000,11030
290750291,I2_2,20000,10115
998794980,I2_1,10000,6107
527724438,I2_1,10000,4777
901575446,I2_1,10000,5072
910150190,I2_2,20000,11473
896124373,I2_2,20000,12612
745848061,I2_2,20000,14103
355773522,I2_2,20000,14265
510689954,I2_1,10000,5284
59486652,I2_1,10000,5984
677723038,I2_1,10000,6459
76499250,I2_2,20000,5278
446482675,I2_1,10000,3717
477159675,I2_2,20000,7172
413237230,I2_2,20000,5450
667767974,I2_2,20000,5425
688406467,I2_2,20000,8160
601726245,I2_1,10000,4144
359078791,I2_2,20000,9085
837795097,I2_1,10000,3729
422261308,I2_2,20000,12265
199541012,I2_1,10000,4198
416664800,I2_1,10000,4347
464438566,I2_1,10000,5952
771619417,I2_2,20000,13818
717261157,I2_2,20000,12638
393080884,I2_2,20000,13783
54105813,I2_1,10000,6717
453921268,I2_1,10000,6344
647487114,I2_2,20000,16241
438712450,I2_2,20000,17277
245394290,I2_1,10000,6863
766803481,I2_2,20000,8962
570489005,I2_1,10000,5149
915994210,I2_1,10000,6256
367925164,I2_1,10000,6908
785970168,I2_1,10000,4626
932174218,I2_2,20000,4536
923443518,I2_1,10000,2915
219001400,I2_1,10000,4430
842066159,I2_2,20000,7144
219331201,I2_2,20000,4512
986735113,I2_2,20000,5445
925648591,I2_1,10000,3813
616324442,I2_1,10000,5033
275064246,I2_1,10000,3353
595185280,I2_2,20000,10191
23375256,I2_1,10000,5915
951152009,I2_1,10000,6384
652053596,I2_1,10000,6300
917709198,I2_2,20000,7961
110027155,I2_1,10000,4279
266004879,I2_2,20000,10399
322705889,I2_2,20000,9505
158822372,I2_2,20000,9355
238970348,I2_1,10000,5098
431693672,I2_1,10000,6176
275047779,I2_2,20000,4505
666477116,I2_2,20000,4590
76209987,I2_1,10000,3888
121480250,I2_1,10000,2982
736493369,I2_1,10000,3961
233653052,I2_2,20000,4538
345925610,I2_2,20000,5454
899376301,I2_2,20000,6663
641361749,I2_2,20000,6459
546802694,I2_1,10000,2643
130794830,I2_1,10000,2955
538252633,I2_1,10000,2527
783221158,I2_2,20000,4756
867620786,I2_1,10000,3943
734441,I2_1,10000,4359
521094742,I2_2,20000,7527
388295982,I2_2,20000,6448
964418868,I2_2,20000,6151
140947626,I2_2,20000,6230
839498389,I2_2,20000,6395
528019307,I2_2,20000,8506
167966241,I2_1,10000,2495
173854222,I2_2,20000,4581
648016629,I2_1,10000,3433
186658442,I2_1,10000,3970
955449699,I2_1,10000,4599
489003564,I2_2,20000,6486
648203961,I2_1,10000,2538
301959186,I2_2,20000,5169
431766442,I2_2,20000,5333
962565079,I2_1,10000,5011
484121599,I2_1,10000,4883
989297497,I2_2,20000,5648
740043234,I2_1,10000,3171
617599198,I2_1,10000,4632
127159978,I2_2,20000,5865
291083864,I2_2,20000,6608
989260621,I2_2,20000,6131
147091369,I2_2,20000,5828
520133075,I2_1,10000,4860
713840223,I2_2,20000,5432
200232748,I2_1,10000,4907
259235070,I2_1,10000,5506
492085736,I2_2,20000,5500
778147114,I2_1,10000,3004
335725224,I2_1,10000,4135
425345530,I2_1,10000,4482
186302710,I2_2,20000,9460
882364376,I2_2,20000,10357
747717492,I2_1,10000,5542
647735098,I2_2,20000,12203
647876616,I2_2,20000,8749
12477960,I2_1,10000,5150
942307111,I2_1,10000,5624
236105987,I2_2,20000,6988
652764497,I2_1,10000,5286
955883764,I2_2,20000,9744
476876415,I2_2,20000,10955
350028376,I2_2,20000,4546
438574048,I2_2,20000,4529
849479228,I2_2,20000,4544
955753330,I2_1,10000,2610
859614644,I2_1,10000,2812
501895636,I2_2,20000,5302
143281198,I2_2,20000,5105
233420767,I2_1,10000,3060
516447438,I2_1,10000,3512
258227818,I2_2,20000,6710
140175274,I2_1,10000,4352
185917900,I2_1,10000,3368
572196739,I2_2,20000,11332
618522017,I2_2,20000,4682
329420463,I2_2,20000,6714
195343425,I2_1,10000,3013
899280950,I2_2,20000,4580
249992760,I2_2,20000,5152
139788645,I2_1,10000,4644
236817956,I2_1,10000,4080
608693774,I2_1,10000,5612
437807707,I2_2,20000,9981
724578844,I2_2,20000,6649
426302962,I2_2,20000,4743
140193503,I2_2,20000,5730
545711385,I2_2,20000,5711
457984175,I2_2,20000,4642
806388075,I2_1,10000,5059
87514706,I2_1,10000,4487
714748521,I2_2,20000,7779
157147144,I2_1,10000,5166
273055329,I2_1,10000,3176
367482334,I2_2,20000,4737
4530438,I2_2,20000,5815
207318438,I2_2,20000,6187
786262690,I2_2,20000,8334
834960520,I2_1,10000,5345
748335525,I2_2,20000,10914
794536142,I2_1,10000,4484
278483460,I2_2,20000,7167
756143180,I2_2,20000,8196
121180242,I2_1,10000,5455
634901511,I2_2,20000,8306
708879753,I2_1,10000,2555
480465471,I2_2,20000,4642
149051868,I2_2,20000,5565
274961807,I2_1,10000,2984
629573740,I2_1,10000,4568
234022127,I2_2,20000,5915
731566909,I2_1,10000,3721
428817188,I2_2,20000,7484
987927254,I2_2,20000,4541
72924784,I2_1,10000,5105
96814126,I2_2,20000,5229
976576817,I2_1,10000,4513
258536809,I2_2,20000,7724
813220309,I2_1,10000,3186
979301342,I2_2,20000,8530
331984150,I2_2,20000,5249
965009672,I2_1,10000,3108
696112936,I2_1,10000,2918
958552911,I2_1,10000,3998
994266317,I2_1,10000,2590
504464016,I2_1,10000,3700
347444707,I2_1,10000,2968
851777301,I2_1,10000,3653
865552131,I2_2,20000,5168
865737970,I2_1,10000,2757
375361823,I2_2,20000,4961
233302792,I2_2,20000,4916
151115257,I2_1,10000,3854
599687941,I2_2,20000,4630
270841144,I2_1,10000,5186
999605154,I2_2,20000,4607
792261377,I2_1,10000,4123
391912327,I2_1,10000,3345
992778551,I2_1,10000,3432
323494573,I2_1,10000,3410
209346381,I2_2,20000,5132
654969080,I2_2,20000,5259
11306874,I2_1,10000,5801
212609886,I2_2,20000,5108
341068076,I2_2,20000,5178
204816734,I2_1,10000,2846
128828774,I2_2,20000,5783
542263349,I2_1,10000,4629
65201500,I2_1,10000,3971
68512808,I2_2,20000,6320
635092525,I2_2,20000,6592
642609505,I2_1,10000,4674
838405781,I2_1,10000,4025
257547143,I2_1,10000,5756
844444897,I2_1,10000,6214
43368303,I2_2,20000,5742
697021340,I2_1,10000,3480
165715878,I2_1,10000,2983
490942306,I2_2,20000,5519
780929020,I2_2,20000,4747
422162446,I2_1,10000,3902
348888003,I2_2,20000,7296
137629891,I2_1,10000,5515
212209393,I2_1,10000,4918
985938530,I2_2,20000,7592
784226505,I2_1,10000,4375
935157295,I2_2,20000,11255
275859676,I2_2,20000,8890
207316216,I2_2,20000,8669
368546804,I2_2,20000,5356
409226401,I2_2,20000,5442
517932034,I2_1,10000,3729
204955837,I2_1,10000,3364
689010901,I2_2,20000,6104
483501975,I2_1,10000,4829
407983845,I2_1,10000,5311
79717096,I2_1,10000,4934
589221153,I2_2,20000,11843
869710703,I2_1,10000,4881
224465109,I2_2,20000,9634
634589516,I2_1,10000,6463
98692847,I2_1,10000,5782
538928563,I2_1,10000,6323
42400627,I2_2,20000,13822
461426945,I2_2,20000,13720
245316434,I2_2,20000,15697
394793304,I2_1,10000,5258
340361565,I2_2,20000,16259
63957861,I2_2,20000,16249
79421351,I2_1,10000,5269
103710828,I2_2,20000,12865
599557569,I2_1,10000,2527
150172806,I2_1,10000,3580
987797057,I2_1,10000,3367
293331265,I2_2,20000,4468
774564849,I2_2,20000,4516
913808067,I2_1,10000,2535
590151115,I2_1,10000,3597
314713175,I2_1,10000,3029
487907150,I2_2,20000,5768
314353404,I2_2,20000,6033
74573001,I2_2,20000,5399
452648524,I2_2,20000,5441
12305366,I2_2,20000,5638
365288293,I2_1,10000,2869
805277651,I2_1,10000,3916
238690215,I2_2,20000,4542
244626634,I2_2,20000,5458
230726301,I2_1,10000,2863
484326143,I2_1,10000,2928
816472509,I2_2,20000,4532
840619841,I2_1,10000,2548
814418393,I2_1,10000,2838
870924386,I2_2,20000,5377
905265971,I2_2,20000,7204
75704750,I2_1,10000,4462
736771171,I2_2,20000,5531
386452271,I2_2,20000,7783
695704465,I2_1,10000,2914
24848693,I2_1,10000,2952
844263980,I2_2,20000,5153
886054752,I2_1,10000,4622
766885653,I2_2,20000,6177
568623615,I2_1,10000,2915
552822784,I2_2,20000,5201
923593872,I2_2,20000,5194
400597380,I2_1,10000,3498
674578506,I2_2,20000,5667
920374384,I2_2,20000,7687
284767488,I2_2,20000,8850
472937054,I2_2,20000,7392
212057990,I2_2,20000,5765
252358138,I2_2,20000,7894
762982763,I2_2,20000,8880
634329844,I2_2,20000,8355
640818534,I2_2,20000,9339
635063722,I2_1,10000,5304
896141303,I2_2,20000,9510
606438596,I2_2,20000,9427
436167546,I2_2,20000,6335
910676129,I2_1,10000,5730
99535145,I2_1,10000,6253
312585518,I2_1,10000,6333
599169651,I2_1,10000,5797
196729309,I2_1,10000,4778
493100085,I2_2,20000,11189
474392287,I2_1,10000,5531
692822097,I2_2,20000,7628
712978300,I2_2,20000,10355
440565960,I2_1,10000,4289
204220391,I2_2,20000,13035
560430068,I2_2,20000,9147
355959401,I2_2,20000,11218
539064701,I2_1,10000,6381
586882676,I2_2,20000,11408
900356406,I2_2,20000,10173
714455873,I2_1,10000,5851
16408807,I2_1,10000,6974
552912915,I2_1,10000,6546
651271978,I2_1,10000,5472
703791327,I2_1,10000,4845
77187417,I2_2,20000,9472
598483859,I2_2,20000,11165
827175917,I2_1,10000,4577
512278805,I2_2,20000,6696
68548212,I2_1,10000,4301
787397993,I2_1,10000,4850
133280851,I2_2,20000,11504
744566825,I2_1,10000,4850
538812609,I2_1,10000,4694
185288104,I2_2,20000,4583
327554340,I2_1,10000,2535
802522462,I2_1,10000,3577
228483873,I2_2,20000,5143
59817836,I2_1,10000,3480
553614377,I2_2,20000,5380
87969559,I2_1,10000,3051
407921913,I2_2,20000,5012
350695273,I2_1,10000,2913
131419764,I2_1,10000,4265
181330659,I2_2,20000,9216
793269574,I2_1,10000,4204
103683170,I2_1,10000,2591
997212486,I2_1,10000,2862
685310778,I2_1,10000,2664
206713849,I2_1,10000,2495
990083161,I2_1,10000,2899
89142223,I2_2,20000,4505
810869100,I2_1,10000,3977
187592966,I2_1,10000,4347
640206567,I2_1,10000,2539
512536112,I2_1,10000,3630
538810894,I2_1,10000,2617
815313380,I2_1,10000,3752
906091203,I2_1,10000,3565
881034988,I2_1,10000,4239
628903157,I2_2,20000,4686
999610225,I2_1,10000,2678
344558833,I2_2,20000,5738
732117549,I2_2,20000,6255
450445073,I2_1,10000,5140
530581939,I2_2,20000,7288
376000719,I2_1,10000,6755
297007117,I2_1,10000,6158
323641815,I2_1,10000,5648
72219844,I2_2,20000,8341
824150824,I2_1,10000,3474
435387422,I2_2,20000,6380
196169815,I2_1,10000,4777
278711553,I2_1,10000,3085
536408114,I2_2,20000,4584
118065343,I2_1,10000,4038
788181569,I2_2,20000,5454
100705144,I2_2,20000,5747
297502041,I2_1,10000,6308
184287467,I2_1,10000,5665
84662579,I2_2,20000,8175
661034231,I2_2,20000,9084
222719209,I2_1,10000,3066
390080128,I2_1,10000,4194
589740601,I2_1,10000,4658
392714381,I2_2,20000,8393
760386677,I2_1,10000,5941
443297047,I2_1,10000,6516
148601935,I2_1,10000,8084
890888217,I2_2,20000,11563
438031810,I2_2,20000,13621
189853702,I2_1,10000,3265
720715354,I2_2,20000,5931
718962891,I2_1,10000,3842
343005356,I2_2,20000,6003
418887960,I2_2,20000,5431
360515369,I2_1,10000,5301
926689776,I2_2,20000,6973
383290689,I2_2,20000,5754
114799763,I2_1,10000,5183
685852842,I2_2,20000,8673
987021913,I2_1,10000,3086
117827940,I2_1,10000,2602
881213282,I2_1,10000,3663
562829346,I2_2,20000,5715
585058971,I2_1,10000,4141
601593178,I2_1,10000,3460
579949178,I2_1,10000,3956
480637960,I2_2,20000,8453
807570150,I2_2,20000,6626
461201791,I2_2,20000,5608
928887345,I2_1,10000,3008
997196192,I2_1,10000,3628
794791580,I2_2,20000,6199
699186989,I2_2,20000,5275
533024667,I2_1,10000,4579
391877017,I2_2,20000,6765
358627890,I2_1,10000,4022
285312188,I2_1,10000,4568
608854588,I2_2,20000,10080
25650230,I2_1,10000,6044
286142282,I2_1,10000,7216
533067918,I2_2,20000,9025
129286403,I2_1,10000,5043
974453531,I2_1,10000,5658
583191513,I2_2,20000,11114
946588602,I2_1,10000,4445
447395082,I2_2,20000,9837
984191154,I2_2,20000,9797
988403089,I2_1,10000,3499
741759419,I2_2,20000,5316
148083844,I2_1,10000,3063
25155292,I2_1,10000,3546
622746042,I2_2,20000,6979
969477279,I2_1,10000,4570
32600705,I2_2,20000,5199
605374993,I2_2,20000,5616
402246835,I2_1,10000,4340
49897767,I2_2,20000,5448
919674951,I2_1,10000,3945
860224769,I2_2,20000,7151
898660715,I2_2,20000,5517
570298087,I2_1,10000,4920
613182941,I2_1,10000,5357
996089141,I2_2,20000,10674
568000121,I2_2,20000,4924
800816288,I2_1,10000,5407
339292480,I2_1,10000,3634
962036913,I2_1,10000,2718
722210752,I2_1,10000,3320
913879056,I2_1,10000,4411
645100466,I2_2,20000,6568
213153333,I2_2,20000,8785
297191024,I2_2,20000,8447
475025105,I2_2,20000,7554
633287495,I2_2,20000,9708
943112754,I2_1,10000,5899
754197561,I2_1,10000,5460
594395172,I2_2,20000,10314
552018777,I2_1,10000,4296
212839291,I2_2,20000,11297
537943033,I2_1,10000,3734
464242475,I2_2,20000,11924
273746702,I2_2,20000,4998
579052770,I2_2,20000,4521
483980364,I2_1,10000,3013
459970285,I2_2,20000,5071
456641767,I2_2,20000,6445
983652277,I2_1,10000,3959
376600954,I2_1,10000,3595
906647136,I2_2,20000,6106
303462065,I2_2,20000,8256
282928532,I2_2,20000,10300
545277692,I2_2,20000,12420
925011557,I2_2,20000,13274
657094759,I2_2,20000,8682
171111172,I2_2,20000,6580
655292448,I2_1,10000,7073
606573338,I2_1,10000,5406
232041517,I2_2,20000,7421
462621747,I2_1,10000,2593
695596339,I2_1,10000,2526
728421496,I2_1,10000,2487
189409765,I2_1,10000,2553
380172320,I2_1,10000,2566
638793779,I2_1,10000,2924
523043007,I2_2,20000,6360
26036362,I2_2,20000,4598
51836122,I2_2,20000,6702
274171392,I2_2,20000,4577
363942736,I2_2,20000,5532
746198276,I2_1,10000,3914
820942705,I2_1,10000,4348
17941835,I2_2,20000,5087
938905625,I2_1,10000,4980
578707331,I2_2,20000,7200
715119228,I2_1,10000,4656
418318140,I2_2,20000,5050
206765960,I2_1,10000,3355
919634536,I2_1,10000,3861
839082439,I2_1,10000,4246
142574797,I2_2,20000,9843
936044295,I2_2,20000,10869
435403470,I2_2,20000,6068
704471644,I2_2,20000,4533
741421049,I2_1,10000,5108
338017329,I2_1,10000,3614
565687959,I2_1,10000,3006
784323711,I2_2,20000,5015
893538616,I2_1,10000,4340
58490426,I2_1,10000,3756
438309301,I2_2,20000,8802
182832917,I2_1,10000,5282
825612425,I2_2,20000,10739
39225374,I2_2,20000,7465
12844872,I2_1,10000,5314
53235008,I2_2,20000,9112
174742803,I2_2,20000,9542
698472765,I2_1,10000,5816
762728089,I2_1,10000,6374
152234447,I2_2,20000,9581
376722445,I2_2,20000,10346
10824110,I2_2,20000,11391
695461387,I2_2,20000,8957
192298461,I2_2,20000,7937
330298436,I2_1,10000,4241
215193255,I2_2,20000,10573
93322690,I2_2,20000,12749
432687276,I2_1,10000,2585
594601107,I2_1,10000,2896
178164805,I2_2,20000,5672
822791755,I2_2,20000,5377
10274104,I2_1,10000,2484
381036182,I2_2,20000,6075
269584676,I2_1,10000,4230
145925710,I2_2,20000,6632
722240971,I2_2,20000,8670
252717870,I2_2,20000,9781
748467100,I2_2,20000,8453
144095770,I2_2,20000,8531
585684968,I2_2,20000,7447
7962820,I2_2,20000,8419
797884282,I2_2,20000,7437
14113108,I2_1,10000,2947
495024238,I2_2,20000,4559
709610525,I2_2,20000,5299
972122876,I2_2,20000,6473
559512440,I2_1,10000,4641
76232677,I2_2,20000,8465
634539552,I2_1,10000,4331
614240656,I2_1,10000,5891
883046447,I2_1,10000,5369
6459896,I2_2,20000,9239
898897457,I2_2,20000,9652
531301257,I2_2,20000,7468
952965288,I2_1,10000,4837
804692882,I2_1,10000,5281
462685465,I2_2,20000,9485
400774550,I2_1,10000,5787
524070692,I2_1,10000,6301
182717331,I2_2,20000,11802
100585732,I2_2,20000,6536
534561458,I2_2,20000,5651
416987896,I2_2,20000,5417
624852430,I2_1,10000,3512
826134108,I2_1,10000,2872
606378126,I2_2,20000,5291
698655345,I2_2,20000,5654
320406732,I2_2,20000,7764
726237147,I2_1,10000,2869
159908626,I2_2,20000,4630
429714569,I2_2,20000,4720
969542553,I2_2,20000,4755
285631386,I2_1,10000,2733
350922480,I2_1,10000,2646
132931161,I2_1,10000,2848
317165277,I2_1,10000,3087
313113024,I2_2,20000,4741
409945194,I2_1,10000,3211
245436876,I2_2,20000,4740
430691141,I2_1,10000,3449
189677101,I2_1,10000,4599
217071049,I2_1,10000,2906
13784873,I2_2,20000,5576
768792175,I2_2,20000,4672
736019457,I2_1,10000,2966
835508539,I2_1,10000,4210
853769673,I2_1,10000,4682
990728731,I2_2,20000,4804
5402623,I2_1,10000,2534
511559989,I2_1,10000,2577
489409165,I2_2,20000,5085
554738000,I2_1,10000,3086
376576113,I2_1,10000,3656
663800451,I2_2,20000,5172
429476559,I2_1,10000,5856
696539995,I2_1,10000,6267
975612913,I2_1,10000,6689
752490768,I2_1,10000,5606
812539121,I2_2,20000,7087
750889066,I2_1,10000,5995
180128255,I2_1,10000,6401
22666751,I2_1,10000,6510
720789559,I2_2,20000,11300
439871805,I2_2,20000,12633
226703510,I2_2,20000,9198
377293226,I2_1,10000,2999
825641244,I2_1,10000,2540
74755170,I2_1,10000,3585
805003691,I2_1,10000,2639
113935181,I2_1,10000,3007
138156979,I2_2,20000,5349
464268319,I2_2,20000,6407
136210483,I2_1,10000,5303
630943334,I2_1,10000,5631
737772985,I2_2,20000,9426
155327117,I2_2,20000,9251
548916381,I2_1,10000,4201
854253335,I2_2,20000,8887
846717117,I2_2,20000,10531
285998663,I2_2,20000,4543
360665829,I2_2,20000,5588
871674115,I2_2,20000,4558
543207858,I2_2,20000,6596
98356782,I2_2,20000,7748
115030594,I2_2,20000,7171
904093758,I2_2,20000,9253
944364748,I2_1,10000,5476
484950606,I2_2,20000,10400
690973303,I2_1,10000,4835
639365023,I2_1,10000,5311
344916022,I2_1,10000,4629
517984244,I2_2,20000,11810
696832133,I2_1,10000,3545
212156764,I2_2,20000,5724
563807265,I2_1,10000,5082
305807642,I2_1,10000,5748
297937135,I2_2,20000,4504
753505791,I2_1,10000,2727
26203435,I2_1,10000,3428
219490916,I2_1,10000,3467
993198725,I2_1,10000,4567
379828329,I2_1,10000,4909
964669041,I2_1,10000,4215
602435083,I2_2,20000,9227
75857234,I2_2,20000,10239
661606957,I2_2,20000,4974
812212671,I2_1,10000,4339
768495746,I2_2,20000,6502
749857999,I2_1,10000,3804
107326785,I2_1,10000,4008
794390277,I2_1,10000,2954
703301448,I2_2,20000,4712
824387105,I2_1,10000,4094
152847325,I2_1,10000,5158
565103949,I2_1,10000,4479
120905694,I2_1,10000,5044
607880645,I2_2,20000,4615
757680404,I2_1,10000,3389
987639910,I2_2,20000,5139
864520931,I2_1,10000,3497
851219461,I2_1,10000,2871
255929759,I2_2,20000,4714
550694713,I2_2,20000,4784
867206286,I2_2,20000,6873
372073654,I2_2,20000,4742
368806812,I2_1,10000,3223
907248612,I2_2,20000,8330
610172868,I2_1,10000,2950
82099851,I2_1,10000,3150
110649005,I2_1,10000,4341
758597130,I2_2,20000,5181
187680505,I2_2,20000,5100
726391510,I2_1,10000,4520
640485878,I2_2,20000,6669
105015421,I2_1,10000,4358
14073665,I2_1,10000,2629
493275781,I2_2,20000,4600
471424900,I2_1,10000,2891
641634946,I2_2,20000,6551
348122867,I2_2,20000,5008
775956137,I2_2,20000,4667
145890182,I2_1,10000,3048
876053538,I2_1,10000,4209
507428992,I2_1,10000,2992
839578034,I2_2,20000,4650
624054703,I2_1,10000,3025
96180033,I2_2,20000,4626
9890778,I2_1,10000,4016
724636766,I2_1,10000,2665
194818790,I2_2,20000,5067
80688228,I2_2,20000,6989
252218332,I2_1,10000,2639
585218728,I2_2,20000,5528
905756966,I2_1,10000,2558
594921902,I2_1,10000,2608
457552288,I2_2,20000,4663
394531914,I2_2,20000,4662
929058813,I2_1,10000,2987
38573006,I2_1,10000,3062
189646691,I2_1,10000,3664
461526288,I2_1,10000,3709
429737244,I2_2,20000,4964
395436933,I2_1,10000,4421
506307156,I2_1,10000,6073
266555054,I2_2,20000,7148
168843515,I2_2,20000,7664
582242153,I2_2,20000,7911
480961986,I2_1,10000,5503
680292506,I2_2,20000,9905
674574726,I2_1,10000,3784
181516114,I2_2,20000,7625
802507236,I2_1,10000,3800
874097611,I2_2,20000,6868
676423068,I2_1,10000,3710
792002885,I2_1,10000,3707
535467511,I2_1,10000,4478
470487037,I2_2,20000,8230
602677168,I2_2,20000,8294
389942847,I2_1,10000,3955
377331649,I2_2,20000,7533
541836999,I2_1,10000,4733
991088457,I2_1,10000,2678
785805409,I2_1,10000,3681
406264578,I2_1,10000,3039
2892007,I2_2,20000,5458
352516883,I2_2,20000,5030
36128544,I2_2,20000,4971
868025723,I2_1,10000,2909
209813058,I2_2,20000,4704
926553553,I2_1,10000,2902
818991461,I2_2,20000,5517
894197931,I2_1,10000,2969
894851616,I2_2,20000,6476
370053066,I2_2,20000,5078
86249183,I2_2,20000,7143
160588829,I2_1,10000,5324
378239472,I2_2,20000,8832
960187525,I2_2,20000,9842
974190176,I2_1,10000,3010
487083631,I2_1,10000,3972
494553534,I2_1,10000,4378
94642753,I2_1,10000,5989
513717830,I2_1,10000,3906
88180672,I2_2,20000,8757
134178046,I2_1,10000,6036
606170040,I2_1,10000,4866
761108499,I2_2,20000,7088
378984309,I2_1,10000,4872
892702425,I2_1,10000,3852
199935336,I2_1,10000,3437
86152737,I2_2,20000,5247
296120714,I2_2,20000,4705
116437835,I2_1,10000,3150
886238572,I2_2,20000,4655
303841606,I2_1,10000,3925
492723807,I2_2,20000,6650
538374468,I2_2,20000,6467
536194593,I2_1,10000,4309
765705648,I2_2,20000,6982
2437849,I2_1,10000,4367
198700102,I2_2,20000,9359
704730764,I2_2,20000,10657
197294692,I2_2,20000,5496
156529252,I2_2,20000,6954
436917563,I2_2,20000,6663
374092336,I2_1,10000,3786
966209762,I2_2,20000,5397
460674801,I2_1,10000,2636
933203297,I2_1,10000,2607
954864385,I2_1,10000,2690
620898765,I2_2,20000,5259
705073695,I2_2,20000,4768
102919807,I2_1,10000,4147
464051699,I2_2,20000,5432
9105619,I2_2,20000,7568
911549146,I2_2,20000,5630
298351008,I2_1,10000,3930
942157774,I2_1,10000,4075
987413285,I2_1,10000,2987
608243837,I2_2,20000,6077
585859907,I2_2,20000,7389
234385358,I2_2,20000,9470
668976507,I2_2,20000,5486
710375510,I2_2,20000,5448
271174795,I2_2,20000,6524
163378188,I2_1,10000,6123
627451419,I2_2,20000,5006
83445996,I2_2,20000,6021
452905601,I2_2,20000,6464
974788430,I2_2,20000,6667
424546985,I2_2,20000,7711
74127670,I2_1,10000,5625
799062162,I2_2,20000,7713
361129217,I2_1,10000,5999
381320116,I2_1,10000,4374
241969177,I2_2,20000,9192
397975724,I2_1,10000,5482
291054844,I2_1,10000,5822
709482723,I2_1,10000,5516
618731559,I2_1,10000,4525
199246672,I2_2,20000,14150
573152614,I2_2,20000,12546
911110766,I2_2,20000,11202
267999440,I2_1,10000,6268
805798439,I2_2,20000,12257
801480553,I2_2,20000,14316
152990072,I2_2,20000,13607
626635184,I2_1,10000,6886
618195108,I2_1,10000,6376
458251485,I2_2,20000,16643
571967935,I2_2,20000,18254
419114698,I2_2,20000,20931
820180591,I2_1,10000,11082
166858689,I2_1,10000,9489
428435863,I2_2,20000,21699
65101786,I2_2,20000,21592
104185708,I2_2,20000,23651
958806736,I2_2,20000,21922
107527445,I2_2,20000,22546
16915495,I2_2,20000,24059
660670678,I2_1,10000,13015
153304473,I2_1,10000,11416
504486647,I2_2,20000,21432
143194085,I2_2,20000,23548
907747634,I2_1,10000,12632
926627257,I2_2,20000,25183
149499323,I2_2,20000,27184
279531876,I2_1,10000,13124
180795436,I2_2,20000,24675
898268680,I2_1,10000,11703
423919910,I2_1,10000,12722
260237028,I2_1,10000,11241
887349403,I2_2,20000,23350
292585754,I2_1,10000,11698
48479256,I2_1,10000,8582
184335560,I2_2,20000,20170
582778920,I2_2,20000,21676
196656945,I2_1,10000,6893
708689550,I2_1,10000,7421
938553808,I2_2,20000,20522
315847255,I2_2,20000,15824
705665708,I2_2,20000,13632
598699128,I2_2,20000,11918
2363304,I2_1,10000,6237
53107296,I2_2,20000,13562
828993297,I2_1,10000,4271
362705109,I2_1,10000,4414
921917785,I2_1,10000,2872
283428888,I2_1,10000,3571
382657496,I2_2,20000,6836
400557674,I2_2,20000,4974
465063638,I2_2,20000,5672
551363867,I2_1,10000,5035
934782100,I2_1,10000,3491
200087706,I2_1,10000,2519
307284745,I2_2,20000,5080
445614471,I2_1,10000,2474
34223324,I2_2,20000,4911
880192592,I2_2,20000,4816
835320629,I2_1,10000,3066
688062034,I2_1,10000,2914
170328966,I2_1,10000,4097
255952394,I2_1,10000,2528
303935178,I2_2,20000,4501
591994790,I2_1,10000,2744
726616923,I2_2,20000,7085
548702092,I2_2,20000,5881
644704861,I2_2,20000,6406
10079573,I2_2,20000,5558
394741076,I2_1,10000,4951
521117788,I2_1,10000,4962
424891052,I2_2,20000,4517
470192502,I2_1,10000,2942
303086413,I2_2,20000,4482
202508146,I2_2,20000,6508
636411760,I2_1,10000,5287
625564263,I2_1,10000,3337
129126586,I2_2,20000,7079
340049202,I2_2,20000,5915
358989219,I2_1,10000,5290
574981125,I2_1,10000,5850
707155593,I2_1,10000,5846
47035660,I2_1,10000,3894
293115361,I2_1,10000,4441
886478443,I2_2,20000,8094
464997104,I2_1,10000,5264
86205916,I2_1,10000,5783
685041398,I2_2,20000,10843
198103954,I2_2,20000,11292
672909441,I2_1,10000,3654
312104624,I2_2,20000,5987
602449439,I2_1,10000,4461
373350052,I2_2,20000,9216
61622691,I2_1,10000,2775
862278882,I2_1,10000,2521
27916717,I2_1,10000,2619
747131055,I2_1,10000,2866
31587685,I2_1,10000,2671
576904000,I2_1,10000,3443
893517308,I2_2,20000,4699
841739891,I2_1,10000,4101
752324821,I2_1,10000,4243
404847071,I2_2,20000,5047
325637565,I2_2,20000,6736
530111516,I2_2,20000,7771
416391958,I2_1,10000,2993
685088031,I2_2,20000,4735
65766442,I2_1,10000,2807
541967957,I2_1,10000,2691
81319317,I2_2,20000,4728
342474585,I2_2,20000,5202
517704172,I2_1,10000,3610
96320673,I2_2,20000,6194
560467365,I2_1,10000,5473
939043417,I2_2,20000,8908
944352599,I2_1,10000,4771
417704677,I2_1,10000,3830
628366761,I2_2,20000,9136
132116500,I2_1,10000,4453
527486941,I2_2,20000,10615
919213384,I2_1,10000,3744
431071839,I2_1,10000,3793
138248140,I2_2,20000,4788
306957406,I2_1,10000,3233
660972332,I2_1,10000,3528
836109247,I2_1,10000,2892
846775098,I2_2,20000,5710
239331855,I2_1,10000,2585
911670309,I2_2,20000,4951
813426383,I2_1,10000,3645
601413366,I2_2,20000,5380
623427718,I2_1,10000,4070
136289578,I2_2,20000,5601
85961893,I2_1,10000,4993
910661738,I2_2,20000,5759
694638053,I2_2,20000,4740
914170161,I2_1,10000,3162
939512548,I2_1,10000,3548
851223899,I2_2,20000,6595
272118088,I2_2,20000,4707
808357453,I2_1,10000,4252
644286588,I2_2,20000,5254
847301833,I2_1,10000,6125
737585780,I2_2,20000,5932
898288843,I2_1,10000,5270
247043383,I2_1,10000,4000
975828831,I2_2,20000,5678
325297599,I2_2,20000,7367
853050484,I2_2,20000,4689
448371503,I2_1,10000,4033
300666710,I2_1,10000,4037
492550443,I2_2,20000,7662
399298596,I2_1,10000,5552
253850471,I2_1,10000,5098
256394617,I2_1,10000,4945
818486261,I2_1,10000,4940
295379558,I2_1,10000,4985
658518083,I2_1,10000,4617
363451136,I2_1,10000,3496
96438381,I2_2,20000,4638
317349844,I2_2,20000,5580
879367222,I2_1,10000,3043
81992195,I2_1,10000,4255
573891526,I2_1,10000,3571
826770121,I2_2,20000,7679
64697304,I2_1,10000,2907
586286162,I2_2,20000,4702
58634172,I2_1,10000,2758
762450565,I2_1,10000,3072
322542078,I2_1,10000,4076
986072535,I2_1,10000,2674
225419678,I2_1,10000,3025
249463711,I2_1,10000,3652
297994677,I2_2,20000,5501
817484499,I2_2,20000,6137
777573629,I2_2,20000,5143
106580477,I2_2,20000,4728
574351309,I2_2,20000,5785
110081386,I2_1,10000,2694
751706387,I2_1,10000,3190
100141941,I2_1,10000,3624
531422906,I2_1,10000,3017
600476398,I2_2,20000,5699
246490254,I2_1,10000,4124
999253576,I2_2,20000,6422
612743486,I2_2,20000,8420
623107342,I2_1,10000,3552
414102336,I2_1,10000,4056
272983331,I2_1,10000,5581
816700405,I2_2,20000,8735
230194271,I2_2,20000,9739
976807446,I2_2,20000,10424
342615667,I2_2,20000,8042
154089012,I2_1,10000,3363
509172800,I2_2,20000,5688
726657950,I2_1,10000,5092
824059810,I2_2,20000,7232
376712461,I2_2,20000,7703
975200719,I2_2,20000,6643
439758291,I2_1,10000,4395
859123311,I2_2,20000,8044
806700840,I2_1,10000,4868
41745528,I2_2,20000,11243
281267731,I2_2,20000,10169
272788245,I2_1,10000,5334
633034760,I2_2,20000,12207
573563344,I2_2,20000,10648
549860807,I2_2,20000,8399
733463315,I2_2,20000,9346
424234322,I2_1,10000,4213
812546107,I2_2,20000,10516
959671516,I2_2,20000,8547
97704689,I2_1,10000,2798
17148388,I2_1,10000,3027
770319259,I2_1,10000,2911
953268967,I2_1,10000,4437
499988207,I2_1,10000,3864
782938636,I2_2,20000,8665
967091050,I2_2,20000,8636
110761211,I2_1,10000,4142
878092349,I2_1,10000,3767
777704532,I2_2,20000,9534
266406700,I2_1,10000,3586
652758239,I2_1,10000,4146
650122632,I2_2,20000,9448
936349604,I2_2,20000,5590
659594685,I2_2,20000,4861
564492399,I2_1,10000,5290
755043440,I2_1,10000,5322
753315105,I2_2,20000,6173
46943257,I2_1,10000,3898
931386248,I2_1,10000,3729
458696748,I2_1,10000,9613
930847757,I2_1,10000,7904
965495250,I2_1,10000,6106
838006706,I2_1,10000,5537
954443215,I2_2,20000,13707
471362853,I2_2,20000,14702
777983329,I2_1,10000,5642
379338938,I2_2,20000,13466
874599862,I2_1,10000,4781
819084598,I2_2,20000,12711
436893638,I2_1,10000,4682
574018887,I2_2,20000,13587
960584177,I2_1,10000,5769
193221991,I2_2,20000,17158
666500033,I2_2,20000,15028
491270203,I2_2,20000,9938
535237313,I2_2,20000,7839
461342616,I2_1,10000,6429
286383237,I2_2,20000,5784
73232131,I2_1,10000,3716
779715248,I2_2,20000,7088
776028384,I2_2,20000,7669
935685294,I2_2,20000,5561
354573288,I2_2,20000,4564
272014507,I2_1,10000,3990
494229617,I2_2,20000,4565
576709458,I2_2,20000,4839
284416182,I2_1,10000,2893
362423381,I2_2,20000,7255
240637914,I2_1,10000,5453
179554496,I2_1,10000,4210
907304862,I2_2,20000,7242
524287526,I2_1,10000,2634
440393584,I2_1,10000,2683
595601994,I2_1,10000,2676
429762952,I2_2,20000,4633
90453776,I2_2,20000,4750
957083776,I2_2,20000,4764
101201029,I2_1,10000,4343
407500610,I2_1,10000,3635
487303501,I2_1,10000,4118
34998886,I2_1,10000,5202
260610668,I2_2,20000,8368
519280645,I2_1,10000,5462
187646218,I2_2,20000,9292
435379831,I2_2,20000,9298
690061597,I2_2,20000,5586
829417512,I2_2,20000,5217
628111030,I2_2,20000,4901
633627446,I2_1,10000,4149
929159934,I2_1,10000,4416
402261074,I2_2,20000,5697
242563377,I2_2,20000,7287
917704423,I2_1,10000,2815
5420746,I2_1,10000,2730
534132951,I2_1,10000,2850
968718559,I2_1,10000,4077
424745205,I2_2,20000,5181
904289051,I2_2,20000,6085
86790655,I2_1,10000,5557
379789121,I2_2,20000,9306
485590488,I2_1,10000,4789
537680335,I2_2,20000,9548
629838961,I2_2,20000,11531
614777118,I2_2,20000,9475
169250678,I2_1,10000,3687
74905514,I2_2,20000,6207
996148480,I2_2,20000,6831
92889954,I2_1,10000,5141
98062059,I2_2,20000,8439
150177865,I2_1,10000,5413
9904358,I2_1,10000,4768
938398181,I2_1,10000,5451
957471033,I2_2,20000,10489
898977211,I2_2,20000,8011
303922098,I2_1,10000,4780
185097382,I2_1,10000,4213
843712874,I2_1,10000,4034
561374910,I2_1,10000,2782
779236707,I2_2,20000,4835
535089325,I2_1,10000,4025
63358968,I2_2,20000,5784
649515822,I2_1,10000,6275
671759926,I2_1,10000,4581
648384802,I2_2,20000,6213
266610538,I2_1,10000,4509
387049147,I2_2,20000,6665
533974491,I2_1,10000,3790
99317900,I2_1,10000,4916
731223417,I2_2,20000,11342
423248737,I2_2,20000,6969
24670220,I2_2,20000,7472
431903991,I2_1,10000,5846
726968394,I2_1,10000,4215
764938374,I2_2,20000,11172
73818310,I2_2,20000,5168
839533839,I2_1,10000,3113
245001355,I2_1,10000,3500
297592866,I2_2,20000,6003
982352394,I2_1,10000,5546
13921115,I2_1,10000,5894
974701187,I2_2,20000,9157
962098397,I2_1,10000,6117
273988087,I2_2,20000,8721
226576096,I2_1,10000,7669
274518740,I2_1,10000,8233
751384894,I2_1,10000,6545
842946608,I2_1,10000,6287
590870921,I2_1,10000,4135
46311786,I2_2,20000,4667
105384595,I2_1,10000,4100
238474992,I2_1,10000,2983
985009769,I2_2,20000,4681
175209929,I2_2,20000,4706
662206404,I2_1,10000,2651
432612153,I2_1,10000,3426
178069112,I2_1,10000,3059
180981972,I2_1,10000,4324
214778231,I2_1,10000,4837
755171218,I2_1,10000,4821
507274289,I2_1,10000,5890
469021347,I2_1,10000,5078
746163654,I2_1,10000,5615
517970602,I2_2,20000,9931
269741382,I2_2,20000,12040
661294978,I2_2,20000,12504
567789237,I2_1,10000,5401
775873906,I2_2,20000,13420
223699534,I2_2,20000,10288
476054259,I2_1,10000,6042
135531895,I2_1,10000,6530
169081563,I2_1,10000,4829
299053599,I2_1,10000,4363
991139544,I2_2,20000,14707
862524370,I2_2,20000,11279
690646873,I2_1,10000,4304
400418690,I2_1,10000,4254
483267556,I2_2,20000,4642
748758585,I2_2,20000,6745
198103943,I2_1,10000,3409
224078464,I2_2,20000,4712
839068510,I2_2,20000,6738
239542387,I2_1,10000,2986
462144861,I2_2,20000,5608
776923408,I2_1,10000,5048
427682262,I2_1,10000,6627
903092208,I2_2,20000,8754
974904265,I2_2,20000,6990
603280268,I2_2,20000,8183
425585982,I2_2,20000,7130
676263294,I2_2,20000,6146
592202607,I2_1,10000,5582
154837305,I2_2,20000,9824
982811109,I2_2,20000,8545
887816301,I2_2,20000,10592
286481264,I2_2,20000,10241
487336482,I2_2,20000,12317
675903919,I2_2,20000,4675
606921919,I2_1,10000,4108
68678084,I2_2,20000,5540
668738965,I2_1,10000,3954
469179227,I2_1,10000,2617
405762421,I2_1,10000,2635
387980637,I2_2,20000,5431
647105580,I2_2,20000,5601
403802581,I2_1,10000,5011
461399995,I2_2,20000,4906
894939751,I2_2,20000,7081
983215804,I2_1,10000,4829
658278755,I2_1,10000,4391
999177922,I2_2,20000,6622
222071157,I2_2,20000,8891
3366829,I2_2,20000,5876
741538611,I2_2,20000,8008
667562063,I2_1,10000,5359
827955413,I2_2,20000,10820
775775909,I2_1,10000,3414
111444745,I2_2,20000,12967
51960443,I2_2,20000,6525
781501867,I2_1,10000,5274
868485914,I2_2,20000,5116
291694607,I2_1,10000,3918
180060918,I2_2,20000,6607
269516846,I2_1,10000,4852
921822868,I2_2,20000,7035
204299171,I2_2,20000,9128
809320142,I2_2,20000,10776
186571477,I2_2,20000,8044
519460511,I2_1,10000,5341
757935803,I2_2,20000,8645
567921180,I2_2,20000,6613
381612918,I2_2,20000,5552
406866704,I2_1,10000,5930
777517206,I2_1,10000,5359
902349513,I2_2,20000,10181
676035361,I2_1,10000,5339
7323622,I2_2,20000,8285
930982117,I2_2,20000,10374
925679551,I2_1,10000,2504
384254337,I2_2,20000,4679
54466516,I2_2,20000,5798
206401599,I2_2,20000,6648
599309880,I2_2,20000,6572
79851784,I2_2,20000,8053
61733705,I2_1,10000,4242
938805061,I2_2,20000,9309
504740612,I2_2,20000,7266
683337286,I2_1,10000,4490
959128197,I2_2,20000,5934
963501019,I2_1,10000,2888
67963371,I2_2,20000,8063
826922720,I2_1,10000,3486
817984688,I2_2,20000,5239
298033737,I2_2,20000,6153
925577503,I2_1,10000,3328
577287318,I2_1,10000,3045
821734202,I2_2,20000,5649
880889261,I2_1,10000,2809
851893155,I2_1,10000,2767
998329219,I2_1,10000,2625
895997304,I2_1,10000,2512
711800888,I2_2,20000,4508
332290769,I2_1,10000,3721
723754671,I2_2,20000,6290
585635910,I2_1,10000,2636
549373308,I2_2,20000,5192
498706912,I2_1,10000,3386
271050149,I2_2,20000,4686
196351765,I2_2,20000,4539
318930074,I2_2,20000,5508
784204706,I2_2,20000,5151
916594024,I2_1,10000,3523
325514836,I2_1,10000,2848
537834494,I2_1,10000,3510
259900920,I2_1,10000,2952
168853101,I2_2,20000,5774
958737019,I2_1,10000,3984
814894760,I2_2,20000,6491
732013965,I2_2,20000,7207
20467782,I2_2,20000,7064
598611416,I2_1,10000,5320
751937251,I2_2,20000,9797
812097442,I2_2,20000,4641
52331630,I2_1,10000,2722
228858182,I2_2,20000,5373
111923205,I2_1,10000,3788
837217299,I2_1,10000,3506
353471127,I2_1,10000,4625
959716600,I2_1,10000,2609
25596341,I2_1,10000,3139
68576051,I2_2,20000,5109
804145296,I2_1,10000,4422
616129194,I2_1,10000,6089
529612927,I2_2,20000,7845
238665227,I2_2,20000,10059
124506132,I2_1,10000,5108
832794813,I2_2,20000,5345
782943844,I2_2,20000,5684
640713459,I2_2,20000,7941
872055400,I2_2,20000,6209
133035406,I2_1,10000,4472
505731817,I2_1,10000,4917
510195418,I2_1,10000,4852
481594787,I2_1,10000,3367
905649930,I2_2,20000,9430
410443414,I2_2,20000,5412
154921735,I2_2,20000,4582
567333058,I2_2,20000,5574
673902087,I2_2,20000,5364
759433872,I2_1,10000,4957
274296970,I2_1,10000,5140
237860582,I2_2,20000,7512
283380030,I2_1,10000,4212
342400929,I2_1,10000,5518
273956552,I2_1,10000,6034
382424505,I2_1,10000,3556
55828342,I2_2,20000,4722
167362913,I2_2,20000,4622
631515138,I2_1,10000,3035
282712685,I2_2,20000,4754
275810976,I2_1,10000,4010
115818246,I2_2,20000,4996
465858842,I2_1,10000,3563
923844018,I2_2,20000,6430
975036083,I2_1,10000,4681
155235446,I2_2,20000,6920
728154538,I2_1,10000,5168
578551620,I2_2,20000,8563
255837042,I2_1,10000,6839
269329637,I2_2,20000,11210
163963164,I2_2,20000,8785
50468901,I2_2,20000,9789
915621696,I2_1,10000,6032
860519534,I2_1,10000,5584
123758823,I2_2,20000,12105
807962670,I2_2,20000,10535
969966682,I2_1,10000,5500
147983989,I2_2,20000,11942
43820914,I2_2,20000,11504
966346424,I2_2,20000,11424
445615404,I2_1,10000,5463
557897400,I2_2,20000,11231
404626832,I2_2,20000,11660
107722939,I2_2,20000,12754
170515923,I2_2,20000,11565
927216921,I2_2,20000,13979
186546730,I2_1,10000,5241
387082613,I2_2,20000,16284
536227816,I2_2,20000,10591
170172430,I2_2,20000,7884
969405787,I2_2,20000,6913
546010359,I2_1,10000,4354
353481394,I2_2,20000,5464
687521220,I2_2,20000,6396
927753451,I2_2,20000,5382
255946441,I2_2,20000,5721
817991012,I2_2,20000,5562
435454467,I2_1,10000,4966
805786588,I2_1,10000,5517
475302197,I2_2,20000,9176
829134143,I2_2,20000,10161
678089476,I2_1,10000,5361
906192917,I2_2,20000,10629
24525665,I2_2,20000,12118
358892655,I2_2,20000,7825
596477844,I2_1,10000,4740
629892050,I2_1,10000,3156
628641790,I2_2,20000,11757
699276891,I2_1,10000,2396
530590900,I2_2,20000,5005
32482445,I2_1,10000,3318
261111407,I2_2,20000,5572
864043619,I2_1,10000,3869
4785232,I2_1,10000,4506
828389687,I2_1,10000,3357
732284443,I2_2,20000,6631
562160364,I2_1,10000,5456
189259350,I2_1,10000,4708
73206599,I2_1,10000,6330
81393227,I2_1,10000,5319
285379310,I2_2,20000,7825
151379158,I2_2,20000,5635
127618223,I2_1,10000,2919
446023298,I2_1,10000,4469
628698616,I2_2,20000,6056
428026907,I2_2,20000,8106
520044871,I2_1,10000,2529
437845276,I2_1,10000,2701
606131224,I2_2,20000,4540
575829471,I2_2,20000,6558
706026836,I2_1,10000,2596
775623433,I2_2,20000,4896
202880963,I2_2,20000,5509
346843783,I2_2,20000,5558
330062066,I2_2,20000,8213
808874470,I2_1,10000,4496
626527022,I2_2,20000,7161
529571430,I2_1,10000,4137
117907975,I2_1,10000,3783
637360790,I2_2,20000,11944
898397103,I2_2,20000,10638
578810134,I2_1,10000,4802
176036035,I2_1,10000,5270
866518879,I2_2,20000,5849
177318913,I2_1,10000,3693
705147763,I2_1,10000,2630
82905833,I2_2,20000,5173
670575023,I2_1,10000,2516
939339909,I2_1,10000,3061
537989391,I2_1,10000,3575
692616612,I2_1,10000,5170
295379451,I2_1,10000,4648
799048037,I2_2,20000,5252
308751326,I2_2,20000,4507
739430516,I2_2,20000,4457
362007025,I2_1,10000,2832
525816636,I2_1,10000,2981
314445374,I2_1,10000,2763
626466016,I2_1,10000,3755
948577317,I2_1,10000,2739
915426099,I2_1,10000,3077
457004188,I2_2,20000,4702
985069422,I2_2,20000,4655
954756256,I2_1,10000,2665
278090275,I2_1,10000,2827
391257047,I2_1,10000,2826
18035337,I2_1,10000,2724
983985786,I2_1,10000,2849
302522306,I2_1,10000,2754
245445582,I2_2,20000,5227
328854666,I2_1,10000,5725
489555666,I2_2,20000,9079
357180185,I2_1,10000,4911
444795524,I2_2,20000,11798
974960965,I2_1,10000,5434
989315191,I2_1,10000,3923
759013299,I2_1,10000,4786
584163147,I2_2,20000,15811
180053910,I2_1,10000,5941
636318803,I2_2,20000,16312
739780440,I2_1,10000,3436
296598792,I2_1,10000,4864
884271366,I2_2,20000,15082
328258448,I2_2,20000,9764
776377038,I2_1,10000,7186
386995084,I2_1,10000,6452
926744292,I2_1,10000,5947
631369118,I2_2,20000,12656
117552656,I2_1,10000,4408
115135415,I2_2,20000,14767
106154325,I2_1,10000,4813
245902062,I2_2,20000,17310
932159695,I2_1,10000,7158
252989154,I2_2,20000,18236
875675329,I2_2,20000,17609
538598992,I2_2,20000,19677
737131400,I2_1,10000,8338
637324140,I2_1,10000,8928
354091646,I2_1,10000,8280
110168501,I2_2,20000,20552
99232087,I2_2,20000,22721
200566884,I2_2,20000,23823
775562754,I2_2,20000,22158
584763431,I2_2,20000,21593
244659145,I2_1,10000,7355
675919501,I2_1,10000,8937
578750216,I2_1,10000,9456
857160482,I2_2,20000,17852
942380246,I2_2,20000,16925
97296540,I2_2,20000,11714
729610194,I2_2,20000,6004
628587026,I2_2,20000,5398
761613790,I2_1,10000,4923
158319992,I2_1,10000,3767
71060897,I2_2,20000,5006
278748766,I2_1,10000,4322
898560705,I2_2,20000,4597
974290377,I2_2,20000,6508
969323547,I2_2,20000,7566
440483364,I2_2,20000,5495
777454876,I2_2,20000,6496
275981936,I2_2,20000,7374
628795791,I2_2,20000,6125
894677977,I2_1,10000,5806
28489170,I2_1,10000,5208
710069226,I2_1,10000,4661
912459358,I2_1,10000,5803
589348899,I2_1,10000,2661
486552299,I2_1,10000,2553
761118038,I2_2,20000,4934
830237663,I2_1,10000,4325
383349032,I2_2,20000,8538
118583894,I2_2,20000,9459
181571879,I2_2,20000,8435
93101058,I2_1,10000,4755
87825765,I2_1,10000,5302
73361282,I2_2,20000,12507
517878685,I2_2,20000,14089
808055256,I2_2,20000,12092
760152428,I2_1,10000,6256
256140604,I2_2,20000,13407
22646968,I2_2,20000,14877
378204528,I2_2,20000,15771
516113433,I2_1,10000,6910
236550253,I2_1,10000,4206
454428208,I2_2,20000,14217
678120278,I2_1,10000,5784
755726039,I2_2,20000,14844
947612630,I2_1,10000,6902
880663842,I2_1,10000,8547
662046320,I2_1,10000,7333
97420973,I2_2,20000,15907
94412867,I2_2,20000,15349
726784562,I2_2,20000,13029
470275112,I2_1,10000,5404
867435182,I2_2,20000,13692
505912467,I2_2,20000,14167
696096430,I2_1,10000,5714
701729200,I2_1,10000,6329
239663270,I2_2,20000,15219
857894783,I2_2,20000,14638
96425407,I2_1,10000,6369
692745426,I2_1,10000,4042
68647343,I2_2,20000,8919
313823185,I2_1,10000,4264
580215664,I2_1,10000,4244
433863437,I2_2,20000,13694
29942698,I2_2,20000,14192
666467695,I2_1,10000,5711
334520724,I2_2,20000,15493
469865472,I2_2,20000,17613
868697055,I2_2,20000,11996
879502654,I2_2,20000,14130
331521459,I2_1,10000,4133
592879304,I2_2,20000,11993
38822513,I2_2,20000,12617
370708197,I2_2,20000,13625
188704890,I2_1,10000,4840
935389798,I2_2,20000,11660
975764812,I2_2,20000,10656
628240224,I2_1,10000,5306
745970033,I2_1,10000,4720
623047269,I2_2,20000,15223
422915027,I2_1,10000,6453
613191465,I2_1,10000,7033
474904596,I2_1,10000,7008
588722150,I2_2,20000,15824
782182634,I2_1,10000,7311
701965810,I2_2,20000,19462
658328362,I2_1,10000,11013
228537162,I2_2,20000,19998
777773057,I2_2,20000,18501
597115988,I2_2,20000,18535
639210601,I2_2,20000,17971
544419775,I2_1,10000,9653
546263499,I2_1,10000,6856
462351198,I2_1,10000,8036
488674288,I2_2,20000,13265
954901581,I2_1,10000,6305
890212806,I2_2,20000,15290
702184233,I2_2,20000,14089
338120423,I2_1,10000,5802
824069483,I2_2,20000,16291
433737855,I2_2,20000,18503
246509958,I2_2,20000,14765
665792410,I2_2,20000,8431
660277068,I2_1,10000,6318
337310662,I2_1,10000,7413
134324499,I2_1,10000,7040
228528517,I2_1,10000,3820
46765099,I2_2,20000,12771
828212809,I2_1,10000,4666
134579770,I2_1,10000,4878
997800106,I2_2,20000,14816
775105428,I2_1,10000,3911
208090240,I2_1,10000,3910
118782348,I2_2,20000,4878
709828532,I2_1,10000,5394
125033783,I2_2,20000,5149
211611788,I2_2,20000,4474
576851836,I2_1,10000,5047
217308178,I2_1,10000,4873
871892434,I2_1,10000,6599
414228994,I2_1,10000,3769
801990868,I2_2,20000,7610
866099740,I2_1,10000,4105
747084134,I2_2,20000,11631
139505301,I2_2,20000,9160
51759869,I2_1,10000,4789
439085421,I2_2,20000,6989
726422494,I2_1,10000,5334
881032417,I2_2,20000,6351
318709328,I2_2,20000,5894
242388881,I2_1,10000,4895
73759908,I2_1,10000,4779
417971687,I2_1,10000,2899
127297041,I2_2,20000,4644
401350320,I2_2,20000,6733
116549566,I2_2,20000,6785
12283363,I2_2,20000,6620
34437013,I2_2,20000,6619
55891918,I2_2,20000,6980
42014676,I2_2,20000,5959
966571756,I2_2,20000,4716
414805220,I2_2,20000,4565
153370380,I2_2,20000,5978
713335782,I2_1,10000,4050
246878401,I2_2,20000,8478
91237013,I2_1,10000,3655
721831352,I2_2,20000,10394
789831086,I2_2,20000,4663
572092866,I2_1,10000,2549
27246498,I2_1,10000,3588
251424763,I2_1,10000,2977
800508709,I2_2,20000,5514
496428773,I2_1,10000,3710
310784802,I2_2,20000,6841
800145152,I2_1,10000,4698
376005393,I2_2,20000,8963
986767179,I2_1,10000,4715
131346108,I2_1,10000,4288
948907061,I2_2,20000,5332
892489301,I2_2,20000,4780
150318841,I2_1,10000,3726
173877124,I2_2,20000,4695
318458918,I2_2,20000,4863
742903738,I2_1,10000,4221
459567563,I2_2,20000,4899
597966081,I2_1,10000,2766
574593588,I2_1,10000,2532
770570728,I2_1,10000,2510
298047786,I2_2,20000,4571
264771913,I2_2,20000,4497
888905379,I2_1,10000,2657
166881467,I2_1,10000,4274
827658854,I2_1,10000,3811
433445161,I2_2,20000,7486
204077064,I2_1,10000,5374
801261524,I2_1,10000,4171
527398598,I2_2,20000,10104
909884189,I2_2,20000,11153
502159802,I2_1,10000,4714
262632675,I2_1,10000,4185
826063416,I2_2,20000,11969
843000597,I2_2,20000,7762
137119156,I2_1,10000,5214
511329214,I2_2,20000,8516
720685393,I2_1,10000,4330
532086173,I2_2,20000,4391
761832987,I2_2,20000,5336
445603547,I2_2,20000,5333
319185479,I2_2,20000,7017
233881504,I2_2,20000,5503
328193328,I2_1,10000,3897
58832848,I2_1,10000,3861
288242163,I2_1,10000,2937
214605596,I2_1,10000,2546
161339050,I2_2,20000,5068
450720902,I2_1,10000,2777
496399806,I2_2,20000,4711
276217022,I2_2,20000,5298
535891132,I2_2,20000,4874
79084526,I2_1,10000,4206
974355008,I2_1,10000,3358
478473598,I2_1,10000,2921
332232782,I2_2,20000,5209
675719094,I2_1,10000,5131
183351978,I2_1,10000,4904
224007530,I2_1,10000,5996
330227065,I2_2,20000,8749
181656199,I2_1,10000,4245
3494506,I2_1,10000,3647
457209492,I2_2,20000,9756
343696541,I2_2,20000,9668
896805142,I2_1,10000,4349
107730524,I2_2,20000,6632
555019878,I2_1,10000,2566
805356505,I2_1,10000,2966
510183116,I2_1,10000,3060
706386284,I2_1,10000,2369
202763597,I2_1,10000,2413
114941083,I2_2,20000,5428
104992303,I2_2,20000,4711
478085500,I2_1,10000,4122
303255345,I2_1,10000,5190
49784565,I2_1,10000,2760
32307500,I2_1,10000,3897
710009970,I2_1,10000,4225
313621136,I2_1,10000,3585
585730637,I2_2,20000,6344
56705457,I2_1,10000,3695
187925850,I2_1,10000,4081
226322386,I2_2,20000,8213
988070964,I2_2,20000,5478
592584433,I2_1,10000,5977
953339045,I2_2,20000,6303
554880207,I2_1,10000,4670
502553179,I2_2,20000,7890
755621104,I2_2,20000,11040
585469016,I2_2,20000,11093
126300383,I2_1,10000,4740
90091082,I2_1,10000,4273
65640158,I2_2,20000,8979
570712511,I2_2,20000,8829
623311758,I2_1,10000,5215
462599432,I2_2,20000,9682
56346234,I2_2,20000,8441
572707367,I2_1,10000,2901
747916206,I2_1,10000,4219
84500943,I2_1,10000,5225
259575116,I2_1,10000,6787
65819291,I2_1,10000,4773
198942891,I2_1,10000,5228
600835185,I2_2,20000,11052
594592573,I2_2,20000,13573
122023891,I2_2,20000,11971
123777910,I2_1,10000,6327
440571115,I2_2,20000,11474
440244114,I2_2,20000,12589
231469187,I2_1,10000,4801
696735869,I2_2,20000,7435
68965860,I2_1,10000,5317
4487047,I2_1,10000,5865
919889247,I2_1,10000,5916
929469919,I2_1,10000,5357
568874905,I2_1,10000,5334
524448255,I2_1,10000,5029
546174257,I2_1,10000,6561
782678806,I2_1,10000,4377
994819820,I2_2,20000,16510
740873375,I2_1,10000,6433
168796005,I2_1,10000,6971
402555384,I2_1,10000,8466
212083776,I2_2,20000,18044
850218645,I2_2,20000,18016
517493674,I2_2,20000,14641
325095331,I2_2,20000,13502
718086161,I2_2,20000,15503
97732248,I2_2,20000,17611
683068424,I2_2,20000,18581
558297537,I2_2,20000,7225
173655844,I2_2,20000,9286
866562248,I2_2,20000,9451
522207973,I2_1,10000,5726
713868127,I2_1,10000,7326
528524112,I2_2,20000,11601
881921311,I2_2,20000,9037
660046426,I2_2,20000,8545
200267417,I2_1,10000,4921
382897404,I2_1,10000,4259
79549119,I2_2,20000,6160
862036960,I2_2,20000,7140
911472486,I2_2,20000,4790
131571429,I2_1,10000,3854
949799028,I2_1,10000,3976
956831893,I2_1,10000,2487
521872778,I2_1,10000,2620
77958808,I2_1,10000,2623
979007819,I2_1,10000,2581
588629881,I2_1,10000,3444
595758462,I2_1,10000,5424
671280077,I2_2,20000,6494
665554608,I2_1,10000,5963
123097471,I2_1,10000,4346
930653429,I2_2,20000,10651
242517376,I2_1,10000,5804
95252199,I2_1,10000,6368
19336181,I2_2,20000,13821
555368137,I2_2,20000,14864
15520391,I2_1,10000,4778
572105660,I2_1,10000,5179
846541693,I2_2,20000,15291
609161935,I2_1,10000,3656
374827984,I2_2,20000,14185
481832712,I2_1,10000,3752
500930646,I2_2,20000,12079
122759951,I2_1,10000,5213
210934773,I2_2,20000,11791
629971704,I2_1,10000,4477
152859373,I2_2,20000,12304
934769163,I2_1,10000,2562
114761797,I2_2,20000,4518
584974612,I2_1,10000,3475
539027809,I2_2,20000,5640
403280126,I2_2,20000,5910
480402425,I2_2,20000,6554
757284929,I2_1,10000,4922
54952584,I2_1,10000,4211
128992872,I2_1,10000,5129
158818129,I2_1,10000,5656
312357957,I2_1,10000,2814
136749304,I2_1,10000,3575
538024745,I2_2,20000,6931
311649081,I2_2,20000,4663
956731924,I2_2,20000,5598
133758462,I2_1,10000,4070
115247406,I2_1,10000,3490
874988177,I2_2,20000,7468
756364155,I2_2,20000,5711
976913858,I2_2,20000,6498
332404891,I2_2,20000,7986
667457352,I2_1,10000,4666
436536246,I2_1,10000,5177
116107009,I2_2,20000,12150
779614637,I2_1,10000,4679
40585650,I2_1,10000,3661
835970186,I2_2,20000,9330
818965894,I2_2,20000,6545
16330192,I2_2,20000,5523
70903099,I2_2,20000,6510
947250776,I2_1,10000,3728
809445466,I2_2,20000,7662
338734797,I2_1,10000,3660
469260790,I2_1,10000,2623
199549812,I2_1,10000,2598
71584732,I2_2,20000,4585
196580131,I2_2,20000,5441
257764510,I2_1,10000,2849
206869039,I2_1,10000,4340
225566333,I2_2,20000,4467
88654809,I2_1,10000,4969
516372461,I2_1,10000,2578
195942609,I2_1,10000,2856
438268760,I2_2,20000,5104
160269989,I2_2,20000,6039
90917240,I2_2,20000,6487
546214681,I2_1,10000,4809
942744550,I2_2,20000,9165
622227863,I2_1,10000,5390
108770862,I2_2,20000,11912
451988552,I2_2,20000,6107
363171835,I2_1,10000,3872
846039575,I2_1,10000,4959
620651999,I2_1,10000,2600
953749067,I2_1,10000,3084
19500830,I2_1,10000,4151
521137828,I2_1,10000,3248
174386247,I2_2,20000,5718
16300189,I2_1,10000,3238
829790301,I2_1,10000,2607
960390443,I2_2,20000,4540
487139741,I2_2,20000,5495
61722647,I2_1,10000,3285
816083926,I2_2,20000,6559
170098959,I2_2,20000,6448
849351121,I2_1,10000,5872
356520494,I2_2,20000,7961
830936168,I2_2,20000,7101
837474677,I2_2,20000,5300
887919938,I2_1,10000,3066
976125746,I2_1,10000,3505
314752160,I2_1,10000,4048
882925466,I2_2,20000,6497
740219905,I2_1,10000,3066
208546307,I2_1,10000,4625
542948882,I2_2,20000,7479
145088736,I2_1,10000,5067
682444455,I2_1,10000,4975
60457718,I2_1,10000,3389
797961269,I2_2,20000,4616
252310176,I2_2,20000,5540
571994100,I2_2,20000,4710
544806904,I2_2,20000,5745
499607755,I2_1,10000,4610
153766636,I2_2,20000,4560
134736080,I2_2,20000,4658
825777871,I2_2,20000,4692
368039380,I2_2,20000,4636
75922739,I2_2,20000,4608
332590522,I2_2,20000,4582
868298680,I2_1,10000,2955
784776892,I2_2,20000,4656
762411581,I2_1,10000,5212
596657919,I2_2,20000,9149
982114119,I2_2,20000,5169
603842575,I2_1,10000,3359
517654134,I2_2,20000,7138
672293000,I2_1,10000,4838
850007302,I2_2,20000,5927
943431869,I2_2,20000,4684
987587974,I2_2,20000,6264
55003143,I2_1,10000,3656
870884646,I2_1,10000,4157
445774742,I2_1,10000,5065
539921553,I2_1,10000,3732
788709140,I2_1,10000,2905
543440488,I2_2,20000,6650
521043826,I2_2,20000,7724
404353292,I2_1,10000,4174
850215562,I2_2,20000,8061
585717287,I2_2,20000,4636
234917576,I2_1,10000,2905
796076969,I2_2,20000,6360
50743299,I2_1,10000,4028
188249875,I2_1,10000,4591
653599209,I2_2,20000,6883
792011631,I2_2,20000,8953
542572517,I2_1,10000,2655
842495408,I2_1,10000,2629
238323014,I2_1,10000,2918
966688159,I2_2,20000,6293
513873581,I2_2,20000,5034
966581904,I2_2,20000,4981
397946007,I2_1,10000,5492
298714805,I2_2,20000,5576
21273608,I2_1,10000,4048
842406803,I2_1,10000,4166
912943291,I2_1,10000,4676
751788855,I2_1,10000,5194
393264261,I2_1,10000,4518
109230378,I2_2,20000,8316
833656041,I2_1,10000,5971
318351220,I2_1,10000,2548
496288754,I2_1,10000,3628
987073259,I2_1,10000,3486
699907281,I2_1,10000,3497
858319450,I2_2,20000,5599
283672350,I2_2,20000,7706
973337536,I2_2,20000,8091
392635780,I2_2,20000,9119
829084323,I2_1,10000,3195
710214131,I2_2,20000,4604
140356383,I2_2,20000,4687
800550863,I2_2,20000,6802
730440909,I2_2,20000,4771
778079687,I2_1,10000,2774
512723172,I2_1,10000,2664
474747966,I2_2,20000,5260
386693127,I2_1,10000,3550
463866695,I2_2,20000,5639
84248125,I2_2,20000,6795
536777212,I2_2,20000,5808
425225684,I2_2,20000,5755
895480921,I2_2,20000,5134
842723844,I2_2,20000,4635
852625187,I2_1,10000,3935
217740556,I2_1,10000,3483
627628544,I2_2,20000,6703
379483850,I2_2,20000,4504
684716584,I2_1,10000,3999
40575502,I2_2,20000,4687
980175525,I2_1,10000,3108
19541676,I2_1,10000,4155
204242101,I2_2,20000,8847
791280111,I2_1,10000,4942
323832969,I2_2,20000,9662
910382237,I2_1,10000,3218
7949100,I2_2,20000,4539
387631167,I2_2,20000,5155
727258710,I2_2,20000,5404
872710420,I2_2,20000,7569
258114351,I2_2,20000,6440
940831758,I2_2,20000,4527
448674836,I2_2,20000,5503
389032275,I2_1,10000,2730
630421830,I2_1,10000,3878
377752241,I2_1,10000,3901
896693,I2_1,10000,4351
59937524,I2_1,10000,4910
487613118,I2_2,20000,7305
712300048,I2_1,10000,5231
238396687,I2_2,20000,5112
208964293,I2_1,10000,2907
694391934,I2_1,10000,3782
667851666,I2_2,20000,4695
458249831,I2_2,20000,6754
476592510,I2_1,10000,3207
585676086,I2_2,20000,5730
73332918,I2_1,10000,3156
69947443,I2_1,10000,4178
429199945,I2_1,10000,2916
959624944,I2_1,10000,3682
661962504,I2_2,20000,5104
728433666,I2_1,10000,3240
836656828,I2_1,10000,3059
760301386,I2_2,20000,6893
796428690,I2_2,20000,5072
139418442,I2_2,20000,6693
896358314,I2_1,10000,4951
508719737,I2_1,10000,2684
714813165,I2_1,10000,3733
959460224,I2_1,10000,3556
727993591,I2_1,10000,3513
672286001,I2_2,20000,6226
213041151,I2_2,20000,6134
418447700,I2_1,10000,6562
71264932,I2_2,20000,7065
512448469,I2_2,20000,7010
178526916,I2_1,10000,3046
979434031,I2_2,20000,4635
744534455,I2_2,20000,6626
731165529,I2_2,20000,5328
525591063,I2_1,10000,3868
36099726,I2_2,20000,6241
581438415,I2_2,20000,7495
540740414,I2_2,20000,5503
679145551,I2_2,20000,7591
626178009,I2_2,20000,6606
715207479,I2_2,20000,6457
923840804,I2_1,10000,2641
9090579,I2_1,10000,2573
89317059,I2_1,10000,2863
33974205,I2_2,20000,4798
666248647,I2_1,10000,2920
658457517,I2_2,20000,8204
475388805,I2_2,20000,5487
280826990,I2_1,10000,4286
770692686,I2_1,10000,3592
897666972,I2_2,20000,5081
745560948,I2_1,10000,4455
584067756,I2_1,10000,3404
43378238,I2_1,10000,2905
411870992,I2_1,10000,2917
872697384,I2_1,10000,4065
544943579,I2_2,20000,5118
500148785,I2_1,10000,4590
838319644,I2_1,10000,2619
651487392,I2_1,10000,4586
126949558,I2_2,20000,4749
734041827,I2_1,10000,3139
558135,I2_1,10000,4176
321711440,I2_1,10000,3881
855580933,I2_1,10000,4605
69294310,I2_2,20000,7176
301166746,I2_1,10000,3203
910898073,I2_1,10000,2630
843279209,I2_2,20000,5857
76820741,I2_1,10000,4330
531270964,I2_2,20000,6909
22716963,I2_2,20000,5569
597333766,I2_1,10000,5219
477228242,I2_1,10000,2647
424945316,I2_1,10000,2622
209290184,I2_1,10000,2592
782478276,I2_2,20000,4604
855113461,I2_2,20000,5526
362219733,I2_1,10000,3013
130610750,I2_1,10000,3802
404926487,I2_2,20000,6863
139876165,I2_2,20000,7711
333266626,I2_2,20000,7783
467534059,I2_2,20000,5090
281958622,I2_1,10000,4493
652332652,I2_2,20000,5500
709674550,I2_2,20000,8369
368886020,I2_1,10000,4055
833280455,I2_1,10000,4436
265232542,I2_1,10000,5562
885040350,I2_1,10000,5019
122812079,I2_2,20000,10307
296113292,I2_2,20000,12969
983080461,I2_2,20000,7395
231826951,I2_1,10000,5418
545673749,I2_2,20000,10622
11064503,I2_1,10000,3813
295948316,I2_1,10000,2654
765075487,I2_1,10000,2674
506253941,I2_2,20000,5425
529175350,I2_2,20000,5568
263640324,I2_1,10000,5900
817570682,I2_2,20000,8425
919892358,I2_1,10000,3606
783090608,I2_2,20000,5700
505388126,I2_2,20000,8646
171521643,I2_2,20000,7472
517603871,I2_2,20000,10151
470558413,I2_2,20000,11244
160699867,I2_1,10000,4304
232052610,I2_2,20000,8566
611242095,I2_1,10000,2650
123228396,I2_1,10000,2593
304097497,I2_1,10000,2836
708604278,I2_1,10000,2683
673538781,I2_1,10000,2907
257358223,I2_2,20000,5194
744632674,I2_1,10000,4559
576665198,I2_1,10000,2855
741655675,I2_2,20000,4528
950337646,I2_2,20000,5646
327052119,I2_2,20000,5207
253134418,I2_1,10000,3023
32424635,I2_1,10000,4040
275467709,I2_1,10000,3390
834338424,I2_2,20000,5395
451559618,I2_1,10000,2592
668332742,I2_2,20000,4620
783932067,I2_1,10000,2774
334838427,I2_1,10000,4441
678305070,I2_2,20000,6736
667055289,I2_1,10000,4945
282626356,I2_1,10000,4369
501086858,I2_2,20000,9403
916316240,I2_1,10000,5571
991280198,I2_2,20000,12120
515526308,I2_2,20000,9911
737840373,I2_1,10000,5016
785318124,I2_1,10000,5529
420124106,I2_2,20000,13760
477570823,I2_1,10000,6555
713633329,I2_2,20000,13128
307887940,I2_2,20000,10292
132936032,I2_1,10000,5972
656837957,I2_1,10000,4366
271639856,I2_1,10000,4964
604549892,I2_2,20000,12961
723782387,I2_1,10000,5883
984263238,I2_2,20000,7168
34747783,I2_2,20000,5378
34153108,I2_1,10000,4375
5243136,I2_1,10000,3821
861238908,I2_1,10000,4233
803251361,I2_2,20000,8814
478725296,I2_2,20000,8601
459972062,I2_2,20000,5761
627776513,I2_1,10000,4088
921451583,I2_1,10000,5210
387150813,I2_1,10000,3893
609010794,I2_1,10000,3920
835179284,I2_2,20000,11146
727236838,I2_2,20000,12182
749289702,I2_2,20000,11099
467390510,I2_2,20000,12175
399234551,I2_1,10000,4721
950803092,I2_1,10000,4049
228250989,I2_2,20000,13674
298067821,I2_1,10000,5934
306739080,I2_2,20000,10292
716781772,I2_2,20000,11479
516670703,I2_2,20000,13689
895613305,I2_2,20000,5486
828532479,I2_2,20000,4936
86725894,I2_2,20000,5419
31679755,I2_1,10000,4850
7870888,I2_2,20000,4494
486206238,I2_1,10000,4995
986749231,I2_2,20000,5449
370890073,I2_1,10000,3136
641411628,I2_2,20000,7043
961753618,I2_1,10000,4657
746717633,I2_1,10000,4675
870127695,I2_1,10000,5828
13900901,I2_1,10000,3422
371722798,I2_2,20000,4525
711878804,I2_2,20000,4887
850409421,I2_1,10000,3909
67999050,I2_2,20000,4565
215829888,I2_2,20000,5500
478063875,I2_1,10000,4319
698725287,I2_1,10000,2887
9860727,I2_2,20000,4472
412291436,I2_1,10000,4975
579741068,I2_2,20000,7559
92273168,I2_1,10000,3646
730712450,I2_1,10000,3100
849076463,I2_1,10000,3623
764654002,I2_1,10000,3543
183894004,I2_2,20000,4640
93018651,I2_2,20000,5214
852104963,I2_1,10000,3543
162560461,I2_1,10000,4030
311054826,I2_1,10000,4860
779360763,I2_1,10000,4290
202790308,I2_2,20000,10082
66446117,I2_2,20000,10328
970355258,I2_2,20000,5927
355363615,I2_1,10000,2766
232456125,I2_1,10000,2625
600003361,I2_1,10000,2523
629087434,I2_2,20000,5646
606175274,I2_1,10000,4980
819579982,I2_1,10000,5552
607776920,I2_2,20000,5673
897088534,I2_1,10000,4010
732359241,I2_1,10000,5663
44507667,I2_2,20000,6194
642328343,I2_1,10000,4976
714423120,I2_2,20000,6394
270647730,I2_1,10000,2934
496013597,I2_2,20000,4785
601663930,I2_2,20000,5372
35299907,I2_1,10000,3732
438071949,I2_2,20000,7389
952782150,I2_1,10000,4659
920491794,I2_2,20000,6010
103176064,I2_1,10000,4427
394402128,I2_1,10000,3318
760095698,I2_2,20000,8858
620567581,I2_2,20000,8752
943704071,I2_1,10000,4916
984080096,I2_1,10000,5019
728796727,I2_2,20000,13121
398229575,I2_1,10000,5952
642570266,I2_2,20000,15568
447631551,I2_1,10000,6817
3187120,I2_2,20000,13594
198677019,I2_2,20000,15636
326449809,I2_2,20000,5156
264542588,I2_2,20000,5413
441826768,I2_2,20000,5305
408204903,I2_1,10000,2502
788667166,I2_1,10000,2691
645522249,I2_1,10000,2704
729380663,I2_1,10000,2674
523974365,I2_2,20000,4731
423292929,I2_2,20000,6794
40052346,I2_1,10000,2648
642706097,I2_1,10000,4751
748443626,I2_1,10000,5929
663719883,I2_2,20000,11764
174979441,I2_1,10000,5004
924036716,I2_1,10000,4459
175991330,I2_2,20000,9583
580706956,I2_2,20000,7913
701217735,I2_1,10000,3327
274512224,I2_1,10000,4067
399018987,I2_1,10000,3427
675249286,I2_2,20000,6158
629333951,I2_2,20000,7786
678249383,I2_1,10000,6129
366564757,I2_1,10000,4319
493128414,I2_2,20000,8735
443516948,I2_1,10000,5453
781549720,I2_1,10000,4334
573815975,I2_2,20000,12565
462396422,I2_1,10000,4495
933683747,I2_2,20000,12354
412617378,I2_1,10000,4800
109237375,I2_2,20000,5451
847377255,I2_2,20000,5463
976409942,I2_1,10000,3886
885425755,I2_2,20000,5430
201060336,I2_1,10000,4903
476345226,I2_1,10000,3791
575568595,I2_1,10000,4236
580296791,I2_1,10000,3778
371189781,I2_2,20000,12855
557967627,I2_1,10000,5297
383537808,I2_1,10000,4817
235956579,I2_2,20000,14269
319656709,I2_1,10000,5172
963640875,I2_2,20000,15861
614418127,I2_2,20000,13123
203055954,I2_2,20000,12384
106908132,I2_2,20000,14584
745096720,I2_2,20000,14699
925005229,I2_2,20000,11636
849954583,I2_2,20000,4716
505137558,I2_2,20000,7664
79001520,I2_2,20000,4518
833040601,I2_1,10000,5026
215362099,I2_1,10000,6063
887245269,I2_1,10000,2487
335499653,I2_1,10000,2894
648987397,I2_1,10000,3979
369949,I2_1,10000,4616
671871921,I2_1,10000,5683
752666346,I2_1,10000,4442
371126078,I2_1,10000,4080
912183817,I2_1,10000,4727
139885738,I2_1,10000,3093
715123383,I2_2,20000,4477
43756703,I2_1,10000,3833
936580614,I2_1,10000,3709
375319342,I2_2,20000,4491
751709304,I2_1,10000,3893
617031597,I2_1,10000,5502
994637374,I2_2,20000,8687
271898019,I2_2,20000,5920
827662366,I2_2,20000,4871
993652583,I2_1,10000,4227
439986405,I2_2,20000,5346
448290346,I2_2,20000,5253
475620490,I2_2,20000,5336
6488518,I2_2,20000,4484
513207111,I2_2,20000,5450
282302184,I2_2,20000,7584
907018175,I2_2,20000,9601
382967459,I2_2,20000,9392
604224522,I2_1,10000,4712
39702996,I2_1,10000,4832
954310477,I2_2,20000,11420
279749308,I2_1,10000,2857
170183606,I2_2,20000,4595
470279790,I2_2,20000,4880
834831178,I2_1,10000,3886
618537943,I2_1,10000,4942
605455811,I2_1,10000,2637
108493472,I2_1,10000,2687
511336150,I2_2,20000,5278
488774043,I2_1,10000,3650
525217435,I2_1,10000,4706
977833901,I2_1,10000,2874
370051747,I2_2,20000,4634
253903565,I2_2,20000,4704
862152887,I2_2,20000,5150
960414185,I2_1,10000,3498
99029652,I2_2,20000,5078
173659974,I2_2,20000,7115
423284952,I2_2,20000,5015
356916475,I2_2,20000,5184
446737000,I2_1,10000,4654
628454468,I2_1,10000,4014
410892985,I2_1,10000,5080
741657585,I2_1,10000,6207
173116106,I2_2,20000,9584
385520258,I2_1,10000,6029
234362197,I2_1,10000,6529
875707123,I2_1,10000,6984
770578885,I2_2,20000,11116
162302505,I2_1,10000,3167
48066799,I2_2,20000,5441
735871481,I2_1,10000,4722
909482230,I2_2,20000,7168
678890208,I2_2,20000,6153
915730671,I2_2,20000,7804
86604758,I2_1,10000,4943
798172960,I2_2,20000,7854
298266996,I2_1,10000,5029
885885074,I2_1,10000,3925
442489802,I2_2,20000,11906
812585407,I2_2,20000,4733
149414610,I2_2,20000,6144
820206678,I2_2,20000,5032
644729631,I2_1,10000,5651
421579820,I2_2,20000,7768
147229020,I2_1,10000,4352
407263601,I2_1,10000,4457
527672488,I2_2,20000,6152
851714797,I2_2,20000,5413
189599626,I2_1,10000,4412
964209787,I2_1,10000,3723
22434415,I2_2,20000,4638
55199994,I2_1,10000,4719
167418645,I2_1,10000,2718
251738502,I2_1,10000,2979
299821087,I2_2,20000,6113
862362581,I2_1,10000,3585
625446672,I2_2,20000,6013
67830031,I2_1,10000,3582
60138493,I2_1,10000,2917
786485276,I2_2,20000,5200
26861678,I2_2,20000,6554
209430881,I2_1,10000,3915
446655990,I2_2,20000,5205
143569177,I2_1,10000,3561
311917244,I2_1,10000,5216
792076078,I2_1,10000,4526
223388961,I2_2,20000,7196
769804690,I2_1,10000,4263
886335022,I2_2,20000,8700
570534159,I2_2,20000,6491
146260341,I2_1,10000,5056
707777155,I2_2,20000,4802
103097015,I2_2,20000,5614
149048139,I2_1,10000,3695
418622786,I2_1,10000,4266
398921652,I2_1,10000,3951
898450427,I2_2,20000,7493
880591120,I2_2,20000,5106
301139718,I2_1,10000,4451
777681611,I2_2,20000,7941
11336597,I2_2,20000,5703
360507481,I2_2,20000,7391
5599559,I2_2,20000,8210
216211148,I2_1,10000,4451
148045152,I2_2,20000,9815
177368089,I2_1,10000,2830
248497011,I2_2,20000,9980
429568435,I2_1,10000,4933
73366742,I2_1,10000,4859
847333549,I2_1,10000,5440
541453240,I2_2,20000,10227
531786979,I2_2,20000,10667
803563932,I2_2,20000,10478
432805218,I2_2,20000,9203
259068820,I2_2,20000,12103
925498435,I2_1,10000,3653
45396007,I2_1,10000,4205
333339621,I2_1,10000,5223
441745135,I2_1,10000,6028
829654081,I2_1,10000,3783
805962839,I2_2,20000,11015
117704338,I2_2,20000,13159
881964154,I2_2,20000,12093
60886480,I2_2,20000,12574
168458997,I2_1,10000,5172
402468376,I2_2,20000,6489
304652178,I2_1,10000,4352
208630023,I2_2,20000,4525
341312307,I2_2,20000,4886
637417585,I2_2,20000,5451
168263854,I2_1,10000,2970
449951436,I2_2,20000,5090
408557565,I2_2,20000,4997
24088475,I2_1,10000,4403
977223823,I2_2,20000,6438
724125527,I2_2,20000,9571
852784164,I2_2,20000,10469
228439612,I2_2,20000,11416
752368910,I2_2,20000,7848
805900147,I2_1,10000,4232
989192884,I2_2,20000,8749
210384649,I2_1,10000,4442
921256713,I2_1,10000,3406
329343509,I2_1,10000,4448
23751998,I2_2,20000,6756
745435337,I2_1,10000,6172
642232558,I2_1,10000,5427
996095045,I2_1,10000,6968
850613689,I2_1,10000,4979
480542098,I2_2,20000,5862
99779654,I2_2,20000,7962
819385562,I2_2,20000,8726
271717685,I2_2,20000,9690
258201808,I2_2,20000,5213
757505930,I2_1,10000,5137
235850176,I2_2,20000,7747
829548363,I2_2,20000,7672
380062861,I2_1,10000,5382
910363914,I2_1,10000,5295
59532423,I2_2,20000,10665
758552423,I2_1,10000,5770
921455599,I2_1,10000,6363
559944532,I2_2,20000,12175
851114122,I2_2,20000,13374
943908440,I2_2,20000,13850
301224514,I2_2,20000,6212
475012148,I2_1,10000,6675
521430625,I2_2,20000,6004
111020709,I2_2,20000,4990
394527174,I2_1,10000,4892
385758029,I2_1,10000,6492
403627449,I2_2,20000,6019
89242766,I2_1,10000,4755
56754711,I2_2,20000,6466
175738638,I2_1,10000,2848
587139586,I2_1,10000,3257
227963502,I2_2,20000,5978
745354769,I2_1,10000,3811
585164513,I2_1,10000,3803
139076397,I2_1,10000,5258
750785749,I2_2,20000,7123
564243402,I2_1,10000,3884
726453667,I2_1,10000,4448
199051647,I2_2,20000,11775
16178635,I2_1,10000,5339
660298527,I2_1,10000,4150
896662650,I2_2,20000,7858
968395861,I2_1,10000,4214
792861932,I2_2,20000,9650
111475878,I2_2,20000,9831
950385862,I2_2,20000,4592
217458449,I2_1,10000,4924
714074158,I2_2,20000,4901
478029089,I2_1,10000,2743
966893826,I2_1,10000,2459
470935775,I2_1,10000,3622
641305592,I2_2,20000,5193
462763627,I2_1,10000,4393
843361822,I2_2,20000,6571
582778858,I2_1,10000,3756
24428953,I2_1,10000,5351
433113147,I2_2,20000,10133
982470795,I2_1,10000,3715
34191296,I2_2,20000,11190
918645253,I2_2,20000,10613
802654133,I2_1,10000,4877
936558393,I2_1,10000,5307
212789195,I2_2,20000,15330
139825061,I2_2,20000,12076
297459979,I2_1,10000,6871
927227701,I2_2,20000,14663
149202698,I2_2,20000,16799
852110964,I2_2,20000,14800
886041897,I2_2,20000,15199
114627813,I2_2,20000,7886
157196550,I2_2,20000,8508
186792158,I2_1,10000,6916
15043191,I2_1,10000,6257
511367241,I2_1,10000,7817
21922057,I2_1,10000,5329
844994840,I2_2,20000,9829
357558094,I2_2,20000,4991
545991217,I2_1,10000,2567
590453975,I2_1,10000,2926
28052232,I2_1,10000,3632
97139746,I2_2,20000,6332
942374249,I2_2,20000,6088
189439202,I2_2,20000,5719
356829741,I2_1,10000,6067
481589205,I2_1,10000,5473
421405087,I2_2,20000,8734
878906956,I2_2,20000,8041
931979945,I2_2,20000,8427
454046436,I2_1,10000,5816
683210645,I2_1,10000,4228
896991467,I2_2,20000,9964
132008795,I2_1,10000,4709
957691458,I2_2,20000,6799
752504233,I2_2,20000,7572
372954811,I2_2,20000,4627
876415154,I2_1,10000,3897
762926141,I2_1,10000,4296
984784605,I2_1,10000,5906
824870976,I2_1,10000,5399
654822021,I2_1,10000,4709
741271239,I2_2,20000,7161
893339052,I2_1,10000,6037
882268308,I2_1,10000,3719
370151674,I2_2,20000,7078
324143369,I2_2,20000,8120
445670500,I2_2,20000,7623
467907314,I2_2,20000,6782
739049222,I2_2,20000,6211
339002793,I2_2,20000,5609
286212376,I2_1,10000,3950
445247103,I2_1,10000,3720
678536118,I2_1,10000,4236
617614783,I2_1,10000,4287
891318310,I2_2,20000,10682
839376907,I2_1,10000,4246
536628697,I2_1,10000,4765
198178163,I2_2,20000,7465
47377362,I2_1,10000,4288
392487685,I2_2,20000,10595
912522781,I2_1,10000,3741
224291769,I2_2,20000,12018
149974261,I2_1,10000,3693
900046581,I2_2,20000,13634
706494065,I2_2,20000,5066
267513066,I2_1,10000,4127
824328444,I2_2,20000,9386
429552806,I2_1,10000,6030
38640560,I2_1,10000,5372
138625943,I2_2,20000,7832
712894507,I2_1,10000,7137
35724057,I2_1,10000,6414
531906667,I2_1,10000,6345
601618464,I2_1,10000,3786
625809111,I2_1,10000,4826
677409095,I2_1,10000,3771
617954955,I2_2,20000,11423
647758397,I2_1,10000,4165
545777524,I2_2,20000,8923
885226029,I2_1,10000,3527
186306446,I2_1,10000,3537
478955572,I2_2,20000,5060
197199917,I2_1,10000,3368
413268119,I2_2,20000,5643
57972489,I2_2,20000,5710
624013787,I2_1,10000,3973
17702110,I2_1,10000,3808
767365892,I2_1,10000,3848
198466218,I2_1,10000,3754
606967544,I2_2,20000,7421
486532981,I2_2,20000,6237
280949610,I2_2,20000,7183
542180759,I2_1,10000,4900
104053912,I2_1,10000,2915
385375509,I2_1,10000,2575
146251433,I2_1,10000,3560
373360336,I2_2,20000,4645
92412587,I2_2,20000,5617
982143131,I2_1,10000,3809
295842406,I2_1,10000,5465
806357561,I2_2,20000,5633
842502139,I2_1,10000,2885
198949725,I2_1,10000,3957
137651010,I2_1,10000,4734
153550308,I2_2,20000,7150
734979352,I2_1,10000,4951
168316895,I2_2,20000,10694
994155148,I2_1,10000,2494
420745831,I2_1,10000,3614
615150227,I2_2,20000,5101
83656051,I2_1,10000,4253
268821960,I2_1,10000,5431
124030366,I2_2,20000,8054
550295902,I2_1,10000,4793
496852361,I2_1,10000,4355
266101960,I2_2,20000,8662
91694858,I2_1,10000,4985
412652055,I2_1,10000,3901
76917878,I2_2,20000,7220
110534294,I2_1,10000,5526
663255039,I2_2,20000,4441
602410790,I2_2,20000,4961
962368695,I2_2,20000,6551
14111613,I2_2,20000,6383
869583111,I2_2,20000,7333
143040610,I2_2,20000,6533
543962225,I2_2,20000,7606
461580996,I2_1,10000,3949
287301125,I2_2,20000,9660
595829143,I2_2,20000,9712
315461182,I2_1,10000,3264
819049014,I2_1,10000,3449
516679776,I2_1,10000,4055
850344356,I2_2,20000,4505
441607461,I2_1,10000,5096
559568146,I2_1,10000,4983
760259920,I2_2,20000,5409
270332511,I2_2,20000,4691
929801229,I2_2,20000,4969
468189225,I2_1,10000,4367
365218423,I2_1,10000,5801
924643521,I2_1,10000,6292
690046697,I2_2,20000,7999
833753747,I2_1,10000,5410
476342877,I2_1,10000,5867
97483020,I2_1,10000,7036
732463676,I2_1,10000,5208
859529775,I2_2,20000,8365
207084846,I2_2,20000,10539
900463287,I2_2,20000,12625
363994096,I2_1,10000,3694
692715537,I2_1,10000,3832
398233834,I2_1,10000,6521
777063940,I2_1,10000,6359
974754709,I2_2,20000,11696
48330230,I2_1,10000,6887
749648032,I2_1,10000,5854
146055894,I2_1,10000,7592
335448286,I2_1,10000,5855
889821064,I2_2,20000,18129
407849367,I2_2,20000,19576
107489967,I2_2,20000,22252
538207713,I2_1,10000,11137
190957624,I2_2,20000,20584
883442593,I2_1,10000,11554
647153640,I2_2,20000,23675
632823225,I2_2,20000,25792
127876802,I2_1,10000,13664
37121912,I2_1,10000,13777
932355506,I2_1,10000,13636
68677133,I2_1,10000,15179
821042047,I2_1,10000,14179
296886417,I2_2,20000,23198
364623690,I2_1,10000,11598
494903041,I2_1,10000,11486
370072838,I2_1,10000,9781
173658233,I2_1,10000,5934
664305804,I2_1,10000,5341
288664808,I2_2,20000,17343
646817765,I2_1,10000,6444
242537194,I2_1,10000,7501
769615184,I2_1,10000,7989
255277912,I2_1,10000,7290
431157941,I2_2,20000,13836
958729395,I2_2,20000,11602
304024322,I2_2,20000,5057
410494811,I2_1,10000,3424
641091575,I2_2,20000,6257
490220006,I2_1,10000,3910
262516114,I2_1,10000,4389
257900096,I2_1,10000,5980
849679391,I2_2,20000,7700
292542850,I2_2,20000,8087
267907501,I2_1,10000,4409
310955281,I2_1,10000,6031
334594174,I2_2,20000,5431
258295155,I2_1,10000,3385
623601986,I2_1,10000,2868
829105221,I2_1,10000,2493
709629407,I2_2,20000,4518
25897293,I2_2,20000,7183
644902049,I2_2,20000,8121
23257977,I2_1,10000,5443
740351178,I2_2,20000,9140
765012989,I2_1,10000,3742
164467805,I2_2,20000,9448
484400711,I2_2,20000,11574
928120923,I2_2,20000,12083
656414127,I2_1,10000,3544
174468003,I2_2,20000,14598
730004864,I2_2,20000,16146
196547132,I2_1,10000,7891
882815583,I2_1,10000,5714
364395711,I2_2,20000,13763
351985640,I2_2,20000,7511
278767002,I2_2,20000,5863
787427036,I2_2,20000,5231
351700128,I2_2,20000,7315
900342775,I2_1,10000,2679
352320396,I2_2,20000,8351
93268842,I2_1,10000,4573
776127299,I2_2,20000,5239
426443301,I2_2,20000,4438
204706457,I2_2,20000,4489
290484167,I2_1,10000,2557
20518334,I2_1,10000,3599
779993435,I2_1,10000,3422
53788683,I2_2,20000,4512
172390775,I2_1,10000,5129
267418853,I2_1,10000,2899
826522450,I2_2,20000,4574
958825953,I2_1,10000,5090
691795109,I2_2,20000,7983
784879473,I2_1,10000,4081
476137617,I2_1,10000,5227
310316826,I2_1,10000,4025
168035781,I2_1,10000,3316
406487385,I2_1,10000,4832
89350700,I2_1,10000,3561
836332737,I2_2,20000,5620
689165175,I2_2,20000,7331
724031424,I2_2,20000,7962
700730588,I2_1,10000,4217
55199577,I2_1,10000,4764
121773071,I2_1,10000,6340
179929310,I2_2,20000,8471
426142980,I2_2,20000,7083
900187786,I2_2,20000,5906
798907542,I2_1,10000,5295
589158769,I2_2,20000,5757
698654180,I2_1,10000,3667
861718270,I2_2,20000,7928
782885262,I2_2,20000,8197
641901067,I2_2,20000,5462
402981158,I2_2,20000,4557
645255418,I2_1,10000,2998
887579805,I2_1,10000,3239
252529540,I2_2,20000,6333
561060799,I2_1,10000,5274
819307269,I2_1,10000,4679
8933337,I2_1,10000,3782
881252275,I2_2,20000,7441
418232048,I2_2,20000,4826
965606082,I2_1,10000,2563
406717796,I2_2,20000,5212
205703710,I2_1,10000,2618
158779435,I2_1,10000,2535
986003786,I2_2,20000,4966
356356866,I2_1,10000,5460
769246057,I2_2,20000,7862
11375698,I2_2,20000,8802
128964540,I2_1,10000,3913
209803199,I2_1,10000,3905
20498744,I2_2,20000,12607
412324379,I2_1,10000,6494
30004022,I2_1,10000,5914
947290353,I2_1,10000,7425
500128040,I2_2,20000,10633
107180495,I2_2,20000,10029
198311500,I2_2,20000,6754
49373167,I2_2,20000,8418
253656541,I2_2,20000,9168
848923945,I2_1,10000,5414
453630814,I2_2,20000,5910
150266520,I2_2,20000,5886
747575728,I2_2,20000,7589
26474558,I2_2,20000,7466
757390169,I2_1,10000,3913
118334663,I2_2,20000,5556
735604556,I2_1,10000,3977
50631487,I2_2,20000,4556
112452246,I2_1,10000,3937
455841802,I2_1,10000,2864
808399272,I2_2,20000,5562
990079531,I2_2,20000,5239
816855350,I2_2,20000,4817
16250351,I2_1,10000,3758
291128896,I2_2,20000,7572
833159372,I2_1,10000,3193
199255603,I2_1,10000,2589
832585738,I2_2,20000,4898
478052550,I2_1,10000,2603
4748126,I2_2,20000,5056
487494612,I2_1,10000,5571
978682737,I2_1,10000,2899
172559999,I2_1,10000,2911
842347749,I2_1,10000,3461
128162933,I2_1,10000,4526
279614658,I2_2,20000,8158
44652461,I2_1,10000,4783
394980875,I2_1,10000,5309
66989751,I2_2,20000,9029
952561786,I2_2,20000,9730
949719184,I2_2,20000,4602
277004330,I2_1,10000,3956
685836168,I2_2,20000,4890
568452317,I2_1,10000,2910
273313262,I2_2,20000,5049
720105611,I2_2,20000,5504
496653077,I2_2,20000,6452
504289479,I2_1,10000,3711
320435386,I2_2,20000,5318
558493403,I2_1,10000,3430
621530441,I2_1,10000,2577
516469280,I2_2,20000,5541
668006997,I2_1,10000,2941
432035821,I2_1,10000,3328
959511431,I2_2,20000,6218
574230133,I2_1,10000,3027
533536769,I2_1,10000,3574
696353844,I2_2,20000,6761
43471874,I2_1,10000,4322
5459381,I2_1,10000,4832
268010754,I2_2,20000,10239
153565011,I2_2,20000,10170
692377967,I2_1,10000,4741
441259204,I2_1,10000,4202
297820547,I2_2,20000,11723
688673055,I2_1,10000,4829
148117021,I2_1,10000,4261
17514895,I2_1,10000,5152
726956536,I2_1,10000,5189
137506684,I2_1,10000,2456
861078494,I2_1,10000,2379
76972660,I2_1,10000,2381
987829038,I2_1,10000,2610
10917488,I2_1,10000,3087
958735218,I2_1,10000,4215
865446360,I2_2,20000,5992
260773282,I2_1,10000,5489
280337087,I2_2,20000,5436
840101412,I2_1,10000,3815
669150114,I2_1,10000,5125
215987973,I2_1,10000,3016
139339168,I2_1,10000,2519
928186595,I2_1,10000,3716
92321978,I2_1,10000,2524
720777091,I2_1,10000,2605
205661556,I2_1,10000,3074
171369129,I2_1,10000,3633
598694080,I2_2,20000,5077
674589968,I2_1,10000,4506
769009088,I2_2,20000,8714
533713119,I2_2,20000,9630
307036466,I2_2,20000,7895
820506595,I2_2,20000,6645
856527823,I2_1,10000,5151
923423491,I2_1,10000,3238
578117167,I2_1,10000,4372
559595353,I2_2,20000,7445
953463900,I2_1,10000,4534
232823153,I2_2,20000,5251
460558857,I2_2,20000,5507
181787492,I2_2,20000,6689
283474207,I2_1,10000,3032
823661421,I2_1,10000,4681
142760899,I2_2,20000,6664
18153087,I2_2,20000,8804
489806475,I2_1,10000,5917
137126902,I2_1,10000,5770
97872153,I2_2,20000,8927
571496940,I2_1,10000,6345
197220152,I2_2,20000,10367
142894670,I2_2,20000,12481
696411095,I2_2,20000,12589
827083281,I2_2,20000,10865
227934455,I2_2,20000,7192
710418236,I2_2,20000,9242
852431731,I2_2,20000,7749
662038897,I2_2,20000,8609
593998711,I2_1,10000,2437
514579757,I2_2,20000,5600
576091883,I2_2,20000,4505
637050331,I2_1,10000,3894
727856655,I2_2,20000,5766
685658162,I2_1,10000,3541
116586852,I2_2,20000,6736
414745071,I2_2,20000,5770
821728615,I2_1,10000,5778
98212690,I2_1,10000,5321
492410387,I2_2,20000,9014
878847473,I2_2,20000,4768
774205399,I2_1,10000,3817
732957635,I2_2,20000,7573
786919708,I2_2,20000,5344
385527719,I2_2,20000,4587
533669183,I2_1,10000,2839
529399269,I2_2,20000,6576
145832483,I2_1,10000,3799
147830880,I2_2,20000,5851
55807766,I2_1,10000,4779
234846300,I2_1,10000,4211
270850962,I2_2,20000,9123
659538053,I2_1,10000,4687
639348796,I2_1,10000,4890
372132181,I2_2,20000,11737
209050200,I2_1,10000,5862
862286232,I2_1,10000,6917
996133090,I2_2,20000,14214
507472375,I2_1,10000,5606
759073422,I2_2,20000,15744
175215020,I2_2,20000,12645
505410619,I2_1,10000,4177
499418667,I2_2,20000,14662
504085312,I2_2,20000,15086
872131400,I2_2,20000,17148
466869233,I2_1,10000,7906
764460692,I2_2,20000,16805
511208614,I2_1,10000,8187
539777206,I2_2,20000,13543
493049129,I2_2,20000,13174
657388710,I2_2,20000,6334
148546416,I2_1,10000,4239
366513779,I2_1,10000,2581
339621588,I2_2,20000,4525
853879787,I2_1,10000,3874
283809912,I2_1,10000,3369
892563724,I2_2,20000,5167
334808875,I2_2,20000,6106
87123448,I2_1,10000,4503
274711466,I2_1,10000,4921
813773932,I2_2,20000,6199
534129608,I2_2,20000,7332
707947106,I2_2,20000,9435
768456693,I2_2,20000,10477
557024656,I2_1,10000,5241
51237174,I2_1,10000,6250
349659260,I2_1,10000,2470
805373656,I2_2,20000,4639
116085026,I2_1,10000,3822
583808438,I2_1,10000,3713
798631473,I2_2,20000,4863
619724916,I2_1,10000,2807
907143559,I2_1,10000,3209
758127474,I2_1,10000,4194
442066730,I2_2,20000,7996
237801144,I2_2,20000,8422
778852251,I2_1,10000,5220
183146465,I2_2,20000,9891
660272736,I2_2,20000,10998
272806982,I2_2,20000,9789
405693509,I2_1,10000,5136
118365860,I2_1,10000,4235
932641876,I2_2,20000,4676
582412626,I2_2,20000,5746
782534636,I2_1,10000,5694
756992077,I2_2,20000,5153
428363559,I2_1,10000,3534
694110478,I2_1,10000,3401
354140043,I2_1,10000,4218
701848362,I2_2,20000,6666
589225869,I2_2,20000,6897
467945966,I2_2,20000,5008
50009339,I2_1,10000,3801
967445135,I2_1,10000,4862
324823944,I2_2,20000,4464
490926181,I2_1,10000,3845
818117570,I2_1,10000,4948
162067467,I2_1,10000,3930
768993743,I2_1,10000,4083
783466241,I2_1,10000,2430
848650092,I2_1,10000,2891
328285646,I2_1,10000,2812
675234807,I2_1,10000,2826
451479735,I2_1,10000,3954
957415469,I2_1,10000,2919
601870228,I2_2,20000,5667
586272587,I2_1,10000,4893
802765075,I2_2,20000,7472
378549734,I2_1,10000,3085
116807151,I2_2,20000,5407
672929173,I2_1,10000,4397
676485034,I2_2,20000,4436
765134498,I2_1,10000,2909
430407361,I2_1,10000,3992
934912553,I2_1,10000,2398
79405435,I2_2,20000,4526
731733914,I2_2,20000,6631
348228459,I2_1,10000,2812
899117697,I2_1,10000,4388
550097552,I2_2,20000,10795
8950294,I2_2,20000,7331
694280972,I2_2,20000,9443
474873393,I2_2,20000,10498
604231582,I2_1,10000,3653
486064475,I2_1,10000,4263
209338808,I2_2,20000,13042
233542973,I2_2,20000,12075
689464663,I2_1,10000,4263
296120320,I2_2,20000,9563
518771514,I2_2,20000,8306
940224680,I2_1,10000,6643
470156180,I2_1,10000,8303
824365741,I2_2,20000,11502
333996744,I2_2,20000,10703
994579871,I2_2,20000,7803
996008126,I2_1,10000,5099
307020288,I2_2,20000,4540
498878933,I2_1,10000,3903
405419952,I2_2,20000,5139
759098337,I2_1,10000,2614
673675334,I2_2,20000,6526
225607379,I2_2,20000,6193
467892993,I2_1,10000,4190
958891405,I2_1,10000,4696
961608567,I2_2,20000,4986
995665569,I2_1,10000,3360
505719111,I2_1,10000,4977
858398743,I2_2,20000,4991
309204421,I2_1,10000,3907
8192720,I2_1,10000,3377
856573203,I2_1,10000,3808
251381559,I2_2,20000,7490
895924002,I2_2,20000,9024
476993479,I2_1,10000,6293
264442845,I2_2,20000,8401
447810149,I2_2,20000,7896
487643604,I2_2,20000,8794
407647768,I2_1,10000,5285
260517861,I2_2,20000,11577
832737283,I2_2,20000,10001
176460827,I2_1,10000,5239
67659149,I2_2,20000,11013
626521117,I2_2,20000,12053
106125104,I2_2,20000,13625
968860023,I2_2,20000,12065
566260770,I2_1,10000,5292
624705040,I2_1,10000,5850
943810469,I2_1,10000,4777
354004024,I2_2,20000,15245
607801586,I2_2,20000,16755
675093486,I2_2,20000,13102
790958559,I2_2,20000,12053
818406589,I2_1,10000,4770
96912631,I2_1,10000,5854
904573412,I2_1,10000,3502
307252172,I2_2,20000,4396
617642759,I2_1,10000,2891
12103824,I2_1,10000,2501
91540604,I2_2,20000,4590
399095066,I2_2,20000,4465
693046280,I2_1,10000,2837
337765562,I2_1,10000,4854
300766440,I2_2,20000,7491
554196007,I2_2,20000,8623
748070372,I2_1,10000,5403
967427467,I2_2,20000,9108
415188232,I2_1,10000,3772
711268148,I2_2,20000,6288
178006404,I2_1,10000,3126
849799242,I2_1,10000,3763
254969218,I2_2,20000,4500
293711298,I2_1,10000,3016
68622787,I2_1,10000,2516
3174835,I2_1,10000,3529
391163358,I2_1,10000,2659
881856003,I2_2,20000,4663
742681836,I2_2,20000,6608
865960458,I2_1,10000,2659
789882754,I2_2,20000,4553
825914007,I2_1,10000,5007
169350672,I2_2,20000,5839
705506790,I2_1,10000,3436
116748965,I2_1,10000,2918
96360777,I2_1,10000,2572
992182362,I2_2,20000,4574
672625113,I2_1,10000,5220
189957006,I2_1,10000,4107
90550772,I2_1,10000,3176
811629072,I2_1,10000,3569
102067748,I2_2,20000,4957
611390608,I2_1,10000,2636
526138454,I2_1,10000,3039
655163617,I2_2,20000,5317
534168971,I2_1,10000,4687
702377724,I2_2,20000,5964
605990268,I2_1,10000,3865
583485847,I2_1,10000,4264
532915277,I2_1,10000,3077
972230379,I2_1,10000,2607
443773008,I2_1,10000,3636
443688098,I2_2,20000,4601
953654060,I2_1,10000,3996
521604259,I2_2,20000,6195
964633730,I2_2,20000,4537
423371482,I2_2,20000,5639
486875240,I2_1,10000,4085
988271667,I2_1,10000,5218
977872738,I2_1,10000,4049
945978925,I2_2,20000,9616
120019025,I2_1,10000,5671
125781651,I2_1,10000,6217
934716865,I2_1,10000,6010
496256017,I2_1,10000,3858
683739394,I2_2,20000,12614
745604062,I2_1,10000,5866
667525182,I2_2,20000,14961
445738522,I2_2,20000,12556
665894190,I2_2,20000,14141
766755095,I2_2,20000,6119
970376810,I2_2,20000,7094
490950776,I2_1,10000,6534
277781850,I2_2,20000,7701
196306735,I2_1,10000,3552
952131744,I2_1,10000,3171
540060149,I2_2,20000,4580
539540586,I2_2,20000,4585
661362755,I2_1,10000,2823
66278518,I2_2,20000,5861
318830906,I2_1,10000,3765
752903525,I2_1,10000,4884
973916861,I2_1,10000,5107
362789203,I2_1,10000,4530
324293603,I2_2,20000,7177
846921157,I2_1,10000,4270
355895042,I2_2,20000,9318
202801703,I2_1,10000,3918
800017770,I2_1,10000,4555
833398058,I2_2,20000,4683
226278463,I2_1,10000,2626
79365040,I2_2,20000,4651
378179022,I2_1,10000,3090
469408653,I2_1,10000,3306
618321012,I2_1,10000,2630
768991694,I2_1,10000,2568
416864438,I2_1,10000,2600
7293615,I2_2,20000,5476
510382327,I2_2,20000,5506
661723321,I2_2,20000,6063
603210337,I2_2,20000,7721
111585211,I2_1,10000,4987
321986578,I2_1,10000,3449
703345725,I2_1,10000,4092
649934849,I2_2,20000,5256
903532391,I2_2,20000,4611
67694254,I2_2,20000,4618
447858914,I2_1,10000,3995
128582518,I2_1,10000,3793
321933231,I2_1,10000,3422
164306853,I2_2,20000,5166
274464282,I2_2,20000,6213
426794205,I2_1,10000,3398
330338368,I2_1,10000,3825
794234708,I2_2,20000,4593
449253933,I2_2,20000,4804
895080098,I2_1,10000,3960
349427086,I2_1,10000,3957
355052076,I2_1,10000,2545
111354534,I2_1,10000,2570
148689171,I2_1,10000,2584
269235633,I2_2,20000,4569
521550641,I2_1,10000,5112
12728858,I2_1,10000,6257
476070118,I2_1,10000,2647
814698940,I2_1,10000,3745
489939944,I2_2,20000,4511
978226457,I2_1,10000,5156
89685149,I2_1,10000,2581
408545073,I2_2,20000,4780
681562879,I2_2,20000,5624
422748085,I2_2,20000,5062
48704420,I2_2,20000,6719
270986533,I2_1,10000,4072
624028769,I2_1,10000,3808
888560033,I2_1,10000,4980
379756690,I2_2,20000,7201
903447257,I2_1,10000,4389
979686110,I2_2,20000,8108
199228369,I2_2,20000,4945
960724272,I2_2,20000,4923
907091661,I2_2,20000,5480
644149939,I2_2,20000,6276
650518871,I2_1,10000,2676
171474770,I2_2,20000,6792
750934801,I2_1,10000,4832
159726286,I2_1,10000,3185
678307348,I2_2,20000,9255
309460790,I2_2,20000,11324
808506790,I2_1,10000,3798
337409096,I2_2,20000,11383
889003284,I2_2,20000,6146
229766424,I2_2,20000,6737
44828854,I2_2,20000,5738
447123539,I2_1,10000,2591
341365012,I2_1,10000,2627
700070750,I2_2,20000,4599
430723178,I2_1,10000,3981
127693268,I2_2,20000,4538
787619463,I2_1,10000,2985
183838233,I2_1,10000,2582
112942098,I2_2,20000,5044
467796346,I2_1,10000,3890
787704615,I2_2,20000,5116
93600383,I2_1,10000,5628
513496348,I2_1,10000,3118
62442258,I2_2,20000,8204
138117505,I2_2,20000,10492
657976824,I2_2,20000,7851
85123895,I2_1,10000,3676
42191006,I2_2,20000,7426
375342643,I2_1,10000,3854
490743489,I2_2,20000,7744
390933385,I2_1,10000,4445
896478775,I2_2,20000,9846
29002604,I2_1,10000,4946
171042159,I2_2,20000,12491
866165802,I2_1,10000,6542
608186584,I2_1,10000,4821
241770706,I2_1,10000,6504
549691267,I2_2,20000,16066
464432433,I2_2,20000,15102
641774897,I2_2,20000,16060
587336658,I2_2,20000,18667
666892180,I2_2,20000,20507
304273790,I2_1,10000,6303
130817656,I2_2,20000,15217
609627323,I2_2,20000,12492
806532810,I2_2,20000,12456
983158927,I2_2,20000,14022
938323450,I2_2,20000,10002
327327456,I2_1,10000,4240
755312382,I2_2,20000,5451
770646934,I2_2,20000,4967
721971889,I2_1,10000,5482
642492143,I2_2,20000,5878
887946752,I2_1,10000,4650
269576218,I2_1,10000,5256
599838723,I2_1,10000,5769
674295329,I2_2,20000,10089
838266536,I2_1,10000,3415
452068483,I2_2,20000,4505
810561761,I2_2,20000,4552
68272272,I2_1,10000,2629
32695658,I2_1,10000,3767
927288159,I2_1,10000,4910
53572304,I2_1,10000,3635
448758720,I2_1,10000,2538
388811523,I2_2,20000,4469
184723653,I2_1,10000,4942
165883742,I2_2,20000,4485
2974650,I2_2,20000,6489
968515723,I2_1,10000,3756
842360095,I2_2,20000,8373
59282236,I2_2,20000,6065
792536554,I2_2,20000,4426
953435676,I2_1,10000,3851
469792713,I2_2,20000,4924
87032955,I2_2,20000,5254
933563813,I2_1,10000,2720
345720721,I2_2,20000,4510
616397982,I2_1,10000,3871
722795063,I2_2,20000,5402
809556243,I2_1,10000,4787
723089681,I2_2,20000,6193
127636933,I2_2,20000,4675
36164788,I2_2,20000,6355
116249242,I2_2,20000,4966
927913346,I2_1,10000,4039
466293136,I2_2,20000,7254
12583404,I2_1,10000,3953
939134458,I2_1,10000,4441
926822596,I2_1,10000,4434
186078858,I2_1,10000,3201
632929794,I2_2,20000,9312
973806593,I2_2,20000,8712
113682380,I2_2,20000,5764
168349864,I2_1,10000,4099
943993806,I2_1,10000,2560
584748393,I2_1,10000,2447
595261207,I2_2,20000,4502
512182179,I2_1,10000,3597
443920477,I2_1,10000,2434
2350022,I2_2,20000,4565
483343953,I2_2,20000,5846
45806673,I2_2,20000,4585
40393759,I2_1,10000,3943
317501235,I2_1,10000,3005
820398325,I2_2,20000,4746
656148556,I2_1,10000,3504
290553285,I2_1,10000,4013
436953547,I2_2,20000,4927
740549733,I2_2,20000,7001
778358996,I2_1,10000,2563
379868198,I2_1,10000,3566
778452222,I2_2,20000,5017
280456895,I2_1,10000,3481
862461683,I2_2,20000,6183
555991772,I2_2,20000,4785
41418279,I2_1,10000,3016
801235993,I2_1,10000,4089
925316312,I2_1,10000,2699
836374788,I2_1,10000,2661
234265623,I2_1,10000,3749
422411635,I2_1,10000,3007
880026378,I2_2,20000,5192
211844441,I2_1,10000,4499
966502635,I2_1,10000,4360
925264673,I2_1,10000,2940
855392603,I2_2,20000,5233
541946348,I2_1,10000,4586
513640643,I2_1,10000,3056
487013007,I2_1,10000,2655
576879506,I2_2,20000,4769
296591731,I2_2,20000,6815
215974750,I2_1,10000,3900
784949045,I2_2,20000,4952
967881447,I2_1,10000,2662
945844187,I2_1,10000,3529
410260682,I2_2,20000,5641
498330161,I2_2,20000,7305
814327683,I2_2,20000,6151
191279735,I2_1,10000,5444
943970608,I2_1,10000,4820
364836097,I2_2,20000,5034
988702177,I2_1,10000,2718
788545295,I2_1,10000,2650
218940203,I2_2,20000,4689
327092729,I2_1,10000,5210
904034812,I2_1,10000,6251
508119112,I2_1,10000,5840
160024104,I2_2,20000,4627
194635453,I2_1,10000,4103
587416928,I2_1,10000,5264
557924312,I2_1,10000,4019
648663676,I2_2,20000,6244
774985173,I2_1,10000,5664
391393413,I2_1,10000,4955
836858061,I2_2,20000,5763
592865413,I2_2,20000,5722
446975824,I2_1,10000,3486
223538377,I2_2,20000,4998
693977114,I2_2,20000,4636
585472495,I2_2,20000,4677
430145057,I2_2,20000,4808
145040128,I2_2,20000,5312
839467587,I2_1,10000,3569
927253914,I2_1,10000,3000
551404993,I2_2,20000,6405
133362655,I2_1,10000,4796
623059869,I2_2,20000,6973
830956708,I2_2,20000,7306
355099422,I2_1,10000,5514
859200546,I2_1,10000,6223
566724163,I2_1,10000,5485
376647694,I2_2,20000,12051
172789307,I2_2,20000,13005
917666214,I2_2,20000,15158
939240636,I2_2,20000,15612
792478262,I2_2,20000,14897
399785850,I2_1,10000,7097
421373079,I2_2,20000,16545
616198114,I2_1,10000,7553
578252948,I2_2,20000,18561
624452952,I2_2,20000,12692
370013407,I2_2,20000,11404
998667074,I2_2,20000,12799
272693951,I2_1,10000,3497
75136681,I2_2,20000,5695
875419395,I2_2,20000,8225
376268216,I2_2,20000,5697
388298972,I2_1,10000,5247
165403787,I2_2,20000,6328
799638211,I2_2,20000,5953
209465755,I2_1,10000,3881
374126764,I2_1,10000,3736
292991793,I2_1,10000,3200
535761752,I2_2,20000,8063
883387699,I2_2,20000,5243
423552438,I2_2,20000,4774
408476368,I2_2,20000,6885
540473459,I2_1,10000,3020
285975889,I2_2,20000,4876
270615336,I2_2,20000,6372
127850690,I2_2,20000,5354
825160864,I2_2,20000,5275
416625399,I2_1,10000,4283
896400007,I2_1,10000,4667
226378497,I2_1,10000,5281
432888015,I2_2,20000,8532
334071292,I2_2,20000,10481
514237982,I2_2,20000,9511
657009724,I2_2,20000,10725
878900047,I2_2,20000,12800
618096335,I2_2,20000,13417
27002006,I2_2,20000,13276
403061549,I2_2,20000,14348
28397836,I2_1,10000,5307
247866331,I2_2,20000,13431
111760925,I2_2,20000,12657
808105635,I2_1,10000,5944
431497376,I2_1,10000,5268
703359473,I2_1,10000,6931
313639932,I2_1,10000,6183
934556805,I2_2,20000,15992
887823745,I2_2,20000,17532
441096138,I2_1,10000,5867
748711709,I2_2,20000,14038
813033113,I2_1,10000,5189
630757397,I2_2,20000,9413
697480113,I2_2,20000,10634
33752098,I2_2,20000,4615
633362980,I2_1,10000,4050
571707348,I2_2,20000,5566
305270710,I2_2,20000,6482
882123397,I2_1,10000,5371
186029307,I2_2,20000,8028
331942051,I2_1,10000,4673
159702052,I2_2,20000,10431
218029054,I2_2,20000,10499
338383206,I2_2,20000,6974
321023903,I2_1,10000,2900
481136486,I2_1,10000,3940
484713461,I2_2,20000,6149
116263670,I2_1,10000,5260
574930814,I2_2,20000,9203
748525920,I2_2,20000,5199
414688215,I2_1,10000,2456
273630704,I2_2,20000,4715
653567786,I2_2,20000,6754
773810538,I2_2,20000,7090
454254097,I2_1,10000,4261
218244000,I2_2,20000,8073
464515128,I2_2,20000,7037
129121006,I2_1,10000,4363
403929004,I2_2,20000,7995
70036910,I2_1,10000,3174
813461201,I2_1,10000,4262
67551191,I2_1,10000,3413
876340261,I2_1,10000,2479
801315350,I2_2,20000,4516
745446665,I2_1,10000,2600
401801168,I2_2,20000,5020
32393253,I2_2,20000,4724
315111705,I2_2,20000,6874
137019184,I2_1,10000,2785
970583914,I2_1,10000,4379
107567428,I2_1,10000,4031
511378883,I2_2,20000,5853
621673459,I2_2,20000,4949
764768979,I2_2,20000,5963
587143528,I2_1,10000,5383
306896795,I2_2,20000,6257
618292427,I2_1,10000,3223
897055831,I2_2,20000,4572
500447876,I2_2,20000,4516
141986869,I2_1,10000,3426
698154234,I2_2,20000,5030
521749989,I2_2,20000,5000
344323284,I2_1,10000,3403
249495707,I2_2,20000,6092
721946412,I2_1,10000,3953
693070970,I2_2,20000,7193
433353080,I2_2,20000,6907
657152181,I2_1,10000,5306
903936755,I2_2,20000,8501
566088071,I2_2,20000,10749
465491660,I2_1,10000,2927
580145165,I2_1,10000,4573
362025017,I2_2,20000,4500
479596723,I2_1,10000,2577
420648508,I2_1,10000,3749
933964099,I2_1,10000,3109
469550306,I2_2,20000,6014
969650880,I2_2,20000,6600
131404852,I2_1,10000,2639
513593218,I2_2,20000,4965
882318218,I2_1,10000,4856
595889617,I2_2,20000,7383
217632873,I2_2,20000,4988
844989555,I2_1,10000,4194
880432030,I2_1,10000,4287
459827346,I2_1,10000,5990
992265070,I2_1,10000,4195
809767306,I2_2,20000,8704
743897470,I2_1,10000,5078
494270496,I2_1,10000,4455
426353416,I2_2,20000,9836
861658665,I2_2,20000,11191
797910069,I2_1,10000,4115
583195486,I2_2,20000,14366
280156610,I2_2,20000,16576
591739576,I2_1,10000,6326
634009175,I2_2,20000,13748
420007660,I2_2,20000,6926
76711989,I2_2,20000,6419
939838637,I2_1,10000,5218
793142681,I2_1,10000,4835
9222296,I2_2,20000,5679
426276912,I2_1,10000,4085
861659263,I2_2,20000,4629
496852582,I2_1,10000,2525
891186472,I2_1,10000,2439
994000658,I2_1,10000,2564
728432970,I2_2,20000,5672
760172191,I2_2,20000,5664
70223541,I2_1,10000,5024
312136466,I2_1,10000,5409
351438745,I2_2,20000,10132
170681604,I2_1,10000,3122
242138767,I2_1,10000,4735
377480829,I2_2,20000,13010
937578255,I2_2,20000,10773
588316445,I2_1,10000,3613
183149094,I2_1,10000,4302
623692520,I2_2,20000,14501
355016938,I2_2,20000,17113
578368617,I2_2,20000,16885
216408686,I2_1,10000,6350
559716403,I2_2,20000,14788
770667490,I2_2,20000,9592
98712919,I2_2,20000,10566
372115569,I2_1,10000,6974
910341101,I2_1,10000,5461
592126806,I2_2,20000,6497
64572170,I2_1,10000,3934
479465261,I2_1,10000,3936
901577559,I2_2,20000,6507
737717406,I2_1,10000,2793
614833728,I2_1,10000,2517
98067353,I2_1,10000,3451
178870315,I2_2,20000,5139
304059213,I2_2,20000,7284
933686156,I2_2,20000,4962
263049240,I2_1,10000,3737
920598786,I2_1,10000,2475
462500026,I2_2,20000,4639
527295362,I2_1,10000,3904
839253313,I2_1,10000,4375
9956830,I2_2,20000,5405
82081987,I2_1,10000,4231
988976443,I2_1,10000,3209
931776566,I2_2,20000,9056
714088160,I2_2,20000,6618
241297295,I2_2,20000,7624
19079816,I2_1,10000,4985
208426137,I2_1,10000,4357
163923684,I2_2,20000,7687
72676050,I2_2,20000,4568
727556364,I2_1,10000,2698
842201405,I2_1,10000,3059
844968423,I2_2,20000,5820
505541241,I2_1,10000,5212
993769971,I2_1,10000,4636
875980073,I2_2,20000,10609
209743856,I2_2,20000,10506
486267305,I2_1,10000,4253
935792166,I2_2,20000,9345
911744885,I2_2,20000,5211
132425597,I2_1,10000,4119
647831759,I2_2,20000,5654
228618278,I2_2,20000,7758
886791533,I2_1,10000,3332
199045572,I2_2,20000,5187
986912501,I2_1,10000,3523
411733879,I2_1,10000,2978
581636361,I2_1,10000,2549
970173625,I2_1,10000,2608
358572608,I2_1,10000,2712
318554938,I2_2,20000,5320
227338403,I2_1,10000,2647
844414882,I2_2,20000,4763
951472854,I2_1,10000,4126
407606449,I2_1,10000,5131
816986015,I2_1,10000,4291
170262452,I2_2,20000,4918
333037253,I2_1,10000,4126
404051657,I2_1,10000,5309
379478885,I2_2,20000,6893
744011068,I2_1,10000,5293
846765990,I2_1,10000,4501
606102857,I2_2,20000,6847
607909487,I2_1,10000,5362
989575431,I2_2,20000,5685
248277835,I2_1,10000,4101
109197248,I2_2,20000,5581
532613289,I2_1,10000,2694
783471551,I2_1,10000,3784
997759717,I2_1,10000,3843
620703323,I2_1,10000,3012
480165066,I2_2,20000,5685
196945146,I2_2,20000,4995
844043668,I2_1,10000,2810
255425811,I2_1,10000,3686
280791379,I2_2,20000,8490
764471955,I2_1,10000,3977
63275864,I2_1,10000,4499
946036115,I2_2,20000,8008
529707770,I2_2,20000,7378
297147802,I2_1,10000,4490
51730447,I2_1,10000,5188
61732700,I2_1,10000,5356
724789413,I2_1,10000,4274
676650786,I2_1,10000,3592
584554159,I2_1,10000,4152
498361590,I2_2,20000,16427
205870716,I2_1,10000,6157
774601293,I2_2,20000,16700
385918485,I2_2,20000,16604
346553155,I2_2,20000,12409
515426010,I2_2,20000,10641
509445280,I2_2,20000,9688
333107579,I2_1,10000,4901
458857805,I2_1,10000,3278
241921255,I2_2,20000,11903
916664250,I2_1,10000,5361
764253042,I2_2,20000,10282
741368767,I2_1,10000,5240
942662881,I2_2,20000,9586
632141559,I2_2,20000,11637
691930924,I2_2,20000,13717
876948605,I2_2,20000,12536
558771710,I2_2,20000,11070
121600297,I2_2,20000,10457
843695686,I2_2,20000,5269
424653826,I2_2,20000,5482
271182036,I2_2,20000,4507
925494346,I2_1,10000,4902
165034869,I2_1,10000,3018
164547400,I2_1,10000,3428
152667606,I2_2,20000,5250
981620543,I2_1,10000,3496
631276,I2_2,20000,6205
978457356,I2_2,20000,7130
175701505,I2_2,20000,4898
607980891,I2_1,10000,3056
380801803,I2_2,20000,4580
901254686,I2_1,10000,4101
480446977,I2_2,20000,7788
365040992,I2_1,10000,4341
753576028,I2_2,20000,5805
955892036,I2_2,20000,4753
445982576,I2_1,10000,3068
760667379,I2_2,20000,4801
354689636,I2_2,20000,6925
88349037,I2_2,20000,5216
120751471,I2_2,20000,5538
55490576,I2_1,10000,3043
757454956,I2_1,10000,4440
85975754,I2_2,20000,6032
554005105,I2_2,20000,5249
958566448,I2_2,20000,6859
352860141,I2_1,10000,4066
256293368,I2_1,10000,4693
676333102,I2_2,20000,10714
51944208,I2_2,20000,7185
847196678,I2_1,10000,5470
109316638,I2_2,20000,9874
611921349,I2_2,20000,11553
15761055,I2_2,20000,13729
634523468,I2_1,10000,5556
921598933,I2_2,20000,13651
392271119,I2_1,10000,4884
528115212,I2_2,20000,10908
155863117,I2_1,10000,4412
853605016,I2_2,20000,13597
338517107,I2_1,10000,5347
906745329,I2_2,20000,9695
477457629,I2_2,20000,9560
731320970,I2_2,20000,8514
151551657,I2_2,20000,9190
877089275,I2_1,10000,5381
736396801,I2_2,20000,7487
82658307,I2_2,20000,6782
782224825,I2_2,20000,8918
672642,I2_2,20000,10094
185674301,I2_2,20000,7265
89135874,I2_2,20000,9431
759598424,I2_2,20000,10526
830146172,I2_2,20000,8092
831034405,I2_1,10000,4430
473145924,I2_2,20000,5181
88320529,I2_1,10000,2527
289322467,I2_1,10000,3522
230343052,I2_2,20000,5318
616066162,I2_2,20000,6502
561256746,I2_1,10000,3780
826376486,I2_2,20000,5884
660977347,I2_2,20000,5356
846410431,I2_2,20000,5330
72624654,I2_1,10000,3513
451982965,I2_2,20000,5372
877423034,I2_2,20000,5094
529655496,I2_1,10000,4429
188411375,I2_2,20000,5426
455573365,I2_2,20000,6602
574777511,I2_1,10000,3552
850764329,I2_2,20000,5808
69476105,I2_2,20000,4637
390766803,I2_2,20000,5525
297252814,I2_2,20000,7579
643736003,I2_2,20000,8709
288947488,I2_2,20000,7508
312911113,I2_2,20000,4615
920090966,I2_1,10000,3967
260458467,I2_1,10000,4514
950839159,I2_2,20000,6706
114719978,I2_1,10000,4534
78462900,I2_1,10000,5086
360749336,I2_1,10000,5620
635063662,I2_1,10000,6135
960765115,I2_2,20000,7469
720338519,I2_2,20000,7473
315020185,I2_2,20000,8077
8680952,I2_2,20000,6463
397622221,I2_2,20000,5343
741437936,I2_1,10000,3284
277938779,I2_1,10000,2431
88320185,I2_1,10000,2825
519178487,I2_2,20000,5401
215512296,I2_1,10000,4773
3875129,I2_2,20000,6372
189939978,I2_2,20000,8397
344208368,I2_1,10000,2801
386732079,I2_2,20000,4441
297959883,I2_1,10000,3546
740593613,I2_1,10000,4137
679105759,I2_1,10000,4599
58816854,I2_2,20000,6077
141969284,I2_1,10000,4439
960405253,I2_2,20000,7021
605276312,I2_1,10000,2893
968413356,I2_2,20000,4844
830384480,I2_1,10000,3884
663652245,I2_1,10000,4323
663017772,I2_2,20000,7693
702933456,I2_2,20000,8382
5303148,I2_2,20000,6061
678639679,I2_1,10000,2613
427042059,I2_2,20000,5065
936222901,I2_1,10000,3835
336899472,I2_1,10000,4359
213571529,I2_1,10000,4883
947501309,I2_2,20000,7634
499394100,I2_2,20000,7588
860225392,I2_1,10000,5468
869564678,I2_1,10000,4355
747992834,I2_2,20000,6839
129913012,I2_2,20000,7312
827704523,I2_1,10000,3293
204293555,I2_2,20000,5762
349043812,I2_1,10000,4130
636443061,I2_1,10000,3472
177888834,I2_1,10000,5051
128060291,I2_2,20000,5552
742105938,I2_1,10000,2877
37943044,I2_2,20000,4593
331553899,I2_1,10000,3994
600778814,I2_2,20000,4778
163938205,I2_2,20000,4749
725467820,I2_1,10000,4138
421404185,I2_1,10000,5169
863116196,I2_2,20000,6892
995808135,I2_1,10000,6270
888295877,I2_1,10000,3043
764469836,I2_1,10000,3469
64334525,I2_2,20000,5639
607574690,I2_2,20000,5648
825285100,I2_2,20000,7415
498178183,I2_2,20000,6350
691279480,I2_1,10000,4641
482155644,I2_1,10000,3890
116491590,I2_1,10000,5538
168678777,I2_2,20000,8926
362522090,I2_2,20000,7534
137182791,I2_2,20000,7536
125071125,I2_2,20000,10057
142357766,I2_1,10000,5694
537683999,I2_1,10000,3708
611661294,I2_2,20000,14328
496131543,I2_2,20000,13315
780259536,I2_2,20000,14297
979322351,I2_1,10000,5156
86227037,I2_2,20000,17081
419140737,I2_2,20000,11785
416020099,I2_2,20000,5983
774000372,I2_2,20000,6886
332682329,I2_1,10000,5202
658108945,I2_2,20000,7107
299198370,I2_2,20000,5037
212917234,I2_1,10000,3399
607152621,I2_2,20000,5540
436989596,I2_1,10000,3245
158788518,I2_1,10000,2995
699907577,I2_2,20000,4540
969713930,I2_1,10000,3525
921047050,I2_1,10000,2936
530743725,I2_2,20000,5262
852262052,I2_1,10000,2937
574296212,I2_2,20000,6140
520738745,I2_2,20000,7074
292201642,I2_1,10000,2972
791839167,I2_1,10000,4636
208593214,I2_2,20000,11486
234120000,I2_2,20000,5630
535455988,I2_2,20000,6621
269524431,I2_2,20000,5023
984407143,I2_2,20000,4595
296941295,I2_1,10000,2653
417372290,I2_1,10000,2756
334623295,I2_1,10000,4260
526198982,I2_2,20000,4975
371634101,I2_1,10000,2509
749421647,I2_1,10000,3110
468618249,I2_1,10000,2530
631598077,I2_1,10000,2870
938307626,I2_1,10000,2769
1359643,I2_1,10000,2911
954749166,I2_1,10000,2824
874572385,I2_2,20000,6337
250992648,I2_2,20000,7535
757514810,I2_1,10000,5582
95212329,I2_1,10000,4980
943604429,I2_1,10000,6592
239526649,I2_2,20000,11026
539326357,I2_1,10000,3746
640053169,I2_2,20000,11325
845803670,I2_2,20000,11012
807851952,I2_1,10000,4579
955964713,I2_2,20000,13393
599029395,I2_2,20000,5157
270551534,I2_1,10000,5606
786967370,I2_1,10000,3490
203233571,I2_2,20000,8781
652209024,I2_1,10000,5092
251975403,I2_1,10000,4813
541495810,I2_2,20000,6891
981196902,I2_2,20000,8694
419237461,I2_2,20000,9715
536852284,I2_1,10000,5374
251121016,I2_1,10000,4341
793221811,I2_1,10000,3138
3252012,I2_2,20000,4740
614909871,I2_1,10000,4079
511257635,I2_2,20000,6987
38356884,I2_1,10000,2973
729927158,I2_1,10000,3012
607385733,I2_1,10000,2746
246502970,I2_1,10000,3164
799600359,I2_2,20000,6892
887791683,I2_2,20000,5399
944424953,I2_1,10000,4229
641071231,I2_2,20000,8328
160684293,I2_2,20000,5853
339249758,I2_1,10000,4530
523222812,I2_2,20000,7211
398484658,I2_1,10000,3322
649749113,I2_1,10000,3793
378163644,I2_1,10000,3227
875069984,I2_1,10000,3683
491556682,I2_1,10000,5331
832723812,I2_1,10000,5797
12053055,I2_2,20000,6265
534529849,I2_2,20000,7394
703877617,I2_2,20000,4743
995887353,I2_2,20000,5364
565393725,I2_1,10000,2837
727147148,I2_2,20000,4911
82794895,I2_1,10000,3966
905724294,I2_1,10000,4615
408890600,I2_2,20000,9554
490307250,I2_2,20000,7215
134050933,I2_2,20000,7076
188832732,I2_1,10000,4783
635472380,I2_1,10000,6395
493294686,I2_2,20000,8946
569183834,I2_2,20000,10056
920992299,I2_2,20000,4524
47052363,I2_1,10000,4019
893597301,I2_2,20000,5091
889612885,I2_1,10000,4990
257348817,I2_1,10000,2518
427331823,I2_2,20000,4587
214553143,I2_1,10000,4026
447325942,I2_1,10000,2628
414016153,I2_1,10000,2980
800645241,I2_2,20000,4700
535668811,I2_2,20000,5933
461006138,I2_2,20000,6944
895351986,I2_2,20000,6729
662002493,I2_2,20000,8920
285655704,I2_2,20000,10004
300150184,I2_1,10000,4989
328575697,I2_1,10000,5578
542304047,I2_2,20000,14258
851518467,I2_2,20000,16432
224843848,I2_2,20000,15308
113280871,I2_2,20000,13794
372605445,I2_2,20000,14728
534744890,I2_2,20000,10517
299272088,I2_2,20000,7425
782976639,I2_2,20000,4540
633692301,I2_2,20000,5451
138829700,I2_1,10000,2928
889896260,I2_1,10000,2579
27357630,I2_2,20000,5159
99631463,I2_1,10000,2762
185463029,I2_1,10000,2811
316559828,I2_1,10000,2983
156263106,I2_1,10000,3628
631704208,I2_2,20000,6280
692150789,I2_1,10000,2993
250176092,I2_1,10000,4047
484105532,I2_1,10000,3442
508963414,I2_1,10000,2647
779022625,I2_2,20000,5282
780126002,I2_1,10000,3285
457548509,I2_1,10000,3521
119002045,I2_1,10000,3733
546314751,I2_2,20000,5338
963267050,I2_1,10000,3746
820008295,I2_2,20000,5702
447898687,I2_2,20000,6855
542586310,I2_2,20000,4639
443575301,I2_1,10000,4087
924502558,I2_2,20000,5780
890648526,I2_1,10000,2617
668162229,I2_2,20000,4939
901466835,I2_1,10000,2743
107897387,I2_1,10000,3544
177540902,I2_1,10000,5634
353445115,I2_2,20000,7473
534370830,I2_2,20000,8414
488311660,I2_1,10000,4790
29732876,I2_1,10000,4192
418090574,I2_2,20000,12194
984821917,I2_1,10000,5433
587520322,I2_2,20000,13095
541664103,I2_2,20000,10994
679751417,I2_2,20000,10407
654229292,I2_1,10000,6732
438017428,I2_2,20000,6666
172476515,I2_1,10000,4405
874591301,I2_1,10000,4464
505976343,I2_2,20000,8753
85197277,I2_1,10000,5038
162082277,I2_2,20000,4648
413403627,I2_2,20000,4615
379809975,I2_2,20000,4606
158036006,I2_2,20000,4606
42207052,I2_2,20000,5756
460723004,I2_1,10000,3038
178173851,I2_1,10000,4101
79543550,I2_2,20000,8607
469946734,I2_1,10000,6596
517489832,I2_2,20000,8341
349868048,I2_2,20000,10410
777537218,I2_1,10000,4908
150477846,I2_2,20000,5065
74914545,I2_2,20000,4696
143107270,I2_1,10000,3840
863738891,I2_1,10000,5525
832235316,I2_2,20000,8280
532575987,I2_2,20000,8897
260526591,I2_1,10000,6580
797930530,I2_1,10000,3369
808081851,I2_2,20000,9832
30222965,I2_1,10000,4348
424482480,I2_2,20000,11135
577947227,I2_1,10000,4084
320748648,I2_1,10000,3178
500872926,I2_1,10000,2873
218137907,I2_1,10000,4448
76449501,I2_2,20000,7613
753635485,I2_2,20000,8635
628015538,I2_1,10000,4841
642816678,I2_1,10000,5259
62626175,I2_2,20000,9046
159505058,I2_2,20000,9485
98636576,I2_2,20000,9552
755655399,I2_2,20000,6809
505419305,I2_2,20000,9530
398589808,I2_1,10000,5781
589859370,I2_1,10000,4331
470714274,I2_2,20000,6873
539240248,I2_1,10000,4332
311225002,I2_2,20000,5430
23333338,I2_2,20000,5275
341589862,I2_2,20000,4537
979746961,I2_2,20000,5465
194201844,I2_1,10000,3790
736401156,I2_2,20000,7376
112690134,I2_2,20000,4554
870343312,I2_1,10000,2436
631034949,I2_1,10000,2370
851044063,I2_2,20000,4863
717063647,I2_1,10000,2413
375544512,I2_2,20000,4972
595927205,I2_1,10000,3443
602283354,I2_1,10000,3952
41626214,I2_2,20000,7119
912395392,I2_1,10000,5425
935897186,I2_1,10000,4261
342819489,I2_2,20000,8164
829623164,I2_1,10000,6068
257730321,I2_2,20000,4895
264636341,I2_2,20000,5028
285234595,I2_2,20000,4481
38636483,I2_1,10000,3868
793213645,I2_2,20000,5081
771775822,I2_2,20000,4457
31650352,I2_2,20000,5092
762723902,I2_1,10000,3400
553922112,I2_1,10000,3390
473464121,I2_2,20000,8272
239259754,I2_1,10000,4901
940015793,I2_1,10000,3711
670869224,I2_2,20000,10262
903048081,I2_2,20000,10713
445202638,I2_2,20000,9302
236399643,I2_1,10000,5148
358711592,I2_1,10000,3914
20862417,I2_1,10000,2596
151635718,I2_1,10000,2951
390707324,I2_2,20000,5746
860385233,I2_2,20000,6422
637498951,I2_2,20000,4968
395329288,I2_1,10000,2905
199711713,I2_1,10000,4107
603217310,I2_1,10000,2881
163003159,I2_2,20000,5547
451466429,I2_1,10000,3773
138105752,I2_2,20000,7140
85441836,I2_2,20000,5609
435723173,I2_2,20000,7719
626135316,I2_2,20000,6428
202982794,I2_2,20000,8498
512138411,I2_1,10000,2951
989696085,I2_2,20000,5831
494865559,I2_2,20000,5747
758437141,I2_1,10000,4517
92078892,I2_1,10000,6154
24746035,I2_1,10000,6580
956124866,I2_2,20000,9482
976152121,I2_2,20000,7333
363205494,I2_1,10000,4647
246753423,I2_2,20000,4982
256272957,I2_2,20000,5079
590267566,I2_1,10000,2456
162819559,I2_1,10000,2497
127588369,I2_2,20000,4668
64575691,I2_1,10000,3899
473498347,I2_2,20000,6042
159362057,I2_1,10000,4343
948515885,I2_1,10000,4256
215566973,I2_2,20000,9660
81067989,I2_1,10000,4332
807597727,I2_2,20000,10658
246871176,I2_2,20000,4523
159222230,I2_2,20000,5123
585991741,I2_1,10000,5628
337273221,I2_1,10000,6742
296801296,I2_1,10000,5998
419328141,I2_1,10000,4301
124978568,I2_2,20000,12515
795617772,I2_2,20000,12434
976944664,I2_1,10000,4176
534809486,I2_2,20000,11691
131929371,I2_2,20000,14352
827190521,I2_2,20000,15472
832830154,I2_1,10000,5890
471475574,I2_2,20000,13617
267531552,I2_1,10000,5816
636288933,I2_1,10000,5102
386727315,I2_2,20000,15390
781157505,I2_1,10000,3182
303243462,I2_2,20000,4534
957131517,I2_2,20000,6667
699500153,I2_1,10000,2505
162286354,I2_2,20000,4519
70794086,I2_2,20000,5566
21625267,I2_2,20000,4556
101202987,I2_2,20000,4546
441138538,I2_2,20000,5538
570392231,I2_2,20000,4621
281649174,I2_1,10000,2560
467703923,I2_1,10000,3081
309911765,I2_2,20000,4526
263806286,I2_1,10000,3288
613502095,I2_2,20000,5523
423205696,I2_1,10000,3919
417218408,I2_1,10000,3756
268670589,I2_2,20000,4603
305271765,I2_1,10000,4072
612178173,I2_2,20000,4946
957102160,I2_1,10000,2872
708160190,I2_1,10000,4106
701858765,I2_2,20000,6333
528690851,I2_1,10000,3499
648121162,I2_1,10000,4044
707679871,I2_1,10000,2661
949842230,I2_1,10000,3005
165875906,I2_2,20000,5288
252144431,I2_1,10000,3000
512785406,I2_1,10000,4241
401339365,I2_1,10000,2709
583200294,I2_1,10000,2946
36895966,I2_2,20000,4689
734966080,I2_1,10000,4152
318278866,I2_1,10000,4689
130578320,I2_1,10000,5755
796100973,I2_1,10000,4741
926036355,I2_1,10000,5056
334041591,I2_1,10000,4494
404475400,I2_1,10000,4914
206394771,I2_1,10000,5429
435817694,I2_2,20000,10950
24444922,I2_1,10000,5393
346248924,I2_2,20000,12102
698861596,I2_1,10000,2723
528542105,I2_2,20000,6148
844814909,I2_2,20000,4739
744819960,I2_2,20000,4766
515207655,I2_2,20000,5823
85470750,I2_2,20000,6780
362698149,I2_1,10000,3760
34076780,I2_1,10000,5331
898918257,I2_2,20000,6128
473187255,I2_2,20000,5123
945611714,I2_2,20000,5602
580423795,I2_1,10000,4126
751998417,I2_2,20000,5575
891220521,I2_2,20000,6584
329004887,I2_1,10000,3543
669116284,I2_2,20000,5337
107304708,I2_2,20000,6235
314722597,I2_2,20000,4766
78919105,I2_1,10000,3060
304874508,I2_2,20000,4708
76733318,I2_2,20000,5648
773558821,I2_2,20000,6541
207506857,I2_1,10000,4680
43093349,I2_1,10000,4668
174027067,I2_1,10000,4008
333320048,I2_1,10000,4425
418677840,I2_1,10000,3601
537075696,I2_1,10000,3000
584006667,I2_1,10000,4935
932305179,I2_2,20000,8448
929201662,I2_1,10000,6528
87628317,I2_1,10000,4343
683939094,I2_2,20000,8067
113357502,I2_2,20000,10315
756929372,I2_2,20000,11925
549692483,I2_2,20000,5804
285971979,I2_2,20000,6302
550758976,I2_2,20000,7298
572016538,I2_1,10000,4183
335400151,I2_2,20000,7683
64287111,I2_2,20000,7453
52043165,I2_1,10000,2712
157195180,I2_1,10000,2674
427894514,I2_1,10000,3855
142585793,I2_1,10000,3254
618552993,I2_2,20000,6473
551041860,I2_1,10000,5465
162209434,I2_1,10000,5463
464108863,I2_2,20000,10760
649081793,I2_2,20000,9534
438883316,I2_2,20000,7907
554832136,I2_2,20000,5879
549021440,I2_2,20000,6712
488486568,I2_1,10000,4099
63431293,I2_1,10000,3898
452298980,I2_2,20000,10721
364994756,I2_2,20000,6670
826652025,I2_2,20000,6046
640919613,I2_2,20000,7885
683338389,I2_1,10000,4291
291709096,I2_1,10000,5380
898590334,I2_2,20000,10540
383525673,I2_1,10000,5763
816287944,I2_1,10000,4000
954775819,I2_2,20000,12526
907769343,I2_2,20000,12059
176132800,I2_2,20000,12387
172043151,I2_1,10000,5711
87726074,I2_1,10000,4155
811309436,I2_2,20000,6786
755418377,I2_1,10000,3735
348552824,I2_2,20000,10439
859931701,I2_2,20000,8374
402505549,I2_2,20000,8362
932791557,I2_2,20000,7794
730767166,I2_2,20000,6822
744432315,I2_1,10000,6233
682677535,I2_2,20000,6911
503036553,I2_2,20000,8960
102400802,I2_1,10000,5808
913494768,I2_2,20000,6834
272377882,I2_2,20000,8825
201161576,I2_2,20000,9474
606064693,I2_1,10000,4044
526455954,I2_2,20000,7500
88941660,I2_2,20000,5942
373656612,I2_2,20000,5399
837417109,I2_1,10000,5501
505031319,I2_1,10000,4867
815641688,I2_1,10000,3991
470004156,I2_1,10000,3428
409630334,I2_2,20000,5143
794962349,I2_1,10000,3935
815088696,I2_2,20000,4865
569726372,I2_2,20000,7089
879122126,I2_2,20000,6497
814213115,I2_2,20000,4566
153464926,I2_1,10000,2572
913379122,I2_2,20000,5310
212541745,I2_1,10000,3441
855241346,I2_2,20000,6681
538077212,I2_1,10000,3226
320986060,I2_2,20000,9852
722118701,I2_1,10000,3629
52955460,I2_2,20000,6994
18975790,I2_1,10000,4934
894455993,I2_2,20000,4855
974801146,I2_1,10000,4264
180701194,I2_1,10000,4850
234569765,I2_1,10000,2871
364558420,I2_1,10000,3837
993957915,I2_2,20000,6098
577859108,I2_1,10000,5539
485236380,I2_1,10000,5489
969735031,I2_1,10000,3018
726611472,I2_1,10000,2489
79416300,I2_1,10000,2590
656396828,I2_1,10000,2546
86252305,I2_2,20000,5209
114346000,I2_1,10000,3189
467496657,I2_2,20000,5084
874585018,I2_1,10000,4431
827780222,I2_1,10000,5002
400770097,I2_1,10000,4797
36053504,I2_2,20000,9005
759876715,I2_1,10000,6012
118494597,I2_1,10000,7173
11901393,I2_1,10000,4552
879301163,I2_1,10000,3456
398873425,I2_1,10000,2890
64333095,I2_1,10000,2472
668615771,I2_1,10000,2654
112599989,I2_1,10000,2444
509373407,I2_2,20000,5784
195465264,I2_2,20000,4498
802855609,I2_2,20000,4666
633854711,I2_2,20000,5540
269299886,I2_1,10000,2867
15317084,I2_1,10000,2694
481332258,I2_1,10000,2976
598000538,I2_1,10000,4658
759999075,I2_2,20000,4924
775380874,I2_1,10000,3159
633106440,I2_2,20000,4753
851888509,I2_2,20000,4999
972288355,I2_2,20000,4711
902777998,I2_2,20000,5054
272960178,I2_1,10000,2760
332991849,I2_1,10000,2931
637564955,I2_2,20000,4799
841142419,I2_1,10000,3156
953572680,I2_2,20000,5003
935650378,I2_1,10000,3659
346899086,I2_1,10000,3520
792632641,I2_2,20000,4814
377341898,I2_2,20000,5693
906570910,I2_2,20000,5712
299030898,I2_1,10000,4114
30138591,I2_2,20000,5697
508777144,I2_1,10000,5059
848609088,I2_1,10000,5174
390105455,I2_1,10000,3791
91185581,I2_2,20000,6461
725403783,I2_1,10000,6272
837997399,I2_2,20000,9029
943965721,I2_2,20000,9954
721494108,I2_2,20000,4786
132588203,I2_2,20000,5187
368074329,I2_2,20000,5167
739261083,I2_1,10000,4194
514386690,I2_1,10000,5302
504399301,I2_1,10000,5154
442139880,I2_1,10000,4525
572439014,I2_2,20000,8899
456461394,I2_2,20000,10654
656889272,I2_1,10000,4417
222160846,I2_1,10000,3735
416501726,I2_1,10000,2984
720967959,I2_2,20000,4746
640104635,I2_2,20000,5818
141293625,I2_2,20000,8007
762776429,I2_1,10000,6179
304983526,I2_1,10000,5487
373933214,I2_2,20000,10148
767807418,I2_2,20000,11273
945202378,I2_2,20000,11623
320924307,I2_2,20000,7338
757114062,I2_1,10000,5590
329421300,I2_2,20000,7387
218639320,I2_2,20000,8345
184764244,I2_1,10000,3557
92607524,I2_1,10000,4531
414907964,I2_2,20000,8535
680590755,I2_2,20000,8961
776292864,I2_2,20000,10271
566725936,I2_1,10000,4534
975639068,I2_1,10000,6148
693189096,I2_2,20000,4691
844092678,I2_1,10000,2554
210075790,I2_1,10000,3646
818447890,I2_2,20000,4909
649441406,I2_1,10000,2856
325487235,I2_1,10000,2860
952033087,I2_1,10000,3532
42790900,I2_2,20000,4675
154879232,I2_2,20000,6719
485725689,I2_1,10000,2714
345946368,I2_1,10000,3025
232528498,I2_1,10000,2761
995641249,I2_2,20000,5391
614150424,I2_2,20000,6224
141093094,I2_1,10000,4462
43254848,I2_1,10000,4175
617378455,I2_2,20000,5228
823718387,I2_1,10000,2788
146540999,I2_2,20000,4817
343910675,I2_2,20000,4798
508320158,I2_2,20000,4995
70036056,I2_1,10000,3981
191075665,I2_2,20000,5014
619210861,I2_1,10000,3380
843981250,I2_1,10000,5034
82567495,I2_2,20000,5723
243246432,I2_2,20000,6473
905748704,I2_2,20000,5333
535505067,I2_1,10000,5785
390135152,I2_1,10000,7426
947303371,I2_1,10000,6714
154775773,I2_2,20000,9870
976021038,I2_2,20000,12090
78099204,I2_2,20000,9950
394087043,I2_2,20000,9949
544832047,I2_1,10000,5086
113678516,I2_1,10000,4492
647168716,I2_2,20000,12617
857872221,I2_1,10000,4547
222239778,I2_2,20000,15410
20233513,I2_2,20000,11391
709068620,I2_2,20000,11313
194639132,I2_1,10000,5361
624762303,I2_2,20000,11953
735120105,I2_2,20000,9807
927663374,I2_1,10000,4196
452439445,I2_2,20000,6294
377264346,I2_2,20000,8121
247836010,I2_2,20000,10343
390348687,I2_1,10000,5604
228922408,I2_2,20000,8173
899848188,I2_2,20000,6668
910654721,I2_1,10000,3096
916252377,I2_2,20000,6555
969642083,I2_2,20000,7500
240206458,I2_1,10000,4989
875041646,I2_1,10000,4358
222335188,I2_2,20000,8437
267929524,I2_1,10000,4360
66476931,I2_2,20000,11382
580154335,I2_1,10000,3831
276132250,I2_2,20000,15128
177679320,I2_2,20000,13377
846527882,I2_2,20000,11123
788046138,I2_1,10000,6308
999517033,I2_2,20000,12323
198471154,I2_2,20000,12879
473323119,I2_1,10000,4364
945260902,I2_2,20000,9727
843952114,I2_1,10000,5457
437221711,I2_2,20000,11367
402473528,I2_2,20000,10159
276569796,I2_2,20000,11212
787215094,I2_2,20000,10641
626764720,I2_2,20000,6427
751938152,I2_2,20000,5595
953138801,I2_2,20000,5555
105947299,I2_1,10000,3882
642307852,I2_1,10000,3984
905290569,I2_1,10000,3977
811453849,I2_1,10000,2544
530062612,I2_1,10000,2930
361633190,I2_1,10000,4077
572947644,I2_2,20000,6299
263374729,I2_1,10000,4085
935462690,I2_1,10000,2544
730536219,I2_2,20000,4669
350814122,I2_2,20000,4872
912192032,I2_2,20000,4887
659452558,I2_1,10000,5326
822579707,I2_1,10000,5148
144018635,I2_1,10000,6306
236272209,I2_1,10000,6277
510232848,I2_1,10000,5306
77426208,I2_1,10000,7012
115130394,I2_1,10000,7575
501445351,I2_1,10000,5746
465940516,I2_2,20000,14216
363282098,I2_1,10000,6277
153167683,I2_1,10000,7877
734008698,I2_1,10000,7198
873976433,I2_2,20000,19623
824286243,I2_2,20000,21507
447110940,I2_1,10000,10271
873662657,I2_2,20000,16823
781055666,I2_1,10000,6387
994035636,I2_1,10000,4855
805448931,I2_2,20000,12409
13481520,I2_2,20000,9222
992018276,I2_2,20000,5348
266263808,I2_1,10000,4901
971660926,I2_2,20000,4643
576477297,I2_2,20000,4509
622051311,I2_2,20000,5438
34282164,I2_2,20000,7516
237602427,I2_1,10000,3635
81572426,I2_1,10000,4754
744196547,I2_2,20000,7005
126433649,I2_1,10000,4355
336015243,I2_1,10000,3933
846909048,I2_1,10000,5082
412186055,I2_1,10000,4335
768370455,I2_2,20000,10820
829548026,I2_1,10000,5924
467497905,I2_1,10000,5307
899660858,I2_2,20000,11212
392115273,I2_2,20000,8394
476697225,I2_2,20000,9735
202099458,I2_2,20000,11816
611656007,I2_2,20000,6137
717659911,I2_1,10000,5554
904694814,I2_1,10000,6682
235890643,I2_1,10000,7083
380897394,I2_2,20000,8226
826024240,I2_1,10000,3621
987436599,I2_2,20000,10874
271922121,I2_2,20000,8053
721030254,I2_2,20000,5567
63793460,I2_1,10000,2872
628815627,I2_1,10000,3769
876669866,I2_2,20000,4746
279456838,I2_2,20000,6151
408991528,I2_2,20000,6433
68118543,I2_1,10000,4671
283166338,I2_2,20000,8378
100444124,I2_2,20000,5415
433757068,I2_2,20000,4512
269355721,I2_1,10000,4075
602096983,I2_2,20000,4453
472428423,I2_2,20000,6568
840190785,I2_2,20000,4754
998814169,I2_1,10000,3872
733445641,I2_1,10000,4812
181367187,I2_1,10000,5380
686417000,I2_1,10000,4375
415778134,I2_2,20000,7546
979017223,I2_1,10000,2819
425738745,I2_2,20000,5244
204839930,I2_1,10000,5821
925017897,I2_1,10000,5083
857102952,I2_1,10000,4898
250526969,I2_2,20000,7375
861025625,I2_2,20000,4703
81524800,I2_1,10000,2518
493792943,I2_1,10000,4366
758461171,I2_2,20000,4705
550943109,I2_2,20000,6713
865480893,I2_1,10000,3045
113612310,I2_2,20000,4684
218705087,I2_1,10000,3381
914247688,I2_2,20000,5741
828624280,I2_1,10000,4538
249141645,I2_2,20000,6291
876087467,I2_1,10000,2842
220344974,I2_1,10000,3092
971115970,I2_2,20000,6640
361455828,I2_2,20000,5001
972398363,I2_1,10000,4077
205058318,I2_1,10000,5131
711372406,I2_1,10000,2630
961315056,I2_1,10000,3681
432077606,I2_2,20000,5811
566794686,I2_2,20000,5282
113081499,I2_1,10000,5735
948137804,I2_1,10000,5159
903805740,I2_1,10000,5008
471360410,I2_1,10000,3905
393424061,I2_2,20000,10707
272143909,I2_2,20000,5505
182690168,I2_1,10000,3084
496278933,I2_1,10000,4276
138781996,I2_2,20000,6827
6387031,I2_1,10000,5249
503463888,I2_1,10000,5711
41234057,I2_2,20000,7585
666776549,I2_1,10000,4855
476587538,I2_1,10000,5430
924460278,I2_1,10000,5411
9234450,I2_2,20000,12967
923238961,I2_1,10000,4267
768770716,I2_2,20000,6044
31951340,I2_1,10000,2916
217744910,I2_1,10000,3868
760756753,I2_1,10000,4375
344668477,I2_2,20000,5863
962329007,I2_1,10000,5228
923598494,I2_1,10000,5754
582192774,I2_2,20000,8861
430854427,I2_2,20000,9960
981287406,I2_2,20000,9402
239588547,I2_2,20000,6375
986371495,I2_2,20000,6429
263048528,I2_1,10000,2739
263104389,I2_2,20000,4502
540363399,I2_2,20000,5476
375913819,I2_2,20000,7524
572483004,I2_2,20000,6440
586350421,I2_1,10000,2892
525723609,I2_2,20000,4608
233661754,I2_1,10000,2931
738631278,I2_1,10000,2890
107366249,I2_1,10000,3952
708103801,I2_2,20000,5425
968216706,I2_1,10000,3805
386469652,I2_2,20000,7549
775364107,I2_2,20000,8497
816498324,I2_1,10000,5348
833581579,I2_2,20000,9619
764493818,I2_1,10000,4211
165902685,I2_1,10000,4761
336380428,I2_2,20000,10682
549976005,I2_1,10000,4030
90061512,I2_2,20000,4635
873756592,I2_2,20000,4586
450211079,I2_1,10000,3998
875536760,I2_2,20000,6561
12821835,I2_1,10000,3965
689163088,I2_2,20000,6550
873431443,I2_2,20000,8589
550657112,I2_1,10000,2694
766881379,I2_2,20000,4667
333289693,I2_1,10000,4059
77443289,I2_1,10000,3231
505725951,I2_2,20000,5790
769724017,I2_2,20000,4880
745409014,I2_2,20000,6487
836063378,I2_1,10000,2855
271082324,I2_1,10000,2746
112738591,I2_1,10000,2674
405629606,I2_1,10000,3438
900859937,I2_2,20000,4731
253651245,I2_1,10000,5407
575552187,I2_2,20000,6660
708520626,I2_2,20000,4652
294860931,I2_2,20000,4658
882171436,I2_1,10000,3216
351192444,I2_2,20000,5421
625588275,I2_2,20000,7253
803021242,I2_2,20000,6479
176420730,I2_1,10000,4844
995448783,I2_2,20000,9287
61294446,I2_2,20000,6945
781518584,I2_2,20000,7701
581928029,I2_1,10000,4895
668661531,I2_2,20000,9033
285979460,I2_1,10000,5189
927577717,I2_2,20000,8947
603099781,I2_1,10000,4683
64140309,I2_2,20000,12062
948581551,I2_1,10000,4222
602668823,I2_2,20000,13716
474119126,I2_2,20000,4571
626344550,I2_1,10000,2957
970289942,I2_2,20000,4676
708030336,I2_1,10000,4646
838932269,I2_1,10000,4028
404687954,I2_1,10000,3014
828999118,I2_2,20000,10544
812152644,I2_1,10000,6680
411461418,I2_2,20000,8740
988551252,I2_2,20000,12488
531156556,I2_2,20000,13551
235508858,I2_1,10000,6326
365556758,I2_2,20000,14815
555337997,I2_1,10000,6863
101675120,I2_1,10000,7381
299185641,I2_2,20000,16276
499201363,I2_2,20000,14131
173356904,I2_2,20000,13522
459334832,I2_1,10000,6782
6850691,I2_1,10000,4128
613743198,I2_2,20000,13069
902876674,I2_1,10000,3769
147117277,I2_2,20000,15800
742144012,I2_2,20000,8232
102835024,I2_2,20000,7159
522892831,I2_1,10000,2450
583824575,I2_1,10000,2455
872395695,I2_1,10000,3932
284347244,I2_2,20000,4641
399647223,I2_1,10000,3857
845038826,I2_1,10000,3840
94116513,I2_2,20000,7169
443628803,I2_2,20000,4877
560225976,I2_1,10000,4161
894303606,I2_2,20000,7545
130648263,I2_2,20000,6483
537380680,I2_1,10000,3875
786860425,I2_1,10000,5045
142250808,I2_1,10000,4336
910899391,I2_1,10000,4463
422022120,I2_1,10000,5436
296476804,I2_1,10000,3663
123232749,I2_2,20000,9801
730839445,I2_2,20000,6496
209759307,I2_1,10000,3757
977225241,I2_2,20000,4628
491728848,I2_2,20000,4615
464877691,I2_2,20000,6669
834858963,I2_2,20000,5695
168289782,I2_1,10000,4046
422844905,I2_1,10000,4689
544038173,I2_1,10000,3938
415177256,I2_1,10000,4989
178555227,I2_2,20000,11512
47542844,I2_1,10000,7652
245826360,I2_1,10000,6995
660736756,I2_1,10000,7495
94362540,I2_1,10000,6340
445480848,I2_1,10000,7839
745266751,I2_2,20000,15084
982531832,I2_2,20000,13869
978772667,I2_2,20000,6606
944053177,I2_2,20000,6088
989220375,I2_2,20000,4524
547949579,I2_1,10000,4046
734530798,I2_2,20000,6768
898169192,I2_1,10000,3398
837854938,I2_2,20000,5939
313472239,I2_1,10000,4181
556274758,I2_2,20000,7567
573817912,I2_2,20000,9856
827442832,I2_2,20000,5992
212271552,I2_1,10000,4257
392630894,I2_1,10000,3837
337504365,I2_1,10000,4960
921358258,I2_2,20000,4564
602287100,I2_2,20000,5512
180520876,I2_2,20000,5621
256795937,I2_1,10000,5093
996379624,I2_1,10000,5158
34888155,I2_1,10000,5021
903600299,I2_1,10000,6127
246750622,I2_1,10000,5999
665038720,I2_1,10000,6530
229741957,I2_1,10000,6480
247162818,I2_1,10000,8195
800015747,I2_2,20000,9621
394880918,I2_2,20000,11734
459767906,I2_1,10000,5320
356495514,I2_2,20000,13208
413970467,I2_2,20000,15304
148306576,I2_2,20000,16890
331399313,I2_2,20000,15282
727335743,I2_1,10000,5273
876781208,I2_2,20000,15213
62464185,I2_2,20000,16176
224570503,I2_1,10000,5253
177876732,I2_2,20000,17895
376373135,I2_1,10000,3710
303456257,I2_2,20000,16248
704821598,I2_1,10000,3732
91492933,I2_2,20000,15799
475341638,I2_2,20000,16944
550543378,I2_1,10000,7383
543442794,I2_2,20000,19417
485043505,I2_1,10000,7324
833075787,I2_2,20000,18326
899150000,I2_1,10000,9322
133495353,I2_1,10000,9758
813579408,I2_1,10000,7259
220990433,I2_2,20000,11669
826676944,I2_1,10000,3753
769353186,I2_2,20000,5447
38217393,I2_1,10000,3325
686479538,I2_2,20000,5973
240521589,I2_1,10000,3828
421397404,I2_1,10000,3780
180621172,I2_2,20000,8493
743326394,I2_2,20000,5844
435121568,I2_1,10000,5204
392548150,I2_1,10000,5712
34965086,I2_1,10000,6085
212965880,I2_2,20000,10600
363667166,I2_2,20000,8495
30014180,I2_2,20000,5835
424858860,I2_1,10000,3028
129945539,I2_1,10000,3196
208480133,I2_1,10000,3447
735709186,I2_2,20000,8229
142699917,I2_1,10000,3975
690833254,I2_2,20000,5503
76909453,I2_1,10000,3885
194176577,I2_1,10000,3779
568209179,I2_1,10000,4859
91206198,I2_1,10000,3766
183015134,I2_2,20000,10109
43572328,I2_1,10000,5850
504437085,I2_2,20000,10468
329952089,I2_2,20000,9530
540693592,I2_2,20000,8889
228141569,I2_1,10000,3125
728329033,I2_1,10000,2509
496725923,I2_1,10000,2980
918230825,I2_2,20000,5180
796747574,I2_1,10000,4261
323737957,I2_1,10000,4168
51482644,I2_2,20000,4563
369866774,I2_1,10000,2804
882583772,I2_1,10000,2497
793719099,I2_2,20000,4539
782959421,I2_1,10000,5062
636629079,I2_1,10000,5072
862314401,I2_1,10000,3528
528190654,I2_1,10000,4570
738560346,I2_1,10000,5842
19094891,I2_1,10000,4826
666042639,I2_2,20000,8561
303567750,I2_1,10000,3695
516669323,I2_1,10000,3280
500336964,I2_1,10000,4292
685994111,I2_2,20000,6439
627751773,I2_2,20000,6409
791637294,I2_1,10000,5285
634252991,I2_1,10000,6358
698261665,I2_2,20000,9005
740829175,I2_2,20000,11165
716399830,I2_2,20000,8596
719015726,I2_1,10000,5823
262761096,I2_1,10000,6511
681310602,I2_1,10000,6989
118283269,I2_1,10000,5402
674920215,I2_2,20000,14417
132768121,I2_1,10000,5861
302705165,I2_2,20000,15465
469958481,I2_1,10000,6099
543187471,I2_1,10000,3582
900570301,I2_2,20000,6177
707190474,I2_1,10000,2524
418447186,I2_2,20000,4529
950381384,I2_1,10000,3927
656232064,I2_1,10000,2487
206756957,I2_2,20000,5538
410102206,I2_1,10000,3129
972327921,I2_1,10000,3444
615763314,I2_1,10000,4588
421116725,I2_1,10000,5158
24385174,I2_1,10000,4490
631913576,I2_1,10000,3952
351599232,I2_1,10000,3404
182425739,I2_1,10000,3863
26627404,I2_1,10000,4543
57866349,I2_1,10000,3430
915619270,I2_2,20000,4694
731051647,I2_1,10000,4060
114343620,I2_2,20000,5414
474062379,I2_1,10000,2732
13257159,I2_1,10000,2538
910557487,I2_1,10000,2510
823441790,I2_1,10000,3056
909997072,I2_1,10000,4911
720746192,I2_2,20000,7313
450257418,I2_2,20000,8377
8382873,I2_1,10000,4672
984918797,I2_2,20000,9509
985058364,I2_2,20000,11076
49938617,I2_2,20000,10181
149666678,I2_2,20000,11346
338706395,I2_1,10000,3378
229394567,I2_2,20000,5897
782165178,I2_1,10000,2892
865927025,I2_1,10000,3065
903209854,I2_2,20000,4583
483526412,I2_2,20000,5426
156384715,I2_1,10000,2513
94136658,I2_1,10000,2949
605806475,I2_2,20000,4608
834056371,I2_1,10000,3992
745988668,I2_2,20000,5238
450746797,I2_1,10000,5603
259569763,I2_2,20000,8289
986394004,I2_1,10000,3870
166656341,I2_2,20000,11551
646944617,I2_1,10000,3847
181183069,I2_2,20000,12530
287512274,I2_1,10000,3740
310757357,I2_2,20000,13995
682645862,I2_2,20000,11725
114688717,I2_1,10000,4234
121979938,I2_2,20000,5417
462304531,I2_2,20000,6256
764019442,I2_1,10000,3617
771309172,I2_1,10000,4127
323837093,I2_1,10000,4604
161412892,I2_2,20000,5610
113622999,I2_2,20000,4553
923964499,I2_2,20000,5526
100457437,I2_1,10000,2855
661803395,I2_2,20000,5072
532866828,I2_1,10000,3939
279757351,I2_2,20000,5414
963325180,I2_1,10000,4852
787962941,I2_2,20000,6242
767476541,I2_2,20000,6485
702115372,I2_1,10000,3355
786982189,I2_2,20000,5961
985569798,I2_1,10000,4253
688656597,I2_2,20000,5500
586070351,I2_2,20000,5095
166902842,I2_2,20000,5539
234226650,I2_1,10000,4920
85824802,I2_1,10000,4317
934292505,I2_2,20000,9444
768224845,I2_2,20000,10426
974356944,I2_1,10000,4553
229857591,I2_2,20000,7093
403337147,I2_1,10000,4765
473235050,I2_1,10000,3801
57518986,I2_2,20000,4414
805170403,I2_1,10000,3865
814402349,I2_2,20000,6452
597135804,I2_1,10000,4327
470189821,I2_2,20000,6590
563383338,I2_2,20000,6052
698777582,I2_2,20000,5935
13890574,I2_1,10000,5317
947375954,I2_2,20000,7500
902213230,I2_1,10000,4269
782127957,I2_2,20000,6445
152180916,I2_2,20000,6447
591564664,I2_2,20000,7999
405147239,I2_2,20000,6101
297699083,I2_1,10000,5381
936010291,I2_1,10000,5997
571538644,I2_1,10000,6464
326519767,I2_2,20000,10119
818244290,I2_1,10000,3867
357322399,I2_2,20000,13998
846583708,I2_2,20000,6399
403816541,I2_2,20000,6425
590602822,I2_1,10000,5921
337282303,I2_1,10000,6920
27408758,I2_1,10000,3365
520972145,I2_2,20000,10605
364665866,I2_2,20000,12589
903177004,I2_2,20000,13357
373006286,I2_2,20000,13934
106135421,I2_1,10000,5757
719509932,I2_2,20000,15479
42708020,I2_1,10000,6333
797614974,I2_2,20000,18573
492910712,I2_2,20000,18434
276012054,I2_2,20000,16926
578110290,I2_2,20000,15836
623681147,I2_2,20000,16508
591516054,I2_2,20000,17460
640824780,I2_2,20000,18441
497831334,I2_2,20000,20544
54289469,I2_1,10000,8873
585314579,I2_1,10000,8088
673000711,I2_1,10000,8661
386221993,I2_2,20000,20286
85375739,I2_1,10000,10123
61029076,I2_2,20000,21852
787151316,I2_1,10000,12809
421814451,I2_1,10000,12170
143194867,I2_1,10000,12760
257037169,I2_2,20000,23368
719350789,I2_2,20000,23340
389516077,I2_2,20000,19176
445585045,I2_2,20000,19661
734598298,I2_2,20000,21281
372000644,I2_1,10000,10751
648543393,I2_1,10000,10287
194164742,I2_1,10000,9746
767102741,I2_2,20000,10873
472506424,I2_1,10000,4853
40741934,I2_1,10000,4322
836538555,I2_2,20000,14587
592323719,I2_1,10000,4733
162792593,I2_2,20000,16061
775263200,I2_2,20000,17140
32076372,I2_2,20000,16457
911235423,I2_1,10000,6908
679540288,I2_2,20000,7683
426651037,I2_2,20000,4577
629621260,I2_1,10000,2969
572397271,I2_1,10000,2907
912013944,I2_1,10000,2575
495145915,I2_1,10000,3241
679016514,I2_2,20000,4729
373633528,I2_1,10000,4065
170999685,I2_2,20000,4467
8480316,I2_1,10000,2910
798543649,I2_1,10000,2622
851530055,I2_2,20000,4717
941263551,I2_2,20000,5629
736685533,I2_2,20000,4549
805482814,I2_1,10000,2758
698872029,I2_2,20000,7600
64619429,I2_1,10000,3559
800363333,I2_1,10000,4211
291871223,I2_1,10000,4021
204086516,I2_2,20000,7287
889139129,I2_1,10000,4434
385495532,I2_2,20000,7206
661968309,I2_1,10000,2998
827041841,I2_1,10000,4149
167177254,I2_1,10000,2585
812908622,I2_1,10000,2693
635385184,I2_2,20000,5083
422895703,I2_1,10000,2792
871326560,I2_2,20000,6472
205194901,I2_1,10000,3693
437104469,I2_2,20000,5568
672832070,I2_1,10000,2946
494489766,I2_2,20000,5157
268445188,I2_1,10000,2675
181081865,I2_1,10000,3017
257167177,I2_1,10000,4236
673885117,I2_2,20000,5356
517767137,I2_1,10000,4645
181040531,I2_1,10000,4037
276141356,I2_1,10000,3550
886643246,I2_2,20000,5261
866875157,I2_2,20000,5661
657948280,I2_2,20000,5972
87245312,I2_1,10000,4159
13888611,I2_1,10000,4098
39602898,I2_2,20000,7473
962135798,I2_1,10000,4572
763641639,I2_1,10000,3955
631535433,I2_2,20000,9617
593229409,I2_2,20000,7820
869398664,I2_2,20000,5557
741015158,I2_1,10000,3766
385207310,I2_2,20000,7033
962509529,I2_1,10000,5417
335712891,I2_2,20000,8063
344510816,I2_2,20000,7936
762792789,I2_1,10000,4885
792035052,I2_2,20000,7337
181917697,I2_1,10000,3176
152103827,I2_1,10000,2712
3158735,I2_1,10000,3061
410313356,I2_2,20000,4833
433448724,I2_2,20000,5246
139892860,I2_1,10000,4503
318708451,I2_2,20000,8005
107256439,I2_1,10000,3499
13104179,I2_1,10000,4005
433389198,I2_1,10000,2694
346741954,I2_2,20000,5247
479040694,I2_2,20000,5166
203171596,I2_2,20000,6401
72652188,I2_2,20000,4871
147523845,I2_2,20000,4954
611821840,I2_2,20000,5203
220152315,I2_1,10000,4568
542159171,I2_1,10000,5092
278872772,I2_1,10000,6258
454667399,I2_1,10000,4639
924365411,I2_2,20000,12004
178080945,I2_2,20000,9932
900484783,I2_1,10000,5840
240809489,I2_2,20000,6760
639447927,I2_2,20000,6725
947561945,I2_1,10000,4327
921575854,I2_2,20000,8290
819879775,I2_1,10000,3446
251455212,I2_1,10000,4778
391176045,I2_2,20000,13054
651140045,I2_1,10000,5455
302806155,I2_1,10000,5333
788818951,I2_2,20000,12355
721631717,I2_1,10000,7004
883754651,I2_1,10000,7550
849952562,I2_1,10000,5453
905430606,I2_1,10000,6068
593100134,I2_2,20000,17338
948461707,I2_1,10000,6051
899247011,I2_2,20000,15624
739308878,I2_1,10000,6963
208499590,I2_2,20000,13316
149681640,I2_1,10000,5383
327391103,I2_1,10000,4832
628040776,I2_2,20000,14130
903298956,I2_1,10000,3590
283536633,I2_2,20000,4655
893900676,I2_1,10000,4016
334677257,I2_2,20000,5476
770361533,I2_2,20000,5004
868618088,I2_1,10000,4328
851800145,I2_1,10000,5882
896543425,I2_1,10000,5448
982858714,I2_2,20000,8737
310102530,I2_2,20000,4660
324850424,I2_1,10000,3988
214975218,I2_1,10000,4084
293334195,I2_1,10000,2512
219476118,I2_2,20000,4659
377069853,I2_2,20000,4552
652654409,I2_1,10000,4029
617412666,I2_2,20000,4669
399164939,I2_2,20000,4927
573190548,I2_1,10000,5383
421069162,I2_1,10000,2780
969530789,I2_1,10000,2677
144850079,I2_2,20000,5057
447615929,I2_1,10000,4544
157170899,I2_1,10000,4079
27805857,I2_2,20000,5610
442334111,I2_2,20000,6604
110829394,I2_1,10000,5410
456639061,I2_1,10000,4839
281991843,I2_2,20000,5721
461862200,I2_2,20000,4577
908801996,I2_2,20000,5582
217437915,I2_1,10000,3801
382804578,I2_1,10000,4879
242446828,I2_1,10000,2413
26917631,I2_1,10000,3007
508114123,I2_2,20000,4652
712333020,I2_1,10000,5194
987967747,I2_2,20000,6541
754784147,I2_1,10000,3573
114235163,I2_1,10000,4239
570755575,I2_2,20000,6532
198775629,I2_1,10000,3661
421431040,I2_1,10000,4257
596729624,I2_2,20000,8651
366280762,I2_2,20000,9584
636223254,I2_2,20000,10484
60292955,I2_2,20000,7796
505447901,I2_1,10000,4963
57363138,I2_1,10000,4063
6172200,I2_2,20000,12257
789940122,I2_1,10000,5732
661373220,I2_1,10000,5658
846690620,I2_2,20000,16830
463440183,I2_1,10000,6679
862917214,I2_1,10000,6215
955821509,I2_2,20000,16783
685803801,I2_1,10000,5898
572651113,I2_1,10000,5485
30223776,I2_2,20000,17635
728297576,I2_1,10000,7597
754277262,I2_2,20000,18147
987271029,I2_2,20000,20781
133838178,I2_1,10000,10746
337872775,I2_2,20000,21142
350160155,I2_1,10000,10023
974374798,I2_2,20000,22090
235018220,I2_1,10000,12660
892910299,I2_2,20000,24738
106219635,I2_2,20000,27299
808604660,I2_2,20000,27839
347542754,I2_1,10000,17425
897815528,I2_1,10000,17951
954492327,I2_2,20000,26653
481510100,I2_1,10000,17126
121024811,I2_2,20000,27743
250938457,I2_2,20000,29076
915062174,I2_1,10000,17571
126741099,I2_1,10000,15572
950558556,I2_1,10000,9781
116755956,I2_2,20000,20452
689256096,I2_2,20000,13436
790176904,I2_2,20000,14509
113850346,I2_1,10000,6351
299042306,I2_2,20000,18172
213411582,I2_2,20000,19180
602818406,I2_2,20000,16397
42101217,I2_2,20000,18533
470398675,I2_2,20000,17327
912812573,I2_2,20000,19395
638199639,I2_1,10000,5274
782140652,I2_2,20000,11621
846705125,I2_2,20000,11596
629716949,I2_2,20000,7865
709870539,I2_1,10000,2569
193888637,I2_2,20000,5742
792440750,I2_2,20000,6841
461556187,I2_2,20000,7710
236325538,I2_1,10000,2685
454418977,I2_2,20000,11697
540426345,I2_2,20000,4541
426667877,I2_1,10000,3424
838399245,I2_1,10000,2594
53212424,I2_2,20000,4807
570212973,I2_1,10000,5027
546211100,I2_1,10000,4411
739173860,I2_2,20000,5929
285239165,I2_1,10000,2869
614026830,I2_1,10000,2687
968409481,I2_1,10000,2549
620870176,I2_1,10000,3574
434579276,I2_1,10000,3478
990288705,I2_2,20000,4667
14745886,I2_1,10000,4056
388007841,I2_2,20000,7899
455757110,I2_1,10000,3761
887414414,I2_2,20000,6269
903595105,I2_2,20000,5571
526983696,I2_1,10000,2945
246553021,I2_1,10000,2558
78378273,I2_2,20000,4774
292615783,I2_1,10000,3890
849269995,I2_1,10000,3071
746596299,I2_1,10000,4162
7880386,I2_2,20000,4557
252872631,I2_2,20000,5881
777421553,I2_1,10000,5127
649327605,I2_1,10000,4120
549922641,I2_2,20000,8308
443362576,I2_1,10000,6447
868286917,I2_1,10000,4321
49947719,I2_1,10000,5955
521280178,I2_2,20000,13578
461125269,I2_2,20000,12851
482870313,I2_1,10000,5258
73794902,I2_1,10000,5285
275910947,I2_2,20000,16054
737499100,I2_2,20000,16321
7659140,I2_2,20000,15346
988940012,I2_2,20000,8992
792589945,I2_2,20000,10464
918379255,I2_1,10000,4372
787748933,I2_1,10000,5417
651879086,I2_2,20000,13732
607780671,I2_1,10000,4685
767219433,I2_1,10000,5203
78377183,I2_2,20000,11678
38200259,I2_2,20000,11898
450599542,I2_2,20000,12753
755260117,I2_2,20000,4723
548047398,I2_1,10000,4021
775132062,I2_2,20000,5551
985387996,I2_1,10000,3840
247667640,I2_2,20000,9385
929776144,I2_2,20000,7689
163721762,I2_2,20000,5471
936165934,I2_1,10000,4955
237725683,I2_1,10000,5172
811319123,I2_1,10000,4902
7723957,I2_1,10000,3819
841912965,I2_2,20000,4991
856427446,I2_2,20000,7668
694891828,I2_1,10000,4398
23720223,I2_2,20000,6415
512043935,I2_1,10000,3715
110146941,I2_1,10000,4826
34014862,I2_1,10000,3869
47051685,I2_1,10000,3477
761111136,I2_1,10000,3004
110820006,I2_2,20000,4526
272116349,I2_1,10000,3459
122984669,I2_1,10000,3453
904555664,I2_2,20000,4742
742775447,I2_2,20000,5747
582644755,I2_1,10000,2947
259878274,I2_2,20000,4513
649627532,I2_1,10000,2982
258696021,I2_1,10000,2427
562377350,I2_1,10000,2499
845551841,I2_1,10000,2555
410007674,I2_2,20000,4481
194074197,I2_2,20000,5172
53424399,I2_1,10000,3473
997365042,I2_2,20000,5289
270998827,I2_2,20000,4592
386493155,I2_1,10000,2973
759457056,I2_2,20000,4581
12025686,I2_1,10000,5089
226756239,I2_1,10000,5593
848187949,I2_2,20000,7739
948229152,I2_1,10000,3229
435107966,I2_1,10000,4775
583344646,I2_2,20000,12379
688029890,I2_1,10000,4829
309937986,I2_2,20000,13888
164453288,I2_2,20000,13930
559007007,I2_2,20000,11697
387057225,I2_2,20000,9502
137390435,I2_2,20000,8873
63417445,I2_2,20000,6736
538566235,I2_1,10000,3690
955712088,I2_2,20000,7072
209319065,I2_1,10000,4724
377320929,I2_2,20000,9180
853306497,I2_2,20000,9397
663672111,I2_1,10000,5254
394262767,I2_2,20000,11173
985161627,I2_2,20000,4573
111785925,I2_2,20000,4616
466070133,I2_2,20000,6567
880879538,I2_2,20000,4883
640396342,I2_1,10000,3663
320373538,I2_1,10000,4195
93238267,I2_1,10000,4837
587024195,I2_2,20000,6230
151169050,I2_1,10000,4559
585893383,I2_2,20000,5747
567714860,I2_2,20000,4711
145980099,I2_1,10000,5313
604612401,I2_2,20000,7295
952176965,I2_1,10000,4516
538997270,I2_1,10000,4408
354413036,I2_2,20000,9417
415915419,I2_2,20000,10737
180305162,I2_2,20000,9021
377339474,I2_1,10000,3105
557903589,I2_1,10000,4370
662091583,I2_1,10000,2758
982310920,I2_2,20000,4951
34849760,I2_1,10000,2557
657508228,I2_2,20000,6300
79890600,I2_2,20000,6225
380181677,I2_1,10000,4613
587701868,I2_1,10000,5109
599624481,I2_1,10000,5796
579149578,I2_2,20000,10167
877036389,I2_1,10000,5596
769797515,I2_1,10000,4916
958663630,I2_2,20000,13974
131910417,I2_1,10000,5488
511580269,I2_2,20000,12627
380529381,I2_2,20000,12145
726640227,I2_1,10000,5163
896956723,I2_2,20000,13948
439578584,I2_1,10000,5653
193168350,I2_1,10000,6221
934398692,I2_1,10000,7389
359078611,I2_1,10000,6784
702077762,I2_2,20000,18294
361050711,I2_2,20000,18066
859305145,I2_2,20000,18016
92588894,I2_1,10000,10130
378954107,I2_1,10000,7858
235945594,I2_2,20000,17244
828534436,I2_1,10000,8472
447314239,I2_2,20000,18186
489303284,I2_1,10000,9539
664755958,I2_2,20000,16863
741657251,I2_2,20000,16418
839885944,I2_2,20000,14245
468687413,I2_2,20000,14270
722926185,I2_1,10000,6958
512307080,I2_1,10000,5335
170301800,I2_2,20000,15329
413360860,I2_1,10000,6244
332752738,I2_1,10000,5662
855267094,I2_2,20000,15348
242480341,I2_2,20000,16397
843735920,I2_1,10000,5275
243741309,I2_2,20000,17647
593411663,I2_2,20000,5688
327361426,I2_1,10000,4596
204444134,I2_2,20000,4755
84038467,I2_1,10000,2982
142496808,I2_1,10000,4068
381672066,I2_2,20000,6267
117558122,I2_1,10000,5627
298854111,I2_1,10000,3930
689585315,I2_2,20000,6570
678119355,I2_2,20000,4531
79441037,I2_1,10000,3863
111629997,I2_1,10000,3069
186371370,I2_1,10000,4082
682618277,I2_1,10000,5162
364731373,I2_1,10000,2931
72949839,I2_2,20000,4569
565094925,I2_1,10000,5057
78893790,I2_1,10000,3442
386885846,I2_2,20000,5199
984499001,I2_1,10000,4563
8483703,I2_2,20000,4820
469800788,I2_2,20000,5188
35817931,I2_1,10000,3732
223069642,I2_2,20000,4494
875543064,I2_1,10000,3893
649245192,I2_2,20000,8333
958653502,I2_2,20000,4475
798960702,I2_1,10000,2855
798439161,I2_1,10000,2578
394963497,I2_1,10000,2471
521098567,I2_1,10000,2649
510289973,I2_1,10000,2863
471000207,I2_1,10000,3499
369407071,I2_1,10000,2617
669752602,I2_1,10000,2918
765389451,I2_1,10000,2622
383554071,I2_2,20000,5000
811722711,I2_1,10000,4012
414820313,I2_2,20000,5908
681858762,I2_2,20000,7581
65268481,I2_1,10000,5207
414268616,I2_1,10000,4681
719340224,I2_2,20000,7336
157932951,I2_1,10000,4468
708518996,I2_2,20000,9370
12728147,I2_2,20000,9524
676229276,I2_2,20000,4699
648350418,I2_1,10000,3017
141733864,I2_2,20000,5335
868733569,I2_1,10000,5076
198269029,I2_2,20000,9239
293522136,I2_2,20000,7386
871809960,I2_1,10000,6794
566074642,I2_1,10000,7368
603830297,I2_2,20000,8250
183369943,I2_1,10000,3882
65366760,I2_2,20000,9485
218738509,I2_2,20000,9434
77624536,I2_1,10000,5460
163675634,I2_2,20000,10945
270792193,I2_2,20000,9737
8047529,I2_2,20000,4756
499163395,I2_2,20000,7447
674455115,I2_2,20000,5959
780989091,I2_1,10000,5971
588319885,I2_1,10000,4272
659782621,I2_2,20000,7609
343364976,I2_1,10000,3895
898537088,I2_1,10000,4070
850304088,I2_2,20000,6174
54304412,I2_1,10000,3990
301645786,I2_2,20000,4657
996217607,I2_1,10000,3108
471395352,I2_2,20000,5189
509045438,I2_2,20000,6148
199905492,I2_1,10000,3598
947832788,I2_2,20000,5454
261767024,I2_1,10000,3645
141350115,I2_1,10000,2722
660459229,I2_1,10000,3379
353748741,I2_1,10000,4547
501827965,I2_2,20000,7756
329508898,I2_1,10000,6726
301114131,I2_1,10000,6094
497154847,I2_1,10000,6622
191990434,I2_2,20000,9872
333766887,I2_1,10000,5468
109284227,I2_1,10000,6011
366990278,I2_2,20000,10398
307969203,I2_1,10000,6123
614725726,I2_1,10000,3302
720428341,I2_2,20000,13690
422524332,I2_2,20000,15384
867919159,I2_2,20000,12081
539794180,I2_1,10000,5863
753762842,I2_1,10000,5377
633319844,I2_2,20000,12291
676634968,I2_2,20000,13357
172292626,I2_2,20000,14310
440641879,I2_1,10000,6207
992576648,I2_2,20000,11588
890044548,I2_2,20000,11710
202113506,I2_1,10000,4807
327332310,I2_1,10000,5361
228812957,I2_2,20000,14161
920384712,I2_1,10000,4257
491103215,I2_2,20000,9473
339180243,I2_2,20000,10070
628443773,I2_1,10000,4239
113780180,I2_2,20000,12780
452399472,I2_2,20000,10629
374887145,I2_2,20000,8061
482517485,I2_1,10000,4301
418677168,I2_2,20000,9628
47980694,I2_2,20000,6590
448122696,I2_2,20000,7102
285805184,I2_1,10000,3812
43617736,I2_1,10000,3003
947729797,I2_2,20000,5102
247924431,I2_2,20000,5503
733945622,I2_1,10000,3800
130111470,I2_1,10000,4677
375554219,I2_2,20000,6706
997584226,I2_1,10000,4885
879180796,I2_1,10000,4204
216389993,I2_2,20000,10418
682315857,I2_1,10000,5322
439325260,I2_2,20000,10699
928845612,I2_2,20000,12856
256206985,I2_2,20000,11418
173891517,I2_2,20000,6791
249301040,I2_1,10000,3979
671199610,I2_2,20000,6027
178315305,I2_2,20000,5535
252879308,I2_1,10000,2497
986493548,I2_2,20000,4531
844605015,I2_2,20000,4670
13822512,I2_2,20000,6058
198824492,I2_2,20000,4489
8607915,I2_1,10000,6111
66402069,I2_1,10000,4505
264882137,I2_2,20000,5290
515063153,I2_1,10000,4283
561109924,I2_2,20000,6505
386783102,I2_1,10000,2576
31808729,I2_1,10000,2665
509907662,I2_2,20000,5555
719527515,I2_1,10000,2607
380884418,I2_1,10000,2807
481426486,I2_1,10000,3271
750544535,I2_2,20000,4540
848003509,I2_2,20000,5510
214525692,I2_1,10000,3389
41632362,I2_1,10000,4304
675637353,I2_1,10000,4319
760035271,I2_2,20000,7109
390560505,I2_1,10000,3861
501042042,I2_1,10000,4380
995870631,I2_1,10000,3506
631161369,I2_1,10000,2894
192913266,I2_2,20000,6205
323637636,I2_1,10000,4351
690997010,I2_2,20000,4669
230476068,I2_2,20000,4600
971037092,I2_2,20000,5722
669997526,I2_1,10000,3837
789560581,I2_1,10000,2864
727521093,I2_1,10000,3932
554781970,I2_2,20000,4594
203316921,I2_1,10000,2472
318163113,I2_2,20000,4717
886565555,I2_2,20000,5769
299231596,I2_2,20000,4761
408187953,I2_2,20000,4611
307994277,I2_2,20000,5201
391312265,I2_1,10000,4493
20250058,I2_2,20000,5428
853892443,I2_2,20000,6358
491472196,I2_1,10000,3829
990458461,I2_2,20000,6192
25222155,I2_2,20000,4569
486182355,I2_1,10000,2510
541715274,I2_1,10000,2780
343191894,I2_1,10000,2602
61858629,I2_1,10000,3629
357324660,I2_2,20000,5491
71223725,I2_2,20000,6258
416046632,I2_1,10000,3405
185741168,I2_1,10000,4457
253783605,I2_1,10000,2741
328722594,I2_1,10000,3795
52995181,I2_1,10000,2621
808538905,I2_1,10000,3219
284272020,I2_2,20000,5522
794068765,I2_1,10000,4601
907251048,I2_2,20000,6190
295977232,I2_2,20000,4763
726355033,I2_2,20000,5055
681323107,I2_1,10000,2806
906415244,I2_2,20000,4665
862017239,I2_2,20000,4779
595364660,I2_1,10000,3078
539015452,I2_2,20000,7762
127936280,I2_1,10000,4257
187894636,I2_2,20000,5184
43794754,I2_2,20000,7524
842258464,I2_2,20000,8584
162214393,I2_1,10000,3039
843014981,I2_1,10000,4148
353951436,I2_1,10000,4641
117649917,I2_2,20000,7542
56849100,I2_1,10000,5267
579209556,I2_1,10000,2711
561664931,I2_1,10000,2930
919728616,I2_2,20000,4807
680574386,I2_1,10000,3007
925440988,I2_2,20000,7652
660131180,I2_2,20000,4739
726767391,I2_2,20000,5735
981892699,I2_2,20000,4760
974729221,I2_2,20000,6880
986415334,I2_1,10000,2659
578315322,I2_1,10000,3851
494595289,I2_1,10000,5092
952793687,I2_1,10000,2720
193038110,I2_1,10000,2776
582315241,I2_2,20000,5431
290083552,I2_1,10000,6026
214889029,I2_1,10000,6566
702701377,I2_1,10000,4427
509456213,I2_2,20000,8075
259782394,I2_1,10000,6426
150774043,I2_1,10000,4135
187507700,I2_2,20000,7522
498534880,I2_2,20000,9237
615405770,I2_2,20000,9520
942396278,I2_1,10000,3116
877382751,I2_2,20000,4824
711741723,I2_1,10000,3651
337529843,I2_2,20000,6902
367440426,I2_2,20000,6059
102283043,I2_1,10000,4763
722352902,I2_1,10000,2847
702114528,I2_2,20000,4816
329856715,I2_1,10000,4188
310948284,I2_2,20000,5832
981923082,I2_2,20000,7007
578349293,I2_1,10000,4061
166897772,I2_2,20000,9607
280213893,I2_2,20000,9359
452103149,I2_2,20000,11488
220893082,I2_1,10000,6088
585301102,I2_2,20000,8326
241204742,I2_1,10000,3628
339848906,I2_1,10000,4594
265364133,I2_2,20000,14412
566212084,I2_1,10000,5176
829410599,I2_2,20000,15593
206110505,I2_2,20000,15855
412219680,I2_1,10000,5776
863300177,I2_2,20000,8262
329981379,I2_2,20000,9413
659732345,I2_2,20000,8665
930228465,I2_1,10000,5539
214016598,I2_2,20000,6782
866085946,I2_1,10000,4433
953864798,I2_2,20000,5508
358995504,I2_2,20000,5268
908650662,I2_1,10000,3098
889602242,I2_1,10000,3627
47269712,I2_2,20000,6210
121628192,I2_1,10000,5667
191222315,I2_1,10000,4387
252071149,I2_2,20000,10860
223338260,I2_2,20000,11381
711722276,I2_1,10000,4637
864413433,I2_1,10000,5442
395569052,I2_1,10000,4990
92075674,I2_2,20000,4733
682442616,I2_2,20000,5393
287269530,I2_2,20000,4726
259810458,I2_1,10000,3101
543984370,I2_2,20000,4850
387623111,I2_1,10000,4261
693367018,I2_2,20000,6046
86309557,I2_1,10000,4484
837903178,I2_1,10000,3063
450128521,I2_2,20000,4780
478483024,I2_1,10000,3307
575640059,I2_1,10000,4501
234181147,I2_1,10000,3648
787215249,I2_1,10000,3030
329028003,I2_2,20000,6360
227720904,I2_1,10000,4548
223192324,I2_1,10000,2679
338760555,I2_2,20000,4910
434386589,I2_2,20000,5145
431747426,I2_2,20000,5269
648657401,I2_1,10000,4614
338128878,I2_1,10000,4033
783091921,I2_1,10000,5699
209450552,I2_2,20000,5630
382720218,I2_1,10000,3932
92000035,I2_2,20000,6523
842153892,I2_2,20000,7047
726086684,I2_2,20000,5775
263178801,I2_2,20000,7978
439815177,I2_2,20000,7544
655765798,I2_2,20000,8664
634435936,I2_2,20000,9652
949077735,I2_1,10000,4872
872942999,I2_1,10000,6129
904160693,I2_1,10000,5260
102586716,I2_1,10000,4589
490210867,I2_2,20000,16956
661410014,I2_1,10000,6194
603213332,I2_1,10000,5569
461080050,I2_1,10000,7108
771630129,I2_2,20000,18699
174220433,I2_1,10000,8089
948871446,I2_2,20000,21191
815109116,I2_1,10000,10629
480859219,I2_2,20000,20601
192075067,I2_2,20000,21646
278660573,I2_2,20000,20368
590154495,I2_2,20000,18439
788492071,I2_1,10000,8906
318700139,I2_2,20000,21128
352506614,I2_2,20000,21112
263983903,I2_2,20000,21653
799950418,I2_1,10000,10628
38068390,I2_2,20000,21050
148052957,I2_2,20000,22061
801437407,I2_1,10000,11589
877436881,I2_2,20000,24792
122922198,I2_1,10000,14173
800610237,I2_1,10000,12670
412556174,I2_2,20000,22180
144291723,I2_2,20000,21095
474768327,I2_2,20000,18488
905502700,I2_2,20000,16809
296060364,I2_2,20000,17479
231497408,I2_2,20000,18008
854312135,I2_1,10000,8522
938317839,I2_2,20000,18981
993281634,I2_1,10000,7995
476582888,I2_1,10000,7470
438017941,I2_2,20000,17917
759426530,I2_2,20000,16015
133734364,I2_2,20000,16864
195782359,I2_1,10000,5848
437184687,I2_2,20000,17467
817590978,I2_1,10000,8483
959377667,I2_2,20000,19512
533032557,I2_2,20000,21713
149073619,I2_1,10000,9438
793641952,I2_2,20000,20567
408269680,I2_2,20000,15310
618839552,I2_2,20000,17135
760309235,I2_1,10000,7649
10675595,I2_1,10000,6048
856227565,I2_1,10000,3953
545724238,I2_2,20000,6777
299885715,I2_2,20000,5495
967256273,I2_2,20000,4462
750917889,I2_1,10000,2514
554999409,I2_2,20000,4732
740002398,I2_2,20000,5581
490790507,I2_1,10000,3649
961082059,I2_2,20000,6766
796125219,I2_2,20000,5550
275398280,I2_2,20000,6900
459806969,I2_2,20000,6549
27513862,I2_1,10000,3496
770387353,I2_1,10000,3129
21638303,I2_2,20000,4600
38626152,I2_1,10000,3311
170369853,I2_1,10000,2552
656162579,I2_2,20000,5110
792760512,I2_2,20000,5133
512583399,I2_2,20000,4858
727437090,I2_1,10000,5386
452385416,I2_1,10000,4282
696748256,I2_2,20000,6228
589492194,I2_2,20000,8039
726349393,I2_2,20000,7732
404684132,I2_1,10000,3314
632432453,I2_1,10000,3934
994614184,I2_1,10000,2924
295666591,I2_2,20000,5127
640588841,I2_1,10000,4541
694744298,I2_2,20000,5957
672525713,I2_1,10000,2883
239107233,I2_1,10000,3810
656102600,I2_2,20000,6212
559688100,I2_1,10000,5368
58231322,I2_1,10000,4703
359346761,I2_2,20000,5247
324336114,I2_1,10000,4659
807320450,I2_1,10000,4579
763699403,I2_2,20000,5755
260654722,I2_1,10000,5180
120837095,I2_1,10000,3147
207533095,I2_2,20000,5770
305580559,I2_2,20000,4517
1381015,I2_1,10000,4945
329651821,I2_2,20000,7546
908631833,I2_1,10000,5973
7608567,I2_2,20000,6420
216284255,I2_1,10000,4344
761577475,I2_2,20000,8642
419661764,I2_2,20000,9165
339961632,I2_2,20000,7126
540367969,I2_1,10000,4536
229936366,I2_2,20000,5988
722317979,I2_1,10000,3857
325744134,I2_2,20000,6717
690560681,I2_2,20000,5074
703876487,I2_1,10000,3467
241364670,I2_2,20000,5452
658617219,I2_2,20000,5867
426541826,I2_1,10000,2993
529451693,I2_1,10000,3386
670067782,I2_2,20000,6626
572976756,I2_1,10000,5437
970018223,I2_1,10000,3179
949085205,I2_2,20000,9691
741300715,I2_2,20000,7953
119033281,I2_1,10000,4118
850228206,I2_2,20000,11645
426528001,I2_2,20000,12226
438667188,I2_2,20000,12220
570313201,I2_1,10000,4319
273183126,I2_2,20000,14705
974146077,I2_1,10000,4310
367656856,I2_1,10000,4900
339983287,I2_2,20000,10785
555872229,I2_1,10000,3850
302238410,I2_1,10000,4914
42798629,I2_2,20000,12966
427042198,I2_1,10000,4883
585672174,I2_1,10000,5355
361353460,I2_1,10000,5259
990224694,I2_2,20000,13057
227984465,I2_1,10000,6933
293467322,I2_1,10000,4931
760700930,I2_2,20000,15475
511248079,I2_1,10000,4296
69925809,I2_2,20000,16119
858556457,I2_2,20000,17040
266173590,I2_2,20000,19089
495422205,I2_2,20000,17601
774132314,I2_2,20000,19069
90717935,I2_2,20000,11599
723661854,I2_1,10000,4820
566427000,I2_1,10000,4901
448815910,I2_1,10000,3785
992475314,I2_2,20000,16711
51381123,I2_2,20000,11311
168494708,I2_2,20000,12321
139607250,I2_2,20000,5323
135693161,I2_2,20000,7366
926955270,I2_2,20000,4657
616497514,I2_1,10000,2810
371978942,I2_2,20000,5546
68848131,I2_2,20000,5015
136652578,I2_2,20000,4591
490061444,I2_1,10000,5149
757774976,I2_2,20000,4596
495791259,I2_1,10000,2632
39659251,I2_1,10000,3018
73843721,I2_1,10000,4091
937753146,I2_2,20000,5243
121026156,I2_1,10000,5698
324767288,I2_1,10000,5108
747482728,I2_2,20000,6228
834767836,I2_2,20000,7094
487264984,I2_1,10000,4315
71265294,I2_1,10000,5375
191347421,I2_1,10000,2645
259988698,I2_1,10000,3775
122091389,I2_1,10000,2726
693480468,I2_2,20000,4693
831705145,I2_1,10000,4095
529151285,I2_2,20000,6370
854855333,I2_1,10000,5110
790289900,I2_1,10000,3678
647666069,I2_2,20000,7907
816555281,I2_1,10000,3208
230969906,I2_1,10000,2624
57742249,I2_2,20000,5544
374762147,I2_1,10000,3612
70808537,I2_2,20000,5654
181824347,I2_1,10000,2632
143438943,I2_1,10000,5615
96792576,I2_2,20000,6764
67816785,I2_2,20000,6669
792601577,I2_2,20000,7636
907248482,I2_2,20000,7451
769807169,I2_2,20000,7472
625452217,I2_1,10000,2705
396495983,I2_1,10000,3031
278919693,I2_2,20000,6244
40214552,I2_1,10000,4181
35610392,I2_1,10000,3246
244218934,I2_2,20000,7295
596990479,I2_2,20000,4736
995578766,I2_2,20000,5842
462581693,I2_1,10000,3849
505672802,I2_2,20000,5271
86129984,I2_2,20000,6408
418455690,I2_1,10000,2753
565217120,I2_2,20000,4860
685162484,I2_1,10000,4110
836671787,I2_1,10000,5815
95591480,I2_2,20000,5036
199608836,I2_1,10000,4009
131238738,I2_2,20000,5758
697289053,I2_2,20000,4684
698186899,I2_2,20000,5827
301143064,I2_2,20000,5200
522644304,I2_2,20000,6161
566436259,I2_1,10000,5493
631327748,I2_2,20000,7838
634275646,I2_2,20000,7772
275359832,I2_2,20000,5633
975612918,I2_2,20000,7608
484652434,I2_2,20000,6787
633606434,I2_2,20000,4786
