end_to_end,18587
service,539
end_to_end,15229
service,1579
end_to_end,20073
service,648
end_to_end,23468
service,28
end_to_end,5271
service,300
end_to_end,27826
service,670
end_to_end,10044
service,759
end_to_end,25547
service,2290
end_to_end,30639
service,414
end_to_end,14930
service,1184
end_to_end,29913
service,2503
end_to_end,14732
service,1563
end_to_end,51478
service,5509
end_to_end,32763
service,3003
end_to_end,13799
service,1
end_to_end,12290
service,666
end_to_end,11938
service,5018
end_to_end,19228
service,1124
end_to_end,14219
service,909
end_to_end,18580
service,7996
end_to_end,6182
service,103
end_to_end,24174
service,2331
end_to_end,14245
service,245
end_to_end,19345
service,1196
end_to_end,15833
service,247
end_to_end,23935
service,167
end_to_end,18141
service,313
end_to_end,11652
service,1956
end_to_end,19975
service,874
end_to_end,16664
service,3527
end_to_end,14647
service,213
end_to_end,28023
service,5945
end_to_end,13485
service,1
end_to_end,19045
service,12
end_to_end,21797
service,95
end_to_end,16041
service,1676
end_to_end,28913
service,3890
end_to_end,20752
service,10354
end_to_end,41662
service,4638
end_to_end,36614
service,7753
end_to_end,15426
service,189
end_to_end,23790
service,238
end_to_end,26064
service,383
end_to_end,21783
service,278
end_to_end,17578
service,49
end_to_end,37634
service,8748
end_to_end,21895
service,3398
end_to_end,26365
service,2901
end_to_end,15692
service,365
end_to_end,29925
service,3386
end_to_end,36731
service,20
end_to_end,14849
service,1323
end_to_end,11003
service,494
end_to_end,16374
service,3761
end_to_end,11819
service,904
end_to_end,31806
service,2693
end_to_end,14671
service,3118
end_to_end,29684
service,8486
end_to_end,29380
service,2779
end_to_end,20054
service,6008
end_to_end,8776
service,1725
end_to_end,20944
service,5889
end_to_end,39173
service,7105
end_to_end,14062
service,3843
end_to_end,35169
service,2465
end_to_end,4716
service,731
end_to_end,26416
service,3044
end_to_end,29245
service,496
end_to_end,7768
service,249
end_to_end,19185
service,3319
end_to_end,15337
service,322
end_to_end,17007
service,1
end_to_end,17810
service,7562
end_to_end,16851
service,245
end_to_end,26843
service,6
end_to_end,17443
service,766
end_to_end,26363
service,1352
end_to_end,10137
service,269
end_to_end,27728
service,465
end_to_end,10053
service,762
end_to_end,5896
service,10
end_to_end,38298
service,2846
end_to_end,42892
service,13601
end_to_end,15074
service,627
end_to_end,29504
service,92
end_to_end,30412
service,1160
end_to_end,34575
service,4686
end_to_end,24166
service,1953
end_to_end,28153
service,3813
end_to_end,13883
service,3696
end_to_end,14529
service,2296
end_to_end,34395
service,92
end_to_end,23823
service,80
end_to_end,19647
service,1876
end_to_end,30757
service,4715
end_to_end,39018
service,86
end_to_end,21000
service,4026
end_to_end,21672
service,666
end_to_end,13276
service,674
end_to_end,16824
service,547
end_to_end,17404
service,414
end_to_end,6734
service,219
end_to_end,45255
service,18861
end_to_end,14725
service,879
end_to_end,11019
service,844
end_to_end,37352
service,13
end_to_end,14866
service,7867
end_to_end,18166
service,239
end_to_end,12682
service,266
end_to_end,23580
service,8
end_to_end,28914
service,11145
end_to_end,39331
service,6639
end_to_end,22194
service,1387
end_to_end,30732
service,1661
end_to_end,29837
service,2223
end_to_end,34192
service,8399
end_to_end,16093
service,28
end_to_end,18156
service,465
end_to_end,23123
service,1259
end_to_end,27728
service,1091
end_to_end,32760
service,1533
end_to_end,10061
service,6090
end_to_end,28274
service,6976
end_to_end,32294
service,11148
end_to_end,23489
service,314
end_to_end,28727
service,6613
end_to_end,12543
service,3184
end_to_end,20535
service,518
end_to_end,11588
service,781
end_to_end,15901
service,16
end_to_end,8720
service,941
end_to_end,8267
service,3460
end_to_end,7341
service,383
end_to_end,16637
service,1362
end_to_end,27001
service,6582
end_to_end,20732
service,5908
end_to_end,15338
service,5132
end_to_end,8110
service,872
end_to_end,24050
service,99
end_to_end,13596
service,119
end_to_end,26221
service,101
end_to_end,14226
service,1915
end_to_end,9447
service,187
end_to_end,29956
service,5466
end_to_end,25734
service,2302
end_to_end,12129
service,323
end_to_end,13827
service,149
end_to_end,9513
service,846
end_to_end,21742
service,4
end_to_end,25702
service,605
end_to_end,10490
service,186
end_to_end,17185
service,7021
end_to_end,33491
service,1062
end_to_end,7933
service,15
end_to_end,35097
service,711
end_to_end,44427
service,2591
end_to_end,27741
service,7388
end_to_end,20183
service,1573
end_to_end,16297
service,1230
end_to_end,17522
service,3598
end_to_end,28463
service,4034
end_to_end,12301
service,18
end_to_end,11054
service,2
end_to_end,31340
service,839
end_to_end,35030
service,3999
end_to_end,10260
service,1712
end_to_end,12368
service,119
end_to_end,14910
service,922
end_to_end,28522
service,9497
end_to_end,52453
service,10313
end_to_end,26144
service,3
end_to_end,20199
service,401
end_to_end,19124
service,3103
end_to_end,20837
service,48
end_to_end,26413
service,2011
end_to_end,18766
service,1
end_to_end,37552
service,1862
end_to_end,38656
service,2206
end_to_end,8922
service,1034
end_to_end,26305
service,343
end_to_end,16495
service,0
end_to_end,39573
service,2912
end_to_end,50820
service,6
end_to_end,44456
service,5287
end_to_end,29341
service,2328
end_to_end,48973
service,6278
end_to_end,19709
service,9431
end_to_end,25838
service,0
end_to_end,14833
service,678
end_to_end,15517
service,2894
end_to_end,13462
service,0
end_to_end,16723
service,1976
end_to_end,12824
service,4465
end_to_end,15063
service,178
end_to_end,14651
service,2991
end_to_end,9522
service,35
end_to_end,14357
service,465
end_to_end,8338
service,76
end_to_end,27907
service,1346
end_to_end,29764
service,7132
end_to_end,19804
service,3225
end_to_end,23918
service,632
end_to_end,15740
service,2048
end_to_end,20867
service,1
end_to_end,19209
service,9332
end_to_end,32032
service,215
end_to_end,24670
service,1037
end_to_end,18163
service,1654
end_to_end,15954
service,2926
end_to_end,26226
service,343
end_to_end,25837
service,2175
end_to_end,16181
service,16
end_to_end,13325
service,1980
end_to_end,24996
service,2435
end_to_end,16283
service,1127
end_to_end,20397
service,3480
end_to_end,9789
service,266
end_to_end,49696
service,302
end_to_end,24637
service,4
end_to_end,20961
service,174
end_to_end,23532
service,4541
end_to_end,34817
service,228
end_to_end,11425
service,1792
end_to_end,21885
service,91
end_to_end,18437
service,396
end_to_end,15762
service,1494
end_to_end,25422
service,728
end_to_end,17571
service,5301
end_to_end,15241
service,3789
end_to_end,35612
service,1
end_to_end,20635
service,92
end_to_end,11446
service,653
end_to_end,12210
service,232
end_to_end,17797
service,4369
end_to_end,18668
service,892
end_to_end,23201
service,5153
end_to_end,16402
service,93
end_to_end,30829
service,4204
end_to_end,40298
service,9944
end_to_end,23207
service,32
end_to_end,23487
service,101
end_to_end,12396
service,49
end_to_end,15144
service,476
end_to_end,16499
service,1886
end_to_end,21081
service,606
end_to_end,10866
service,3129
end_to_end,16041
service,62
end_to_end,15754
service,580
end_to_end,26175
service,1498
end_to_end,27644
service,11659
end_to_end,43963
service,9
end_to_end,39450
service,538
end_to_end,5284
service,203
end_to_end,33044
service,6456
end_to_end,10422
service,404
end_to_end,15674
service,3506
end_to_end,25253
service,1695
end_to_end,23767
service,992
end_to_end,8213
service,21
end_to_end,12466
service,835
end_to_end,18949
service,19
end_to_end,18732
service,110
end_to_end,30633
service,1694
end_to_end,46737
service,3934
end_to_end,5480
service,424
end_to_end,16419
service,37
end_to_end,21502
service,7702
end_to_end,31604
service,3418
end_to_end,36387
service,6325
end_to_end,40240
service,1316
end_to_end,37915
service,2498
end_to_end,21983
service,56
end_to_end,21128
service,2259
end_to_end,41305
service,8476
end_to_end,23145
service,3094
end_to_end,11439
service,325
end_to_end,18930
service,2096
end_to_end,29112
service,7
end_to_end,61255
service,26
end_to_end,12181
service,84
end_to_end,47359
service,2228
end_to_end,22769
service,9581
end_to_end,23669
service,6937
end_to_end,42119
service,322
end_to_end,28927
service,1785
end_to_end,11307
service,282
end_to_end,26221
service,11223
end_to_end,37309
service,26
end_to_end,17083
service,1353
end_to_end,22631
service,156
end_to_end,10802
service,345
end_to_end,9776
service,1181
end_to_end,11566
service,935
end_to_end,20355
service,2609
end_to_end,17348
service,1726
end_to_end,32888
service,688
end_to_end,26968
service,3596
end_to_end,26003
service,742
end_to_end,32924
service,465
end_to_end,26540
service,1934
end_to_end,11951
service,112
end_to_end,14622
service,500
end_to_end,14828
service,200
end_to_end,27362
service,2749
end_to_end,30899
service,108
end_to_end,18880
service,29
end_to_end,29486
service,4782
end_to_end,27836
service,3410
end_to_end,11822
service,404
end_to_end,9357
service,13
end_to_end,21362
service,2465
end_to_end,26828
service,2307
end_to_end,18450
service,961
end_to_end,17743
service,1
end_to_end,28348
service,497
end_to_end,37089
service,146
end_to_end,9013
service,86
end_to_end,21473
service,1659
end_to_end,33019
service,476
end_to_end,27484
service,1980
end_to_end,33010
service,284
end_to_end,7226
service,611
end_to_end,7774
service,168
end_to_end,23596
service,170
end_to_end,13489
service,3112
end_to_end,10035
service,96
end_to_end,13769
service,3338
end_to_end,22769
service,359
end_to_end,13516
service,320
end_to_end,22644
service,121
end_to_end,19758
service,2
end_to_end,41165
service,2395
end_to_end,20233
service,559
end_to_end,18324
service,2282
end_to_end,24932
service,1363
end_to_end,35017
service,1211
end_to_end,34895
service,1587
end_to_end,34657
service,1322
end_to_end,19242
service,199
end_to_end,39591
service,129
end_to_end,15110
service,1959
end_to_end,10473
service,1480
end_to_end,23032
service,2364
end_to_end,24696
service,3398
end_to_end,8551
service,47
end_to_end,18515
service,132
end_to_end,12289
service,58
end_to_end,28094
service,11403
end_to_end,17317
service,81
end_to_end,9827
service,3537
end_to_end,17709
service,11
end_to_end,19846
service,2567
end_to_end,26698
service,1
end_to_end,25818
service,351
end_to_end,29409
service,14
end_to_end,25822
service,4512
end_to_end,25114
service,6
end_to_end,21171
service,1962
end_to_end,6822
service,1132
end_to_end,40658
service,4306
end_to_end,8229
service,1169
end_to_end,11533
service,481
end_to_end,10516
service,85
end_to_end,22731
service,4525
end_to_end,22337
service,163
end_to_end,14161
service,106
end_to_end,14755
service,178
end_to_end,10931
service,2509
end_to_end,17761
service,696
end_to_end,18675
service,2581
end_to_end,30017
service,5455
end_to_end,9289
service,86
end_to_end,27854
service,676
end_to_end,23716
service,7
end_to_end,14404
service,70
end_to_end,13249
service,135
end_to_end,27946
service,4246
end_to_end,31093
service,255
end_to_end,22380
service,2293
end_to_end,25066
service,2728
end_to_end,25467
service,1537
end_to_end,25381
service,10946
end_to_end,9897
service,1292
end_to_end,34370
service,4925
end_to_end,18409
service,5086
end_to_end,22124
service,13
end_to_end,18697
service,1387
end_to_end,29900
service,151
end_to_end,25785
service,1317
end_to_end,20161
service,660
end_to_end,15685
service,1937
end_to_end,9969
service,89
end_to_end,11679
service,107
end_to_end,15288
service,1799
end_to_end,16424
service,24
end_to_end,28982
service,478
end_to_end,19469
service,766
end_to_end,12606
service,257
end_to_end,15216
service,1108
end_to_end,46977
service,272
end_to_end,34397
service,8186
end_to_end,31895
service,1557
end_to_end,23220
service,3
end_to_end,26130
service,2695
end_to_end,39276
service,11
end_to_end,16869
service,3133
end_to_end,20620
service,2048
end_to_end,17940
service,1014
end_to_end,29389
service,983
end_to_end,26855
service,239
end_to_end,18361
service,2165
end_to_end,17578
service,123
end_to_end,14752
service,333
end_to_end,17019
service,485
end_to_end,34144
service,39
end_to_end,16915
service,175
end_to_end,24218
service,686
end_to_end,16890
service,2409
end_to_end,33428
service,8451
end_to_end,11087
service,21
end_to_end,37082
service,817
end_to_end,14441
service,1618
end_to_end,20665
service,1387
end_to_end,11646
service,172
end_to_end,15562
service,49
end_to_end,35733
service,2521
end_to_end,11518
service,3307
end_to_end,33615
service,2207
end_to_end,30305
service,1281
end_to_end,9499
service,304
end_to_end,22071
service,2382
end_to_end,15789
service,356
end_to_end,38006
service,112
end_to_end,32035
service,408
end_to_end,24576
service,3151
end_to_end,11402
service,122
end_to_end,28619
service,2285
end_to_end,32264
service,39
end_to_end,29729
service,3151
end_to_end,7487
service,788
end_to_end,21961
service,5650
end_to_end,50020
service,5212
end_to_end,15919
service,224
end_to_end,21558
service,4214
end_to_end,10405
service,1392
end_to_end,17924
service,804
end_to_end,10055
service,3092
end_to_end,9736
service,79
end_to_end,24469
service,7863
end_to_end,11508
service,36
end_to_end,24343
service,18
end_to_end,24781
service,3147
end_to_end,24974
service,7271
end_to_end,25701
service,5742
end_to_end,16455
service,1174
end_to_end,19085
service,254
end_to_end,26279
service,12460
end_to_end,29795
service,376
end_to_end,29244
service,1301
end_to_end,19848
service,1019
end_to_end,25885
service,2019
end_to_end,58356
service,10617
end_to_end,47143
service,8414
end_to_end,22376
service,146
end_to_end,31563
service,173
end_to_end,46687
service,0
end_to_end,46100
service,342
end_to_end,28327
service,433
end_to_end,26233
service,510
end_to_end,10426
service,64
end_to_end,14221
service,219
end_to_end,16755
service,443
end_to_end,21143
service,8381
end_to_end,14793
service,428
end_to_end,27889
service,208
end_to_end,33518
service,6594
end_to_end,34135
service,2674
end_to_end,23279
service,7831
end_to_end,7264
service,95
end_to_end,24506
service,1983
end_to_end,27482
service,4204
end_to_end,16076
service,4725
end_to_end,19419
service,3224
end_to_end,13151
service,520
end_to_end,15436
service,3220
end_to_end,38528
service,4787
end_to_end,11422
service,1630
end_to_end,20425
service,4169
end_to_end,23262
service,17
end_to_end,35812
service,7
end_to_end,38600
service,588
end_to_end,41214
service,2354
end_to_end,54528
service,2
end_to_end,34631
service,4589
end_to_end,25089
service,816
end_to_end,38369
service,1319
end_to_end,32559
service,486
end_to_end,12136
service,591
end_to_end,44687
service,560
end_to_end,17295
service,859
end_to_end,7297
service,511
end_to_end,26117
service,1309
end_to_end,23481
service,254
end_to_end,11972
service,837
end_to_end,14081
service,1193
end_to_end,17451
service,220
end_to_end,17803
service,192
end_to_end,9924
service,204
end_to_end,14237
service,67
end_to_end,24000
service,689
end_to_end,16364
service,68
end_to_end,20500
service,1508
end_to_end,20592
service,839
end_to_end,12087
service,2348
end_to_end,21834
service,23
end_to_end,27874
service,3811
end_to_end,22787
service,32
end_to_end,24848
service,2484
end_to_end,35820
service,521
end_to_end,20239
service,3302
end_to_end,32349
service,4403
end_to_end,17920
service,960
end_to_end,34594
service,5088
end_to_end,17977
service,561
end_to_end,20965
service,3070
end_to_end,27317
service,874
end_to_end,20191
service,6996
end_to_end,47961
service,1652
end_to_end,16340
service,177
end_to_end,28487
service,1591
end_to_end,25565
service,1756
end_to_end,23111
service,1949
end_to_end,21400
service,12886
end_to_end,20202
service,890
end_to_end,22745
service,5662
end_to_end,24822
service,1016
end_to_end,12262
service,2333
end_to_end,35812
service,1213
end_to_end,17929
service,2778
end_to_end,28030
service,2982
end_to_end,35024
service,9774
end_to_end,33638
service,6792
end_to_end,20073
service,4337
end_to_end,20020
service,6045
end_to_end,22971
service,5239
end_to_end,34304
service,1941
end_to_end,49229
service,169
end_to_end,14744
service,1508
end_to_end,24313
service,18
end_to_end,34712
service,1937
end_to_end,14522
service,929
end_to_end,34276
service,1924
end_to_end,20863
service,93
end_to_end,28519
service,1655
end_to_end,14676
service,2980
end_to_end,32591
service,694
end_to_end,27037
service,2438
end_to_end,14829
service,73
end_to_end,10380
service,299
end_to_end,22893
service,228
end_to_end,17106
service,1796
end_to_end,30895
service,1402
end_to_end,23055
service,1937
end_to_end,15081
service,6295
end_to_end,7572
service,6
end_to_end,3723
service,247
end_to_end,8270
service,74
end_to_end,19251
service,2350
end_to_end,24546
service,5
end_to_end,19550
service,716
end_to_end,10731
service,2994
end_to_end,40785
service,511
end_to_end,24691
service,4678
end_to_end,9039
service,10
end_to_end,38040
service,959
end_to_end,35987
service,2864
end_to_end,10614
service,124
end_to_end,3249
service,1705
end_to_end,19307
service,1864
end_to_end,22955
service,315
end_to_end,10957
service,65
end_to_end,15797
service,685
end_to_end,38122
service,463
end_to_end,27433
service,3392
end_to_end,19353
service,6457
end_to_end,25454
service,808
end_to_end,24097
service,161
end_to_end,24855
service,999
end_to_end,25055
service,4061
end_to_end,27563
service,1838
end_to_end,26688
service,104
end_to_end,19178
service,319
end_to_end,15327
service,670
end_to_end,8458
service,1
end_to_end,14140
service,3957
end_to_end,10006
service,839
end_to_end,31914
service,16008
end_to_end,18871
service,3131
end_to_end,20682
service,159
end_to_end,29921
service,10555
end_to_end,30161
service,4873
end_to_end,26588
service,2484
end_to_end,8796
service,36
end_to_end,16286
service,1167
end_to_end,32541
service,2687
end_to_end,24058
service,8764
end_to_end,26165
service,41
end_to_end,44897
service,1698
end_to_end,14447
service,5861
end_to_end,13392
service,636
end_to_end,52458
service,179
end_to_end,30213
service,5002
end_to_end,44325
service,1279
end_to_end,40353
service,92
end_to_end,19177
service,3072
end_to_end,27009
service,625
end_to_end,17546
service,571
end_to_end,16535
service,2066
end_to_end,31048
service,86
end_to_end,20820
service,959
end_to_end,15097
service,79
end_to_end,5727
service,188
end_to_end,31567
service,218
end_to_end,24980
service,227
end_to_end,23668
service,1220
end_to_end,34735
service,6
end_to_end,25949
service,3623
end_to_end,22634
service,77
end_to_end,27214
service,726
end_to_end,23495
service,1
end_to_end,12465
service,529
end_to_end,24828
service,150
end_to_end,35192
service,1217
end_to_end,15290
service,57
end_to_end,19364
service,3240
end_to_end,28860
service,5
end_to_end,25367
service,1
end_to_end,26823
service,2085
end_to_end,23106
service,2055
end_to_end,24393
service,512
end_to_end,21321
service,9576
end_to_end,4077
service,63
end_to_end,17158
service,17
end_to_end,21416
service,1101
end_to_end,18436
service,1545
end_to_end,19227
service,627
end_to_end,19054
service,3493
end_to_end,42763
service,2332
end_to_end,29654
service,15
end_to_end,26787
service,5277
end_to_end,12301
service,2195
end_to_end,12961
service,2
end_to_end,19015
service,681
end_to_end,36960
service,2772
end_to_end,14080
service,445
end_to_end,36622
service,6776
end_to_end,18989
service,20
end_to_end,11817
service,61
end_to_end,29771
service,1866
end_to_end,31362
service,12069
end_to_end,36885
service,1399
end_to_end,23764
service,113
end_to_end,18536
service,7650
end_to_end,34027
service,22
end_to_end,9914
service,76
end_to_end,25390
service,2
end_to_end,15774
service,1681
end_to_end,20509
service,74
end_to_end,15184
service,2129
end_to_end,14876
service,3301
end_to_end,30128
service,200
end_to_end,16544
service,2229
end_to_end,38024
service,13702
end_to_end,16233
service,3250
end_to_end,13865
service,207
end_to_end,24185
service,434
end_to_end,24004
service,552
end_to_end,30901
service,344
end_to_end,20967
service,62
end_to_end,17138
service,1004
end_to_end,12718
service,191
end_to_end,16856
service,1087
end_to_end,26418
service,708
end_to_end,25547
service,134
end_to_end,26344
service,1895
end_to_end,21924
service,1844
end_to_end,39526
service,5632
end_to_end,21911
service,108
end_to_end,34784
service,2215
end_to_end,14664
service,1234
end_to_end,39913
service,5639
end_to_end,36169
service,255
end_to_end,29146
service,4265
end_to_end,39464
service,133
end_to_end,32748
service,2537
end_to_end,24584
service,0
end_to_end,26935
service,3615
end_to_end,5718
service,332
end_to_end,20378
service,278
end_to_end,13316
service,0
end_to_end,25093
service,2076
end_to_end,32811
service,6663
end_to_end,31673
service,3577
end_to_end,33890
service,561
end_to_end,39055
service,705
end_to_end,24487
service,259
end_to_end,41164
service,3
end_to_end,48605
service,1048
end_to_end,49137
service,165
end_to_end,37967
service,1840
end_to_end,47562
service,357
end_to_end,44936
service,140
end_to_end,6608
service,48
end_to_end,13540
service,2368
end_to_end,55034
service,13
end_to_end,64256
service,4853
end_to_end,33828
service,2120
end_to_end,36068
service,307
end_to_end,59066
service,4515
end_to_end,11618
service,101
end_to_end,22309
service,1993
end_to_end,24595
service,1431
end_to_end,24926
service,4226
end_to_end,16258
service,453
end_to_end,6214
service,3654
end_to_end,27002
service,6
end_to_end,20454
service,2321
end_to_end,15755
service,1323
end_to_end,13013
service,828
end_to_end,28474
service,1895
end_to_end,16619
service,593
end_to_end,30649
service,12606
end_to_end,21672
service,787
end_to_end,17886
service,387
end_to_end,14714
service,184
end_to_end,15843
service,120
end_to_end,42562
service,2561
end_to_end,20897
service,1
end_to_end,35931
service,180
end_to_end,17216
service,4234
end_to_end,25443
service,288
end_to_end,14690
service,61
end_to_end,24598
service,1011
end_to_end,42472
service,806
end_to_end,31632
service,940
end_to_end,16601
service,3745
end_to_end,24809
service,350
end_to_end,25282
service,4556
end_to_end,26180
service,2958
end_to_end,18149
service,3112
end_to_end,22363
service,386
end_to_end,29475
service,443
end_to_end,18309
service,9705
end_to_end,17153
service,694
end_to_end,15663
service,161
end_to_end,19505
service,346
end_to_end,18053
service,11170
end_to_end,14994
service,2
end_to_end,15662
service,154
end_to_end,20703
service,8272
end_to_end,24334
service,1023
end_to_end,22215
service,693
end_to_end,15876
service,76
end_to_end,25816
service,174
end_to_end,10391
service,177
end_to_end,29174
service,806
end_to_end,30889
service,3414
end_to_end,24432
service,9244
end_to_end,28495
service,537
end_to_end,13912
service,76
end_to_end,15336
service,11
end_to_end,10406
service,24
end_to_end,15808
service,955
end_to_end,20095
service,406
end_to_end,16043
service,2
end_to_end,28467
service,421
end_to_end,18921
service,3496
end_to_end,26147
service,4163
end_to_end,22711
service,18
end_to_end,14034
service,3700
end_to_end,29099
service,461
end_to_end,17218
service,10
end_to_end,27142
service,1777
end_to_end,16019
service,774
end_to_end,20184
service,911
end_to_end,39628
service,7601
end_to_end,22004
service,1973
end_to_end,21612
service,9152
end_to_end,23026
service,1886
end_to_end,30548
service,9273
end_to_end,37873
service,8965
end_to_end,28648
service,12789
end_to_end,20997
service,3886
end_to_end,27523
service,2361
end_to_end,13913
service,4732
end_to_end,20791
service,2700
end_to_end,21084
service,2789
end_to_end,21996
service,7486
end_to_end,40254
service,1900
end_to_end,11705
service,234
end_to_end,34293
service,747
end_to_end,15801
service,1253
end_to_end,28967
service,300
end_to_end,43188
service,307
end_to_end,25649
service,43
end_to_end,60526
service,87
end_to_end,34851
service,263
end_to_end,16351
service,140
end_to_end,31421
service,3149
end_to_end,13375
service,799
end_to_end,17661
service,8
end_to_end,63063
service,1890
end_to_end,45670
service,962
end_to_end,19708
service,793
end_to_end,15853
service,587
end_to_end,20072
service,25
end_to_end,16093
service,1189
end_to_end,9895
service,3
end_to_end,23149
service,6
end_to_end,25310
service,1764
end_to_end,13591
service,630
end_to_end,17714
service,15
end_to_end,8022
service,926
end_to_end,21667
service,3014
end_to_end,24626
service,1603
end_to_end,29381
service,511
end_to_end,18761
service,1911
end_to_end,11484
service,742
end_to_end,31042
service,160
end_to_end,22982
service,872
end_to_end,24038
service,139
end_to_end,16683
service,986
end_to_end,35430
service,2216
end_to_end,25946
service,4107
end_to_end,33808
service,212
end_to_end,20910
service,276
end_to_end,22533
service,108
end_to_end,32947
service,1380
end_to_end,21066
service,740
end_to_end,36205
service,2557
end_to_end,30907
service,41
end_to_end,13937
service,391
end_to_end,46270
service,889
end_to_end,33762
service,99
end_to_end,28740
service,1180
end_to_end,40781
service,201
end_to_end,25270
service,8593
end_to_end,23348
service,1032
end_to_end,13282
service,7807
end_to_end,16557
service,140
end_to_end,15542
service,917
end_to_end,11099
service,2
end_to_end,17740
service,3857
end_to_end,26958
service,3727
end_to_end,15832
service,3398
end_to_end,17717
service,823
end_to_end,28747
service,0
end_to_end,18917
service,249
end_to_end,30907
service,23
end_to_end,10582
service,1713
end_to_end,10306
service,1260
end_to_end,30586
service,540
end_to_end,27258
service,2077
end_to_end,9331
service,317
end_to_end,15398
service,4527
end_to_end,18536
service,401
end_to_end,40609
service,2028
end_to_end,27791
service,2254
end_to_end,42443
service,70
end_to_end,46101
service,140
end_to_end,50417
service,5000
end_to_end,9484
service,88
end_to_end,47527
service,5285
end_to_end,36415
service,6233
end_to_end,26245
service,133
end_to_end,13449
service,1365
end_to_end,24647
service,1348
end_to_end,16793
service,948
end_to_end,31836
service,1
end_to_end,28953
service,436
end_to_end,18433
service,610
end_to_end,29095
service,6328
end_to_end,13039
service,56
end_to_end,9217
service,91
end_to_end,51612
service,2069
end_to_end,41465
service,1698
end_to_end,43073
service,4855
end_to_end,30319
service,6365
end_to_end,27143
service,2333
end_to_end,28734
service,6572
end_to_end,32798
service,45
end_to_end,43945
service,86
end_to_end,24443
service,5534
end_to_end,22921
service,102
end_to_end,25076
service,810
end_to_end,44271
service,2419
end_to_end,33218
service,6820
end_to_end,36206
service,29
end_to_end,16205
service,4058
end_to_end,22486
service,656
end_to_end,27164
service,3002
end_to_end,18288
service,4950
end_to_end,27414
service,3
end_to_end,15940
service,5043
end_to_end,19078
service,16
end_to_end,27455
service,22516
end_to_end,37667
service,1917
end_to_end,26460
service,338
end_to_end,39601
service,5179
end_to_end,36503
service,1073
end_to_end,34589
service,1221
end_to_end,28160
service,2268
end_to_end,5080
service,10
end_to_end,21162
service,1869
end_to_end,32397
service,1228
end_to_end,21459
service,1481
end_to_end,19740
service,339
end_to_end,6129
service,599
end_to_end,27678
service,603
end_to_end,10963
service,711
end_to_end,15880
service,865
end_to_end,27788
service,5236
end_to_end,25975
service,2941
end_to_end,48841
service,21
end_to_end,22486
service,1686
end_to_end,20123
service,1696
end_to_end,23498
service,6488
end_to_end,31221
service,544
end_to_end,17553
service,2529
end_to_end,30201
service,4642
end_to_end,36981
service,8454
end_to_end,22584
service,1400
end_to_end,9317
service,157
end_to_end,21070
service,7
end_to_end,27694
service,11
end_to_end,11930
service,1541
end_to_end,20332
service,9089
end_to_end,13851
service,5377
end_to_end,16675
service,2414
end_to_end,19059
service,2530
end_to_end,41477
service,11021
end_to_end,31378
service,11043
end_to_end,16548
service,714
end_to_end,15229
service,2046
end_to_end,40342
service,9332
end_to_end,29639
service,414
end_to_end,18113
service,187
end_to_end,11499
service,1074
end_to_end,36782
service,5755
end_to_end,16334
service,1648
end_to_end,25393
service,902
end_to_end,31025
service,226
end_to_end,36136
service,2039
end_to_end,27682
service,2046
end_to_end,19418
service,5790
end_to_end,45149
service,49
end_to_end,37041
service,296
end_to_end,16288
service,123
end_to_end,28144
service,412
end_to_end,7082
service,1
end_to_end,37980
service,11
end_to_end,51247
service,381
end_to_end,13527
service,326
end_to_end,55918
service,113
end_to_end,19681
service,1121
end_to_end,21240
service,458
end_to_end,24712
service,3559
end_to_end,31313
service,1413
end_to_end,32433
service,1120
end_to_end,17332
service,1189
end_to_end,14423
service,1146
end_to_end,25313
service,612
end_to_end,12517
service,321
end_to_end,6969
service,130
end_to_end,23251
service,1
end_to_end,12303
service,163
end_to_end,21191
service,3316
end_to_end,28258
service,4325
end_to_end,22476
service,995
end_to_end,14673
service,12
end_to_end,24135
service,16
end_to_end,24687
service,178
end_to_end,23244
service,3521
end_to_end,27612
service,685
end_to_end,30227
service,2916
end_to_end,29316
service,145
end_to_end,29533
service,443
end_to_end,39279
service,1286
end_to_end,28012
service,9882
end_to_end,29277
service,1709
end_to_end,20195
service,35
end_to_end,24117
service,1664
end_to_end,34976
service,241
end_to_end,27669
service,2025
end_to_end,26089
service,395
end_to_end,35543
service,6731
end_to_end,14554
service,25
end_to_end,36400
service,9519
end_to_end,15372
service,2821
end_to_end,5924
service,29
end_to_end,11377
service,186
end_to_end,15284
service,399
end_to_end,15179
service,628
end_to_end,46874
service,166
end_to_end,11201
service,34
end_to_end,24425
service,51
end_to_end,9882
service,1
end_to_end,25504
service,3196
end_to_end,25432
service,42
end_to_end,33147
service,3863
end_to_end,25313
service,4249
end_to_end,21357
service,820
end_to_end,51152
service,988
end_to_end,51232
service,1156
end_to_end,10603
service,2
end_to_end,71493
service,7847
end_to_end,37234
service,22
end_to_end,16448
service,1817
end_to_end,41762
service,11
end_to_end,28327
service,79
end_to_end,29538
service,69
end_to_end,19467
service,950
end_to_end,14486
service,5896
end_to_end,37216
service,1078
end_to_end,12025
service,83
end_to_end,48303
service,4964
end_to_end,24327
service,730
end_to_end,15822
service,4875
end_to_end,25818
service,722
end_to_end,10821
service,314
end_to_end,29043
service,50
end_to_end,20036
service,2052
end_to_end,21222
service,2244
end_to_end,31380
service,2058
end_to_end,24500
service,295
end_to_end,16433
service,1054
end_to_end,10660
service,60
end_to_end,24498
service,1804
end_to_end,14275
service,2615
end_to_end,14797
service,807
end_to_end,20482
service,243
end_to_end,17921
service,2
end_to_end,22054
service,3614
end_to_end,15295
service,407
end_to_end,35783
service,5514
end_to_end,18411
service,351
end_to_end,20803
service,15
end_to_end,9058
service,4
end_to_end,21139
service,47
end_to_end,21132
service,4871
end_to_end,12403
service,2329
end_to_end,14138
service,2394
end_to_end,26336
service,227
end_to_end,17416
service,4580
end_to_end,11592
service,480
end_to_end,18944
service,2582
end_to_end,19142
service,2783
end_to_end,26766
service,3547
end_to_end,26158
service,1557
end_to_end,12794
service,149
end_to_end,37686
service,5994
end_to_end,25086
service,2536
end_to_end,30710
service,4562
end_to_end,26360
service,8
end_to_end,38577
service,330
end_to_end,11407
service,1322
end_to_end,25187
service,2657
end_to_end,44622
service,257
end_to_end,38020
service,946
end_to_end,14109
service,3758
end_to_end,29395
service,3521
end_to_end,11217
service,4060
end_to_end,16716
service,736
end_to_end,28327
service,3196
end_to_end,11085
service,105
end_to_end,10747
service,324
end_to_end,21779
service,3230
end_to_end,14772
service,1101
end_to_end,14697
service,5552
end_to_end,35515
service,579
end_to_end,18805
service,3813
end_to_end,20098
service,573
end_to_end,28737
service,3781
end_to_end,21259
service,618
end_to_end,16004
service,2153
end_to_end,26676
service,5143
end_to_end,30200
service,61
end_to_end,18712
service,1729
end_to_end,26858
service,840
end_to_end,51371
service,3155
end_to_end,20463
service,101
end_to_end,20007
service,60
end_to_end,15753
service,918
end_to_end,15488
service,780
end_to_end,14501
service,882
end_to_end,25481
service,1447
end_to_end,18132
service,506
end_to_end,29220
service,33
end_to_end,32328
service,3502
end_to_end,25314
service,3
end_to_end,34808
service,1697
end_to_end,27678
service,980
end_to_end,13228
service,1261
end_to_end,15875
service,4081
end_to_end,17940
service,880
end_to_end,16761
service,4
end_to_end,41545
service,147
end_to_end,19716
service,865
end_to_end,29519
service,1681
end_to_end,19007
service,5
end_to_end,14274
service,2879
end_to_end,15354
service,221
end_to_end,15567
service,35
end_to_end,14032
service,1090
end_to_end,31505
service,448
end_to_end,22554
service,224
end_to_end,45636
service,15617
end_to_end,32021
service,1571
end_to_end,27840
service,17123
end_to_end,27981
service,3255
end_to_end,25550
service,3883
end_to_end,7381
service,334
end_to_end,29495
service,2466
end_to_end,13271
service,34
end_to_end,24972
service,1271
end_to_end,11203
service,3773
end_to_end,20302
service,6061
end_to_end,13747
service,4554
end_to_end,16889
service,54
end_to_end,28361
service,118
end_to_end,24407
service,492
end_to_end,27268
service,8593
end_to_end,31459
service,69
end_to_end,28263
service,31
end_to_end,23117
service,5548
end_to_end,27686
service,5373
end_to_end,23996
service,1261
end_to_end,27669
service,1324
end_to_end,42786
service,1598
end_to_end,38299
service,684
end_to_end,15080
service,175
end_to_end,32122
service,705
end_to_end,25351
service,470
end_to_end,29205
service,57
end_to_end,18610
service,678
end_to_end,13976
service,82
end_to_end,34337
service,5862
end_to_end,36230
service,185
end_to_end,17524
service,2054
end_to_end,34974
service,3490
end_to_end,9601
service,682
end_to_end,17671
service,2006
end_to_end,15209
service,1557
end_to_end,19571
service,1810
end_to_end,28972
service,973
end_to_end,33158
service,700
end_to_end,17592
service,3616
end_to_end,21901
service,2
end_to_end,20904
service,267
end_to_end,14107
service,1518
end_to_end,11511
service,23
end_to_end,28696
service,390
end_to_end,10037
service,9
end_to_end,30576
service,1707
end_to_end,19530
service,861
end_to_end,16258
service,2354
end_to_end,14494
service,6495
end_to_end,22937
service,1613
end_to_end,26876
service,34
end_to_end,27988
service,394
end_to_end,27811
service,8
end_to_end,18695
service,408
end_to_end,16112
service,55
end_to_end,20796
service,1074
end_to_end,28051
service,1
end_to_end,13272
service,243
end_to_end,14073
service,1323
end_to_end,26349
service,335
end_to_end,12798
service,329
end_to_end,29795
service,478
end_to_end,37958
service,7435
end_to_end,27911
service,3832
end_to_end,19650
service,487
end_to_end,38682
service,25
end_to_end,71324
service,309
end_to_end,45144
service,237
end_to_end,15656
service,36
end_to_end,21317
service,1037
end_to_end,27271
service,388
end_to_end,19240
service,9716
end_to_end,10722
service,1576
end_to_end,10684
service,143
end_to_end,17385
service,1423
end_to_end,20959
service,1865
end_to_end,19312
service,1457
end_to_end,11479
service,217
end_to_end,11958
service,594
end_to_end,22344
service,7181
end_to_end,38940
service,461
end_to_end,23948
service,3615
end_to_end,19551
service,220
end_to_end,31884
service,36
end_to_end,28434
service,6696
end_to_end,12794
service,52
end_to_end,14250
service,390
end_to_end,32066
service,1911
end_to_end,37052
service,13969
end_to_end,12277
service,3499
end_to_end,10280
service,0
end_to_end,19242
service,2309
end_to_end,14934
service,1226
end_to_end,10590
service,7
end_to_end,10523
service,0
end_to_end,17549
service,2132
end_to_end,13723
service,9792
end_to_end,14814
service,30
end_to_end,12462
service,951
end_to_end,11121
service,543
end_to_end,13842
service,422
end_to_end,23272
service,820
end_to_end,27051
service,4346
end_to_end,10967
service,95
end_to_end,25806
service,9383
end_to_end,26673
service,297
end_to_end,37226
service,1375
end_to_end,23526
service,3946
end_to_end,30511
service,4331
end_to_end,34892
service,1706
end_to_end,15767
service,2589
end_to_end,27436
service,349
end_to_end,19839
service,558
end_to_end,23374
service,3888
end_to_end,26210
service,40
end_to_end,25943
service,2047
end_to_end,8205
service,1008
end_to_end,19344
service,1515
end_to_end,28791
service,7770
end_to_end,40670
service,2623
end_to_end,17556
service,9914
end_to_end,26732
service,53
end_to_end,19788
service,1043
end_to_end,19031
service,2811
end_to_end,10329
service,2266
end_to_end,55312
service,12260
end_to_end,35250
service,1870
end_to_end,18635
service,3149
end_to_end,31173
service,6091
end_to_end,31348
service,6402
end_to_end,24796
service,1042
end_to_end,40272
service,352
end_to_end,22343
service,2604
end_to_end,24906
service,1
end_to_end,36997
service,15
end_to_end,37826
service,540
end_to_end,30092
service,4884
end_to_end,33460
service,2308
end_to_end,20358
service,4628
end_to_end,29404
service,5
end_to_end,36269
service,17
end_to_end,19660
service,1031
end_to_end,19201
service,799
end_to_end,23323
service,3551
end_to_end,18409
service,145
end_to_end,13040
service,5052
end_to_end,24202
service,2094
end_to_end,35229
service,0
end_to_end,24630
service,8565
end_to_end,28242
service,801
end_to_end,24282
service,410
end_to_end,30365
service,438
end_to_end,14805
service,1514
end_to_end,30795
service,2549
end_to_end,18188
service,2108
end_to_end,10333
service,105
end_to_end,14694
service,17
end_to_end,19122
service,3547
end_to_end,13598
service,11
end_to_end,17569
service,617
end_to_end,25279
service,1320
end_to_end,18054
service,21
end_to_end,22100
service,1845
end_to_end,23140
service,288
end_to_end,23737
service,603
end_to_end,8589
service,98
end_to_end,21443
service,583
end_to_end,31043
service,3068
end_to_end,21071
service,2087
end_to_end,20144
service,6
end_to_end,17033
service,80
end_to_end,24652
service,1180
end_to_end,16849
service,4406
end_to_end,29654
service,1625
end_to_end,9660
service,451
end_to_end,7786
service,574
end_to_end,24687
service,3437
end_to_end,33892
service,224
end_to_end,13310
service,2077
end_to_end,22629
service,386
end_to_end,25388
service,5744
end_to_end,18912
service,35
end_to_end,17430
service,2499
end_to_end,43320
service,1195
end_to_end,21642
service,79
end_to_end,34325
service,26
end_to_end,16557
service,526
end_to_end,26387
service,2465
end_to_end,21608
service,1425
end_to_end,21352
service,1186
end_to_end,26680
service,268
end_to_end,18437
service,929
end_to_end,25018
service,126
end_to_end,11987
service,422
end_to_end,27858
service,220
end_to_end,26066
service,643
end_to_end,21938
service,10119
end_to_end,17209
service,2595
end_to_end,18903
service,1693
end_to_end,18240
service,2426
end_to_end,22119
service,856
end_to_end,21556
service,1
end_to_end,27415
service,1406
end_to_end,16623
service,2425
end_to_end,23751
service,293
end_to_end,17216
service,39
end_to_end,35453
service,1652
end_to_end,22362
service,30
end_to_end,10234
service,67
end_to_end,33752
service,8086
end_to_end,34803
service,8468
end_to_end,27009
service,648
end_to_end,23992
service,39
end_to_end,21613
service,1915
end_to_end,10188
service,12
end_to_end,21581
service,362
end_to_end,12797
service,1447
end_to_end,20823
service,2229
end_to_end,27373
service,1757
end_to_end,13400
service,5099
end_to_end,22765
service,3137
end_to_end,19591
service,1863
end_to_end,21945
service,2552
end_to_end,27096
service,4219
end_to_end,33961
service,2767
end_to_end,31558
service,23
end_to_end,31478
service,6374
end_to_end,28695
service,2106
end_to_end,5174
service,1430
end_to_end,13124
service,4636
end_to_end,34739
service,7478
end_to_end,24012
service,2322
end_to_end,28545
service,7
end_to_end,17758
service,1502
end_to_end,21243
service,284
end_to_end,19070
service,276
end_to_end,38983
service,702
end_to_end,12995
service,158
end_to_end,18481
service,3249
end_to_end,34778
service,6742
end_to_end,22114
service,75
end_to_end,30754
service,7231
end_to_end,12339
service,5044
end_to_end,13560
service,642
end_to_end,24905
service,101
end_to_end,16495
service,841
end_to_end,19854
service,1595
end_to_end,26197
service,8681
end_to_end,25785
service,3368
end_to_end,22278
service,175
end_to_end,23054
service,1881
end_to_end,17407
service,262
end_to_end,18690
service,1697
end_to_end,20566
service,3170
end_to_end,23572
service,337
end_to_end,33950
service,2951
end_to_end,24886
service,8044
end_to_end,11989
service,1636
end_to_end,16467
service,222
end_to_end,17592
service,8
end_to_end,22662
service,1801
end_to_end,32370
service,2537
end_to_end,13303
service,1172
end_to_end,22367
service,6763
end_to_end,20357
service,49
end_to_end,24865
service,42
end_to_end,8165
service,681
end_to_end,20532
service,1090
end_to_end,14994
service,1
end_to_end,22315
service,2779
end_to_end,16370
service,1220
end_to_end,11687
service,2279
end_to_end,6536
service,3675
end_to_end,18024
service,60
end_to_end,29861
service,2994
end_to_end,33644
service,8317
end_to_end,20909
service,2589
end_to_end,22481
service,1358
end_to_end,38728
service,4973
end_to_end,19252
service,358
end_to_end,12417
service,1957
end_to_end,16114
service,808
end_to_end,24783
service,23
end_to_end,24888
service,1143
end_to_end,47423
service,4330
end_to_end,13783
service,789
end_to_end,11251
service,3068
end_to_end,28165
service,8
end_to_end,32845
service,8398
end_to_end,16860
service,13
end_to_end,18413
service,6407
end_to_end,27247
service,6684
end_to_end,48661
service,3167
end_to_end,29027
service,1579
end_to_end,23908
service,1289
end_to_end,20400
service,4
end_to_end,19932
service,5177
end_to_end,23233
service,4736
end_to_end,9095
service,4
end_to_end,33699
service,4217
end_to_end,18497
service,31
end_to_end,21377
service,3570
end_to_end,12785
service,76
end_to_end,16202
service,30
end_to_end,12371
service,1
end_to_end,32755
service,4259
end_to_end,34455
service,11818
end_to_end,29358
service,6022
end_to_end,28581
service,1278
end_to_end,11347
service,667
end_to_end,35418
service,12035
end_to_end,19442
service,3299
end_to_end,59715
service,9112
end_to_end,27700
service,44
end_to_end,14820
service,393
end_to_end,12729
service,89
end_to_end,26025
service,121
end_to_end,30545
service,4646
end_to_end,26425
service,2081
end_to_end,33601
service,2
end_to_end,27488
service,83
end_to_end,23843
service,200
end_to_end,33424
service,545
end_to_end,43260
service,9274
end_to_end,20509
service,743
end_to_end,16055
service,2093
end_to_end,15635
service,2477
end_to_end,27002
service,93
end_to_end,17326
service,529
end_to_end,21676
service,283
end_to_end,17298
service,124
end_to_end,21887
service,2827
end_to_end,17060
service,84
end_to_end,54436
service,8316
end_to_end,9864
service,79
end_to_end,38031
service,27
end_to_end,36357
service,1101
end_to_end,19576
service,25
end_to_end,21116
service,1081
end_to_end,35399
service,3888
end_to_end,7347
service,1897
end_to_end,33147
service,1839
end_to_end,35386
service,718
end_to_end,24746
service,1476
end_to_end,8936
service,1
end_to_end,49597
service,4540
end_to_end,6993
service,1997
end_to_end,25996
service,1568
end_to_end,16999
service,75
end_to_end,20854
service,200
end_to_end,15966
service,348
end_to_end,13987
service,29
end_to_end,16888
service,4757
end_to_end,33386
service,12469
end_to_end,27554
service,964
end_to_end,14694
service,1264
end_to_end,30948
service,1047
end_to_end,41852
service,27
end_to_end,43333
service,1639
end_to_end,13513
service,69
end_to_end,20456
service,3803
end_to_end,21494
service,1773
end_to_end,14802
service,6
end_to_end,34378
service,274
end_to_end,16332
service,1253
end_to_end,22288
service,1
end_to_end,24039
service,122
end_to_end,22045
service,2133
end_to_end,16182
service,877
end_to_end,42267
service,4724
end_to_end,6758
service,555
end_to_end,41514
service,2876
end_to_end,19285
service,3289
end_to_end,33751
service,54
end_to_end,32290
service,205
end_to_end,20866
service,0
end_to_end,15313
service,1775
end_to_end,11981
service,4265
end_to_end,7621
service,20
end_to_end,20794
service,1185
end_to_end,5905
service,77
end_to_end,29965
service,2815
end_to_end,14262
service,179
end_to_end,11424
service,239
end_to_end,23310
service,5317
end_to_end,12468
service,3956
end_to_end,14636
service,362
end_to_end,16626
service,27
end_to_end,18155
service,85
end_to_end,21793
service,1761
end_to_end,12876
service,1025
end_to_end,29525
service,1197
end_to_end,13944
service,197
end_to_end,18024
service,26
end_to_end,27425
service,6604
end_to_end,31833
service,639
end_to_end,35008
service,15433
end_to_end,16662
service,12
end_to_end,29623
service,8580
end_to_end,41307
service,6620
end_to_end,27144
service,3075
end_to_end,8218
service,129
end_to_end,27534
service,462
end_to_end,40735
service,12588
end_to_end,24479
service,519
end_to_end,41779
service,2087
end_to_end,32358
service,295
end_to_end,40842
service,10699
end_to_end,33158
service,1437
end_to_end,35254
service,214
end_to_end,26636
service,3753
end_to_end,31565
service,6490
end_to_end,27994
service,150
end_to_end,21938
service,3575
end_to_end,11265
service,1145
end_to_end,39586
service,2003
end_to_end,20101
service,12
end_to_end,31371
service,1336
end_to_end,29770
service,5390
end_to_end,32272
service,437
end_to_end,24873
service,3319
end_to_end,14971
service,1631
end_to_end,24145
service,1328
end_to_end,24739
service,1924
end_to_end,13921
service,1846
end_to_end,7854
service,975
end_to_end,26862
service,209
end_to_end,35983
service,136
end_to_end,23856
service,0
end_to_end,25753
service,3065
end_to_end,25711
service,864
end_to_end,31127
service,1983
end_to_end,23201
service,5624
end_to_end,20378
service,1233
end_to_end,29494
service,154
end_to_end,19797
service,767
end_to_end,28069
service,135
end_to_end,16217
service,1197
end_to_end,21084
service,21
end_to_end,14875
service,1759
end_to_end,27961
service,1277
end_to_end,28460
service,3595
end_to_end,30540
service,3134
end_to_end,22614
service,1882
end_to_end,12677
service,74
end_to_end,36553
service,15685
end_to_end,39614
service,116
end_to_end,15463
service,1679
end_to_end,30819
service,2631
end_to_end,20728
service,28
end_to_end,23112
service,2414
end_to_end,24180
service,5
end_to_end,22814
service,1991
end_to_end,25754
service,1245
end_to_end,14402
service,60
end_to_end,19971
service,900
end_to_end,20887
service,579
end_to_end,17973
service,2794
end_to_end,15345
service,3350
end_to_end,29406
service,7312
end_to_end,19842
service,11370
end_to_end,20118
service,185
end_to_end,24180
service,0
end_to_end,31814
service,139
end_to_end,17698
service,5668
end_to_end,45377
service,554
end_to_end,66187
service,1656
end_to_end,29647
service,382
end_to_end,31215
service,32
end_to_end,18145
service,338
end_to_end,21849
service,59
end_to_end,30200
service,103
end_to_end,13902
service,3241
end_to_end,33102
service,7958
end_to_end,26459
service,1281
end_to_end,33180
service,2135
end_to_end,27763
service,8
end_to_end,35416
service,1991
end_to_end,23502
service,4302
end_to_end,23584
service,2325
end_to_end,7170
service,2225
end_to_end,8590
service,290
end_to_end,11668
service,2575
end_to_end,22823
service,906
end_to_end,21632
service,2246
end_to_end,35507
service,2715
end_to_end,14310
service,356
end_to_end,20765
service,358
end_to_end,25248
service,3935
end_to_end,18757
service,2159
end_to_end,25759
service,348
end_to_end,14816
service,4267
end_to_end,17490
service,22
end_to_end,23192
service,1979
end_to_end,15015
service,34
end_to_end,12853
service,670
end_to_end,25968
service,812
end_to_end,28357
service,2575
end_to_end,17559
service,1987
end_to_end,21899
service,580
end_to_end,21724
service,2116
end_to_end,11657
service,1887
end_to_end,19259
service,1533
end_to_end,17610
service,409
end_to_end,34731
service,3303
end_to_end,34850
service,113
end_to_end,12770
service,1176
end_to_end,20955
service,8242
end_to_end,30876
service,5799
end_to_end,17061
service,3977
end_to_end,12025
service,23
end_to_end,36142
service,5044
end_to_end,16312
service,471
end_to_end,17647
service,491
end_to_end,14467
service,287
end_to_end,31521
service,1321
end_to_end,22620
service,3873
end_to_end,30329
service,649
end_to_end,20202
service,5586
end_to_end,11594
service,335
end_to_end,28893
service,402
end_to_end,13035
service,0
end_to_end,19481
service,161
end_to_end,8209
service,1103
end_to_end,14622
service,401
end_to_end,15827
service,570
end_to_end,14894
service,1179
end_to_end,20043
service,843
end_to_end,19015
service,23
end_to_end,15466
service,2161
end_to_end,14928
service,8070
end_to_end,18843
service,2852
end_to_end,20784
service,467
end_to_end,15324
service,135
end_to_end,16250
service,47
end_to_end,18283
service,566
end_to_end,11520
service,7
end_to_end,19209
service,3490
end_to_end,16199
service,104
end_to_end,20755
service,894
end_to_end,15551
service,744
end_to_end,19159
service,1057
end_to_end,31721
service,1507
end_to_end,28372
service,35
end_to_end,14893
service,1226
end_to_end,25321
service,4371
end_to_end,34569
service,7311
end_to_end,15482
service,444
end_to_end,29869
service,8435
end_to_end,41996
service,3334
end_to_end,35656
service,4078
end_to_end,24706
service,1010
end_to_end,19160
service,153
end_to_end,17219
service,2706
end_to_end,22918
service,905
end_to_end,28586
service,2207
end_to_end,32047
service,54
end_to_end,55328
service,13572
end_to_end,65430
service,4977
end_to_end,45061
service,6026
end_to_end,33047
service,1328
end_to_end,20930
service,2392
end_to_end,36310
service,1467
end_to_end,27949
service,356
end_to_end,26074
service,8827
end_to_end,30701
service,5676
end_to_end,51642
service,525
end_to_end,21176
service,240
end_to_end,38086
service,178
end_to_end,52362
service,2305
end_to_end,30007
service,5422
end_to_end,26635
service,9898
end_to_end,27854
service,2546
end_to_end,26853
service,3007
end_to_end,18360
service,119
end_to_end,24107
service,63
end_to_end,17135
service,497
end_to_end,42958
service,646
end_to_end,35590
service,30
end_to_end,54693
service,3215
end_to_end,41273
service,1075
end_to_end,27219
service,1839
end_to_end,30195
service,0
end_to_end,7296
service,200
end_to_end,17367
service,577
end_to_end,17981
service,1876
end_to_end,18359
service,733
end_to_end,22334
service,313
end_to_end,25528
service,33
end_to_end,25884
service,364
end_to_end,10298
service,522
end_to_end,17817
service,248
end_to_end,36498
service,17461
end_to_end,14212
service,6081
end_to_end,52670
service,12245
end_to_end,55457
service,3842
end_to_end,11914
service,335
end_to_end,10032
service,869
end_to_end,30316
service,6753
end_to_end,22339
service,2003
end_to_end,17513
service,1076
end_to_end,14196
service,2388
end_to_end,11092
service,291
end_to_end,24822
service,259
end_to_end,23658
service,602
end_to_end,32926
service,236
end_to_end,24186
service,1402
end_to_end,27723
service,590
end_to_end,38154
service,145
end_to_end,17387
service,109
end_to_end,26850
service,2768
end_to_end,22691
service,35
end_to_end,32545
service,2941
end_to_end,23000
service,661
end_to_end,31197
service,291
end_to_end,40719
service,10395
end_to_end,15222
service,3328
end_to_end,39719
service,7178
end_to_end,25487
service,4
end_to_end,38804
service,8990
end_to_end,26649
service,1137
end_to_end,15688
service,1409
end_to_end,35422
service,4075
end_to_end,20162
service,5659
end_to_end,35815
service,1299
end_to_end,25399
service,2270
end_to_end,36118
service,2685
end_to_end,16110
service,15
end_to_end,34142
service,1357
end_to_end,12680
service,1271
end_to_end,6082
service,804
end_to_end,14077
service,2603
end_to_end,14650
service,91
end_to_end,21211
service,10215
end_to_end,8340
service,328
end_to_end,34233
service,2896
end_to_end,12702
service,1649
end_to_end,32242
service,1489
end_to_end,9176
service,364
end_to_end,12915
service,377
end_to_end,14575
service,597
end_to_end,29235
service,1206
end_to_end,26968
service,5905
end_to_end,29507
service,1476
end_to_end,23921
service,100
end_to_end,25521
service,557
end_to_end,53104
service,7770
end_to_end,28832
service,1373
end_to_end,28070
service,4311
end_to_end,25223
service,888
end_to_end,32363
service,2521
end_to_end,31847
service,7
end_to_end,33671
service,1431
end_to_end,8784
service,65
end_to_end,3637
service,1763
end_to_end,14609
service,2361
end_to_end,32462
service,5481
end_to_end,30891
service,8866
end_to_end,38435
service,5561
end_to_end,39553
service,1536
end_to_end,22329
service,3734
end_to_end,30500
service,14
end_to_end,36305
service,876
end_to_end,38103
service,1796
end_to_end,26160
service,2060
end_to_end,30264
service,6558
end_to_end,8962
service,103
end_to_end,31923
service,40
end_to_end,14837
service,3130
end_to_end,39366
service,10289
end_to_end,32466
service,3210
end_to_end,33961
service,470
end_to_end,14984
service,1184
end_to_end,19169
service,201
end_to_end,25450
service,5403
end_to_end,19566
service,1964
end_to_end,33015
service,14669
end_to_end,19730
service,18
end_to_end,26740
service,7842
end_to_end,25264
service,2550
end_to_end,14050
service,527
end_to_end,33736
service,2651
end_to_end,28751
service,3113
end_to_end,11316
service,524
end_to_end,23666
service,3584
end_to_end,16997
service,1015
end_to_end,18491
service,5569
end_to_end,21577
service,59
end_to_end,14382
service,1008
end_to_end,14179
service,105
end_to_end,6763
service,2684
end_to_end,33524
service,142
end_to_end,12620
service,2747
end_to_end,16929
service,668
end_to_end,13594
service,335
end_to_end,9884
service,41
end_to_end,20511
service,2961
end_to_end,15425
service,1721
end_to_end,34102
service,140
end_to_end,15731
service,299
end_to_end,15788
service,362
end_to_end,16993
service,434
end_to_end,16828
service,7176
end_to_end,28616
service,10727
end_to_end,13472
service,3364
end_to_end,22021
service,9637
end_to_end,37572
service,3296
end_to_end,31377
service,282
end_to_end,17531
service,2270
end_to_end,30775
service,1638
end_to_end,38839
service,131
end_to_end,36425
service,8276
end_to_end,18288
service,135
end_to_end,20909
service,5042
end_to_end,17327
service,109
end_to_end,21749
service,345
end_to_end,22014
service,311
end_to_end,25201
service,2184
end_to_end,9576
service,1564
end_to_end,15641
service,960
end_to_end,16437
service,1827
end_to_end,24617
service,6817
end_to_end,23416
service,2
end_to_end,24697
service,1329
end_to_end,14711
service,1872
end_to_end,27416
service,955
end_to_end,28479
service,1104
end_to_end,25575
service,2719
end_to_end,32161
service,464
end_to_end,17555
service,418
end_to_end,24037
service,1960
end_to_end,15388
service,3533
end_to_end,16956
service,1270
end_to_end,14268
service,5159
end_to_end,33838
service,792
end_to_end,13508
service,2355
end_to_end,20000
service,67
end_to_end,27265
service,1672
end_to_end,10001
service,3361
end_to_end,16378
service,46
end_to_end,39168
service,1266
end_to_end,36652
service,2611
end_to_end,17081
service,77
end_to_end,17615
service,869
end_to_end,16010
service,2710
end_to_end,34415
service,14582
end_to_end,21336
service,274
end_to_end,12572
service,4519
end_to_end,16696
service,1
end_to_end,16088
service,4652
end_to_end,41735
service,859
end_to_end,25041
service,366
end_to_end,29041
service,316
end_to_end,23635
service,40
end_to_end,29063
service,14
end_to_end,15271
service,739
end_to_end,13402
service,569
end_to_end,30297
service,3650
end_to_end,20585
service,16
end_to_end,29558
service,68
end_to_end,20940
service,2275
end_to_end,12299
service,2431
end_to_end,12032
service,2227
end_to_end,22150
service,3472
end_to_end,36825
service,4951
end_to_end,7901
service,373
end_to_end,24482
service,1740
end_to_end,5755
service,8
end_to_end,12031
service,0
end_to_end,25905
service,1452
end_to_end,23603
service,186
end_to_end,23663
service,11
end_to_end,16991
service,2011
end_to_end,31122
service,438
end_to_end,21396
service,28
end_to_end,20418
service,3708
end_to_end,21843
service,31
end_to_end,29865
service,15
end_to_end,24118
service,239
end_to_end,28939
service,412
end_to_end,35416
service,224
end_to_end,10369
service,1953
end_to_end,19465
service,58
end_to_end,27307
service,2148
end_to_end,32319
service,18
end_to_end,41090
service,56
end_to_end,24857
service,180
end_to_end,27025
service,8134
end_to_end,31769
service,682
end_to_end,15368
service,124
end_to_end,27149
service,1340
end_to_end,18444
service,3434
end_to_end,22966
service,1456
end_to_end,23098
service,5
end_to_end,10929
service,469
end_to_end,22678
service,2458
end_to_end,42516
service,2331
end_to_end,28872
service,535
end_to_end,15225
service,582
end_to_end,21953
service,3541
end_to_end,16588
service,162
end_to_end,16695
service,1776
end_to_end,20918
service,959
end_to_end,11032
service,1363
end_to_end,51373
service,0
end_to_end,33045
service,241
end_to_end,16834
service,2739
end_to_end,29839
service,4524
end_to_end,22868
service,85
end_to_end,21639
service,373
end_to_end,13038
service,38
end_to_end,17862
service,2903
end_to_end,18774
service,4313
end_to_end,20062
service,1508
end_to_end,24396
service,1127
end_to_end,6122
service,24
end_to_end,24985
service,39
end_to_end,19625
service,2634
end_to_end,26277
service,1717
end_to_end,23676
service,95
end_to_end,31670
service,1884
end_to_end,44570
service,20147
end_to_end,29794
service,49
end_to_end,24788
service,2759
end_to_end,29652
service,3140
end_to_end,20766
service,0
end_to_end,31325
service,165
end_to_end,33351
service,3814
end_to_end,35755
service,340
end_to_end,21930
service,1813
end_to_end,28925
service,6866
end_to_end,29202
service,6135
end_to_end,62702
service,5018
end_to_end,18890
service,1
end_to_end,12542
service,8606
end_to_end,24729
service,1355
end_to_end,31444
service,1600
end_to_end,23272
service,1941
end_to_end,15223
service,1575
end_to_end,17982
service,329
end_to_end,55626
service,786
end_to_end,26331
service,22
end_to_end,30363
service,1645
end_to_end,38292
service,2608
end_to_end,23779
service,404
end_to_end,28964
service,1062
end_to_end,11570
service,2968
end_to_end,42578
service,1267
end_to_end,18893
service,5252
end_to_end,36915
service,4756
end_to_end,31492
service,374
end_to_end,27320
service,2907
end_to_end,29824
service,1440
end_to_end,25647
service,1856
end_to_end,25658
service,4425
end_to_end,22703
service,793
end_to_end,37008
service,3691
end_to_end,18616
service,7853
end_to_end,40746
service,37
end_to_end,25600
service,1799
end_to_end,18451
service,7034
end_to_end,25314
service,602
end_to_end,19304
service,5296
end_to_end,27462
service,785
end_to_end,27581
service,602
end_to_end,25491
service,2305
end_to_end,26798
service,1674
end_to_end,43317
service,107
end_to_end,23107
service,97
end_to_end,55890
service,7
end_to_end,21666
service,4518
end_to_end,19527
service,168
end_to_end,14000
service,494
end_to_end,31180
service,566
end_to_end,24161
service,222
end_to_end,18757
service,2602
end_to_end,10314
service,695
end_to_end,14822
service,1582
end_to_end,18502
service,3860
end_to_end,29102
service,415
end_to_end,32689
service,3184
end_to_end,31640
service,9
end_to_end,54260
service,2048
end_to_end,19984
service,430
end_to_end,23178
service,8522
end_to_end,17232
service,229
end_to_end,23877
service,4
end_to_end,27568
service,1744
end_to_end,12581
service,130
end_to_end,36611
service,1
end_to_end,23021
service,158
end_to_end,15790
service,6216
end_to_end,17607
service,4753
end_to_end,23865
service,3195
end_to_end,29992
service,14876
end_to_end,11967
service,540
end_to_end,16499
service,20
end_to_end,8702
service,14
end_to_end,10332
service,733
end_to_end,8554
service,5
end_to_end,17892
service,484
end_to_end,25086
service,8
end_to_end,7902
service,815
end_to_end,23792
service,413
end_to_end,10545
service,179
end_to_end,5966
service,631
end_to_end,23747
service,4153
end_to_end,22471
service,17
end_to_end,13528
service,261
end_to_end,33872
service,561
end_to_end,26737
service,1645
end_to_end,22871
service,2993
end_to_end,24410
service,110
end_to_end,17041
service,959
end_to_end,12103
service,566
end_to_end,27933
service,999
end_to_end,26828
service,43
end_to_end,10131
service,963
end_to_end,24841
service,3398
end_to_end,16972
service,221
end_to_end,37071
service,1239
end_to_end,39628
service,2730
end_to_end,8845
service,895
end_to_end,40619
service,2271
end_to_end,33241
service,101
end_to_end,14843
service,2747
end_to_end,20122
service,4163
end_to_end,30149
service,6
end_to_end,40746
service,418
end_to_end,22321
service,6
end_to_end,16400
service,1075
end_to_end,25438
service,1658
end_to_end,18878
service,1994
end_to_end,13891
service,1570
end_to_end,30510
service,5289
end_to_end,26923
service,107
end_to_end,22332
service,660
end_to_end,29861
service,3018
end_to_end,27830
service,713
end_to_end,6097
service,12
end_to_end,16751
service,774
end_to_end,22085
service,757
end_to_end,8974
service,265
end_to_end,19933
service,345
end_to_end,14156
service,2333
end_to_end,20180
service,24
end_to_end,7565
service,1
end_to_end,24616
service,12
end_to_end,9101
service,4
end_to_end,13243
service,250
end_to_end,39467
service,358
end_to_end,18806
service,0
end_to_end,18153
service,30
end_to_end,21616
service,18
end_to_end,18018
service,883
end_to_end,15449
service,486
end_to_end,12934
service,537
end_to_end,31651
service,359
end_to_end,6305
service,511
end_to_end,18478
service,4966
end_to_end,28265
service,7019
end_to_end,5948
service,258
end_to_end,25634
service,77
end_to_end,7666
service,1166
end_to_end,31449
service,4304
end_to_end,42985
service,6657
end_to_end,34045
service,4799
end_to_end,42918
service,149
end_to_end,31103
service,8470
end_to_end,21803
service,4871
end_to_end,35631
service,654
end_to_end,20553
service,7
end_to_end,28675
service,5473
end_to_end,41946
service,2018
end_to_end,39107
service,12487
end_to_end,42408
service,8453
end_to_end,20382
service,1212
end_to_end,48701
service,71
end_to_end,37168
service,372
end_to_end,25162
service,1053
end_to_end,53754
service,102
end_to_end,25104
service,132
end_to_end,14616
service,393
end_to_end,64439
service,1625
end_to_end,28947
service,517
end_to_end,29078
service,3799
end_to_end,18516
service,371
end_to_end,31957
service,1408
end_to_end,11330
service,102
end_to_end,16851
service,14
end_to_end,17873
service,3526
end_to_end,10011
service,3800
end_to_end,13740
service,1988
end_to_end,5806
service,7
end_to_end,29082
service,17603
end_to_end,38555
service,287
end_to_end,31945
service,1799
end_to_end,22717
service,1809
end_to_end,14820
service,656
end_to_end,12094
service,2069
end_to_end,27286
service,6228
end_to_end,10626
service,357
end_to_end,6823
service,253
end_to_end,11772
service,132
end_to_end,13786
service,138
end_to_end,16728
service,0
end_to_end,13170
service,116
end_to_end,8661
service,0
end_to_end,15053
service,713
end_to_end,15777
service,1432
end_to_end,9931
service,23
end_to_end,20618
service,332
end_to_end,38051
service,664
end_to_end,29612
service,9361
end_to_end,47548
service,2813
end_to_end,17105
service,3723
end_to_end,14456
service,5319
end_to_end,8376
service,3
end_to_end,37349
service,620
end_to_end,21656
service,988
end_to_end,46441
service,4017
end_to_end,15998
service,26
end_to_end,23809
service,6668
end_to_end,12264
service,0
end_to_end,13660
service,3151
end_to_end,25141
service,250
end_to_end,21066
service,45
end_to_end,42884
service,1728
end_to_end,11323
service,141
end_to_end,39016
service,2304
end_to_end,37985
service,1761
end_to_end,25040
service,1470
end_to_end,36925
service,1522
end_to_end,27742
service,4413
end_to_end,33431
service,11
end_to_end,9149
service,428
end_to_end,15943
service,194
end_to_end,14978
service,1226
end_to_end,19588
service,195
end_to_end,10034
service,251
end_to_end,37853
service,973
end_to_end,20543
service,707
end_to_end,7501
service,1131
end_to_end,38726
service,1915
end_to_end,13803
service,5562
end_to_end,14039
service,1554
end_to_end,19831
service,3
end_to_end,18310
service,4482
end_to_end,28145
service,2310
end_to_end,10921
service,50
end_to_end,18444
service,0
end_to_end,24109
service,1733
end_to_end,23770
service,6
end_to_end,10184
service,69
end_to_end,7713
service,121
end_to_end,41572
service,9956
end_to_end,21480
service,3087
end_to_end,16909
service,842
end_to_end,41951
service,6579
end_to_end,19185
service,69
end_to_end,14366
service,602
end_to_end,13364
service,1447
end_to_end,23178
service,1692
end_to_end,15997
service,11
end_to_end,18407
service,5112
end_to_end,24468
service,8724
end_to_end,15512
service,22
end_to_end,28518
service,711
end_to_end,32277
service,2346
end_to_end,14776
service,2
end_to_end,33677
service,359
end_to_end,15226
service,192
end_to_end,39981
service,4601
end_to_end,20150
service,2011
end_to_end,26847
service,572
end_to_end,25602
service,10720
end_to_end,20010
service,2638
end_to_end,20609
service,5777
end_to_end,41034
service,2892
end_to_end,28944
service,5652
end_to_end,25962
service,3292
end_to_end,17157
service,9191
end_to_end,45383
service,2697
end_to_end,40163
service,2228
end_to_end,17251
service,361
end_to_end,49832
service,10262
end_to_end,29343
service,299
end_to_end,35770
service,748
end_to_end,29719
service,7143
end_to_end,30781
service,2118
end_to_end,24628
service,903
end_to_end,27253
service,1519
end_to_end,14924
service,616
end_to_end,21151
service,2741
end_to_end,34413
service,117
end_to_end,20567
service,33
end_to_end,37436
service,17245
end_to_end,13495
service,1834
end_to_end,14816
service,1
end_to_end,8424
service,334
end_to_end,21211
service,1349
end_to_end,13915
service,1220
end_to_end,18863
service,0
end_to_end,46137
service,3606
end_to_end,16711
service,774
end_to_end,16610
service,2724
end_to_end,40987
service,13809
end_to_end,14278
service,2709
end_to_end,18916
service,1586
end_to_end,33768
service,1460
end_to_end,17585
service,553
end_to_end,20599
service,429
end_to_end,24793
service,456
end_to_end,10113
service,611
end_to_end,18958
service,2131
end_to_end,12887
service,660
end_to_end,17128
service,8922
end_to_end,19171
service,341
end_to_end,12694
service,160
end_to_end,18486
service,580
end_to_end,30767
service,30
end_to_end,39083
service,7973
end_to_end,33309
service,385
end_to_end,33232
service,146
end_to_end,43722
service,951
end_to_end,16485
service,5873
end_to_end,27690
service,23
end_to_end,20765
service,212
end_to_end,28029
service,2421
end_to_end,15953
service,803
end_to_end,28626
service,32
end_to_end,63591
service,3858
end_to_end,14660
service,2
end_to_end,29715
service,3743
end_to_end,72804
service,547
end_to_end,33047
service,2269
end_to_end,6811
service,452
end_to_end,22740
service,54
end_to_end,57402
service,235
end_to_end,21791
service,782
end_to_end,14738
service,856
end_to_end,27894
service,1984
end_to_end,18442
service,713
end_to_end,24407
service,3325
end_to_end,18826
service,3743
end_to_end,45198
service,5
end_to_end,46600
service,401
end_to_end,14464
service,1729
end_to_end,13910
service,411
end_to_end,36276
service,5435
end_to_end,20002
service,1238
end_to_end,20348
service,117
end_to_end,21169
service,201
end_to_end,34793
service,1341
end_to_end,41838
service,875
end_to_end,25102
service,9903
end_to_end,15321
service,3064
end_to_end,20116
service,1
end_to_end,14420
service,2325
end_to_end,26651
service,4698
end_to_end,40806
service,2684
end_to_end,14401
service,4891
end_to_end,4441
service,1
end_to_end,22904
service,4202
end_to_end,15035
service,6
end_to_end,22872
service,3519
end_to_end,20153
service,3124
end_to_end,13940
service,859
end_to_end,22939
service,3054
end_to_end,27805
service,1401
end_to_end,21442
service,267
end_to_end,22124
service,82
end_to_end,10728
service,3367
end_to_end,38521
service,1195
end_to_end,16486
service,485
end_to_end,14327
service,490
end_to_end,24595
service,4
end_to_end,25947
service,3382
end_to_end,24214
service,74
end_to_end,26974
service,856
end_to_end,40399
service,65
end_to_end,21879
service,4576
end_to_end,38003
service,2823
end_to_end,39222
service,12278
end_to_end,8861
service,1915
end_to_end,48288
service,21345
end_to_end,39446
service,5163
end_to_end,19128
service,662
end_to_end,38951
service,12562
end_to_end,26846
service,71
end_to_end,22843
service,2177
end_to_end,26601
service,223
end_to_end,26317
service,3660
end_to_end,32899
service,1877
end_to_end,13139
service,533
end_to_end,6540
service,210
end_to_end,26964
service,130
end_to_end,24710
service,4598
end_to_end,15297
service,1620
end_to_end,21946
service,132
end_to_end,50617
service,851
end_to_end,14111
service,143
end_to_end,13817
service,25
end_to_end,21602
service,161
end_to_end,29344
service,2212
end_to_end,28843
service,1417
end_to_end,6611
service,118
end_to_end,16651
service,695
end_to_end,17344
service,0
end_to_end,46775
service,2057
end_to_end,8886
service,8
end_to_end,28767
service,5950
end_to_end,23259
service,134
end_to_end,29085
service,6658
end_to_end,21140
service,171
end_to_end,19074
service,132
end_to_end,20052
service,1779
end_to_end,33164
service,10
end_to_end,25934
service,937
end_to_end,33028
service,5542
end_to_end,45294
service,250
end_to_end,17406
service,8315
end_to_end,19208
service,516
end_to_end,23638
service,0
end_to_end,12511
service,999
end_to_end,45931
service,3726
end_to_end,23809
service,53
end_to_end,9588
service,1204
end_to_end,22772
service,1
end_to_end,18605
service,82
end_to_end,21551
service,3382
end_to_end,25863
service,16
end_to_end,17654
service,173
end_to_end,25376
service,4374
end_to_end,4343
service,396
end_to_end,34346
service,7734
end_to_end,22521
service,1092
end_to_end,32520
service,2289
end_to_end,8376
service,726
end_to_end,16413
service,2810
end_to_end,23047
service,9745
end_to_end,28686
service,559
end_to_end,29630
service,83
end_to_end,45544
service,3
end_to_end,39850
service,3760
end_to_end,23588
service,3867
end_to_end,15460
service,3422
end_to_end,38154
service,1492
end_to_end,32619
service,528
end_to_end,37663
service,1342
end_to_end,29565
service,2091
end_to_end,26092
service,69
end_to_end,34046
service,2755
end_to_end,52519
service,282
end_to_end,34474
service,153
end_to_end,15675
service,4175
end_to_end,14551
service,689
end_to_end,21070
service,1412
end_to_end,34915
service,387
end_to_end,41663
service,58
end_to_end,17885
service,4106
end_to_end,38856
service,1449
end_to_end,34419
service,1622
end_to_end,9272
service,1043
end_to_end,26124
service,1775
end_to_end,33508
service,3743
end_to_end,20728
service,1058
end_to_end,21144
service,5
end_to_end,28756
service,469
end_to_end,9989
service,297
end_to_end,15281
service,4289
end_to_end,13393
service,2618
end_to_end,20396
service,74
end_to_end,21386
service,1236
end_to_end,21891
service,5
end_to_end,11728
service,998
end_to_end,36974
service,1355
end_to_end,8073
service,2817
end_to_end,25014
service,69
end_to_end,22193
service,6
end_to_end,10614
service,354
end_to_end,13718
service,3262
end_to_end,12780
service,89
end_to_end,21875
service,12274
end_to_end,12048
service,355
end_to_end,17961
service,388
end_to_end,22196
service,6702
end_to_end,17122
service,105
end_to_end,23657
service,4046
end_to_end,22657
service,4545
end_to_end,28597
service,877
end_to_end,38209
service,9467
end_to_end,15644
service,1801
end_to_end,16064
service,320
end_to_end,13370
service,100
end_to_end,48434
service,534
end_to_end,34227
service,354
end_to_end,34886
service,1494
end_to_end,14834
service,2720
end_to_end,15540
service,793
end_to_end,16799
service,422
end_to_end,43045
service,417
end_to_end,17393
service,6385
end_to_end,20942
service,2487
end_to_end,18365
service,508
end_to_end,18833
service,2662
end_to_end,23117
service,2855
end_to_end,24500
service,1821
end_to_end,15967
service,698
end_to_end,21282
service,2400
end_to_end,20752
service,4154
end_to_end,43395
service,340
end_to_end,32926
service,215
end_to_end,18321
service,1
end_to_end,35906
service,303
end_to_end,39937
service,757
end_to_end,17524
service,4939
end_to_end,15532
service,65
end_to_end,10547
service,139
end_to_end,29445
service,137
end_to_end,11406
service,143
end_to_end,21002
service,6578
end_to_end,18439
service,87
end_to_end,25827
service,2612
end_to_end,8604
service,346
end_to_end,27751
service,5000
end_to_end,19225
service,173
end_to_end,11653
service,1656
end_to_end,33892
service,4
end_to_end,24615
service,1364
end_to_end,15043
service,2219
end_to_end,34391
service,406
end_to_end,25591
service,4014
end_to_end,21742
service,1790
end_to_end,20493
service,4096
end_to_end,29149
service,530
end_to_end,9366
service,26
end_to_end,9913
service,523
end_to_end,23246
service,2293
end_to_end,13086
service,902
end_to_end,17420
service,2672
end_to_end,22458
service,831
end_to_end,38369
service,7769
end_to_end,25754
service,244
end_to_end,29297
service,53
end_to_end,21797
service,71
end_to_end,11279
service,141
end_to_end,32544
service,4736
end_to_end,37871
service,5327
end_to_end,20377
service,545
end_to_end,39849
service,391
end_to_end,30663
service,1699
end_to_end,26343
service,6427
end_to_end,14345
service,85
end_to_end,33101
service,41
end_to_end,30742
service,605
end_to_end,53828
service,873
end_to_end,14026
service,2758
end_to_end,44808
service,415
end_to_end,19818
service,289
end_to_end,14619
service,172
end_to_end,38373
service,1591
end_to_end,8630
service,60
end_to_end,46993
service,2707
end_to_end,27033
service,727
end_to_end,18255
service,571
end_to_end,34368
service,413
end_to_end,24354
service,137
end_to_end,9873
service,1262
end_to_end,15423
service,6169
end_to_end,20601
service,343
end_to_end,4558
service,132
end_to_end,22860
service,86
end_to_end,18358
service,115
end_to_end,26255
service,104
end_to_end,19564
service,1033
end_to_end,19611
service,804
end_to_end,6561
service,137
end_to_end,5047
service,525
end_to_end,20930
service,11967
end_to_end,22468
service,484
end_to_end,18333
service,5813
end_to_end,35013
service,5063
end_to_end,14713
service,406
end_to_end,23176
service,5
end_to_end,24184
service,389
end_to_end,13634
service,12
end_to_end,16317
service,533
end_to_end,28668
service,720
end_to_end,26770
service,6573
end_to_end,20615
service,19
end_to_end,32117
service,1638
end_to_end,25473
service,299
end_to_end,40193
service,4571
end_to_end,19228
service,2157
end_to_end,18641
service,55
end_to_end,9425
service,40
end_to_end,18115
service,938
end_to_end,23769
service,1604
end_to_end,25007
service,1510
end_to_end,38412
service,3997
end_to_end,37256
service,32
end_to_end,11735
service,169
end_to_end,12877
service,2112
end_to_end,16897
service,8039
end_to_end,19793
service,1546
end_to_end,34982
service,639
end_to_end,17069
service,477
end_to_end,31297
service,41
end_to_end,24755
service,38
end_to_end,50777
service,9466
end_to_end,29125
service,101
end_to_end,39596
service,1996
end_to_end,31917
service,760
end_to_end,29115
service,191
end_to_end,10305
service,1026
end_to_end,27295
service,1039
end_to_end,23874
service,94
end_to_end,18126
service,53
end_to_end,31678
service,7060
end_to_end,20752
service,2640
end_to_end,36118
service,132
end_to_end,19539
service,1453
end_to_end,54334
service,479
end_to_end,59721
service,9954
end_to_end,38182
service,879
end_to_end,23087
service,1904
end_to_end,15714
service,499
end_to_end,22275
service,3621
end_to_end,14046
service,227
end_to_end,8798
service,1117
end_to_end,20040
service,4903
end_to_end,23314
service,8159
end_to_end,14500
service,2794
end_to_end,13925
service,480
end_to_end,25267
service,11
end_to_end,11837
service,8864
end_to_end,14884
service,1001
end_to_end,7485
service,596
end_to_end,13982
service,433
end_to_end,15844
service,244
end_to_end,8139
service,13
end_to_end,24132
service,18
end_to_end,10267
service,1670
end_to_end,13600
service,3
end_to_end,34722
service,16435
end_to_end,37787
service,3241
end_to_end,16612
service,2933
end_to_end,11427
service,1819
end_to_end,14641
service,194
end_to_end,31651
service,5910
end_to_end,20620
service,284
end_to_end,19567
service,2257
end_to_end,27019
service,5787
end_to_end,42906
service,4578
end_to_end,36403
service,1418
end_to_end,44375
service,3586
end_to_end,44912
service,2382
end_to_end,9809
service,2
end_to_end,42305
service,5895
end_to_end,43262
service,2822
end_to_end,25688
service,109
end_to_end,25243
service,3700
end_to_end,25864
service,301
end_to_end,43043
service,163
end_to_end,19686
service,1
end_to_end,49531
service,11392
end_to_end,36364
service,4951
end_to_end,39994
service,1702
end_to_end,29340
service,7047
end_to_end,28430
service,2240
end_to_end,22459
service,7285
end_to_end,20484
service,3414
end_to_end,36128
service,462
end_to_end,39592
service,2380
end_to_end,19911
service,558
end_to_end,21142
service,80
end_to_end,5363
service,1017
end_to_end,21639
service,1040
end_to_end,15421
service,1197
end_to_end,10003
service,1305
end_to_end,15635
service,904
end_to_end,24169
service,4863
end_to_end,12068
service,535
end_to_end,4320
service,999
end_to_end,15854
service,3658
end_to_end,28369
service,2388
end_to_end,12563
service,71
end_to_end,32991
service,309
end_to_end,14817
service,269
end_to_end,11180
service,945
end_to_end,39661
service,5012
end_to_end,13532
service,8
end_to_end,24928
service,178
end_to_end,7731
service,1590
end_to_end,22271
service,3949
end_to_end,17727
service,2351
end_to_end,19377
service,11182
end_to_end,24987
service,548
end_to_end,15324
service,3570
end_to_end,19367
service,5186
end_to_end,39983
service,96
end_to_end,13564
service,3730
end_to_end,16718
service,68
end_to_end,21056
service,8340
end_to_end,25974
service,856
end_to_end,29404
service,11403
end_to_end,12875
service,19
end_to_end,21039
service,172
end_to_end,28400
service,46
end_to_end,19177
service,1175
end_to_end,42220
service,9719
end_to_end,28713
service,1610
end_to_end,15364
service,642
end_to_end,21430
service,4
end_to_end,28415
service,1926
end_to_end,8602
service,1166
end_to_end,20356
service,11815
end_to_end,19440
service,3157
end_to_end,48199
service,2294
end_to_end,18008
service,184
end_to_end,29285
service,526
end_to_end,27559
service,1375
end_to_end,33117
service,5871
end_to_end,47810
service,96
end_to_end,24640
service,2972
end_to_end,17776
service,639
end_to_end,6115
service,79
end_to_end,27118
service,441
end_to_end,14482
service,0
end_to_end,24196
service,490
end_to_end,19943
service,4711
end_to_end,35660
service,16
end_to_end,27340
service,4090
end_to_end,29475
service,72
end_to_end,27925
service,540
end_to_end,18589
service,567
end_to_end,23689
service,5130
end_to_end,20355
service,712
end_to_end,15903
service,522
end_to_end,13837
service,263
end_to_end,13140
service,3040
end_to_end,35066
service,2129
end_to_end,15075
service,304
end_to_end,13930
service,527
end_to_end,11956
service,230
end_to_end,26843
service,3532
end_to_end,21119
service,324
end_to_end,27985
service,137
end_to_end,17428
service,539
end_to_end,27489
service,2015
end_to_end,31772
service,590
end_to_end,32473
service,2633
end_to_end,20937
service,3055
end_to_end,10671
service,4321
end_to_end,25510
service,2300
end_to_end,7873
service,11
end_to_end,16104
service,2770
end_to_end,15139
service,703
end_to_end,19925
service,6
end_to_end,33046
service,627
end_to_end,41132
service,5887
end_to_end,19928
service,2078
end_to_end,34298
service,4344
end_to_end,4883
service,1734
end_to_end,17498
service,486
end_to_end,9229
service,285
end_to_end,25004
service,195
end_to_end,12193
service,2034
end_to_end,22100
service,1
end_to_end,9527
service,272
end_to_end,33552
service,1812
end_to_end,9515
service,548
end_to_end,21088
service,1
end_to_end,36574
service,13337
end_to_end,16819
service,24
end_to_end,34684
service,12073
end_to_end,10883
service,556
end_to_end,26064
service,599
end_to_end,32043
service,10620
end_to_end,24936
service,7
end_to_end,15089
service,1088
end_to_end,16675
service,1190
end_to_end,25757
service,314
end_to_end,18823
service,5687
end_to_end,19938
service,21
end_to_end,10892
service,1126
end_to_end,27949
service,3448
end_to_end,24008
service,8
end_to_end,24598
service,12
end_to_end,26542
service,1633
end_to_end,23678
service,3804
end_to_end,25603
service,25
end_to_end,21509
service,706
end_to_end,11025
service,3466
end_to_end,20055
service,2145
end_to_end,36005
service,2515
end_to_end,15575
service,3276
end_to_end,2955
service,11
end_to_end,36135
service,1601
end_to_end,26843
service,1601
end_to_end,26784
service,997
end_to_end,5943
service,2140
end_to_end,28685
service,851
end_to_end,24584
service,2273
end_to_end,6930
service,2077
end_to_end,22953
service,2190
end_to_end,26189
service,2207
end_to_end,24399
service,130
end_to_end,15110
service,118
end_to_end,25246
service,1342
end_to_end,23161
service,12591
end_to_end,18670
service,3000
end_to_end,32844
service,3535
end_to_end,25918
service,1696
end_to_end,20732
service,4644
end_to_end,37110
service,6081
end_to_end,28377
service,37
end_to_end,27618
service,4771
end_to_end,16102
service,4823
end_to_end,21739
service,3166
end_to_end,26305
service,587
end_to_end,29535
service,673
end_to_end,30717
service,2999
end_to_end,13790
service,64
end_to_end,23167
service,732
end_to_end,13498
service,806
end_to_end,27823
service,7636
end_to_end,14477
service,268
end_to_end,21792
service,306
end_to_end,16416
service,4103
end_to_end,19621
service,909
end_to_end,26457
service,120
end_to_end,11145
service,0
end_to_end,26162
service,48
end_to_end,13327
service,785
end_to_end,13690
service,140
end_to_end,13097
service,45
end_to_end,32549
service,555
end_to_end,20159
service,276
end_to_end,16824
service,0
end_to_end,30376
service,2212
end_to_end,36338
service,147
end_to_end,35445
service,38
end_to_end,18792
service,46
end_to_end,4895
service,974
end_to_end,37011
service,1392
end_to_end,16334
service,1127
end_to_end,41012
service,167
end_to_end,12765
service,1071
end_to_end,19690
service,1602
end_to_end,13692
service,187
end_to_end,24432
service,4340
end_to_end,15576
service,98
end_to_end,50345
service,194
end_to_end,24703
service,529
end_to_end,23643
service,1472
end_to_end,53247
service,28
end_to_end,59076
service,350
end_to_end,24944
service,360
end_to_end,25476
service,2180
end_to_end,27627
service,90
end_to_end,46701
service,784
end_to_end,8454
service,2212
end_to_end,11634
service,1870
end_to_end,32147
service,4192
end_to_end,13247
service,552
end_to_end,9044
service,5
end_to_end,27728
service,5344
end_to_end,26331
service,429
end_to_end,26269
service,4597
end_to_end,19703
service,290
end_to_end,23613
service,1425
end_to_end,39978
service,232
end_to_end,22520
service,1643
end_to_end,13756
service,1233
end_to_end,30724
service,1903
end_to_end,12604
service,3526
end_to_end,7274
service,25
end_to_end,17797
service,103
end_to_end,22208
service,251
end_to_end,24348
service,2514
end_to_end,4691
service,827
end_to_end,26983
service,1427
end_to_end,26520
service,471
end_to_end,37783
service,6225
end_to_end,15276
service,50
end_to_end,29066
service,3457
end_to_end,29680
service,4073
end_to_end,16544
service,550
end_to_end,30417
service,1
end_to_end,29590
service,2326
end_to_end,35006
service,192
end_to_end,25424
service,129
end_to_end,60945
service,320
end_to_end,40523
service,104
end_to_end,34381
service,4
end_to_end,13286
service,14
end_to_end,27219
service,2092
end_to_end,19263
service,13
end_to_end,24837
service,3113
end_to_end,27393
service,3508
end_to_end,28680
service,722
end_to_end,21653
service,8
end_to_end,25212
service,296
end_to_end,14059
service,1404
end_to_end,22139
service,2938
end_to_end,19237
service,250
end_to_end,23791
service,583
end_to_end,9900
service,569
end_to_end,16777
service,73
end_to_end,19517
service,192
end_to_end,31057
service,3205
end_to_end,51687
service,7383
end_to_end,28248
service,971
end_to_end,37246
service,54
end_to_end,36073
service,477
end_to_end,30019
service,29
end_to_end,26304
service,1096
end_to_end,17280
service,385
end_to_end,12259
service,175
end_to_end,27353
service,981
end_to_end,57871
service,17
end_to_end,31998
service,243
end_to_end,43054
service,2273
end_to_end,17828
service,0
end_to_end,37647
service,8652
end_to_end,21636
service,336
end_to_end,23228
service,3681
end_to_end,20739
service,319
end_to_end,31507
service,211
end_to_end,32602
service,1014
end_to_end,21794
service,5345
end_to_end,25462
service,1224
end_to_end,14008
service,3406
end_to_end,40282
service,556
end_to_end,27009
service,420
end_to_end,30076
service,8199
end_to_end,27202
service,299
end_to_end,37956
service,154
end_to_end,30881
service,93
end_to_end,12010
service,2
end_to_end,21489
service,1136
end_to_end,22170
service,4269
end_to_end,12872
service,0
end_to_end,22894
service,502
end_to_end,35908
service,3300
end_to_end,12655
service,343
end_to_end,23655
service,0
end_to_end,26097
service,150
end_to_end,36177
service,6025
end_to_end,11747
service,190
end_to_end,26156
service,170
end_to_end,30192
service,1241
end_to_end,26664
service,2
end_to_end,61316
service,7438
end_to_end,51125
service,1372
end_to_end,18877
service,2095
end_to_end,43477
service,411
end_to_end,24347
service,1
end_to_end,31412
service,2396
end_to_end,26868
service,2532
end_to_end,17417
service,793
end_to_end,25410
service,316
end_to_end,19168
service,940
end_to_end,9094
service,159
end_to_end,15136
service,5399
end_to_end,17564
service,127
end_to_end,26015
service,190
end_to_end,31878
service,1244
end_to_end,18333
service,507
end_to_end,18942
service,1
end_to_end,15390
service,849
end_to_end,26924
service,567
end_to_end,12844
service,1219
end_to_end,13011
service,1292
end_to_end,7191
service,0
end_to_end,29749
service,3
end_to_end,27013
service,66
end_to_end,37386
service,3803
end_to_end,26419
service,247
end_to_end,25642
service,5143
end_to_end,14140
service,2290
end_to_end,15631
service,549
end_to_end,27192
service,909
end_to_end,22276
service,718
end_to_end,25751
service,2489
end_to_end,21755
service,417
end_to_end,19357
service,1084
end_to_end,29158
service,4525
end_to_end,43301
service,4481
end_to_end,27504
service,473
end_to_end,36178
service,46
end_to_end,22668
service,2962
end_to_end,9777
service,1128
end_to_end,52323
service,4732
end_to_end,40738
service,49
end_to_end,15219
service,121
end_to_end,15189
service,55
end_to_end,15729
service,33
end_to_end,8636
service,910
end_to_end,25020
service,209
end_to_end,22765
service,4105
end_to_end,12083
service,159
end_to_end,10722
service,2156
end_to_end,24033
service,1
end_to_end,33624
service,274
end_to_end,5831
service,27
end_to_end,32852
service,18760
end_to_end,21416
service,745
end_to_end,8497
service,376
end_to_end,28113
service,714
end_to_end,26880
service,41
end_to_end,31933
service,67
end_to_end,39005
service,14420
end_to_end,32391
service,6298
end_to_end,25311
service,2975
end_to_end,27598
service,223
end_to_end,26167
service,184
end_to_end,31677
service,328
end_to_end,30946
service,3975
end_to_end,37659
service,498
end_to_end,32736
service,1565
end_to_end,43496
service,2524
end_to_end,19525
service,620
end_to_end,25857
service,5754
end_to_end,34252
service,329
end_to_end,11950
service,638
end_to_end,32756
service,4110
end_to_end,23651
service,3957
end_to_end,21228
service,136
end_to_end,31205
service,511
end_to_end,39255
service,5445
end_to_end,35163
service,441
end_to_end,16161
service,1610
end_to_end,22964
service,18
end_to_end,41421
service,5590
end_to_end,31381
service,1808
end_to_end,33724
service,150
end_to_end,3758
service,561
end_to_end,49839
service,1355
end_to_end,8538
service,365
end_to_end,19737
service,1059
end_to_end,65819
service,76
end_to_end,19463
service,1016
end_to_end,8232
service,50
end_to_end,9331
service,36
end_to_end,26433
service,19094
end_to_end,23716
service,283
end_to_end,24837
service,1135
end_to_end,16539
service,83
end_to_end,18044
service,98
end_to_end,29492
service,2849
end_to_end,10113
service,32
end_to_end,7753
service,21
end_to_end,34865
service,560
end_to_end,30131
service,28
end_to_end,12955
service,1595
end_to_end,41817
service,6046
end_to_end,15859
service,14
end_to_end,16741
service,1188
end_to_end,15197
service,629
end_to_end,12469
service,1231
end_to_end,26339
service,9937
end_to_end,23659
service,144
end_to_end,34612
service,2151
end_to_end,33707
service,1243
end_to_end,14069
service,335
end_to_end,13820
service,242
end_to_end,18131
service,1180
end_to_end,13636
service,2694
end_to_end,12024
service,28
end_to_end,39133
service,4132
end_to_end,40654
service,5340
end_to_end,11578
service,286
end_to_end,11394
service,149
end_to_end,15724
service,522
end_to_end,18555
service,1002
end_to_end,27619
service,338
end_to_end,15770
service,2754
end_to_end,16271
service,1125
end_to_end,34340
service,58
end_to_end,11018
service,101
end_to_end,40911
service,5409
end_to_end,30547
service,4296
end_to_end,33811
service,149
end_to_end,17505
service,45
end_to_end,25051
service,165
end_to_end,29508
service,760
end_to_end,7292
service,250
end_to_end,19950
service,2385
end_to_end,18210
service,1121
end_to_end,33784
service,4980
end_to_end,19397
service,2288
end_to_end,13525
service,1955
end_to_end,12679
service,793
end_to_end,11467
service,158
end_to_end,21220
service,1283
end_to_end,28048
service,562
end_to_end,18379
service,1806
end_to_end,34630
service,658
end_to_end,17820
service,1227
end_to_end,45600
service,387
end_to_end,15826
service,548
end_to_end,12133
service,19
end_to_end,12108
service,2644
end_to_end,66293
service,8447
end_to_end,19868
service,353
end_to_end,19616
service,5633
end_to_end,19502
service,1515
end_to_end,18121
service,226
end_to_end,3647
service,100
end_to_end,15106
service,5853
end_to_end,28773
service,10826
end_to_end,47626
service,5730
end_to_end,34219
service,11040
end_to_end,20845
service,746
end_to_end,29911
service,5018
end_to_end,15939
service,1148
end_to_end,16030
service,70
end_to_end,40757
service,3765
end_to_end,14350
service,807
end_to_end,21866
service,12183
end_to_end,22886
service,4751
end_to_end,30939
service,1558
end_to_end,10548
service,715
end_to_end,15090
service,90
end_to_end,20288
service,790
end_to_end,34065
service,524
end_to_end,13460
service,2279
end_to_end,19048
service,1160
end_to_end,16326
service,775
end_to_end,23578
service,292
end_to_end,14974
service,1495
end_to_end,17916
service,2993
end_to_end,17062
service,201
end_to_end,21606
service,340
end_to_end,37104
service,4047
end_to_end,35658
service,0
end_to_end,18954
service,111
end_to_end,22746
service,0
end_to_end,17931
service,8480
end_to_end,26896
service,3
end_to_end,48545
service,9367
end_to_end,32466
service,8
end_to_end,8706
service,57
end_to_end,24222
service,597
end_to_end,35769
service,6716
end_to_end,16654
service,4885
end_to_end,35509
service,7736
end_to_end,12510
service,92
end_to_end,18987
service,311
end_to_end,10893
service,14
end_to_end,16765
service,264
end_to_end,37655
service,1766
end_to_end,22005
service,3045
end_to_end,30296
service,324
end_to_end,37337
service,8253
end_to_end,29464
service,244
end_to_end,17650
service,62
end_to_end,25056
service,2549
end_to_end,30168
service,48
end_to_end,12589
service,776
end_to_end,21469
service,400
end_to_end,10982
service,959
end_to_end,17419
service,370
end_to_end,45069
service,191
end_to_end,24470
service,4396
end_to_end,17801
service,1795
end_to_end,31490
service,898
end_to_end,15417
service,3845
end_to_end,39800
service,3133
end_to_end,21512
service,950
end_to_end,22803
service,1600
end_to_end,16212
service,3351
end_to_end,52066
service,137
end_to_end,8974
service,1515
end_to_end,21143
service,4967
end_to_end,23877
service,969
end_to_end,22830
service,10
end_to_end,16961
service,0
end_to_end,16510
service,106
end_to_end,25250
service,2968
end_to_end,28470
service,548
end_to_end,26637
service,1046
end_to_end,30083
service,7795
end_to_end,21389
service,3429
end_to_end,15296
service,314
end_to_end,25484
service,1316
end_to_end,11908
service,38
end_to_end,39088
service,1670
end_to_end,29083
service,2117
end_to_end,22970
service,1241
end_to_end,20773
service,5794
end_to_end,36009
service,29
end_to_end,15719
service,11
end_to_end,42276
service,68
end_to_end,31151
service,4893
end_to_end,27947
service,1911
end_to_end,13744
service,92
end_to_end,38068
service,1550
end_to_end,29818
service,69
end_to_end,22603
service,1029
end_to_end,43265
service,2306
end_to_end,41347
service,2584
end_to_end,3722
service,3
end_to_end,42630
service,4410
end_to_end,29931
service,297
end_to_end,33237
service,481
end_to_end,53492
service,1013
end_to_end,11272
service,199
end_to_end,16689
service,152
end_to_end,10957
service,1979
end_to_end,23974
service,1
end_to_end,15242
service,837
end_to_end,22184
service,1344
end_to_end,11511
service,1091
end_to_end,7889
service,1716
end_to_end,25501
service,3508
end_to_end,27556
service,3414
end_to_end,16051
service,461
end_to_end,19406
service,3127
end_to_end,20501
service,383
end_to_end,26606
service,6384
end_to_end,17188
service,760
end_to_end,13512
service,3
end_to_end,24415
service,432
end_to_end,29824
service,1462
end_to_end,14391
service,918
end_to_end,19486
service,2
end_to_end,21467
service,469
end_to_end,19279
service,820
end_to_end,12849
service,1089
end_to_end,22370
service,3200
end_to_end,13604
service,32
end_to_end,14980
service,6134
end_to_end,10102
service,240
end_to_end,12881
service,142
end_to_end,27634
service,6171
end_to_end,10998
service,177
end_to_end,9191
service,4
end_to_end,20448
service,2061
end_to_end,19185
service,786
end_to_end,28496
service,18
end_to_end,15313
service,1341
end_to_end,27592
service,2240
end_to_end,11821
service,886
end_to_end,35431
service,2118
end_to_end,14208
service,26
end_to_end,13731
service,359
end_to_end,32315
service,2
end_to_end,24107
service,12
end_to_end,24839
service,0
end_to_end,13807
service,178
end_to_end,22108
service,10
end_to_end,32552
service,1071
end_to_end,13549
service,635
end_to_end,25301
service,3435
end_to_end,30323
service,71
end_to_end,30337
service,193
end_to_end,24177
service,190
end_to_end,42995
service,4962
end_to_end,33890
service,2002
end_to_end,23532
service,6662
end_to_end,34432
service,1837
end_to_end,27315
service,3984
end_to_end,17282
service,13
end_to_end,15303
service,290
end_to_end,12277
service,257
end_to_end,30306
service,1404
end_to_end,9049
service,1471
end_to_end,35814
service,304
end_to_end,18176
service,58
end_to_end,15757
service,1660
end_to_end,28341
service,930
end_to_end,21336
service,127
end_to_end,27205
service,4332
end_to_end,21179
service,516
end_to_end,35331
service,2452
end_to_end,13787
service,64
end_to_end,11255
service,1359
end_to_end,10929
service,130
end_to_end,34868
service,1252
end_to_end,28806
service,168
end_to_end,32264
service,5827
end_to_end,17104
service,2077
end_to_end,17352
service,2
end_to_end,31667
service,485
end_to_end,21451
service,7088
end_to_end,32685
service,110
end_to_end,6890
service,149
end_to_end,65519
service,6498
end_to_end,36846
service,1181
end_to_end,45148
service,4986
end_to_end,30318
service,2289
end_to_end,14614
service,8811
end_to_end,32074
service,3285
end_to_end,18047
service,484
end_to_end,20971
service,0
end_to_end,18981
service,2965
end_to_end,13905
service,128
end_to_end,41412
service,15183
end_to_end,22266
service,1033
end_to_end,19171
service,1054
end_to_end,35877
service,5480
end_to_end,23038
service,336
end_to_end,17129
service,546
end_to_end,19008
service,176
end_to_end,13550
service,316
end_to_end,5041
service,245
end_to_end,31919
service,2065
end_to_end,29136
service,18262
end_to_end,31745
service,546
end_to_end,23012
service,178
end_to_end,18625
service,1129
end_to_end,20003
service,2515
end_to_end,18396
service,450
end_to_end,19087
service,3065
end_to_end,22439
service,5366
end_to_end,19067
service,687
end_to_end,11649
service,1218
end_to_end,6660
service,4
end_to_end,28770
service,45
end_to_end,30569
service,3934
end_to_end,46289
service,505
end_to_end,15489
service,4223
end_to_end,12917
service,1475
end_to_end,6969
service,2774
end_to_end,11026
service,3783
end_to_end,16311
service,1
end_to_end,15738
service,3533
end_to_end,19310
service,231
end_to_end,8930
service,908
end_to_end,20839
service,93
end_to_end,17078
service,979
end_to_end,38304
service,1819
end_to_end,16308
service,3
end_to_end,28417
service,9991
end_to_end,12167
service,295
end_to_end,21348
service,3800
end_to_end,22090
service,9765
end_to_end,24627
service,93
end_to_end,13105
service,1328
end_to_end,18719
service,1920
end_to_end,22180
service,204
end_to_end,6813
service,127
end_to_end,35905
service,1761
end_to_end,37785
service,744
end_to_end,37457
service,2304
end_to_end,51191
service,2801
end_to_end,15357
service,4413
end_to_end,28931
service,209
end_to_end,26929
service,547
end_to_end,17178
service,683
end_to_end,22803
service,3787
end_to_end,30824
service,15
end_to_end,17888
service,80
end_to_end,27951
service,290
end_to_end,32581
service,1421
end_to_end,39065
service,188
end_to_end,33193
service,367
end_to_end,36764
service,20
end_to_end,44460
service,376
end_to_end,48019
service,8578
end_to_end,44692
service,147
end_to_end,27481
service,31
end_to_end,4491
service,229
end_to_end,15870
service,131
end_to_end,10623
service,681
end_to_end,33996
service,858
end_to_end,27756
service,403
end_to_end,10073
service,187
end_to_end,18658
service,1
end_to_end,21313
service,318
end_to_end,24109
service,16
end_to_end,21400
service,175
end_to_end,23248
service,2086
end_to_end,14759
service,1624
end_to_end,29942
service,2056
end_to_end,42483
service,8478
end_to_end,37520
service,7150
end_to_end,30696
service,3290
end_to_end,28242
service,605
end_to_end,26613
service,3864
end_to_end,16800
service,561
end_to_end,14370
service,6136
end_to_end,31697
service,7602
end_to_end,22229
service,1876
end_to_end,28958
service,3378
end_to_end,18704
service,1231
end_to_end,39122
service,1106
end_to_end,22960
service,9563
end_to_end,16368
service,565
end_to_end,21838
service,5355
end_to_end,28905
service,0
end_to_end,19994
service,137
end_to_end,9759
service,733
end_to_end,17738
service,1301
end_to_end,20338
service,7066
end_to_end,40524
service,1311
end_to_end,14190
service,4953
end_to_end,18785
service,1037
end_to_end,9946
service,167
end_to_end,33929
service,486
end_to_end,3893
service,1
end_to_end,39392
service,2821
end_to_end,44453
service,83
end_to_end,32837
service,1145
end_to_end,51879
service,1863
end_to_end,16466
service,6229
end_to_end,31155
service,184
end_to_end,21288
service,1098
end_to_end,25427
service,5167
end_to_end,39260
service,153
end_to_end,18574
service,468
end_to_end,37008
service,8
end_to_end,35422
service,1089
end_to_end,10650
service,112
end_to_end,32145
service,2081
end_to_end,44032
service,395
end_to_end,28744
service,7
end_to_end,32304
service,4282
end_to_end,44222
service,497
end_to_end,37105
service,4064
end_to_end,31890
service,3597
end_to_end,26632
service,1682
end_to_end,29408
service,7557
end_to_end,23609
service,375
end_to_end,30639
service,268
end_to_end,22913
service,1819
end_to_end,22205
service,292
end_to_end,19462
service,0
end_to_end,11375
service,1362
end_to_end,29598
service,800
end_to_end,32471
service,8909
end_to_end,20321
service,972
end_to_end,16004
service,1222
end_to_end,44066
service,2616
end_to_end,18309
service,292
end_to_end,29913
service,1
end_to_end,10708
service,17
end_to_end,20238
service,1920
end_to_end,26019
service,1658
end_to_end,25409
service,206
end_to_end,14750
service,288
end_to_end,18019
service,473
end_to_end,14683
service,575
end_to_end,21488
service,679
end_to_end,26785
service,2240
end_to_end,16376
service,1019
end_to_end,25674
service,235
end_to_end,23008
service,6307
end_to_end,21032
service,1082
end_to_end,25275
service,5755
end_to_end,24893
service,112
end_to_end,20414
service,425
end_to_end,17728
service,1043
end_to_end,23977
service,881
end_to_end,22327
service,8622
end_to_end,19114
service,2796
end_to_end,30902
service,2598
end_to_end,16826
service,596
end_to_end,25707
service,238
end_to_end,20820
service,6832
end_to_end,28028
service,11060
end_to_end,16749
service,3297
end_to_end,21450
service,7583
end_to_end,54492
service,3442
end_to_end,19773
service,650
end_to_end,10635
service,712
end_to_end,23801
service,177
end_to_end,59473
service,2522
end_to_end,29736
service,2834
end_to_end,28152
service,3052
end_to_end,19182
service,267
end_to_end,43847
service,2164
end_to_end,14809
service,8
end_to_end,18899
service,15
end_to_end,19414
service,3396
end_to_end,15068
service,81
end_to_end,10113
service,1475
end_to_end,35411
service,4300
end_to_end,12747
service,2758
end_to_end,31059
service,154
end_to_end,38350
service,2146
end_to_end,22838
service,1949
end_to_end,21121
service,4018
end_to_end,13258
service,6
end_to_end,23672
service,1938
end_to_end,18325
service,341
end_to_end,32555
service,7
end_to_end,43263
service,473
end_to_end,15801
service,1
end_to_end,28771
service,3
end_to_end,35741
service,385
end_to_end,17093
service,64
end_to_end,18945
service,1812
end_to_end,24638
service,138
end_to_end,28807
service,8891
end_to_end,38038
service,113
end_to_end,17848
service,785
end_to_end,22182
service,1764
end_to_end,31954
service,3848
end_to_end,21337
service,464
end_to_end,11856
service,816
end_to_end,21325
service,1604
end_to_end,8797
service,141
end_to_end,20943
service,352
end_to_end,26635
service,24
end_to_end,19939
service,528
end_to_end,38683
service,381
end_to_end,26396
service,8857
end_to_end,19856
service,2248
end_to_end,11398
service,125
end_to_end,23072
service,2397
end_to_end,12253
service,48
end_to_end,19300
service,1405
end_to_end,29205
service,4485
end_to_end,18038
service,106
end_to_end,20414
service,944
end_to_end,17337
service,909
end_to_end,17830
service,1984
end_to_end,15221
service,118
end_to_end,15282
service,1
end_to_end,19399
service,107
end_to_end,46703
service,2395
end_to_end,11521
service,4040
end_to_end,22796
service,92
end_to_end,17983
service,6132
end_to_end,16637
service,16
end_to_end,16848
service,486
end_to_end,28609
service,263
end_to_end,23082
service,1936
end_to_end,27874
service,5059
end_to_end,35577
service,1996
end_to_end,29262
service,2743
end_to_end,19561
service,3320
end_to_end,17562
service,7800
end_to_end,13773
service,1263
end_to_end,30129
service,304
end_to_end,14123
service,5861
end_to_end,13017
service,213
end_to_end,25313
service,3902
end_to_end,11787
service,9
end_to_end,11743
service,65
end_to_end,15841
service,967
end_to_end,11450
service,1861
end_to_end,18775
service,4152
end_to_end,21464
service,1172
end_to_end,25276
service,2749
end_to_end,17698
service,5807
end_to_end,20158
service,1285
end_to_end,24146
service,11581
end_to_end,31230
service,989
end_to_end,39218
service,349
end_to_end,11819
service,1794
end_to_end,23348
service,344
end_to_end,15750
service,1522
end_to_end,17134
service,363
end_to_end,24395
service,869
end_to_end,42288
service,3
end_to_end,20433
service,4531
end_to_end,20613
service,146
end_to_end,29440
service,1936
end_to_end,17292
service,338
end_to_end,12540
service,2772
end_to_end,29079
service,325
end_to_end,25937
service,3104
end_to_end,46355
service,405
end_to_end,31049
service,1233
end_to_end,28664
service,3423
end_to_end,19059
service,1798
end_to_end,16971
service,1256
end_to_end,21740
service,1253
end_to_end,16710
service,5248
end_to_end,28358
service,52
end_to_end,21305
service,2589
end_to_end,20313
service,4505
end_to_end,17996
service,61
end_to_end,25605
service,5546
end_to_end,12090
service,99
end_to_end,28593
service,193
end_to_end,30301
service,2
end_to_end,25843
service,572
end_to_end,29507
service,1
end_to_end,37924
service,175
end_to_end,7277
service,7
end_to_end,41803
service,3
end_to_end,19688
service,67
end_to_end,28362
service,4310
end_to_end,9497
service,38
end_to_end,31461
service,5424
end_to_end,25726
service,1831
end_to_end,17364
service,506
end_to_end,13287
service,3
end_to_end,47128
service,773
end_to_end,24130
service,9273
end_to_end,29048
service,2323
end_to_end,24660
service,1
end_to_end,37978
service,1131
end_to_end,8385
service,10
end_to_end,15300
service,9
end_to_end,32344
service,8282
end_to_end,22200
service,1093
end_to_end,20794
service,2100
end_to_end,39501
service,424
end_to_end,9297
service,361
end_to_end,11802
service,287
end_to_end,17687
service,285
end_to_end,23870
service,84
end_to_end,29490
service,3045
end_to_end,26440
service,2065
end_to_end,10084
service,1054
end_to_end,14009
service,424
end_to_end,35334
service,2
end_to_end,16893
service,1152
end_to_end,26644
service,5740
end_to_end,37314
service,1912
end_to_end,24151
service,16
end_to_end,12935
service,97
end_to_end,26048
service,13137
end_to_end,51807
service,2334
end_to_end,34706
service,119
end_to_end,10141
service,2068
end_to_end,7509
service,542
end_to_end,23734
service,41
end_to_end,19265
service,18
end_to_end,20156
service,1434
end_to_end,32689
service,5552
end_to_end,16132
service,345
end_to_end,20349
service,8111
end_to_end,27753
service,2889
end_to_end,14292
service,1979
end_to_end,13769
service,469
end_to_end,20645
service,823
end_to_end,25475
service,2222
end_to_end,10457
service,2820
end_to_end,18424
service,132
end_to_end,23715
service,1444
end_to_end,17848
service,781
end_to_end,21295
service,375
end_to_end,21033
service,413
end_to_end,22816
service,400
end_to_end,22449
service,0
end_to_end,31756
service,802
end_to_end,22614
service,3128
end_to_end,11122
service,0
end_to_end,23985
service,90
end_to_end,17502
service,139
end_to_end,36508
service,2379
end_to_end,25763
service,431
end_to_end,6162
service,493
end_to_end,13983
service,4466
end_to_end,13446
service,3658
end_to_end,12892
service,10
end_to_end,13663
service,1838
end_to_end,25343
service,3821
end_to_end,13058
service,2336
end_to_end,30060
service,1365
end_to_end,34370
service,2115
end_to_end,16174
service,1260
end_to_end,13111
service,440
end_to_end,20144
service,1912
end_to_end,52725
service,10818
end_to_end,15408
service,355
end_to_end,12416
service,3152
end_to_end,32874
service,1463
end_to_end,21834
service,4360
end_to_end,23095
service,1261
end_to_end,12986
service,181
end_to_end,23939
service,393
end_to_end,17828
service,960
end_to_end,26624
service,433
end_to_end,37689
service,12852
end_to_end,21881
service,5321
end_to_end,20291
service,153
end_to_end,12682
service,1863
end_to_end,15329
service,23
end_to_end,20801
service,480
end_to_end,22290
service,926
end_to_end,23309
service,1475
end_to_end,28208
service,172
end_to_end,27195
service,34
end_to_end,25420
service,1072
end_to_end,16538
service,6
end_to_end,15738
service,606
end_to_end,35436
service,12695
end_to_end,20092
service,4951
end_to_end,11335
service,341
end_to_end,25949
service,69
end_to_end,39038
service,1
end_to_end,13896
service,378
end_to_end,10552
service,763
end_to_end,27403
service,551
end_to_end,45839
service,195
end_to_end,31526
service,10
end_to_end,33552
service,3267
end_to_end,16904
service,121
end_to_end,23791
service,1392
end_to_end,9890
service,1357
end_to_end,23251
service,4021
end_to_end,17341
service,66
end_to_end,28355
service,7570
end_to_end,22765
service,1209
end_to_end,17695
service,3
end_to_end,10178
service,2
end_to_end,21356
service,193
end_to_end,23320
service,1130
end_to_end,16277
service,4336
end_to_end,16037
service,826
end_to_end,8132
service,2157
end_to_end,25888
service,816
end_to_end,11066
service,30
end_to_end,26995
service,4797
end_to_end,24275
service,481
end_to_end,23740
service,2433
end_to_end,23313
service,633
end_to_end,32109
service,719
end_to_end,16339
service,166
end_to_end,41048
service,194
end_to_end,22292
service,3595
end_to_end,18088
service,145
end_to_end,29101
service,3365
end_to_end,27237
service,40
end_to_end,18221
service,432
end_to_end,58958
service,8997
end_to_end,23487
service,667
end_to_end,20791
service,406
end_to_end,8086
service,1208
end_to_end,16762
service,1603
end_to_end,21116
service,2704
end_to_end,20603
service,79
end_to_end,18704
service,385
end_to_end,27383
service,2029
end_to_end,23819
service,2536
end_to_end,31575
service,215
end_to_end,27699
service,335
end_to_end,20608
service,2787
end_to_end,21967
service,356
end_to_end,22322
service,144
end_to_end,12734
service,273
end_to_end,12954
service,38
end_to_end,9648
service,144
end_to_end,51698
service,2517
end_to_end,19562
service,3
end_to_end,27065
service,2807
end_to_end,14444
service,278
end_to_end,11465
service,992
end_to_end,8378
service,1615
end_to_end,12507
service,494
end_to_end,18279
service,9226
end_to_end,19315
service,649
end_to_end,23307
service,3157
end_to_end,23813
service,63
end_to_end,36039
service,2820
end_to_end,32084
service,2
end_to_end,34944
service,718
end_to_end,19813
service,1178
end_to_end,20575
service,343
end_to_end,6867
service,10
end_to_end,21018
service,4356
end_to_end,18918
service,593
end_to_end,15249
service,1193
end_to_end,18325
service,2489
end_to_end,23425
service,3250
end_to_end,24285
service,5876
end_to_end,24173
service,120
end_to_end,25347
service,164
end_to_end,22606
service,862
end_to_end,28857
service,396
end_to_end,29896
service,750
end_to_end,16898
service,544
end_to_end,25355
service,2158
end_to_end,13734
service,182
end_to_end,22971
service,403
end_to_end,31813
service,3722
end_to_end,29004
service,1973
end_to_end,26237
service,418
end_to_end,32049
service,736
end_to_end,18986
service,2056
end_to_end,36262
service,4885
end_to_end,31014
service,2422
end_to_end,53331
service,11
end_to_end,29057
service,249
end_to_end,27753
service,4733
end_to_end,18373
service,3090
end_to_end,16806
service,1
end_to_end,24393
service,480
end_to_end,23496
service,843
end_to_end,12227
service,1554
end_to_end,17342
service,9
end_to_end,35306
service,1942
end_to_end,21066
service,0
end_to_end,13318
service,199
end_to_end,19948
service,7032
end_to_end,9576
service,916
end_to_end,16752
service,331
end_to_end,25264
service,1102
end_to_end,10297
service,147
end_to_end,31687
service,2360
end_to_end,12334
service,2420
end_to_end,22081
service,5
end_to_end,13473
service,3124
end_to_end,42261
service,15450
end_to_end,17061
service,1817
end_to_end,28835
service,2933
end_to_end,23165
service,1388
end_to_end,14059
service,306
end_to_end,50265
service,283
end_to_end,25260
service,462
end_to_end,15732
service,115
end_to_end,29741
service,1085
end_to_end,16771
service,0
end_to_end,27085
service,35
end_to_end,29425
service,1405
end_to_end,18044
service,344
end_to_end,34289
service,13697
end_to_end,18411
service,1503
end_to_end,8632
service,544
end_to_end,39149
service,256
end_to_end,20108
service,2173
end_to_end,18075
service,1200
end_to_end,21533
service,2042
end_to_end,17519
service,370
end_to_end,14117
service,2130
end_to_end,31698
service,20633
end_to_end,23638
service,4052
end_to_end,14586
service,224
end_to_end,36212
service,1389
end_to_end,16514
service,491
end_to_end,22995
service,594
end_to_end,23014
service,861
end_to_end,26899
service,1125
end_to_end,23216
service,434
end_to_end,12615
service,32
end_to_end,8183
service,628
end_to_end,30299
service,1124
end_to_end,23947
service,9111
end_to_end,46619
service,6489
end_to_end,19852
service,3234
end_to_end,22241
service,206
end_to_end,13854
service,194
end_to_end,40633
service,6144
end_to_end,22588
service,136
end_to_end,8675
service,11
end_to_end,25814
service,1910
end_to_end,13715
service,318
end_to_end,18030
service,3881
end_to_end,14946
service,88
end_to_end,34346
service,298
end_to_end,22122
service,37
end_to_end,25415
service,3963
end_to_end,26615
service,135
end_to_end,28131
service,1458
end_to_end,22062
service,782
end_to_end,32384
service,919
end_to_end,26279
service,26
end_to_end,12639
service,885
end_to_end,9506
service,2144
end_to_end,18754
service,2
end_to_end,31799
service,22151
end_to_end,40895
service,76
end_to_end,22564
service,561
end_to_end,21419
service,6169
end_to_end,27292
service,3810
end_to_end,41873
service,8265
end_to_end,42665
service,787
end_to_end,26515
service,5400
end_to_end,15222
service,1262
end_to_end,19650
service,2086
end_to_end,11015
service,0
end_to_end,19110
service,40
end_to_end,16473
service,143
end_to_end,4735
service,1
end_to_end,25219
service,4287
end_to_end,28847
service,1340
end_to_end,19456
service,9770
end_to_end,25430
service,4836
end_to_end,15502
service,876
end_to_end,41672
service,6421
end_to_end,15447
service,434
end_to_end,23564
service,10613
end_to_end,23817
service,7
end_to_end,20728
service,589
end_to_end,23998
service,58
end_to_end,32657
service,6
end_to_end,15518
service,208
end_to_end,13825
service,30
end_to_end,23306
service,48
end_to_end,21070
service,2732
end_to_end,43175
service,12834
end_to_end,37688
service,1071
end_to_end,21158
service,3283
end_to_end,18453
service,31
end_to_end,29600
service,4418
end_to_end,31414
service,11323
end_to_end,19181
service,1
end_to_end,32706
service,6
end_to_end,44143
service,2711
end_to_end,31003
service,1239
end_to_end,24019
service,55
end_to_end,16089
service,163
end_to_end,15076
service,304
end_to_end,22466
service,220
end_to_end,22202
service,1293
end_to_end,17503
service,7300
end_to_end,10287
service,4434
end_to_end,20772
service,1150
end_to_end,17310
service,4178
end_to_end,39745
service,13
end_to_end,25592
service,70
end_to_end,24933
service,1093
end_to_end,24755
service,8811
end_to_end,14516
service,276
end_to_end,11243
service,163
end_to_end,19091
service,1403
end_to_end,18694
service,776
end_to_end,32105
service,4111
end_to_end,26175
service,248
end_to_end,8625
service,361
end_to_end,32577
service,702
end_to_end,35783
service,853
end_to_end,17706
service,4779
end_to_end,34286
service,3571
end_to_end,23272
service,3
end_to_end,4579
service,34
end_to_end,35700
service,0
end_to_end,20465
service,5113
end_to_end,36100
service,451
end_to_end,18998
service,981
end_to_end,27062
service,2258
end_to_end,7714
service,0
end_to_end,36309
service,6577
end_to_end,28998
service,762
end_to_end,30614
service,4474
end_to_end,12980
service,5136
end_to_end,13031
service,155
end_to_end,14492
service,835
end_to_end,30071
service,166
end_to_end,22880
service,14795
end_to_end,10849
service,203
end_to_end,7229
service,314
end_to_end,36255
service,274
end_to_end,21713
service,3204
end_to_end,18054
service,3378
end_to_end,15969
service,5090
end_to_end,20304
service,294
end_to_end,41844
service,875
end_to_end,22849
service,4656
end_to_end,11015
service,7
end_to_end,40161
service,1286
end_to_end,11450
service,60
end_to_end,32188
service,11787
end_to_end,18972
service,740
end_to_end,16210
service,339
end_to_end,24326
service,1824
end_to_end,37298
service,720
end_to_end,19956
service,1747
end_to_end,20513
service,1
end_to_end,14199
service,354
end_to_end,30650
service,409
end_to_end,20137
service,2721
end_to_end,25157
service,575
end_to_end,27533
service,9302
end_to_end,27252
service,777
end_to_end,19876
service,4462
end_to_end,13896
service,32
end_to_end,18114
service,816
end_to_end,20279
service,1705
end_to_end,34932
service,401
end_to_end,30377
service,220
end_to_end,15447
service,491
end_to_end,23534
service,2437
end_to_end,26252
service,11124
end_to_end,33662
service,8466
end_to_end,32975
service,13839
end_to_end,30239
service,16163
end_to_end,16138
service,17
end_to_end,19453
service,67
end_to_end,12817
service,384
end_to_end,20567
service,1178
end_to_end,16232
service,186
end_to_end,43929
service,6236
end_to_end,13652
service,4152
end_to_end,21872
service,2151
end_to_end,29615
service,15
end_to_end,5939
service,588
end_to_end,16647
service,14
end_to_end,17157
service,1
end_to_end,25308
service,3112
end_to_end,24204
service,3640
end_to_end,11129
service,416
end_to_end,12121
service,4401
end_to_end,22116
service,400
end_to_end,19699
service,550
end_to_end,11628
service,2573
end_to_end,20750
service,354
end_to_end,16111
service,7615
end_to_end,10295
service,5004
end_to_end,18142
service,10734
end_to_end,19541
service,514
end_to_end,21087
service,1274
end_to_end,27704
service,45
end_to_end,9407
service,39
end_to_end,22184
service,34
end_to_end,40951
service,18504
end_to_end,19705
service,45
end_to_end,28102
service,0
end_to_end,18369
service,452
end_to_end,23127
service,1980
end_to_end,25350
service,419
end_to_end,26256
service,2556
end_to_end,10836
service,1703
end_to_end,16973
service,1086
end_to_end,28529
service,13395
end_to_end,38736
service,82
end_to_end,14915
service,505
end_to_end,16939
service,4702
end_to_end,28083
service,9
end_to_end,19591
service,3172
end_to_end,29214
service,327
end_to_end,27142
service,0
end_to_end,33029
service,4839
end_to_end,37816
service,2811
end_to_end,32700
service,1
end_to_end,31302
service,716
end_to_end,29664
service,11690
end_to_end,16239
service,635
end_to_end,10845
service,4
end_to_end,7898
service,1294
end_to_end,16216
service,255
end_to_end,20443
service,903
end_to_end,13693
service,1788
end_to_end,27365
service,639
end_to_end,13467
service,176
end_to_end,35548
service,2665
end_to_end,21130
service,4474
end_to_end,21623
service,429
end_to_end,39068
service,1200
end_to_end,40687
service,3756
end_to_end,32430
service,8255
end_to_end,44983
service,308
end_to_end,28141
service,1887
end_to_end,25420
service,1793
end_to_end,34239
service,70
end_to_end,39918
service,5133
end_to_end,36895
service,49
end_to_end,27478
service,17
end_to_end,25421
service,2835
end_to_end,15393
service,6
end_to_end,13381
service,4015
end_to_end,19712
service,64
end_to_end,25899
service,1704
end_to_end,8983
service,298
end_to_end,25377
service,1681
end_to_end,14719
service,3603
end_to_end,16947
service,161
end_to_end,18163
service,307
end_to_end,38386
service,243
end_to_end,33008
service,4019
end_to_end,17156
service,457
end_to_end,49674
service,4891
end_to_end,42604
service,48
end_to_end,22563
service,1369
end_to_end,17543
service,7444
end_to_end,26798
service,2132
end_to_end,39933
service,1564
end_to_end,15401
service,28
end_to_end,30842
service,3268
end_to_end,25870
service,1142
end_to_end,40437
service,5
end_to_end,34689
service,6184
end_to_end,25953
service,329
end_to_end,28562
service,1990
end_to_end,15313
service,1418
end_to_end,20628
service,696
end_to_end,28995
service,4132
end_to_end,31387
service,21
end_to_end,8178
service,5
end_to_end,14071
service,991
end_to_end,36768
service,347
end_to_end,51814
service,2672
end_to_end,34560
service,2929
end_to_end,52046
service,1248
end_to_end,20571
service,1250
end_to_end,27514
service,6202
end_to_end,34025
service,3447
end_to_end,10012
service,1
end_to_end,6583
service,1147
end_to_end,8182
service,1081
end_to_end,23726
service,300
end_to_end,22888
service,2125
end_to_end,18149
service,178
end_to_end,27867
service,2258
end_to_end,25695
service,6595
end_to_end,18796
service,3817
end_to_end,27997
service,1020
end_to_end,36240
service,7278
end_to_end,57740
service,737
end_to_end,23986
service,794
end_to_end,31394
service,407
end_to_end,28934
service,52
end_to_end,39976
service,4384
end_to_end,23125
service,307
end_to_end,35274
service,243
end_to_end,33329
service,3645
end_to_end,37961
service,7367
end_to_end,39941
service,2658
end_to_end,26982
service,156
end_to_end,28758
service,1285
end_to_end,23759
service,1580
end_to_end,31436
service,706
end_to_end,28051
service,1534
end_to_end,28449
service,3076
end_to_end,16856
service,645
end_to_end,25247
service,8340
end_to_end,15782
service,104
end_to_end,24404
service,356
end_to_end,27141
service,3950
end_to_end,37573
service,502
end_to_end,13633
service,6242
end_to_end,51191
service,4895
end_to_end,33055
service,5118
end_to_end,30389
service,1181
end_to_end,27191
service,1
end_to_end,22798
service,542
end_to_end,32847
service,4319
end_to_end,26819
service,5149
end_to_end,13093
service,1453
end_to_end,26621
service,8852
end_to_end,36510
service,162
end_to_end,28471
service,383
end_to_end,42497
service,11878
end_to_end,13040
service,2381
end_to_end,21340
service,4785
end_to_end,8998
service,50
end_to_end,20161
service,232
end_to_end,26084
service,45
end_to_end,16660
service,564
end_to_end,34040
service,15
end_to_end,23563
service,1122
end_to_end,18980
service,40
end_to_end,26595
service,1693
end_to_end,17500
service,4142
end_to_end,26537
service,3153
end_to_end,26277
service,86
end_to_end,17775
service,1984
end_to_end,24145
service,55
end_to_end,25058
service,3352
end_to_end,17577
service,1147
end_to_end,33783
service,1050
end_to_end,20778
service,1689
end_to_end,14519
service,2859
end_to_end,13721
service,1347
end_to_end,23796
service,1312
end_to_end,24614
service,6031
end_to_end,13119
service,428
end_to_end,38950
service,23
end_to_end,6719
service,363
end_to_end,5080
service,2592
end_to_end,19574
service,2310
end_to_end,19252
service,817
end_to_end,35110
service,283
end_to_end,21989
service,461
end_to_end,27531
service,4881
end_to_end,13312
service,453
end_to_end,16849
service,470
end_to_end,12574
service,767
end_to_end,12798
service,2808
end_to_end,26308
service,1377
end_to_end,16949
service,253
end_to_end,23051
service,2450
end_to_end,28175
service,0
end_to_end,29515
service,2758
end_to_end,17246
service,1304
end_to_end,45622
service,136
end_to_end,17672
service,120
end_to_end,28808
service,1828
end_to_end,8916
service,183
end_to_end,25059
service,3764
end_to_end,29122
service,1
end_to_end,19423
service,2522
end_to_end,25094
service,108
end_to_end,20764
service,11799
end_to_end,29228
service,285
end_to_end,26816
service,148
end_to_end,8538
service,152
end_to_end,23785
service,145
end_to_end,30166
service,130
end_to_end,14995
service,1228
end_to_end,29295
service,1
end_to_end,23439
service,1541
end_to_end,17973
service,120
end_to_end,17697
service,295
end_to_end,9722
service,1014
end_to_end,19148
service,3114
end_to_end,10124
service,1088
end_to_end,37174
service,4182
end_to_end,31888
service,1372
end_to_end,26434
service,3665
end_to_end,12344
service,1202
end_to_end,10642
service,25
end_to_end,10462
service,1050
end_to_end,21075
service,2376
end_to_end,6773
service,2423
end_to_end,32164
service,179
end_to_end,28359
service,601
end_to_end,21988
service,1057
end_to_end,19264
service,17
end_to_end,44107
service,3421
end_to_end,19338
service,275
end_to_end,20101
service,4652
end_to_end,24250
service,365
end_to_end,14352
service,5455
end_to_end,15448
service,1
end_to_end,23733
service,2442
end_to_end,17208
service,1261
end_to_end,14488
service,356
end_to_end,16420
service,870
end_to_end,8011
service,1312
end_to_end,10972
service,534
end_to_end,27384
service,27
end_to_end,19990
service,2015
end_to_end,19377
service,6152
end_to_end,15918
service,50
end_to_end,26338
service,1359
end_to_end,33673
service,1510
end_to_end,27679
service,87
end_to_end,13093
service,318
end_to_end,23517
service,1167
end_to_end,51731
service,1089
end_to_end,19443
service,880
end_to_end,15021
service,43
end_to_end,24792
service,3704
end_to_end,12858
service,8
end_to_end,27963
service,155
end_to_end,12903
service,1
end_to_end,21644
service,5901
end_to_end,11894
service,851
end_to_end,8492
service,4828
end_to_end,20860
service,164
end_to_end,13025
service,1336
end_to_end,9965
service,251
end_to_end,33534
service,5136
end_to_end,23708
service,627
end_to_end,23013
service,4247
end_to_end,19418
service,5518
end_to_end,20792
service,178
end_to_end,10039
service,1343
end_to_end,29889
service,3736
end_to_end,21986
service,2481
end_to_end,25843
service,512
end_to_end,13720
service,67
end_to_end,16088
service,31
end_to_end,16787
service,4766
end_to_end,16682
service,2952
end_to_end,17294
service,6376
end_to_end,24880
service,362
end_to_end,31926
service,7396
end_to_end,13307
service,320
end_to_end,20720
service,913
end_to_end,22435
service,1930
end_to_end,45059
service,2
end_to_end,18362
service,26
end_to_end,41193
service,11667
end_to_end,26178
service,1215
end_to_end,9687
service,245
end_to_end,16931
service,2496
end_to_end,32003
service,616
end_to_end,20605
service,1292
end_to_end,14239
service,70
end_to_end,12506
service,9
end_to_end,13553
service,2018
end_to_end,37150
service,2431
end_to_end,29113
service,1842
end_to_end,9731
service,507
end_to_end,15826
service,179
end_to_end,28650
service,91
end_to_end,40722
service,2188
end_to_end,14279
service,1346
end_to_end,8490
service,352
end_to_end,19527
service,2039
end_to_end,22725
service,8766
end_to_end,27833
service,46
end_to_end,21775
service,1008
end_to_end,14626
service,4306
end_to_end,31906
service,1115
end_to_end,13300
service,6669
end_to_end,19432
service,3189
end_to_end,18140
service,1030
end_to_end,21293
service,8183
end_to_end,15714
service,1289
end_to_end,13489
service,4490
end_to_end,14371
service,5535
end_to_end,25359
service,9264
end_to_end,18473
service,229
end_to_end,16754
service,2578
end_to_end,34683
service,127
end_to_end,16709
service,9260
end_to_end,24745
service,995
end_to_end,19142
service,120
end_to_end,26203
service,2240
end_to_end,11406
service,46
end_to_end,21316
service,1987
end_to_end,22560
service,722
end_to_end,13249
service,1718
end_to_end,31460
service,4736
end_to_end,41239
service,2313
end_to_end,18301
service,7706
end_to_end,32771
service,3406
end_to_end,15945
service,176
end_to_end,11531
service,314
end_to_end,12950
service,243
end_to_end,16895
service,6313
end_to_end,11019
service,240
end_to_end,20222
service,2932
end_to_end,10567
service,653
end_to_end,44823
service,1623
end_to_end,21192
service,2689
end_to_end,12297
service,218
end_to_end,6194
service,11
end_to_end,12439
service,533
end_to_end,35397
service,200
end_to_end,22548
service,1526
end_to_end,18910
service,639
end_to_end,40940
service,5
end_to_end,10425
service,708
end_to_end,9963
service,159
end_to_end,13102
service,3908
end_to_end,14097
service,625
end_to_end,7987
service,189
end_to_end,22061
service,2976
end_to_end,10284
service,3362
end_to_end,23300
service,5690
end_to_end,24429
service,67
end_to_end,34096
service,948
end_to_end,22172
service,6165
end_to_end,20363
service,142
end_to_end,17223
service,62
end_to_end,52279
service,1696
end_to_end,14912
service,22
end_to_end,20709
service,415
end_to_end,9989
service,1719
end_to_end,23710
service,4057
end_to_end,38530
service,11798
end_to_end,38622
service,4149
end_to_end,39013
service,2597
end_to_end,32496
service,741
end_to_end,18634
service,130
end_to_end,18605
service,289
end_to_end,23833
service,6399
end_to_end,25899
service,2065
end_to_end,35352
service,11156
end_to_end,12478
service,948
end_to_end,19222
service,642
end_to_end,17123
service,988
end_to_end,27940
service,3107
end_to_end,19999
service,1792
end_to_end,18162
service,3620
end_to_end,15881
service,1725
end_to_end,13491
service,1113
end_to_end,26692
service,15536
end_to_end,23999
service,4418
end_to_end,6362
service,1518
end_to_end,26820
service,4800
end_to_end,9940
service,504
end_to_end,9247
service,356
end_to_end,13788
service,667
end_to_end,24162
service,572
end_to_end,16998
service,441
end_to_end,15753
service,71
end_to_end,27045
service,978
end_to_end,22846
service,3681
end_to_end,12369
service,626
end_to_end,25591
service,41
end_to_end,44511
service,7140
end_to_end,19796
service,609
end_to_end,16050
service,353
end_to_end,22230
service,400
end_to_end,39460
service,9
end_to_end,17308
service,2058
end_to_end,14084
service,3248
end_to_end,14659
service,569
end_to_end,14692
service,607
end_to_end,14356
service,31
end_to_end,14055
service,425
end_to_end,24512
service,2
end_to_end,13814
service,646
end_to_end,21425
service,3349
end_to_end,24506
service,606
end_to_end,13390
service,1840
end_to_end,39009
service,20011
end_to_end,26050
service,91
end_to_end,22141
service,7005
end_to_end,31527
service,137
end_to_end,13051
service,2
end_to_end,27360
service,42
end_to_end,11440
service,2329
end_to_end,17776
service,2382
end_to_end,15793
service,176
end_to_end,17342
service,6
end_to_end,5570
service,42
end_to_end,17240
service,222
end_to_end,28949
service,1542
end_to_end,26442
service,7389
end_to_end,17190
service,55
end_to_end,31626
service,300
end_to_end,44275
service,5551
end_to_end,26435
service,665
end_to_end,8592
service,327
end_to_end,18232
service,1970
end_to_end,17882
service,902
end_to_end,15609
service,2087
end_to_end,32415
service,2143
end_to_end,5809
service,104
end_to_end,27093
service,615
end_to_end,20711
service,5365
end_to_end,23117
service,335
end_to_end,37600
service,1188
end_to_end,30997
service,7014
end_to_end,16748
service,121
end_to_end,22762
service,4943
end_to_end,27102
service,795
end_to_end,17886
service,1373
end_to_end,18989
service,1704
end_to_end,36795
service,2303
end_to_end,19813
service,15
end_to_end,27642
service,15476
end_to_end,16581
service,18
end_to_end,47239
service,10398
end_to_end,8239
service,2358
end_to_end,9208
service,4400
end_to_end,18165
service,2188
end_to_end,24110
service,9365
end_to_end,13526
service,3638
end_to_end,8923
service,2006
end_to_end,10041
service,64
end_to_end,13439
service,287
end_to_end,12783
service,882
end_to_end,28081
service,509
end_to_end,22191
service,46
end_to_end,19039
service,718
end_to_end,17777
service,225
end_to_end,29306
service,6085
end_to_end,25690
service,494
end_to_end,15498
service,896
end_to_end,11757
service,616
end_to_end,26279
service,3198
end_to_end,17005
service,0
end_to_end,37584
service,2439
end_to_end,23138
service,12
end_to_end,7425
service,515
end_to_end,10312
service,6285
end_to_end,8721
service,1255
end_to_end,25408
service,1589
end_to_end,18232
service,0
end_to_end,26740
service,1763
end_to_end,12506
service,823
end_to_end,6526
service,2413
end_to_end,22046
service,3619
end_to_end,41131
service,251
end_to_end,26361
service,4906
end_to_end,30783
service,1956
end_to_end,20108
service,379
end_to_end,21930
service,539
end_to_end,16067
service,1334
end_to_end,48014
service,4899
end_to_end,42682
service,2929
end_to_end,17979
service,48
end_to_end,19451
service,7588
end_to_end,22170
service,99
end_to_end,26916
service,2584
end_to_end,32329
service,289
end_to_end,20719
service,4470
end_to_end,30738
service,1583
end_to_end,23955
service,430
end_to_end,35437
service,1807
end_to_end,17799
service,214
end_to_end,27980
service,97
end_to_end,28806
service,4612
end_to_end,20136
service,29
end_to_end,22557
service,2442
end_to_end,13685
service,0
end_to_end,18420
service,684
end_to_end,22864
service,44
end_to_end,14993
service,552
end_to_end,20858
service,2116
end_to_end,12005
service,2580
end_to_end,17832
service,131
end_to_end,18625
service,439
end_to_end,52095
service,3404
end_to_end,17592
service,763
end_to_end,51653
service,8
end_to_end,39091
service,0
end_to_end,27115
service,998
end_to_end,19788
service,2131
end_to_end,14101
service,545
end_to_end,20761
service,33
end_to_end,22897
service,295
end_to_end,21019
service,7
end_to_end,24213
service,156
end_to_end,18543
service,3418
end_to_end,14205
service,147
end_to_end,15371
service,35
end_to_end,12260
service,165
end_to_end,23554
service,603
end_to_end,7174
service,530
end_to_end,19184
service,7141
end_to_end,13888
service,820
end_to_end,25304
service,2971
end_to_end,18242
service,9
end_to_end,11242
service,16
end_to_end,15033
service,177
end_to_end,14552
service,25
end_to_end,20609
service,1406
end_to_end,28332
service,2930
end_to_end,48760
service,4916
end_to_end,6090
service,55
end_to_end,34963
service,3547
end_to_end,21469
service,514
end_to_end,20892
service,870
end_to_end,51225
service,5622
end_to_end,11617
service,117
end_to_end,30996
service,1234
end_to_end,22770
service,604
end_to_end,50955
service,4747
end_to_end,24075
service,1163
end_to_end,14944
service,35
end_to_end,32495
service,434
end_to_end,11144
service,132
end_to_end,9841
service,17
end_to_end,12728
service,174
end_to_end,20364
service,3179
end_to_end,25641
service,1156
end_to_end,17702
service,3
end_to_end,21872
service,252
end_to_end,40957
service,876
end_to_end,26076
service,1478
end_to_end,22568
service,3954
end_to_end,37668
service,1560
end_to_end,21894
service,1735
end_to_end,53960
service,6337
end_to_end,8875
service,5672
end_to_end,32640
service,1971
end_to_end,29393
service,3591
end_to_end,35753
service,388
end_to_end,14854
service,5896
end_to_end,26172
service,753
end_to_end,41124
service,322
end_to_end,15532
service,2221
end_to_end,26028
service,257
end_to_end,17867
service,992
end_to_end,22261
service,287
end_to_end,35114
service,8472
end_to_end,25544
service,7106
end_to_end,40419
service,15161
end_to_end,15524
service,32
end_to_end,11103
service,38
end_to_end,24882
service,864
end_to_end,18063
service,299
end_to_end,26940
service,8752
end_to_end,23889
service,63
end_to_end,13386
service,143
end_to_end,20264
service,1657
end_to_end,14373
service,454
end_to_end,31152
service,463
end_to_end,15082
service,6950
end_to_end,29540
service,164
end_to_end,19661
service,557
end_to_end,19499
service,2951
end_to_end,22348
service,3092
end_to_end,42725
service,40
end_to_end,33702
service,8391
end_to_end,36214
service,3230
end_to_end,20907
service,6742
end_to_end,32035
service,2371
end_to_end,13288
service,625
end_to_end,10018
service,438
end_to_end,16608
service,10
end_to_end,48411
service,383
end_to_end,13286
service,945
end_to_end,37886
service,1187
end_to_end,33116
service,3842
end_to_end,24468
service,1271
end_to_end,17795
service,856
end_to_end,26821
service,958
end_to_end,22184
service,3306
end_to_end,14309
service,2767
end_to_end,33649
service,3223
end_to_end,35664
service,63
end_to_end,12345
service,882
end_to_end,17891
service,1579
end_to_end,18113
service,884
end_to_end,24632
service,611
end_to_end,18476
service,3631
end_to_end,11607
service,187
end_to_end,11754
service,3864
end_to_end,12902
service,2
end_to_end,15709
service,2273
end_to_end,33274
service,213
end_to_end,34604
service,4407
end_to_end,25619
service,1023
end_to_end,30102
service,2342
end_to_end,28104
service,14640
end_to_end,13060
service,563
end_to_end,61732
service,742
end_to_end,17107
service,2
end_to_end,51764
service,673
end_to_end,22522
service,684
end_to_end,12729
service,772
end_to_end,21317
service,4431
end_to_end,47671
service,2109
end_to_end,35214
service,5040
end_to_end,25970
service,3596
end_to_end,24323
service,6123
end_to_end,10642
service,45
end_to_end,17869
service,5785
end_to_end,14561
service,3806
end_to_end,27662
service,1868
end_to_end,27309
service,2061
end_to_end,20713
service,1733
end_to_end,9618
service,1595
end_to_end,11571
service,320
end_to_end,17408
service,727
end_to_end,18497
service,620
end_to_end,26323
service,3218
end_to_end,41102
service,3153
end_to_end,12921
service,2053
end_to_end,14449
service,2638
end_to_end,27303
service,292
end_to_end,16727
service,5194
end_to_end,23797
service,9
end_to_end,17885
service,4202
end_to_end,31203
service,10547
end_to_end,18872
service,382
end_to_end,26250
service,517
end_to_end,12244
service,2
end_to_end,37317
service,11611
end_to_end,32574
service,3370
end_to_end,9527
service,221
end_to_end,24220
service,4420
end_to_end,37321
service,5573
end_to_end,19133
service,410
end_to_end,31582
service,3375
end_to_end,24493
service,4459
end_to_end,23271
service,162
end_to_end,16849
service,1022
end_to_end,9262
service,1
end_to_end,35850
service,6126
end_to_end,40023
service,1206
end_to_end,26075
service,2415
end_to_end,13030
service,154
end_to_end,67987
service,11699
end_to_end,12350
service,115
end_to_end,16563
service,310
end_to_end,21725
service,208
end_to_end,58713
service,26083
end_to_end,55056
service,1400
end_to_end,29636
service,535
end_to_end,48189
service,2652
end_to_end,17637
service,77
end_to_end,50809
service,8332
end_to_end,49573
service,15210
end_to_end,31501
service,15032
end_to_end,13053
service,5
end_to_end,21284
service,0
end_to_end,17198
service,1674
end_to_end,8689
service,683
end_to_end,12189
service,3254
end_to_end,8040
service,1139
end_to_end,14134
service,244
end_to_end,14238
service,1714
end_to_end,13806
service,3366
end_to_end,15673
service,712
end_to_end,10765
service,2297
end_to_end,17120
service,2572
end_to_end,19746
service,1
end_to_end,9249
service,2026
end_to_end,16357
service,4861
end_to_end,11847
service,2475
end_to_end,7763
service,387
end_to_end,26872
service,367
end_to_end,37107
service,13630
end_to_end,8293
service,71
end_to_end,53882
service,13129
end_to_end,8568
service,18
end_to_end,41625
service,2959
end_to_end,29340
service,5386
end_to_end,23928
service,16
end_to_end,25376
service,4366
end_to_end,26635
service,200
end_to_end,46695
service,1180
end_to_end,18220
service,3429
end_to_end,26015
service,4588
end_to_end,33502
service,5244
end_to_end,29368
service,7796
end_to_end,39791
service,306
end_to_end,26057
service,6045
end_to_end,25929
service,181
end_to_end,28120
service,6557
end_to_end,30210
service,27
end_to_end,25776
service,43
end_to_end,21158
service,7242
end_to_end,38862
service,292
end_to_end,26695
service,3646
end_to_end,18693
service,248
end_to_end,24793
service,404
end_to_end,12506
service,76
end_to_end,15435
service,4260
end_to_end,55092
service,4532
end_to_end,30504
service,1760
end_to_end,13549
service,646
end_to_end,8949
service,104
end_to_end,25591
service,5388
end_to_end,10632
service,1270
end_to_end,15891
service,536
end_to_end,16996
service,287
end_to_end,30585
service,7798
end_to_end,21909
service,203
end_to_end,41325
service,4734
end_to_end,24400
service,8874
end_to_end,51582
service,2
end_to_end,27543
service,2087
end_to_end,27000
service,1109
end_to_end,16303
service,1643
end_to_end,38125
service,1764
end_to_end,43397
service,2154
end_to_end,27212
service,2759
end_to_end,41082
service,2862
end_to_end,29141
service,4985
end_to_end,45491
service,113
end_to_end,39934
service,7968
end_to_end,25391
service,5782
end_to_end,25392
service,0
end_to_end,21484
service,1215
end_to_end,18510
service,1244
end_to_end,27497
service,988
end_to_end,20042
service,2931
end_to_end,21748
service,2255
end_to_end,31274
service,184
end_to_end,35503
service,11377
end_to_end,16065
service,686
end_to_end,32437
service,2869
end_to_end,21820
service,525
end_to_end,12140
service,1258
end_to_end,30833
service,570
end_to_end,24244
service,776
end_to_end,15966
service,21
end_to_end,8462
service,308
end_to_end,28278
service,8985
end_to_end,33365
service,1417
end_to_end,19539
service,4709
end_to_end,28548
service,807
end_to_end,20991
service,170
end_to_end,19806
service,615
end_to_end,18285
service,1068
end_to_end,31280
service,2084
end_to_end,32271
service,1064
end_to_end,17787
service,1364
end_to_end,28440
service,102
end_to_end,16036
service,920
end_to_end,9140
service,2107
end_to_end,45013
service,1028
end_to_end,16348
service,219
end_to_end,17650
service,47
end_to_end,11915
service,6
end_to_end,18120
service,1663
end_to_end,19184
service,1
end_to_end,14402
service,129
end_to_end,39767
service,27061
end_to_end,11713
service,91
end_to_end,27394
service,2660
end_to_end,7379
service,1288
end_to_end,14033
service,1310
end_to_end,35281
service,433
end_to_end,9203
service,1661
end_to_end,37156
service,1403
end_to_end,37838
service,529
end_to_end,36794
service,0
end_to_end,40222
service,6941
end_to_end,17672
service,2202
end_to_end,38669
service,3
end_to_end,29042
service,9820
end_to_end,19459
service,538
end_to_end,18310
service,119
end_to_end,33643
service,1151
end_to_end,40842
service,18
end_to_end,27173
service,275
end_to_end,13647
service,42
end_to_end,17815
service,517
end_to_end,32533
service,7241
end_to_end,16140
service,1302
end_to_end,51014
service,590
end_to_end,4469
service,14
end_to_end,34576
service,13159
end_to_end,30514
service,13216
end_to_end,52963
service,77
end_to_end,8565
service,67
end_to_end,14266
service,167
end_to_end,14726
service,551
end_to_end,25809
service,218
end_to_end,26126
service,114
end_to_end,22409
service,1474
end_to_end,18499
service,60
end_to_end,26307
service,32
end_to_end,10343
service,268
end_to_end,16353
service,521
end_to_end,16233
service,990
end_to_end,34172
service,10926
end_to_end,34082
service,2026
end_to_end,26133
service,3194
end_to_end,23211
service,5390
end_to_end,12141
service,886
end_to_end,14265
service,1670
end_to_end,31782
service,4273
end_to_end,38888
service,4948
end_to_end,21908
service,135
end_to_end,19861
service,4586
end_to_end,26483
service,3174
end_to_end,24288
service,804
end_to_end,33586
service,1143
end_to_end,20731
service,0
end_to_end,35048
service,2063
end_to_end,25421
service,1958
end_to_end,18988
service,71
end_to_end,25331
service,185
end_to_end,13911
service,1652
end_to_end,47859
service,120
end_to_end,58616
service,105
end_to_end,11287
service,9
end_to_end,19146
service,645
end_to_end,32479
service,3610
end_to_end,20829
service,1560
end_to_end,11876
service,151
end_to_end,51075
service,22285
end_to_end,26240
service,4004
end_to_end,16548
service,90
end_to_end,28637
service,2559
end_to_end,26933
service,12674
end_to_end,12252
service,2494
end_to_end,34889
service,6248
end_to_end,14503
service,22
end_to_end,13981
service,159
end_to_end,25538
service,288
end_to_end,15080
service,2569
end_to_end,31302
service,1112
end_to_end,41601
service,1586
end_to_end,15342
service,515
end_to_end,26846
service,1106
end_to_end,36651
service,472
end_to_end,37303
service,1345
end_to_end,33263
service,18
end_to_end,42600
service,157
end_to_end,35237
service,194
end_to_end,8234
service,74
end_to_end,42755
service,0
end_to_end,43154
service,997
end_to_end,22597
service,278
end_to_end,72597
service,8427
end_to_end,43317
service,225
end_to_end,22424
service,1276
end_to_end,29506
service,4531
end_to_end,20843
service,572
end_to_end,32342
service,472
end_to_end,31976
service,4196
end_to_end,27815
service,44
end_to_end,10136
service,166
end_to_end,23954
service,5234
end_to_end,13495
service,490
end_to_end,26199
service,3126
end_to_end,10198
service,4904
end_to_end,20248
service,1929
end_to_end,32828
service,372
end_to_end,16614
service,3748
end_to_end,16537
service,978
end_to_end,19488
service,4526
end_to_end,17584
service,3461
end_to_end,13169
service,374
end_to_end,23514
service,1153
end_to_end,23870
service,9569
end_to_end,24221
service,4335
end_to_end,10523
service,1602
end_to_end,20121
service,4570
end_to_end,45393
service,9151
end_to_end,27188
service,10177
end_to_end,16207
service,136
end_to_end,18104
service,513
end_to_end,13912
service,2521
end_to_end,10960
service,3440
end_to_end,19150
service,12
end_to_end,17051
service,1185
end_to_end,27354
service,1579
end_to_end,23623
service,1548
end_to_end,31283
service,1861
end_to_end,13972
service,1171
end_to_end,25968
service,3456
end_to_end,26517
service,4606
end_to_end,12512
service,5226
end_to_end,10107
service,120
end_to_end,41794
service,1757
end_to_end,21931
service,1687
end_to_end,11303
service,2
end_to_end,19623
service,412
end_to_end,23466
service,1045
end_to_end,22905
service,415
end_to_end,19732
service,6240
end_to_end,11476
service,3645
end_to_end,39822
service,5909
end_to_end,54227
service,9582
end_to_end,25334
service,254
end_to_end,31931
service,334
end_to_end,16501
service,116
end_to_end,25895
service,1214
end_to_end,21361
service,4943
end_to_end,22493
service,654
end_to_end,16355
service,496
end_to_end,25824
service,372
end_to_end,18238
service,3675
end_to_end,37202
service,4305
end_to_end,31645
service,1883
end_to_end,9532
service,475
end_to_end,8139
service,101
end_to_end,51053
service,14620
end_to_end,15778
service,6295
end_to_end,30864
service,6088
end_to_end,7940
service,2236
end_to_end,26349
service,1170
end_to_end,33382
service,1415
end_to_end,31947
service,101
end_to_end,37182
service,1583
end_to_end,22900
service,317
end_to_end,28973
service,1705
end_to_end,28688
service,730
end_to_end,15142
service,3636
end_to_end,9468
service,1643
end_to_end,33313
service,94
end_to_end,32562
service,1239
end_to_end,39522
service,746
end_to_end,30682
service,16
end_to_end,13389
service,3119
end_to_end,31775
service,477
end_to_end,35079
service,1138
end_to_end,36265
service,12606
end_to_end,15478
service,1450
end_to_end,24022
service,8747
end_to_end,41300
service,2158
end_to_end,13321
service,956
end_to_end,21816
service,1314
end_to_end,21423
service,609
end_to_end,36307
service,4009
end_to_end,18115
service,425
end_to_end,16352
service,1448
end_to_end,21607
service,1005
end_to_end,16986
service,219
end_to_end,22419
service,8593
end_to_end,14530
service,187
end_to_end,26722
service,302
end_to_end,22378
service,1036
end_to_end,23546
service,3505
end_to_end,7485
service,442
end_to_end,23474
service,5232
end_to_end,16509
service,152
end_to_end,14556
service,2315
end_to_end,15830
service,2258
end_to_end,29847
service,10109
end_to_end,30226
service,1435
end_to_end,28335
service,2047
end_to_end,20096
service,3
end_to_end,28108
service,7839
end_to_end,22154
service,5925
end_to_end,27749
service,154
end_to_end,35502
service,145
end_to_end,20367
service,2723
end_to_end,19085
service,2564
end_to_end,13145
service,20
end_to_end,17323
service,263
end_to_end,20630
service,1551
end_to_end,16478
service,3
end_to_end,29443
service,3355
end_to_end,15651
service,30
end_to_end,23232
service,306
end_to_end,16537
service,190
end_to_end,24899
service,542
end_to_end,17607
service,24
end_to_end,40390
service,3096
end_to_end,19640
service,25
end_to_end,32776
service,9644
end_to_end,24102
service,3160
end_to_end,9837
service,250
end_to_end,36533
service,143
end_to_end,31247
service,570
end_to_end,13779
service,26
end_to_end,29227
service,3196
end_to_end,15369
service,377
end_to_end,19593
service,74
end_to_end,20267
service,2506
end_to_end,14337
service,976
end_to_end,14090
service,3
end_to_end,14152
service,3421
end_to_end,18336
service,4150
end_to_end,28527
service,278
end_to_end,39988
service,844
end_to_end,17020
service,29
end_to_end,17233
service,2243
end_to_end,37353
service,4124
end_to_end,25099
service,233
end_to_end,28251
service,800
end_to_end,31931
service,7584
end_to_end,26766
service,765
end_to_end,47189
service,1700
end_to_end,30929
service,2756
end_to_end,21954
service,2081
end_to_end,18802
service,35
end_to_end,22246
service,301
end_to_end,26394
service,4558
end_to_end,18753
service,218
end_to_end,15212
service,27
end_to_end,33737
service,1488
end_to_end,43286
service,111
end_to_end,46344
service,1042
end_to_end,51203
service,237
end_to_end,32772
service,4553
end_to_end,23822
service,1477
end_to_end,50254
service,353
end_to_end,27271
service,1438
end_to_end,18425
service,38
end_to_end,33249
service,7101
end_to_end,20861
service,272
end_to_end,16257
service,4351
end_to_end,18595
service,596
end_to_end,21132
service,196
end_to_end,13105
service,734
end_to_end,13420
service,0
end_to_end,7187
service,550
end_to_end,33688
service,716
end_to_end,33024
service,13662
end_to_end,17332
service,2648
end_to_end,20193
service,4138
end_to_end,8176
service,90
end_to_end,22956
service,4631
end_to_end,14088
service,937
end_to_end,18201
service,1477
end_to_end,16630
service,237
end_to_end,25968
service,432
end_to_end,15585
service,267
end_to_end,18809
service,160
end_to_end,20583
service,1131
end_to_end,9282
service,1873
end_to_end,19700
service,3319
end_to_end,16342
service,992
end_to_end,17924
service,1452
end_to_end,16134
service,698
end_to_end,21789
service,891
end_to_end,10155
service,165
end_to_end,35878
service,124
end_to_end,24212
service,1141
end_to_end,22653
service,2369
end_to_end,19619
service,10
end_to_end,16903
service,1090
end_to_end,35012
service,16245
end_to_end,29566
service,3333
end_to_end,30423
service,1923
end_to_end,25944
service,156
end_to_end,30793
service,2355
end_to_end,30316
service,2005
end_to_end,12017
service,437
end_to_end,45590
service,20160
end_to_end,20022
service,547
end_to_end,20963
service,3407
end_to_end,16200
service,1247
end_to_end,24499
service,16916
end_to_end,8461
service,85
end_to_end,32508
service,296
end_to_end,18408
service,955
end_to_end,19111
service,8054
end_to_end,20356
service,6
end_to_end,30355
service,536
end_to_end,29778
service,9242
end_to_end,18838
service,640
end_to_end,30380
service,1842
end_to_end,34011
service,2811
end_to_end,30825
service,448
end_to_end,35194
service,2442
end_to_end,39177
service,4020
end_to_end,47889
service,57
end_to_end,38278
service,842
end_to_end,17907
service,269
end_to_end,51925
service,969
end_to_end,14212
service,245
end_to_end,33065
service,1157
end_to_end,48411
service,1381
end_to_end,17919
service,19
end_to_end,9951
service,1043
end_to_end,30561
service,826
end_to_end,10734
service,18
end_to_end,16333
service,1605
end_to_end,22648
service,2410
end_to_end,23932
service,4042
end_to_end,28434
service,12
end_to_end,35492
service,238
end_to_end,10100
service,1983
end_to_end,16774
service,606
end_to_end,7339
service,873
end_to_end,9300
service,169
end_to_end,14965
service,813
end_to_end,56481
service,7108
end_to_end,46097
service,7016
end_to_end,40478
service,611
end_to_end,19723
service,0
end_to_end,11985
service,504
end_to_end,22724
service,7476
end_to_end,20914
service,1381
end_to_end,24922
service,78
end_to_end,26091
service,4227
end_to_end,19458
service,425
end_to_end,14551
service,6
end_to_end,20328
service,31
end_to_end,20764
service,1030
end_to_end,28667
service,1447
end_to_end,32240
service,3311
end_to_end,18248
service,1790
end_to_end,15659
service,196
end_to_end,26796
service,433
end_to_end,25138
service,193
end_to_end,18539
service,70
end_to_end,47032
service,6692
end_to_end,24255
service,61
end_to_end,12313
service,2
end_to_end,29654
service,261
end_to_end,9304
service,186
end_to_end,19601
service,1398
end_to_end,29707
service,3
end_to_end,28909
service,9457
end_to_end,22915
service,2177
end_to_end,9029
service,1681
end_to_end,26696
service,92
end_to_end,29978
service,434
end_to_end,9230
service,1780
end_to_end,32175
service,643
end_to_end,35282
service,18882
end_to_end,39747
service,3397
end_to_end,18746
service,5756
end_to_end,26206
service,309
end_to_end,17500
service,59
end_to_end,52663
service,2225
end_to_end,28508
service,420
end_to_end,39194
service,6200
end_to_end,16422
service,3
end_to_end,42542
service,52
end_to_end,25081
service,1040
end_to_end,32526
service,977
end_to_end,27774
service,1616
end_to_end,17914
service,113
end_to_end,19287
service,264
end_to_end,20991
service,2035
end_to_end,28040
service,4986
end_to_end,28740
service,0
end_to_end,36915
service,325
end_to_end,34217
service,393
end_to_end,21647
service,2100
end_to_end,13361
service,73
end_to_end,37219
service,3683
end_to_end,24248
service,234
end_to_end,20692
service,291
end_to_end,22516
service,1930
end_to_end,26017
service,1030
end_to_end,17242
service,727
end_to_end,20421
service,6078
end_to_end,19937
service,1784
end_to_end,37261
service,13777
end_to_end,15036
service,7
end_to_end,3400
service,117
end_to_end,17486
service,3516
end_to_end,17038
service,6125
end_to_end,17089
service,49
end_to_end,30157
service,1211
end_to_end,33321
service,481
end_to_end,23164
service,3667
end_to_end,32371
service,3125
end_to_end,21084
service,2534
end_to_end,22099
service,3554
end_to_end,14987
service,935
end_to_end,11007
service,2404
end_to_end,17878
service,7676
end_to_end,25948
service,165
end_to_end,15037
service,2823
end_to_end,19110
service,7
end_to_end,19110
service,1053
end_to_end,27351
service,4815
end_to_end,23420
service,2190
end_to_end,24048
service,92
end_to_end,12879
service,5191
end_to_end,34654
service,2592
end_to_end,16106
service,143
end_to_end,14410
service,361
end_to_end,31168
service,6227
end_to_end,22370
service,1064
end_to_end,19681
service,302
end_to_end,10612
service,49
end_to_end,24268
service,526
end_to_end,34316
service,8124
end_to_end,8251
service,790
end_to_end,7992
service,23
end_to_end,30675
service,4744
end_to_end,10364
service,562
end_to_end,21187
service,4985
end_to_end,6231
service,203
end_to_end,11424
service,564
end_to_end,34722
service,15234
end_to_end,11575
service,16
end_to_end,9159
service,1114
end_to_end,44239
service,3457
end_to_end,11884
service,298
end_to_end,23233
service,3644
end_to_end,17295
service,9680
end_to_end,33882
service,174
end_to_end,19857
service,85
end_to_end,11904
service,294
end_to_end,19974
service,374
end_to_end,8385
service,165
end_to_end,25604
service,8373
end_to_end,31365
service,1373
end_to_end,20618
service,324
end_to_end,27435
service,190
end_to_end,23496
service,5348
end_to_end,40619
service,1948
end_to_end,33335
service,1673
end_to_end,33365
service,30
end_to_end,34629
service,76
end_to_end,28155
service,2844
end_to_end,18374
service,34
end_to_end,19422
service,53
end_to_end,25300
service,1768
end_to_end,18033
service,352
end_to_end,24411
service,8229
end_to_end,12639
service,338
end_to_end,20103
service,446
end_to_end,10382
service,2282
end_to_end,18817
service,192
end_to_end,29551
service,3808
end_to_end,24564
service,37
end_to_end,29178
service,30
end_to_end,20141
service,4094
end_to_end,29782
service,448
end_to_end,37232
service,6959
end_to_end,27213
service,155
end_to_end,28190
service,449
end_to_end,22039
service,2100
end_to_end,14666
service,972
end_to_end,32121
service,197
end_to_end,25538
service,3517
end_to_end,16925
service,530
end_to_end,34964
service,6644
end_to_end,16613
service,510
end_to_end,12274
service,3263
end_to_end,29627
service,4398
end_to_end,17763
service,233
end_to_end,24116
service,2391
end_to_end,34298
service,703
end_to_end,18707
service,703
end_to_end,24845
service,7882
end_to_end,31184
service,2339
end_to_end,28498
service,222
end_to_end,23956
service,932
end_to_end,13242
service,2666
end_to_end,18847
service,620
end_to_end,11629
service,2083
end_to_end,39591
service,931
end_to_end,31755
service,626
end_to_end,23912
service,879
end_to_end,19714
service,150
end_to_end,13237
service,552
end_to_end,28986
service,6296
end_to_end,42444
service,277
end_to_end,33343
service,6470
end_to_end,37208
service,5930
end_to_end,24165
service,3396
end_to_end,25413
service,186
end_to_end,19666
service,6
end_to_end,23232
service,2372
end_to_end,35527
service,2
end_to_end,34153
service,3387
end_to_end,37521
service,4112
end_to_end,23657
service,566
end_to_end,31043
service,3860
end_to_end,16503
service,1578
end_to_end,16892
service,566
end_to_end,16872
service,944
end_to_end,27304
service,441
end_to_end,22712
service,0
end_to_end,20424
service,2784
end_to_end,25661
service,123
end_to_end,45291
service,1814
end_to_end,30034
service,1386
end_to_end,45432
service,5455
end_to_end,22330
service,682
end_to_end,28727
service,446
end_to_end,29897
service,4963
end_to_end,33377
service,419
end_to_end,7854
service,41
end_to_end,23614
service,10693
end_to_end,18078
service,2972
end_to_end,26224
service,5096
end_to_end,12379
service,19
end_to_end,27722
service,2464
end_to_end,7187
service,96
end_to_end,30424
service,6
end_to_end,35409
service,3053
end_to_end,14369
service,432
end_to_end,23049
service,2032
end_to_end,18330
service,773
end_to_end,9996
service,1188
end_to_end,16195
service,958
end_to_end,25953
service,5400
end_to_end,11360
service,2763
end_to_end,23308
service,1949
end_to_end,19156
service,126
end_to_end,36029
service,491
end_to_end,10600
service,257
end_to_end,13430
service,3829
end_to_end,15065
service,33
end_to_end,37174
service,1737
end_to_end,27189
service,1191
end_to_end,17834
service,3647
end_to_end,31053
service,96
end_to_end,10956
service,10
end_to_end,11925
service,83
end_to_end,5907
service,507
end_to_end,13873
service,1427
end_to_end,14492
service,527
end_to_end,32203
service,5238
end_to_end,9829
service,972
end_to_end,43036
service,853
end_to_end,28774
service,6215
end_to_end,9049
service,726
end_to_end,15366
service,781
end_to_end,20841
service,264
end_to_end,25649
service,838
end_to_end,17158
service,2281
end_to_end,25601
service,580
end_to_end,10885
service,1521
end_to_end,11919
service,1953
end_to_end,15064
service,945
end_to_end,30806
service,63
end_to_end,31441
service,13
end_to_end,17361
service,467
end_to_end,20132
service,2167
end_to_end,42834
service,2431
end_to_end,20537
service,281
end_to_end,16678
service,135
end_to_end,21982
service,378
end_to_end,27709
service,574
end_to_end,37522
service,9241
end_to_end,29661
service,2058
end_to_end,15145
service,3636
end_to_end,23053
service,5983
end_to_end,24798
service,478
end_to_end,33450
service,899
end_to_end,11938
service,223
end_to_end,17033
service,9474
end_to_end,21908
service,2787
end_to_end,26697
service,13321
end_to_end,31852
service,1315
end_to_end,16520
service,2015
end_to_end,14952
service,675
end_to_end,14219
service,6169
end_to_end,22869
service,19
end_to_end,42378
service,12841
end_to_end,16012
service,2475
end_to_end,19063
service,130
end_to_end,49879
service,8957
end_to_end,14752
service,957
end_to_end,25219
service,24
end_to_end,26195
service,2070
end_to_end,18695
service,111
end_to_end,15778
service,685
end_to_end,22248
service,2898
end_to_end,15829
service,125
end_to_end,20250
service,254
end_to_end,31569
service,105
end_to_end,23627
service,1103
end_to_end,12236
service,397
end_to_end,21765
service,2317
end_to_end,11735
service,119
end_to_end,16875
service,1053
end_to_end,22552
service,124
end_to_end,18143
service,2028
end_to_end,20385
service,4477
end_to_end,34540
service,4246
end_to_end,21641
service,1461
end_to_end,20501
service,937
end_to_end,19963
service,616
end_to_end,12977
service,156
end_to_end,31889
service,1915
end_to_end,22497
service,642
end_to_end,20974
service,126
end_to_end,41362
service,1431
end_to_end,15996
service,0
end_to_end,30753
service,102
end_to_end,35332
service,456
end_to_end,46492
service,37
end_to_end,54160
service,3577
end_to_end,72555
service,94
end_to_end,32404
service,265
end_to_end,34476
service,49
end_to_end,31366
service,5
end_to_end,12728
service,1767
end_to_end,18511
service,17
end_to_end,18072
service,3061
end_to_end,12882
service,1
end_to_end,5621
service,3260
end_to_end,14186
service,1
end_to_end,8705
service,115
end_to_end,38210
service,1855
end_to_end,34402
service,110
end_to_end,26963
service,325
end_to_end,13257
service,95
end_to_end,24731
service,47
end_to_end,16738
service,1386
end_to_end,17031
service,285
end_to_end,21268
service,4602
end_to_end,33778
service,4512
end_to_end,36147
service,4425
end_to_end,50091
service,13035
end_to_end,24778
service,525
end_to_end,18402
service,2839
end_to_end,29345
service,1003
end_to_end,20692
service,358
end_to_end,26047
service,4711
end_to_end,15512
service,7231
end_to_end,12644
service,77
end_to_end,13740
service,3731
end_to_end,16287
service,1503
end_to_end,4398
service,947
end_to_end,19043
service,1179
end_to_end,20162
service,557
end_to_end,11334
service,225
end_to_end,11303
service,5
end_to_end,23905
service,56
end_to_end,30837
service,12825
end_to_end,44370
service,6355
end_to_end,37071
service,9291
end_to_end,17531
service,1579
end_to_end,28621
service,355
end_to_end,23717
service,2059
end_to_end,17009
service,36
end_to_end,15956
service,1322
end_to_end,23454
service,436
end_to_end,20388
service,149
end_to_end,17922
service,216
end_to_end,20360
service,6463
end_to_end,31276
service,7854
end_to_end,17043
service,8545
end_to_end,12820
service,284
end_to_end,17357
service,307
end_to_end,30384
service,6086
end_to_end,25767
service,71
end_to_end,10183
service,753
end_to_end,31437
service,2081
end_to_end,24111
service,3916
end_to_end,25649
service,282
end_to_end,34730
service,583
end_to_end,31241
service,1
end_to_end,11803
service,563
end_to_end,20068
service,41
end_to_end,18853
service,364
end_to_end,44716
service,690
end_to_end,20294
service,522
end_to_end,35457
service,7
end_to_end,14375
service,151
end_to_end,51119
service,8018
end_to_end,23044
service,0
end_to_end,27115
service,117
end_to_end,11900
service,291
end_to_end,38294
service,26
end_to_end,14303
service,449
end_to_end,14643
service,1865
end_to_end,12562
service,209
end_to_end,16690
service,220
end_to_end,34516
service,985
end_to_end,9274
service,46
end_to_end,21416
service,3481
end_to_end,14275
service,1457
end_to_end,9135
service,36
end_to_end,8941
service,1230
end_to_end,24028
service,12
end_to_end,35831
service,1774
end_to_end,9608
service,99
end_to_end,22398
service,24
end_to_end,22108
service,10902
end_to_end,23817
service,648
end_to_end,17747
service,9
end_to_end,10371
service,705
end_to_end,26044
service,9195
end_to_end,36868
service,3546
end_to_end,10868
service,994
end_to_end,28985
service,449
end_to_end,19799
service,9184
end_to_end,34034
service,55
end_to_end,26791
service,358
end_to_end,4269
service,40
end_to_end,23142
service,22
end_to_end,25178
service,1223
end_to_end,17359
service,718
end_to_end,22735
service,14
end_to_end,34518
service,7577
end_to_end,20804
service,1583
end_to_end,30056
service,84
end_to_end,9161
service,171
end_to_end,13454
service,1779
end_to_end,34172
service,392
end_to_end,18429
service,140
end_to_end,34031
service,2163
end_to_end,34975
service,1496
end_to_end,19062
service,4425
end_to_end,17150
service,1826
end_to_end,26720
service,8211
end_to_end,30965
service,1545
end_to_end,23062
service,5540
end_to_end,25945
service,1035
end_to_end,30670
service,284
end_to_end,21192
service,6186
end_to_end,37658
service,10857
end_to_end,40066
service,2407
end_to_end,19494
service,5180
end_to_end,18615
service,4249
end_to_end,24897
service,730
end_to_end,17259
service,923
end_to_end,24104
service,3742
end_to_end,13047
service,2
end_to_end,25939
service,788
end_to_end,20032
service,3
end_to_end,36612
service,3822
end_to_end,21091
service,3023
end_to_end,23926
service,2862
end_to_end,32768
service,8222
end_to_end,12219
service,3332
end_to_end,27106
service,174
end_to_end,24591
service,2720
end_to_end,35777
service,13
end_to_end,32519
service,367
end_to_end,25797
service,9
end_to_end,38120
service,4211
end_to_end,28241
service,109
end_to_end,21865
service,27
end_to_end,21245
service,258
end_to_end,22506
service,4366
end_to_end,36070
service,1838
end_to_end,17883
service,6434
end_to_end,17966
service,5755
end_to_end,16452
service,2006
end_to_end,3429
service,780
end_to_end,23102
service,3348
end_to_end,21096
service,32
end_to_end,14551
service,89
end_to_end,24781
service,68
end_to_end,19030
service,3512
end_to_end,34228
service,831
end_to_end,12294
service,222
end_to_end,22573
service,4023
end_to_end,21658
service,100
end_to_end,10472
service,1
end_to_end,36374
service,9060
end_to_end,15692
service,3671
end_to_end,21686
service,2092
end_to_end,29873
service,3894
end_to_end,25590
service,8520
end_to_end,10369
service,95
end_to_end,22525
service,1305
end_to_end,17860
service,427
end_to_end,36154
service,977
end_to_end,16187
service,451
end_to_end,22293
service,2938
end_to_end,23612
service,9913
end_to_end,49506
service,3801
end_to_end,13991
service,1386
end_to_end,35217
service,1432
end_to_end,16268
service,6075
end_to_end,15002
service,333
end_to_end,12587
service,95
end_to_end,17869
service,9984
end_to_end,18260
service,659
end_to_end,16077
service,984
end_to_end,16024
service,826
end_to_end,32113
service,9262
end_to_end,2179
service,844
end_to_end,27875
service,776
end_to_end,23078
service,2
end_to_end,19883
service,1184
end_to_end,22204
service,8576
end_to_end,19877
service,3005
end_to_end,49138
service,6689
end_to_end,46861
service,7472
end_to_end,43061
service,7732
end_to_end,19013
service,6
end_to_end,17934
service,1449
end_to_end,23204
service,5872
end_to_end,21453
service,2271
end_to_end,40002
service,308
end_to_end,22264
service,927
end_to_end,14755
service,3836
end_to_end,27346
service,10813
end_to_end,23890
service,266
end_to_end,25006
service,2285
end_to_end,20178
service,1288
end_to_end,15413
service,540
end_to_end,15280
service,247
end_to_end,25540
service,6514
end_to_end,17383
service,424
end_to_end,16516
service,38
end_to_end,18581
service,1442
end_to_end,10958
service,109
end_to_end,17105
service,2620
end_to_end,23593
service,586
end_to_end,14734
service,1579
end_to_end,41189
service,1582
end_to_end,29051
service,3659
end_to_end,31274
service,3191
end_to_end,29225
service,7
end_to_end,20485
service,650
end_to_end,21593
service,48
end_to_end,12843
service,1471
end_to_end,28483
service,3432
end_to_end,14329
service,137
end_to_end,36427
service,73
end_to_end,32051
service,1447
end_to_end,12942
service,201
end_to_end,10571
service,94
end_to_end,22944
service,4
end_to_end,19412
service,9
end_to_end,32246
service,2129
end_to_end,10336
service,266
end_to_end,16037
service,2353
end_to_end,12758
service,2443
end_to_end,17893
service,176
end_to_end,35188
service,11222
end_to_end,37711
service,4209
end_to_end,20789
service,1005
end_to_end,9340
service,1202
end_to_end,19687
service,971
end_to_end,10205
service,3234
end_to_end,16335
service,5
end_to_end,19104
service,1271
end_to_end,10070
service,197
end_to_end,22269
service,8
end_to_end,10582
service,33
end_to_end,20518
service,4
end_to_end,7257
service,1226
end_to_end,26375
service,1249
end_to_end,40053
service,2085
end_to_end,11289
service,1768
end_to_end,54456
service,166
end_to_end,27509
service,911
end_to_end,19648
service,1528
end_to_end,10417
service,215
end_to_end,24735
service,586
end_to_end,19788
service,106
end_to_end,16675
service,1
end_to_end,16039
service,7167
end_to_end,11545
service,0
end_to_end,9944
service,1744
end_to_end,16554
service,7
end_to_end,21565
service,3696
end_to_end,14394
service,4
end_to_end,37985
service,3107
end_to_end,19348
service,57
end_to_end,23367
service,6065
end_to_end,17302
service,53
end_to_end,35532
service,1
end_to_end,24762
service,284
end_to_end,14119
service,910
end_to_end,41815
service,8681
end_to_end,21907
service,4368
end_to_end,27564
service,3434
end_to_end,25842
service,8989
end_to_end,10679
service,28
end_to_end,18849
service,1097
end_to_end,8854
service,3114
end_to_end,10135
service,562
end_to_end,27107
service,198
end_to_end,11365
service,1482
end_to_end,24561
service,1436
end_to_end,15119
service,496
end_to_end,24154
service,455
end_to_end,27140
service,1090
end_to_end,27233
service,41
end_to_end,20514
service,3147
end_to_end,17146
service,174
end_to_end,30254
service,3200
end_to_end,33320
service,3134
end_to_end,29476
service,212
end_to_end,9743
service,30
end_to_end,16431
service,44
end_to_end,19630
service,3977
end_to_end,18418
service,2059
end_to_end,8283
service,908
end_to_end,24720
service,2600
end_to_end,17969
service,48
end_to_end,8431
service,28
end_to_end,14830
service,373
end_to_end,20578
service,1221
end_to_end,21550
service,1392
end_to_end,11116
service,508
end_to_end,8303
service,272
end_to_end,14474
service,3521
end_to_end,38413
service,2159
end_to_end,47766
service,481
end_to_end,43184
service,2071
end_to_end,47019
service,2196
end_to_end,41681
service,74
end_to_end,12622
service,231
end_to_end,21237
service,18
end_to_end,15578
service,4409
end_to_end,33233
service,4532
end_to_end,14990
service,910
end_to_end,11548
service,190
end_to_end,24114
service,8082
end_to_end,17360
service,72
end_to_end,38669
service,2110
end_to_end,20319
service,746
end_to_end,27643
service,7051
end_to_end,24864
service,1462
end_to_end,12467
service,2695
end_to_end,22171
service,10822
end_to_end,28448
service,3054
end_to_end,18054
service,487
end_to_end,25560
service,123
end_to_end,12008
service,4
end_to_end,30709
service,571
end_to_end,29192
service,25
end_to_end,26250
service,12640
end_to_end,11631
service,96
end_to_end,43712
service,2276
end_to_end,31217
service,5
end_to_end,20657
service,6788
end_to_end,27145
service,1051
end_to_end,20846
service,365
end_to_end,36964
service,43
end_to_end,33333
service,13536
end_to_end,31678
service,97
end_to_end,29156
service,4505
end_to_end,30377
service,5223
end_to_end,15571
service,363
end_to_end,21247
service,7676
end_to_end,29543
service,168
end_to_end,29276
service,604
end_to_end,11986
service,164
end_to_end,14284
service,124
end_to_end,26771
service,580
end_to_end,10975
service,690
end_to_end,13822
service,2883
end_to_end,9854
service,94
end_to_end,21164
service,4229
end_to_end,44220
service,2993
end_to_end,21665
service,75
end_to_end,19949
service,264
end_to_end,29694
service,1279
end_to_end,23593
service,66
end_to_end,31112
service,940
end_to_end,24485
service,433
end_to_end,5901
service,13
end_to_end,31922
service,3556
end_to_end,26125
service,32
end_to_end,38313
service,2
end_to_end,18349
service,252
end_to_end,16705
service,281
end_to_end,48394
service,7906
end_to_end,13391
service,3530
end_to_end,29902
service,3221
end_to_end,23028
service,186
end_to_end,19939
service,19
end_to_end,9575
service,12
end_to_end,41549
service,1037
end_to_end,31200
service,557
end_to_end,8071
service,2782
end_to_end,30828
service,428
end_to_end,74970
service,4420
end_to_end,17736
service,669
end_to_end,19262
service,4375
end_to_end,27120
service,1894
end_to_end,19502
service,1558
end_to_end,29599
service,3241
end_to_end,11009
service,1428
end_to_end,10049
service,84
end_to_end,24271
service,380
end_to_end,17130
service,1975
end_to_end,19363
service,2588
end_to_end,30146
service,533
end_to_end,28084
service,6103
end_to_end,26065
service,2119
end_to_end,35150
service,33
end_to_end,19448
service,1384
end_to_end,43499
service,10499
end_to_end,40964
service,102
end_to_end,28463
service,3476
end_to_end,16635
service,1838
end_to_end,18035
service,602
end_to_end,9192
service,26
end_to_end,17268
service,755
end_to_end,24436
service,112
end_to_end,23427
service,1697
end_to_end,15253
service,117
end_to_end,24672
service,611
end_to_end,35206
service,1450
end_to_end,32123
service,320
end_to_end,24988
service,9923
end_to_end,13618
service,4060
end_to_end,13198
service,38
end_to_end,23899
service,130
end_to_end,28940
service,2967
end_to_end,63334
service,948
end_to_end,54807
service,1541
end_to_end,18691
service,3044
end_to_end,18596
service,3869
end_to_end,28141
service,2
end_to_end,44538
service,21076
end_to_end,15193
service,18
end_to_end,14074
service,56
end_to_end,21975
service,128
end_to_end,30489
service,6
end_to_end,13518
service,2430
end_to_end,20083
service,2029
end_to_end,16660
service,2490
end_to_end,9404
service,1857
end_to_end,30816
service,7956
end_to_end,33335
service,6668
end_to_end,21704
service,541
end_to_end,18864
service,274
end_to_end,23221
service,3132
end_to_end,24268
service,2943
end_to_end,26372
service,4208
end_to_end,16616
service,4781
end_to_end,31826
service,13485
end_to_end,35918
service,504
end_to_end,20424
service,2930
end_to_end,24726
service,630
end_to_end,33443
service,264
end_to_end,20482
service,911
end_to_end,30352
service,5879
end_to_end,19319
service,97
end_to_end,25225
service,126
end_to_end,23312
service,1035
end_to_end,33443
service,360
end_to_end,26261
service,975
end_to_end,35068
service,1993
end_to_end,26579
service,3567
end_to_end,26678
service,1646
end_to_end,22680
service,2218
end_to_end,19319
service,3539
end_to_end,21045
service,6539
end_to_end,33181
service,2247
end_to_end,22966
service,1154
end_to_end,25053
service,12128
end_to_end,22501
service,5192
end_to_end,39539
service,2302
end_to_end,49869
service,18774
end_to_end,19781
service,584
end_to_end,20382
service,8835
end_to_end,10668
service,667
end_to_end,11741
service,1011
end_to_end,14268
service,29
end_to_end,32568
service,4190
end_to_end,14759
service,5435
end_to_end,25847
service,777
end_to_end,17789
service,0
end_to_end,16504
service,263
end_to_end,17329
service,698
end_to_end,35271
service,341
end_to_end,18869
service,1
end_to_end,20030
service,1863
end_to_end,23207
service,117
end_to_end,2861
service,137
end_to_end,24535
service,98
end_to_end,22463
service,2865
end_to_end,17596
service,484
end_to_end,31230
service,1911
end_to_end,33581
service,5552
end_to_end,17915
service,1134
end_to_end,13310
service,130
end_to_end,21119
service,721
end_to_end,12225
service,724
end_to_end,12244
service,20
end_to_end,3304
service,860
end_to_end,24360
service,230
end_to_end,26264
service,1547
end_to_end,32274
service,2892
end_to_end,44061
service,6358
end_to_end,15455
service,31
end_to_end,38275
service,1427
end_to_end,19834
service,185
end_to_end,28274
service,3925
end_to_end,26702
service,4844
end_to_end,8824
service,837
end_to_end,16239
service,687
end_to_end,22251
service,3141
end_to_end,13127
service,55
end_to_end,33577
service,3432
end_to_end,20875
service,2064
end_to_end,38122
service,0
end_to_end,13381
service,3179
end_to_end,8381
service,162
end_to_end,5842
service,1724
end_to_end,12552
service,1754
end_to_end,28591
service,2073
end_to_end,18042
service,1859
end_to_end,20113
service,10
end_to_end,29259
service,302
end_to_end,17076
service,8
end_to_end,30580
service,796
end_to_end,32717
service,357
end_to_end,12911
service,846
end_to_end,34034
service,600
end_to_end,15134
service,53
end_to_end,18255
service,519
end_to_end,15923
service,3636
end_to_end,14521
service,1346
end_to_end,16530
service,3291
end_to_end,13818
service,309
end_to_end,31743
service,1764
end_to_end,40547
service,6586
end_to_end,36237
service,2810
end_to_end,31737
service,38
end_to_end,30568
service,5
end_to_end,28488
service,4
end_to_end,31324
service,223
end_to_end,34706
service,345
end_to_end,36706
service,6957
end_to_end,18508
service,306
end_to_end,24847
service,3609
end_to_end,26517
service,9355
end_to_end,30667
service,89
end_to_end,10182
service,153
end_to_end,13053
service,528
end_to_end,31263
service,8962
end_to_end,29187
service,983
end_to_end,17800
service,3
end_to_end,8765
service,1430
end_to_end,22852
service,229
end_to_end,15715
service,0
end_to_end,29816
service,817
end_to_end,11202
service,3748
end_to_end,11010
service,5692
end_to_end,30846
service,841
end_to_end,27808
service,55
end_to_end,50987
service,6609
end_to_end,20302
service,54
end_to_end,31137
service,876
end_to_end,9595
service,805
end_to_end,28377
service,1613
end_to_end,15530
service,445
end_to_end,13744
service,1001
end_to_end,14303
service,75
end_to_end,12679
service,64
end_to_end,59773
service,21368
end_to_end,25211
service,4525
end_to_end,32461
service,919
end_to_end,29374
service,952
end_to_end,19672
service,3858
end_to_end,22667
service,6585
end_to_end,16030
service,1064
end_to_end,19650
service,1099
end_to_end,27073
service,342
end_to_end,22240
service,4245
end_to_end,26753
service,6718
end_to_end,11209
service,594
end_to_end,13034
service,656
end_to_end,43693
service,3729
end_to_end,22981
service,166
end_to_end,23687
service,3
end_to_end,23739
service,2011
end_to_end,26652
service,521
end_to_end,15705
service,502
end_to_end,16809
service,269
end_to_end,29527
service,81
end_to_end,31178
service,542
end_to_end,25595
service,2804
end_to_end,11341
service,2012
end_to_end,32182
service,218
end_to_end,34557
service,7424
end_to_end,11014
service,1053
end_to_end,33259
service,2089
end_to_end,17017
service,2934
end_to_end,21843
service,1
end_to_end,29478
service,13
end_to_end,44747
service,41
end_to_end,68046
service,2183
end_to_end,13685
service,205
end_to_end,34624
service,1252
end_to_end,8717
service,0
end_to_end,18199
service,440
end_to_end,27693
service,3326
end_to_end,47334
service,7902
end_to_end,13479
service,2
end_to_end,31621
service,12608
end_to_end,32529
service,552
end_to_end,54096
service,1176
end_to_end,34100
service,1417
end_to_end,30302
service,3869
end_to_end,16207
service,78
end_to_end,19110
service,3002
end_to_end,16870
service,861
end_to_end,24407
service,705
end_to_end,32736
service,8830
end_to_end,10128
service,182
end_to_end,32687
service,358
end_to_end,37201
service,4000
end_to_end,17436
service,30
end_to_end,38331
service,2671
end_to_end,11957
service,277
end_to_end,13245
service,159
end_to_end,21868
service,74
end_to_end,38721
service,1426
end_to_end,33235
service,4313
end_to_end,21801
service,9
end_to_end,36460
service,782
end_to_end,16623
service,3530
end_to_end,34048
service,485
end_to_end,28482
service,260
end_to_end,49160
service,8479
end_to_end,49501
service,2397
end_to_end,48449
service,2405
end_to_end,36315
service,4451
end_to_end,27641
service,559
end_to_end,8986
service,71
end_to_end,16105
service,3065
end_to_end,27979
service,4
end_to_end,19967
service,12
end_to_end,15433
service,5857
end_to_end,26323
service,2537
end_to_end,8140
service,1
end_to_end,16162
service,530
end_to_end,16498
service,442
end_to_end,11632
service,580
end_to_end,13007
service,381
end_to_end,24497
service,60
end_to_end,12637
service,242
end_to_end,14585
service,1045
end_to_end,23069
service,6437
end_to_end,27648
service,204
end_to_end,18844
service,2886
end_to_end,18001
service,3441
end_to_end,10055
service,1780
end_to_end,11027
service,711
end_to_end,30544
service,3316
end_to_end,16212
service,33
end_to_end,10414
service,1626
end_to_end,16136
service,413
end_to_end,12952
service,91
end_to_end,19126
service,3354
end_to_end,33044
service,599
end_to_end,8790
service,1144
end_to_end,13038
service,2085
end_to_end,26138
service,7623
end_to_end,20660
service,3224
end_to_end,52230
service,4955
end_to_end,13328
service,883
end_to_end,38940
service,13
end_to_end,8301
service,45
end_to_end,32867
service,432
end_to_end,20911
service,2300
end_to_end,33583
service,518
end_to_end,28402
service,3086
end_to_end,19903
service,1732
end_to_end,18476
service,123
end_to_end,24390
service,1984
end_to_end,34711
service,2048
end_to_end,24023
service,572
end_to_end,23382
service,14
end_to_end,17111
service,58
end_to_end,34898
service,1
end_to_end,13192
service,1229
end_to_end,19132
service,2135
end_to_end,12402
service,547
end_to_end,30745
service,310
end_to_end,32119
service,3861
end_to_end,32109
service,9797
end_to_end,34756
service,17016
end_to_end,23808
service,1944
end_to_end,18272
service,573
end_to_end,35399
service,10
end_to_end,7521
service,2375
end_to_end,15887
service,93
end_to_end,25955
service,8336
end_to_end,25208
service,3
end_to_end,20073
service,12
end_to_end,22708
service,5169
end_to_end,32382
service,2149
end_to_end,20171
service,12
end_to_end,19920
service,39
end_to_end,18538
service,524
end_to_end,10813
service,1874
end_to_end,19436
service,273
end_to_end,39189
service,1268
end_to_end,32994
service,8845
end_to_end,12419
service,727
end_to_end,22765
service,7463
end_to_end,10459
service,927
end_to_end,33893
service,6323
end_to_end,49764
service,1046
end_to_end,15306
service,144
end_to_end,29579
service,478
end_to_end,16131
service,2444
end_to_end,11561
service,6
end_to_end,12756
service,1825
end_to_end,9545
service,237
end_to_end,30324
service,97
end_to_end,36442
service,579
end_to_end,30870
service,212
end_to_end,25645
service,6970
end_to_end,10445
service,1500
end_to_end,21533
service,1056
end_to_end,20708
service,916
end_to_end,12843
service,329
end_to_end,18984
service,1602
end_to_end,25259
service,3212
end_to_end,17663
service,520
end_to_end,21171
service,5008
end_to_end,26178
service,1145
end_to_end,39933
service,153
end_to_end,26080
service,143
end_to_end,23220
service,4296
end_to_end,28337
service,0
end_to_end,46395
service,12439
end_to_end,35266
service,51
end_to_end,18313
service,537
end_to_end,11249
service,293
end_to_end,30100
service,883
end_to_end,18670
service,448
end_to_end,16990
service,114
end_to_end,19194
service,1933
end_to_end,24219
service,3964
end_to_end,16506
service,1533
end_to_end,12792
service,475
end_to_end,12752
service,3017
end_to_end,7368
service,0
end_to_end,23975
service,37
end_to_end,26904
service,107
end_to_end,22166
service,2926
end_to_end,19152
service,1706
end_to_end,33236
service,293
end_to_end,12397
service,0
end_to_end,21855
service,455
end_to_end,44008
service,171
end_to_end,38152
service,283
end_to_end,37785
service,130
end_to_end,11810
service,120
end_to_end,34821
service,359
end_to_end,23739
service,5517
end_to_end,32128
service,2325
end_to_end,25949
service,8155
end_to_end,24522
service,7234
end_to_end,23429
service,2025
end_to_end,23392
service,3031
end_to_end,18036
service,2387
end_to_end,12531
service,11
end_to_end,33936
service,40
end_to_end,23475
service,2566
end_to_end,23928
service,2
end_to_end,27586
service,2029
end_to_end,16061
service,107
end_to_end,18687
service,5624
end_to_end,24403
service,76
end_to_end,26376
service,6501
end_to_end,16951
service,12
end_to_end,36988
service,4401
end_to_end,15836
service,1082
end_to_end,28017
service,645
end_to_end,27768
service,8
end_to_end,29842
service,1611
end_to_end,17940
service,1328
end_to_end,57402
service,1982
end_to_end,19089
service,50
end_to_end,8187
service,228
end_to_end,18470
service,23
end_to_end,17396
service,1369
end_to_end,7925
service,913
end_to_end,24936
service,59
end_to_end,12745
service,25
end_to_end,13544
service,378
end_to_end,14780
service,1602
end_to_end,10624
service,837
end_to_end,7545
service,100
end_to_end,17035
service,2436
end_to_end,36160
service,10
end_to_end,19143
service,297
end_to_end,26539
service,1906
end_to_end,5468
service,299
end_to_end,14173
service,259
end_to_end,27898
service,4970
end_to_end,20969
service,43
end_to_end,5741
service,233
end_to_end,16093
service,1259
end_to_end,38059
service,292
end_to_end,13390
service,315
end_to_end,36330
service,3321
end_to_end,22278
service,2777
end_to_end,14942
service,4721
end_to_end,15353
service,220
end_to_end,35843
service,2260
end_to_end,17466
service,1497
end_to_end,21283
service,2046
end_to_end,9704
service,88
end_to_end,19357
service,2872
end_to_end,16770
service,10
end_to_end,15880
service,17
end_to_end,26039
service,33
end_to_end,18375
service,1766
end_to_end,31123
service,281
end_to_end,11691
service,688
end_to_end,31012
service,2750
end_to_end,23377
service,7
end_to_end,10432
service,5
end_to_end,15704
service,799
end_to_end,13157
service,5733
end_to_end,47859
service,1212
end_to_end,26144
service,2581
end_to_end,20599
service,2835
end_to_end,13479
service,0
end_to_end,22257
service,34
end_to_end,7108
service,9
end_to_end,18782
service,30
end_to_end,45787
service,1533
end_to_end,29542
service,1470
end_to_end,19999
service,602
end_to_end,27396
service,10173
end_to_end,15868
service,2032
end_to_end,17683
service,68
end_to_end,10189
service,483
end_to_end,14811
service,1584
end_to_end,21699
service,499
end_to_end,18074
service,1600
end_to_end,42125
service,8772
end_to_end,11433
service,10
end_to_end,36242
service,841
end_to_end,32025
service,5673
end_to_end,20632
service,3491
end_to_end,19723
service,6150
end_to_end,22446
service,1505
end_to_end,14571
service,178
end_to_end,15605
service,900
end_to_end,16743
service,6351
end_to_end,7388
service,244
end_to_end,21501
service,1634
end_to_end,21466
service,2660
end_to_end,11886
service,974
end_to_end,8378
service,1763
end_to_end,22976
service,2674
end_to_end,37561
service,54
end_to_end,35180
service,11
end_to_end,27899
service,703
end_to_end,18774
service,59
end_to_end,19564
service,10578
end_to_end,19994
service,11201
end_to_end,30261
service,3933
end_to_end,26631
service,8693
end_to_end,13757
service,154
end_to_end,35570
service,2996
end_to_end,35571
service,1
end_to_end,38815
service,2945
end_to_end,33174
service,650
end_to_end,32273
service,8905
end_to_end,27345
service,207
end_to_end,10938
service,78
end_to_end,34939
service,1408
end_to_end,15702
service,2491
end_to_end,27065
service,2592
end_to_end,25953
service,741
end_to_end,25112
service,1846
end_to_end,27115
service,941
end_to_end,15799
service,3045
end_to_end,30057
service,7358
end_to_end,32115
service,992
end_to_end,36220
service,1044
end_to_end,32704
service,1853
end_to_end,13623
service,182
end_to_end,33821
service,163
end_to_end,16811
service,183
end_to_end,32980
service,14040
end_to_end,23683
service,1821
end_to_end,21231
service,2169
end_to_end,7482
service,882
end_to_end,24580
service,4246
end_to_end,24467
service,5545
end_to_end,26781
service,110
end_to_end,48111
service,8452
end_to_end,20667
service,670
end_to_end,32339
service,1877
end_to_end,23517
service,6311
end_to_end,13160
service,494
end_to_end,18403
service,17
end_to_end,16581
service,649
end_to_end,26598
service,271
end_to_end,37596
service,0
end_to_end,33834
service,3607
end_to_end,21634
service,262
end_to_end,29578
service,1850
end_to_end,18178
service,889
end_to_end,41586
service,81
end_to_end,30083
service,25
end_to_end,46555
service,10610
end_to_end,2816
service,112
end_to_end,18487
service,741
end_to_end,9767
service,2745
end_to_end,4877
service,748
end_to_end,25186
service,3781
end_to_end,10486
service,2
end_to_end,19078
service,2359
end_to_end,8417
service,381
end_to_end,15873
service,3359
end_to_end,31256
service,9431
end_to_end,11126
service,5015
end_to_end,28051
service,4076
end_to_end,26000
service,6
end_to_end,25814
service,1724
end_to_end,24381
service,2246
end_to_end,36524
service,558
end_to_end,16300
service,186
end_to_end,20385
service,1048
end_to_end,32992
service,2431
end_to_end,16008
service,3127
end_to_end,36743
service,4240
end_to_end,12013
service,360
end_to_end,15223
service,1052
end_to_end,35327
service,836
end_to_end,24576
service,2942
end_to_end,36295
service,3082
end_to_end,30828
service,3863
end_to_end,24035
service,298
end_to_end,10833
service,290
end_to_end,21348
service,1209
end_to_end,15708
service,4913
end_to_end,10475
service,5185
end_to_end,29771
service,13
end_to_end,30911
service,2983
end_to_end,13835
service,4260
end_to_end,15172
service,1904
end_to_end,19908
service,3934
end_to_end,42831
service,1430
end_to_end,22455
service,1027
end_to_end,12973
service,1351
end_to_end,18538
service,224
end_to_end,21548
service,12699
end_to_end,13911
service,4072
end_to_end,14380
service,125
end_to_end,16089
service,8007
end_to_end,13222
service,263
end_to_end,16002
service,2034
end_to_end,21460
service,0
end_to_end,25573
service,1050
end_to_end,38251
service,15499
end_to_end,54309
service,6935
end_to_end,13775
service,3
end_to_end,34042
service,264
end_to_end,19120
service,5350
end_to_end,34216
service,44
end_to_end,21665
service,332
end_to_end,22018
service,2567
end_to_end,25981
service,2025
end_to_end,16417
service,916
end_to_end,18743
service,10674
end_to_end,59937
service,1709
end_to_end,12626
service,568
end_to_end,26484
service,597
end_to_end,24772
service,3699
end_to_end,16967
service,65
end_to_end,11949
service,5389
end_to_end,37293
service,112
end_to_end,14020
service,67
end_to_end,23747
service,158
end_to_end,28165
service,188
end_to_end,29797
service,1367
end_to_end,18101
service,2865
end_to_end,35493
service,226
end_to_end,29299
service,5439
end_to_end,11365
service,1782
end_to_end,53596
service,626
end_to_end,46852
service,434
end_to_end,28485
service,1997
end_to_end,12554
service,4
end_to_end,14268
service,1005
end_to_end,38242
service,9116
end_to_end,15993
service,290
end_to_end,9048
service,1005
end_to_end,41686
service,3127
end_to_end,27087
service,934
end_to_end,25998
service,4192
end_to_end,14216
service,644
end_to_end,21142
service,1358
end_to_end,13022
service,283
end_to_end,26734
service,3616
end_to_end,21430
service,1226
end_to_end,19285
service,45
end_to_end,13746
service,1032
end_to_end,53545
service,15972
end_to_end,16276
service,1728
end_to_end,21322
service,7291
end_to_end,29078
service,1577
end_to_end,14958
service,174
end_to_end,28461
service,2128
end_to_end,12239
service,202
end_to_end,19552
service,152
end_to_end,24028
service,8929
end_to_end,35305
service,417
end_to_end,48570
service,575
end_to_end,19553
service,2
end_to_end,19150
service,223
end_to_end,25450
service,8480
end_to_end,30352
service,4900
end_to_end,27768
service,1208
end_to_end,30779
service,77
end_to_end,41140
service,6312
end_to_end,8151
service,695
end_to_end,16551
service,1607
end_to_end,29626
service,180
end_to_end,16973
service,1345
end_to_end,15699
service,4
end_to_end,27618
service,786
end_to_end,53075
service,16961
end_to_end,33083
service,184
end_to_end,20854
service,193
end_to_end,8001
service,257
end_to_end,35312
service,1431
end_to_end,13358
service,1646
end_to_end,19933
service,3147
end_to_end,27700
service,606
end_to_end,9754
service,110
end_to_end,12276
service,584
end_to_end,12901
service,624
end_to_end,20335
service,103
end_to_end,9136
service,1081
end_to_end,13622
service,972
end_to_end,23931
service,35
end_to_end,23781
service,265
end_to_end,16586
service,930
end_to_end,44102
service,5761
end_to_end,46281
service,117
end_to_end,25827
service,3078
end_to_end,19912
service,3338
end_to_end,25382
service,799
end_to_end,23570
service,1405
end_to_end,33245
service,2703
end_to_end,18595
service,4245
end_to_end,30330
service,5728
end_to_end,35917
service,1525
end_to_end,23385
service,310
end_to_end,35664
service,6466
end_to_end,18329
service,1902
end_to_end,35140
service,7043
end_to_end,18296
service,5333
end_to_end,21088
service,1653
end_to_end,18531
service,1650
end_to_end,36766
service,319
end_to_end,22981
service,259
end_to_end,22355
service,335
end_to_end,32032
service,1244
end_to_end,31383
service,2609
end_to_end,18823
service,1023
end_to_end,27605
service,2279
end_to_end,7995
service,1918
end_to_end,23241
service,1069
end_to_end,16312
service,4255
end_to_end,25789
service,414
end_to_end,18810
service,4667
end_to_end,26448
service,10696
end_to_end,28851
service,512
end_to_end,25173
service,464
end_to_end,13502
service,135
end_to_end,21821
service,3229
end_to_end,4411
service,61
end_to_end,25783
service,2933
end_to_end,8316
service,659
end_to_end,43009
service,16551
end_to_end,18771
service,446
end_to_end,7597
service,238
end_to_end,33234
service,17460
end_to_end,47330
service,1030
end_to_end,16190
service,3198
end_to_end,15446
service,865
end_to_end,30972
service,1449
end_to_end,24547
service,921
end_to_end,21717
service,33
end_to_end,13112
service,2928
end_to_end,42561
service,17515
end_to_end,12338
service,1871
end_to_end,6850
service,404
end_to_end,19639
service,1201
end_to_end,19018
service,1640
end_to_end,20461
service,269
end_to_end,25918
service,1813
end_to_end,19235
service,127
end_to_end,28858
service,49
end_to_end,21891
service,1440
end_to_end,22285
service,503
end_to_end,15360
service,18
end_to_end,26100
service,11371
end_to_end,31369
service,1205
end_to_end,48817
service,510
end_to_end,7879
service,42
end_to_end,13109
service,5
end_to_end,41154
service,12831
end_to_end,22654
service,1628
end_to_end,18405
service,917
end_to_end,10174
service,636
end_to_end,31728
service,804
end_to_end,13562
service,157
end_to_end,56923
service,544
end_to_end,15208
service,447
end_to_end,48907
service,21
end_to_end,43544
service,3062
end_to_end,45320
service,4465
end_to_end,29927
service,13
end_to_end,15226
service,1490
end_to_end,31252
service,534
end_to_end,13926
service,3804
end_to_end,19584
service,1577
end_to_end,42388
service,9463
end_to_end,18387
service,1582
end_to_end,23410
service,795
end_to_end,14148
service,2142
end_to_end,42096
service,1172
end_to_end,37636
service,545
end_to_end,39788
service,1850
end_to_end,28753
service,8566
end_to_end,32555
service,181
end_to_end,30617
service,1624
end_to_end,14709
service,1941
end_to_end,29188
service,301
end_to_end,16249
service,1065
end_to_end,21033
service,1059
end_to_end,17859
service,3832
end_to_end,19722
service,350
end_to_end,21073
service,7434
end_to_end,20709
service,1217
end_to_end,46622
service,962
end_to_end,39146
service,2666
end_to_end,30790
service,1143
end_to_end,25524
service,2642
end_to_end,23555
service,144
end_to_end,25565
service,256
end_to_end,20773
service,718
end_to_end,25218
service,1383
end_to_end,23264
service,1584
end_to_end,28515
service,968
end_to_end,29601
service,37
end_to_end,4743
service,954
end_to_end,27693
service,1135
end_to_end,7410
service,279
end_to_end,17802
service,1372
end_to_end,33091
service,584
end_to_end,24416
service,849
end_to_end,10534
service,654
end_to_end,17133
service,113
end_to_end,33082
service,2482
end_to_end,43619
service,111
end_to_end,28834
service,175
end_to_end,20807
service,1913
end_to_end,23095
service,3809
end_to_end,25243
service,1136
end_to_end,31642
service,27
end_to_end,16999
service,4354
end_to_end,32182
service,10122
end_to_end,18866
service,93
end_to_end,7408
service,13
end_to_end,14936
service,33
end_to_end,31322
service,10335
end_to_end,33939
service,2733
end_to_end,11818
service,1408
end_to_end,28256
service,2765
end_to_end,28264
service,3767
end_to_end,50815
service,10304
end_to_end,4831
service,83
end_to_end,10776
service,178
end_to_end,17864
service,58
end_to_end,9627
service,347
end_to_end,24913
service,4934
end_to_end,25056
service,863
end_to_end,19590
service,3165
end_to_end,10013
service,626
end_to_end,18779
service,837
end_to_end,24138
service,265
end_to_end,28044
service,777
end_to_end,18568
service,6170
end_to_end,14880
service,227
end_to_end,27763
service,39
end_to_end,22162
service,166
end_to_end,18413
service,1416
end_to_end,40201
service,14812
end_to_end,42000
service,8916
end_to_end,39576
service,11606
end_to_end,11840
service,4967
end_to_end,20235
service,339
end_to_end,30650
service,7686
end_to_end,26947
service,152
end_to_end,30530
service,4781
end_to_end,21030
service,551
end_to_end,19001
service,2586
end_to_end,13953
service,1991
end_to_end,31746
service,1950
end_to_end,22344
service,1
end_to_end,30537
service,9050
end_to_end,11968
service,5580
end_to_end,27296
service,87
end_to_end,40713
service,6382
end_to_end,26821
service,90
end_to_end,12472
service,2121
end_to_end,28185
service,2960
end_to_end,30083
service,3445
end_to_end,12718
service,475
end_to_end,4814
service,127
end_to_end,13582
service,307
end_to_end,21153
service,1957
end_to_end,14171
service,1082
end_to_end,26892
service,168
end_to_end,22507
service,8617
end_to_end,17733
service,6253
end_to_end,16106
service,515
end_to_end,11073
service,1526
end_to_end,19084
service,58
end_to_end,21553
service,4732
end_to_end,42428
service,3014
end_to_end,34328
service,3361
end_to_end,40720
service,222
end_to_end,9920
service,3617
end_to_end,28536
service,640
end_to_end,19286
service,3291
end_to_end,26422
service,14
end_to_end,24064
service,2089
end_to_end,19135
service,1187
end_to_end,16725
service,2669
end_to_end,17450
service,42
end_to_end,15048
service,4261
end_to_end,17550
service,847
end_to_end,52352
service,11
end_to_end,28345
service,8443
end_to_end,29642
service,234
end_to_end,32809
service,559
end_to_end,35242
service,2365
end_to_end,14688
service,25
end_to_end,12319
service,861
end_to_end,42696
service,2405
end_to_end,20747
service,752
end_to_end,22012
service,1107
end_to_end,8955
service,4046
end_to_end,15342
service,1171
end_to_end,37192
service,1952
end_to_end,7989
service,540
end_to_end,14208
service,124
end_to_end,22398
service,602
end_to_end,13524
service,210
end_to_end,9193
service,44
end_to_end,13374
service,2
end_to_end,8937
service,1271
end_to_end,29463
service,2834
end_to_end,15089
service,4638
end_to_end,39092
service,1683
end_to_end,18404
service,1893
end_to_end,37518
service,3933
end_to_end,16840
service,3678
end_to_end,41582
service,10606
end_to_end,43413
service,1825
end_to_end,32374
service,3326
end_to_end,29039
service,77
end_to_end,15975
service,16
end_to_end,39176
service,191
end_to_end,20874
service,1058
end_to_end,28308
service,1840
end_to_end,17948
service,741
end_to_end,45853
service,349
end_to_end,23543
service,2345
end_to_end,15791
service,144
end_to_end,23966
service,1307
end_to_end,13233
service,893
end_to_end,17275
service,4
end_to_end,40555
service,2675
end_to_end,15438
service,1031
end_to_end,11446
service,67
end_to_end,13290
service,2588
end_to_end,16854
service,188
end_to_end,21208
service,321
end_to_end,6885
service,658
end_to_end,13868
service,567
end_to_end,13129
service,1393
end_to_end,20910
service,952
end_to_end,15645
service,629
end_to_end,30034
service,8636
end_to_end,16127
service,181
end_to_end,15011
service,275
end_to_end,20683
service,206
end_to_end,12689
service,169
end_to_end,17300
service,1155
end_to_end,10082
service,1813
end_to_end,20047
service,100
end_to_end,26024
service,224
end_to_end,27060
service,1791
end_to_end,28691
service,688
end_to_end,15129
service,422
end_to_end,16625
service,95
end_to_end,21547
service,2120
end_to_end,22568
service,159
end_to_end,37256
service,523
end_to_end,14419
service,1547
end_to_end,39523
service,1316
end_to_end,36226
service,7100
end_to_end,29282
service,5111
end_to_end,32348
service,3
end_to_end,17097
service,6165
end_to_end,17610
service,521
end_to_end,25390
service,1740
end_to_end,19849
service,53
end_to_end,21135
service,3486
end_to_end,16720
service,6323
end_to_end,9703
service,2526
end_to_end,7273
service,121
end_to_end,30089
service,3784
end_to_end,13459
service,6483
end_to_end,13242
service,3930
end_to_end,27575
service,735
end_to_end,7929
service,13
end_to_end,23618
service,5095
end_to_end,13860
service,123
end_to_end,21029
service,73
end_to_end,16425
service,223
end_to_end,10448
service,158
end_to_end,7517
service,414
end_to_end,19443
service,222
end_to_end,16241
service,1127
end_to_end,22478
service,61
end_to_end,12040
service,603
end_to_end,49229
service,17684
end_to_end,15406
service,485
end_to_end,10140
service,350
end_to_end,25877
service,13131
end_to_end,15981
service,142
end_to_end,20988
service,1495
end_to_end,42199
service,30
end_to_end,22428
service,512
end_to_end,21839
service,5138
end_to_end,18433
service,1296
end_to_end,15991
service,673
end_to_end,17670
service,229
end_to_end,33152
service,234
end_to_end,10410
service,384
end_to_end,13147
service,357
end_to_end,28269
service,3864
end_to_end,16119
service,2856
end_to_end,16407
service,3644
end_to_end,23491
service,3194
end_to_end,36411
service,259
end_to_end,5997
service,124
end_to_end,43373
service,155
end_to_end,28658
service,1209
end_to_end,22007
service,1815
end_to_end,27108
service,3143
end_to_end,35989
service,4414
end_to_end,36657
service,235
end_to_end,38119
service,72
end_to_end,17961
service,236
end_to_end,9364
service,433
end_to_end,36442
service,870
end_to_end,38999
service,495
end_to_end,27743
service,4062
end_to_end,44260
service,276
end_to_end,22646
service,5244
end_to_end,20764
service,772
end_to_end,24408
service,1603
end_to_end,11365
service,17
end_to_end,27793
service,4158
end_to_end,33545
service,976
end_to_end,14641
service,140
end_to_end,38163
service,33
end_to_end,10388
service,3936
end_to_end,24063
service,3
end_to_end,17842
service,2011
end_to_end,32399
service,13458
end_to_end,43823
service,1185
end_to_end,26746
service,1606
end_to_end,63753
service,19464
end_to_end,45536
service,3608
end_to_end,41672
service,1221
end_to_end,23034
service,7688
end_to_end,28869
service,2774
end_to_end,31681
service,5411
end_to_end,11858
service,0
end_to_end,23015
service,860
end_to_end,25220
service,312
end_to_end,22158
service,68
end_to_end,26519
service,122
end_to_end,51527
service,3182
end_to_end,22227
service,713
end_to_end,14927
service,2829
end_to_end,22072
service,10449
end_to_end,12705
service,1696
end_to_end,29536
service,3255
end_to_end,23326
service,275
end_to_end,36383
service,1994
end_to_end,24407
service,111
end_to_end,11171
service,1673
end_to_end,40831
service,412
end_to_end,10329
service,25
end_to_end,13701
service,777
end_to_end,28418
service,280
end_to_end,10355
service,1478
end_to_end,15644
service,1186
end_to_end,14300
service,3773
end_to_end,13410
service,74
end_to_end,19411
service,1841
end_to_end,20310
service,51
end_to_end,11725
service,205
end_to_end,17015
service,711
end_to_end,18047
service,165
end_to_end,15455
service,8728
end_to_end,10196
service,492
end_to_end,30971
service,12602
end_to_end,16681
service,144
end_to_end,35128
service,631
end_to_end,28071
service,12
end_to_end,16221
service,945
end_to_end,12475
service,2
end_to_end,18017
service,166
end_to_end,28733
service,556
end_to_end,20989
service,6436
end_to_end,28894
service,615
end_to_end,22663
service,1807
end_to_end,15636
service,629
end_to_end,40072
service,9190
end_to_end,36436
service,4422
end_to_end,23577
service,4745
end_to_end,26678
service,4696
end_to_end,19908
service,87
end_to_end,34737
service,874
end_to_end,13651
service,150
end_to_end,32249
service,1359
end_to_end,32503
service,10392
end_to_end,18060
service,435
end_to_end,18726
service,4249
end_to_end,16831
service,377
end_to_end,27078
service,888
end_to_end,12937
service,1847
end_to_end,26214
service,330
end_to_end,11287
service,702
end_to_end,25351
service,3257
end_to_end,20023
service,8477
end_to_end,22659
service,80
end_to_end,16168
service,1135
end_to_end,25297
service,1
end_to_end,16853
service,331
end_to_end,12328
service,1316
end_to_end,14596
service,1757
end_to_end,6825
service,59
end_to_end,10616
service,370
end_to_end,19969
service,275
end_to_end,23805
service,374
end_to_end,22097
service,3570
end_to_end,29608
service,3089
end_to_end,23592
service,1156
end_to_end,22509
service,3473
end_to_end,13858
service,16
end_to_end,17869
service,140
end_to_end,11067
service,272
end_to_end,12041
service,914
end_to_end,11370
service,4856
end_to_end,23506
service,2199
end_to_end,10855
service,2
end_to_end,19135
service,2370
end_to_end,15406
service,2115
end_to_end,18467
service,3388
end_to_end,22997
service,1914
end_to_end,33803
service,2892
end_to_end,36376
service,8616
end_to_end,38417
service,979
end_to_end,36796
service,1925
end_to_end,34294
service,1557
end_to_end,26465
service,1900
end_to_end,31187
service,9067
end_to_end,32592
service,341
end_to_end,16475
service,1
end_to_end,16514
service,386
end_to_end,23009
service,77
end_to_end,24155
service,831
end_to_end,25481
service,1035
end_to_end,32412
service,12199
end_to_end,27318
service,78
end_to_end,50419
service,396
end_to_end,35860
service,2398
end_to_end,40603
service,32
end_to_end,10627
service,2677
end_to_end,15311
service,4
end_to_end,22100
service,648
end_to_end,15470
service,1414
end_to_end,17941
service,406
end_to_end,17734
service,822
end_to_end,32437
service,4705
end_to_end,8937
service,576
end_to_end,30614
service,5102
end_to_end,38015
service,899
end_to_end,15897
service,47
end_to_end,17743
service,1519
end_to_end,35137
service,0
end_to_end,12620
service,3323
end_to_end,36292
service,2501
end_to_end,13968
service,4433
end_to_end,21852
service,819
end_to_end,32321
service,3253
end_to_end,27702
service,786
end_to_end,21691
service,104
end_to_end,20343
service,3401
end_to_end,17624
service,413
end_to_end,20262
service,442
end_to_end,31807
service,86
end_to_end,11336
service,2849
end_to_end,36184
service,8380
end_to_end,6567
service,696
end_to_end,17023
service,3079
end_to_end,16401
service,4069
end_to_end,9081
service,862
end_to_end,9231
service,600
end_to_end,13876
service,3381
end_to_end,28052
service,1598
end_to_end,23751
service,370
end_to_end,21891
service,5014
end_to_end,37633
service,1499
end_to_end,11221
service,1498
end_to_end,44631
service,1403
end_to_end,30526
service,1949
end_to_end,20960
service,298
end_to_end,27229
service,1465
end_to_end,34495
service,141
end_to_end,27921
service,7321
end_to_end,11015
service,1
end_to_end,24533
service,9105
end_to_end,17033
service,4094
end_to_end,14896
service,524
end_to_end,31261
service,4181
end_to_end,23631
service,3315
end_to_end,13590
service,255
end_to_end,21815
service,2370
end_to_end,14216
service,2483
end_to_end,26042
service,282
end_to_end,18604
service,1617
end_to_end,11569
service,39
end_to_end,20921
service,223
end_to_end,6438
service,661
end_to_end,15939
service,477
end_to_end,36971
service,17020
end_to_end,20606
service,6990
end_to_end,14152
service,2411
end_to_end,24595
service,3636
end_to_end,8816
service,474
end_to_end,15678
service,194
end_to_end,15500
service,399
end_to_end,43282
service,1407
end_to_end,38316
service,2365
end_to_end,32965
service,1886
end_to_end,26182
service,1316
end_to_end,26648
service,14
end_to_end,19362
service,2460
end_to_end,17377
service,83
end_to_end,10611
service,201
end_to_end,38104
service,84
end_to_end,56044
service,883
end_to_end,13322
service,203
end_to_end,16250
service,4377
end_to_end,28555
service,3797
end_to_end,14765
service,705
end_to_end,15864
service,0
end_to_end,12062
service,4017
end_to_end,11113
service,2777
end_to_end,20131
service,2434
end_to_end,24139
service,2508
end_to_end,16769
service,677
end_to_end,20756
service,644
end_to_end,10510
service,49
end_to_end,14784
service,2180
end_to_end,19068
service,7442
end_to_end,21489
service,2384
end_to_end,28772
service,1107
end_to_end,32949
service,932
end_to_end,29415
service,1283
end_to_end,39452
service,4051
end_to_end,24657
service,4409
end_to_end,32841
service,563
end_to_end,15103
service,4066
end_to_end,38427
service,91
end_to_end,24116
service,2663
end_to_end,29956
service,718
end_to_end,14492
service,31
end_to_end,23536
service,8527
end_to_end,20056
service,1579
end_to_end,42632
service,620
end_to_end,28824
service,2151
end_to_end,27241
service,686
end_to_end,6356
service,37
end_to_end,17494
service,584
end_to_end,19937
service,3051
end_to_end,29803
service,2552
end_to_end,14188
service,1078
end_to_end,28020
service,8519
end_to_end,20149
service,2895
end_to_end,9720
service,1881
end_to_end,7788
service,263
end_to_end,9795
service,1976
end_to_end,10708
service,1940
end_to_end,11257
service,4588
end_to_end,11500
service,65
end_to_end,24270
service,2514
end_to_end,16732
service,4268
end_to_end,21769
service,13
end_to_end,20541
service,1046
end_to_end,25271
service,99
end_to_end,18362
service,765
end_to_end,5337
service,43
end_to_end,15777
service,2689
end_to_end,17979
service,795
end_to_end,27573
service,472
end_to_end,25826
service,601
end_to_end,25460
service,9265
end_to_end,36449
service,56
end_to_end,20153
service,318
end_to_end,50992
service,8362
end_to_end,34441
service,412
end_to_end,51966
service,14917
end_to_end,14347
service,3390
end_to_end,61830
service,7801
end_to_end,20726
service,1343
end_to_end,21177
service,80
end_to_end,25418
service,1791
end_to_end,23060
service,2213
end_to_end,30417
service,536
end_to_end,19945
service,2488
end_to_end,31798
service,12
end_to_end,43931
service,4167
end_to_end,24177
service,2047
end_to_end,19538
service,703
end_to_end,15048
service,3953
end_to_end,29400
service,9070
end_to_end,21908
service,142
end_to_end,26426
service,492
end_to_end,17742
service,14
end_to_end,17490
service,292
end_to_end,23892
service,232
end_to_end,23468
service,1690
end_to_end,29973
service,1892
end_to_end,13268
service,2363
end_to_end,37011
service,77
end_to_end,27099
service,3303
end_to_end,15001
service,135
end_to_end,19347
service,1309
end_to_end,37330
service,1439
end_to_end,10883
service,26
end_to_end,13241
service,3490
end_to_end,22348
service,2950
end_to_end,16126
service,6010
end_to_end,43646
service,758
end_to_end,16786
service,0
end_to_end,21331
service,24
end_to_end,31879
service,1429
end_to_end,25521
service,22
end_to_end,15003
service,1537
end_to_end,18325
service,1218
end_to_end,49009
service,215
end_to_end,61691
service,184
end_to_end,13605
service,1463
end_to_end,17579
service,545
end_to_end,21474
service,3310
end_to_end,25352
service,1481
end_to_end,13358
service,120
end_to_end,35835
service,1337
end_to_end,14183
service,1706
end_to_end,25199
service,968
end_to_end,21516
service,3069
end_to_end,30673
service,11761
end_to_end,17248
service,359
end_to_end,21973
service,898
end_to_end,20274
service,99
end_to_end,15477
service,2301
end_to_end,16115
service,1631
end_to_end,26235
service,868
end_to_end,25386
service,0
end_to_end,9285
service,643
end_to_end,16551
service,1888
end_to_end,11177
service,657
end_to_end,12190
service,2883
end_to_end,27750
service,933
end_to_end,21693
service,1674
end_to_end,20658
service,22
end_to_end,53021
service,1418
end_to_end,13509
service,1737
end_to_end,9885
service,165
end_to_end,12024
service,0
end_to_end,11130
service,3823
end_to_end,38695
service,298
end_to_end,21782
service,32
end_to_end,12450
service,809
end_to_end,25014
service,353
end_to_end,18401
service,243
end_to_end,11736
service,383
end_to_end,23159
service,72
end_to_end,19033
service,1202
end_to_end,24810
service,192
end_to_end,27005
service,3409
end_to_end,55840
service,9137
end_to_end,27360
service,183
end_to_end,31922
service,1415
end_to_end,16744
service,4
end_to_end,15676
service,4617
end_to_end,24114
service,1024
end_to_end,17125
service,278
end_to_end,35558
service,1516
end_to_end,32016
service,652
end_to_end,22585
service,4642
end_to_end,45661
service,22276
end_to_end,40496
service,2790
end_to_end,17112
service,3
end_to_end,34976
service,4722
end_to_end,9774
service,898
end_to_end,21647
service,813
end_to_end,17331
service,3658
end_to_end,18941
service,2571
end_to_end,31911
service,295
end_to_end,17585
service,435
end_to_end,23454
service,2424
end_to_end,18160
service,1356
end_to_end,33948
service,4725
end_to_end,25617
service,4787
end_to_end,16153
service,1611
end_to_end,20199
service,24
end_to_end,39135
service,4763
end_to_end,23858
service,3323
end_to_end,37047
service,11017
end_to_end,11367
service,458
end_to_end,11106
service,363
end_to_end,10663
service,40
end_to_end,28908
service,3003
end_to_end,21347
service,1798
end_to_end,18675
service,24
end_to_end,23461
service,11
end_to_end,26587
service,3882
end_to_end,15654
service,6085
end_to_end,20021
service,117
end_to_end,18859
service,2625
end_to_end,13938
service,5686
end_to_end,20083
service,45
end_to_end,13920
service,93
end_to_end,32771
service,10211
end_to_end,15020
service,3
end_to_end,47269
service,3745
end_to_end,21209
service,12293
end_to_end,16221
service,9028
end_to_end,29900
service,3736
end_to_end,7041
service,591
end_to_end,17262
service,471
end_to_end,17303
service,85
end_to_end,36598
service,1634
end_to_end,22940
service,13
end_to_end,30118
service,2470
end_to_end,15359
service,4438
end_to_end,22740
service,6722
end_to_end,19002
service,57
end_to_end,34890
service,897
end_to_end,37099
service,142
end_to_end,14150
service,2276
end_to_end,33392
service,67
end_to_end,13230
service,312
end_to_end,16290
service,3025
end_to_end,11354
service,42
end_to_end,17462
service,2306
end_to_end,14722
service,1277
end_to_end,25842
service,881
end_to_end,22923
service,510
end_to_end,28155
service,1655
end_to_end,14539
service,69
end_to_end,36460
service,60
end_to_end,11189
service,1350
end_to_end,18688
service,1163
end_to_end,30970
service,336
end_to_end,27546
service,37
end_to_end,42838
service,887
end_to_end,39639
service,4083
end_to_end,19920
service,399
end_to_end,46388
service,726
end_to_end,11790
service,631
end_to_end,24877
service,1939
end_to_end,25889
service,6176
end_to_end,9708
service,455
end_to_end,27087
service,514
end_to_end,13357
service,20
end_to_end,23834
service,12
end_to_end,35238
service,309
end_to_end,16630
service,1058
end_to_end,28164
service,4652
end_to_end,17016
service,29
end_to_end,10880
service,874
end_to_end,10432
service,2247
end_to_end,13743
service,94
end_to_end,18918
service,6569
end_to_end,22704
service,4
end_to_end,32139
service,3004
end_to_end,43761
service,9693
end_to_end,36530
service,5
end_to_end,18139
service,736
end_to_end,19740
service,2004
end_to_end,21886
service,6618
end_to_end,15115
service,163
end_to_end,9910
service,78
end_to_end,15450
service,220
end_to_end,9574
service,20
end_to_end,17259
service,46
end_to_end,17172
service,83
end_to_end,10589
service,1269
end_to_end,30233
service,2841
end_to_end,18946
service,2458
end_to_end,10277
service,431
end_to_end,21576
service,1255
end_to_end,32853
service,908
end_to_end,21800
service,2758
end_to_end,27954
service,870
end_to_end,30535
service,982
end_to_end,46526
service,135
end_to_end,11390
service,5200
end_to_end,14893
service,398
end_to_end,17753
service,973
end_to_end,20129
service,835
end_to_end,19748
service,86
end_to_end,18378
service,3547
end_to_end,12139
service,1914
end_to_end,32650
service,2975
end_to_end,18556
service,5155
end_to_end,9109
service,0
end_to_end,9351
service,1431
end_to_end,13345
service,3
end_to_end,33166
service,4915
end_to_end,10396
service,448
end_to_end,17659
service,395
end_to_end,23578
service,4006
end_to_end,22557
service,4178
end_to_end,10496
service,58
end_to_end,18662
service,2476
end_to_end,7927
service,910
end_to_end,47998
service,1315
end_to_end,23211
service,424
end_to_end,24820
service,1574
end_to_end,27976
service,40
end_to_end,12124
service,303
end_to_end,33402
service,2498
end_to_end,17372
service,1843
end_to_end,18056
service,234
end_to_end,20053
service,790
end_to_end,17143
service,2736
end_to_end,18986
service,112
end_to_end,10626
service,41
end_to_end,26107
service,5244
end_to_end,31629
service,5522
end_to_end,17903
service,6517
end_to_end,24725
service,104
end_to_end,19289
service,1530
end_to_end,29339
service,3386
end_to_end,6039
service,0
end_to_end,11287
service,368
end_to_end,14347
service,579
end_to_end,10139
service,1208
end_to_end,24189
service,984
end_to_end,19563
service,9316
end_to_end,17326
service,436
end_to_end,13407
service,3986
end_to_end,16922
service,377
end_to_end,19379
service,365
end_to_end,22676
service,3184
end_to_end,22343
service,1083
end_to_end,30053
service,151
end_to_end,16036
service,51
end_to_end,10305
service,1155
end_to_end,12022
service,1141
end_to_end,16665
service,798
end_to_end,11273
service,5636
end_to_end,21417
service,266
end_to_end,16628
service,183
end_to_end,18418
service,2469
end_to_end,23731
service,3406
end_to_end,35422
service,172
end_to_end,18406
service,1287
end_to_end,16506
service,1269
end_to_end,6968
service,16
end_to_end,25742
service,9347
end_to_end,19953
service,2857
end_to_end,22095
service,729
end_to_end,17958
service,1704
end_to_end,21407
service,624
end_to_end,32754
service,2562
end_to_end,25377
service,3921
end_to_end,10474
service,878
end_to_end,14588
service,1405
end_to_end,16539
service,187
end_to_end,10513
service,85
end_to_end,23711
service,551
end_to_end,11617
service,1423
end_to_end,22063
service,2404
end_to_end,14113
service,2906
end_to_end,21835
service,51
end_to_end,15453
service,0
end_to_end,32443
service,2
end_to_end,29317
service,422
end_to_end,44443
service,13024
end_to_end,31020
service,1887
end_to_end,50602
service,0
end_to_end,49690
service,248
end_to_end,23707
service,4190
end_to_end,48889
service,1641
end_to_end,51407
service,551
end_to_end,29650
service,7781
end_to_end,31780
service,16548
end_to_end,36109
service,4881
end_to_end,36324
service,6529
end_to_end,39114
service,7066
end_to_end,22651
service,3504
end_to_end,27964
service,7977
end_to_end,31703
service,1253
end_to_end,11459
service,615
end_to_end,27933
service,2237
end_to_end,16225
service,1699
end_to_end,32182
service,5539
end_to_end,20727
service,3470
end_to_end,21016
service,1125
end_to_end,21329
service,1463
end_to_end,25341
service,568
end_to_end,28524
service,1037
end_to_end,42975
service,41
end_to_end,23941
service,221
end_to_end,19881
service,543
end_to_end,21436
service,3913
end_to_end,31927
service,1
end_to_end,22828
service,95
end_to_end,40230
service,9672
end_to_end,29239
service,3452
end_to_end,31674
service,25
end_to_end,24048
service,1047
end_to_end,15160
service,60
end_to_end,9936
service,4404
end_to_end,15021
service,269
end_to_end,10286
service,3087
end_to_end,26694
service,1065
end_to_end,21296
service,1585
end_to_end,25966
service,2309
end_to_end,14709
service,355
end_to_end,23816
service,5466
end_to_end,21379
service,1
end_to_end,18200
service,3952
end_to_end,26882
service,3547
end_to_end,14735
service,6089
end_to_end,28429
service,1514
end_to_end,26089
service,195
end_to_end,34228
service,544
end_to_end,10700
service,980
end_to_end,18864
service,193
end_to_end,16901
service,1
end_to_end,22778
service,922
end_to_end,20192
service,319
end_to_end,38332
service,8544
end_to_end,37461
service,8
end_to_end,33541
service,1324
end_to_end,28414
service,2993
end_to_end,28296
service,5259
end_to_end,45905
service,1938
end_to_end,24055
service,8078
end_to_end,20147
service,262
end_to_end,25004
service,28
end_to_end,26676
service,10053
end_to_end,9516
service,551
end_to_end,11460
service,2118
end_to_end,22729
service,520
end_to_end,24631
service,1022
end_to_end,14302
service,904
end_to_end,9808
service,482
end_to_end,29185
service,5580
end_to_end,34091
service,1964
end_to_end,12658
service,2693
end_to_end,34167
service,10038
end_to_end,32273
service,163
end_to_end,23595
service,671
end_to_end,21836
service,10951
end_to_end,28036
service,14
end_to_end,19904
service,4872
end_to_end,26054
service,4244
end_to_end,13854
service,519
end_to_end,27153
service,758
end_to_end,10782
service,152
end_to_end,17059
service,1138
end_to_end,22915
service,34
end_to_end,31074
service,8486
end_to_end,25049
service,121
end_to_end,23266
service,2020
end_to_end,40652
service,1368
end_to_end,20057
service,170
end_to_end,20788
service,722
end_to_end,37079
service,9
end_to_end,7373
service,478
end_to_end,9558
service,16
end_to_end,23390
service,1226
end_to_end,36677
service,63
end_to_end,43390
service,1591
end_to_end,19219
service,471
end_to_end,27917
service,1705
end_to_end,32124
service,3371
end_to_end,27259
service,2802
end_to_end,15862
service,157
end_to_end,37037
service,1194
end_to_end,24694
service,7677
end_to_end,20779
service,1
end_to_end,17312
service,406
end_to_end,28738
service,59
end_to_end,29266
service,0
end_to_end,43115
service,2557
end_to_end,16651
service,581
end_to_end,22658
service,10140
end_to_end,31127
service,5180
end_to_end,31202
service,909
end_to_end,18218
service,1
end_to_end,33701
service,5277
end_to_end,24708
service,417
end_to_end,27904
service,1377
end_to_end,33670
service,3887
end_to_end,32657
service,142
end_to_end,44166
service,1933
end_to_end,7697
service,648
end_to_end,15389
service,1938
end_to_end,12738
service,113
end_to_end,20959
service,3073
end_to_end,21819
service,2072
end_to_end,26759
service,660
end_to_end,23065
service,3710
end_to_end,27531
service,267
end_to_end,22832
service,1809
end_to_end,22513
service,249
end_to_end,11726
service,3709
end_to_end,53428
service,203
end_to_end,45260
service,149
end_to_end,47900
service,530
end_to_end,19441
service,150
end_to_end,12761
service,32
end_to_end,13606
service,1911
end_to_end,25924
service,8
end_to_end,7705
service,917
end_to_end,9626
service,1782
end_to_end,10666
service,6
end_to_end,32024
service,187
end_to_end,21017
service,3105
end_to_end,17978
service,1
end_to_end,27640
service,1966
end_to_end,19754
service,444
end_to_end,31402
service,72
end_to_end,16076
service,0
end_to_end,29135
service,3043
end_to_end,5631
service,196
end_to_end,27847
service,464
end_to_end,15089
service,159
end_to_end,35058
service,560
end_to_end,37845
service,1028
end_to_end,13321
service,244
end_to_end,13974
service,5784
end_to_end,24811
service,501
end_to_end,31578
service,462
end_to_end,25919
service,5344
end_to_end,23871
service,5209
end_to_end,25788
service,6797
end_to_end,14318
service,89
end_to_end,28425
service,1379
end_to_end,16093
service,193
end_to_end,21228
service,2744
end_to_end,22556
service,501
end_to_end,19589
service,1069
end_to_end,25433
service,2257
end_to_end,13408
service,550
end_to_end,25800
service,4209
end_to_end,32610
service,9265
end_to_end,49906
service,111
end_to_end,16700
service,665
end_to_end,26047
service,1366
end_to_end,22223
service,262
end_to_end,28942
service,572
end_to_end,38704
service,3878
end_to_end,30716
service,341
end_to_end,26785
service,4817
end_to_end,16522
service,896
end_to_end,31646
service,379
end_to_end,22875
service,4
end_to_end,30383
service,14923
end_to_end,26890
service,621
end_to_end,27166
service,2956
end_to_end,13134
service,4102
end_to_end,28258
service,1262
end_to_end,12357
service,77
end_to_end,37067
service,4719
end_to_end,44955
service,796
end_to_end,15475
service,3151
end_to_end,25047
service,3508
end_to_end,34828
service,14900
end_to_end,15520
service,64
end_to_end,13168
service,1641
end_to_end,32214
service,1066
end_to_end,42287
service,2940
end_to_end,25399
service,348
end_to_end,20710
service,60
end_to_end,10284
service,109
end_to_end,18959
service,3590
end_to_end,19671
service,706
end_to_end,34669
service,0
end_to_end,13365
service,805
end_to_end,12319
service,16
end_to_end,18382
service,10
end_to_end,16055
service,1656
end_to_end,8023
service,313
end_to_end,8016
service,821
end_to_end,8420
service,8
end_to_end,26873
service,413
end_to_end,22003
service,2460
end_to_end,9118
service,2
end_to_end,22057
service,1260
end_to_end,23841
service,4613
end_to_end,14252
service,8
end_to_end,29701
service,1141
end_to_end,15158
service,9
end_to_end,20190
service,152
end_to_end,18710
service,575
end_to_end,32433
service,13864
end_to_end,43411
service,12187
end_to_end,23043
service,303
end_to_end,16559
service,2512
end_to_end,14317
service,5330
end_to_end,27164
service,2
end_to_end,31081
service,452
end_to_end,32112
service,1
end_to_end,17151
service,3215
end_to_end,12113
service,2
end_to_end,14143
service,62
end_to_end,24468
service,1646
end_to_end,20146
service,795
end_to_end,27613
service,713
end_to_end,23173
service,317
end_to_end,18523
service,68
end_to_end,40159
service,1
end_to_end,17180
service,1040
end_to_end,27968
service,20391
end_to_end,22116
service,668
end_to_end,42072
service,458
end_to_end,26104
service,1784
end_to_end,29874
service,1675
end_to_end,20698
service,47
end_to_end,35886
service,14144
end_to_end,16054
service,5632
end_to_end,14224
service,2253
end_to_end,23768
service,3652
end_to_end,15602
service,360
end_to_end,28362
service,8245
end_to_end,8449
service,535
end_to_end,23110
service,27
end_to_end,11586
service,4605
end_to_end,7628
service,2285
end_to_end,8342
service,14
end_to_end,15294
service,5
end_to_end,10565
service,5960
end_to_end,33385
service,1920
end_to_end,29204
service,933
end_to_end,16505
service,730
end_to_end,32503
service,10179
end_to_end,20175
service,2041
end_to_end,12140
service,23
end_to_end,28944
service,9913
end_to_end,30290
service,4402
end_to_end,32070
service,9243
end_to_end,25537
service,18486
end_to_end,16634
service,4206
end_to_end,18283
service,156
end_to_end,9043
service,341
end_to_end,22278
service,6220
end_to_end,10603
service,2760
end_to_end,13463
service,30
end_to_end,15496
service,2569
end_to_end,25383
service,915
end_to_end,10324
service,1002
end_to_end,21367
service,1126
end_to_end,40919
service,3437
end_to_end,14354
service,1033
end_to_end,24781
service,614
end_to_end,18649
service,201
end_to_end,49538
service,182
end_to_end,34589
service,870
end_to_end,35659
service,1868
end_to_end,21051
service,843
end_to_end,12539
service,2395
end_to_end,16111
service,1725
end_to_end,17426
service,13
end_to_end,37498
service,11659
end_to_end,16537
service,241
end_to_end,31288
service,1961
end_to_end,28349
service,2083
end_to_end,23775
service,138
end_to_end,27813
service,24
end_to_end,18591
service,2836
end_to_end,25650
service,31
end_to_end,18791
service,21
end_to_end,29823
service,907
end_to_end,24570
service,223
end_to_end,15146
service,764
end_to_end,31921
service,5937
end_to_end,32868
service,946
end_to_end,27373
service,1512
end_to_end,19861
service,1229
end_to_end,32224
service,2967
end_to_end,29583
service,9
end_to_end,40754
service,312
end_to_end,32171
service,693
end_to_end,18685
service,1876
end_to_end,36238
service,1766
end_to_end,24746
service,770
end_to_end,25339
service,592
end_to_end,21525
service,622
end_to_end,40153
service,1171
end_to_end,18316
service,203
end_to_end,29240
service,1188
end_to_end,36154
service,3386
end_to_end,20378
service,3912
end_to_end,19365
service,42
end_to_end,28175
service,867
end_to_end,22784
service,707
end_to_end,29027
service,13
end_to_end,26289
service,1522
end_to_end,19136
service,195
end_to_end,27091
service,4102
end_to_end,19964
service,132
end_to_end,34603
service,6635
end_to_end,19098
service,596
end_to_end,17475
service,252
end_to_end,27075
service,840
end_to_end,34820
service,2275
end_to_end,14141
service,334
end_to_end,32744
service,2637
end_to_end,20710
service,141
end_to_end,18654
service,144
end_to_end,30868
service,592
end_to_end,12788
service,55
end_to_end,26623
service,990
end_to_end,11742
service,2912
end_to_end,14274
service,674
end_to_end,17455
service,388
end_to_end,8994
service,4782
end_to_end,28968
service,1540
end_to_end,14295
service,5644
end_to_end,21763
service,5345
end_to_end,26687
service,112
end_to_end,17957
service,80
end_to_end,21286
service,94
end_to_end,32167
service,1175
end_to_end,21909
service,437
end_to_end,20199
service,2044
end_to_end,7980
service,15
end_to_end,16153
service,3171
end_to_end,8345
service,111
end_to_end,24815
service,286
end_to_end,22751
service,943
end_to_end,15967
service,4614
end_to_end,18761
service,1348
end_to_end,13875
service,664
end_to_end,23946
service,1539
end_to_end,8553
service,204
end_to_end,23356
service,212
end_to_end,19739
service,25
end_to_end,9062
service,2638
end_to_end,23065
service,490
end_to_end,28431
service,37
end_to_end,37640
service,42
end_to_end,28481
service,426
end_to_end,24077
service,3451
end_to_end,35612
service,3814
end_to_end,45478
service,268
end_to_end,33381
service,1049
end_to_end,19439
service,45
end_to_end,32544
service,151
end_to_end,25470
service,227
end_to_end,43286
service,464
end_to_end,17651
service,2252
end_to_end,17062
service,322
end_to_end,8432
service,120
end_to_end,19389
service,5253
end_to_end,18588
service,3008
end_to_end,12629
service,861
end_to_end,5681
service,318
end_to_end,15031
service,2290
end_to_end,27280
service,4370
end_to_end,16135
service,5080
end_to_end,10110
service,28
end_to_end,11342
service,670
end_to_end,32248
service,2643
end_to_end,19744
service,397
end_to_end,20664
service,11
end_to_end,34495
service,11508
end_to_end,19782
service,1618
end_to_end,9682
service,10
end_to_end,25333
service,418
end_to_end,31689
service,291
end_to_end,13115
service,1820
end_to_end,7835
service,358
end_to_end,25626
service,4899
end_to_end,39082
service,7589
end_to_end,29362
service,193
end_to_end,21108
service,45
end_to_end,11670
service,1370
end_to_end,21381
service,438
end_to_end,5208
service,26
end_to_end,10680
service,20
end_to_end,36097
service,4845
end_to_end,12242
service,184
end_to_end,12194
service,2815
end_to_end,13226
service,2849
end_to_end,28260
service,4823
end_to_end,46243
service,800
end_to_end,14870
service,77
end_to_end,24006
service,4
end_to_end,11608
service,8
end_to_end,15177
service,2633
end_to_end,31686
service,10687
end_to_end,21973
service,35
end_to_end,22410
service,645
end_to_end,40449
service,140
end_to_end,8058
service,44
end_to_end,20075
service,152
end_to_end,13859
service,736
end_to_end,27891
service,1735
end_to_end,25071
service,740
end_to_end,10632
service,57
end_to_end,12329
service,1179
end_to_end,28080
service,3626
end_to_end,25181
service,0
end_to_end,22109
service,1937
end_to_end,12403
service,554
end_to_end,19221
service,388
end_to_end,5491
service,336
end_to_end,13547
service,321
end_to_end,26539
service,209
end_to_end,13363
service,752
end_to_end,40120
service,14342
end_to_end,37506
service,444
end_to_end,31030
service,1609
end_to_end,7646
service,203
end_to_end,15207
service,685
end_to_end,29689
service,2245
end_to_end,35989
service,41
end_to_end,39314
service,7275
end_to_end,47534
service,2272
end_to_end,32522
service,2225
end_to_end,49198
service,792
end_to_end,27929
service,4034
end_to_end,16939
service,136
end_to_end,18997
service,1331
end_to_end,23083
service,1916
end_to_end,44737
service,63
end_to_end,5757
service,205
end_to_end,25327
service,1160
end_to_end,29881
service,227
end_to_end,14538
service,13
end_to_end,24722
service,2578
end_to_end,6052
service,2
end_to_end,10577
service,3373
end_to_end,8571
service,2167
end_to_end,23805
service,2661
end_to_end,22775
service,446
end_to_end,8527
service,398
end_to_end,18346
service,4633
end_to_end,13116
service,1756
end_to_end,9614
service,202
end_to_end,32432
service,2600
end_to_end,14153
service,1016
end_to_end,35652
service,16
end_to_end,40443
service,4849
end_to_end,43690
service,2503
end_to_end,20683
service,6485
end_to_end,25560
service,814
end_to_end,33570
service,118
end_to_end,16425
service,1013
end_to_end,16628
service,203
end_to_end,24759
service,4399
end_to_end,10956
service,2483
end_to_end,18027
service,6
end_to_end,13724
service,204
end_to_end,16732
service,115
end_to_end,33240
service,63
end_to_end,19935
service,981
end_to_end,11975
service,706
end_to_end,43201
service,2064
end_to_end,19960
service,2159
end_to_end,42589
service,211
end_to_end,18641
service,7
end_to_end,17751
service,5469
end_to_end,60292
service,11798
end_to_end,41954
service,81
end_to_end,19001
service,2762
end_to_end,50105
service,11582
end_to_end,27829
service,522
end_to_end,14967
service,2231
end_to_end,19617
service,9085
end_to_end,22017
service,58
end_to_end,26327
service,9770
end_to_end,24299
service,4985
end_to_end,28634
service,1275
end_to_end,29822
service,7904
end_to_end,29063
service,158
end_to_end,32195
service,7197
end_to_end,10500
service,26
end_to_end,29319
service,75
end_to_end,20761
service,1098
end_to_end,13486
service,591
end_to_end,28482
service,3599
end_to_end,9231
service,3649
end_to_end,37964
service,14088
end_to_end,12106
service,847
end_to_end,13211
service,595
end_to_end,20626
service,227
end_to_end,22740
service,2961
end_to_end,18707
service,5274
end_to_end,30927
service,1647
end_to_end,20348
service,18
end_to_end,10778
service,1444
end_to_end,17656
service,1358
end_to_end,12167
service,19
end_to_end,8047
service,68
end_to_end,19005
service,2936
end_to_end,16978
service,31
end_to_end,12624
service,70
end_to_end,13968
service,1408
end_to_end,26872
service,11
end_to_end,22397
service,4122
end_to_end,27754
service,21449
end_to_end,26974
service,4337
end_to_end,18416
service,2506
end_to_end,31446
service,283
end_to_end,37562
service,359
end_to_end,15598
service,45
end_to_end,32309
service,52
end_to_end,28818
service,183
end_to_end,37340
service,781
end_to_end,21402
service,1068
end_to_end,28788
service,1
end_to_end,19729
service,1361
end_to_end,37536
service,2714
end_to_end,23043
service,805
end_to_end,37862
service,787
end_to_end,28530
service,2899
end_to_end,14731
service,188
end_to_end,51120
service,14668
end_to_end,41101
service,101
end_to_end,9744
service,217
end_to_end,36605
service,725
end_to_end,21833
service,1251
end_to_end,13291
service,1878
end_to_end,29140
service,123
end_to_end,23469
service,66
end_to_end,16533
service,6359
end_to_end,43575
service,318
end_to_end,31989
service,1181
end_to_end,23225
service,4615
end_to_end,16206
service,1422
end_to_end,20074
service,621
end_to_end,17715
service,1224
end_to_end,12163
service,829
end_to_end,36652
service,7926
end_to_end,42732
service,1379
end_to_end,13489
service,4116
end_to_end,30994
service,140
end_to_end,23554
service,59
end_to_end,29041
service,1499
end_to_end,34807
service,1388
end_to_end,16791
service,14
end_to_end,28970
service,475
end_to_end,41702
service,3240
end_to_end,12656
service,110
end_to_end,30081
service,369
end_to_end,10775
service,684
end_to_end,17998
service,2
end_to_end,20587
service,757
end_to_end,17623
service,590
end_to_end,24160
service,90
end_to_end,22008
service,1556
end_to_end,15357
service,203
end_to_end,14535
service,1762
end_to_end,20637
service,572
end_to_end,13992
service,1673
end_to_end,9075
service,208
end_to_end,20117
service,491
end_to_end,33459
service,3021
end_to_end,36041
service,2441
end_to_end,12547
service,2023
end_to_end,14992
service,48
end_to_end,24538
service,4779
end_to_end,7581
service,90
end_to_end,13073
service,59
end_to_end,19104
service,72
end_to_end,14799
service,540
end_to_end,20207
service,3464
end_to_end,19094
service,1573
end_to_end,20023
service,3786
end_to_end,19637
service,316
end_to_end,17224
service,417
end_to_end,19411
service,1323
end_to_end,25905
service,232
end_to_end,17466
service,2692
end_to_end,17565
service,2159
end_to_end,54464
service,372
end_to_end,21684
service,237
end_to_end,30995
service,1923
end_to_end,21256
service,72
end_to_end,13519
service,548
end_to_end,6615
service,81
end_to_end,25037
service,72
end_to_end,24221
service,8
end_to_end,31671
service,325
end_to_end,15419
service,569
end_to_end,27660
service,2256
end_to_end,26761
service,1467
end_to_end,13556
service,3089
end_to_end,11572
service,1107
end_to_end,25345
service,0
end_to_end,27090
service,0
end_to_end,14108
service,521
end_to_end,25157
service,3057
end_to_end,13269
service,134
end_to_end,21516
service,173
end_to_end,22956
service,771
end_to_end,23345
service,3172
end_to_end,12558
service,378
end_to_end,12185
service,124
end_to_end,27419
service,11744
end_to_end,30964
service,213
end_to_end,30522
service,10339
end_to_end,22722
service,592
end_to_end,13067
service,3174
end_to_end,26216
service,193
end_to_end,8591
service,104
end_to_end,6211
service,165
end_to_end,17870
service,126
end_to_end,26020
service,9699
end_to_end,15791
service,2263
end_to_end,13853
service,120
end_to_end,22219
service,88
end_to_end,18569
service,2229
end_to_end,12898
service,789
end_to_end,14479
service,1732
end_to_end,18195
service,37
end_to_end,28355
service,1667
end_to_end,36892
service,19214
end_to_end,40719
service,5262
end_to_end,34029
service,1194
end_to_end,13164
service,4374
end_to_end,53449
service,6685
end_to_end,34053
service,22
end_to_end,47189
service,3049
end_to_end,40928
service,16646
end_to_end,34321
service,442
end_to_end,65750
service,4939
end_to_end,64022
service,327
end_to_end,21110
service,3525
end_to_end,17156
service,7111
end_to_end,11893
service,560
end_to_end,8397
service,158
end_to_end,24132
service,1201
end_to_end,39918
service,759
end_to_end,17599
service,33
end_to_end,35486
service,4557
end_to_end,31489
service,2321
end_to_end,21111
service,162
end_to_end,37423
service,3109
end_to_end,17144
service,5556
end_to_end,42079
service,51
end_to_end,22830
service,471
end_to_end,25517
service,7184
end_to_end,21803
service,5037
end_to_end,16896
service,154
end_to_end,27418
service,13
end_to_end,23606
service,209
end_to_end,11394
service,922
end_to_end,24080
service,72
end_to_end,23740
service,2359
end_to_end,13195
service,334
end_to_end,14641
service,286
end_to_end,27433
service,2912
end_to_end,14666
service,777
end_to_end,18175
service,257
end_to_end,29643
service,707
end_to_end,11761
service,527
end_to_end,13152
service,162
end_to_end,37031
service,533
end_to_end,33457
service,14
end_to_end,29255
service,2949
end_to_end,17305
service,675
end_to_end,15616
service,1079
end_to_end,19899
service,2926
end_to_end,15032
service,237
end_to_end,40705
service,2670
end_to_end,7640
service,783
end_to_end,18728
service,1024
end_to_end,15306
service,503
end_to_end,23876
service,4775
end_to_end,32992
service,2125
end_to_end,18706
service,1120
end_to_end,19938
service,136
end_to_end,12632
service,1712
end_to_end,21816
service,90
end_to_end,24642
service,744
end_to_end,11573
service,32
end_to_end,14753
service,1361
end_to_end,36478
service,812
end_to_end,43043
service,1011
end_to_end,53154
service,530
end_to_end,15013
service,2234
end_to_end,9588
service,21
end_to_end,18031
service,6673
end_to_end,12668
service,1656
end_to_end,14420
service,2809
end_to_end,8128
service,224
end_to_end,23661
service,796
end_to_end,26587
service,2314
end_to_end,16039
service,994
end_to_end,14561
service,3312
end_to_end,30141
service,1204
end_to_end,19331
service,1650
end_to_end,18276
service,2
end_to_end,24913
service,1894
end_to_end,21874
service,3888
end_to_end,14102
service,534
end_to_end,13759
service,10627
end_to_end,18287
service,2467
end_to_end,6376
service,1585
end_to_end,17285
service,89
end_to_end,12029
service,98
end_to_end,11497
service,8
end_to_end,28890
service,4983
end_to_end,5574
service,6
end_to_end,17071
service,793
end_to_end,20685
service,3984
end_to_end,29469
service,735
end_to_end,8781
service,314
end_to_end,23712
service,313
end_to_end,6867
service,345
end_to_end,21519
service,1225
end_to_end,12782
service,641
end_to_end,8234
service,1705
end_to_end,14231
service,41
end_to_end,55688
service,7806
end_to_end,43696
service,186
end_to_end,17092
service,4487
end_to_end,31893
service,8948
end_to_end,18956
service,234
end_to_end,17091
service,256
end_to_end,27244
service,142
end_to_end,31361
service,79
end_to_end,18310
service,171
end_to_end,13426
service,2034
end_to_end,26917
service,252
end_to_end,26049
service,3451
end_to_end,21053
service,1
end_to_end,11324
service,953
end_to_end,16163
service,862
end_to_end,30969
service,3980
end_to_end,24616
service,579
end_to_end,37235
service,8222
end_to_end,18872
service,400
end_to_end,27582
service,4127
end_to_end,26214
service,689
end_to_end,14466
service,703
end_to_end,46311
service,301
end_to_end,23788
service,0
end_to_end,9969
service,119
end_to_end,41238
service,220
end_to_end,20755
service,1
end_to_end,10117
service,2071
end_to_end,25493
service,296
end_to_end,25011
service,970
end_to_end,21134
service,85
end_to_end,13109
service,233
end_to_end,13415
service,291
end_to_end,33655
service,31
end_to_end,33881
service,638
end_to_end,45820
service,6290
end_to_end,20226
service,677
end_to_end,13526
service,2338
end_to_end,10184
service,102
end_to_end,53943
service,508
end_to_end,29743
service,1253
end_to_end,19116
service,450
end_to_end,15627
service,2054
end_to_end,18767
service,3480
end_to_end,20692
service,1053
end_to_end,14807
service,2015
end_to_end,22988
service,1546
end_to_end,35832
service,0
end_to_end,12410
service,13
end_to_end,23612
service,698
end_to_end,37370
service,2405
end_to_end,46435
service,138
end_to_end,36469
service,3811
end_to_end,34664
service,462
end_to_end,11240
service,6417
end_to_end,18486
service,3
end_to_end,18649
service,4632
end_to_end,44053
service,12168
end_to_end,25941
service,6521
end_to_end,28050
service,11517
end_to_end,27014
service,11544
end_to_end,42940
service,957
end_to_end,19599
service,1144
end_to_end,30100
service,75
end_to_end,58426
service,2906
end_to_end,22012
service,880
end_to_end,32187
service,3053
end_to_end,18286
service,2053
end_to_end,26948
service,39
end_to_end,21173
service,2737
end_to_end,43733
service,236
end_to_end,15296
service,1113
end_to_end,50622
service,2285
end_to_end,50676
service,53
end_to_end,13303
service,2034
end_to_end,13364
service,56
end_to_end,29323
service,1856
end_to_end,22130
service,1980
end_to_end,20987
service,169
end_to_end,31930
service,2794
end_to_end,26068
service,2335
end_to_end,25521
service,6079
end_to_end,24763
service,129
end_to_end,22023
service,1466
end_to_end,30837
service,6749
end_to_end,31740
service,578
end_to_end,28659
service,195
end_to_end,20327
service,11107
end_to_end,21493
service,2277
end_to_end,20163
service,453
end_to_end,24979
service,13
end_to_end,15987
service,10
end_to_end,23134
service,3247
end_to_end,19377
service,669
end_to_end,10570
service,978
end_to_end,42932
service,6735
end_to_end,35399
service,6124
end_to_end,10575
service,3450
end_to_end,12125
service,95
end_to_end,25997
service,7
end_to_end,21008
service,1049
end_to_end,31290
service,458
end_to_end,19749
service,0
end_to_end,37627
service,3198
end_to_end,19408
service,289
end_to_end,24005
service,783
end_to_end,11869
service,4188
end_to_end,24495
service,1481
end_to_end,26547
service,6
end_to_end,23123
service,5
end_to_end,32122
service,9158
end_to_end,25417
service,18
end_to_end,12599
service,2771
end_to_end,5157
service,407
end_to_end,22137
service,77
end_to_end,22681
service,202
end_to_end,14867
service,2677
end_to_end,10359
service,1563
end_to_end,22003
service,266
end_to_end,6647
service,63
end_to_end,27849
service,15795
end_to_end,11957
service,6
end_to_end,21151
service,11315
end_to_end,24291
service,12583
end_to_end,33185
service,3854
end_to_end,19979
service,83
end_to_end,17752
service,3111
end_to_end,23637
service,2826
end_to_end,12099
service,170
end_to_end,13295
service,82
end_to_end,12017
service,1
end_to_end,9727
service,171
end_to_end,15914
service,3224
end_to_end,32849
service,352
end_to_end,18159
service,229
end_to_end,15359
service,125
end_to_end,30046
service,4157
end_to_end,26785
service,1344
end_to_end,14465
service,2908
end_to_end,20880
service,2879
end_to_end,12592
service,71
end_to_end,23605
service,1679
end_to_end,6522
service,2211
end_to_end,37474
service,427
end_to_end,12631
service,1805
end_to_end,12479
service,1825
end_to_end,37992
service,6814
end_to_end,15759
service,801
end_to_end,28145
service,698
end_to_end,8631
service,12
end_to_end,19541
service,3220
end_to_end,12609
service,639
end_to_end,19035
service,3051
end_to_end,23319
service,678
end_to_end,23501
service,9
end_to_end,41590
service,1161
end_to_end,46235
service,4884
end_to_end,34793
service,3679
end_to_end,27597
service,4743
end_to_end,29702
service,2666
end_to_end,15502
service,803
end_to_end,24222
service,99
end_to_end,15987
service,289
end_to_end,24890
service,3135
end_to_end,40411
service,1453
end_to_end,31821
service,92
end_to_end,34706
service,4050
end_to_end,25225
service,1028
end_to_end,14537
service,1114
end_to_end,16339
service,12
end_to_end,31999
service,2237
end_to_end,25119
service,10
end_to_end,22418
service,516
end_to_end,20799
service,31
end_to_end,39817
service,6899
end_to_end,38947
service,8860
end_to_end,30542
service,1830
end_to_end,21484
service,1833
end_to_end,19439
service,14
end_to_end,18375
service,233
end_to_end,26150
service,614
end_to_end,23840
service,3238
end_to_end,8840
service,111
end_to_end,16934
service,1873
end_to_end,27235
service,294
end_to_end,8368
service,2635
end_to_end,6595
service,281
end_to_end,34256
service,1741
end_to_end,15428
service,1
end_to_end,10222
service,2393
end_to_end,29347
service,938
end_to_end,28229
service,5169
end_to_end,21084
service,530
end_to_end,13428
service,85
end_to_end,44383
service,1289
end_to_end,27611
service,2949
end_to_end,20059
service,2566
end_to_end,9532
service,241
end_to_end,12672
service,876
end_to_end,24187
service,580
end_to_end,10852
service,220
end_to_end,14103
service,807
end_to_end,38963
service,8847
end_to_end,21952
service,166
end_to_end,24276
service,399
end_to_end,27075
service,3804
end_to_end,18791
service,221
end_to_end,20691
service,991
end_to_end,25421
service,2653
end_to_end,11726
service,2568
end_to_end,31275
service,1720
end_to_end,16323
service,2484
end_to_end,17217
service,1604
end_to_end,5756
service,27
end_to_end,20324
service,1504
end_to_end,31567
service,454
end_to_end,9465
service,920
end_to_end,13686
service,509
end_to_end,37614
service,138
end_to_end,15535
service,2864
end_to_end,10363
service,76
end_to_end,10935
service,43
end_to_end,14872
service,2165
end_to_end,18330
service,106
end_to_end,34126
service,13182
end_to_end,28523
service,99
end_to_end,26310
service,996
end_to_end,28394
service,5930
end_to_end,24416
service,162
end_to_end,28109
service,5744
end_to_end,27129
service,1617
end_to_end,32343
service,4229
end_to_end,24306
service,6374
end_to_end,15541
service,1388
end_to_end,19528
service,169
end_to_end,15618
service,225
end_to_end,22401
service,219
end_to_end,18375
service,148
end_to_end,21405
service,1190
end_to_end,20080
service,39
end_to_end,37030
service,2662
end_to_end,31216
service,435
end_to_end,56159
service,964
end_to_end,17909
service,32
end_to_end,7035
service,423
end_to_end,28901
service,130
end_to_end,63450
service,2
end_to_end,16323
service,160
end_to_end,19350
service,6145
end_to_end,55933
service,4277
end_to_end,21314
service,2375
end_to_end,24870
service,1455
end_to_end,7566
service,76
end_to_end,26801
service,6006
end_to_end,6012
service,415
end_to_end,26479
service,0
end_to_end,20030
service,843
end_to_end,28679
service,7
end_to_end,38398
service,11359
end_to_end,33248
service,774
end_to_end,9265
service,728
end_to_end,36675
service,541
end_to_end,19279
service,1477
end_to_end,31557
service,2908
end_to_end,14972
service,4815
end_to_end,29139
service,810
end_to_end,46735
service,1456
end_to_end,22152
service,43
end_to_end,12506
service,55
end_to_end,17926
service,758
end_to_end,14668
service,331
end_to_end,30474
service,118
end_to_end,32667
service,791
end_to_end,25869
service,2157
end_to_end,19093
service,719
end_to_end,29940
service,751
end_to_end,30901
service,3076
end_to_end,33861
service,2256
end_to_end,20465
service,2488
end_to_end,14594
service,3187
end_to_end,24790
service,12
end_to_end,39374
service,6647
end_to_end,22222
service,3193
end_to_end,18648
service,46
end_to_end,8487
service,4158
end_to_end,14037
service,443
end_to_end,15541
service,3978
end_to_end,27755
service,3111
end_to_end,29263
service,19
end_to_end,12984
service,475
end_to_end,23237
service,4587
end_to_end,31358
service,3755
end_to_end,20523
service,284
end_to_end,20718
service,481
end_to_end,36127
service,1275
end_to_end,40051
service,5097
end_to_end,10369
service,759
end_to_end,12238
service,1263
end_to_end,19274
service,7059
end_to_end,22733
service,280
end_to_end,16082
service,1923
end_to_end,22955
service,12
end_to_end,15645
service,253
end_to_end,18028
service,444
end_to_end,24099
service,91
end_to_end,22331
service,4944
end_to_end,13068
service,166
end_to_end,29319
service,2112
end_to_end,22606
service,149
end_to_end,27900
service,5238
end_to_end,19209
service,555
end_to_end,16231
service,79
end_to_end,14184
service,393
end_to_end,19312
service,309
end_to_end,26722
service,231
end_to_end,12220
service,703
end_to_end,28683
service,780
end_to_end,17154
service,2
end_to_end,22776
service,59
end_to_end,20539
service,1223
end_to_end,21901
service,1797
end_to_end,43394
service,7316
end_to_end,29746
service,1334
end_to_end,40350
service,2256
end_to_end,35953
service,1956
end_to_end,17068
service,2483
end_to_end,26144
service,5858
end_to_end,48970
service,8534
end_to_end,56415
service,204
end_to_end,26945
service,210
end_to_end,26841
service,8469
end_to_end,24068
service,258
end_to_end,10562
service,2048
end_to_end,6006
service,1426
end_to_end,10258
service,3572
end_to_end,9276
service,776
end_to_end,15724
service,56
end_to_end,26208
service,2280
end_to_end,15102
service,459
end_to_end,22393
service,611
end_to_end,12727
service,221
end_to_end,14193
service,51
end_to_end,26333
service,368
end_to_end,22830
service,446
end_to_end,19195
service,857
end_to_end,13320
service,1954
end_to_end,37308
service,46
end_to_end,17629
service,239
end_to_end,21552
service,1079
end_to_end,12114
service,151
end_to_end,12966
service,338
end_to_end,15553
service,3966
end_to_end,15539
service,3045
end_to_end,36404
service,5166
end_to_end,15834
service,752
end_to_end,36829
service,4710
end_to_end,22806
service,372
end_to_end,13357
service,149
end_to_end,22557
service,1409
end_to_end,25709
service,8310
end_to_end,22070
service,665
end_to_end,36742
service,1349
end_to_end,12537
service,362
end_to_end,23673
service,107
end_to_end,16060
service,967
end_to_end,14083
service,27
end_to_end,27568
service,1968
end_to_end,53010
service,5106
end_to_end,29398
service,437
end_to_end,21829
service,932
end_to_end,32877
service,5040
end_to_end,10564
service,0
end_to_end,7820
service,2545
end_to_end,33477
service,493
end_to_end,17965
service,466
end_to_end,24293
service,1300
end_to_end,19717
service,1498
end_to_end,20697
service,4500
end_to_end,25492
service,149
end_to_end,22483
service,2265
end_to_end,11025
service,1090
end_to_end,21871
service,5446
end_to_end,27224
service,1250
end_to_end,18794
service,679
end_to_end,19147
service,3480
end_to_end,16014
service,3001
end_to_end,24781
service,569
end_to_end,18411
service,408
end_to_end,20767
service,13
end_to_end,10643
service,584
end_to_end,17419
service,699
end_to_end,25408
service,993
end_to_end,12638
service,10
end_to_end,20131
service,8751
end_to_end,33684
service,5748
end_to_end,9779
service,2266
end_to_end,4730
service,47
end_to_end,13309
service,261
end_to_end,42296
service,1635
end_to_end,38291
service,1202
end_to_end,20928
service,6904
end_to_end,18078
service,6145
end_to_end,28008
service,2808
end_to_end,32310
service,3624
end_to_end,18584
service,1314
end_to_end,6124
service,327
end_to_end,23506
service,6425
end_to_end,51340
service,16235
end_to_end,27589
service,821
end_to_end,15659
service,540
end_to_end,9940
service,3566
end_to_end,27727
service,559
end_to_end,17913
service,2975
end_to_end,26301
service,280
end_to_end,19330
service,371
end_to_end,24529
service,5572
end_to_end,13682
service,5886
end_to_end,3634
service,9
end_to_end,5527
service,177
end_to_end,10199
service,712
end_to_end,9208
service,2119
end_to_end,15989
service,653
end_to_end,11673
service,504
end_to_end,7170
service,1785
end_to_end,33330
service,956
end_to_end,30398
service,2987
end_to_end,27281
service,565
end_to_end,45644
service,710
end_to_end,16895
service,882
end_to_end,14456
service,179
end_to_end,33256
service,11410
end_to_end,30245
service,45
end_to_end,17463
service,148
end_to_end,25764
service,4735
end_to_end,14981
service,652
end_to_end,21307
service,5
end_to_end,34234
service,2566
end_to_end,19766
service,710
end_to_end,23603
service,998
end_to_end,14920
service,43
end_to_end,42738
service,7123
end_to_end,27319
service,1818
end_to_end,17062
service,4104
end_to_end,34755
service,5510
end_to_end,28053
service,3537
end_to_end,17042
service,2367
end_to_end,12353
service,1123
end_to_end,15176
service,357
end_to_end,9500
service,22
end_to_end,10027
service,327
end_to_end,10262
service,72
end_to_end,23175
service,468
end_to_end,28158
service,18
end_to_end,31427
service,2013
end_to_end,25626
service,2371
end_to_end,24448
service,6313
end_to_end,18915
service,175
end_to_end,12688
service,4324
end_to_end,14496
service,2863
end_to_end,40035
service,118
end_to_end,43663
service,769
end_to_end,29533
service,448
end_to_end,36380
service,783
end_to_end,47946
service,11330
end_to_end,50581
service,388
end_to_end,21276
service,2037
end_to_end,20721
service,736
end_to_end,16169
service,352
end_to_end,23482
service,1241
end_to_end,16618
service,637
end_to_end,16276
service,0
end_to_end,28591
service,103
end_to_end,22868
service,35
end_to_end,17042
service,2470
end_to_end,24381
service,3581
end_to_end,14270
service,7
end_to_end,15181
service,2093
end_to_end,14945
service,112
end_to_end,13873
service,758
end_to_end,18331
service,101
end_to_end,28736
service,2211
end_to_end,17238
service,20
end_to_end,26567
service,1
end_to_end,19001
service,369
end_to_end,21810
service,95
end_to_end,15442
service,11
end_to_end,24846
service,523
end_to_end,18386
service,3312
end_to_end,29916
service,4179
end_to_end,19792
service,546
end_to_end,30473
service,6165
end_to_end,5401
service,0
end_to_end,20586
service,249
end_to_end,25838
service,561
end_to_end,13469
service,796
end_to_end,25810
service,1091
end_to_end,39965
service,96
end_to_end,21287
service,1567
end_to_end,15300
service,7
end_to_end,14346
service,8334
end_to_end,12578
service,389
end_to_end,11547
service,88
end_to_end,17191
service,665
end_to_end,16192
service,27
end_to_end,27367
service,5281
end_to_end,5529
service,1274
end_to_end,18653
service,294
end_to_end,36916
service,447
end_to_end,16137
service,398
end_to_end,9602
service,0
end_to_end,23207
service,3241
end_to_end,24884
service,71
end_to_end,8933
service,93
end_to_end,18071
service,4166
end_to_end,36741
service,799
end_to_end,12983
service,81
end_to_end,25245
service,6795
end_to_end,10207
service,305
end_to_end,25508
service,866
end_to_end,23634
service,176
end_to_end,15553
service,55
end_to_end,20035
service,715
end_to_end,17124
service,367
end_to_end,13206
service,77
end_to_end,10148
service,5
end_to_end,25020
service,20
end_to_end,17838
service,368
end_to_end,13397
service,207
end_to_end,15842
service,1120
end_to_end,30324
service,6365
end_to_end,14685
service,479
end_to_end,35568
service,2132
end_to_end,18914
service,345
end_to_end,10634
service,2467
end_to_end,21162
service,7152
end_to_end,17936
service,276
end_to_end,11204
service,640
end_to_end,28982
service,36
end_to_end,12735
service,174
end_to_end,26453
service,765
end_to_end,18532
service,1310
end_to_end,19492
service,1914
end_to_end,36112
service,881
end_to_end,16611
service,1329
end_to_end,16247
service,1477
end_to_end,15173
service,2277
end_to_end,18079
service,6355
end_to_end,28408
service,2265
end_to_end,14013
service,700
end_to_end,24126
service,4875
end_to_end,44228
service,250
end_to_end,18326
service,47
end_to_end,47263
service,91
end_to_end,31397
service,4132
end_to_end,19798
service,143
end_to_end,22932
service,272
end_to_end,15891
service,67
end_to_end,22326
service,647
end_to_end,22596
service,912
end_to_end,15917
service,1380
end_to_end,16755
service,6594
end_to_end,14815
service,685
end_to_end,29386
service,2234
end_to_end,34130
service,1359
end_to_end,21887
service,439
end_to_end,32832
service,1
end_to_end,24302
service,3741
end_to_end,26422
service,0
end_to_end,24728
service,98
end_to_end,34168
service,597
end_to_end,17650
service,2377
end_to_end,35135
service,215
end_to_end,41212
service,14478
end_to_end,63499
service,101
end_to_end,27616
service,523
end_to_end,20369
service,488
end_to_end,27512
service,695
end_to_end,24266
service,870
end_to_end,14701
service,638
end_to_end,31984
service,631
end_to_end,7518
service,1467
end_to_end,22905
service,107
end_to_end,30679
service,22
end_to_end,11614
service,327
end_to_end,23065
service,3106
end_to_end,25671
service,6285
end_to_end,21582
service,135
end_to_end,47843
service,3213
end_to_end,39003
service,4829
end_to_end,34546
service,782
end_to_end,10804
service,394
end_to_end,22071
service,118
end_to_end,22232
service,2
end_to_end,19586
service,11237
end_to_end,16091
service,2697
end_to_end,15870
service,6
end_to_end,18333
service,1425
end_to_end,9995
service,13
end_to_end,21369
service,2900
end_to_end,7814
service,1000
end_to_end,54075
service,4176
end_to_end,26839
service,67
end_to_end,21064
service,2
end_to_end,28542
service,2
end_to_end,31994
service,5967
end_to_end,20828
service,621
end_to_end,23624
service,132
end_to_end,52343
service,9040
end_to_end,19490
service,5845
end_to_end,34466
service,735
end_to_end,10751
service,1378
end_to_end,18942
service,1702
end_to_end,12737
service,442
end_to_end,31576
service,1441
end_to_end,20246
service,145
end_to_end,20337
service,72
end_to_end,8394
service,6
end_to_end,28169
service,1200
end_to_end,32144
service,580
end_to_end,39573
service,2326
end_to_end,35594
service,819
end_to_end,26486
service,7
end_to_end,17689
service,99
end_to_end,35454
service,528
end_to_end,22724
service,1202
end_to_end,30011
service,1583
end_to_end,37336
service,18132
end_to_end,22767
service,3
end_to_end,5710
service,3986
end_to_end,2443
service,135
end_to_end,8337
service,344
end_to_end,17196
service,42
end_to_end,35228
service,3605
end_to_end,33504
service,2150
end_to_end,4720
service,288
end_to_end,29227
service,10897
end_to_end,23245
service,10976
end_to_end,29743
service,1040
end_to_end,10292
service,2850
end_to_end,29932
service,3666
end_to_end,26175
service,3581
end_to_end,13100
service,104
end_to_end,28488
service,217
end_to_end,40979
service,2191
end_to_end,29880
service,7676
end_to_end,25896
service,3294
end_to_end,15580
service,5284
end_to_end,23953
service,20
end_to_end,32058
service,2167
end_to_end,16144
service,1520
end_to_end,15689
service,9694
end_to_end,34843
service,861
end_to_end,23528
service,1117
end_to_end,16633
service,1792
end_to_end,23102
service,146
end_to_end,21704
service,102
end_to_end,27964
service,2610
end_to_end,26305
service,454
end_to_end,49695
service,13929
end_to_end,20670
service,76
end_to_end,19903
service,920
end_to_end,34067
service,9615
end_to_end,26792
service,0
end_to_end,15480
service,1464
end_to_end,27753
service,2086
end_to_end,19407
service,2770
end_to_end,12850
service,5265
end_to_end,18971
service,1033
end_to_end,23896
service,2
end_to_end,12111
service,1235
end_to_end,11759
service,438
end_to_end,36691
service,3041
end_to_end,40930
service,57
end_to_end,28620
service,6097
end_to_end,31646
service,10512
end_to_end,21640
service,557
end_to_end,23713
service,244
end_to_end,28540
service,588
end_to_end,12934
service,728
end_to_end,21840
service,450
end_to_end,20936
service,8210
end_to_end,25066
service,4430
end_to_end,14508
service,556
end_to_end,28340
service,6025
end_to_end,21231
service,4121
end_to_end,28817
service,365
end_to_end,33479
service,2883
end_to_end,16854
service,147
end_to_end,19178
service,147
end_to_end,14605
service,285
end_to_end,14954
service,3795
end_to_end,14116
service,216
end_to_end,7265
service,763
end_to_end,16282
service,38
end_to_end,24531
service,168
end_to_end,25013
service,777
end_to_end,33170
service,1473
end_to_end,6518
service,2729
end_to_end,50364
service,105
end_to_end,48689
service,1727
end_to_end,6637
service,0
end_to_end,31486
service,2463
end_to_end,31794
service,6
end_to_end,17325
service,7683
end_to_end,56882
service,3290
end_to_end,26593
service,3647
end_to_end,8604
service,3
end_to_end,22926
service,4608
end_to_end,16842
service,390
end_to_end,15439
service,569
end_to_end,11214
service,1249
end_to_end,30777
service,4472
end_to_end,17052
service,40
end_to_end,17104
service,313
end_to_end,14960
service,154
end_to_end,56375
service,19387
end_to_end,15100
service,289
end_to_end,12817
service,2725
end_to_end,12877
service,415
end_to_end,14810
service,1500
end_to_end,20735
service,4949
end_to_end,39048
service,2962
end_to_end,23675
service,4469
end_to_end,26041
service,833
end_to_end,6399
service,1568
end_to_end,23185
service,12826
end_to_end,9796
service,3559
end_to_end,37021
service,845
end_to_end,11532
service,952
end_to_end,11962
service,4105
end_to_end,13090
service,1640
end_to_end,6577
service,125
end_to_end,24616
service,1626
end_to_end,20421
service,1923
end_to_end,21065
service,441
end_to_end,26888
service,709
end_to_end,16356
service,727
end_to_end,11495
service,731
end_to_end,23640
service,2992
end_to_end,15156
service,654
end_to_end,17139
service,1742
end_to_end,18621
service,1213
end_to_end,20282
service,326
end_to_end,7036
service,420
end_to_end,34244
service,12308
end_to_end,33770
service,584
end_to_end,11720
service,598
end_to_end,7744
service,250
end_to_end,36725
service,2069
end_to_end,11681
service,485
end_to_end,26215
service,142
end_to_end,22051
service,3965
end_to_end,30105
service,5993
end_to_end,12379
service,820
end_to_end,27240
service,11496
end_to_end,20352
service,3175
end_to_end,19583
service,104
end_to_end,19290
service,3124
end_to_end,10120
service,7043
end_to_end,16442
service,1256
end_to_end,37376
service,885
end_to_end,36624
service,1640
end_to_end,46202
service,84
end_to_end,24467
service,2143
end_to_end,53784
service,4637
end_to_end,20673
service,88
end_to_end,37828
service,1331
end_to_end,29532
service,150
end_to_end,25024
service,156
end_to_end,17089
service,5
end_to_end,35787
service,3152
end_to_end,25753
service,3321
end_to_end,6015
service,273
end_to_end,8421
service,4017
end_to_end,13366
service,1035
end_to_end,13027
service,321
end_to_end,37516
service,314
end_to_end,36707
service,486
end_to_end,26483
service,2822
end_to_end,10386
service,2037
end_to_end,18507
service,1007
end_to_end,45958
service,890
end_to_end,22201
service,986
end_to_end,25046
service,231
end_to_end,23758
service,136
end_to_end,37938
service,9964
end_to_end,12885
service,1970
end_to_end,21544
service,65
end_to_end,40934
service,1022
end_to_end,28009
service,2924
end_to_end,33613
service,229
end_to_end,32325
service,1215
end_to_end,18108
service,6105
end_to_end,19489
service,504
end_to_end,21338
service,1
end_to_end,20649
service,457
end_to_end,24379
service,15
end_to_end,24114
service,648
end_to_end,25873
service,174
end_to_end,23581
service,766
end_to_end,26338
service,184
end_to_end,34019
service,595
end_to_end,27622
service,5
end_to_end,26872
service,2140
end_to_end,24632
service,86
end_to_end,33900
service,9125
end_to_end,25850
service,68
end_to_end,22686
service,1790
end_to_end,11717
service,3081
end_to_end,20986
service,33
end_to_end,21654
service,1218
end_to_end,13017
service,114
end_to_end,12355
service,1361
end_to_end,22409
service,307
end_to_end,11355
service,4063
end_to_end,17260
service,3270
end_to_end,26377
service,134
end_to_end,17708
service,1224
end_to_end,24591
service,6050
end_to_end,15641
service,93
end_to_end,10443
service,11
end_to_end,8159
service,14
end_to_end,8321
service,624
end_to_end,11507
service,1820
end_to_end,18188
service,184
end_to_end,22102
service,1398
end_to_end,22772
service,388
end_to_end,13945
service,87
end_to_end,19447
service,5656
end_to_end,15697
service,9
end_to_end,21027
service,229
end_to_end,29366
service,376
end_to_end,31143
service,815
end_to_end,31571
service,1489
end_to_end,40496
service,347
end_to_end,16095
service,10
end_to_end,37176
service,647
end_to_end,25709
service,2876
end_to_end,29920
service,255
end_to_end,12011
service,1275
end_to_end,42452
service,8770
end_to_end,17860
service,448
end_to_end,33908
service,2635
end_to_end,30498
service,1162
end_to_end,32089
service,1167
end_to_end,18032
service,46
end_to_end,11791
service,1452
end_to_end,24182
service,5136
end_to_end,14191
service,182
end_to_end,28686
service,973
end_to_end,26193
service,1806
end_to_end,23145
service,10
end_to_end,22383
service,61
end_to_end,31773
service,3117
end_to_end,15782
service,244
end_to_end,24269
service,595
end_to_end,26681
service,3044
end_to_end,9135
service,361
end_to_end,20180
service,820
end_to_end,17595
service,1422
end_to_end,14460
service,5964
end_to_end,12984
service,1863
end_to_end,11863
service,834
end_to_end,27235
service,12341
end_to_end,30211
service,5
end_to_end,22146
service,5154
end_to_end,43899
service,6688
end_to_end,17462
service,443
end_to_end,29558
service,10905
end_to_end,21045
service,723
end_to_end,29975
service,1534
end_to_end,10355
service,465
end_to_end,41513
service,18110
end_to_end,37704
service,245
end_to_end,22706
service,10
end_to_end,19053
service,3073
end_to_end,40398
service,2563
end_to_end,35098
service,8921
end_to_end,27148
service,109
end_to_end,19439
service,2759
end_to_end,16989
service,32
end_to_end,34531
service,1698
end_to_end,15066
service,448
end_to_end,14692
service,147
end_to_end,25839
service,2050
end_to_end,29430
service,1160
end_to_end,20696
service,4445
end_to_end,15165
service,1529
end_to_end,21170
service,10
end_to_end,17481
service,68
end_to_end,30045
service,389
end_to_end,35130
service,1109
end_to_end,24906
service,1013
end_to_end,17520
service,1163
end_to_end,37858
service,8744
end_to_end,43699
service,2
end_to_end,17684
service,14
end_to_end,25653
service,1711
end_to_end,15050
service,2603
end_to_end,27348
service,1056
end_to_end,14458
service,644
end_to_end,15068
service,1367
end_to_end,33653
service,14785
end_to_end,22824
service,347
end_to_end,18926
service,1956
end_to_end,17282
service,1534
end_to_end,21784
service,194
end_to_end,23659
service,105
end_to_end,10318
service,152
end_to_end,12957
service,55
end_to_end,16983
service,1645
end_to_end,37390
service,573
end_to_end,15643
service,1456
end_to_end,34103
service,219
end_to_end,9408
service,290
end_to_end,27323
service,81
end_to_end,17403
service,205
end_to_end,36373
service,966
end_to_end,18150
service,84
end_to_end,27325
service,67
end_to_end,31700
service,5422
end_to_end,24972
service,1391
end_to_end,32355
service,319
end_to_end,23510
service,53
end_to_end,16784
service,2699
end_to_end,12994
service,4024
end_to_end,16586
service,2275
end_to_end,23908
service,5095
end_to_end,18781
service,4989
end_to_end,16926
service,192
end_to_end,14198
service,2039
end_to_end,9319
service,510
end_to_end,27558
service,4302
end_to_end,21205
service,4346
end_to_end,13384
service,4014
end_to_end,15933
service,119
end_to_end,16167
service,3940
end_to_end,48216
service,591
end_to_end,41135
service,1163
end_to_end,27148
service,1818
end_to_end,24777
service,2289
end_to_end,58709
service,4772
end_to_end,66485
service,11857
end_to_end,24768
service,1
end_to_end,15690
service,196
end_to_end,16663
service,2474
end_to_end,21882
service,1154
end_to_end,10827
service,65
end_to_end,23928
service,8570
end_to_end,10494
service,290
end_to_end,37338
service,7
end_to_end,25430
service,4933
end_to_end,11405
service,34
end_to_end,13162
service,1797
end_to_end,8152
service,200
end_to_end,10003
service,4
end_to_end,13879
service,580
end_to_end,10199
service,358
end_to_end,12637
service,526
end_to_end,16054
service,813
end_to_end,15721
service,959
end_to_end,11026
service,4334
end_to_end,16945
service,380
end_to_end,20520
service,1451
end_to_end,14220
service,25
end_to_end,13982
service,439
end_to_end,28174
service,2628
end_to_end,23107
service,48
end_to_end,7888
service,11
end_to_end,28694
service,1359
end_to_end,14057
service,4
end_to_end,23167
service,190
end_to_end,17650
service,1668
end_to_end,7548
service,491
end_to_end,15770
service,2341
end_to_end,23597
service,739
end_to_end,20482
service,1229
end_to_end,9404
service,455
end_to_end,17808
service,3
end_to_end,23966
service,1
end_to_end,19190
service,1710
end_to_end,22335
service,2349
end_to_end,27853
service,393
end_to_end,41130
service,2418
end_to_end,26069
service,5
end_to_end,12697
service,3314
end_to_end,26597
service,2126
end_to_end,27189
service,3932
end_to_end,9782
service,1988
end_to_end,9283
service,560
end_to_end,25626
service,247
end_to_end,12052
service,1403
end_to_end,14913
service,17
end_to_end,16392
service,3123
end_to_end,22004
service,870
end_to_end,18766
service,0
end_to_end,31806
service,378
end_to_end,21837
service,483
end_to_end,18591
service,683
end_to_end,28639
service,2335
end_to_end,30361
service,1801
end_to_end,20227
service,678
end_to_end,17893
service,8
end_to_end,24054
service,32
end_to_end,24166
service,1016
end_to_end,27646
service,341
end_to_end,22837
service,813
end_to_end,11606
service,620
end_to_end,8227
service,6653
end_to_end,34078
service,6890
end_to_end,20128
service,1570
end_to_end,32453
service,2542
end_to_end,17179
service,5637
end_to_end,10120
service,866
end_to_end,17556
service,65
end_to_end,14930
service,6
end_to_end,20135
service,451
end_to_end,16800
service,1832
end_to_end,18981
service,6699
end_to_end,24618
service,6749
end_to_end,14992
service,888
end_to_end,7730
service,1
end_to_end,24967
service,1623
end_to_end,14812
service,423
end_to_end,17456
service,799
end_to_end,28699
service,0
end_to_end,40694
service,1857
end_to_end,11337
service,36
end_to_end,25740
service,166
end_to_end,26160
service,62
end_to_end,5725
service,91
end_to_end,16653
service,2831
end_to_end,5336
service,241
end_to_end,21145
service,971
end_to_end,47326
service,1182
end_to_end,16497
service,4871
end_to_end,40673
service,1899
end_to_end,26860
service,3910
end_to_end,17381
service,910
end_to_end,34908
service,26
end_to_end,34192
service,7809
end_to_end,39028
service,655
end_to_end,10322
service,947
end_to_end,10129
service,2198
end_to_end,25487
service,81
end_to_end,25116
service,684
end_to_end,17804
service,15
end_to_end,21031
service,347
end_to_end,19424
service,404
end_to_end,23326
service,687
end_to_end,23823
service,223
end_to_end,11608
service,3547
end_to_end,24473
service,1588
end_to_end,9738
service,2864
end_to_end,14831
service,5260
end_to_end,45450
service,13131
end_to_end,25313
service,2309
end_to_end,26859
service,305
end_to_end,13030
service,7166
end_to_end,21922
service,4383
end_to_end,15838
service,89
end_to_end,28762
service,3903
end_to_end,14754
service,141
end_to_end,31741
service,448
end_to_end,35113
service,95
end_to_end,10250
service,1761
end_to_end,39662
service,386
end_to_end,36137
service,302
end_to_end,23679
service,229
end_to_end,25166
service,3974
end_to_end,14491
service,6563
end_to_end,6502
service,158
end_to_end,12336
service,1375
end_to_end,23704
service,528
end_to_end,25678
service,94
end_to_end,19295
service,104
end_to_end,9192
service,454
end_to_end,16081
service,85
end_to_end,15293
service,94
end_to_end,8933
service,2498
end_to_end,30556
service,4011
end_to_end,28457
service,1155
end_to_end,21438
service,98
end_to_end,16471
service,79
end_to_end,22991
service,242
end_to_end,17923
service,367
end_to_end,20806
service,1003
end_to_end,15507
service,291
end_to_end,30862
service,1469
end_to_end,42656
service,123
end_to_end,19885
service,7475
end_to_end,24224
service,14
end_to_end,24568
service,164
end_to_end,14632
service,3166
end_to_end,27756
service,630
end_to_end,38261
service,24
end_to_end,31794
service,3379
end_to_end,17034
service,1838
end_to_end,47072
service,15203
end_to_end,10664
service,102
end_to_end,21796
service,18
end_to_end,35324
service,999
end_to_end,33406
service,977
end_to_end,19623
service,603
end_to_end,23362
service,112
end_to_end,13797
service,1953
end_to_end,13381
service,2698
end_to_end,15644
service,1618
end_to_end,4896
service,5
end_to_end,20376
service,2183
end_to_end,23353
service,75
end_to_end,45298
service,15371
end_to_end,21163
service,2663
end_to_end,29421
service,826
end_to_end,16655
service,835
end_to_end,24179
service,369
end_to_end,30299
service,536
end_to_end,17904
service,844
end_to_end,20372
service,91
end_to_end,22713
service,843
end_to_end,16138
service,5603
end_to_end,50795
service,4103
end_to_end,36022
service,466
end_to_end,17723
service,306
end_to_end,48122
service,11035
end_to_end,32756
service,822
end_to_end,17141
service,3120
end_to_end,32269
service,64
end_to_end,14920
service,87
end_to_end,25247
service,36
end_to_end,25650
service,804
end_to_end,22272
service,6798
end_to_end,18040
service,3569
end_to_end,20702
service,1650
end_to_end,29862
service,3716
end_to_end,25734
service,3056
end_to_end,29833
service,1668
end_to_end,33791
service,180
end_to_end,25095
service,261
end_to_end,16586
service,3312
end_to_end,35932
service,240
end_to_end,21573
service,1030
end_to_end,28361
service,9659
end_to_end,33510
service,4086
end_to_end,27638
service,1817
end_to_end,23317
service,5330
end_to_end,25845
service,776
end_to_end,20338
service,6
end_to_end,23861
service,3912
end_to_end,9892
service,1346
end_to_end,20020
service,3603
end_to_end,13702
service,2344
end_to_end,29579
service,166
end_to_end,27566
service,5301
end_to_end,23940
service,431
end_to_end,18932
service,483
end_to_end,8526
service,85
end_to_end,22111
service,9956
end_to_end,15546
service,44
end_to_end,18572
service,643
end_to_end,16333
service,4710
end_to_end,27699
service,625
end_to_end,40597
service,4242
end_to_end,37670
service,3247
end_to_end,6565
service,753
end_to_end,13177
service,4647
end_to_end,20069
service,2767
end_to_end,20474
service,155
end_to_end,22281
service,405
end_to_end,18393
service,6043
end_to_end,9740
service,1016
end_to_end,12100
service,54
end_to_end,6325
service,218
end_to_end,22843
service,710
end_to_end,9960
service,1592
end_to_end,19322
service,10
end_to_end,14842
service,1273
end_to_end,25592
service,3506
end_to_end,26220
service,8622
end_to_end,27191
service,1883
end_to_end,19005
service,1986
end_to_end,20299
service,58
end_to_end,16179
service,946
end_to_end,27011
service,2606
end_to_end,14265
service,5
end_to_end,31607
service,708
end_to_end,22346
service,4
end_to_end,10580
service,1428
end_to_end,12927
service,2519
end_to_end,10250
service,642
end_to_end,23697
service,726
end_to_end,18854
service,2561
end_to_end,30839
service,189
end_to_end,23004
service,407
end_to_end,13783
service,1404
end_to_end,31236
service,5664
end_to_end,17882
service,1614
end_to_end,25212
service,1136
end_to_end,12966
service,65
end_to_end,20708
service,0
end_to_end,8105
service,387
end_to_end,14057
service,1182
end_to_end,13974
service,821
end_to_end,10000
service,63
end_to_end,25006
service,9755
end_to_end,28387
service,2407
end_to_end,34874
service,5
end_to_end,14075
service,157
end_to_end,22389
service,911
end_to_end,51540
service,164
end_to_end,19532
service,806
end_to_end,22958
service,1631
end_to_end,20345
service,249
end_to_end,5086
service,53
end_to_end,30491
service,3050
end_to_end,7383
service,559
end_to_end,11136
service,899
end_to_end,18039
service,772
end_to_end,16340
service,1058
end_to_end,15290
service,5014
end_to_end,17304
service,475
end_to_end,24680
service,30
end_to_end,28410
service,273
end_to_end,32785
service,1016
end_to_end,13763
service,1129
end_to_end,29404
service,85
end_to_end,33106
service,29
end_to_end,33534
service,1852
end_to_end,37725
service,9741
end_to_end,43856
service,10
end_to_end,39197
service,1816
end_to_end,32166
service,29
end_to_end,20662
service,1090
end_to_end,12540
service,2937
end_to_end,32654
service,28
end_to_end,20706
service,515
end_to_end,46274
service,5174
end_to_end,18416
service,7993
end_to_end,30620
service,7140
end_to_end,23991
service,2080
end_to_end,24580
service,521
end_to_end,24148
service,9166
end_to_end,32349
service,18
end_to_end,28444
service,234
end_to_end,25204
service,6231
end_to_end,18715
service,2308
end_to_end,16148
service,477
end_to_end,9875
service,2605
end_to_end,18195
service,1236
end_to_end,16683
service,687
end_to_end,24262
service,3105
end_to_end,32380
service,18558
end_to_end,29780
service,455
end_to_end,29158
service,892
end_to_end,22111
service,906
end_to_end,22109
service,908
end_to_end,15625
service,75
end_to_end,15796
service,1530
end_to_end,17802
service,11
end_to_end,15243
service,28
end_to_end,33287
service,8413
end_to_end,40743
service,98
end_to_end,23287
service,53
end_to_end,20458
service,1090
end_to_end,28957
service,6364
end_to_end,5803
service,780
end_to_end,24409
service,4935
end_to_end,27802
service,670
end_to_end,34666
service,4511
end_to_end,23192
service,813
end_to_end,21451
service,4387
end_to_end,10070
service,2206
end_to_end,18273
service,79
end_to_end,15197
service,1319
end_to_end,23597
service,131
end_to_end,35389
service,4839
end_to_end,23368
service,99
end_to_end,18977
service,2248
end_to_end,21211
service,2013
end_to_end,17024
service,1506
end_to_end,12541
service,64
end_to_end,24131
service,2277
end_to_end,18940
service,4405
end_to_end,20117
service,6189
end_to_end,27907
service,7844
end_to_end,18469
service,2775
end_to_end,23752
service,387
end_to_end,23311
service,1313
end_to_end,11522
service,644
end_to_end,19226
service,2880
end_to_end,27248
service,2523
end_to_end,15490
service,3339
end_to_end,29872
service,1762
end_to_end,25271
service,119
end_to_end,36723
service,2675
end_to_end,29278
service,32
end_to_end,26434
service,30
end_to_end,30688
service,3389
end_to_end,23881
service,3977
end_to_end,15136
service,2820
end_to_end,14228
service,1895
end_to_end,9946
service,286
end_to_end,9886
service,254
end_to_end,18869
service,1454
end_to_end,19941
service,1804
end_to_end,15616
service,4973
end_to_end,15316
service,27
end_to_end,15802
service,1151
end_to_end,18170
service,1286
end_to_end,17505
service,2561
end_to_end,14922
service,767
end_to_end,32486
service,4236
end_to_end,7764
service,1459
end_to_end,14651
service,8326
end_to_end,6864
service,375
end_to_end,9498
service,86
end_to_end,15706
service,176
end_to_end,29149
service,3
end_to_end,21666
service,143
end_to_end,13023
service,531
end_to_end,35536
service,720
end_to_end,48678
service,15
end_to_end,19379
service,11795
end_to_end,24404
service,961
end_to_end,23126
service,6358
end_to_end,8545
service,16
end_to_end,22395
service,13
end_to_end,28162
service,4219
end_to_end,21148
service,394
end_to_end,12391
service,685
end_to_end,16221
service,623
end_to_end,15008
service,1473
end_to_end,15369
service,10
end_to_end,11422
service,0
end_to_end,31505
service,1076
end_to_end,22553
service,3823
end_to_end,20499
service,3
end_to_end,41759
service,10504
end_to_end,46981
service,2822
end_to_end,28801
service,3637
end_to_end,17276
service,533
end_to_end,14169
service,327
end_to_end,5422
service,2077
end_to_end,26259
service,5602
end_to_end,36211
service,6497
end_to_end,34289
service,12268
end_to_end,33571
service,105
end_to_end,18006
service,716
end_to_end,40568
service,2217
end_to_end,12616
service,1600
end_to_end,24085
service,71
end_to_end,15686
service,7245
end_to_end,19204
service,308
end_to_end,20711
service,400
end_to_end,25734
service,260
end_to_end,26198
service,3958
end_to_end,14581
service,428
end_to_end,13768
service,3700
end_to_end,24313
service,1534
end_to_end,22695
service,8085
end_to_end,7303
service,29
end_to_end,27091
service,351
end_to_end,20183
service,7315
end_to_end,11940
service,28
end_to_end,13548
service,514
end_to_end,21233
service,3914
end_to_end,9282
service,819
end_to_end,24554
service,355
end_to_end,17624
service,1767
end_to_end,12738
service,1359
end_to_end,20342
service,72
end_to_end,9578
service,56
end_to_end,26156
service,2179
end_to_end,14054
service,473
end_to_end,10504
service,390
end_to_end,16646
service,555
end_to_end,9539
service,538
end_to_end,14968
service,1550
end_to_end,21905
service,1241
end_to_end,46831
service,0
end_to_end,46677
service,1137
end_to_end,22225
service,2368
end_to_end,10850
service,79
end_to_end,11627
service,204
end_to_end,20966
service,23
end_to_end,12370
service,2630
end_to_end,23305
service,296
end_to_end,26334
service,2155
end_to_end,35464
service,1069
end_to_end,27376
service,8218
end_to_end,26213
service,5193
end_to_end,22915
service,59
end_to_end,22933
service,3988
end_to_end,35010
service,503
end_to_end,30125
service,564
end_to_end,36374
service,19
end_to_end,42950
service,5165
end_to_end,19072
service,5286
end_to_end,19746
service,6580
end_to_end,25549
service,5498
end_to_end,38879
service,1122
end_to_end,33992
service,1883
end_to_end,18790
service,601
end_to_end,17319
service,439
end_to_end,31190
service,12707
end_to_end,21622
service,2354
end_to_end,42186
service,5933
end_to_end,37013
service,11936
end_to_end,11256
service,399
end_to_end,7265
service,161
end_to_end,33036
service,527
end_to_end,10979
service,1669
end_to_end,39586
service,11119
end_to_end,36003
service,3476
end_to_end,16266
service,321
end_to_end,23808
service,102
end_to_end,12536
service,11
end_to_end,29154
service,4584
end_to_end,30310
service,1151
end_to_end,39948
service,10772
end_to_end,28928
service,2223
end_to_end,10750
service,237
end_to_end,33543
service,767
end_to_end,57990
service,10164
end_to_end,29684
service,4172
end_to_end,31739
service,3231
end_to_end,36818
service,277
end_to_end,6453
service,791
end_to_end,12249
service,3569
end_to_end,33689
service,194
end_to_end,23427
service,149
end_to_end,32540
service,4418
end_to_end,19827
service,4524
end_to_end,21993
service,4047
end_to_end,8730
service,92
end_to_end,21669
service,799
end_to_end,26556
service,1553
end_to_end,23952
service,2775
end_to_end,11791
service,127
end_to_end,23448
service,61
end_to_end,8317
service,2738
end_to_end,26490
service,19
end_to_end,13551
service,1504
end_to_end,22748
service,506
end_to_end,44486
service,7135
end_to_end,58941
service,5119
end_to_end,12202
service,2314
end_to_end,46907
service,6245
end_to_end,46545
service,13
end_to_end,42775
service,55
end_to_end,44348
service,4941
end_to_end,44957
service,10631
end_to_end,22838
service,969
end_to_end,11883
service,640
end_to_end,39866
service,1026
end_to_end,38275
service,1492
end_to_end,18873
service,2555
end_to_end,17824
service,8
end_to_end,8942
service,19
end_to_end,19423
service,818
end_to_end,17089
service,1656
end_to_end,15716
service,783
end_to_end,12880
service,4052
end_to_end,19862
service,1675
end_to_end,28709
service,494
end_to_end,23839
service,1
end_to_end,17673
service,8018
end_to_end,30126
service,9025
end_to_end,38048
service,1132
end_to_end,24010
service,4275
end_to_end,42796
service,943
end_to_end,17709
service,448
end_to_end,20083
service,125
end_to_end,39858
service,1207
end_to_end,11794
service,740
end_to_end,22263
service,3145
end_to_end,25357
service,32
end_to_end,20050
service,59
end_to_end,18010
service,0
end_to_end,26691
service,1933
end_to_end,26239
service,3150
end_to_end,23493
service,552
end_to_end,9402
service,238
end_to_end,15287
service,929
end_to_end,26268
service,2762
end_to_end,18598
service,2466
end_to_end,55458
service,2188
end_to_end,35314
service,5974
end_to_end,32267
service,5994
end_to_end,10010
service,746
end_to_end,18263
service,1035
end_to_end,26297
service,2296
end_to_end,18777
service,2085
end_to_end,17295
service,515
end_to_end,20163
service,70
end_to_end,44329
service,104
end_to_end,34222
service,833
end_to_end,8191
service,290
end_to_end,16286
service,2790
end_to_end,10392
service,4283
end_to_end,16604
service,1
end_to_end,14640
service,77
end_to_end,19577
service,152
end_to_end,5399
service,1358
end_to_end,35845
service,3516
end_to_end,15851
service,1613
end_to_end,14778
service,1176
end_to_end,20894
service,61
end_to_end,14305
service,151
end_to_end,27756
service,1367
end_to_end,42420
service,1445
end_to_end,22988
service,30
end_to_end,47582
service,8921
end_to_end,38382
service,19
end_to_end,13419
service,568
end_to_end,19874
service,8944
end_to_end,28202
service,148
end_to_end,14444
service,51
end_to_end,30746
service,3751
end_to_end,31637
service,8701
end_to_end,22522
service,434
end_to_end,24266
service,2808
end_to_end,10619
service,0
end_to_end,22177
service,1329
end_to_end,35223
service,688
end_to_end,27571
service,232
end_to_end,23504
service,2893
end_to_end,32406
service,561
end_to_end,31626
service,214
end_to_end,22285
service,275
end_to_end,27058
service,427
end_to_end,10094
service,29
end_to_end,5399
service,564
end_to_end,14299
service,1365
end_to_end,8996
service,661
end_to_end,30035
service,1560
end_to_end,30118
service,8846
end_to_end,8430
service,113
end_to_end,13481
service,865
end_to_end,55172
service,169
end_to_end,30790
service,427
end_to_end,45149
service,1303
end_to_end,17680
service,2567
end_to_end,27604
service,732
end_to_end,42854
service,2899
end_to_end,28870
service,321
end_to_end,13180
service,4794
end_to_end,22607
service,76
end_to_end,21351
service,292
end_to_end,26710
service,341
end_to_end,27288
service,9574
end_to_end,33982
service,2668
end_to_end,12966
service,119
end_to_end,20291
service,121
end_to_end,30366
service,501
end_to_end,17908
service,26
end_to_end,30700
service,235
end_to_end,25682
service,1273
end_to_end,11168
service,1
end_to_end,20030
service,772
end_to_end,30291
service,5791
end_to_end,17831
service,263
end_to_end,12708
service,1986
end_to_end,32255
service,403
end_to_end,19318
service,325
end_to_end,13475
service,750
end_to_end,11406
service,3194
end_to_end,23138
service,409
end_to_end,17216
service,758
end_to_end,17926
service,209
end_to_end,17461
service,2849
end_to_end,16919
service,1780
end_to_end,18646
service,282
end_to_end,13073
service,24
end_to_end,6734
service,2653
end_to_end,29590
service,1660
end_to_end,12585
service,744
end_to_end,18070
service,761
end_to_end,13918
service,1374
end_to_end,19934
service,375
end_to_end,21408
service,548
end_to_end,30325
service,2922
end_to_end,14616
service,1492
end_to_end,39084
service,224
end_to_end,32362
service,7665
end_to_end,5701
service,11
end_to_end,32424
service,2091
end_to_end,12316
service,6047
end_to_end,24605
service,10
end_to_end,24928
service,164
end_to_end,31594
service,59
end_to_end,41077
service,2067
end_to_end,43989
service,7633
end_to_end,32312
service,74
end_to_end,32697
service,108
end_to_end,37122
service,1248
end_to_end,42641
service,1066
end_to_end,29872
service,329
end_to_end,22157
service,4269
end_to_end,31604
service,4734
end_to_end,31721
service,3612
end_to_end,32716
service,2
end_to_end,19510
service,1005
end_to_end,26422
service,7
end_to_end,31797
service,6
end_to_end,12433
service,659
end_to_end,8497
service,61
end_to_end,10022
service,2600
end_to_end,23184
service,455
end_to_end,19910
service,969
end_to_end,11856
service,142
end_to_end,27371
service,121
end_to_end,18988
service,405
end_to_end,20441
service,80
end_to_end,41214
service,8303
end_to_end,27108
service,107
end_to_end,16916
service,2567
end_to_end,23280
service,2366
end_to_end,26481
service,134
end_to_end,22382
service,0
end_to_end,37286
service,3163
end_to_end,15767
service,1654
end_to_end,13100
service,242
end_to_end,21421
service,1665
end_to_end,20294
service,229
end_to_end,7812
service,110
end_to_end,37441
service,21647
end_to_end,20519
service,798
end_to_end,16860
service,234
end_to_end,21986
service,403
end_to_end,27151
service,2280
end_to_end,11614
service,195
end_to_end,15466
service,1392
end_to_end,23566
service,128
end_to_end,20220
service,2065
end_to_end,29546
service,16
end_to_end,16465
service,801
end_to_end,28816
service,6515
end_to_end,20939
service,93
end_to_end,22578
service,1473
end_to_end,21854
service,202
end_to_end,14182
service,18
end_to_end,13428
service,562
end_to_end,20612
service,861
end_to_end,24604
service,870
end_to_end,32983
service,171
end_to_end,22715
service,1327
end_to_end,21501
service,452
end_to_end,10951
service,645
end_to_end,8393
service,69
end_to_end,32032
service,9083
end_to_end,17344
service,12
end_to_end,22003
service,4977
end_to_end,17291
service,403
end_to_end,12709
service,47
end_to_end,23068
service,119
end_to_end,21551
service,155
end_to_end,24035
service,4530
end_to_end,18880
service,26
end_to_end,26949
service,223
end_to_end,34291
service,4265
end_to_end,22505
service,358
end_to_end,9800
service,764
end_to_end,15945
service,1437
end_to_end,9567
service,69
end_to_end,22279
service,563
end_to_end,27852
service,7492
end_to_end,9670
service,1913
end_to_end,26444
service,3009
end_to_end,21550
service,395
end_to_end,15668
service,2885
end_to_end,11287
service,316
end_to_end,25569
service,730
end_to_end,17761
service,5149
end_to_end,33425
service,112
end_to_end,13889
service,139
end_to_end,24118
service,247
end_to_end,29414
service,117
end_to_end,24868
service,3361
end_to_end,30254
service,4541
end_to_end,18741
service,1620
end_to_end,27586
service,2345
end_to_end,18273
service,695
end_to_end,39645
service,14
end_to_end,7112
service,293
end_to_end,23791
service,1310
end_to_end,16516
service,1444
end_to_end,23530
service,3232
end_to_end,24229
service,2372
end_to_end,20286
service,1928
end_to_end,12571
service,726
end_to_end,12974
service,1788
end_to_end,18299
service,2210
end_to_end,6296
service,855
end_to_end,17136
service,2519
end_to_end,14024
service,2611
end_to_end,20271
service,1815
end_to_end,23737
service,443
end_to_end,25644
service,211
end_to_end,27762
service,2142
end_to_end,23831
service,1267
end_to_end,37673
service,11180
end_to_end,26269
service,6340
end_to_end,30556
service,3786
end_to_end,14657
service,162
end_to_end,10003
service,1903
end_to_end,20318
service,799
end_to_end,10872
service,0
end_to_end,43627
service,2233
end_to_end,62999
service,11252
end_to_end,34793
service,6694
end_to_end,18100
service,824
end_to_end,43676
service,6028
end_to_end,58835
service,976
end_to_end,38537
service,980
end_to_end,37619
service,142
end_to_end,22192
service,28
end_to_end,22371
service,40
end_to_end,37735
service,1210
end_to_end,37108
service,1535
end_to_end,36722
service,87
end_to_end,59477
service,971
end_to_end,36088
service,7654
end_to_end,18449
service,1372
end_to_end,17436
service,3564
end_to_end,26358
service,794
end_to_end,23458
service,6600
end_to_end,20924
service,3026
end_to_end,7908
service,65
end_to_end,18355
service,2953
end_to_end,17313
service,10
end_to_end,14026
service,1192
end_to_end,9497
service,764
end_to_end,22971
service,1252
end_to_end,16667
service,6485
end_to_end,18248
service,20
end_to_end,18610
service,3001
end_to_end,4494
service,14
end_to_end,24575
service,665
end_to_end,20048
service,590
end_to_end,24234
service,211
end_to_end,19878
service,9
end_to_end,18244
service,1765
end_to_end,40471
service,10575
end_to_end,13110
service,592
end_to_end,20927
service,881
end_to_end,7955
service,131
end_to_end,25643
service,6605
end_to_end,34237
service,467
end_to_end,22379
service,656
end_to_end,26954
service,5854
end_to_end,41271
service,13607
end_to_end,17147
service,172
end_to_end,31714
service,4115
end_to_end,36804
service,284
end_to_end,34249
service,755
end_to_end,24938
service,5670
end_to_end,48353
service,60
end_to_end,21104
service,344
end_to_end,15935
service,2
end_to_end,17824
service,419
end_to_end,11722
service,972
end_to_end,29468
service,13
end_to_end,21064
service,213
end_to_end,23365
service,1773
end_to_end,16337
service,1730
end_to_end,33476
service,1549
end_to_end,23690
service,347
end_to_end,23742
service,308
end_to_end,14602
service,25
end_to_end,12585
service,53
end_to_end,14787
service,3101
end_to_end,22038
service,1
end_to_end,43064
service,6767
end_to_end,12457
service,678
end_to_end,34609
service,1724
end_to_end,41649
service,497
end_to_end,49340
service,1013
end_to_end,22119
service,6531
end_to_end,17657
service,0
end_to_end,23715
service,8
end_to_end,46250
service,551
end_to_end,35331
service,279
end_to_end,52816
service,154
end_to_end,19217
service,2503
end_to_end,41942
service,3168
end_to_end,20024
service,201
end_to_end,14655
service,1243
end_to_end,13912
service,4715
end_to_end,23692
service,5992
end_to_end,30153
service,4056
end_to_end,34993
service,4000
end_to_end,25167
service,10040
end_to_end,34314
service,3482
end_to_end,16852
service,1217
end_to_end,17239
service,702
end_to_end,21429
service,1077
end_to_end,18457
service,959
end_to_end,10232
service,1340
end_to_end,29245
service,3501
end_to_end,24009
service,3642
end_to_end,14776
service,113
end_to_end,15953
service,4958
end_to_end,35019
service,8886
end_to_end,15876
service,5461
end_to_end,61058
service,6911
end_to_end,11584
service,1117
end_to_end,13187
service,689
end_to_end,51494
service,9117
end_to_end,27490
service,1180
end_to_end,16350
service,25
end_to_end,16759
service,2563
end_to_end,23642
service,3805
end_to_end,4802
service,882
end_to_end,10184
service,1237
end_to_end,23851
service,9
end_to_end,31691
service,818
end_to_end,10563
service,121
end_to_end,32359
service,1833
end_to_end,26860
service,1617
end_to_end,11289
service,0
end_to_end,20058
service,3876
end_to_end,10500
service,693
end_to_end,28067
service,2505
end_to_end,24483
service,90
end_to_end,20914
service,131
end_to_end,7159
service,1224
end_to_end,18152
service,518
end_to_end,17066
service,218
end_to_end,21844
service,3098
end_to_end,9830
service,25
end_to_end,14777
service,50
end_to_end,13366
service,22
end_to_end,12448
service,12
end_to_end,26527
service,214
end_to_end,28774
service,2060
end_to_end,35848
service,1513
end_to_end,19380
service,578
end_to_end,42431
service,5170
end_to_end,21208
service,13
end_to_end,10345
service,95
end_to_end,17540
service,273
end_to_end,34883
service,578
end_to_end,32784
service,275
end_to_end,29570
service,6638
end_to_end,28245
service,5150
end_to_end,18405
service,1952
end_to_end,11788
service,119
end_to_end,20535
service,879
end_to_end,25744
service,11462
end_to_end,24268
service,549
end_to_end,26168
service,4866
end_to_end,40297
service,342
end_to_end,37577
service,9925
end_to_end,39707
service,1067
end_to_end,32805
service,1288
end_to_end,15261
service,528
end_to_end,27957
service,681
end_to_end,10115
service,489
end_to_end,22709
service,4300
end_to_end,13910
service,31
end_to_end,15223
service,1334
end_to_end,22730
service,2735
end_to_end,23528
service,237
end_to_end,15275
service,3
end_to_end,21033
service,927
end_to_end,34103
service,3331
end_to_end,32665
service,4619
end_to_end,14368
service,425
end_to_end,23699
service,36
end_to_end,17855
service,4300
end_to_end,22864
service,3809
end_to_end,43733
service,4735
end_to_end,35672
service,1912
end_to_end,22264
service,593
end_to_end,8231
service,545
end_to_end,27704
service,4975
end_to_end,17936
service,3072
end_to_end,10826
service,882
end_to_end,14294
service,1295
end_to_end,31106
service,6512
end_to_end,16233
service,3833
end_to_end,30073
service,816
end_to_end,35523
service,15591
end_to_end,29436
service,4595
end_to_end,17795
service,118
end_to_end,21068
service,2113
end_to_end,33690
service,3235
end_to_end,10349
service,1439
end_to_end,22429
service,2082
end_to_end,16109
service,1340
end_to_end,19591
service,1673
end_to_end,23409
service,1552
end_to_end,18173
service,7645
end_to_end,10935
service,14
end_to_end,10650
service,394
end_to_end,18842
service,20
end_to_end,22008
service,286
end_to_end,17748
service,10
end_to_end,17350
service,510
end_to_end,10228
service,336
end_to_end,10444
service,922
end_to_end,20797
service,4
end_to_end,21505
service,8
end_to_end,25154
service,53
end_to_end,32575
service,2136
end_to_end,23236
service,2507
end_to_end,9010
service,714
end_to_end,40884
service,4964
end_to_end,42468
service,7717
end_to_end,28457
service,3169
end_to_end,33390
service,2716
end_to_end,18231
service,410
end_to_end,14513
service,5
end_to_end,27460
service,6294
end_to_end,22117
service,88
end_to_end,21379
service,1460
end_to_end,15300
service,348
end_to_end,28690
service,294
end_to_end,21032
service,136
end_to_end,24906
service,498
end_to_end,23846
service,308
end_to_end,25223
service,316
end_to_end,29667
service,851
end_to_end,23384
service,841
end_to_end,29712
service,265
end_to_end,18933
service,4
end_to_end,12573
service,768
end_to_end,31258
service,3742
end_to_end,22635
service,494
end_to_end,24139
service,12384
end_to_end,26973
service,772
end_to_end,12897
service,877
end_to_end,13591
service,535
end_to_end,27169
service,2240
end_to_end,24006
service,845
end_to_end,16579
service,2484
end_to_end,13635
service,253
end_to_end,21216
service,2094
end_to_end,25532
service,5425
end_to_end,26280
service,809
end_to_end,19962
service,2294
end_to_end,31496
service,120
end_to_end,17876
service,1250
end_to_end,35127
service,9535
end_to_end,15961
service,6114
end_to_end,37822
service,58
end_to_end,36532
service,2034
end_to_end,40506
service,7480
end_to_end,33029
service,4483
end_to_end,27003
service,1262
end_to_end,12801
service,163
end_to_end,5196
service,111
end_to_end,32696
service,7
end_to_end,25057
service,72
end_to_end,12172
service,1168
end_to_end,11037
service,2746
end_to_end,27845
service,6242
end_to_end,14969
service,208
end_to_end,9052
service,458
end_to_end,14535
service,116
end_to_end,24452
service,1811
end_to_end,19813
service,622
end_to_end,20904
service,1122
end_to_end,28164
service,501
end_to_end,20626
service,30
end_to_end,31152
service,49
end_to_end,21207
service,492
end_to_end,25486
service,412
end_to_end,24841
service,13523
end_to_end,19088
service,303
end_to_end,10724
service,514
end_to_end,28766
service,14036
end_to_end,37698
service,869
end_to_end,19611
service,965
end_to_end,15597
service,164
end_to_end,20465
service,225
end_to_end,22042
service,452
end_to_end,25253
service,1848
end_to_end,26826
service,457
end_to_end,30077
service,3940
end_to_end,24671
service,4080
end_to_end,24489
service,547
end_to_end,24190
service,3862
end_to_end,23894
service,67
end_to_end,21384
service,153
end_to_end,26851
service,4399
end_to_end,4123
service,7
end_to_end,31704
service,1022
end_to_end,44440
service,14888
end_to_end,26884
service,1736
end_to_end,25907
service,7171
end_to_end,12220
service,242
end_to_end,43919
service,2040
end_to_end,33258
service,1758
end_to_end,24562
service,10
end_to_end,28949
service,826
end_to_end,34350
service,1075
end_to_end,38970
service,465
end_to_end,27589
service,8268
end_to_end,53971
service,1904
end_to_end,20831
service,456
end_to_end,40028
service,10609
end_to_end,30044
service,132
end_to_end,28782
service,882
end_to_end,30043
service,3881
end_to_end,26166
service,2801
end_to_end,13590
service,1666
end_to_end,13236
service,1907
end_to_end,15510
service,0
end_to_end,14789
service,145
end_to_end,29508
service,7667
end_to_end,14281
service,683
end_to_end,25405
service,107
end_to_end,27779
service,6267
end_to_end,12093
service,474
end_to_end,26425
service,14
end_to_end,21920
service,163
end_to_end,16749
service,2610
end_to_end,15234
service,357
end_to_end,9124
service,1820
end_to_end,19824
service,1746
end_to_end,25415
service,3672
end_to_end,26762
service,5664
end_to_end,20744
service,158
end_to_end,29750
service,1046
end_to_end,26789
service,4060
end_to_end,47328
service,12103
end_to_end,27865
service,1831
end_to_end,21129
service,2154
end_to_end,15683
service,130
end_to_end,25004
service,15720
end_to_end,19221
service,20
end_to_end,29455
service,4257
end_to_end,27461
service,306
end_to_end,44443
service,2231
end_to_end,29746
service,6027
end_to_end,32706
service,134
end_to_end,14757
service,315
end_to_end,44061
service,794
end_to_end,10623
service,49
end_to_end,18708
service,4011
end_to_end,11259
service,1495
end_to_end,41158
service,3718
end_to_end,47941
service,2506
end_to_end,31616
service,908
end_to_end,12327
service,356
end_to_end,52325
service,3548
end_to_end,43271
service,922
end_to_end,17536
service,182
end_to_end,34615
service,8776
end_to_end,23559
service,611
end_to_end,21351
service,12
end_to_end,35038
service,9766
end_to_end,11485
service,1701
end_to_end,6234
service,230
end_to_end,4829
service,434
end_to_end,8064
service,604
end_to_end,9695
service,5
end_to_end,20132
service,1409
end_to_end,22595
service,3357
end_to_end,23319
service,1782
end_to_end,22824
service,322
end_to_end,29814
service,1095
end_to_end,10730
service,1686
end_to_end,24289
service,198
end_to_end,32118
service,3870
end_to_end,42542
service,134
end_to_end,12467
service,398
end_to_end,18404
service,6953
end_to_end,39671
service,1141
end_to_end,35079
service,3299
end_to_end,24525
service,3567
end_to_end,9726
service,694
end_to_end,17063
service,276
end_to_end,27281
service,4544
end_to_end,14340
service,128
end_to_end,32491
service,784
end_to_end,18434
service,3145
end_to_end,23732
service,352
end_to_end,30610
service,1404
end_to_end,24426
service,1880
end_to_end,15080
service,407
end_to_end,21038
service,4962
end_to_end,20846
service,2764
end_to_end,19138
service,435
end_to_end,24603
service,4965
end_to_end,28701
service,36
end_to_end,19599
service,352
end_to_end,39752
service,4409
end_to_end,18642
service,1126
end_to_end,33974
service,4482
end_to_end,28373
service,8410
end_to_end,16121
service,271
end_to_end,19569
service,1
end_to_end,26699
service,1717
end_to_end,24838
service,430
end_to_end,21160
service,1367
end_to_end,11444
service,3075
end_to_end,16139
service,148
end_to_end,23583
service,646
end_to_end,21996
service,899
end_to_end,28772
service,794
end_to_end,32989
service,661
end_to_end,17878
service,91
end_to_end,31064
service,3224
end_to_end,21523
service,578
end_to_end,15634
service,88
end_to_end,18935
service,65
end_to_end,7523
service,4
end_to_end,18908
service,2414
end_to_end,19080
service,1649
end_to_end,18791
service,24
end_to_end,19885
service,737
end_to_end,19896
service,1922
end_to_end,37311
service,2411
end_to_end,15447
service,6257
end_to_end,11704
service,1316
end_to_end,70690
service,8769
end_to_end,58310
service,854
end_to_end,47197
service,2286
end_to_end,36175
service,122
end_to_end,18182
service,4987
end_to_end,15302
service,38
end_to_end,8188
service,841
end_to_end,20600
service,461
end_to_end,20878
service,3220
end_to_end,33708
service,1590
end_to_end,8405
service,232
end_to_end,20467
service,1557
end_to_end,10873
service,155
end_to_end,21421
service,2148
end_to_end,13361
service,1062
end_to_end,17941
service,482
end_to_end,36328
service,616
end_to_end,28333
service,1808
end_to_end,36875
service,424
end_to_end,23018
service,29
end_to_end,22638
service,74
end_to_end,23915
service,1
end_to_end,15283
service,872
end_to_end,29534
service,3
end_to_end,18521
service,1054
end_to_end,19158
service,733
end_to_end,18219
service,1278
end_to_end,10319
service,1719
end_to_end,15557
service,75
end_to_end,31947
service,953
end_to_end,40292
service,5197
end_to_end,17036
service,263
end_to_end,18788
service,4702
end_to_end,57229
service,2126
end_to_end,20652
service,332
end_to_end,14731
service,2221
end_to_end,16284
service,1325
end_to_end,22402
service,2196
end_to_end,17496
service,153
end_to_end,27346
service,315
end_to_end,29632
service,1889
end_to_end,31029
service,40
end_to_end,7991
service,1526
end_to_end,12090
service,1390
end_to_end,18382
service,95
end_to_end,25782
service,6035
end_to_end,22117
service,450
end_to_end,20684
service,112
end_to_end,25242
service,554
end_to_end,17706
service,161
end_to_end,17259
service,370
end_to_end,25367
service,1401
end_to_end,31007
service,1604
end_to_end,29851
service,2284
end_to_end,20295
service,3487
end_to_end,44249
service,13324
end_to_end,39768
service,3753
end_to_end,20723
service,5887
end_to_end,49619
service,2278
end_to_end,35666
service,783
end_to_end,34092
service,11
end_to_end,39857
service,4624
end_to_end,21060
service,379
end_to_end,50706
service,17459
end_to_end,14992
service,755
end_to_end,22528
service,735
end_to_end,17805
service,9906
end_to_end,28354
service,366
end_to_end,26596
service,1668
end_to_end,40481
service,13
end_to_end,28478
service,2092
end_to_end,20881
service,916
end_to_end,27074
service,602
end_to_end,16157
service,107
end_to_end,17642
service,598
end_to_end,19493
service,249
end_to_end,10255
service,449
end_to_end,18483
service,143
end_to_end,48262
service,869
end_to_end,25265
service,8772
end_to_end,7373
service,507
end_to_end,9282
service,1317
end_to_end,31327
service,920
end_to_end,38944
service,16741
end_to_end,23129
service,3982
end_to_end,21842
service,770
end_to_end,24166
service,1206
end_to_end,52416
service,6793
end_to_end,22316
service,970
end_to_end,11100
service,294
end_to_end,16079
service,72
end_to_end,45785
service,100
end_to_end,39982
service,489
end_to_end,29605
service,9791
end_to_end,25791
service,2566
end_to_end,13848
service,237
end_to_end,27654
service,915
end_to_end,28307
service,651
end_to_end,16286
service,6515
end_to_end,27658
service,6678
end_to_end,9464
service,503
end_to_end,45187
service,2281
end_to_end,29231
service,2276
end_to_end,16956
service,719
end_to_end,42877
service,15116
end_to_end,32282
service,785
end_to_end,20168
service,1114
end_to_end,29706
service,3097
end_to_end,28901
service,251
end_to_end,31573
service,1977
end_to_end,28483
service,10
end_to_end,29223
service,845
end_to_end,13416
service,931
end_to_end,32364
service,6426
end_to_end,64065
service,1544
end_to_end,25431
service,584
end_to_end,34927
service,511
end_to_end,32168
service,2083
end_to_end,47103
service,5903
end_to_end,20640
service,129
end_to_end,14808
service,0
end_to_end,24392
service,140
end_to_end,25664
service,314
end_to_end,26460
service,1955
end_to_end,33067
service,310
end_to_end,44996
service,3336
end_to_end,39900
service,20
end_to_end,36831
service,922
end_to_end,19814
service,215
end_to_end,9085
service,1166
end_to_end,41504
service,1803
end_to_end,20339
service,362
end_to_end,52779
service,9088
end_to_end,16344
service,2999
end_to_end,19340
service,696
end_to_end,16895
service,1067
end_to_end,25188
service,253
end_to_end,25647
service,587
end_to_end,17079
service,1107
end_to_end,25641
service,5847
end_to_end,19479
service,61
end_to_end,10016
service,9
end_to_end,17408
service,6213
end_to_end,23589
service,1
end_to_end,8180
service,3031
end_to_end,24659
service,5337
end_to_end,25754
service,204
end_to_end,44326
service,7426
end_to_end,29097
service,67
end_to_end,21246
service,7705
end_to_end,49481
service,2907
end_to_end,30273
service,9057
end_to_end,22495
service,0
end_to_end,18824
service,268
end_to_end,36565
service,5737
end_to_end,28577
service,1185
end_to_end,13108
service,1398
end_to_end,13606
service,89
end_to_end,33492
service,3027
end_to_end,33201
service,4182
end_to_end,13657
service,99
end_to_end,37392
service,6014
end_to_end,36615
service,6182
end_to_end,16241
service,7112
end_to_end,33529
service,41
end_to_end,14345
service,2116
end_to_end,26177
service,223
end_to_end,21206
service,1986
end_to_end,20264
service,113
end_to_end,17682
service,4
end_to_end,20280
service,1575
end_to_end,30891
service,521
end_to_end,25630
service,2743
end_to_end,4904
service,334
end_to_end,17859
service,2237
end_to_end,13990
service,1112
end_to_end,28719
service,1683
end_to_end,11851
service,1164
end_to_end,13063
service,1133
end_to_end,16315
service,1
end_to_end,12381
service,735
end_to_end,33805
service,4
end_to_end,36363
service,396
end_to_end,29396
service,109
end_to_end,22096
service,6793
end_to_end,19049
service,199
end_to_end,17126
service,734
end_to_end,17411
service,424
end_to_end,18363
service,412
end_to_end,31235
service,11
end_to_end,42132
service,6755
end_to_end,20607
service,1387
end_to_end,11845
service,1130
end_to_end,44594
service,63
end_to_end,23217
service,133
end_to_end,23080
service,684
end_to_end,25032
service,6636
end_to_end,12141
service,80
end_to_end,28314
service,80
end_to_end,33381
service,47
end_to_end,37331
service,3980
end_to_end,24867
service,1467
end_to_end,23922
service,305
end_to_end,31292
service,60
end_to_end,24619
service,817
end_to_end,37306
service,880
end_to_end,30305
service,1465
end_to_end,19010
service,2363
end_to_end,43415
service,2415
end_to_end,32150
service,946
end_to_end,45291
service,4802
end_to_end,18647
service,11
end_to_end,28198
service,92
end_to_end,22362
service,2
end_to_end,24931
service,834
end_to_end,23226
service,1089
end_to_end,11675
service,270
end_to_end,11856
service,1137
end_to_end,17896
service,1946
end_to_end,22553
service,1657
end_to_end,30995
service,2011
end_to_end,28737
service,951
end_to_end,35456
service,6796
end_to_end,21110
service,2629
end_to_end,20698
service,2835
end_to_end,44306
service,1410
end_to_end,28545
service,18
end_to_end,21789
service,1280
end_to_end,39211
service,3924
end_to_end,16989
service,32
end_to_end,28396
service,3611
end_to_end,38690
service,203
end_to_end,15122
service,3123
end_to_end,15423
service,2
end_to_end,31156
service,4628
end_to_end,9780
service,753
end_to_end,49328
service,0
end_to_end,15448
service,3042
end_to_end,26083
service,1396
end_to_end,16185
service,202
end_to_end,25927
service,2960
end_to_end,15301
service,93
end_to_end,30439
service,415
end_to_end,8089
service,981
end_to_end,11046
service,1546
end_to_end,12672
service,0
end_to_end,18134
service,139
end_to_end,6952
service,1076
end_to_end,31937
service,27
end_to_end,23398
service,1361
end_to_end,19856
service,0
end_to_end,26063
service,2254
end_to_end,21310
service,16
end_to_end,31969
service,2885
end_to_end,15903
service,278
end_to_end,9585
service,155
end_to_end,30832
service,3627
end_to_end,12515
service,537
end_to_end,25176
service,3992
end_to_end,31567
service,3282
end_to_end,23194
service,6626
end_to_end,15946
service,5928
end_to_end,23149
service,93
end_to_end,37181
service,4687
end_to_end,26274
service,210
end_to_end,15064
service,507
end_to_end,26236
service,5294
end_to_end,19365
service,4394
end_to_end,31137
service,622
end_to_end,12636
service,246
end_to_end,20061
service,1312
end_to_end,34618
service,7623
end_to_end,29269
service,2035
end_to_end,38058
service,40
end_to_end,16088
service,56
end_to_end,10596
service,735
end_to_end,18706
service,353
end_to_end,25924
service,1077
end_to_end,21990
service,250
end_to_end,44389
service,1479
end_to_end,11422
service,2271
end_to_end,34314
service,690
end_to_end,27891
service,6078
end_to_end,38300
service,8768
end_to_end,48004
service,2520
end_to_end,15013
service,2950
end_to_end,57417
service,13246
end_to_end,29969
service,1570
end_to_end,16256
service,6336
end_to_end,20318
service,32
end_to_end,28911
service,5025
end_to_end,26746
service,891
end_to_end,27340
service,1487
end_to_end,22155
service,610
end_to_end,22151
service,5453
end_to_end,17227
service,13
end_to_end,11037
service,636
end_to_end,19090
service,58
end_to_end,13522
service,65
end_to_end,27427
service,259
end_to_end,13506
service,352
end_to_end,31355
service,737
end_to_end,15323
service,494
end_to_end,20261
service,43
end_to_end,24082
service,161
end_to_end,16456
service,6910
end_to_end,23405
service,3325
end_to_end,11728
service,492
end_to_end,21823
service,9296
end_to_end,22160
service,1051
end_to_end,38005
service,1612
end_to_end,21211
service,5225
end_to_end,20446
service,1449
end_to_end,21951
service,5623
end_to_end,25055
service,1069
end_to_end,24124
service,124
end_to_end,15164
service,0
end_to_end,14992
service,909
end_to_end,17214
service,112
end_to_end,30910
service,601
end_to_end,19896
service,902
end_to_end,15500
service,31
end_to_end,24561
service,2400
end_to_end,19546
service,435
end_to_end,23806
service,4301
end_to_end,5762
service,9
end_to_end,23602
service,6213
end_to_end,19955
service,730
end_to_end,26499
service,2622
end_to_end,31751
service,2426
end_to_end,18385
service,29
end_to_end,14067
service,2563
end_to_end,16532
service,2116
end_to_end,19517
service,1297
end_to_end,20557
service,332
end_to_end,29603
service,61
end_to_end,42008
service,505
end_to_end,34298
service,5982
end_to_end,28294
service,106
end_to_end,30335
service,6187
end_to_end,28882
service,1567
end_to_end,9222
service,2426
end_to_end,21171
service,10181
end_to_end,17459
service,568
end_to_end,35432
service,908
end_to_end,12054
service,944
end_to_end,18373
service,5526
end_to_end,10521
service,810
end_to_end,23486
service,3246
end_to_end,43639
service,5030
end_to_end,31583
service,5123
end_to_end,15110
service,690
end_to_end,26829
service,1157
end_to_end,16069
service,682
end_to_end,6309
service,1459
end_to_end,11049
service,45
end_to_end,13150
service,1444
end_to_end,22981
service,485
end_to_end,14631
service,497
end_to_end,18398
service,914
end_to_end,16441
service,474
end_to_end,25823
service,8659
end_to_end,9805
service,7862
end_to_end,21557
service,6066
end_to_end,38039
service,1417
end_to_end,14351
service,826
end_to_end,19273
service,58
end_to_end,18546
service,5
end_to_end,13318
service,51
end_to_end,17622
service,929
end_to_end,28609
service,3850
end_to_end,16439
service,187
end_to_end,20850
service,4604
end_to_end,30297
service,1894
end_to_end,16244
service,311
end_to_end,10211
service,998
end_to_end,23178
service,7104
end_to_end,24364
service,721
end_to_end,23749
service,206
end_to_end,33840
service,586
end_to_end,16461
service,1
end_to_end,33291
service,8688
end_to_end,35336
service,3750
end_to_end,22569
service,6536
end_to_end,37399
service,2239
end_to_end,33793
service,30
end_to_end,14298
service,735
end_to_end,18499
service,3955
end_to_end,13452
service,2898
end_to_end,22956
service,9
end_to_end,25418
service,5896
end_to_end,9460
service,369
end_to_end,9842
service,2032
end_to_end,8299
service,972
end_to_end,36676
service,6169
end_to_end,18183
service,874
end_to_end,43522
service,1333
end_to_end,8375
service,78
end_to_end,15529
service,2205
end_to_end,18690
service,4287
end_to_end,33203
service,8513
end_to_end,29122
service,4685
end_to_end,28582
service,1109
end_to_end,15182
service,369
end_to_end,48796
service,154
end_to_end,17529
service,1950
end_to_end,21822
service,1620
end_to_end,19530
service,498
end_to_end,23552
service,45
end_to_end,30901
service,8052
end_to_end,34959
service,1915
end_to_end,41271
service,3248
end_to_end,24397
service,469
end_to_end,9439
service,458
end_to_end,13854
service,40
end_to_end,43226
service,2419
end_to_end,18385
service,4503
end_to_end,23971
service,6983
end_to_end,26160
service,872
end_to_end,25920
service,14
end_to_end,13955
service,4155
end_to_end,9053
service,159
end_to_end,15016
service,1601
end_to_end,27628
service,11
end_to_end,15421
service,1395
end_to_end,16141
service,287
end_to_end,16260
service,718
end_to_end,18206
service,1060
end_to_end,13977
service,1513
end_to_end,24354
service,4355
end_to_end,26644
service,1599
end_to_end,22189
service,2504
end_to_end,13240
service,6
end_to_end,15736
service,955
end_to_end,7069
service,2204
end_to_end,29876
service,6237
end_to_end,13414
service,609
end_to_end,16435
service,2
end_to_end,27114
service,13
end_to_end,24522
service,1411
end_to_end,10537
service,5773
end_to_end,31615
service,617
end_to_end,34189
service,215
end_to_end,22084
service,1495
end_to_end,16581
service,17
end_to_end,22800
service,795
end_to_end,27398
service,1603
end_to_end,22820
service,675
end_to_end,13922
service,1194
end_to_end,32640
service,7693
end_to_end,27042
service,4559
end_to_end,23965
service,791
end_to_end,8524
service,141
end_to_end,31339
service,734
end_to_end,22766
service,9170
end_to_end,11318
service,1315
end_to_end,19266
service,2613
end_to_end,16664
service,1342
end_to_end,16992
service,3222
end_to_end,14751
service,1449
end_to_end,18780
service,117
end_to_end,17944
service,456
end_to_end,17850
service,1706
end_to_end,18642
service,2858
end_to_end,22418
service,718
end_to_end,28138
service,3324
end_to_end,19227
service,721
end_to_end,25318
service,410
end_to_end,21429
service,535
end_to_end,20041
service,3015
end_to_end,18082
service,0
end_to_end,15771
service,186
end_to_end,13337
service,169
end_to_end,7432
service,1396
end_to_end,16251
service,423
end_to_end,9802
service,486
end_to_end,24746
service,2895
end_to_end,13287
service,888
end_to_end,21178
service,1039
end_to_end,16662
service,569
end_to_end,31686
service,10970
end_to_end,27592
service,135
end_to_end,11408
service,140
end_to_end,13175
service,4
end_to_end,19532
service,1070
end_to_end,44255
service,1622
end_to_end,17375
service,48
end_to_end,22236
service,4157
end_to_end,23793
service,1693
end_to_end,16325
service,2267
end_to_end,18234
service,584
end_to_end,22612
service,316
end_to_end,21778
service,418
end_to_end,12215
service,2496
end_to_end,14056
service,187
end_to_end,31843
service,5087
end_to_end,32786
service,2873
end_to_end,5220
service,6
end_to_end,27578
service,608
end_to_end,23141
service,1831
end_to_end,21383
service,3275
end_to_end,37391
service,22625
end_to_end,22463
service,1308
end_to_end,15425
service,1330
end_to_end,9151
service,115
end_to_end,10333
service,766
end_to_end,25670
service,893
end_to_end,18766
service,1615
end_to_end,16598
service,205
end_to_end,13470
service,376
end_to_end,21118
service,2021
end_to_end,14960
service,44
end_to_end,17363
service,2886
end_to_end,11174
service,2173
end_to_end,47854
service,6470
end_to_end,27807
service,1884
end_to_end,11788
service,5406
end_to_end,26426
service,574
end_to_end,35155
service,7625
end_to_end,10010
service,2
end_to_end,21373
service,803
end_to_end,11032
service,129
end_to_end,8863
service,2068
end_to_end,9669
service,395
end_to_end,24329
service,6051
end_to_end,14316
service,895
end_to_end,29178
service,2168
end_to_end,46598
service,2001
end_to_end,17222
service,2575
end_to_end,22210
service,627
end_to_end,12087
service,351
end_to_end,13245
service,227
end_to_end,17094
service,360
end_to_end,28942
service,14689
end_to_end,26723
service,4896
end_to_end,7310
service,232
end_to_end,44079
service,485
end_to_end,25965
service,4
end_to_end,36712
service,13004
end_to_end,38803
service,1026
end_to_end,26643
service,5903
end_to_end,28158
service,3631
end_to_end,14984
service,3999
end_to_end,20962
service,3858
end_to_end,13313
service,366
end_to_end,23882
service,1261
end_to_end,10414
service,1334
end_to_end,4596
service,894
end_to_end,33941
service,6162
end_to_end,22167
service,1301
end_to_end,20355
service,4654
end_to_end,17229
service,41
end_to_end,15469
service,964
end_to_end,28129
service,1620
end_to_end,17622
service,5135
end_to_end,19735
service,51
end_to_end,40266
service,6957
end_to_end,26111
service,100
end_to_end,17801
service,2835
end_to_end,11486
service,2992
end_to_end,24010
service,929
end_to_end,17565
service,5820
end_to_end,6468
service,173
end_to_end,20012
service,4577
end_to_end,32589
service,37
end_to_end,20561
service,49
end_to_end,22930
service,790
end_to_end,18651
service,326
end_to_end,27611
service,4804
end_to_end,30685
service,4311
end_to_end,37627
service,2822
end_to_end,36840
service,2660
end_to_end,34339
service,80
end_to_end,5959
service,503
end_to_end,16774
service,5447
end_to_end,18062
service,3661
end_to_end,12956
service,3900
end_to_end,19778
service,495
end_to_end,13778
service,107
end_to_end,14912
service,1195
end_to_end,12342
service,784
end_to_end,6237
service,886
end_to_end,10092
service,19
end_to_end,20742
service,4050
end_to_end,22085
service,3961
end_to_end,36702
service,10288
end_to_end,7100
service,54
end_to_end,14443
service,1367
end_to_end,25996
service,11426
end_to_end,35058
service,997
end_to_end,19291
service,597
end_to_end,25623
service,1969
end_to_end,26083
service,967
end_to_end,20921
service,39
end_to_end,13738
service,789
end_to_end,25332
service,2096
end_to_end,37543
service,6520
end_to_end,26672
service,841
end_to_end,27482
service,316
end_to_end,22471
service,1589
end_to_end,25891
service,933
end_to_end,19436
service,3576
end_to_end,7590
service,117
end_to_end,18182
service,154
end_to_end,24002
service,346
end_to_end,27554
service,1893
end_to_end,19853
service,1533
end_to_end,23687
service,4131
end_to_end,22176
service,107
end_to_end,15721
service,1151
end_to_end,12055
service,125
end_to_end,27364
service,2543
end_to_end,27459
service,3874
end_to_end,27559
service,2166
end_to_end,24601
service,1803
end_to_end,28673
service,7129
end_to_end,17608
service,2166
end_to_end,21796
service,5719
end_to_end,28274
service,9732
end_to_end,31823
service,5003
end_to_end,25832
service,41
end_to_end,32714
service,6046
end_to_end,9585
service,15
end_to_end,10485
service,539
end_to_end,13651
service,438
end_to_end,22385
service,3049
end_to_end,26079
service,1631
end_to_end,6931
service,1838
end_to_end,36598
service,748
end_to_end,21758
service,112
end_to_end,35763
service,3564
end_to_end,21657
service,363
end_to_end,34127
service,1306
end_to_end,21780
service,1309
end_to_end,28986
service,6530
end_to_end,28801
service,882
end_to_end,22159
service,61
end_to_end,54525
service,4494
end_to_end,36942
service,4593
end_to_end,20144
service,1077
end_to_end,37867
service,432
end_to_end,18663
service,726
end_to_end,32840
service,1198
end_to_end,24182
service,725
end_to_end,25528
service,5882
end_to_end,32035
service,55
end_to_end,32300
service,25
end_to_end,7943
service,272
end_to_end,19890
service,69
end_to_end,8740
service,2744
end_to_end,21517
service,179
end_to_end,8423
service,37
end_to_end,14529
service,981
end_to_end,23888
service,991
end_to_end,11543
service,253
end_to_end,12466
service,2305
end_to_end,25651
service,1063
end_to_end,34780
service,6010
end_to_end,35542
service,756
end_to_end,22915
service,1033
end_to_end,28404
service,24
end_to_end,26348
service,1204
end_to_end,43246
service,525
end_to_end,28489
service,936
end_to_end,18222
service,1110
end_to_end,24614
service,268
end_to_end,52131
service,494
end_to_end,30070
service,5076
end_to_end,15613
service,10
end_to_end,24331
service,2409
end_to_end,17742
service,32
end_to_end,8122
service,107
end_to_end,16111
service,24
end_to_end,23635
service,2441
end_to_end,20327
service,1868
end_to_end,10025
service,60
end_to_end,31975
service,3068
end_to_end,14361
service,158
end_to_end,36233
service,365
end_to_end,8867
service,1081
end_to_end,14407
service,476
end_to_end,54019
service,20090
end_to_end,43440
service,10097
end_to_end,17138
service,6888
end_to_end,10010
service,157
end_to_end,24401
service,2856
end_to_end,19269
service,2797
end_to_end,15697
service,1358
end_to_end,24066
service,7706
end_to_end,43827
service,20
end_to_end,29912
service,8073
end_to_end,42641
service,367
end_to_end,41212
service,134
end_to_end,11141
service,167
end_to_end,55323
service,2587
end_to_end,43739
service,4175
end_to_end,46012
service,1213
end_to_end,16652
service,7866
end_to_end,5059
service,17
end_to_end,19652
service,2
end_to_end,32947
service,1703
end_to_end,14760
service,610
end_to_end,16417
service,3561
end_to_end,13996
service,26
end_to_end,19688
service,3099
end_to_end,20364
service,3342
end_to_end,11749
service,582
end_to_end,22660
service,2204
end_to_end,27673
service,2063
end_to_end,27661
service,1264
end_to_end,32117
service,180
end_to_end,28837
service,593
end_to_end,35842
service,1046
end_to_end,27575
service,460
end_to_end,48020
service,5852
end_to_end,33777
service,248
end_to_end,9867
service,17
end_to_end,21704
service,889
end_to_end,17624
service,2045
end_to_end,9119
service,367
end_to_end,26524
service,7756
end_to_end,36189
service,11722
end_to_end,39332
service,15922
end_to_end,25775
service,5598
end_to_end,18413
service,1
end_to_end,15501
service,190
end_to_end,19127
service,1936
end_to_end,22130
service,5080
end_to_end,23140
service,7
end_to_end,17119
service,3860
end_to_end,19171
service,5644
end_to_end,13266
service,10
end_to_end,16394
service,646
end_to_end,40504
service,18624
end_to_end,25111
service,997
end_to_end,39726
service,75
end_to_end,12664
service,319
end_to_end,13190
service,107
end_to_end,17070
service,384
end_to_end,17827
service,5029
end_to_end,17491
service,112
end_to_end,11644
service,634
end_to_end,22766
service,0
end_to_end,34082
service,1682
end_to_end,16216
service,128
end_to_end,22125
service,3
end_to_end,47604
service,686
end_to_end,10076
service,595
end_to_end,25692
service,2435
end_to_end,27810
service,3899
end_to_end,26014
service,2216
end_to_end,10480
service,5126
end_to_end,17358
service,12
end_to_end,23350
service,4089
end_to_end,10178
service,45
end_to_end,10899
service,360
end_to_end,8624
service,1526
end_to_end,15269
service,1350
end_to_end,13351
service,82
end_to_end,47167
service,1175
end_to_end,7003
service,194
end_to_end,22795
service,855
end_to_end,25238
service,5777
end_to_end,30668
service,1109
end_to_end,22719
service,512
end_to_end,19799
service,742
end_to_end,28088
service,80
end_to_end,17260
service,1109
end_to_end,43073
service,16347
end_to_end,28112
service,159
end_to_end,33774
service,1367
end_to_end,28772
service,681
end_to_end,22026
service,1372
end_to_end,40858
service,18105
end_to_end,16079
service,631
end_to_end,27850
service,7598
end_to_end,20808
service,14
end_to_end,17375
service,1476
end_to_end,11826
service,188
end_to_end,16224
service,58
end_to_end,7868
service,468
end_to_end,18478
service,551
end_to_end,15367
service,1934
end_to_end,46182
service,2844
end_to_end,17357
service,214
end_to_end,20803
service,73
end_to_end,22756
service,1896
end_to_end,24370
service,2530
end_to_end,27945
service,455
end_to_end,30522
service,4688
end_to_end,39181
service,1139
end_to_end,32540
service,271
end_to_end,39947
service,2663
end_to_end,24098
service,213
end_to_end,19434
service,194
end_to_end,21733
service,703
end_to_end,6298
service,311
end_to_end,16031
service,419
end_to_end,16357
service,163
end_to_end,11355
service,910
end_to_end,11099
service,517
end_to_end,14825
service,3136
end_to_end,12186
service,419
end_to_end,29817
service,14234
end_to_end,18501
service,4751
end_to_end,20959
service,520
end_to_end,30410
service,5244
end_to_end,36267
service,19988
end_to_end,19280
service,128
end_to_end,19027
service,64
end_to_end,16220
service,330
end_to_end,20994
service,2119
end_to_end,15831
service,10
end_to_end,29488
service,3910
end_to_end,12718
service,1584
end_to_end,58225
service,3495
end_to_end,31261
service,3829
end_to_end,17550
service,2
end_to_end,28739
service,16486
end_to_end,22913
service,289
end_to_end,18363
service,10645
end_to_end,26851
service,309
end_to_end,25666
service,1181
end_to_end,12344
service,67
end_to_end,18446
service,5190
end_to_end,44040
service,16372
end_to_end,24513
service,1308
end_to_end,21334
service,1319
end_to_end,19806
service,834
end_to_end,20862
service,4942
end_to_end,27299
service,4665
end_to_end,13098
service,2355
end_to_end,18505
service,114
end_to_end,47864
service,500
end_to_end,6534
service,81
end_to_end,26097
service,2023
end_to_end,19511
service,358
end_to_end,18281
service,932
end_to_end,18513
service,47
end_to_end,26588
service,2897
end_to_end,16255
service,2110
end_to_end,12227
service,2
end_to_end,25468
service,2204
end_to_end,34614
service,19
end_to_end,41876
service,3671
end_to_end,25701
service,82
end_to_end,49946
service,3891
end_to_end,34348
service,8305
end_to_end,26908
service,678
end_to_end,23902
service,731
end_to_end,23008
service,11917
end_to_end,52720
service,19018
end_to_end,12686
service,1206
end_to_end,21552
service,465
end_to_end,23617
service,121
end_to_end,9021
service,775
end_to_end,31501
service,112
end_to_end,28748
service,6
end_to_end,28663
service,523
end_to_end,7914
service,202
end_to_end,20573
service,1960
end_to_end,19681
service,160
end_to_end,6411
service,943
end_to_end,21358
service,1380
end_to_end,21430
service,723
end_to_end,3099
service,96
end_to_end,11745
service,2095
end_to_end,13899
service,45
end_to_end,27539
service,152
end_to_end,13126
service,1385
end_to_end,21389
service,1549
end_to_end,16322
service,1258
end_to_end,24874
service,8595
end_to_end,30230
service,4249
end_to_end,29930
service,146
end_to_end,21278
service,1573
end_to_end,34209
service,4784
end_to_end,24882
service,3823
end_to_end,16025
service,365
end_to_end,15925
service,2264
end_to_end,19477
service,59
end_to_end,18760
service,1
end_to_end,11396
service,735
end_to_end,7885
service,0
end_to_end,19514
service,1621
end_to_end,31595
service,68
end_to_end,21289
service,2559
end_to_end,29906
service,1480
end_to_end,35973
service,132
end_to_end,20641
service,2721
end_to_end,31421
service,417
end_to_end,29808
service,34
end_to_end,27287
service,162
end_to_end,9029
service,3
end_to_end,38547
service,6670
end_to_end,23438
service,124
end_to_end,16711
service,32
end_to_end,24200
service,3193
end_to_end,37930
service,268
end_to_end,30889
service,2815
end_to_end,15931
service,336
end_to_end,24972
service,1660
end_to_end,24734
service,393
end_to_end,13323
service,609
end_to_end,41732
service,836
end_to_end,21377
service,623
end_to_end,20334
service,611
end_to_end,22787
service,8640
end_to_end,17295
service,14
end_to_end,20853
service,2082
end_to_end,17277
service,1086
end_to_end,23851
service,7156
end_to_end,25849
service,937
end_to_end,16427
service,1583
end_to_end,23726
service,9484
end_to_end,11887
service,3492
end_to_end,31377
service,5828
end_to_end,12274
service,3215
end_to_end,15930
service,2962
end_to_end,17538
service,546
end_to_end,23722
service,1773
end_to_end,29656
service,11038
end_to_end,22260
service,1729
end_to_end,24866
service,3988
end_to_end,10737
service,208
end_to_end,32666
service,4159
end_to_end,18001
service,239
end_to_end,36281
service,2344
end_to_end,28956
service,121
end_to_end,18992
service,224
end_to_end,28967
service,337
end_to_end,7148
service,326
end_to_end,16072
service,3155
end_to_end,22421
service,242
end_to_end,22191
service,436
end_to_end,19687
service,226
end_to_end,21388
service,144
end_to_end,22162
service,4956
end_to_end,11633
service,4758
end_to_end,27313
service,2823
end_to_end,22514
service,240
end_to_end,23152
service,61
end_to_end,16757
service,141
end_to_end,24209
service,2199
end_to_end,10948
service,1188
end_to_end,24791
service,1638
end_to_end,11073
service,10
end_to_end,17131
service,414
end_to_end,29479
service,7114
end_to_end,20554
service,4538
end_to_end,28820
service,4
end_to_end,24074
service,1
end_to_end,33056
service,4756
end_to_end,31654
service,9802
end_to_end,13738
service,282
end_to_end,13589
service,1024
end_to_end,13315
service,396
end_to_end,35157
service,389
end_to_end,19078
service,334
end_to_end,29414
service,2
end_to_end,40163
service,166
end_to_end,27604
service,2105
end_to_end,16678
service,130
end_to_end,25255
service,434
end_to_end,44447
service,2177
end_to_end,45604
service,6
end_to_end,16997
service,187
end_to_end,23670
service,4109
end_to_end,18209
service,338
end_to_end,49605
service,11428
end_to_end,43670
service,181
end_to_end,27182
service,1474
end_to_end,20450
service,1390
end_to_end,16690
service,81
end_to_end,21341
service,563
end_to_end,24061
service,4527
end_to_end,23593
service,6104
end_to_end,49490
service,480
end_to_end,31504
service,34
end_to_end,28335
service,292
end_to_end,41009
service,1995
end_to_end,45911
service,2143
end_to_end,12127
service,1475
end_to_end,37351
service,1286
end_to_end,9421
service,20
end_to_end,8605
service,37
end_to_end,13809
service,4534
end_to_end,15113
service,733
end_to_end,8492
service,552
end_to_end,28826
service,992
end_to_end,8077
service,191
end_to_end,23845
service,817
end_to_end,19201
service,2880
end_to_end,23755
service,3562
end_to_end,35943
service,1071
end_to_end,19681
service,2851
end_to_end,27339
service,907
end_to_end,46824
service,1403
end_to_end,28289
service,6102
end_to_end,33272
service,14210
end_to_end,24002
service,962
end_to_end,20108
service,1127
end_to_end,8197
service,1396
end_to_end,32055
service,3553
end_to_end,35233
service,4023
end_to_end,24329
service,133
end_to_end,26307
service,5261
end_to_end,8818
service,970
end_to_end,21232
service,4045
end_to_end,23073
service,6667
end_to_end,15242
service,92
end_to_end,17055
service,8827
end_to_end,10951
service,0
end_to_end,16243
service,1957
end_to_end,16395
service,130
end_to_end,28586
service,80
end_to_end,19850
service,2989
end_to_end,19006
service,4
end_to_end,17187
service,2295
end_to_end,32707
service,296
end_to_end,39059
service,2722
end_to_end,51548
service,13842
end_to_end,26368
service,1059
end_to_end,23340
service,1091
end_to_end,9900
service,74
end_to_end,15004
service,130
end_to_end,13266
service,432
end_to_end,14368
service,8329
end_to_end,28450
service,3839
end_to_end,18419
service,451
end_to_end,28869
service,0
end_to_end,29077
service,2933
end_to_end,27695
service,3437
end_to_end,40655
service,527
end_to_end,40161
service,2759
end_to_end,16172
service,2450
end_to_end,24838
service,595
end_to_end,37420
service,525
end_to_end,19087
service,105
end_to_end,42651
service,80
end_to_end,17585
service,704
end_to_end,25584
service,1615
end_to_end,20380
service,2135
end_to_end,25666
service,253
end_to_end,10371
service,181
end_to_end,39388
service,7374
end_to_end,9700
service,16
end_to_end,26400
service,31
end_to_end,39788
service,61
end_to_end,11492
service,329
end_to_end,37963
service,4667
end_to_end,16679
service,186
end_to_end,28881
service,1016
end_to_end,21869
service,4484
end_to_end,35191
service,2739
end_to_end,17050
service,3974
end_to_end,28143
service,1517
end_to_end,24596
service,2217
end_to_end,19064
service,2292
end_to_end,21416
service,4177
end_to_end,21373
service,690
end_to_end,14619
service,212
end_to_end,8028
service,260
end_to_end,10447
service,11
end_to_end,23077
service,5112
end_to_end,17968
service,6
end_to_end,17558
service,148
end_to_end,21752
service,1077
end_to_end,11063
service,1787
end_to_end,50593
service,71
end_to_end,31996
service,1948
end_to_end,10941
service,1370
end_to_end,15292
service,1402
end_to_end,27948
service,329
end_to_end,19811
service,5059
end_to_end,10398
service,690
end_to_end,13567
service,606
end_to_end,10238
service,1719
end_to_end,26672
service,2334
end_to_end,27914
service,466
end_to_end,34516
service,43
end_to_end,16708
service,2
end_to_end,22920
service,153
end_to_end,14567
service,0
end_to_end,16868
service,2789
end_to_end,22275
service,2787
end_to_end,33127
service,10785
end_to_end,17143
service,250
end_to_end,24882
service,534
end_to_end,11703
service,7
end_to_end,19312
service,951
end_to_end,23952
service,98
end_to_end,39270
service,7833
end_to_end,8994
service,1808
end_to_end,13883
service,121
end_to_end,24622
service,6387
end_to_end,15710
service,1421
end_to_end,30476
service,6763
end_to_end,18275
service,133
end_to_end,22213
service,4378
end_to_end,17464
service,2046
end_to_end,23239
service,5653
end_to_end,13174
service,3944
end_to_end,28226
service,537
end_to_end,16888
service,954
end_to_end,33737
service,2911
end_to_end,33168
service,2
end_to_end,33657
service,3033
end_to_end,23883
service,74
end_to_end,22684
service,11399
end_to_end,53506
service,1229
end_to_end,16964
service,4692
end_to_end,52877
service,2313
end_to_end,22784
service,326
end_to_end,18641
service,272
end_to_end,20588
service,461
end_to_end,11387
service,47
end_to_end,31471
service,201
end_to_end,24662
service,6281
end_to_end,24104
service,9065
end_to_end,24432
service,2527
end_to_end,17539
service,214
end_to_end,22022
service,2589
end_to_end,22574
service,2612
end_to_end,23856
service,326
end_to_end,31486
service,82
end_to_end,38473
service,4052
end_to_end,16987
service,1076
end_to_end,8512
service,515
end_to_end,22109
service,41
end_to_end,11828
service,1098
end_to_end,25650
service,589
end_to_end,28935
service,857
end_to_end,20405
service,1
end_to_end,37633
service,25
end_to_end,20671
service,527
end_to_end,11051
service,16
end_to_end,21001
service,5969
end_to_end,28510
service,51
end_to_end,29627
service,1550
end_to_end,46462
service,1533
end_to_end,19091
service,7980
end_to_end,30790
service,1636
end_to_end,34369
service,218
end_to_end,22692
service,3600
end_to_end,17709
service,6324
end_to_end,19859
service,217
end_to_end,24446
service,3192
end_to_end,22486
service,94
end_to_end,12692
service,1888
end_to_end,9859
service,100
end_to_end,27062
service,404
end_to_end,21438
service,5574
end_to_end,14651
service,559
end_to_end,34287
service,7887
end_to_end,29689
service,1469
end_to_end,15807
service,844
end_to_end,20776
service,2033
end_to_end,20243
service,318
end_to_end,15662
service,2214
end_to_end,20021
service,3446
end_to_end,8788
service,490
end_to_end,9058
service,60
end_to_end,20161
service,5786
end_to_end,24928
service,2842
end_to_end,18922
service,557
end_to_end,19386
service,381
end_to_end,37845
service,143
end_to_end,22741
service,11
end_to_end,18085
service,489
end_to_end,15359
service,5379
end_to_end,11637
service,972
end_to_end,29845
service,424
end_to_end,20957
service,643
end_to_end,39126
service,1501
end_to_end,13208
service,2317
end_to_end,16050
service,1554
end_to_end,22668
service,4063
end_to_end,21678
service,65
end_to_end,19563
service,68
end_to_end,8637
service,1575
end_to_end,29469
service,134
end_to_end,35011
service,1095
end_to_end,27316
service,398
end_to_end,42177
service,355
end_to_end,41311
service,1522
end_to_end,22475
service,1888
end_to_end,30837
service,1297
end_to_end,8191
service,926
end_to_end,22956
service,3357
end_to_end,17791
service,1225
end_to_end,12884
service,1160
end_to_end,20687
service,1838
end_to_end,22603
service,12260
end_to_end,30737
service,70
end_to_end,49927
service,537
end_to_end,12610
service,2392
end_to_end,13960
service,14
end_to_end,10265
service,3925
end_to_end,22705
service,318
end_to_end,32043
service,703
end_to_end,29158
service,1
end_to_end,18138
service,127
end_to_end,30979
service,5147
end_to_end,22080
service,4218
end_to_end,14428
service,2280
end_to_end,29282
service,1527
end_to_end,12674
service,68
end_to_end,15842
service,2
end_to_end,26042
service,11322
end_to_end,16859
service,538
end_to_end,19528
service,16
end_to_end,22929
service,854
end_to_end,15299
service,1664
end_to_end,7637
service,740
end_to_end,14478
service,214
end_to_end,43839
service,32
end_to_end,20059
service,198
end_to_end,14019
service,407
end_to_end,25505
service,313
end_to_end,27173
service,9376
end_to_end,35024
service,1707
end_to_end,25266
service,172
end_to_end,13208
service,4
end_to_end,13251
service,1905
end_to_end,34664
service,3118
end_to_end,9271
service,5
end_to_end,7314
service,1
end_to_end,32061
service,1189
end_to_end,18878
service,2107
end_to_end,24957
service,3130
end_to_end,17297
service,456
end_to_end,34348
service,604
end_to_end,33336
service,620
end_to_end,8943
service,1010
end_to_end,12027
service,1008
end_to_end,15564
service,1862
end_to_end,20635
service,760
end_to_end,12056
service,1299
end_to_end,10335
service,2782
end_to_end,9580
service,41
end_to_end,18557
service,8078
end_to_end,10738
service,168
end_to_end,20357
service,7414
end_to_end,14611
service,5153
end_to_end,24555
service,765
end_to_end,15137
service,93
end_to_end,19827
service,2226
end_to_end,21562
service,445
end_to_end,30580
service,147
end_to_end,20342
service,704
end_to_end,32033
service,2273
end_to_end,32373
service,412
end_to_end,24279
service,4422
end_to_end,28944
service,2648
end_to_end,27141
service,129
end_to_end,20007
service,7
end_to_end,45018
service,8221
end_to_end,26752
service,232
end_to_end,29237
service,72
end_to_end,20916
service,6242
end_to_end,25201
service,4051
end_to_end,16928
service,678
end_to_end,19835
service,1092
end_to_end,22490
service,458
end_to_end,15750
service,731
end_to_end,27524
service,1278
end_to_end,33906
service,229
end_to_end,7872
service,644
end_to_end,13169
service,1781
end_to_end,33754
service,1583
end_to_end,11268
service,291
end_to_end,17694
service,323
end_to_end,27110
service,5495
end_to_end,15873
service,9181
end_to_end,37233
service,1053
end_to_end,20037
service,112
end_to_end,22027
service,1761
end_to_end,16454
service,233
end_to_end,17105
service,260
end_to_end,42563
service,1013
end_to_end,16876
service,688
end_to_end,24067
service,172
end_to_end,23402
service,1437
end_to_end,24757
service,336
end_to_end,13988
service,75
end_to_end,23476
service,2984
end_to_end,22890
service,2589
end_to_end,30165
service,3338
end_to_end,38496
service,124
end_to_end,27048
service,5212
end_to_end,23029
service,4956
end_to_end,18571
service,6537
end_to_end,44866
service,3968
end_to_end,19905
service,1618
end_to_end,15875
service,475
end_to_end,19815
service,4798
end_to_end,19891
service,70
end_to_end,29265
service,5697
end_to_end,24378
service,36
end_to_end,30743
service,14855
end_to_end,38792
service,869
end_to_end,7855
service,590
end_to_end,22156
service,5836
end_to_end,24520
service,2627
end_to_end,20788
service,1773
end_to_end,25534
service,1681
end_to_end,36555
service,2605
end_to_end,21668
service,1408
end_to_end,20010
service,171
end_to_end,46528
service,339
end_to_end,27227
service,10259
end_to_end,46766
service,352
end_to_end,17488
service,75
end_to_end,35920
service,2
end_to_end,32352
service,224
end_to_end,25765
service,517
end_to_end,12824
service,169
end_to_end,16174
service,1095
end_to_end,35854
service,2552
end_to_end,17592
service,2327
end_to_end,13250
service,64
end_to_end,10331
service,147
end_to_end,21397
service,6868
end_to_end,25757
service,477
end_to_end,8217
service,391
end_to_end,13879
service,444
end_to_end,26533
service,2904
end_to_end,16378
service,7
end_to_end,14995
service,26
end_to_end,23188
service,0
end_to_end,12117
service,2894
end_to_end,14917
service,7
end_to_end,35053
service,852
end_to_end,29563
service,6
end_to_end,18271
service,145
end_to_end,14735
service,37
end_to_end,35891
service,325
end_to_end,20251
service,4671
end_to_end,23612
service,457
end_to_end,15182
service,1164
end_to_end,10141
service,219
end_to_end,21831
service,2196
end_to_end,37632
service,151
end_to_end,35953
service,12
end_to_end,35244
service,2161
end_to_end,25099
service,2662
end_to_end,20139
service,81
end_to_end,29441
service,3589
end_to_end,23896
service,4073
end_to_end,18591
service,170
end_to_end,16480
service,1814
end_to_end,22341
service,710
end_to_end,15845
service,742
end_to_end,8083
service,62
end_to_end,9473
service,454
end_to_end,20760
service,1370
end_to_end,40151
service,266
end_to_end,22070
service,6669
end_to_end,23079
service,36
end_to_end,27776
service,5031
end_to_end,20458
service,957
end_to_end,17038
service,3
end_to_end,51415
service,710
end_to_end,18931
service,556
end_to_end,25153
service,2749
end_to_end,20170
service,293
end_to_end,26129
service,2669
end_to_end,12135
service,131
end_to_end,28020
service,6
end_to_end,25081
service,3877
end_to_end,12528
service,146
end_to_end,28840
service,11559
end_to_end,19617
service,4910
end_to_end,33390
service,3751
end_to_end,48987
service,414
end_to_end,23859
service,4201
end_to_end,31155
service,2334
end_to_end,16175
service,142
end_to_end,32295
service,262
end_to_end,22810
service,192
end_to_end,22960
service,14
end_to_end,12186
service,5810
end_to_end,23417
service,5257
end_to_end,13416
service,146
end_to_end,20313
service,4015
end_to_end,11146
service,6
end_to_end,26272
service,4
end_to_end,26579
service,1625
end_to_end,23360
service,276
end_to_end,16374
service,260
end_to_end,11813
service,1184
end_to_end,22541
service,142
end_to_end,22016
service,0
end_to_end,13092
service,999
end_to_end,28717
service,10311
end_to_end,37696
service,1262
end_to_end,23999
service,1855
end_to_end,9626
service,661
end_to_end,9477
service,1077
end_to_end,20106
service,2413
end_to_end,17055
service,7595
end_to_end,25992
service,812
end_to_end,17882
service,823
end_to_end,15031
service,30
end_to_end,10963
service,46
end_to_end,3766
service,51
end_to_end,6793
service,803
end_to_end,18822
service,1038
end_to_end,15908
service,369
end_to_end,15702
service,726
end_to_end,22027
service,2781
end_to_end,15516
service,5
end_to_end,25210
service,4175
end_to_end,23966
service,13
end_to_end,39682
service,248
end_to_end,43002
service,228
end_to_end,26576
service,860
end_to_end,5406
service,14
end_to_end,21789
service,2272
end_to_end,21899
service,1685
end_to_end,8374
service,600
end_to_end,19996
service,1457
end_to_end,12242
service,2425
end_to_end,15699
service,1301
end_to_end,21129
service,909
end_to_end,21047
service,7
end_to_end,16608
service,377
end_to_end,24122
service,818
end_to_end,14082
service,1569
end_to_end,20437
service,1498
end_to_end,20636
service,2589
end_to_end,25028
service,2653
end_to_end,30102
service,36
end_to_end,27497
service,418
end_to_end,19601
service,3
end_to_end,22118
service,12130
end_to_end,32367
service,1132
end_to_end,11163
service,779
end_to_end,7264
service,69
end_to_end,18977
service,1836
end_to_end,22435
service,81
end_to_end,11913
service,574
end_to_end,18065
service,2989
end_to_end,29832
service,12184
end_to_end,33750
service,569
end_to_end,32450
service,428
end_to_end,26201
service,1182
end_to_end,22242
service,80
end_to_end,41133
service,1
end_to_end,23559
service,1627
end_to_end,22821
service,847
end_to_end,19734
service,1784
end_to_end,12112
service,144
end_to_end,27678
service,2268
end_to_end,42523
service,875
end_to_end,19123
service,1019
end_to_end,16910
service,2780
end_to_end,8448
service,455
end_to_end,12029
service,368
end_to_end,12514
service,82
end_to_end,34318
service,18465
end_to_end,21493
service,1294
end_to_end,56077
service,20
end_to_end,11837
service,336
end_to_end,31683
service,0
end_to_end,41657
service,2934
end_to_end,50330
service,1552
end_to_end,30544
service,577
end_to_end,29801
service,344
end_to_end,38877
service,1011
end_to_end,8727
service,715
end_to_end,14432
service,903
end_to_end,25716
service,2220
end_to_end,26312
service,641
end_to_end,21793
service,4495
end_to_end,41184
service,11401
end_to_end,15225
service,245
end_to_end,24254
service,6987
end_to_end,26319
service,6
end_to_end,5142
service,51
end_to_end,25408
service,130
end_to_end,16113
service,898
end_to_end,23839
service,8169
end_to_end,18882
service,1
end_to_end,24738
service,1490
end_to_end,23740
service,1116
end_to_end,21843
service,1662
end_to_end,7118
service,674
end_to_end,22077
service,1130
end_to_end,13056
service,3522
end_to_end,13141
service,1418
end_to_end,19962
service,641
end_to_end,24827
service,9701
end_to_end,14976
service,1015
end_to_end,8770
service,1732
end_to_end,22720
service,7017
end_to_end,22200
service,457
end_to_end,32689
service,8489
end_to_end,25734
service,5276
end_to_end,19618
service,1881
end_to_end,24621
service,32
end_to_end,16374
service,28
end_to_end,40946
service,4171
end_to_end,25974
service,320
end_to_end,51803
service,1706
end_to_end,19706
service,439
end_to_end,14324
service,436
end_to_end,42143
service,65
end_to_end,11573
service,838
end_to_end,19999
service,223
end_to_end,12753
service,37
end_to_end,20857
service,6380
end_to_end,11836
service,2755
end_to_end,38475
service,1379
end_to_end,20621
service,2100
end_to_end,22240
service,1613
end_to_end,46525
service,20
end_to_end,28510
service,2544
end_to_end,10339
service,3
end_to_end,11866
service,38
end_to_end,25247
service,1941
end_to_end,16473
service,800
end_to_end,16908
service,1946
end_to_end,21192
service,406
end_to_end,28884
service,11771
end_to_end,47305
service,293
end_to_end,16154
service,388
end_to_end,10066
service,122
end_to_end,7112
service,0
end_to_end,26753
service,3988
end_to_end,15845
service,465
end_to_end,18173
service,1406
end_to_end,22216
service,1875
end_to_end,29952
service,10718
end_to_end,20390
service,401
end_to_end,13805
service,2737
end_to_end,8918
service,406
end_to_end,24466
service,3290
end_to_end,24170
service,532
end_to_end,19781
service,1477
end_to_end,25838
service,1887
end_to_end,8676
service,3855
end_to_end,8963
service,532
end_to_end,44907
service,10074
end_to_end,17065
service,1022
end_to_end,11345
service,280
end_to_end,38713
service,3244
end_to_end,35298
service,512
end_to_end,26603
service,3631
end_to_end,9639
service,583
end_to_end,31409
service,1043
end_to_end,24861
service,6289
end_to_end,12008
service,8
end_to_end,16044
service,9104
end_to_end,24205
service,3129
end_to_end,8566
service,1192
end_to_end,8540
service,3353
end_to_end,31286
service,506
end_to_end,42271
service,20
end_to_end,19964
service,693
end_to_end,27044
service,620
end_to_end,36916
service,660
end_to_end,30781
service,3123
end_to_end,36805
service,2794
end_to_end,18250
service,760
end_to_end,29760
service,445
end_to_end,10143
service,2997
end_to_end,17675
service,1774
end_to_end,18281
service,91
end_to_end,22644
service,5072
end_to_end,40899
service,1121
end_to_end,41834
service,11
end_to_end,27095
service,63
end_to_end,26960
service,134
end_to_end,11266
service,7
end_to_end,27604
service,8069
end_to_end,20667
service,12881
end_to_end,15633
service,11864
end_to_end,27893
service,110
end_to_end,18518
service,127
end_to_end,12556
service,1017
end_to_end,18957
service,2128
end_to_end,11315
service,1901
end_to_end,7851
service,1353
end_to_end,9612
service,2234
end_to_end,11823
service,674
end_to_end,15577
service,2669
end_to_end,16131
service,3611
end_to_end,11789
service,4760
end_to_end,20917
service,1091
end_to_end,11087
service,7
end_to_end,9229
service,1070
end_to_end,14027
service,3875
end_to_end,25622
service,8567
end_to_end,34300
service,86
end_to_end,22855
service,1956
end_to_end,32018
service,2943
end_to_end,32049
service,776
end_to_end,4665
service,91
end_to_end,22608
service,99
end_to_end,20356
service,6
end_to_end,11669
service,1153
end_to_end,11683
service,81
end_to_end,23892
service,1900
end_to_end,10511
service,229
end_to_end,46146
service,5797
end_to_end,6630
service,283
end_to_end,31744
service,680
end_to_end,46458
service,4256
end_to_end,15547
service,158
end_to_end,20322
service,147
end_to_end,61207
service,14
end_to_end,61217
service,177
end_to_end,51525
service,1873
end_to_end,16697
service,220
end_to_end,14185
service,762
end_to_end,21872
service,2424
end_to_end,16855
service,17
end_to_end,17876
service,52
end_to_end,26269
service,3482
end_to_end,28213
service,327
end_to_end,29824
service,178
end_to_end,22947
service,11
end_to_end,8778
service,709
end_to_end,30865
service,34
end_to_end,9604
service,1124
end_to_end,10794
service,2984
end_to_end,8846
service,189
end_to_end,45424
service,3394
end_to_end,28483
service,116
end_to_end,45995
service,285
end_to_end,14591
service,110
end_to_end,31332
service,932
end_to_end,16196
service,14
end_to_end,19647
service,4562
end_to_end,17606
service,16
end_to_end,23709
service,5027
end_to_end,10732
service,12
end_to_end,12555
service,2880
end_to_end,31296
service,1659
end_to_end,13390
service,589
end_to_end,31359
service,1557
end_to_end,32885
service,14
end_to_end,44073
service,6247
end_to_end,37183
service,8824
end_to_end,36565
service,498
end_to_end,14505
service,75
end_to_end,28490
service,2998
end_to_end,29430
service,1450
end_to_end,21970
service,205
end_to_end,23607
service,5324
end_to_end,19513
service,4283
end_to_end,33960
service,2811
end_to_end,39155
service,133
end_to_end,25303
service,766
end_to_end,26987
service,6
end_to_end,33400
service,1553
end_to_end,44526
service,1187
end_to_end,15359
service,384
end_to_end,37860
service,37
end_to_end,20418
service,550
end_to_end,26634
service,3525
end_to_end,30728
service,30
end_to_end,27580
service,3917
end_to_end,28650
service,5390
end_to_end,14827
service,202
end_to_end,26467
service,981
end_to_end,25491
service,5217
end_to_end,17846
service,3690
end_to_end,34346
service,407
end_to_end,23772
service,2393
end_to_end,11466
service,1308
end_to_end,14756
service,1994
end_to_end,14826
service,82
end_to_end,18333
service,1295
end_to_end,17422
service,2895
end_to_end,18117
service,4652
end_to_end,17487
service,312
end_to_end,18451
service,643
end_to_end,24095
service,341
end_to_end,8542
service,138
end_to_end,19337
service,5
end_to_end,26558
service,1318
end_to_end,23285
service,5071
end_to_end,23350
service,989
end_to_end,22262
service,642
end_to_end,15278
service,1543
end_to_end,15515
service,2648
end_to_end,11915
service,115
end_to_end,6885
service,97
end_to_end,16992
service,6277
end_to_end,6846
service,676
end_to_end,13317
service,111
end_to_end,18399
service,588
end_to_end,27815
service,998
end_to_end,6321
service,710
end_to_end,5432
service,302
end_to_end,19410
service,2129
end_to_end,32596
service,15949
end_to_end,13396
service,265
end_to_end,25578
service,0
end_to_end,24860
service,26
end_to_end,23647
service,36
end_to_end,12809
service,1362
end_to_end,14769
service,20
end_to_end,29159
service,1403
end_to_end,18311
service,181
end_to_end,23452
service,5835
end_to_end,13544
service,491
end_to_end,37048
service,53
end_to_end,23061
service,2663
end_to_end,44305
service,83
end_to_end,28857
service,4240
end_to_end,46497
service,2439
end_to_end,26614
service,8826
end_to_end,7932
service,98
end_to_end,33504
service,434
end_to_end,33925
service,2477
end_to_end,24119
service,2901
end_to_end,17551
service,58
end_to_end,37808
service,6360
end_to_end,8606
service,12
end_to_end,22053
service,10
end_to_end,33566
service,3598
end_to_end,32789
service,284
end_to_end,26779
service,3575
end_to_end,19408
service,361
end_to_end,28903
service,1095
end_to_end,21847
service,1010
end_to_end,19187
service,10
end_to_end,24019
service,887
end_to_end,29100
service,710
end_to_end,48485
service,310
end_to_end,34582
service,2722
end_to_end,39370
service,583
end_to_end,21820
service,1865
end_to_end,24898
service,839
end_to_end,19634
service,5466
end_to_end,23453
service,3182
end_to_end,15967
service,1327
end_to_end,25371
service,8096
end_to_end,25545
service,712
end_to_end,36763
service,8199
end_to_end,61034
service,7
