end_to_end,24956
service,1579
end_to_end,15361
service,1548
end_to_end,22812
service,2309
end_to_end,24789
service,1947
end_to_end,26846
service,240
end_to_end,11801
service,1917
end_to_end,29587
service,1618
end_to_end,29885
service,7037
end_to_end,9942
service,978
end_to_end,20139
service,264
end_to_end,28818
service,1686
end_to_end,24168
service,734
end_to_end,29415
service,2588
end_to_end,29875
service,1198
end_to_end,16772
service,2262
end_to_end,39993
service,274
end_to_end,24947
service,524
end_to_end,44107
service,4311
end_to_end,22718
service,1016
end_to_end,32570
service,923
end_to_end,34251
service,3425
end_to_end,24605
service,606
end_to_end,27782
service,4910
end_to_end,41322
service,5326
end_to_end,24242
service,500
end_to_end,40880
service,2778
end_to_end,25604
service,1860
end_to_end,28485
service,4766
end_to_end,26351
service,1265
end_to_end,20267
service,879
end_to_end,21375
service,2146
end_to_end,27622
service,1123
end_to_end,15562
service,3188
end_to_end,17133
service,2491
end_to_end,10006
service,629
end_to_end,14230
service,217
end_to_end,20855
service,460
end_to_end,19182
service,1384
end_to_end,14239
service,177
end_to_end,25325
service,1588
end_to_end,21821
service,949
end_to_end,11838
service,1531
end_to_end,29923
service,635
end_to_end,20970
service,3519
end_to_end,18075
service,2224
end_to_end,18727
service,682
end_to_end,18564
service,503
end_to_end,25877
service,1080
end_to_end,23093
service,335
end_to_end,28937
service,1492
end_to_end,16723
service,2896
end_to_end,25096
service,1561
end_to_end,24963
service,1722
end_to_end,25424
service,4308
end_to_end,28838
service,128
end_to_end,21040
service,1050
end_to_end,21153
service,1992
end_to_end,44743
service,5516
end_to_end,16828
service,2662
end_to_end,37277
service,550
end_to_end,9473
service,213
end_to_end,15616
service,2628
end_to_end,9919
service,253
end_to_end,21233
service,4040
end_to_end,23651
service,2016
end_to_end,21142
service,547
end_to_end,30250
service,4487
end_to_end,22819
service,2384
end_to_end,15189
service,1314
end_to_end,17326
service,3616
end_to_end,26954
service,2454
end_to_end,14081
service,259
end_to_end,19576
service,3375
end_to_end,25385
service,278
end_to_end,26661
service,7584
end_to_end,14352
service,503
end_to_end,19978
service,4117
end_to_end,19868
service,354
end_to_end,17783
service,698
end_to_end,21220
service,4345
end_to_end,26457
service,1157
end_to_end,13392
service,163
end_to_end,36603
service,7516
end_to_end,40941
service,2220
end_to_end,32767
service,3339
end_to_end,27683
service,3386
end_to_end,28327
service,3970
end_to_end,31416
service,2544
end_to_end,18021
service,4508
end_to_end,20169
service,86
end_to_end,20211
service,124
end_to_end,20315
service,2528
end_to_end,41574
service,7951
end_to_end,13601
service,293
end_to_end,14790
service,2739
end_to_end,27289
service,2370
end_to_end,13395
service,24
end_to_end,18013
service,2273
end_to_end,11559
service,202
end_to_end,15901
service,2228
end_to_end,21479
service,1687
end_to_end,20969
service,4449
end_to_end,19059
service,297
end_to_end,26525
service,770
end_to_end,15515
service,1209
end_to_end,17984
service,2079
end_to_end,28779
service,2170
end_to_end,20292
service,375
end_to_end,32752
service,5719
end_to_end,30721
service,25
end_to_end,16360
service,944
end_to_end,18798
service,1697
end_to_end,19947
service,4924
end_to_end,31628
service,2633
end_to_end,13698
service,875
end_to_end,15943
service,296
end_to_end,36374
service,7803
end_to_end,13822
service,204
end_to_end,18053
service,874
end_to_end,19636
service,2246
end_to_end,19724
service,3057
end_to_end,22208
service,7575
end_to_end,24252
service,110
end_to_end,19392
service,5651
end_to_end,23096
service,818
end_to_end,25307
service,3573
end_to_end,37756
service,5028
end_to_end,14871
service,2331
end_to_end,18117
service,1928
end_to_end,37580
service,1279
end_to_end,24168
service,2245
end_to_end,19116
service,444
end_to_end,24866
service,2684
end_to_end,19087
service,1792
end_to_end,23841
service,248
end_to_end,15901
service,3103
end_to_end,23382
service,4156
end_to_end,10040
service,600
end_to_end,23731
service,3031
end_to_end,8833
service,351
end_to_end,21156
service,205
end_to_end,14159
service,953
end_to_end,26802
service,5126
end_to_end,8230
service,394
end_to_end,35849
service,4259
end_to_end,21250
service,4733
end_to_end,16108
service,433
end_to_end,15110
service,1221
end_to_end,29155
service,4
end_to_end,27323
service,4602
end_to_end,7016
service,2291
end_to_end,25689
service,140
end_to_end,32666
service,3273
end_to_end,10597
service,393
end_to_end,17294
service,647
end_to_end,23406
service,532
end_to_end,25811
service,3381
end_to_end,20183
service,2167
end_to_end,43281
service,201
end_to_end,36883
service,4081
end_to_end,44780
service,703
end_to_end,8183
service,470
end_to_end,53211
service,1470
end_to_end,24316
service,1015
end_to_end,27891
service,1338
end_to_end,39509
service,276
end_to_end,28557
service,4411
end_to_end,22892
service,886
end_to_end,17606
service,545
end_to_end,19251
service,2871
end_to_end,33602
service,973
end_to_end,34631
service,924
end_to_end,27875
service,258
end_to_end,17447
service,1597
end_to_end,27648
service,5359
end_to_end,18342
service,1415
end_to_end,32060
service,2794
end_to_end,13515
service,849
end_to_end,27986
service,6109
end_to_end,37268
service,1151
end_to_end,30918
service,2909
end_to_end,18462
service,1847
end_to_end,29645
service,3848
end_to_end,33600
service,2892
end_to_end,27095
service,272
end_to_end,12826
service,1817
end_to_end,38407
service,1938
end_to_end,25061
service,131
end_to_end,16178
service,1338
end_to_end,19787
service,468
end_to_end,13173
service,3251
end_to_end,15783
service,2064
end_to_end,24683
service,453
end_to_end,20061
service,3945
end_to_end,21936
service,815
end_to_end,16380
service,3338
end_to_end,20429
service,423
end_to_end,22302
service,811
end_to_end,28144
service,79
end_to_end,34652
service,1857
end_to_end,13956
service,720
end_to_end,25990
service,2068
end_to_end,24601
service,1016
end_to_end,26526
service,932
end_to_end,15439
service,27
end_to_end,21174
service,157
end_to_end,16596
service,287
end_to_end,21703
service,1921
end_to_end,18035
service,343
end_to_end,35316
service,1911
end_to_end,26593
service,1927
end_to_end,49157
service,1229
end_to_end,24676
service,645
end_to_end,42119
service,362
end_to_end,15644
service,361
end_to_end,23022
service,235
end_to_end,23228
service,1455
end_to_end,36810
service,435
end_to_end,18774
service,186
end_to_end,22812
service,1380
end_to_end,23952
service,141
end_to_end,15758
service,239
end_to_end,22998
service,4650
end_to_end,27665
service,364
end_to_end,22204
service,4851
end_to_end,29295
service,1969
end_to_end,24190
service,1015
end_to_end,26413
service,211
end_to_end,23185
service,2079
end_to_end,34618
service,4213
end_to_end,29268
service,1855
end_to_end,36058
service,3054
end_to_end,26211
service,1477
end_to_end,22264
service,1168
end_to_end,15970
service,3408
end_to_end,11456
service,23
end_to_end,20317
service,2530
end_to_end,17364
service,1056
end_to_end,22799
service,1040
end_to_end,31958
service,870
end_to_end,22976
service,5869
end_to_end,32707
service,354
end_to_end,26229
service,179
end_to_end,23211
service,2078
end_to_end,13625
service,1474
end_to_end,27625
service,632
end_to_end,17969
service,2891
end_to_end,16686
service,2079
end_to_end,34372
service,881
end_to_end,19438
service,1647
end_to_end,26589
service,5484
end_to_end,18351
service,998
end_to_end,24835
service,6422
end_to_end,32002
service,46
end_to_end,21195
service,3701
end_to_end,22663
service,1712
end_to_end,14311
service,159
end_to_end,22193
service,103
end_to_end,21606
service,16
end_to_end,16637
service,189
end_to_end,20720
service,6664
end_to_end,11658
service,399
end_to_end,25995
service,704
end_to_end,24869
service,1596
end_to_end,28110
service,2088
end_to_end,16600
service,572
end_to_end,29572
service,1806
end_to_end,16855
service,4560
end_to_end,24969
service,130
end_to_end,28544
service,839
end_to_end,21095
service,1164
end_to_end,13288
service,2116
end_to_end,33419
service,3702
end_to_end,22007
service,3
end_to_end,25841
service,86
end_to_end,24981
service,4263
end_to_end,20930
service,2644
end_to_end,32430
service,1483
end_to_end,30640
service,269
end_to_end,26585
service,1723
end_to_end,22595
service,1183
end_to_end,18102
service,626
end_to_end,30460
service,20
end_to_end,18673
service,255
end_to_end,19284
service,920
end_to_end,31829
service,9860
end_to_end,24680
service,2091
end_to_end,30955
service,48
end_to_end,27930
service,357
end_to_end,21778
service,2382
end_to_end,15501
service,886
end_to_end,20249
service,3660
end_to_end,29713
service,3341
end_to_end,16073
service,2403
end_to_end,16826
service,536
end_to_end,17286
service,29
end_to_end,23956
service,2111
end_to_end,24047
service,88
end_to_end,26624
service,5805
end_to_end,30032
service,1814
end_to_end,26407
service,1717
end_to_end,32474
service,379
end_to_end,30093
service,3365
end_to_end,26454
service,4475
end_to_end,23542
service,4882
end_to_end,24814
service,209
end_to_end,16710
service,1553
end_to_end,36236
service,8827
end_to_end,18952
service,150
end_to_end,23037
service,4155
end_to_end,25552
service,71
end_to_end,14893
service,329
end_to_end,21895
service,419
end_to_end,25967
service,602
end_to_end,22213
service,536
end_to_end,15561
service,929
end_to_end,28500
service,2631
end_to_end,10346
service,970
end_to_end,11859
service,2381
end_to_end,47678
service,1398
end_to_end,22441
service,2086
end_to_end,15343
service,15
end_to_end,17495
service,2480
end_to_end,22216
service,4164
end_to_end,11517
service,738
end_to_end,27145
service,3725
end_to_end,16474
service,1201
end_to_end,24305
service,179
end_to_end,19532
service,115
end_to_end,21148
service,224
end_to_end,24109
service,847
end_to_end,27253
service,4063
end_to_end,35445
service,1135
end_to_end,29254
service,3058
end_to_end,28670
service,1185
end_to_end,35689
service,3226
end_to_end,23913
service,203
end_to_end,39064
service,2901
end_to_end,26828
service,138
end_to_end,19024
service,351
end_to_end,25441
service,3011
end_to_end,27149
service,2111
end_to_end,24191
service,413
end_to_end,39336
service,72
end_to_end,15720
service,2922
end_to_end,24721
service,874
end_to_end,18044
service,754
end_to_end,22380
service,1942
end_to_end,25782
service,4553
end_to_end,36202
service,1313
end_to_end,34892
service,9041
end_to_end,33365
service,3201
end_to_end,21920
service,2139
end_to_end,31119
service,133
end_to_end,11424
service,477
end_to_end,26596
service,2517
end_to_end,12321
service,857
end_to_end,25395
service,954
end_to_end,21163
service,528
end_to_end,24222
service,1062
end_to_end,22714
service,3952
end_to_end,25751
service,740
end_to_end,29119
service,1412
end_to_end,41862
service,12917
end_to_end,21442
service,2954
end_to_end,17505
service,3141
end_to_end,32175
service,1546
end_to_end,25753
service,2240
end_to_end,31237
service,3633
end_to_end,18478
service,1507
end_to_end,11503
service,123
end_to_end,25446
service,3404
end_to_end,21902
service,1182
end_to_end,13051
service,1519
end_to_end,25116
service,1304
end_to_end,23156
service,2989
end_to_end,21376
service,6808
end_to_end,24630
service,2531
end_to_end,22771
service,13
end_to_end,10669
service,913
end_to_end,18224
service,480
end_to_end,27504
service,4355
end_to_end,22543
service,380
end_to_end,38534
service,2023
end_to_end,20859
service,670
end_to_end,29070
service,915
end_to_end,19802
service,2329
end_to_end,16318
service,1455
end_to_end,38418
service,2175
end_to_end,23727
service,176
end_to_end,14096
service,2148
end_to_end,13937
service,49
end_to_end,18675
service,1357
end_to_end,28156
service,111
end_to_end,23253
service,3536
end_to_end,23791
service,3596
end_to_end,14794
service,1901
end_to_end,18525
service,1369
end_to_end,21909
service,3017
end_to_end,19972
service,513
end_to_end,16896
service,2433
end_to_end,28444
service,252
end_to_end,19789
service,4625
end_to_end,18141
service,2550
end_to_end,11764
service,4147
end_to_end,14915
service,781
end_to_end,28575
service,2908
end_to_end,26711
service,107
end_to_end,21006
service,960
end_to_end,20981
service,6985
end_to_end,21745
service,1482
end_to_end,23834
service,2848
end_to_end,25822
service,3787
end_to_end,27336
service,683
end_to_end,17763
service,2279
end_to_end,28832
service,934
end_to_end,18744
service,143
end_to_end,36867
service,3494
end_to_end,28749
service,5058
end_to_end,30233
service,3482
end_to_end,17622
service,1453
end_to_end,26703
service,1911
end_to_end,29230
service,1194
end_to_end,20303
service,1837
end_to_end,27547
service,915
end_to_end,28409
service,1264
end_to_end,23369
service,7678
end_to_end,17098
service,1652
end_to_end,17452
service,2537
end_to_end,19441
service,246
end_to_end,17999
service,1588
end_to_end,31550
service,250
end_to_end,37877
service,4281
end_to_end,37237
service,540
end_to_end,28530
service,2629
end_to_end,16307
service,1655
end_to_end,24199
service,151
end_to_end,22962
service,1388
end_to_end,17336
service,268
end_to_end,16045
service,4730
end_to_end,18077
service,3082
end_to_end,28419
service,4020
end_to_end,15413
service,1670
end_to_end,11330
service,299
end_to_end,24726
service,26
end_to_end,17579
service,1475
end_to_end,30738
service,1256
end_to_end,19052
service,1132
end_to_end,37936
service,3349
end_to_end,38275
service,1099
end_to_end,27040
service,1285
end_to_end,14924
service,173
end_to_end,24996
service,1087
end_to_end,17157
service,356
end_to_end,23171
service,675
end_to_end,29674
service,9549
end_to_end,18703
service,1707
end_to_end,26823
service,2322
end_to_end,25016
service,1238
end_to_end,18531
service,4304
end_to_end,29526
service,2420
end_to_end,38065
service,1955
end_to_end,28871
service,605
end_to_end,30793
service,1950
end_to_end,22692
service,1058
end_to_end,28703
service,2461
end_to_end,10676
service,4438
end_to_end,18070
service,1080
end_to_end,27988
service,5194
end_to_end,23581
service,2538
end_to_end,16932
service,1269
end_to_end,28505
service,3589
end_to_end,22492
service,2083
end_to_end,24577
service,1245
end_to_end,14029
service,501
end_to_end,28015
service,5492
end_to_end,23891
service,2812
end_to_end,40366
service,12663
end_to_end,19967
service,396
end_to_end,20822
service,19
end_to_end,20220
service,1909
end_to_end,15878
service,714
end_to_end,38693
service,4849
end_to_end,20604
service,303
end_to_end,18076
service,806
end_to_end,18641
service,3370
end_to_end,16450
service,730
end_to_end,20733
service,115
end_to_end,26861
service,3604
end_to_end,10382
service,577
end_to_end,19994
service,2836
end_to_end,16221
service,1402
end_to_end,30426
service,2485
end_to_end,25193
service,2195
end_to_end,21809
service,948
end_to_end,21763
service,4635
end_to_end,14376
service,191
end_to_end,19658
service,2225
end_to_end,25227
service,1824
end_to_end,29075
service,45
end_to_end,31308
service,6726
end_to_end,25141
service,1028
end_to_end,12995
service,607
end_to_end,23611
service,5450
end_to_end,20923
service,605
end_to_end,22551
service,63
end_to_end,23926
service,2721
end_to_end,33824
service,3127
end_to_end,19277
service,696
end_to_end,27856
service,1141
end_to_end,37249
service,3761
end_to_end,26204
service,2211
end_to_end,20092
service,3310
end_to_end,25535
service,1850
end_to_end,25788
service,691
end_to_end,35294
service,5165
end_to_end,19506
service,2562
end_to_end,27215
service,252
end_to_end,27069
service,6572
end_to_end,16421
service,468
end_to_end,34435
service,1112
end_to_end,24340
service,2826
end_to_end,20338
service,714
end_to_end,25977
service,2883
end_to_end,28657
service,1776
end_to_end,27861
service,210
end_to_end,39592
service,6855
end_to_end,19804
service,1568
end_to_end,27102
service,1646
end_to_end,23196
service,152
end_to_end,22830
service,126
end_to_end,26262
service,394
end_to_end,21505
service,302
end_to_end,39627
service,292
end_to_end,24667
service,1682
end_to_end,20908
service,1805
end_to_end,23873
service,3123
end_to_end,24629
service,1810
end_to_end,29162
service,2171
end_to_end,24391
service,349
end_to_end,28565
service,803
end_to_end,22119
service,403
end_to_end,26317
service,2317
end_to_end,27242
service,2980
end_to_end,14029
service,602
end_to_end,28234
service,5173
end_to_end,18933
service,180
end_to_end,14168
service,540
end_to_end,28257
service,18
end_to_end,18365
service,768
end_to_end,13324
service,455
end_to_end,14715
service,1771
end_to_end,14525
service,1397
end_to_end,11651
service,2248
end_to_end,22837
service,95
end_to_end,27037
service,3786
end_to_end,31131
service,3740
end_to_end,25303
service,843
end_to_end,22497
service,302
end_to_end,16791
service,1230
end_to_end,21292
service,435
end_to_end,25701
service,3457
end_to_end,18825
service,1466
end_to_end,27602
service,450
end_to_end,19021
service,7954
end_to_end,37935
service,540
end_to_end,32357
service,5861
end_to_end,18319
service,144
end_to_end,27275
service,1611
end_to_end,13208
service,1156
end_to_end,32712
service,1252
end_to_end,18896
service,969
end_to_end,10721
service,279
end_to_end,13880
service,1026
end_to_end,22889
service,2589
end_to_end,18992
service,1172
end_to_end,20988
service,3303
end_to_end,13424
service,97
end_to_end,11435
service,4435
end_to_end,21658
service,40
end_to_end,20124
service,1279
end_to_end,15263
service,35
end_to_end,21315
service,84
end_to_end,22900
service,738
end_to_end,22046
service,6937
end_to_end,35609
service,3321
end_to_end,16554
service,117
end_to_end,17434
service,1644
end_to_end,22012
service,1937
end_to_end,25255
service,6992
end_to_end,20003
service,1355
end_to_end,27894
service,1485
end_to_end,16488
service,1112
end_to_end,29337
service,2269
end_to_end,25376
service,3025
end_to_end,23155
service,1895
end_to_end,32186
service,199
end_to_end,19927
service,1203
end_to_end,24656
service,3126
end_to_end,20507
service,4132
end_to_end,16175
service,313
end_to_end,13783
service,822
end_to_end,22400
service,2035
end_to_end,16411
service,2732
end_to_end,31823
service,4945
end_to_end,41466
service,3036
end_to_end,30638
service,349
end_to_end,26775
service,1885
end_to_end,43824
service,4034
end_to_end,29449
service,3148
end_to_end,28418
service,5376
end_to_end,24986
service,533
end_to_end,23524
service,560
end_to_end,28754
service,3451
end_to_end,28442
service,1745
end_to_end,33905
service,2106
end_to_end,26043
service,2773
end_to_end,25658
service,1361
end_to_end,33610
service,831
end_to_end,23871
service,496
end_to_end,14700
service,2674
end_to_end,16794
service,1241
end_to_end,28551
service,2941
end_to_end,23331
service,1327
end_to_end,30498
service,1278
end_to_end,17342
service,764
end_to_end,15673
service,3015
end_to_end,24118
service,4355
end_to_end,21595
service,580
end_to_end,22555
service,1730
end_to_end,20764
service,1134
end_to_end,9753
service,1934
end_to_end,24967
service,1596
end_to_end,20123
service,3755
end_to_end,14762
service,288
end_to_end,21018
service,632
end_to_end,22393
service,903
end_to_end,26802
service,3932
end_to_end,29816
service,1513
end_to_end,28980
service,659
end_to_end,25062
service,1982
end_to_end,23030
service,3029
end_to_end,24398
service,5405
end_to_end,19673
service,1278
end_to_end,31590
service,3434
end_to_end,26969
service,9227
end_to_end,28240
service,3345
end_to_end,31158
service,548
end_to_end,26139
service,1245
end_to_end,31662
service,2165
end_to_end,37131
service,652
end_to_end,13815
service,1130
end_to_end,21683
service,1114
end_to_end,38882
service,989
end_to_end,14876
service,1104
end_to_end,19560
service,774
end_to_end,20451
service,1735
end_to_end,21677
service,235
end_to_end,19658
service,565
end_to_end,10319
service,2926
end_to_end,9587
service,431
end_to_end,17270
service,709
end_to_end,15747
service,722
end_to_end,23337
service,5765
end_to_end,23517
service,1248
end_to_end,35401
service,1639
end_to_end,24593
service,2709
end_to_end,22599
service,731
end_to_end,23213
service,1509
end_to_end,21941
service,899
end_to_end,24410
service,447
end_to_end,28810
service,1562
end_to_end,20769
service,1015
end_to_end,17257
service,1010
end_to_end,20496
service,1385
end_to_end,31275
service,1533
end_to_end,27089
service,821
end_to_end,33171
service,2060
end_to_end,16375
service,4203
end_to_end,12478
service,1888
end_to_end,40871
service,4332
end_to_end,14979
service,1791
end_to_end,15503
service,174
end_to_end,19658
service,4316
end_to_end,18848
service,1028
end_to_end,28988
service,5114
end_to_end,31540
service,262
end_to_end,23156
service,2489
end_to_end,32850
service,1079
end_to_end,36789
service,816
end_to_end,42850
service,17193
end_to_end,29586
service,7173
end_to_end,22603
service,1592
end_to_end,50508
service,2425
end_to_end,19019
service,2129
end_to_end,40864
service,1776
end_to_end,11540
service,102
end_to_end,13139
service,1314
end_to_end,25682
service,1104
end_to_end,16845
service,680
end_to_end,8287
service,505
end_to_end,21000
service,1434
end_to_end,17838
service,2145
end_to_end,14120
service,1576
end_to_end,22423
service,870
end_to_end,17189
service,282
end_to_end,39264
service,849
end_to_end,19674
service,100
end_to_end,21867
service,5084
end_to_end,16087
service,27
end_to_end,36729
service,1679
end_to_end,21967
service,992
end_to_end,26596
service,102
end_to_end,24852
service,3831
end_to_end,19277
service,3615
end_to_end,23526
service,2990
end_to_end,21954
service,279
end_to_end,28053
service,562
end_to_end,25783
service,1875
end_to_end,17568
service,2148
end_to_end,22819
service,1018
end_to_end,26305
service,287
end_to_end,17117
service,9
end_to_end,25346
service,1056
end_to_end,14285
service,994
end_to_end,34329
service,1723
end_to_end,27842
service,334
end_to_end,29995
service,521
end_to_end,21757
service,329
end_to_end,41185
service,5437
end_to_end,20096
service,2266
end_to_end,31961
service,2828
end_to_end,21264
service,1255
end_to_end,19708
service,2757
end_to_end,28207
service,3330
end_to_end,16743
service,552
end_to_end,21123
service,14
end_to_end,20681
service,1789
end_to_end,27608
service,1751
end_to_end,41873
service,8099
end_to_end,28659
service,1022
end_to_end,20179
service,1836
end_to_end,25545
service,572
end_to_end,23119
service,2580
end_to_end,32040
service,3827
end_to_end,28701
service,1879
end_to_end,32200
service,4219
end_to_end,36398
service,135
end_to_end,22321
service,2350
end_to_end,33445
service,853
end_to_end,21962
service,2058
end_to_end,35552
service,3350
end_to_end,19896
service,1756
end_to_end,29777
service,80
end_to_end,23129
service,2327
end_to_end,33029
service,661
end_to_end,20711
service,236
end_to_end,33255
service,36
end_to_end,30036
service,1007
end_to_end,41853
service,1627
end_to_end,18907
service,4830
end_to_end,25976
service,971
end_to_end,24312
service,3623
end_to_end,33149
service,1883
end_to_end,23928
service,704
end_to_end,18000
service,3268
end_to_end,21812
service,3811
end_to_end,32610
service,613
end_to_end,11432
service,618
end_to_end,39815
service,3539
end_to_end,9113
service,530
end_to_end,24544
service,6067
end_to_end,23244
service,402
end_to_end,14507
service,1690
end_to_end,7827
service,712
end_to_end,26302
service,883
end_to_end,17792
service,1855
end_to_end,17785
service,586
end_to_end,19269
service,617
end_to_end,23986
service,3546
end_to_end,19927
service,4523
end_to_end,28660
service,2228
end_to_end,24146
service,1782
end_to_end,25524
service,4154
end_to_end,19129
service,4451
end_to_end,16761
service,1069
end_to_end,28491
service,7861
end_to_end,17602
service,5590
end_to_end,16180
service,2985
end_to_end,22980
service,1152
end_to_end,26923
service,938
end_to_end,20720
service,1313
end_to_end,24124
service,247
end_to_end,25128
service,616
end_to_end,22974
service,582
end_to_end,18632
service,7
end_to_end,17700
service,943
end_to_end,17443
service,814
end_to_end,21610
service,913
end_to_end,28614
service,5148
end_to_end,19301
service,4270
end_to_end,12607
service,1013
end_to_end,21816
service,2973
end_to_end,18961
service,66
end_to_end,14956
service,256
end_to_end,20500
service,552
end_to_end,17976
service,1777
end_to_end,16710
service,1176
end_to_end,16938
service,1437
end_to_end,11500
service,835
end_to_end,17965
service,1017
end_to_end,15152
service,643
end_to_end,16717
service,2889
end_to_end,22131
service,2636
end_to_end,25451
service,259
end_to_end,22950
service,2171
end_to_end,17902
service,617
end_to_end,26599
service,2805
end_to_end,15488
service,125
end_to_end,14046
service,723
end_to_end,18970
service,1014
end_to_end,26333
service,760
end_to_end,21016
service,3042
end_to_end,17598
service,2698
end_to_end,15691
service,723
end_to_end,20122
service,2121
end_to_end,20347
service,3370
end_to_end,37016
service,2506
end_to_end,27844
service,1390
end_to_end,17092
service,2424
end_to_end,25446
service,290
end_to_end,32541
service,4454
end_to_end,17885
service,2695
end_to_end,22536
service,267
end_to_end,27349
service,1797
end_to_end,18308
service,1075
end_to_end,32987
service,732
end_to_end,30545
service,2434
end_to_end,15736
service,3015
end_to_end,26004
service,1893
end_to_end,24341
service,578
end_to_end,33618
service,1043
end_to_end,28397
service,3204
end_to_end,24245
service,1942
end_to_end,27212
service,679
end_to_end,34928
service,3724
end_to_end,36723
service,1726
end_to_end,19538
service,1394
end_to_end,28265
service,6780
end_to_end,22051
service,2086
end_to_end,16158
service,778
end_to_end,23431
service,1399
end_to_end,22421
service,4346
end_to_end,20497
service,693
end_to_end,18136
service,1039
end_to_end,25121
service,2032
end_to_end,27612
service,408
end_to_end,19690
service,6075
end_to_end,29024
service,5148
end_to_end,28101
service,3667
end_to_end,15485
service,2675
end_to_end,22559
service,126
end_to_end,18046
service,1135
end_to_end,23783
service,6818
end_to_end,39587
service,348
end_to_end,24776
service,3233
end_to_end,17222
service,965
end_to_end,16773
service,2619
end_to_end,18952
service,4300
end_to_end,10587
service,926
end_to_end,16216
service,876
end_to_end,26640
service,579
end_to_end,31196
service,3220
end_to_end,18036
service,546
end_to_end,16600
service,941
end_to_end,19237
service,4604
end_to_end,23676
service,769
end_to_end,29536
service,1205
end_to_end,32689
service,5911
end_to_end,40757
service,1299
end_to_end,16387
service,1592
end_to_end,23167
service,3177
end_to_end,35499
service,5914
end_to_end,32547
service,427
end_to_end,32935
service,495
end_to_end,24841
service,5789
end_to_end,28805
service,4472
end_to_end,24599
service,4477
end_to_end,19630
service,1538
end_to_end,23192
service,1601
end_to_end,19032
service,605
end_to_end,19621
service,2
end_to_end,32496
service,3642
end_to_end,15527
service,1552
end_to_end,14401
service,2060
end_to_end,40232
service,1164
end_to_end,17267
service,2540
end_to_end,15350
service,1453
end_to_end,20015
service,405
end_to_end,15787
service,1938
end_to_end,28703
service,2140
end_to_end,24339
service,1950
end_to_end,14905
service,1681
end_to_end,37297
service,1654
end_to_end,18025
service,164
end_to_end,15069
service,14
end_to_end,10358
service,12
end_to_end,8650
service,336
end_to_end,13527
service,2450
end_to_end,14787
service,1348
end_to_end,24383
service,3457
end_to_end,25069
service,58
end_to_end,19914
service,3686
end_to_end,15722
service,925
end_to_end,27217
service,3043
end_to_end,19472
service,2412
end_to_end,20140
service,1510
end_to_end,30438
service,3167
end_to_end,25027
service,144
end_to_end,36214
service,653
end_to_end,33580
service,210
end_to_end,12892
service,304
end_to_end,32740
service,183
end_to_end,23527
service,1591
end_to_end,33401
service,645
end_to_end,27871
service,2170
end_to_end,25470
service,910
end_to_end,39454
service,150
end_to_end,25778
service,392
end_to_end,36769
service,628
end_to_end,25289
service,735
end_to_end,43202
service,1131
end_to_end,39540
service,4194
end_to_end,48964
service,1080
end_to_end,24533
service,872
end_to_end,37680
service,4565
end_to_end,19830
service,7858
end_to_end,47444
service,1316
end_to_end,33079
service,1812
end_to_end,17980
service,2160
end_to_end,22144
service,1394
end_to_end,12632
service,3349
end_to_end,12449
service,582
end_to_end,15103
service,1442
end_to_end,19890
service,598
end_to_end,20212
service,877
end_to_end,15143
service,1512
end_to_end,16834
service,5306
end_to_end,19170
service,4269
end_to_end,29859
service,6626
end_to_end,31685
service,667
end_to_end,21204
service,1336
end_to_end,17404
service,1248
end_to_end,38837
service,4276
end_to_end,21584
service,482
end_to_end,21605
service,2680
end_to_end,32937
service,7976
end_to_end,12724
service,621
end_to_end,30769
service,1732
end_to_end,27438
service,1456
end_to_end,33892
service,4032
end_to_end,14566
service,2935
end_to_end,22653
service,1779
end_to_end,18455
service,65
end_to_end,22485
service,3579
end_to_end,24868
service,1852
end_to_end,30890
service,2225
end_to_end,20871
service,1785
end_to_end,21052
service,465
end_to_end,29409
service,6473
end_to_end,32050
service,578
end_to_end,31343
service,6505
end_to_end,9964
service,1020
end_to_end,25476
service,1209
end_to_end,26499
service,3165
end_to_end,23340
service,1567
end_to_end,29325
service,1438
end_to_end,14415
service,1663
end_to_end,34533
service,1286
end_to_end,26044
service,1032
end_to_end,12004
service,508
end_to_end,19597
service,3
end_to_end,26344
service,2937
end_to_end,10722
service,2373
end_to_end,28437
service,4269
end_to_end,25212
service,1040
end_to_end,13329
service,292
end_to_end,15043
service,3314
end_to_end,22617
service,462
end_to_end,9989
service,354
end_to_end,17927
service,1066
end_to_end,35632
service,1019
end_to_end,21322
service,2095
end_to_end,19289
service,166
end_to_end,14305
service,1521
end_to_end,23070
service,123
end_to_end,10874
service,2386
end_to_end,13000
service,284
end_to_end,25246
service,1579
end_to_end,20830
service,1824
end_to_end,37141
service,4231
end_to_end,20189
service,2069
end_to_end,31733
service,261
end_to_end,27814
service,700
end_to_end,29405
service,329
end_to_end,39728
service,7425
end_to_end,33069
service,1456
end_to_end,17856
service,1837
end_to_end,16371
service,3418
end_to_end,23237
service,185
end_to_end,27036
service,1090
end_to_end,28133
service,3843
end_to_end,31595
service,116
end_to_end,24138
service,4238
end_to_end,14960
service,803
end_to_end,14368
service,2897
end_to_end,24111
service,1068
end_to_end,21408
service,3286
end_to_end,24393
service,2979
end_to_end,17858
service,993
end_to_end,15484
service,642
end_to_end,28974
service,760
end_to_end,37731
service,5172
end_to_end,23608
service,347
end_to_end,28312
service,4663
end_to_end,22525
service,1327
end_to_end,29645
service,1164
end_to_end,23807
service,1911
end_to_end,25975
service,104
end_to_end,41579
service,6758
end_to_end,23677
service,1481
end_to_end,21208
service,381
end_to_end,14472
service,906
end_to_end,33226
service,7670
end_to_end,36885
service,2061
end_to_end,22526
service,4224
end_to_end,21470
service,4
end_to_end,14668
service,2345
end_to_end,28133
service,90
end_to_end,27415
service,21
end_to_end,13488
service,320
end_to_end,17714
service,1626
end_to_end,29472
service,2594
end_to_end,18968
service,3952
end_to_end,28406
service,14078
end_to_end,40310
service,695
end_to_end,18125
service,396
end_to_end,23453
service,5527
end_to_end,33389
service,10098
end_to_end,22379
service,265
end_to_end,35613
service,3280
end_to_end,10735
service,453
end_to_end,24764
service,239
end_to_end,13012
service,1963
end_to_end,12318
service,568
end_to_end,21723
service,1528
end_to_end,18766
service,1888
end_to_end,18277
service,2779
end_to_end,15361
service,1237
end_to_end,25241
service,2105
end_to_end,24769
service,7796
end_to_end,28315
service,423
end_to_end,36853
service,2775
end_to_end,25078
service,130
end_to_end,15099
service,1222
end_to_end,23481
service,107
end_to_end,15364
service,2356
end_to_end,22904
service,213
end_to_end,16757
service,386
end_to_end,17686
service,238
end_to_end,20853
service,778
end_to_end,18555
service,794
end_to_end,21565
service,4485
end_to_end,18212
service,1294
end_to_end,30682
service,846
end_to_end,18254
service,461
end_to_end,8557
service,132
end_to_end,26904
service,515
end_to_end,18890
service,1099
end_to_end,24383
service,3269
end_to_end,29586
service,1428
end_to_end,21626
service,602
end_to_end,28425
service,5404
end_to_end,26541
service,1676
end_to_end,19548
service,821
end_to_end,22844
service,262
end_to_end,23357
service,399
end_to_end,22356
service,335
end_to_end,36813
service,6518
end_to_end,34976
service,3969
end_to_end,32521
service,320
end_to_end,20551
service,2281
end_to_end,17060
service,53
end_to_end,14235
service,1158
end_to_end,20262
service,620
end_to_end,25243
service,3357
end_to_end,20976
service,3743
end_to_end,35834
service,36
end_to_end,29398
service,811
end_to_end,29516
service,325
end_to_end,34887
service,252
end_to_end,22983
service,327
end_to_end,30391
service,3792
end_to_end,25664
service,24
end_to_end,20607
service,333
end_to_end,10952
service,924
end_to_end,18625
service,529
end_to_end,16657
service,829
end_to_end,23524
service,674
end_to_end,20086
service,12
end_to_end,25582
service,350
end_to_end,12528
service,840
end_to_end,30288
service,2888
end_to_end,41351
service,6640
end_to_end,37017
service,1556
end_to_end,23294
service,1421
end_to_end,12020
service,83
end_to_end,36209
service,12058
end_to_end,33620
service,7083
end_to_end,23664
service,2632
end_to_end,18351
service,1423
end_to_end,17249
service,52
end_to_end,13390
service,809
end_to_end,19124
service,473
end_to_end,23729
service,3036
end_to_end,22169
service,465
end_to_end,26420
service,3746
end_to_end,20973
service,4745
end_to_end,14774
service,2692
end_to_end,17517
service,1096
end_to_end,23168
service,567
end_to_end,21173
service,838
end_to_end,27584
service,2138
end_to_end,37823
service,6334
end_to_end,27169
service,2462
end_to_end,26950
service,249
end_to_end,22548
service,4920
end_to_end,24128
service,963
end_to_end,15711
service,3755
end_to_end,24975
service,1581
end_to_end,10228
service,1483
end_to_end,16169
service,957
end_to_end,24426
service,266
end_to_end,21429
service,41
end_to_end,17052
service,4606
end_to_end,28807
service,508
end_to_end,24151
service,1971
end_to_end,22878
service,2786
end_to_end,14882
service,379
end_to_end,25223
service,445
end_to_end,16704
service,1840
end_to_end,18968
service,2869
end_to_end,23987
service,1266
end_to_end,21610
service,814
end_to_end,10666
service,394
end_to_end,23120
service,1607
end_to_end,18189
service,971
end_to_end,26003
service,5091
end_to_end,18088
service,315
end_to_end,12955
service,467
end_to_end,17585
service,511
end_to_end,16939
service,1922
end_to_end,13270
service,1163
end_to_end,29406
service,163
end_to_end,24544
service,1814
end_to_end,33834
service,767
end_to_end,27589
service,1298
end_to_end,25144
service,569
end_to_end,28687
service,1409
end_to_end,25772
service,678
end_to_end,9547
service,464
end_to_end,21806
service,612
end_to_end,25387
service,1133
end_to_end,17218
service,5728
end_to_end,18596
service,1106
end_to_end,20530
service,778
end_to_end,12178
service,2233
end_to_end,29256
service,833
end_to_end,27427
service,494
end_to_end,20726
service,617
end_to_end,21689
service,1126
end_to_end,18502
service,1838
end_to_end,17634
service,3011
end_to_end,23970
service,1407
end_to_end,27426
service,733
end_to_end,20927
service,1050
end_to_end,26084
service,646
end_to_end,18334
service,594
end_to_end,33224
service,155
end_to_end,14464
service,819
end_to_end,15766
service,686
end_to_end,35900
service,4040
end_to_end,25366
service,1567
end_to_end,23898
service,591
end_to_end,18032
service,363
end_to_end,23519
service,1561
end_to_end,26576
service,7136
end_to_end,23631
service,170
end_to_end,20932
service,2225
end_to_end,14107
service,385
end_to_end,28910
service,1972
end_to_end,22820
service,3049
end_to_end,13276
service,1935
end_to_end,24044
service,2605
end_to_end,33786
service,2550
end_to_end,26917
service,1378
end_to_end,22862
service,3684
end_to_end,28049
service,6040
end_to_end,17720
service,2789
end_to_end,17335
service,75
end_to_end,16085
service,2164
end_to_end,24048
service,3698
end_to_end,13803
service,2132
end_to_end,21277
service,1764
end_to_end,25891
service,2126
end_to_end,15885
service,160
end_to_end,32547
service,473
end_to_end,11821
service,389
end_to_end,22071
service,2687
end_to_end,31597
service,2406
end_to_end,17551
service,1955
end_to_end,17593
service,1081
end_to_end,17879
service,2706
end_to_end,9691
service,1563
end_to_end,18641
service,3360
end_to_end,23411
service,5631
end_to_end,23758
service,985
end_to_end,22407
service,532
end_to_end,16733
service,1946
end_to_end,30557
service,1307
end_to_end,22793
service,57
end_to_end,12364
service,1738
end_to_end,20631
service,5204
end_to_end,20839
service,1469
end_to_end,22135
service,2034
end_to_end,20853
service,490
end_to_end,25617
service,8898
end_to_end,11713
service,41
end_to_end,28632
service,625
end_to_end,18601
service,3351
end_to_end,27135
service,2026
end_to_end,21496
service,5032
end_to_end,24166
service,492
end_to_end,35111
service,6312
end_to_end,20071
service,81
end_to_end,25208
service,1333
end_to_end,27918
service,1007
end_to_end,18667
service,1033
end_to_end,13738
service,386
end_to_end,44906
service,3603
end_to_end,22437
service,1944
end_to_end,32201
service,1141
end_to_end,35037
service,1737
end_to_end,30109
service,90
end_to_end,31223
service,340
end_to_end,31880
service,5870
end_to_end,28483
service,662
end_to_end,22566
service,1736
end_to_end,43985
service,983
end_to_end,25814
service,21
end_to_end,28184
service,500
end_to_end,35062
service,5872
end_to_end,25919
service,412
end_to_end,17182
service,602
end_to_end,21142
service,245
end_to_end,28195
service,813
end_to_end,23258
service,969
end_to_end,39914
service,9
end_to_end,15313
service,220
end_to_end,30297
service,1244
end_to_end,17292
service,2155
end_to_end,16406
service,169
end_to_end,21019
service,1300
end_to_end,14301
service,2670
end_to_end,22778
service,7859
end_to_end,8823
service,189
end_to_end,36493
service,1603
end_to_end,36908
service,1402
end_to_end,37663
service,1663
end_to_end,31750
service,2915
end_to_end,36758
service,4582
end_to_end,17052
service,1541
end_to_end,20408
service,1895
end_to_end,26159
service,1470
end_to_end,18669
service,3169
end_to_end,16262
service,517
end_to_end,24819
service,2031
end_to_end,22374
service,232
end_to_end,22524
service,356
end_to_end,17549
service,426
end_to_end,20208
service,6594
end_to_end,12191
service,1274
end_to_end,32498
service,7021
end_to_end,19516
service,2473
end_to_end,19129
service,4102
end_to_end,34447
service,2078
end_to_end,15403
service,147
end_to_end,25038
service,1970
end_to_end,24704
service,1525
end_to_end,30785
service,1129
end_to_end,27967
service,3123
end_to_end,10867
service,250
end_to_end,27778
service,2898
end_to_end,26373
service,278
end_to_end,19922
service,1773
end_to_end,26294
service,1148
end_to_end,14342
service,28
end_to_end,30746
service,2458
end_to_end,23463
service,939
end_to_end,9162
service,1854
end_to_end,11566
service,1622
end_to_end,10073
service,668
end_to_end,11818
service,442
end_to_end,16779
service,1109
end_to_end,14081
service,312
end_to_end,15557
service,61
end_to_end,14296
service,926
end_to_end,21465
service,155
end_to_end,27669
service,340
end_to_end,16842
service,1127
end_to_end,20610
service,911
end_to_end,25038
service,2643
end_to_end,28146
service,3048
end_to_end,28940
service,790
end_to_end,22983
service,1951
end_to_end,23085
service,679
end_to_end,18693
service,3864
end_to_end,23592
service,2545
end_to_end,17865
service,316
end_to_end,27473
service,150
end_to_end,17997
service,467
end_to_end,23665
service,81
end_to_end,17960
service,1313
end_to_end,31018
service,142
end_to_end,35652
service,337
end_to_end,35706
service,1028
end_to_end,31469
service,2446
end_to_end,31957
service,2907
end_to_end,35124
service,259
end_to_end,26907
service,3526
end_to_end,20956
service,1108
end_to_end,26371
service,546
end_to_end,13668
service,62
end_to_end,18703
service,967
end_to_end,16037
service,1079
end_to_end,14854
service,1698
end_to_end,13124
service,1445
end_to_end,20223
service,3008
end_to_end,19576
service,1444
end_to_end,11750
service,153
end_to_end,18794
service,2644
end_to_end,12513
service,2227
end_to_end,21171
service,595
end_to_end,20489
service,753
end_to_end,25057
service,2340
end_to_end,27301
service,170
end_to_end,20697
service,1239
end_to_end,17659
service,480
end_to_end,23180
service,429
end_to_end,42205
service,2009
end_to_end,21558
service,767
end_to_end,28919
service,5622
end_to_end,19133
service,447
end_to_end,16408
service,258
end_to_end,20462
service,8105
end_to_end,34959
service,315
end_to_end,20182
service,2873
end_to_end,17829
service,556
end_to_end,16022
service,6056
end_to_end,33037
service,776
end_to_end,30677
service,7317
end_to_end,19184
service,1447
end_to_end,16850
service,1185
end_to_end,20857
service,1190
end_to_end,26659
service,1622
end_to_end,29314
service,4
end_to_end,20431
service,389
end_to_end,29894
service,3324
end_to_end,41015
service,2513
end_to_end,32421
service,2909
end_to_end,29240
service,1440
end_to_end,23541
service,2084
end_to_end,24808
service,3886
end_to_end,20867
service,301
end_to_end,24314
service,561
end_to_end,20808
service,882
end_to_end,18404
service,1614
end_to_end,10855
service,220
end_to_end,16944
service,312
end_to_end,15975
service,3414
end_to_end,23507
service,411
end_to_end,13914
service,340
end_to_end,23221
service,3150
end_to_end,29678
service,1920
end_to_end,22360
service,3258
end_to_end,29646
service,4087
end_to_end,18620
service,3074
end_to_end,24334
service,1857
end_to_end,28057
service,472
end_to_end,16475
service,2161
end_to_end,18519
service,981
end_to_end,19141
service,1747
end_to_end,12449
service,2091
end_to_end,22070
service,812
end_to_end,26647
service,927
end_to_end,24945
service,1073
end_to_end,15659
service,858
end_to_end,30097
service,6187
end_to_end,10911
service,1223
end_to_end,22535
service,838
end_to_end,9520
service,511
end_to_end,21930
service,154
end_to_end,34171
service,514
end_to_end,19108
service,1798
end_to_end,22231
service,4869
end_to_end,19654
service,3378
end_to_end,19948
service,1572
end_to_end,20088
service,1493
end_to_end,21684
service,2
end_to_end,21056
service,277
end_to_end,12386
service,2419
end_to_end,34414
service,1193
end_to_end,21830
service,2592
end_to_end,31440
service,3277
end_to_end,23134
service,1871
end_to_end,35801
service,103
end_to_end,23273
service,964
end_to_end,18456
service,2153
end_to_end,25888
service,585
end_to_end,43805
service,2993
end_to_end,28040
service,985
end_to_end,14665
service,695
end_to_end,17096
service,2131
end_to_end,16618
service,1028
end_to_end,22307
service,1096
end_to_end,26532
service,421
end_to_end,31870
service,750
end_to_end,15369
service,12
end_to_end,28348
service,216
end_to_end,19069
service,3499
end_to_end,17270
service,260
end_to_end,29019
service,2094
end_to_end,21946
service,115
end_to_end,12959
service,236
end_to_end,27565
service,1569
end_to_end,42174
service,15925
end_to_end,38994
service,937
end_to_end,39511
service,2513
end_to_end,35541
service,3655
end_to_end,21515
service,3809
end_to_end,17942
service,124
end_to_end,26071
service,645
end_to_end,13527
service,2039
end_to_end,28832
service,6251
end_to_end,15714
service,575
end_to_end,24082
service,128
end_to_end,26398
service,1664
end_to_end,16133
service,1388
end_to_end,16300
service,463
end_to_end,19841
service,377
end_to_end,14394
service,1020
end_to_end,27606
service,38
end_to_end,22981
service,5418
end_to_end,16669
service,336
end_to_end,20630
service,3221
end_to_end,15674
service,946
end_to_end,26115
service,651
end_to_end,16229
service,2833
end_to_end,22126
service,3776
end_to_end,13537
service,1819
end_to_end,20385
service,6199
end_to_end,25282
service,1199
end_to_end,23900
service,1675
end_to_end,30713
service,5150
end_to_end,32905
service,1132
end_to_end,19123
service,2619
end_to_end,29777
service,2534
end_to_end,22269
service,3263
end_to_end,16942
service,1332
end_to_end,18930
service,333
end_to_end,16657
service,2181
end_to_end,22975
service,1196
end_to_end,28721
service,1609
end_to_end,11810
service,242
end_to_end,23613
service,3897
end_to_end,23569
service,1013
end_to_end,20434
service,441
end_to_end,28708
service,5964
end_to_end,34475
service,1703
end_to_end,32765
service,2810
end_to_end,26337
service,955
end_to_end,27675
service,1514
end_to_end,23133
service,1303
end_to_end,15004
service,1135
end_to_end,20108
service,263
end_to_end,21698
service,656
end_to_end,31016
service,678
end_to_end,17342
service,1364
end_to_end,11576
service,3282
end_to_end,18633
service,1158
end_to_end,18585
service,5892
end_to_end,18570
service,302
end_to_end,27197
service,3301
end_to_end,30227
service,4012
end_to_end,21362
service,932
end_to_end,13025
service,1133
end_to_end,30234
service,3971
end_to_end,41467
service,10803
end_to_end,30262
service,1088
end_to_end,30939
service,3766
end_to_end,16623
service,613
end_to_end,17827
service,4231
end_to_end,20779
service,194
end_to_end,30049
service,1114
end_to_end,10774
service,88
end_to_end,14013
service,859
end_to_end,10571
service,2814
end_to_end,13784
service,1120
end_to_end,18023
service,674
end_to_end,29412
service,2048
end_to_end,22131
service,2581
end_to_end,15782
service,743
end_to_end,9805
service,81
end_to_end,22928
service,677
end_to_end,18383
service,1301
end_to_end,18198
service,20
end_to_end,17706
service,1929
end_to_end,21803
service,2291
end_to_end,33549
service,169
end_to_end,20194
service,1997
end_to_end,16343
service,143
end_to_end,16340
service,1793
end_to_end,37994
service,96
end_to_end,32088
service,3226
end_to_end,25939
service,1042
end_to_end,18173
service,5352
end_to_end,23283
service,212
end_to_end,24863
service,568
end_to_end,25275
service,1685
end_to_end,21412
service,1706
end_to_end,29399
service,5584
end_to_end,25646
service,677
end_to_end,25980
service,2090
end_to_end,13459
service,347
end_to_end,43247
service,1808
end_to_end,32713
service,367
end_to_end,21034
service,175
end_to_end,23572
service,649
end_to_end,23621
service,1800
end_to_end,29870
service,1322
end_to_end,19709
service,1076
end_to_end,29583
service,2428
end_to_end,30141
service,988
end_to_end,14545
service,2165
end_to_end,30389
service,3436
end_to_end,29481
service,4373
end_to_end,13007
service,3518
end_to_end,15035
service,2361
end_to_end,26894
service,4187
end_to_end,13416
service,910
end_to_end,30152
service,192
end_to_end,31075
service,4075
end_to_end,17830
service,3395
end_to_end,22454
service,464
end_to_end,21301
service,4175
end_to_end,16337
service,1496
end_to_end,15258
service,867
end_to_end,21200
service,2630
end_to_end,25547
service,923
end_to_end,26305
service,927
end_to_end,31276
service,1529
end_to_end,16549
service,462
end_to_end,10975
service,699
end_to_end,18975
service,1028
end_to_end,29438
service,668
end_to_end,14872
service,615
end_to_end,12227
service,468
end_to_end,13208
service,379
end_to_end,23957
service,876
end_to_end,17875
service,1664
end_to_end,34519
service,1263
end_to_end,24083
service,4498
end_to_end,30921
service,716
end_to_end,18675
service,2649
end_to_end,18922
service,247
end_to_end,12644
service,724
end_to_end,12307
service,1624
end_to_end,22479
service,3198
end_to_end,24314
service,2742
end_to_end,12469
service,107
end_to_end,28575
service,1708
end_to_end,32236
service,3366
end_to_end,21256
service,466
end_to_end,32433
service,1130
end_to_end,16314
service,2895
end_to_end,39927
service,63
end_to_end,41031
service,4164
end_to_end,22805
service,2178
end_to_end,30230
service,3207
end_to_end,21056
service,1378
end_to_end,23963
service,2966
end_to_end,27238
service,3184
end_to_end,24948
service,1185
end_to_end,23176
service,1428
end_to_end,11062
service,2187
end_to_end,34795
service,3345
end_to_end,22401
service,1672
end_to_end,19413
service,1070
end_to_end,21894
service,1103
end_to_end,14376
service,4195
end_to_end,24906
service,1684
end_to_end,22004
service,3160
end_to_end,16914
service,2259
end_to_end,19175
service,178
end_to_end,21400
service,591
end_to_end,24642
service,1290
end_to_end,29444
service,730
end_to_end,21673
service,2203
end_to_end,34612
service,343
end_to_end,19706
service,2317
end_to_end,24329
service,150
end_to_end,36469
service,1522
end_to_end,20936
service,146
end_to_end,13343
service,622
end_to_end,36885
service,8008
end_to_end,28418
service,1654
end_to_end,25678
service,4221
end_to_end,18764
service,3081
end_to_end,24781
service,812
end_to_end,17814
service,1879
end_to_end,24252
service,1732
end_to_end,24098
service,1908
end_to_end,30017
service,3574
end_to_end,29942
service,480
end_to_end,22585
service,2257
end_to_end,12261
service,3387
end_to_end,23865
service,2410
end_to_end,11484
service,373
end_to_end,28235
service,3177
end_to_end,24161
service,2256
end_to_end,16153
service,1347
end_to_end,18920
service,1093
end_to_end,20103
service,1578
end_to_end,22259
service,782
end_to_end,20486
service,571
end_to_end,12484
service,1106
end_to_end,28186
service,3512
end_to_end,20293
service,492
end_to_end,41390
service,321
end_to_end,39683
service,2181
end_to_end,32433
service,3249
end_to_end,25996
service,6047
end_to_end,15137
service,1014
end_to_end,18700
service,1218
end_to_end,39423
service,3188
end_to_end,22759
service,1232
end_to_end,25764
service,890
end_to_end,15455
service,1412
end_to_end,20656
service,4124
end_to_end,21881
service,1898
end_to_end,23247
service,1158
end_to_end,30577
service,4146
end_to_end,18387
service,2089
end_to_end,26188
service,399
end_to_end,23803
service,1771
end_to_end,20613
service,1412
end_to_end,12589
service,1009
end_to_end,23960
service,371
end_to_end,11126
service,181
end_to_end,27569
service,548
end_to_end,23804
service,1292
end_to_end,26443
service,1382
end_to_end,23118
service,2133
end_to_end,20753
service,127
end_to_end,43545
service,6861
end_to_end,24624
service,1497
end_to_end,23646
service,1577
end_to_end,26666
service,6059
end_to_end,28938
service,1213
end_to_end,34503
service,2659
end_to_end,14461
service,1333
end_to_end,28933
service,3023
end_to_end,21744
service,518
end_to_end,10671
service,450
end_to_end,21475
service,4568
end_to_end,37457
service,6642
end_to_end,17765
service,605
end_to_end,20755
service,2526
end_to_end,31244
service,601
end_to_end,26487
service,5289
end_to_end,25335
service,908
end_to_end,35003
service,2448
end_to_end,21462
service,2217
end_to_end,22527
service,191
end_to_end,20025
service,521
end_to_end,40725
service,5059
end_to_end,41981
service,6313
end_to_end,31221
service,1561
end_to_end,34011
service,9586
end_to_end,23019
service,1758
end_to_end,19735
service,37
end_to_end,27171
service,6064
end_to_end,13507
service,1850
end_to_end,19241
service,645
end_to_end,12516
service,671
end_to_end,19573
service,1678
end_to_end,19110
service,3537
end_to_end,17404
service,341
end_to_end,15978
service,661
end_to_end,17723
service,1548
end_to_end,32644
service,4059
end_to_end,18433
service,2770
end_to_end,18603
service,2087
end_to_end,29758
service,3412
end_to_end,43451
service,3243
end_to_end,12083
service,487
end_to_end,24100
service,293
end_to_end,19087
service,2290
end_to_end,33409
service,2151
end_to_end,17881
service,1270
end_to_end,27219
service,42
end_to_end,37354
service,1990
end_to_end,23697
service,1263
end_to_end,28444
service,2831
end_to_end,35005
service,6404
end_to_end,29903
service,2573
end_to_end,31930
service,2989
end_to_end,9579
service,1445
end_to_end,32955
service,686
end_to_end,40206
service,3188
end_to_end,14744
service,141
end_to_end,19673
service,385
end_to_end,17543
service,492
end_to_end,45499
service,2377
end_to_end,31503
service,3609
end_to_end,18456
service,273
end_to_end,33584
service,3137
end_to_end,23555
service,28
end_to_end,29391
service,1047
end_to_end,24917
service,3368
end_to_end,14099
service,247
end_to_end,30578
service,3542
end_to_end,22458
service,1217
end_to_end,32788
service,2208
end_to_end,27735
service,2713
end_to_end,22685
service,1557
end_to_end,16126
service,929
end_to_end,11575
service,653
end_to_end,25824
service,1230
end_to_end,21124
service,6164
end_to_end,25145
service,961
end_to_end,17628
service,1736
end_to_end,33499
service,2511
end_to_end,27675
service,2407
end_to_end,20623
service,2265
end_to_end,32018
service,2536
end_to_end,14703
service,1040
end_to_end,36440
service,334
end_to_end,27200
service,2096
end_to_end,24437
service,3347
end_to_end,26407
service,3026
end_to_end,22028
service,7962
end_to_end,39185
service,5039
end_to_end,28893
service,243
end_to_end,23090
service,4088
end_to_end,19331
service,310
end_to_end,25711
service,1560
end_to_end,20331
service,111
end_to_end,31069
service,1744
end_to_end,16156
service,740
end_to_end,15872
service,1036
end_to_end,19058
service,11
end_to_end,19792
service,1790
end_to_end,14929
service,1718
end_to_end,21248
service,1257
end_to_end,19366
service,2758
end_to_end,16413
service,1221
end_to_end,20342
service,1378
end_to_end,10354
service,503
end_to_end,30891
service,8444
end_to_end,13792
service,3901
end_to_end,21569
service,1866
end_to_end,19288
service,832
end_to_end,23948
service,5129
end_to_end,22605
service,715
end_to_end,20114
service,2342
end_to_end,25085
service,2
end_to_end,9671
service,144
end_to_end,18471
service,1015
end_to_end,25441
service,3143
end_to_end,34868
service,110
end_to_end,17477
service,458
end_to_end,28359
service,4716
end_to_end,25303
service,1581
end_to_end,13524
service,1248
end_to_end,24399
service,2732
end_to_end,24559
service,1470
end_to_end,25328
service,6266
end_to_end,18212
service,943
end_to_end,23205
service,4265
end_to_end,23192
service,3704
end_to_end,26272
service,3404
end_to_end,20893
service,680
end_to_end,24533
service,2426
end_to_end,16420
service,994
end_to_end,26543
service,3209
end_to_end,29842
service,3423
end_to_end,33139
service,6551
end_to_end,24571
service,1509
end_to_end,24510
service,5374
end_to_end,24070
service,1676
end_to_end,32797
service,1183
end_to_end,37463
service,1597
end_to_end,18073
service,5990
end_to_end,15307
service,350
end_to_end,17268
service,652
end_to_end,20364
service,691
end_to_end,29255
service,254
end_to_end,18617
service,415
end_to_end,23922
service,785
end_to_end,24028
service,1164
end_to_end,22570
service,1501
end_to_end,38974
service,162
end_to_end,22813
service,387
end_to_end,28463
service,5930
end_to_end,17599
service,2965
end_to_end,13955
service,2843
end_to_end,23232
service,2883
end_to_end,11128
service,670
end_to_end,15100
service,2668
end_to_end,48163
service,4087
end_to_end,11360
service,1074
end_to_end,25360
service,1610
end_to_end,17313
service,822
end_to_end,30272
service,169
end_to_end,26325
service,5886
end_to_end,16029
service,4003
end_to_end,28320
service,3228
end_to_end,11853
service,1409
end_to_end,10088
service,364
end_to_end,28496
service,2640
end_to_end,19655
service,404
end_to_end,23951
service,6457
end_to_end,21699
service,1179
end_to_end,23861
service,3642
end_to_end,19281
service,712
end_to_end,32886
service,908
end_to_end,26777
service,19
end_to_end,9655
service,4060
end_to_end,16484
service,544
end_to_end,18081
service,923
end_to_end,31881
service,4904
end_to_end,25574
service,2384
end_to_end,25466
service,302
end_to_end,22131
service,4429
end_to_end,28039
service,1323
end_to_end,16009
service,2525
end_to_end,33536
service,2345
end_to_end,19081
service,36
end_to_end,17083
service,1664
end_to_end,24691
service,2213
end_to_end,33122
service,2981
end_to_end,26612
service,5344
end_to_end,22636
service,2294
end_to_end,31777
service,1322
end_to_end,16393
service,2792
end_to_end,33054
service,4574
end_to_end,29506
service,277
end_to_end,17450
service,781
end_to_end,31235
service,359
end_to_end,40037
service,1670
end_to_end,21422
service,140
end_to_end,14697
service,305
end_to_end,21403
service,1357
end_to_end,20788
service,737
end_to_end,16465
service,452
end_to_end,23578
service,1569
end_to_end,22627
service,4018
end_to_end,27192
service,403
end_to_end,14718
service,2054
end_to_end,17810
service,3869
end_to_end,24332
service,3409
end_to_end,16482
service,3648
end_to_end,15308
service,365
end_to_end,23084
service,234
end_to_end,17386
service,863
end_to_end,14415
service,675
end_to_end,20742
service,544
end_to_end,19194
service,1546
end_to_end,17125
service,5438
end_to_end,30225
service,1861
end_to_end,29673
service,234
end_to_end,27874
service,1565
end_to_end,21720
service,1496
end_to_end,20995
service,1616
end_to_end,39911
service,2486
end_to_end,16778
service,28
end_to_end,34167
service,8333
end_to_end,21465
service,184
end_to_end,23620
service,1512
end_to_end,22766
service,1171
end_to_end,23219
service,2172
end_to_end,23903
service,1137
end_to_end,24148
service,872
end_to_end,27787
service,3300
end_to_end,16595
service,2913
end_to_end,13777
service,925
end_to_end,18555
service,2760
end_to_end,31306
service,324
end_to_end,21917
service,1781
end_to_end,17629
service,2348
end_to_end,19809
service,1151
end_to_end,22564
service,6686
end_to_end,28886
service,690
end_to_end,21346
service,2422
end_to_end,19866
service,383
end_to_end,35322
service,5519
end_to_end,25295
service,1587
end_to_end,16223
service,3815
end_to_end,26318
service,2022
end_to_end,37924
service,1194
end_to_end,24114
service,266
end_to_end,28568
service,2753
end_to_end,22640
service,3745
end_to_end,30554
service,1627
end_to_end,23889
service,3491
end_to_end,31820
service,759
end_to_end,28099
service,3715
end_to_end,15165
service,507
end_to_end,18284
service,943
end_to_end,27643
service,2657
end_to_end,26080
service,3153
end_to_end,13107
service,191
end_to_end,21712
service,231
end_to_end,22369
service,354
end_to_end,18502
service,55
end_to_end,16544
service,3797
end_to_end,24475
service,637
end_to_end,24031
service,5996
end_to_end,12026
service,1873
end_to_end,29348
service,1533
end_to_end,20292
service,2119
end_to_end,16772
service,2245
end_to_end,38635
service,4346
end_to_end,18332
service,517
end_to_end,14828
service,1838
end_to_end,22602
service,3181
end_to_end,21133
service,2375
end_to_end,34200
service,15057
end_to_end,15449
service,907
end_to_end,18897
service,971
end_to_end,16987
service,366
end_to_end,26533
service,7845
end_to_end,14457
service,3688
end_to_end,12534
service,281
end_to_end,24725
service,694
end_to_end,19550
service,101
end_to_end,35387
service,4740
end_to_end,33870
service,2539
end_to_end,34010
service,3738
end_to_end,28325
service,40
end_to_end,25335
service,5772
end_to_end,38520
service,5231
end_to_end,19347
service,4379
end_to_end,26686
service,400
end_to_end,19338
service,3050
end_to_end,22326
service,683
end_to_end,19498
service,338
end_to_end,48595
service,1983
end_to_end,12592
service,2250
end_to_end,14783
service,506
end_to_end,24703
service,4186
end_to_end,26708
service,2622
end_to_end,9333
service,81
end_to_end,14173
service,1347
end_to_end,28480
service,3599
end_to_end,19040
service,3709
end_to_end,24827
service,5223
end_to_end,42967
service,11367
end_to_end,27582
service,4727
end_to_end,24580
service,1056
end_to_end,21121
service,5976
end_to_end,18829
service,1765
end_to_end,27326
service,4736
end_to_end,19819
service,153
end_to_end,23518
service,4142
end_to_end,20353
service,268
end_to_end,26310
service,991
end_to_end,26173
service,3668
end_to_end,13293
service,990
end_to_end,19519
service,2902
end_to_end,19018
service,560
end_to_end,27923
service,10992
end_to_end,23194
service,2040
end_to_end,17012
service,2501
end_to_end,23228
service,2328
end_to_end,13380
service,311
end_to_end,26206
service,2204
end_to_end,18193
service,298
end_to_end,12336
service,512
end_to_end,17416
service,1525
end_to_end,15079
service,399
end_to_end,16120
service,6607
end_to_end,19333
service,502
end_to_end,23308
service,229
end_to_end,22792
service,2282
end_to_end,29663
service,2752
end_to_end,18069
service,5812
end_to_end,25961
service,5007
end_to_end,39355
service,1375
end_to_end,28634
service,1202
end_to_end,21217
service,3703
end_to_end,17031
service,83
end_to_end,34349
service,1337
end_to_end,14151
service,2544
end_to_end,23947
service,4670
end_to_end,27717
service,4742
end_to_end,31256
service,2233
end_to_end,20540
service,1923
end_to_end,29951
service,8039
end_to_end,40751
service,6638
end_to_end,33829
service,1137
end_to_end,22577
service,936
end_to_end,20767
service,776
end_to_end,19797
service,406
end_to_end,22909
service,1771
end_to_end,18422
service,218
end_to_end,31996
service,3875
end_to_end,16998
service,178
end_to_end,16095
service,1018
end_to_end,26422
service,763
end_to_end,27546
service,963
end_to_end,22697
service,380
end_to_end,21816
service,1272
end_to_end,29374
service,568
end_to_end,15188
service,590
end_to_end,22351
service,704
end_to_end,27467
service,626
end_to_end,27984
service,1206
end_to_end,23369
service,4607
end_to_end,21716
service,3281
end_to_end,10875
service,1154
end_to_end,22901
service,408
end_to_end,20546
service,2897
end_to_end,29323
service,3361
end_to_end,19577
service,807
end_to_end,21716
service,1910
end_to_end,13945
service,569
end_to_end,24765
service,209
end_to_end,32230
service,350
end_to_end,34671
service,1668
end_to_end,35497
service,11733
end_to_end,18587
service,1663
end_to_end,20888
service,282
end_to_end,18902
service,9173
end_to_end,26643
service,5681
end_to_end,16459
service,812
end_to_end,30810
service,7790
end_to_end,31551
service,737
end_to_end,27906
service,312
end_to_end,28239
service,5245
end_to_end,20380
service,1193
end_to_end,22183
service,2072
end_to_end,33626
service,3631
end_to_end,19567
service,50
end_to_end,45971
service,523
end_to_end,20462
service,1139
end_to_end,27702
service,62
end_to_end,14100
service,4025
end_to_end,33264
service,3538
end_to_end,28107
service,3733
end_to_end,43962
service,1174
end_to_end,24880
service,328
end_to_end,25218
service,899
end_to_end,16308
service,55
end_to_end,26879
service,7790
end_to_end,20253
service,1529
end_to_end,12794
service,547
end_to_end,26101
service,2786
end_to_end,23845
service,960
end_to_end,21013
service,283
end_to_end,38699
service,10670
end_to_end,28621
service,326
end_to_end,29181
service,2746
end_to_end,32578
service,1162
end_to_end,37551
service,2023
end_to_end,21377
service,178
end_to_end,9743
service,664
end_to_end,24647
service,5291
end_to_end,20694
service,241
end_to_end,19577
service,1878
end_to_end,22258
service,193
end_to_end,16214
service,5900
end_to_end,28865
service,5508
end_to_end,27746
service,3890
end_to_end,19321
service,809
end_to_end,25444
service,1054
end_to_end,23789
service,58
end_to_end,40119
service,1132
end_to_end,25752
service,1149
end_to_end,15422
service,2276
end_to_end,29323
service,1406
end_to_end,32878
service,1244
end_to_end,15893
service,359
end_to_end,25234
service,1638
end_to_end,21046
service,996
end_to_end,22306
service,2344
end_to_end,27860
service,4271
end_to_end,25414
service,28
end_to_end,29821
service,9211
end_to_end,35997
service,54
end_to_end,26183
service,420
end_to_end,26350
service,2340
end_to_end,36561
service,4461
end_to_end,23557
service,6122
end_to_end,23993
service,1070
end_to_end,28616
service,12411
end_to_end,40110
service,6832
end_to_end,33792
service,801
end_to_end,21103
service,3232
end_to_end,42890
service,1126
end_to_end,21291
service,3657
end_to_end,44905
service,3197
end_to_end,28054
service,1642
end_to_end,28304
service,2667
end_to_end,25400
service,754
end_to_end,28937
service,182
end_to_end,25794
service,3475
end_to_end,26864
service,507
end_to_end,31337
service,2880
end_to_end,34835
service,6912
end_to_end,31248
service,1968
end_to_end,33805
service,497
end_to_end,20529
service,1260
end_to_end,38616
service,1112
end_to_end,31739
service,8244
end_to_end,25955
service,1475
end_to_end,18041
service,2430
end_to_end,39178
service,1898
end_to_end,28062
service,120
end_to_end,25303
service,2788
end_to_end,15014
service,3068
end_to_end,21572
service,1327
end_to_end,17820
service,57
end_to_end,18145
service,556
end_to_end,12777
service,3226
end_to_end,18892
service,1885
end_to_end,27827
service,2758
end_to_end,33166
service,1541
end_to_end,16814
service,115
end_to_end,25243
service,3291
end_to_end,18004
service,831
end_to_end,17705
service,2212
end_to_end,15018
service,509
end_to_end,18956
service,297
end_to_end,32964
service,108
end_to_end,20881
service,3304
end_to_end,28968
service,10328
end_to_end,20860
service,931
end_to_end,18696
service,902
end_to_end,25989
service,1306
end_to_end,9529
service,736
end_to_end,22329
service,6087
end_to_end,12351
service,192
end_to_end,15061
service,317
end_to_end,17130
service,2875
end_to_end,25466
service,387
end_to_end,24885
service,553
end_to_end,19978
service,3140
end_to_end,21194
service,196
end_to_end,12885
service,591
end_to_end,25520
service,10024
end_to_end,15549
service,843
end_to_end,16603
service,1932
end_to_end,23099
service,3766
end_to_end,20903
service,2626
end_to_end,24809
service,2368
end_to_end,29894
service,1968
end_to_end,27848
service,10
end_to_end,22247
service,484
end_to_end,30270
service,236
end_to_end,25170
service,7613
end_to_end,27976
service,4668
end_to_end,21670
service,868
end_to_end,21165
service,2024
end_to_end,35275
service,2987
end_to_end,18016
service,2332
end_to_end,26450
service,748
end_to_end,22538
service,2467
end_to_end,19720
service,2299
end_to_end,25425
service,8049
end_to_end,30561
service,2279
end_to_end,28395
service,950
end_to_end,8449
service,433
end_to_end,20571
service,2521
end_to_end,31844
service,2247
end_to_end,28834
service,179
end_to_end,19732
service,466
end_to_end,33379
service,129
end_to_end,21312
service,2625
end_to_end,27548
service,5988
end_to_end,17367
service,718
end_to_end,25095
service,225
end_to_end,18476
service,2899
end_to_end,21544
service,80
end_to_end,12241
service,859
end_to_end,27707
service,8257
end_to_end,19848
service,3699
end_to_end,15722
service,3153
end_to_end,22561
service,3893
end_to_end,34058
service,4519
end_to_end,15501
service,162
end_to_end,34530
service,906
end_to_end,30905
service,485
end_to_end,21533
service,763
end_to_end,20686
service,1441
end_to_end,27353
service,3247
end_to_end,35560
service,513
end_to_end,22475
service,1464
end_to_end,22776
service,2502
end_to_end,20595
service,506
end_to_end,21921
service,1877
end_to_end,31186
service,184
end_to_end,16374
service,1603
end_to_end,20088
service,2453
end_to_end,10259
service,1727
end_to_end,32220
service,913
end_to_end,38853
service,1466
end_to_end,16311
service,1462
end_to_end,25565
service,59
end_to_end,20594
service,1744
end_to_end,26120
service,104
end_to_end,19979
service,212
end_to_end,27335
service,3436
end_to_end,11294
service,744
end_to_end,22476
service,3672
end_to_end,29320
service,2078
end_to_end,17993
service,730
end_to_end,15050
service,1765
end_to_end,17881
service,63
end_to_end,26027
service,3201
end_to_end,19673
service,2058
end_to_end,28399
service,3220
end_to_end,20504
service,1088
end_to_end,20566
service,352
end_to_end,15587
service,3446
end_to_end,17608
service,451
end_to_end,16788
service,2506
end_to_end,23229
service,233
end_to_end,18306
service,715
end_to_end,33786
service,3887
end_to_end,27334
service,2724
end_to_end,23346
service,1329
end_to_end,13431
service,349
end_to_end,23534
service,836
end_to_end,25280
service,7866
end_to_end,14015
service,795
end_to_end,18657
service,7
end_to_end,23602
service,81
end_to_end,17558
service,2338
end_to_end,26912
service,2581
end_to_end,33390
service,6718
end_to_end,25984
service,769
end_to_end,12734
service,1712
end_to_end,22527
service,520
end_to_end,20661
service,5977
end_to_end,21995
service,257
end_to_end,33351
service,396
end_to_end,18029
service,2027
end_to_end,28712
service,3744
end_to_end,24852
service,698
end_to_end,28450
service,3362
end_to_end,33119
service,4665
end_to_end,36571
service,8315
end_to_end,33026
service,5747
end_to_end,11774
service,1273
end_to_end,19863
service,3467
end_to_end,25379
service,3205
end_to_end,20283
service,460
end_to_end,27395
service,1035
end_to_end,34208
service,4306
end_to_end,35084
service,3261
end_to_end,22482
service,596
end_to_end,20856
service,3547
end_to_end,16893
service,2584
end_to_end,30698
service,438
end_to_end,22670
service,2872
end_to_end,27455
service,7562
end_to_end,28603
service,2120
end_to_end,31107
service,1380
end_to_end,29023
service,56
end_to_end,31536
service,3450
end_to_end,19377
service,401
end_to_end,43220
service,1438
end_to_end,19889
service,500
end_to_end,26393
service,1120
end_to_end,24234
service,471
end_to_end,19790
service,1453
end_to_end,27233
service,2748
end_to_end,29991
service,367
end_to_end,32460
service,1677
end_to_end,43731
service,488
end_to_end,29878
service,2152
end_to_end,34194
service,2154
end_to_end,33053
service,2642
end_to_end,35142
service,4227
end_to_end,25852
service,889
end_to_end,32686
service,800
end_to_end,31865
service,2370
end_to_end,43228
service,3806
end_to_end,30512
service,703
end_to_end,16923
service,4078
end_to_end,16192
service,32
end_to_end,34626
service,523
end_to_end,18655
service,566
end_to_end,12459
service,77
end_to_end,30833
service,2667
end_to_end,23483
service,4731
end_to_end,30088
service,7680
end_to_end,19862
service,57
end_to_end,22318
service,1841
end_to_end,21942
service,2979
end_to_end,21283
service,5296
end_to_end,21828
service,869
end_to_end,13591
service,728
end_to_end,9059
service,463
end_to_end,26470
service,2099
end_to_end,24962
service,914
end_to_end,19058
service,1118
end_to_end,29205
service,979
end_to_end,24741
service,3607
end_to_end,19524
service,513
end_to_end,17234
service,2236
end_to_end,13175
service,1749
end_to_end,20212
service,1568
end_to_end,19806
service,5282
end_to_end,19472
service,4508
end_to_end,26678
service,3365
end_to_end,23923
service,302
end_to_end,11864
service,58
end_to_end,16538
service,2678
end_to_end,19867
service,210
end_to_end,18339
service,2253
end_to_end,24784
service,2478
end_to_end,25551
service,1405
end_to_end,17812
service,4566
end_to_end,21784
service,59
end_to_end,39077
service,189
end_to_end,34999
service,2427
end_to_end,25259
service,1758
end_to_end,36428
service,6069
end_to_end,21267
service,1248
end_to_end,21354
service,166
end_to_end,28758
service,3509
end_to_end,20751
service,796
end_to_end,27342
service,342
end_to_end,28295
service,189
end_to_end,17860
service,3404
end_to_end,20324
service,1861
end_to_end,16274
service,1939
end_to_end,19747
service,1932
end_to_end,27247
service,3743
end_to_end,19647
service,5017
end_to_end,21510
service,2499
end_to_end,20984
service,2395
end_to_end,21441
service,881
end_to_end,24625
service,822
end_to_end,18151
service,2768
end_to_end,29815
service,699
end_to_end,24877
service,370
end_to_end,25378
service,972
end_to_end,22930
service,2276
end_to_end,33357
service,45
end_to_end,25091
service,4787
end_to_end,24117
service,252
end_to_end,24157
service,612
end_to_end,25566
service,815
end_to_end,22814
service,556
end_to_end,28516
service,5159
end_to_end,34034
service,4917
end_to_end,23226
service,1827
end_to_end,16199
service,646
end_to_end,28357
service,2271
end_to_end,18531
service,1348
end_to_end,13212
service,2120
end_to_end,15383
service,490
end_to_end,13317
service,3180
end_to_end,19059
service,1152
end_to_end,12373
service,30
end_to_end,8052
service,522
end_to_end,18598
service,256
end_to_end,27015
service,8458
end_to_end,25107
service,3150
end_to_end,24095
service,5260
end_to_end,25350
service,6513
end_to_end,27599
service,238
end_to_end,18672
service,2106
end_to_end,29051
service,544
end_to_end,27519
service,1723
end_to_end,17068
service,667
end_to_end,15988
service,889
end_to_end,26005
service,772
end_to_end,25136
service,1881
end_to_end,12318
service,556
end_to_end,38655
service,4400
end_to_end,14164
service,772
end_to_end,14342
service,190
end_to_end,33940
service,361
end_to_end,27544
service,206
end_to_end,18339
service,1949
end_to_end,15918
service,1691
end_to_end,19281
service,303
end_to_end,22093
service,3521
end_to_end,10320
service,1519
end_to_end,15977
service,4663
end_to_end,24227
service,1894
end_to_end,22451
service,791
end_to_end,17450
service,484
end_to_end,27360
service,2198
end_to_end,18726
service,383
end_to_end,13905
service,409
end_to_end,19213
service,545
end_to_end,11803
service,2299
end_to_end,18001
service,4330
end_to_end,21480
service,2416
end_to_end,20425
service,1
end_to_end,13608
service,294
end_to_end,34214
service,809
end_to_end,27248
service,672
end_to_end,22215
service,810
end_to_end,28169
service,1280
end_to_end,40123
service,7330
end_to_end,36520
service,4410
end_to_end,29468
service,5118
end_to_end,21820
service,274
end_to_end,20258
service,631
end_to_end,32614
service,3095
end_to_end,19882
service,619
end_to_end,18971
service,2589
end_to_end,36907
service,1521
end_to_end,13499
service,1
end_to_end,25899
service,5401
end_to_end,22533
service,7210
end_to_end,12867
service,429
end_to_end,15404
service,1503
end_to_end,18580
service,721
end_to_end,20930
service,3532
end_to_end,15155
service,1242
end_to_end,19580
service,254
end_to_end,19893
service,2817
end_to_end,23688
service,348
end_to_end,23161
service,4587
end_to_end,26577
service,2358
end_to_end,21045
service,3640
end_to_end,20508
service,1588
end_to_end,32712
service,2544
end_to_end,25312
service,6326
end_to_end,26627
service,212
end_to_end,17933
service,525
end_to_end,19066
service,3648
end_to_end,21581
service,452
end_to_end,23769
service,753
end_to_end,21550
service,3821
end_to_end,20296
service,801
end_to_end,24892
service,3545
end_to_end,20405
service,1965
end_to_end,24467
service,188
end_to_end,20947
service,563
end_to_end,16380
service,203
end_to_end,28374
service,518
end_to_end,15486
service,1235
end_to_end,22892
service,1502
end_to_end,32483
service,848
end_to_end,31613
service,1048
end_to_end,39636
service,300
end_to_end,25216
service,2864
end_to_end,29048
service,2433
end_to_end,28249
service,2451
end_to_end,17059
service,138
end_to_end,32181
service,2452
end_to_end,20350
service,938
end_to_end,24771
service,970
end_to_end,38715
service,1468
end_to_end,29223
service,1196
end_to_end,24654
service,521
end_to_end,19724
service,2089
end_to_end,31383
service,2171
end_to_end,31169
service,247
end_to_end,29216
service,692
end_to_end,25255
service,2717
end_to_end,16306
service,833
end_to_end,41665
service,157
end_to_end,33211
service,5082
end_to_end,16909
service,1820
end_to_end,22592
service,7699
end_to_end,20332
service,3615
end_to_end,19133
service,853
end_to_end,25950
service,174
end_to_end,14124
service,1493
end_to_end,19236
service,114
end_to_end,28559
service,8368
end_to_end,18477
service,275
end_to_end,28915
service,242
end_to_end,33060
service,1204
end_to_end,16175
service,739
end_to_end,26072
service,1039
end_to_end,29546
service,10439
end_to_end,28905
service,2125
end_to_end,41027
service,1359
end_to_end,30454
service,1968
end_to_end,25440
service,151
end_to_end,34683
service,1679
end_to_end,19453
service,1561
end_to_end,33470
service,1772
end_to_end,23518
service,1902
end_to_end,23731
service,3
end_to_end,16278
service,4977
end_to_end,24125
service,783
end_to_end,10375
service,2352
end_to_end,37866
service,3894
end_to_end,17334
service,437
end_to_end,25867
service,6486
end_to_end,20886
service,135
end_to_end,21536
service,6828
end_to_end,22773
service,2934
end_to_end,19057
service,2348
end_to_end,20943
service,1375
end_to_end,15261
service,105
end_to_end,22137
service,375
end_to_end,13716
service,1219
end_to_end,27637
service,3314
end_to_end,43950
service,593
end_to_end,33091
service,5549
end_to_end,32060
service,23
end_to_end,27471
service,608
end_to_end,20143
service,4658
end_to_end,22578
service,2044
end_to_end,39950
service,5592
end_to_end,15906
service,594
end_to_end,22905
service,1456
end_to_end,13535
service,707
end_to_end,33746
service,4913
end_to_end,36572
service,3007
end_to_end,27974
service,293
end_to_end,37534
service,3441
end_to_end,20449
service,1981
end_to_end,22139
service,2831
end_to_end,21548
service,32
end_to_end,16422
service,1044
end_to_end,16444
service,1107
end_to_end,40869
service,1997
end_to_end,15331
service,195
end_to_end,10669
service,524
end_to_end,26097
service,367
end_to_end,35546
service,517
end_to_end,11704
service,779
end_to_end,18254
service,316
end_to_end,33759
service,3244
end_to_end,26720
service,4873
end_to_end,20958
service,3413
end_to_end,18146
service,3331
end_to_end,23661
service,156
end_to_end,17504
service,131
end_to_end,24705
service,5499
end_to_end,25642
service,235
end_to_end,28408
service,3699
end_to_end,24941
service,692
end_to_end,22506
service,4499
end_to_end,10716
service,358
end_to_end,10959
service,2631
end_to_end,31829
service,446
end_to_end,18954
service,5880
end_to_end,18511
service,3492
end_to_end,25670
service,7036
end_to_end,27789
service,2853
end_to_end,15680
service,9
end_to_end,22311
service,3803
end_to_end,8700
service,511
end_to_end,9732
service,48
end_to_end,12541
service,561
end_to_end,29834
service,1270
end_to_end,14577
service,96
end_to_end,17743
service,1996
end_to_end,21849
service,1535
end_to_end,34537
service,254
end_to_end,21598
service,6439
end_to_end,18927
service,646
end_to_end,31750
service,2916
end_to_end,22969
service,3429
end_to_end,10729
service,790
end_to_end,20593
service,5324
end_to_end,25893
service,124
end_to_end,33607
service,567
end_to_end,24929
service,6701
end_to_end,32605
service,2598
end_to_end,35504
service,5396
end_to_end,12728
service,1871
end_to_end,24782
service,1936
end_to_end,15376
service,1252
end_to_end,21207
service,330
end_to_end,11662
service,181
end_to_end,16706
service,1219
end_to_end,33110
service,672
end_to_end,11144
service,2314
end_to_end,11020
service,231
end_to_end,28547
service,750
end_to_end,25351
service,1261
end_to_end,13712
service,3523
end_to_end,19665
service,674
end_to_end,31367
service,168
end_to_end,22209
service,4971
end_to_end,37033
service,3897
end_to_end,19740
service,190
end_to_end,24654
service,315
end_to_end,18340
service,1093
end_to_end,31121
service,3087
end_to_end,19649
service,2403
end_to_end,26679
service,134
end_to_end,26020
service,4094
end_to_end,21384
service,6859
end_to_end,14114
service,1639
end_to_end,33816
service,9368
end_to_end,22300
service,542
end_to_end,21319
service,2444
end_to_end,13098
service,1709
end_to_end,21250
service,4320
end_to_end,11950
service,402
end_to_end,14562
service,828
end_to_end,17440
service,1876
end_to_end,26624
service,4201
end_to_end,20560
service,1111
end_to_end,25802
service,8614
end_to_end,23611
service,1923
end_to_end,31188
service,3408
end_to_end,13254
service,301
end_to_end,18587
service,872
end_to_end,16995
service,5586
end_to_end,14783
service,2103
end_to_end,26448
service,20
end_to_end,16405
service,1783
end_to_end,9852
service,3980
end_to_end,19298
service,684
end_to_end,13521
service,2509
end_to_end,16785
service,1689
end_to_end,24129
service,1562
end_to_end,13058
service,718
end_to_end,34979
service,11181
end_to_end,19998
service,5263
end_to_end,46941
service,4899
end_to_end,40613
service,7754
end_to_end,31188
service,715
end_to_end,29781
service,3525
end_to_end,19604
service,3047
end_to_end,24531
service,2864
end_to_end,13913
service,307
end_to_end,16778
service,109
end_to_end,22289
service,159
end_to_end,17792
service,263
end_to_end,25290
service,3901
end_to_end,14223
service,1559
end_to_end,20414
service,1836
end_to_end,28656
service,1907
end_to_end,18545
service,2806
end_to_end,26583
service,123
end_to_end,27332
service,3748
end_to_end,24073
service,963
end_to_end,26728
service,3269
end_to_end,20723
service,934
end_to_end,21489
service,3511
end_to_end,17166
service,1680
end_to_end,31902
service,223
end_to_end,12470
service,681
end_to_end,18281
service,3413
end_to_end,36528
service,4329
end_to_end,22674
service,1163
end_to_end,9695
service,178
end_to_end,21841
service,5899
end_to_end,21807
service,956
end_to_end,26730
service,1148
end_to_end,17777
service,5102
end_to_end,16804
service,4928
end_to_end,18629
service,1116
end_to_end,22043
service,1309
end_to_end,24780
service,830
end_to_end,12019
service,2103
end_to_end,19336
service,1059
end_to_end,24997
service,75
end_to_end,20191
service,745
end_to_end,18622
service,5180
end_to_end,22613
service,4036
end_to_end,10185
service,1945
end_to_end,13376
service,2337
end_to_end,32652
service,1228
end_to_end,39564
service,1570
end_to_end,17433
service,392
end_to_end,20582
service,1261
end_to_end,22949
service,42
end_to_end,22278
service,2292
end_to_end,21005
service,4150
end_to_end,21191
service,126
end_to_end,22217
service,874
end_to_end,13334
service,1009
end_to_end,20928
service,1846
end_to_end,24826
service,2162
end_to_end,14157
service,152
end_to_end,20768
service,4605
end_to_end,12320
service,1862
end_to_end,22857
service,873
end_to_end,21214
service,542
end_to_end,21371
service,1591
end_to_end,31180
service,1140
end_to_end,17930
service,37
end_to_end,11662
service,259
end_to_end,25208
service,1620
end_to_end,16631
service,132
end_to_end,17953
service,2633
end_to_end,22528
service,1063
end_to_end,14931
service,397
end_to_end,22043
service,7209
end_to_end,19977
service,679
end_to_end,27692
service,3089
end_to_end,26575
service,2838
end_to_end,17746
service,1584
end_to_end,21117
service,2264
end_to_end,15076
service,1336
end_to_end,14224
service,1919
end_to_end,20630
service,1396
end_to_end,20114
service,191
end_to_end,11378
service,1244
end_to_end,16858
service,1575
end_to_end,26957
service,1731
end_to_end,36527
service,653
end_to_end,23868
service,1899
end_to_end,28477
service,981
end_to_end,20604
service,1308
end_to_end,28352
service,9479
end_to_end,21550
service,1433
end_to_end,27885
service,1538
end_to_end,22886
service,5259
end_to_end,29030
service,650
end_to_end,32396
service,8193
end_to_end,20389
service,1224
end_to_end,26404
service,2655
end_to_end,20968
service,363
end_to_end,21030
service,136
end_to_end,26882
service,953
end_to_end,26300
service,1894
end_to_end,18153
service,128
end_to_end,28632
service,752
end_to_end,24663
service,2401
end_to_end,19732
service,210
end_to_end,37722
service,4879
end_to_end,32124
service,1519
end_to_end,14414
service,42
end_to_end,21424
service,328
end_to_end,33717
service,899
end_to_end,14748
service,314
end_to_end,13631
service,417
end_to_end,20679
service,4181
end_to_end,24380
service,1534
end_to_end,27440
service,458
end_to_end,16110
service,739
end_to_end,24405
service,3610
end_to_end,40590
service,1114
end_to_end,21214
service,328
end_to_end,45023
service,4281
end_to_end,21212
service,2748
end_to_end,19159
service,1845
end_to_end,24514
service,1129
end_to_end,23285
service,964
end_to_end,16797
service,1701
end_to_end,13521
service,1851
end_to_end,21663
service,1479
end_to_end,18882
service,135
end_to_end,20530
service,733
end_to_end,23707
service,492
end_to_end,33055
service,8101
end_to_end,31194
service,4430
end_to_end,23499
service,48
end_to_end,17873
service,808
end_to_end,15571
service,357
end_to_end,14268
service,35
end_to_end,33599
service,1338
end_to_end,17825
service,946
end_to_end,9217
service,86
end_to_end,13216
service,635
end_to_end,26113
service,2994
end_to_end,18404
service,4267
end_to_end,27137
service,606
end_to_end,28010
service,1302
end_to_end,16189
service,1267
end_to_end,16478
service,4029
end_to_end,24790
service,548
end_to_end,8400
service,1108
end_to_end,14618
service,1599
end_to_end,14924
service,3365
end_to_end,30321
service,279
end_to_end,32128
service,1686
end_to_end,13457
service,1098
end_to_end,23605
service,2051
end_to_end,35086
service,5255
end_to_end,23715
service,2109
end_to_end,34241
service,2355
end_to_end,25303
service,3644
end_to_end,22636
service,2135
end_to_end,21428
service,4
end_to_end,14225
service,487
end_to_end,20280
service,2869
end_to_end,13341
service,331
end_to_end,18027
service,168
end_to_end,16943
service,394
end_to_end,15642
service,2181
end_to_end,21051
service,6447
end_to_end,19168
service,2753
end_to_end,22143
service,779
end_to_end,20147
service,7214
end_to_end,33093
service,7828
end_to_end,29527
service,35
end_to_end,22015
service,2903
end_to_end,15131
service,574
end_to_end,26105
service,1479
end_to_end,11865
service,350
end_to_end,25899
service,568
end_to_end,20708
service,1417
end_to_end,24803
service,4144
end_to_end,37500
service,8219
end_to_end,19741
service,2514
end_to_end,18640
service,375
end_to_end,46485
service,5148
end_to_end,44755
service,2385
end_to_end,16022
service,4067
end_to_end,9284
service,59
end_to_end,18151
service,118
end_to_end,23671
service,1291
end_to_end,24539
service,472
end_to_end,17322
service,1761
end_to_end,26785
service,2805
end_to_end,21395
service,205
end_to_end,21614
service,129
end_to_end,29884
service,1447
end_to_end,24177
service,952
end_to_end,34282
service,1470
end_to_end,11938
service,1013
end_to_end,22678
service,1442
end_to_end,13650
service,1165
end_to_end,23041
service,5580
end_to_end,16257
service,787
end_to_end,23303
service,921
end_to_end,24966
service,2285
end_to_end,31762
service,2125
end_to_end,17807
service,864
end_to_end,35042
service,2044
end_to_end,20047
service,2659
end_to_end,21305
service,1136
end_to_end,21515
service,284
end_to_end,17161
service,761
end_to_end,19531
service,406
end_to_end,19382
service,80
end_to_end,20189
service,87
end_to_end,12278
service,121
end_to_end,19142
service,1674
end_to_end,21446
service,2002
end_to_end,25206
service,736
end_to_end,24024
service,900
end_to_end,15065
service,2859
end_to_end,19905
service,2000
end_to_end,19099
service,2436
end_to_end,15977
service,482
end_to_end,31268
service,5241
end_to_end,25893
service,997
end_to_end,21061
service,649
end_to_end,44278
service,6391
end_to_end,33935
service,5729
end_to_end,15495
service,312
end_to_end,22541
service,8832
end_to_end,22740
service,193
end_to_end,23706
service,8871
end_to_end,15739
service,148
end_to_end,17249
service,763
end_to_end,24296
service,1352
end_to_end,21959
service,2257
end_to_end,10389
service,718
end_to_end,29815
service,74
end_to_end,30022
service,761
end_to_end,24201
service,1623
end_to_end,27552
service,929
end_to_end,27986
service,1228
end_to_end,28096
service,2897
end_to_end,45737
service,6202
end_to_end,20669
service,581
end_to_end,24617
service,2409
end_to_end,26396
service,3898
end_to_end,29893
service,2700
end_to_end,29952
service,456
end_to_end,28235
service,8011
end_to_end,33769
service,2390
end_to_end,19911
service,3732
end_to_end,20905
service,995
end_to_end,14889
service,53
end_to_end,24308
service,120
end_to_end,15848
service,1139
end_to_end,14915
service,272
end_to_end,25470
service,855
end_to_end,34801
service,467
end_to_end,30834
service,2892
end_to_end,21567
service,2023
end_to_end,23732
service,4165
end_to_end,29614
service,5912
end_to_end,31404
service,938
end_to_end,47225
service,2103
end_to_end,19734
service,1571
end_to_end,22824
service,1294
end_to_end,35828
service,3044
end_to_end,11239
service,1226
end_to_end,14554
service,705
end_to_end,19840
service,3935
end_to_end,24314
service,384
end_to_end,20968
service,168
end_to_end,9484
service,1393
end_to_end,34243
service,3571
end_to_end,16721
service,84
end_to_end,20533
service,1411
end_to_end,22041
service,1245
end_to_end,25294
service,714
end_to_end,31413
service,2483
end_to_end,12834
service,716
end_to_end,23405
service,2725
end_to_end,17965
service,295
end_to_end,13019
service,4782
end_to_end,24924
service,4143
end_to_end,18750
service,455
end_to_end,15910
service,2014
end_to_end,12225
service,47
end_to_end,10558
service,26
end_to_end,24006
service,1442
end_to_end,22270
service,5375
end_to_end,19306
service,1498
end_to_end,20861
service,1326
end_to_end,28359
service,2410
end_to_end,22575
service,9
end_to_end,24186
service,2117
end_to_end,26826
service,26
end_to_end,14817
service,308
end_to_end,19804
service,677
end_to_end,22858
service,1104
end_to_end,31752
service,2556
end_to_end,20764
service,838
end_to_end,29161
service,2068
end_to_end,17512
service,711
end_to_end,11465
service,1341
end_to_end,21864
service,1456
end_to_end,11859
service,2115
end_to_end,30280
service,3813
end_to_end,19889
service,3574
end_to_end,23652
service,642
end_to_end,20481
service,4056
end_to_end,19024
service,2706
end_to_end,28005
service,1171
end_to_end,27137
service,1518
end_to_end,26154
service,1074
end_to_end,21743
service,1996
end_to_end,17643
service,214
end_to_end,23220
service,3245
end_to_end,34579
service,382
end_to_end,21164
service,58
end_to_end,32411
service,1897
end_to_end,16627
service,509
end_to_end,17382
service,430
end_to_end,37360
service,6047
end_to_end,24614
service,425
end_to_end,22459
service,88
end_to_end,22957
service,3018
end_to_end,27817
service,2472
end_to_end,24454
service,254
end_to_end,21585
service,699
end_to_end,32027
service,1122
end_to_end,34084
service,116
end_to_end,40929
service,2508
end_to_end,19920
service,2509
end_to_end,32935
service,4804
end_to_end,29842
service,1265
end_to_end,18669
service,2058
end_to_end,17385
service,1977
end_to_end,31830
service,1085
end_to_end,23036
service,733
end_to_end,15728
service,96
end_to_end,24511
service,1568
end_to_end,32845
service,917
end_to_end,23342
service,646
end_to_end,16049
service,630
end_to_end,16274
service,2040
end_to_end,26144
service,4153
end_to_end,14673
service,1707
end_to_end,22431
service,2435
end_to_end,18551
service,481
end_to_end,26151
service,6104
end_to_end,16551
service,749
end_to_end,25853
service,528
end_to_end,20549
service,4207
end_to_end,16204
service,139
end_to_end,36269
service,2944
end_to_end,35922
service,717
end_to_end,36796
service,1547
end_to_end,24567
service,149
end_to_end,29628
service,1451
end_to_end,16673
service,593
end_to_end,25082
service,56
end_to_end,44845
service,5498
end_to_end,23306
service,484
end_to_end,14332
service,1178
end_to_end,20841
service,351
end_to_end,18578
service,623
end_to_end,28339
service,2043
end_to_end,23875
service,1650
end_to_end,20019
service,828
end_to_end,36708
service,444
end_to_end,24579
service,1245
end_to_end,19270
service,1462
end_to_end,16691
service,155
end_to_end,17132
service,683
end_to_end,28103
service,2575
end_to_end,14814
service,807
end_to_end,12506
service,1801
end_to_end,26210
service,3460
end_to_end,21654
service,1861
end_to_end,37272
service,3207
end_to_end,23607
service,497
end_to_end,19396
service,2552
end_to_end,21396
service,1708
end_to_end,14666
service,230
end_to_end,14881
service,77
end_to_end,21441
service,3050
end_to_end,20927
service,2750
end_to_end,18835
service,1231
end_to_end,27470
service,2960
end_to_end,31566
service,627
end_to_end,19094
service,1003
end_to_end,16184
service,262
end_to_end,13733
service,2745
end_to_end,23222
service,1533
end_to_end,17601
service,5255
end_to_end,23063
service,1438
end_to_end,22219
service,914
end_to_end,28443
service,261
end_to_end,29533
service,929
end_to_end,21415
service,1062
end_to_end,30814
service,170
end_to_end,20347
service,1163
end_to_end,30518
service,8044
end_to_end,35108
service,1528
end_to_end,18968
service,1625
end_to_end,19072
service,1839
end_to_end,25310
service,7304
end_to_end,24286
service,3140
end_to_end,31243
service,1049
end_to_end,20263
service,319
end_to_end,28508
service,3008
end_to_end,17941
service,54
end_to_end,12003
service,302
end_to_end,33513
service,4883
end_to_end,24480
service,2040
end_to_end,14412
service,830
end_to_end,34267
service,4812
end_to_end,22948
service,5213
end_to_end,28798
service,308
end_to_end,25122
service,3027
end_to_end,23189
service,695
end_to_end,33233
service,2406
end_to_end,29847
service,6882
end_to_end,32014
service,2166
end_to_end,22618
service,1203
end_to_end,16541
service,328
end_to_end,17393
service,24
end_to_end,16297
service,118
end_to_end,21396
service,958
end_to_end,25729
service,1060
end_to_end,25127
service,2455
end_to_end,30071
service,231
end_to_end,31201
service,1720
end_to_end,20121
service,295
end_to_end,9179
service,120
end_to_end,23929
service,1830
end_to_end,16377
service,705
end_to_end,14348
service,4384
end_to_end,22963
service,491
end_to_end,12972
service,329
end_to_end,24461
service,1300
end_to_end,19856
service,6351
end_to_end,18874
service,2573
end_to_end,14518
service,1703
end_to_end,28798
service,772
end_to_end,25638
service,5352
end_to_end,15186
service,727
end_to_end,25533
service,4998
end_to_end,23920
service,4069
end_to_end,12896
service,140
end_to_end,22605
service,5413
end_to_end,15710
service,4287
end_to_end,23421
service,4982
end_to_end,28669
service,127
end_to_end,35883
service,4033
end_to_end,19533
service,782
end_to_end,21460
service,1045
end_to_end,29417
service,1163
end_to_end,23900
service,2565
end_to_end,31581
service,3220
end_to_end,41331
service,18
end_to_end,33882
service,3854
end_to_end,30005
service,3080
end_to_end,28694
service,3328
end_to_end,12255
service,200
end_to_end,38443
service,4778
end_to_end,22236
service,1164
end_to_end,28286
service,3497
end_to_end,20228
service,3123
end_to_end,17706
service,940
end_to_end,22943
service,593
end_to_end,20438
service,462
end_to_end,28592
service,2701
end_to_end,42444
service,6923
end_to_end,36224
service,1157
end_to_end,25572
service,1890
end_to_end,48770
service,3074
end_to_end,45064
service,1412
end_to_end,28358
service,6657
end_to_end,21781
service,480
end_to_end,53313
service,2770
end_to_end,11305
service,357
end_to_end,17953
service,1041
end_to_end,20698
service,5306
end_to_end,12141
service,1015
end_to_end,28888
service,4411
end_to_end,24310
service,4560
end_to_end,35530
service,3627
end_to_end,26442
service,2815
end_to_end,19914
service,2516
end_to_end,15008
service,2850
end_to_end,24842
service,6669
end_to_end,35297
service,1216
end_to_end,35177
service,2483
end_to_end,34155
service,2192
end_to_end,32580
service,3182
end_to_end,27655
service,2249
end_to_end,27391
service,709
end_to_end,26250
service,1140
end_to_end,18655
service,1083
end_to_end,21027
service,4468
end_to_end,17086
service,1971
end_to_end,24277
service,1927
end_to_end,9659
service,158
end_to_end,19615
service,682
end_to_end,27478
service,621
end_to_end,20522
service,1290
end_to_end,32830
service,4313
end_to_end,29129
service,426
end_to_end,21442
service,411
end_to_end,25654
service,4037
end_to_end,25625
service,3029
end_to_end,20066
service,1999
end_to_end,24520
service,2745
end_to_end,23400
service,611
end_to_end,28604
service,8257
end_to_end,25303
service,2987
end_to_end,23408
service,1980
end_to_end,23498
service,1149
end_to_end,22051
service,3311
end_to_end,27855
service,5504
end_to_end,32384
service,13971
end_to_end,24201
service,988
end_to_end,23884
service,3026
end_to_end,30721
service,860
end_to_end,26680
service,1536
end_to_end,25876
service,3418
end_to_end,23865
service,2103
end_to_end,29319
service,1536
end_to_end,27627
service,420
end_to_end,9943
service,932
end_to_end,39631
service,4616
end_to_end,25198
service,6802
end_to_end,18159
service,1938
end_to_end,23264
service,1983
end_to_end,11687
service,101
end_to_end,19065
service,734
end_to_end,27614
service,1659
end_to_end,19421
service,2743
end_to_end,12576
service,439
end_to_end,8370
service,1111
end_to_end,19604
service,41
end_to_end,15064
service,926
end_to_end,23763
service,3932
end_to_end,15142
service,4607
end_to_end,19322
service,65
end_to_end,16818
service,680
end_to_end,13955
service,643
end_to_end,27470
service,1353
end_to_end,16707
service,610
end_to_end,17533
service,4759
end_to_end,22391
service,459
end_to_end,11864
service,521
end_to_end,29425
service,298
end_to_end,25011
service,519
end_to_end,23238
service,487
end_to_end,23351
service,113
end_to_end,36643
service,1507
end_to_end,25039
service,468
end_to_end,27370
service,1634
end_to_end,22836
service,282
end_to_end,8199
service,1252
end_to_end,26419
service,148
end_to_end,23199
service,509
end_to_end,26336
service,1053
end_to_end,21196
service,7232
end_to_end,29524
service,3365
end_to_end,21584
service,1451
end_to_end,17101
service,1505
end_to_end,24516
service,3250
end_to_end,36715
service,8965
end_to_end,18631
service,1894
end_to_end,20999
service,4703
end_to_end,17730
service,761
end_to_end,29489
service,3127
end_to_end,22561
service,83
end_to_end,22036
service,1297
end_to_end,18567
service,647
end_to_end,20590
service,465
end_to_end,14438
service,585
end_to_end,17787
service,5023
end_to_end,18582
service,795
end_to_end,19969
service,1013
end_to_end,27983
service,614
end_to_end,15407
service,2601
end_to_end,17811
service,667
end_to_end,15994
service,2632
end_to_end,16474
service,3274
end_to_end,13813
service,3056
end_to_end,18490
service,496
end_to_end,22851
service,2251
end_to_end,23295
service,1168
end_to_end,25362
service,3092
end_to_end,31363
service,2107
end_to_end,25423
service,353
end_to_end,29502
service,62
end_to_end,27002
service,1701
end_to_end,23673
service,4198
end_to_end,23493
service,3875
end_to_end,14571
service,1369
end_to_end,20096
service,343
end_to_end,22536
service,987
end_to_end,19015
service,4847
end_to_end,17020
service,1406
end_to_end,34745
service,260
end_to_end,22675
service,166
end_to_end,21365
service,684
end_to_end,19239
service,2714
end_to_end,14398
service,122
end_to_end,26752
service,816
end_to_end,27596
service,1902
end_to_end,24522
service,2986
end_to_end,12423
service,2429
end_to_end,24054
service,2513
end_to_end,23670
service,2133
end_to_end,22703
service,1369
end_to_end,16583
service,1528
end_to_end,10525
service,148
end_to_end,24639
service,4807
end_to_end,17348
service,257
end_to_end,31989
service,220
end_to_end,33181
service,1481
end_to_end,25182
service,2491
end_to_end,22805
service,680
end_to_end,21022
service,2348
end_to_end,18479
service,2769
end_to_end,23262
service,2019
end_to_end,14926
service,1332
end_to_end,34263
service,2826
end_to_end,28945
service,209
end_to_end,33329
service,2804
end_to_end,31633
service,1419
end_to_end,13376
service,2037
end_to_end,25213
service,1226
end_to_end,37159
service,3008
end_to_end,53503
service,126
end_to_end,16243
service,665
end_to_end,17338
service,30
end_to_end,18202
service,1072
end_to_end,27192
service,7214
end_to_end,27994
service,803
end_to_end,13318
service,153
end_to_end,27157
service,5280
end_to_end,14855
service,114
end_to_end,11854
service,128
end_to_end,34090
service,54
end_to_end,29869
service,5220
end_to_end,26831
service,19
end_to_end,25325
service,630
end_to_end,21282
service,2883
end_to_end,33128
service,4489
end_to_end,23476
service,1818
end_to_end,29027
service,1159
end_to_end,21079
service,5245
end_to_end,32775
service,1514
end_to_end,28732
service,2474
end_to_end,34685
service,801
end_to_end,23792
service,417
end_to_end,41087
service,636
end_to_end,34296
service,1595
end_to_end,20328
service,3828
end_to_end,26148
service,797
end_to_end,26591
service,1544
end_to_end,25054
service,584
end_to_end,23033
service,2664
end_to_end,27080
service,7605
end_to_end,15170
service,1485
end_to_end,9681
service,686
end_to_end,11881
service,1044
end_to_end,24029
service,353
end_to_end,27566
service,274
end_to_end,25335
service,4307
end_to_end,26057
service,943
end_to_end,24737
service,1505
end_to_end,18117
service,555
end_to_end,23020
service,1808
end_to_end,24710
service,250
end_to_end,28580
service,5763
end_to_end,22083
service,1574
end_to_end,41581
service,5820
end_to_end,14816
service,596
end_to_end,27392
service,1804
end_to_end,22067
service,1128
end_to_end,30393
service,2188
end_to_end,17356
service,200
end_to_end,20268
service,1052
end_to_end,30553
service,1547
end_to_end,12958
service,645
end_to_end,21753
service,2007
end_to_end,21428
service,5190
end_to_end,21727
service,1355
end_to_end,23952
service,1092
end_to_end,19519
service,3668
end_to_end,20582
service,4918
end_to_end,21355
service,2892
end_to_end,17135
service,3165
end_to_end,12585
service,4500
end_to_end,22483
service,414
end_to_end,19682
service,2436
end_to_end,17113
service,1271
end_to_end,22690
service,951
end_to_end,25761
service,2695
end_to_end,29281
service,218
end_to_end,28726
service,5479
end_to_end,21129
service,1054
end_to_end,12790
service,835
end_to_end,27157
service,2707
end_to_end,26043
service,2280
end_to_end,7982
service,1478
end_to_end,23037
service,2718
end_to_end,18831
service,966
end_to_end,22313
service,2424
end_to_end,18124
service,408
end_to_end,18703
service,5595
end_to_end,20866
service,5468
end_to_end,21061
service,1886
end_to_end,22171
service,98
end_to_end,28734
service,5681
end_to_end,15079
service,2031
end_to_end,15303
service,1106
end_to_end,21920
service,1165
end_to_end,23965
service,252
end_to_end,22296
service,160
end_to_end,20955
service,3260
end_to_end,26942
service,5758
end_to_end,22943
service,1034
end_to_end,19685
service,2929
end_to_end,17973
service,841
end_to_end,25286
service,5407
end_to_end,17727
service,557
end_to_end,11835
service,1785
end_to_end,15830
service,4747
end_to_end,56532
service,1196
end_to_end,8869
service,49
end_to_end,18674
service,1088
end_to_end,20748
service,857
end_to_end,30343
service,1199
end_to_end,12777
service,4736
end_to_end,21512
service,3290
end_to_end,17805
service,907
end_to_end,39910
service,1533
end_to_end,32887
service,6237
end_to_end,40164
service,3404
end_to_end,33203
service,2275
end_to_end,32233
service,1789
end_to_end,37777
service,4331
end_to_end,26865
service,1837
end_to_end,35468
service,3922
end_to_end,28535
service,3218
end_to_end,24862
service,1128
end_to_end,16024
service,1299
end_to_end,21283
service,3093
end_to_end,18619
service,550
end_to_end,13907
service,6
end_to_end,28471
service,1150
end_to_end,33591
service,2068
end_to_end,23855
service,641
end_to_end,13424
service,561
end_to_end,22894
service,496
end_to_end,30093
service,3129
end_to_end,35225
service,2006
end_to_end,21303
service,20
end_to_end,17208
service,2412
end_to_end,28814
service,4836
end_to_end,29904
service,1089
end_to_end,38655
service,5417
end_to_end,24118
service,762
end_to_end,46537
service,2334
end_to_end,24193
service,4600
end_to_end,19083
service,815
end_to_end,24308
service,3301
end_to_end,22240
service,2570
end_to_end,12000
service,410
end_to_end,23328
service,1490
end_to_end,21972
service,68
end_to_end,24393
service,932
end_to_end,8032
service,493
end_to_end,14758
service,855
end_to_end,20332
service,207
end_to_end,27351
service,2528
end_to_end,20549
service,317
end_to_end,18590
service,3769
end_to_end,29360
service,477
end_to_end,25976
service,78
end_to_end,23247
service,743
end_to_end,13446
service,209
end_to_end,17742
service,597
end_to_end,15089
service,853
end_to_end,24729
service,528
end_to_end,9739
service,416
end_to_end,28908
service,4519
end_to_end,23566
service,2223
end_to_end,8168
service,252
end_to_end,43176
service,7143
end_to_end,28849
service,9570
end_to_end,23238
service,116
end_to_end,20200
service,3017
end_to_end,15496
service,2588
end_to_end,27582
service,836
end_to_end,23909
service,1045
end_to_end,9488
service,289
end_to_end,22702
service,2295
end_to_end,33054
service,5208
end_to_end,38545
service,5486
end_to_end,23662
service,1830
end_to_end,40244
service,5541
end_to_end,20599
service,1598
end_to_end,13137
service,2351
end_to_end,28189
service,2129
end_to_end,53567
service,3349
end_to_end,18553
service,1086
end_to_end,18412
service,47
end_to_end,24270
service,2765
end_to_end,15143
service,1603
end_to_end,21461
service,3275
end_to_end,22160
service,5465
end_to_end,32379
service,919
end_to_end,26031
service,2495
end_to_end,33565
service,1139
end_to_end,26289
service,246
end_to_end,18616
service,3533
end_to_end,20243
service,2831
end_to_end,18396
service,1665
end_to_end,21431
service,1621
end_to_end,31574
service,805
end_to_end,26213
service,5921
end_to_end,18649
service,751
end_to_end,23370
service,2412
end_to_end,15854
service,1207
end_to_end,14843
service,2978
end_to_end,19374
service,459
end_to_end,18693
service,1078
end_to_end,24391
service,5079
end_to_end,19745
service,4462
end_to_end,15260
service,787
end_to_end,22570
service,3132
end_to_end,22694
service,1227
end_to_end,17257
service,830
end_to_end,25117
service,189
end_to_end,30720
service,3121
end_to_end,13483
service,2418
end_to_end,29902
service,6591
end_to_end,26022
service,1068
end_to_end,24885
service,1487
end_to_end,17780
service,3014
end_to_end,25006
service,793
end_to_end,13123
service,721
end_to_end,18265
service,22
end_to_end,17607
service,323
end_to_end,24494
service,262
end_to_end,18056
service,3083
end_to_end,11955
service,1766
end_to_end,14153
service,1854
end_to_end,21490
service,7551
end_to_end,21078
service,2237
end_to_end,24992
service,6034
end_to_end,38363
service,4283
end_to_end,20605
service,3315
end_to_end,30280
service,1152
end_to_end,31169
service,1978
end_to_end,35955
service,750
end_to_end,33388
service,2047
end_to_end,34349
service,961
end_to_end,28494
service,416
end_to_end,26739
service,1570
end_to_end,36598
service,1971
end_to_end,21774
service,24
end_to_end,20766
service,466
end_to_end,29191
service,1934
end_to_end,15407
service,2839
end_to_end,17898
service,2174
end_to_end,25333
service,1111
end_to_end,43706
service,7550
end_to_end,30245
service,780
end_to_end,25131
service,2326
end_to_end,30466
service,2482
end_to_end,26100
service,686
end_to_end,17496
service,554
end_to_end,24333
service,424
end_to_end,17074
service,727
end_to_end,31417
service,1352
end_to_end,31616
service,1876
end_to_end,20850
service,1611
end_to_end,12669
service,57
end_to_end,20198
service,3716
end_to_end,20424
service,2738
end_to_end,24570
service,607
end_to_end,17652
service,487
end_to_end,26128
service,2579
end_to_end,18475
service,2207
end_to_end,21688
service,2423
end_to_end,27603
service,1107
end_to_end,24772
service,1929
end_to_end,12607
service,482
end_to_end,22336
service,8206
end_to_end,21367
service,1208
end_to_end,25618
service,1194
end_to_end,13642
service,486
end_to_end,18514
service,7718
end_to_end,22892
service,2152
end_to_end,23329
service,398
end_to_end,19051
service,418
end_to_end,22462
service,3920
end_to_end,21867
service,1133
end_to_end,16865
service,1132
end_to_end,20972
service,356
end_to_end,17988
service,213
end_to_end,14907
service,683
end_to_end,10569
service,839
end_to_end,26000
service,8387
end_to_end,17102
service,833
end_to_end,23418
service,6028
end_to_end,33838
service,240
end_to_end,22466
service,2452
end_to_end,26113
service,1576
end_to_end,15203
service,1540
end_to_end,19378
service,6232
end_to_end,13557
service,1708
end_to_end,19667
service,620
end_to_end,14874
service,1988
end_to_end,25288
service,2030
end_to_end,20230
service,2227
end_to_end,13820
service,790
end_to_end,15309
service,1408
end_to_end,20597
service,1306
end_to_end,27405
service,5939
end_to_end,26503
service,102
end_to_end,12677
service,575
end_to_end,23713
service,3550
end_to_end,34966
service,112
end_to_end,22270
service,3255
end_to_end,25248
service,916
end_to_end,23315
service,636
end_to_end,14404
service,260
end_to_end,15088
service,1418
end_to_end,15526
service,83
end_to_end,29566
service,6746
end_to_end,21466
service,1368
end_to_end,13878
service,1630
end_to_end,21335
service,578
end_to_end,20790
service,1136
end_to_end,24616
service,3564
end_to_end,22711
service,1726
end_to_end,18276
service,763
end_to_end,22660
service,4380
end_to_end,17016
service,1298
end_to_end,16914
service,389
end_to_end,11910
service,135
end_to_end,29880
service,4986
end_to_end,17061
service,364
end_to_end,19967
service,1419
end_to_end,24248
service,102
end_to_end,17239
service,200
end_to_end,22678
service,3302
end_to_end,14626
service,1392
end_to_end,17970
service,792
end_to_end,21519
service,3058
end_to_end,25034
service,2561
end_to_end,18502
service,4073
end_to_end,31184
service,326
end_to_end,25692
service,4612
end_to_end,30097
service,2373
end_to_end,22206
service,4833
end_to_end,32329
service,49
end_to_end,27074
service,1596
end_to_end,19668
service,372
end_to_end,29333
service,2237
end_to_end,45819
service,1670
end_to_end,21969
service,805
end_to_end,30515
service,898
end_to_end,42004
service,2296
end_to_end,35941
service,303
end_to_end,22443
service,1947
end_to_end,31542
service,2415
end_to_end,46021
service,4019
end_to_end,21693
service,2097
end_to_end,18375
service,358
end_to_end,12978
service,141
end_to_end,34856
service,4646
end_to_end,17638
service,264
end_to_end,21277
service,454
end_to_end,22514
service,2975
end_to_end,19804
service,2427
end_to_end,17895
service,558
end_to_end,22217
service,1835
end_to_end,22344
service,544
end_to_end,31037
service,782
end_to_end,22235
service,277
end_to_end,20975
service,1923
end_to_end,30703
service,811
end_to_end,13628
service,441
end_to_end,8612
service,2750
end_to_end,22623
service,3701
end_to_end,31362
service,155
end_to_end,20032
service,392
end_to_end,19567
service,3163
end_to_end,14856
service,862
end_to_end,21040
service,919
end_to_end,21370
service,3329
end_to_end,41156
service,5128
end_to_end,17546
service,977
end_to_end,18235
service,4518
end_to_end,25937
service,1578
end_to_end,29840
service,12052
end_to_end,13967
service,1280
end_to_end,19658
service,1021
end_to_end,12717
service,1302
end_to_end,20830
service,3360
end_to_end,26252
service,363
end_to_end,24733
service,667
end_to_end,21248
service,1438
end_to_end,39199
service,1303
end_to_end,30963
service,8989
end_to_end,24073
service,1286
end_to_end,28919
service,8526
end_to_end,43915
service,813
end_to_end,25311
service,1506
end_to_end,22429
service,693
end_to_end,21196
service,823
end_to_end,11817
service,1642
end_to_end,11903
service,191
end_to_end,22219
service,1644
end_to_end,19205
service,2197
end_to_end,17179
service,1336
end_to_end,32274
service,3128
end_to_end,24124
service,1083
end_to_end,18577
service,543
end_to_end,30960
service,6603
end_to_end,37922
service,1779
end_to_end,18131
service,5745
end_to_end,19342
service,1689
end_to_end,10988
service,875
end_to_end,28828
service,5568
end_to_end,23117
service,608
end_to_end,18769
service,1840
end_to_end,25154
service,87
end_to_end,15193
service,2123
end_to_end,20528
service,3109
end_to_end,29474
service,2209
end_to_end,18945
service,4586
end_to_end,20442
service,2531
end_to_end,24428
service,6504
end_to_end,29007
service,458
end_to_end,18192
service,2627
end_to_end,24902
service,506
end_to_end,32085
service,5805
end_to_end,37139
service,1989
end_to_end,30338
service,489
end_to_end,31332
service,5985
end_to_end,29222
service,1947
end_to_end,24979
service,981
end_to_end,28164
service,3560
end_to_end,17184
service,919
end_to_end,21632
service,410
end_to_end,22084
service,189
end_to_end,27067
service,588
end_to_end,47231
service,998
end_to_end,34094
service,427
end_to_end,32877
service,2146
end_to_end,25785
service,145
end_to_end,31211
service,392
end_to_end,15310
service,1373
end_to_end,26094
service,3347
end_to_end,27658
service,2618
end_to_end,39207
service,682
end_to_end,20699
service,550
end_to_end,29934
service,4748
end_to_end,41282
service,1165
end_to_end,26443
service,2415
end_to_end,9125
service,504
end_to_end,27527
service,1233
end_to_end,27577
service,3805
end_to_end,22966
service,246
end_to_end,25513
service,1076
end_to_end,23864
service,898
end_to_end,24946
service,2144
end_to_end,24490
service,3780
end_to_end,23810
service,3646
end_to_end,34682
service,1076
end_to_end,23230
service,2177
end_to_end,24702
service,122
end_to_end,21249
service,1660
end_to_end,14837
service,3342
end_to_end,22255
service,1491
end_to_end,21600
service,974
end_to_end,19548
service,411
end_to_end,23176
service,2422
end_to_end,15450
service,1062
end_to_end,38948
service,4629
end_to_end,22124
service,473
end_to_end,36298
service,3128
end_to_end,37246
service,949
end_to_end,12984
service,1111
end_to_end,41004
service,4830
end_to_end,7401
service,1041
end_to_end,16876
service,1218
end_to_end,27659
service,2846
end_to_end,21336
service,1198
end_to_end,25329
service,2564
end_to_end,21735
service,1974
end_to_end,27944
service,192
end_to_end,16851
service,41
end_to_end,21372
service,402
end_to_end,27734
service,5383
end_to_end,33115
service,2776
end_to_end,12554
service,731
end_to_end,12064
service,856
end_to_end,18849
service,662
end_to_end,35280
service,351
end_to_end,27081
service,1386
end_to_end,17776
service,1671
end_to_end,13291
service,962
end_to_end,13042
service,832
end_to_end,18987
service,888
end_to_end,22848
service,1272
end_to_end,16035
service,329
end_to_end,20412
service,1445
end_to_end,17026
service,2678
end_to_end,14923
service,1029
end_to_end,23094
service,4756
end_to_end,19203
service,113
end_to_end,20009
service,205
end_to_end,17836
service,712
end_to_end,27403
service,644
end_to_end,31666
service,3195
end_to_end,15520
service,8180
end_to_end,15467
service,2002
end_to_end,34157
service,791
end_to_end,23992
service,2493
end_to_end,16311
service,913
end_to_end,15314
service,1135
end_to_end,23694
service,547
end_to_end,24429
service,5193
end_to_end,24573
service,2259
end_to_end,15553
service,2436
end_to_end,21947
service,697
end_to_end,21363
service,3587
end_to_end,29911
service,312
end_to_end,20301
service,1797
end_to_end,26361
service,34
end_to_end,29096
service,2851
end_to_end,27720
service,590
end_to_end,27708
service,5372
end_to_end,31854
service,2902
end_to_end,24954
service,415
end_to_end,26713
service,1114
end_to_end,19848
service,1218
end_to_end,29056
service,311
end_to_end,21446
service,843
end_to_end,39965
service,776
end_to_end,32110
service,6785
end_to_end,15320
service,100
end_to_end,15608
service,4770
end_to_end,15818
service,1643
end_to_end,31784
service,353
end_to_end,24913
service,1736
end_to_end,14178
service,327
end_to_end,18362
service,3033
end_to_end,25696
service,1751
end_to_end,17979
service,2624
end_to_end,32654
service,1836
end_to_end,28974
service,2726
end_to_end,24599
service,1015
end_to_end,22345
service,9055
end_to_end,33453
service,985
end_to_end,21081
service,1948
end_to_end,26285
service,6039
end_to_end,27576
service,232
end_to_end,25167
service,7
end_to_end,16154
service,2108
end_to_end,30676
service,823
end_to_end,21266
service,2377
end_to_end,38711
service,300
end_to_end,10412
service,86
end_to_end,19751
service,1016
end_to_end,33380
service,449
end_to_end,20866
service,3144
end_to_end,27519
service,426
end_to_end,31054
service,486
end_to_end,16029
service,42
end_to_end,29431
service,483
end_to_end,37116
service,2505
end_to_end,29038
service,6420
end_to_end,16882
service,1082
end_to_end,18458
service,1572
end_to_end,26141
service,2336
end_to_end,17688
service,1851
end_to_end,26600
service,1649
end_to_end,19191
service,710
end_to_end,15723
service,113
end_to_end,43541
service,4162
end_to_end,20519
service,335
end_to_end,17574
service,1140
end_to_end,40185
service,4617
end_to_end,30133
service,2606
end_to_end,15227
service,2548
end_to_end,24783
service,6270
end_to_end,35175
service,4328
end_to_end,16068
service,2402
end_to_end,35438
service,884
end_to_end,48006
service,6917
end_to_end,46656
service,5356
end_to_end,23143
service,6208
end_to_end,11032
service,1951
end_to_end,31690
service,286
end_to_end,25390
service,1550
end_to_end,23588
service,2579
end_to_end,18626
service,413
end_to_end,27637
service,605
end_to_end,29222
service,109
end_to_end,15135
service,331
end_to_end,14313
service,1313
end_to_end,33722
service,394
end_to_end,30879
service,6989
end_to_end,25437
service,349
end_to_end,24305
service,1715
end_to_end,15950
service,574
end_to_end,20887
service,2767
end_to_end,27038
service,334
end_to_end,33342
service,1199
end_to_end,32165
service,3052
end_to_end,27357
service,7070
end_to_end,21452
service,3618
end_to_end,16278
service,181
end_to_end,20480
service,638
end_to_end,11364
service,4
end_to_end,43023
service,1543
end_to_end,44489
service,5790
end_to_end,24204
service,1522
end_to_end,29085
service,41
end_to_end,20329
service,433
end_to_end,22559
service,1212
end_to_end,11485
service,925
end_to_end,25447
service,1762
end_to_end,31882
service,495
end_to_end,29824
service,1034
end_to_end,17925
service,1657
end_to_end,21714
service,3732
end_to_end,20128
service,415
end_to_end,24807
service,150
end_to_end,14603
service,419
end_to_end,21182
service,4316
end_to_end,10062
service,286
end_to_end,22325
service,3337
end_to_end,23805
service,4245
end_to_end,26174
service,3262
end_to_end,26307
service,1441
end_to_end,21867
service,1118
end_to_end,27308
service,727
end_to_end,35055
service,883
end_to_end,19462
service,2874
end_to_end,31214
service,255
end_to_end,20582
service,2736
end_to_end,31789
service,841
end_to_end,19114
service,550
end_to_end,24555
service,5682
end_to_end,35848
service,4025
end_to_end,19594
service,1099
end_to_end,15445
service,913
end_to_end,21171
service,1989
end_to_end,31057
service,705
end_to_end,23226
service,2593
end_to_end,16158
service,1913
end_to_end,24640
service,6421
end_to_end,22094
service,8255
end_to_end,22969
service,4053
end_to_end,21123
service,3085
end_to_end,17438
service,3604
end_to_end,20141
service,663
end_to_end,22410
service,1854
end_to_end,24580
service,1166
end_to_end,28679
service,4053
end_to_end,25264
service,4238
end_to_end,15528
service,380
end_to_end,23848
service,881
end_to_end,7865
service,1810
end_to_end,26228
service,378
end_to_end,29744
service,435
end_to_end,27576
service,4949
end_to_end,23647
service,359
end_to_end,46564
service,6804
end_to_end,30156
service,9637
end_to_end,25192
service,7014
end_to_end,22367
service,958
end_to_end,32157
service,1115
end_to_end,23452
service,930
end_to_end,25234
service,2321
end_to_end,26311
service,2811
end_to_end,25819
service,2727
end_to_end,20855
service,1964
end_to_end,23293
service,314
end_to_end,25394
service,904
end_to_end,29311
service,365
end_to_end,32020
service,2455
end_to_end,31773
service,2384
end_to_end,29933
service,2054
end_to_end,18527
service,1387
end_to_end,13338
service,911
end_to_end,24162
service,1179
end_to_end,18143
service,863
end_to_end,26835
service,2003
end_to_end,23797
service,1396
end_to_end,16718
service,5318
end_to_end,16914
service,3253
end_to_end,17185
service,3491
end_to_end,26579
service,7873
end_to_end,19510
service,3848
end_to_end,27139
service,7738
end_to_end,21164
service,1198
end_to_end,20631
service,4281
end_to_end,30875
service,3998
end_to_end,19898
service,948
end_to_end,20014
service,14
end_to_end,23910
service,1514
end_to_end,25472
service,329
end_to_end,21381
service,451
end_to_end,27651
service,1916
end_to_end,17009
service,94
end_to_end,27245
service,6844
end_to_end,24126
service,2600
end_to_end,27052
service,217
end_to_end,22459
service,1255
end_to_end,24496
service,972
end_to_end,36357
service,4620
end_to_end,10936
service,3641
end_to_end,28288
service,332
end_to_end,30684
service,1109
end_to_end,34129
service,1279
end_to_end,31214
service,1526
end_to_end,32636
service,6029
end_to_end,25023
service,1715
end_to_end,22436
service,2981
end_to_end,18477
service,398
end_to_end,29040
service,4523
end_to_end,15297
service,2407
end_to_end,15519
service,563
end_to_end,35841
service,2294
end_to_end,26130
service,53
end_to_end,22818
service,1283
end_to_end,13359
service,1718
end_to_end,22605
service,67
end_to_end,16770
service,5900
end_to_end,23325
service,435
end_to_end,10664
service,1684
end_to_end,16689
service,724
end_to_end,16911
service,2605
end_to_end,19130
service,610
end_to_end,18249
service,1541
end_to_end,22338
service,2610
end_to_end,22310
service,2343
end_to_end,14935
service,1718
end_to_end,17394
service,2666
end_to_end,15427
service,1603
end_to_end,15720
service,43
end_to_end,17907
service,134
end_to_end,27802
service,1562
end_to_end,22181
service,2306
end_to_end,9820
service,524
end_to_end,16711
service,347
end_to_end,13489
service,2051
end_to_end,22217
service,3077
end_to_end,21523
service,3296
end_to_end,19695
service,477
end_to_end,20675
service,1067
end_to_end,21987
service,540
end_to_end,23086
service,2633
end_to_end,27248
service,745
end_to_end,29482
service,54
end_to_end,32276
service,3725
end_to_end,28964
service,701
end_to_end,27796
service,1791
end_to_end,19461
service,24
end_to_end,16460
service,273
end_to_end,51757
service,7595
end_to_end,30376
service,968
end_to_end,24963
service,3741
end_to_end,13755
service,107
end_to_end,15443
service,2745
end_to_end,27172
service,3496
end_to_end,32912
service,2246
end_to_end,13178
service,31
end_to_end,22532
service,4071
end_to_end,34033
service,1318
end_to_end,7408
service,293
end_to_end,35376
service,66
end_to_end,18172
service,727
end_to_end,28106
service,481
end_to_end,24468
service,1632
end_to_end,28354
service,1441
end_to_end,50408
service,8079
end_to_end,54279
service,750
end_to_end,11637
service,126
end_to_end,18727
service,2081
end_to_end,24839
service,2006
end_to_end,46648
service,5808
end_to_end,22509
service,4156
end_to_end,19538
service,143
end_to_end,22312
service,5342
end_to_end,19818
service,23
end_to_end,18622
service,288
end_to_end,21596
service,4159
end_to_end,35010
service,4462
end_to_end,24061
service,633
end_to_end,18982
service,1061
end_to_end,21992
service,310
end_to_end,21774
service,4615
end_to_end,31956
service,480
end_to_end,15379
service,577
end_to_end,28892
service,1843
end_to_end,12121
service,583
end_to_end,15554
service,3341
end_to_end,14162
service,723
end_to_end,19408
service,1609
end_to_end,12632
service,206
end_to_end,17178
service,1309
end_to_end,19869
service,199
end_to_end,38470
service,2179
end_to_end,27016
service,6313
end_to_end,17679
service,1899
end_to_end,25176
service,519
end_to_end,20348
service,1483
end_to_end,36414
service,1480
end_to_end,31284
service,679
end_to_end,24643
service,489
end_to_end,26668
service,1424
end_to_end,36287
service,251
end_to_end,37447
service,8766
end_to_end,25601
service,663
end_to_end,13347
service,5213
end_to_end,20307
service,1847
end_to_end,21161
service,1885
end_to_end,17413
service,486
end_to_end,23538
service,1291
end_to_end,19945
service,690
end_to_end,16912
service,193
end_to_end,19634
service,1131
end_to_end,19051
service,1342
end_to_end,23828
service,4163
end_to_end,25216
service,2196
end_to_end,26283
service,4184
end_to_end,16514
service,364
end_to_end,31488
service,470
end_to_end,9309
service,961
end_to_end,17972
service,2916
end_to_end,30554
service,1047
end_to_end,28040
service,725
end_to_end,32964
service,60
end_to_end,24350
service,2822
end_to_end,24829
service,3884
end_to_end,22674
service,2380
end_to_end,23951
service,5366
end_to_end,22907
service,1040
end_to_end,18044
service,223
end_to_end,24456
service,409
end_to_end,10469
service,2915
end_to_end,22294
service,222
end_to_end,17390
service,574
end_to_end,25954
service,7889
end_to_end,20147
service,1369
end_to_end,23391
service,3839
end_to_end,27379
service,940
end_to_end,19471
service,2633
end_to_end,16816
service,402
end_to_end,21476
service,1397
end_to_end,15520
service,719
end_to_end,23658
service,75
end_to_end,24935
service,2612
end_to_end,26502
service,484
end_to_end,18135
service,1383
end_to_end,19852
service,122
end_to_end,17431
service,1068
end_to_end,16615
service,1570
end_to_end,13809
service,993
end_to_end,19461
service,1603
end_to_end,11552
service,328
end_to_end,11663
service,301
end_to_end,21855
service,5775
end_to_end,25550
service,615
end_to_end,19847
service,507
end_to_end,22004
service,2535
end_to_end,25007
service,1569
end_to_end,22112
service,1433
end_to_end,16518
service,4133
end_to_end,15516
service,399
end_to_end,23189
service,1922
end_to_end,22225
service,81
end_to_end,12776
service,800
end_to_end,29134
service,4010
end_to_end,21658
service,8428
end_to_end,47258
service,7507
end_to_end,13820
service,3704
end_to_end,25908
service,270
end_to_end,34466
service,17501
end_to_end,21594
service,149
end_to_end,20600
service,59
end_to_end,23551
service,230
end_to_end,37038
service,4627
end_to_end,19730
service,1446
end_to_end,39576
service,8223
end_to_end,28640
service,1714
end_to_end,24609
service,2508
end_to_end,34490
service,759
end_to_end,20154
service,72
end_to_end,24029
service,3478
end_to_end,24653
service,1066
end_to_end,22500
service,2645
end_to_end,23850
service,867
end_to_end,25942
service,170
end_to_end,29922
service,4267
end_to_end,24100
service,2341
end_to_end,30751
service,1634
end_to_end,24187
service,2317
end_to_end,15450
service,4502
end_to_end,24873
service,240
end_to_end,17652
service,1745
end_to_end,24980
service,2322
end_to_end,11139
service,101
end_to_end,17457
service,3647
end_to_end,10992
service,1065
end_to_end,13841
service,719
end_to_end,11084
service,687
end_to_end,14402
service,678
end_to_end,16561
service,1344
end_to_end,16584
service,3759
end_to_end,23736
service,1874
end_to_end,24431
service,4004
end_to_end,23915
service,2602
end_to_end,15936
service,785
end_to_end,31031
service,2479
end_to_end,22284
service,733
end_to_end,27304
service,2269
end_to_end,19386
service,257
end_to_end,33286
service,1185
end_to_end,16259
service,806
end_to_end,26393
service,843
end_to_end,14161
service,380
end_to_end,24424
service,2444
end_to_end,14598
service,1275
end_to_end,24926
service,543
end_to_end,13916
service,438
end_to_end,28126
service,4307
end_to_end,30786
service,5298
end_to_end,21294
service,3383
end_to_end,32286
service,6314
end_to_end,20131
service,1443
end_to_end,22541
service,31
end_to_end,30440
service,1321
end_to_end,22068
service,1326
end_to_end,14528
service,4578
end_to_end,36332
service,4301
end_to_end,11794
service,1454
end_to_end,49198
service,3198
end_to_end,21812
service,2869
end_to_end,29639
service,1705
end_to_end,12227
service,635
end_to_end,18963
service,1536
end_to_end,26188
service,4698
end_to_end,16924
service,282
end_to_end,18698
service,522
end_to_end,34628
service,298
end_to_end,19143
service,2011
end_to_end,34812
service,4370
end_to_end,22297
service,4601
end_to_end,29038
service,1001
end_to_end,15659
service,98
end_to_end,41535
service,3546
end_to_end,18015
service,2040
end_to_end,13364
service,1743
end_to_end,34972
service,2123
end_to_end,21575
service,8
end_to_end,33147
service,622
end_to_end,29789
service,29
end_to_end,26033
service,4573
end_to_end,42887
service,587
end_to_end,37715
service,5554
end_to_end,20920
service,3742
end_to_end,32219
service,2747
end_to_end,33922
service,224
end_to_end,36114
service,1687
end_to_end,37618
service,6022
end_to_end,42317
service,217
end_to_end,29361
service,294
end_to_end,21764
service,1116
end_to_end,40796
service,4153
end_to_end,19424
service,855
end_to_end,17260
service,891
end_to_end,18413
service,1116
end_to_end,28262
service,669
end_to_end,20999
service,3338
end_to_end,31984
service,149
end_to_end,28413
service,1022
end_to_end,28072
service,1014
end_to_end,23953
service,1607
end_to_end,26936
service,1203
end_to_end,20981
service,547
end_to_end,14693
service,3502
end_to_end,17924
service,27
end_to_end,29623
service,376
end_to_end,17591
service,4317
end_to_end,23090
service,967
end_to_end,22989
service,1825
end_to_end,15213
service,1969
end_to_end,23593
service,2318
end_to_end,23444
service,1617
end_to_end,17828
service,208
end_to_end,46744
service,801
end_to_end,25847
service,2784
end_to_end,23988
service,197
end_to_end,32161
service,1672
end_to_end,17861
service,2053
end_to_end,22376
service,1092
end_to_end,20121
service,3966
end_to_end,20500
service,26
end_to_end,17527
service,461
end_to_end,29277
service,1392
end_to_end,14535
service,508
end_to_end,13627
service,1387
end_to_end,35167
service,4642
end_to_end,14448
service,14
end_to_end,22530
service,1305
end_to_end,28167
service,6693
end_to_end,22234
service,226
end_to_end,36278
service,414
end_to_end,22200
service,7961
end_to_end,8019
service,94
end_to_end,25792
service,9
end_to_end,17534
service,377
end_to_end,22664
service,451
end_to_end,19257
service,770
end_to_end,27118
service,1233
end_to_end,27033
service,2157
end_to_end,26182
service,205
end_to_end,39523
service,921
end_to_end,20866
service,780
end_to_end,28854
service,3887
end_to_end,35517
service,2598
end_to_end,34158
service,1068
end_to_end,43457
service,3115
end_to_end,30378
service,2988
end_to_end,23561
service,4219
end_to_end,19256
service,2931
end_to_end,43198
service,2939
end_to_end,39274
service,3533
end_to_end,29260
service,1636
end_to_end,18787
service,3896
end_to_end,18868
service,3347
end_to_end,12990
service,1297
end_to_end,23522
service,2961
end_to_end,17254
service,4552
end_to_end,20771
service,397
end_to_end,20109
service,2517
end_to_end,24344
service,2364
end_to_end,32731
service,6015
end_to_end,12380
service,1327
end_to_end,14568
service,2065
end_to_end,28826
service,3122
end_to_end,25183
service,270
end_to_end,29360
service,5777
end_to_end,14461
service,1395
end_to_end,31332
end_to_end,19153
service,3389
service,572
end_to_end,26441
service,4712
end_to_end,19469
service,943
end_to_end,19477
service,725
end_to_end,22749
service,2257
end_to_end,22224
service,1454
end_to_end,17903
service,5524
end_to_end,29990
service,978
end_to_end,12244
service,1519
end_to_end,15223
service,4860
end_to_end,25553
service,2305
end_to_end,26099
service,662
end_to_end,18275
service,1627
end_to_end,23968
service,4479
end_to_end,21811
service,5020
end_to_end,12172
service,469
end_to_end,23811
service,3031
end_to_end,14244
service,1887
end_to_end,26080
service,5022
end_to_end,20914
service,3891
end_to_end,26324
service,3349
end_to_end,31267
service,3519
end_to_end,29893
service,741
end_to_end,33554
service,4047
end_to_end,30609
service,1393
end_to_end,27022
service,1727
end_to_end,37390
service,7543
end_to_end,37506
service,113
end_to_end,26686
service,8462
end_to_end,41187
service,1567
end_to_end,23306
service,5212
end_to_end,22679
service,1430
end_to_end,51190
service,1977
end_to_end,40843
service,3831
end_to_end,20310
service,471
end_to_end,29451
service,33
end_to_end,26649
service,932
end_to_end,24321
service,274
end_to_end,32503
service,1374
end_to_end,20032
service,276
end_to_end,26848
service,2291
end_to_end,25105
service,2140
end_to_end,19215
service,4603
end_to_end,24848
service,684
end_to_end,29116
service,3270
end_to_end,14999
service,337
end_to_end,23766
service,244
end_to_end,37003
service,3301
end_to_end,37768
service,3477
end_to_end,44599
service,7513
end_to_end,16081
service,422
end_to_end,17736
service,1433
end_to_end,23712
service,1459
end_to_end,22634
service,1117
end_to_end,24707
service,2416
end_to_end,29107
service,2583
end_to_end,31426
service,71
end_to_end,13731
service,1181
end_to_end,28092
service,179
end_to_end,14906
service,440
end_to_end,29255
service,3284
end_to_end,29897
service,5440
end_to_end,23625
service,951
end_to_end,26744
service,5884
end_to_end,22849
service,7543
end_to_end,12769
service,2482
end_to_end,25807
service,47
end_to_end,21906
service,633
end_to_end,35880
service,3017
end_to_end,22557
service,143
end_to_end,19363
service,1114
end_to_end,10983
service,1319
end_to_end,21804
service,2373
end_to_end,29250
service,326
end_to_end,21014
service,3477
end_to_end,19392
service,2330
end_to_end,19664
service,3195
end_to_end,20932
service,1028
end_to_end,17537
service,199
end_to_end,20204
service,5089
end_to_end,13791
service,623
end_to_end,13261
service,1746
end_to_end,15221
service,690
end_to_end,19795
service,204
end_to_end,18179
service,496
end_to_end,26796
service,1080
end_to_end,25255
service,2605
end_to_end,25829
service,873
end_to_end,27394
service,2951
end_to_end,26125
service,663
end_to_end,22263
service,2013
end_to_end,22905
service,9377
end_to_end,31559
service,8719
end_to_end,17789
service,288
end_to_end,25764
service,471
end_to_end,20582
service,401
end_to_end,15508
service,3246
end_to_end,16859
service,1910
end_to_end,18404
service,239
end_to_end,17264
service,2857
end_to_end,20597
service,100
end_to_end,27545
service,6100
end_to_end,21988
service,565
end_to_end,13274
service,387
end_to_end,8196
service,497
end_to_end,21284
service,1434
end_to_end,13666
service,702
end_to_end,25383
service,986
end_to_end,36270
service,1306
end_to_end,25014
service,1841
end_to_end,17687
service,1337
end_to_end,22990
service,2916
end_to_end,19328
service,3296
end_to_end,13612
service,344
end_to_end,21528
service,792
end_to_end,28208
service,4675
end_to_end,38647
service,3267
end_to_end,14071
service,1715
end_to_end,34056
service,1803
end_to_end,45494
service,2623
end_to_end,34070
service,1155
end_to_end,24291
service,4269
end_to_end,26744
service,835
end_to_end,17059
service,562
end_to_end,23525
service,466
end_to_end,27370
service,2798
end_to_end,13938
service,1918
end_to_end,23389
service,1217
end_to_end,12603
service,517
end_to_end,27194
service,1124
end_to_end,24259
service,527
end_to_end,18198
service,781
end_to_end,26769
service,2614
end_to_end,15945
service,413
end_to_end,22770
service,2299
end_to_end,27467
service,1134
end_to_end,20084
service,461
end_to_end,24624
service,1522
end_to_end,19886
service,81
end_to_end,19028
service,435
end_to_end,43717
service,1186
end_to_end,22396
service,312
end_to_end,21770
service,3475
end_to_end,31066
service,272
end_to_end,24374
service,3816
end_to_end,31567
service,1092
end_to_end,30409
service,3098
end_to_end,32568
service,792
end_to_end,44059
service,6473
end_to_end,15730
service,959
end_to_end,23513
service,1986
end_to_end,31543
service,1825
end_to_end,33121
service,3036
end_to_end,29793
service,4961
end_to_end,18140
service,1255
end_to_end,43681
service,7388
end_to_end,39900
service,964
end_to_end,18683
service,1556
end_to_end,36330
service,1604
end_to_end,22412
service,1465
end_to_end,48226
service,8603
end_to_end,9776
service,577
end_to_end,39902
service,4201
end_to_end,29807
service,989
end_to_end,50695
service,2470
end_to_end,19697
service,3152
end_to_end,39697
service,877
end_to_end,21928
service,677
end_to_end,19705
service,3781
end_to_end,14432
service,787
end_to_end,34622
service,1984
end_to_end,14883
service,2107
end_to_end,20335
service,4050
end_to_end,21451
service,1119
end_to_end,19918
service,1793
end_to_end,29272
service,1145
end_to_end,32488
service,7144
end_to_end,23776
service,2261
end_to_end,13540
service,1757
end_to_end,16553
service,2716
end_to_end,18105
service,8438
end_to_end,26450
service,2167
end_to_end,19927
service,906
end_to_end,16077
service,7264
end_to_end,18685
service,2608
end_to_end,23105
service,737
end_to_end,30720
service,1348
end_to_end,29142
service,5163
end_to_end,33633
service,818
end_to_end,15443
service,944
end_to_end,32923
service,4618
end_to_end,18719
service,95
end_to_end,17443
service,2186
end_to_end,41185
service,8632
end_to_end,17198
service,2935
end_to_end,21839
service,2064
end_to_end,27447
service,1291
end_to_end,15476
service,1662
end_to_end,16688
service,582
end_to_end,29650
service,3890
end_to_end,39665
service,188
end_to_end,17030
service,1057
end_to_end,21118
service,393
end_to_end,20747
service,568
end_to_end,21159
service,3303
end_to_end,24157
service,894
end_to_end,30544
service,1102
end_to_end,22083
service,1362
end_to_end,26522
service,4098
end_to_end,25681
service,1934
end_to_end,14494
service,626
end_to_end,12737
service,1125
end_to_end,23975
service,3575
end_to_end,18063
service,1323
end_to_end,24971
service,2264
end_to_end,31810
service,4470
end_to_end,18069
service,299
end_to_end,25655
service,1231
end_to_end,18712
service,3557
end_to_end,16180
service,754
end_to_end,9200
service,136
end_to_end,12770
service,2340
end_to_end,21593
service,4775
end_to_end,15504
service,2806
end_to_end,25355
service,1963
end_to_end,16965
service,1807
end_to_end,17193
service,496
end_to_end,11145
service,1997
end_to_end,18370
service,3730
end_to_end,25861
service,1943
end_to_end,20815
service,2850
end_to_end,18330
service,629
end_to_end,22665
service,1268
end_to_end,19901
service,1094
end_to_end,20610
service,1764
end_to_end,19987
service,2684
end_to_end,26393
service,341
end_to_end,35713
service,257
end_to_end,20607
service,10001
end_to_end,25550
service,881
end_to_end,22510
service,2345
end_to_end,14653
service,1825
end_to_end,25769
service,6998
end_to_end,32055
service,2318
end_to_end,33549
service,541
end_to_end,20890
service,8687
end_to_end,25623
service,5186
end_to_end,26472
service,1596
end_to_end,11933
end_to_end,28288
service,1371
service,757
end_to_end,26721
service,201
end_to_end,23964
service,2688
end_to_end,24346
service,2440
end_to_end,29125
service,2097
end_to_end,26206
service,3013
end_to_end,10452
service,288
end_to_end,25983
service,44
end_to_end,21250
service,3006
end_to_end,39901
service,1278
end_to_end,27395
service,1922
end_to_end,32381
service,867
end_to_end,26383
service,174
end_to_end,27072
service,1050
end_to_end,25111
service,8448
end_to_end,26738
service,1626
end_to_end,26182
service,2128
end_to_end,24540
service,6384
end_to_end,28047
service,1306
end_to_end,27260
service,554
end_to_end,30509
service,274
end_to_end,25955
service,376
end_to_end,19528
service,289
end_to_end,18591
service,2384
end_to_end,13106
service,2088
end_to_end,35641
service,1670
end_to_end,37613
service,4028
end_to_end,28774
service,2394
end_to_end,18202
service,2665
end_to_end,23964
service,4572
end_to_end,24855
service,4067
end_to_end,24484
service,25
end_to_end,19164
service,3042
end_to_end,25458
service,49
end_to_end,36753
service,1246
end_to_end,42106
service,2076
end_to_end,30007
service,589
end_to_end,22175
service,156
end_to_end,19011
service,3
end_to_end,25128
service,2794
end_to_end,13920
service,196
end_to_end,24806
service,1164
end_to_end,16346
service,334
end_to_end,16441
service,2065
end_to_end,17686
service,1530
end_to_end,19437
service,191
end_to_end,25128
service,3330
end_to_end,22686
service,3080
end_to_end,30685
service,3938
end_to_end,15866
service,625
end_to_end,31327
service,1408
end_to_end,23453
service,225
end_to_end,18651
service,3372
end_to_end,31843
service,812
end_to_end,15563
service,4041
end_to_end,18720
service,38
end_to_end,15668
service,97
end_to_end,14725
service,4334
end_to_end,22101
service,1142
end_to_end,11807
service,905
end_to_end,21298
service,3991
end_to_end,30573
service,1037
end_to_end,25498
service,869
end_to_end,12754
service,1520
end_to_end,23957
service,4280
end_to_end,29068
service,1810
end_to_end,15268
service,1258
end_to_end,23424
service,6855
end_to_end,13397
service,231
end_to_end,25659
service,617
end_to_end,22490
service,369
end_to_end,16161
service,3666
end_to_end,25487
service,13
end_to_end,37571
service,47
end_to_end,23128
service,1000
end_to_end,22673
service,130
end_to_end,16334
service,2983
end_to_end,19851
service,184
end_to_end,27580
service,822
end_to_end,21787
service,378
end_to_end,20894
service,127
end_to_end,21967
service,4850
end_to_end,27027
service,957
end_to_end,19642
service,2734
end_to_end,22142
service,1826
end_to_end,26256
service,203
end_to_end,30818
service,8363
end_to_end,39472
service,12584
end_to_end,34430
service,16
end_to_end,21344
service,816
end_to_end,29020
service,1309
end_to_end,22386
service,2805
end_to_end,34646
service,3825
end_to_end,29318
service,2812
end_to_end,16468
service,1459
end_to_end,15457
service,1262
end_to_end,28042
service,4453
end_to_end,31019
service,916
end_to_end,26191
service,1429
end_to_end,24165
service,251
end_to_end,23757
service,551
end_to_end,20753
service,287
end_to_end,13732
service,999
end_to_end,12224
service,971
end_to_end,15297
service,701
end_to_end,19238
service,362
end_to_end,24324
service,1540
end_to_end,32008
service,133
end_to_end,30459
service,5531
end_to_end,16643
service,1570
end_to_end,14453
service,1585
end_to_end,22075
service,1301
end_to_end,29036
service,5117
end_to_end,21880
service,1507
end_to_end,15233
service,731
end_to_end,26429
service,6103
end_to_end,14202
service,878
end_to_end,24577
service,2739
end_to_end,25648
service,1071
end_to_end,28391
service,5018
end_to_end,27918
service,5605
end_to_end,21070
service,933
end_to_end,12918
service,782
end_to_end,19857
service,1636
end_to_end,32602
service,598
end_to_end,23765
service,5178
end_to_end,17489
service,1221
end_to_end,25007
service,2400
end_to_end,18603
service,1018
end_to_end,45977
service,3423
end_to_end,15203
service,245
end_to_end,24722
service,918
end_to_end,27289
service,1121
end_to_end,21623
service,265
end_to_end,15073
service,255
end_to_end,20496
service,5260
end_to_end,32161
service,1429
end_to_end,32740
service,177
end_to_end,11465
service,2433
end_to_end,26985
service,1522
end_to_end,12008
service,494
end_to_end,39852
service,1721
end_to_end,20628
service,482
end_to_end,23456
service,713
end_to_end,28526
service,5066
end_to_end,27970
service,722
end_to_end,13607
service,2042
end_to_end,16832
service,380
end_to_end,17509
service,2725
end_to_end,17067
service,2674
end_to_end,26457
service,208
end_to_end,20695
service,2804
end_to_end,32109
service,1172
end_to_end,18756
service,1153
end_to_end,37923
service,1434
end_to_end,34098
service,106
end_to_end,11829
service,731
end_to_end,28757
service,5220
end_to_end,10709
service,1133
end_to_end,25595
service,4356
end_to_end,46542
service,256
end_to_end,49389
service,3685
end_to_end,41881
service,1667
end_to_end,17736
service,21
end_to_end,20399
service,2033
end_to_end,21651
service,1132
end_to_end,27087
service,2224
end_to_end,32995
service,197
end_to_end,25332
service,1928
end_to_end,31207
service,4763
end_to_end,17686
service,3654
end_to_end,20143
service,1312
end_to_end,32061
service,3525
end_to_end,16360
service,385
end_to_end,15020
service,362
end_to_end,17089
service,1657
end_to_end,14673
service,734
end_to_end,28426
service,641
end_to_end,16865
service,2478
end_to_end,15577
service,1156
end_to_end,22384
service,3157
end_to_end,17123
service,92
end_to_end,22339
service,36
end_to_end,17192
service,3660
end_to_end,19354
service,3323
end_to_end,21998
service,3626
end_to_end,26167
service,1345
end_to_end,18846
service,3564
end_to_end,28108
service,1135
end_to_end,25900
service,788
end_to_end,24179
service,789
end_to_end,32320
service,449
end_to_end,13130
service,1132
end_to_end,32460
service,8459
end_to_end,18570
service,227
end_to_end,37396
service,4840
end_to_end,18162
service,4330
end_to_end,12201
service,463
end_to_end,17682
service,1035
end_to_end,24685
service,759
end_to_end,21702
service,2513
end_to_end,23118
service,1125
end_to_end,10775
service,549
end_to_end,25681
service,472
end_to_end,32557
service,1107
end_to_end,29475
service,9
end_to_end,16804
service,137
end_to_end,28199
service,3438
end_to_end,28478
service,4526
end_to_end,20671
service,1251
end_to_end,36848
service,3994
end_to_end,25535
service,2061
end_to_end,25899
service,969
end_to_end,33341
service,2180
end_to_end,31545
service,4844
end_to_end,25500
service,121
end_to_end,13743
service,364
end_to_end,18777
service,1111
end_to_end,12546
service,82
end_to_end,16242
service,351
end_to_end,24812
service,4088
end_to_end,25543
service,2625
end_to_end,22908
service,1418
end_to_end,20436
service,283
end_to_end,18312
service,3084
end_to_end,20895
service,164
end_to_end,35245
service,1637
end_to_end,20746
service,8628
end_to_end,21167
service,1029
end_to_end,42534
service,6552
end_to_end,25544
service,3800
end_to_end,37011
service,2722
end_to_end,32000
service,699
end_to_end,20941
service,2936
end_to_end,48873
service,1254
end_to_end,26516
service,2525
end_to_end,17196
service,2154
end_to_end,21080
service,762
end_to_end,32559
service,892
end_to_end,20403
service,1665
end_to_end,13089
service,715
end_to_end,25463
service,2321
end_to_end,33718
service,3139
end_to_end,26991
service,5644
end_to_end,18519
service,3309
end_to_end,28184
service,2757
end_to_end,22060
service,1661
end_to_end,14668
service,1676
end_to_end,26601
service,1097
end_to_end,23311
service,515
end_to_end,34713
service,1049
end_to_end,38507
service,653
end_to_end,28944
service,1015
end_to_end,31987
service,2335
end_to_end,25902
service,2572
end_to_end,16847
service,781
end_to_end,29957
service,3438
end_to_end,37929
service,946
end_to_end,30984
service,1797
end_to_end,15593
service,2023
end_to_end,22003
service,1183
end_to_end,17478
service,31
end_to_end,32254
service,3726
end_to_end,30053
service,1917
end_to_end,26134
service,4889
end_to_end,15451
service,1550
end_to_end,15321
service,968
end_to_end,17112
service,2169
end_to_end,17393
service,1455
end_to_end,22640
service,1602
end_to_end,19368
service,1438
end_to_end,16599
service,598
end_to_end,38085
service,1632
end_to_end,17647
service,670
end_to_end,23636
service,952
end_to_end,20623
service,1125
end_to_end,13353
service,569
end_to_end,17838
service,798
end_to_end,31493
service,3314
end_to_end,24688
service,229
end_to_end,14405
service,947
end_to_end,13548
service,201
end_to_end,17830
service,539
end_to_end,30370
service,1072
end_to_end,17620
service,1982
end_to_end,22461
service,1091
end_to_end,16772
service,470
end_to_end,16362
service,566
end_to_end,19446
service,567
end_to_end,15569
service,183
end_to_end,27231
service,2376
end_to_end,12861
service,1186
end_to_end,19356
service,108
end_to_end,27776
service,1385
end_to_end,19803
service,561
end_to_end,10995
service,82
end_to_end,7658
service,799
end_to_end,25056
service,598
end_to_end,34111
service,988
end_to_end,38965
service,2200
end_to_end,26508
service,1709
end_to_end,24390
service,2906
end_to_end,31507
service,1998
end_to_end,21271
service,63
end_to_end,17561
service,1297
end_to_end,24448
service,3359
end_to_end,28748
service,11289
end_to_end,26784
service,93
end_to_end,16542
service,1031
end_to_end,36259
service,7104
end_to_end,23642
service,2404
end_to_end,22717
service,2240
end_to_end,36055
service,1254
end_to_end,14522
service,1914
end_to_end,23672
service,88
end_to_end,16984
service,802
end_to_end,28472
service,7674
end_to_end,19166
service,925
end_to_end,29783
service,3366
end_to_end,47434
service,3721
end_to_end,18206
service,360
end_to_end,19542
service,329
end_to_end,18520
service,689
end_to_end,28141
service,765
end_to_end,33345
service,4723
end_to_end,28885
service,659
end_to_end,29910
service,1340
end_to_end,20646
service,1385
end_to_end,25923
service,1128
end_to_end,21132
service,1211
end_to_end,39431
service,5364
end_to_end,33343
service,1029
end_to_end,17231
service,1185
end_to_end,26015
service,1213
end_to_end,18850
service,1562
end_to_end,23567
service,1316
end_to_end,20165
service,772
end_to_end,18177
service,3997
end_to_end,31905
service,4399
end_to_end,34067
service,174
end_to_end,21759
service,458
end_to_end,29680
service,531
end_to_end,22633
service,645
end_to_end,17106
service,245
end_to_end,35542
service,13
end_to_end,21026
service,1867
end_to_end,13847
service,102
end_to_end,28386
service,804
end_to_end,15953
service,4795
end_to_end,11419
service,1559
end_to_end,17111
service,307
end_to_end,23330
service,4070
end_to_end,19790
service,516
end_to_end,21905
service,2194
end_to_end,10168
service,299
end_to_end,8948
service,1796
end_to_end,24758
service,227
end_to_end,35104
service,3054
end_to_end,21569
service,858
end_to_end,22574
service,135
end_to_end,17403
service,2396
end_to_end,23716
service,1856
end_to_end,19635
service,787
end_to_end,17752
service,2316
end_to_end,20656
service,3313
end_to_end,22788
service,70
end_to_end,19974
service,911
end_to_end,14221
service,194
end_to_end,23311
service,2037
end_to_end,25610
service,237
end_to_end,16500
service,5911
end_to_end,13044
service,555
end_to_end,24383
service,1819
end_to_end,14803
service,2359
end_to_end,12713
service,2520
end_to_end,16630
service,765
end_to_end,24649
service,1271
end_to_end,28899
service,1328
end_to_end,28471
service,630
end_to_end,20473
service,2146
end_to_end,25162
service,1508
end_to_end,49378
service,314
end_to_end,26260
service,1265
end_to_end,33060
service,4301
end_to_end,12607
service,3135
end_to_end,24930
service,2263
end_to_end,24496
service,1623
end_to_end,16562
service,4796
end_to_end,19971
service,345
end_to_end,13262
service,757
end_to_end,13434
service,2040
end_to_end,19658
service,2161
end_to_end,15673
service,1239
end_to_end,14953
service,270
end_to_end,19783
service,5236
end_to_end,20212
service,457
end_to_end,22762
service,1054
end_to_end,28837
service,888
end_to_end,13847
service,1589
end_to_end,21824
service,2768
end_to_end,17589
service,3842
end_to_end,14970
service,2296
end_to_end,15813
service,915
end_to_end,16179
service,365
end_to_end,14445
service,794
end_to_end,18770
service,2280
end_to_end,9113
service,1739
end_to_end,11329
service,1798
end_to_end,13889
service,1336
end_to_end,19595
service,5367
end_to_end,17544
service,4
end_to_end,19179
service,1253
end_to_end,23715
service,6028
end_to_end,19126
service,234
end_to_end,16676
service,758
end_to_end,21980
service,357
end_to_end,25428
service,2133
end_to_end,25301
service,1550
end_to_end,25078
service,520
end_to_end,14584
service,25
end_to_end,29722
service,930
end_to_end,21218
service,1922
end_to_end,21785
service,2692
end_to_end,17931
service,1059
end_to_end,13909
service,328
end_to_end,16963
service,1615
end_to_end,27470
service,1181
end_to_end,25610
service,853
end_to_end,19322
service,3698
end_to_end,13574
service,2838
end_to_end,16485
service,574
end_to_end,20725
service,489
end_to_end,22379
service,78
end_to_end,30795
service,4013
end_to_end,9878
service,1192
end_to_end,24420
service,4685
end_to_end,39004
service,1283
end_to_end,36072
service,2526
end_to_end,27926
service,174
end_to_end,48479
service,5037
end_to_end,10048
service,3036
end_to_end,29064
service,293
end_to_end,23819
service,227
end_to_end,18819
service,2060
end_to_end,14811
service,107
end_to_end,10434
service,847
end_to_end,21079
service,1142
end_to_end,16114
service,2150
end_to_end,15775
service,2180
end_to_end,17588
service,1105
end_to_end,24277
service,927
end_to_end,9452
service,385
end_to_end,21381
service,3093
end_to_end,18964
service,1011
end_to_end,13818
service,6135
end_to_end,21952
service,4044
end_to_end,28205
service,1231
end_to_end,20910
service,3345
end_to_end,28188
service,2196
end_to_end,24420
service,1365
end_to_end,16359
service,587
end_to_end,22643
service,3094
end_to_end,22984
service,3085
end_to_end,24096
service,5733
end_to_end,17983
service,2500
end_to_end,15515
service,3765
end_to_end,17935
service,950
end_to_end,13909
service,228
end_to_end,17349
service,653
end_to_end,19326
service,41
end_to_end,18296
service,1378
end_to_end,17888
service,1673
end_to_end,27039
service,106
end_to_end,27257
service,287
end_to_end,17764
service,789
end_to_end,10203
service,2131
end_to_end,21712
service,1914
end_to_end,39184
service,2322
end_to_end,36979
service,1231
end_to_end,23319
service,1109
end_to_end,22194
service,1786
end_to_end,19568
service,850
end_to_end,17211
service,197
end_to_end,24998
service,3239
end_to_end,22216
service,7078
end_to_end,23620
service,340
end_to_end,14084
service,3745
end_to_end,17596
service,268
end_to_end,14138
service,5581
end_to_end,18686
service,1426
end_to_end,24072
service,2114
end_to_end,40371
service,5686
end_to_end,23170
service,1037
end_to_end,23324
service,6021
end_to_end,28482
service,3098
end_to_end,41213
service,4556
end_to_end,42238
service,6565
end_to_end,35685
service,4087
end_to_end,25030
service,1479
end_to_end,33584
service,1152
end_to_end,32739
service,5214
end_to_end,12671
service,1428
end_to_end,29450
service,2492
end_to_end,30355
service,3175
end_to_end,35876
service,4101
end_to_end,21981
service,1351
end_to_end,40222
service,3287
end_to_end,20958
service,4319
end_to_end,23372
service,3324
end_to_end,26722
service,471
end_to_end,32456
service,56
end_to_end,21706
service,4826
end_to_end,16741
service,2863
end_to_end,12405
service,57
end_to_end,35455
service,6686
end_to_end,11693
service,1229
end_to_end,23392
service,5006
end_to_end,22544
service,1265
end_to_end,24680
service,3346
end_to_end,25614
service,8211
end_to_end,18813
service,1366
end_to_end,26898
service,1280
end_to_end,19626
service,528
end_to_end,13150
service,826
end_to_end,21449
service,2551
end_to_end,17600
service,3893
end_to_end,17685
service,2995
end_to_end,17700
service,4481
end_to_end,20730
service,2291
end_to_end,24761
service,3268
end_to_end,27491
service,470
end_to_end,21343
service,3874
end_to_end,21010
service,1198
end_to_end,26655
service,4908
end_to_end,30209
service,1491
end_to_end,10032
service,291
end_to_end,15460
service,1158
end_to_end,22625
service,215
end_to_end,25142
service,2922
end_to_end,22097
service,828
end_to_end,12042
service,1976
end_to_end,37930
service,2319
end_to_end,11310
service,2428
end_to_end,26770
service,140
end_to_end,23003
service,2353
end_to_end,25713
service,48
end_to_end,21826
service,622
end_to_end,16661
service,4645
end_to_end,27365
service,1509
end_to_end,30535
service,3167
end_to_end,22280
service,3037
end_to_end,25256
service,2590
end_to_end,19412
service,1845
end_to_end,35215
service,2739
end_to_end,36549
service,7493
end_to_end,22449
service,1105
end_to_end,19205
service,1023
end_to_end,32270
service,4924
end_to_end,52185
service,3557
end_to_end,17845
service,169
end_to_end,14080
service,333
end_to_end,12633
service,4264
end_to_end,21948
service,2154
end_to_end,23900
service,2370
end_to_end,16202
service,294
end_to_end,16972
service,949
end_to_end,31113
service,1762
end_to_end,30403
service,496
end_to_end,19162
service,2570
end_to_end,21181
service,960
end_to_end,23515
service,1088
end_to_end,21835
service,3532
end_to_end,18733
service,238
end_to_end,37308
service,2530
end_to_end,25422
service,1638
end_to_end,35133
service,1672
end_to_end,18181
service,466
end_to_end,23372
service,1655
end_to_end,34022
service,2410
end_to_end,24729
service,2338
end_to_end,17962
service,3158
end_to_end,16937
service,944
end_to_end,24802
service,2424
end_to_end,17293
service,2073
end_to_end,24261
service,6994
end_to_end,27233
service,1017
end_to_end,34161
service,276
end_to_end,20554
service,231
end_to_end,27675
service,1153
end_to_end,29447
service,60
end_to_end,27340
service,556
end_to_end,34481
service,7574
end_to_end,13814
service,200
end_to_end,29625
service,2478
end_to_end,32667
service,2952
end_to_end,15560
service,251
end_to_end,15168
service,1776
end_to_end,19070
service,240
end_to_end,24036
service,2290
end_to_end,23336
service,10047
end_to_end,20610
service,2576
end_to_end,16038
service,945
end_to_end,24479
service,317
end_to_end,26269
service,1636
end_to_end,12907
service,1115
end_to_end,20072
service,2104
end_to_end,23522
service,3280
end_to_end,37042
service,3224
end_to_end,24496
service,797
end_to_end,15010
service,3536
end_to_end,20758
service,2070
end_to_end,29524
service,531
end_to_end,20888
service,858
end_to_end,37102
service,526
end_to_end,45189
service,6296
end_to_end,25471
service,526
end_to_end,30370
service,10819
end_to_end,22871
service,370
end_to_end,53483
service,3870
end_to_end,32973
service,2996
end_to_end,22239
service,1766
end_to_end,28715
service,2106
end_to_end,28865
service,2382
end_to_end,22834
service,3525
end_to_end,16386
service,332
end_to_end,27209
service,509
end_to_end,18219
service,700
end_to_end,22089
service,355
end_to_end,26164
service,202
end_to_end,30051
service,2772
end_to_end,19455
service,965
end_to_end,17715
service,1021
end_to_end,25469
service,951
end_to_end,27751
service,1403
end_to_end,29019
service,13298
end_to_end,31869
service,786
end_to_end,18129
service,1344
end_to_end,25334
service,3488
end_to_end,9044
service,191
end_to_end,12287
service,3235
end_to_end,20084
service,2361
end_to_end,30906
service,11477
end_to_end,17422
service,9256
end_to_end,26447
service,1014
end_to_end,27467
service,7181
end_to_end,30928
service,338
end_to_end,30993
service,406
end_to_end,20779
service,1999
end_to_end,30954
service,857
end_to_end,15532
service,108
end_to_end,28533
service,63
end_to_end,28288
service,9014
end_to_end,36068
service,5118
end_to_end,20733
service,1839
end_to_end,18150
service,4150
end_to_end,23013
service,149
end_to_end,24253
service,968
end_to_end,20909
service,1232
end_to_end,29167
service,1353
end_to_end,28872
service,2661
end_to_end,27416
service,1443
end_to_end,19407
service,369
end_to_end,32223
service,85
end_to_end,23257
service,265
end_to_end,22489
service,809
end_to_end,14966
service,3887
end_to_end,15554
service,854
end_to_end,16899
service,3746
end_to_end,20810
service,819
end_to_end,13965
service,1733
end_to_end,24243
service,1005
end_to_end,17716
service,403
end_to_end,20780
service,266
end_to_end,20147
service,140
end_to_end,30290
service,1748
end_to_end,18798
service,2693
end_to_end,18833
service,1093
end_to_end,26128
service,931
end_to_end,35372
service,5396
end_to_end,18733
service,176
end_to_end,24499
service,4419
end_to_end,10306
service,100
end_to_end,25361
service,638
end_to_end,15259
service,1946
end_to_end,18152
service,180
end_to_end,19797
service,5104
end_to_end,21300
service,3767
end_to_end,24455
service,1686
end_to_end,41046
service,292
end_to_end,39925
service,4076
end_to_end,50217
service,5755
end_to_end,13288
service,596
end_to_end,20294
service,2393
end_to_end,20791
service,1433
end_to_end,39080
service,930
end_to_end,23105
service,989
end_to_end,30486
service,736
end_to_end,21199
service,664
end_to_end,25869
service,1590
end_to_end,18988
service,3218
end_to_end,24976
service,74
end_to_end,17193
service,2262
end_to_end,15681
service,3276
end_to_end,17320
service,55
end_to_end,19211
service,2315
end_to_end,18718
service,859
end_to_end,21403
service,2389
end_to_end,16021
service,1449
end_to_end,14169
service,503
end_to_end,19941
service,250
end_to_end,17917
service,1065
end_to_end,17272
service,1138
end_to_end,40543
service,1981
end_to_end,48907
service,183
end_to_end,21247
service,1116
end_to_end,34547
service,982
end_to_end,16798
service,2492
end_to_end,20833
service,355
end_to_end,16362
service,1001
end_to_end,33684
service,2539
end_to_end,31640
service,3432
end_to_end,21245
service,2808
end_to_end,21272
service,644
end_to_end,22598
service,1353
end_to_end,9908
service,1451
end_to_end,13976
service,871
end_to_end,10807
service,381
end_to_end,19966
service,553
end_to_end,10771
service,1857
end_to_end,17276
service,613
end_to_end,8967
service,343
end_to_end,11955
service,146
end_to_end,27626
service,235
end_to_end,17114
service,2084
end_to_end,21250
service,4547
end_to_end,22903
service,186
end_to_end,28393
service,2694
end_to_end,7508
service,516
end_to_end,22311
service,487
end_to_end,15779
service,186
end_to_end,19321
service,7015
end_to_end,14325
service,459
end_to_end,16629
service,421
end_to_end,29689
service,547
end_to_end,23374
service,2478
end_to_end,19896
service,218
end_to_end,44779
service,10577
end_to_end,34781
service,1294
end_to_end,22482
service,2234
end_to_end,29790
service,1050
end_to_end,20044
service,3853
end_to_end,25410
service,1667
end_to_end,14611
service,1409
end_to_end,14013
service,840
end_to_end,26011
service,451
end_to_end,21093
service,1789
end_to_end,13982
service,389
end_to_end,26061
service,806
end_to_end,19073
service,315
end_to_end,18962
service,2271
end_to_end,14939
service,4049
end_to_end,14876
service,992
end_to_end,29923
service,12025
end_to_end,17440
service,807
end_to_end,25135
service,1325
end_to_end,16655
service,233
end_to_end,24256
service,6720
end_to_end,33153
service,2262
end_to_end,15119
service,1354
end_to_end,18286
service,2186
end_to_end,21394
service,3411
end_to_end,34023
service,997
end_to_end,30072
service,466
end_to_end,42392
service,1118
end_to_end,39833
service,1049
end_to_end,31801
service,1730
end_to_end,32483
service,682
end_to_end,19584
service,260
end_to_end,25324
service,301
end_to_end,23142
service,3257
end_to_end,31468
service,146
end_to_end,31490
service,7218
end_to_end,27049
service,1184
end_to_end,14313
service,868
end_to_end,18090
service,580
end_to_end,16595
service,203
end_to_end,21256
service,677
end_to_end,21805
service,498
end_to_end,32357
service,7332
end_to_end,16957
service,616
end_to_end,15611
service,1771
end_to_end,18738
service,175
end_to_end,20834
service,1099
end_to_end,26768
service,5909
end_to_end,18689
service,574
end_to_end,18136
service,2660
end_to_end,28907
service,2836
end_to_end,24341
service,3551
end_to_end,28486
service,2894
end_to_end,31191
service,6846
end_to_end,24531
service,9362
end_to_end,30027
service,111
end_to_end,23672
service,1294
end_to_end,14468
service,191
end_to_end,14849
service,3103
end_to_end,25060
service,3674
end_to_end,19781
service,1511
end_to_end,23470
service,970
end_to_end,17481
service,1021
end_to_end,14324
service,3013
end_to_end,28972
service,4312
end_to_end,23317
service,8120
end_to_end,18712
service,2812
end_to_end,16794
service,593
end_to_end,17338
service,1136
end_to_end,19725
service,3163
end_to_end,14974
service,812
end_to_end,14742
service,226
end_to_end,28587
service,882
end_to_end,15902
service,2739
end_to_end,9854
service,1220
end_to_end,24374
service,1209
end_to_end,13010
service,1458
end_to_end,30849
service,7185
end_to_end,22627
service,901
end_to_end,23223
service,5556
end_to_end,26193
service,3582
end_to_end,19176
service,2131
end_to_end,29649
service,4138
end_to_end,24074
service,2600
end_to_end,20216
service,3188
end_to_end,30417
service,4660
end_to_end,33628
service,3814
end_to_end,23260
service,551
end_to_end,19938
service,3304
end_to_end,14246
service,273
end_to_end,13901
service,1022
end_to_end,23448
service,2185
end_to_end,26061
service,671
end_to_end,32208
service,742
end_to_end,16548
service,4427
end_to_end,17599
service,2610
end_to_end,22340
service,155
end_to_end,18433
service,2080
end_to_end,22007
service,4067
end_to_end,17557
service,5920
end_to_end,34718
service,2921
end_to_end,32642
service,1093
end_to_end,34175
service,2120
end_to_end,35615
service,305
end_to_end,16455
service,1458
end_to_end,19981
service,2108
end_to_end,27068
service,3286
end_to_end,14302
service,2058
end_to_end,50155
service,5181
end_to_end,23692
service,735
end_to_end,19903
service,3418
end_to_end,23765
service,800
end_to_end,18847
service,3948
end_to_end,25610
service,11582
end_to_end,21325
service,772
end_to_end,19726
service,5899
end_to_end,19480
service,1474
end_to_end,20981
service,3314
end_to_end,18297
service,95
end_to_end,29894
service,4095
end_to_end,31837
service,1501
end_to_end,30928
service,5136
end_to_end,21315
service,2390
end_to_end,17980
service,875
end_to_end,19832
service,2469
end_to_end,13339
service,865
end_to_end,18761
service,4566
end_to_end,24399
service,1576
end_to_end,28314
service,587
end_to_end,17863
service,4074
end_to_end,27718
service,7699
end_to_end,26648
service,534
end_to_end,28067
service,84
end_to_end,14174
service,538
end_to_end,12794
service,1175
end_to_end,36337
service,7342
end_to_end,23419
service,2373
end_to_end,20108
service,499
end_to_end,30440
service,2851
end_to_end,12641
service,271
end_to_end,17423
service,5281
end_to_end,32293
service,3709
end_to_end,11191
service,202
end_to_end,23236
service,49
end_to_end,18311
service,5212
end_to_end,17455
service,4526
end_to_end,23211
service,635
end_to_end,15251
service,168
end_to_end,23891
service,2247
end_to_end,31429
service,666
end_to_end,12765
service,868
end_to_end,7244
service,510
end_to_end,27149
service,365
end_to_end,18795
service,1255
end_to_end,25258
service,504
end_to_end,22249
service,5392
end_to_end,16740
service,2096
end_to_end,26059
service,6481
end_to_end,19008
service,12
end_to_end,18506
service,2037
end_to_end,18989
service,388
end_to_end,24426
service,3235
end_to_end,24460
service,29
end_to_end,30416
service,3870
end_to_end,39186
service,5519
end_to_end,15851
service,367
end_to_end,33072
service,376
end_to_end,23854
service,3728
end_to_end,23553
service,2399
end_to_end,13665
service,1348
end_to_end,26116
service,4457
end_to_end,31349
service,5235
end_to_end,24099
service,1870
end_to_end,13432
service,1089
end_to_end,29084
service,714
end_to_end,27197
service,373
end_to_end,9960
service,1199
end_to_end,24009
service,3011
end_to_end,11714
service,1392
end_to_end,21370
service,1043
end_to_end,14474
service,630
end_to_end,18055
service,1636
end_to_end,19039
service,504
end_to_end,21585
service,970
end_to_end,30136
service,2958
end_to_end,47691
service,10890
end_to_end,43482
service,1078
end_to_end,26133
service,648
end_to_end,32448
service,5229
end_to_end,38736
service,5456
end_to_end,41276
service,703
end_to_end,16274
service,3291
end_to_end,18702
service,294
end_to_end,32022
service,2456
end_to_end,27625
service,3174
end_to_end,12301
service,437
end_to_end,34997
service,5031
end_to_end,35517
service,4635
end_to_end,16446
service,1257
end_to_end,18058
service,550
end_to_end,24255
service,643
end_to_end,22657
service,718
end_to_end,18674
service,1624
end_to_end,30600
service,1307
end_to_end,22581
service,1287
end_to_end,21946
service,137
end_to_end,24275
service,380
end_to_end,21391
service,3461
end_to_end,31044
service,1491
end_to_end,18397
service,1112
end_to_end,24426
service,2498
end_to_end,12416
service,1029
end_to_end,26693
service,3323
end_to_end,15919
service,18
end_to_end,22213
service,13
end_to_end,21349
service,3714
end_to_end,15495
service,380
end_to_end,19926
service,2258
end_to_end,17701
service,363
end_to_end,18102
service,2660
end_to_end,28017
service,2057
end_to_end,23976
service,1107
end_to_end,12914
service,326
end_to_end,13935
service,1299
end_to_end,26292
service,212
end_to_end,27867
service,2446
end_to_end,21379
service,243
end_to_end,11545
service,1829
end_to_end,18308
service,3342
end_to_end,35803
service,1375
end_to_end,13881
service,440
end_to_end,16857
service,4707
end_to_end,22687
service,408
end_to_end,30691
service,3827
end_to_end,29015
service,327
end_to_end,32935
service,345
end_to_end,26939
service,4376
end_to_end,22521
service,3141
end_to_end,18970
service,2564
end_to_end,21259
service,1219
end_to_end,13241
service,1893
end_to_end,30749
service,4875
end_to_end,17696
service,716
end_to_end,12970
service,250
end_to_end,14757
service,275
end_to_end,24070
service,3409
end_to_end,12010
service,1530
end_to_end,21243
service,1009
end_to_end,33519
service,3811
end_to_end,18795
service,2646
end_to_end,25462
service,3238
end_to_end,15403
service,1785
end_to_end,19356
service,134
end_to_end,26329
service,2225
end_to_end,27393
service,1835
end_to_end,29518
service,977
end_to_end,35575
service,2069
end_to_end,29848
service,641
end_to_end,36204
service,1633
end_to_end,33826
service,1429
end_to_end,21611
service,3322
end_to_end,27015
service,488
end_to_end,25045
service,7433
end_to_end,37257
service,986
end_to_end,25304
service,3482
end_to_end,17049
service,463
end_to_end,20962
service,878
end_to_end,19053
service,111
end_to_end,24204
service,3995
end_to_end,15912
service,467
end_to_end,12657
service,1166
end_to_end,17637
service,917
end_to_end,21642
service,242
end_to_end,18138
service,453
end_to_end,34175
service,0
end_to_end,31282
service,1773
end_to_end,37696
service,3355
end_to_end,48597
service,1778
end_to_end,18983
service,3592
end_to_end,30380
service,1192
end_to_end,12507
service,2072
end_to_end,21841
service,37
end_to_end,38474
service,9014
end_to_end,20386
service,609
end_to_end,30176
service,8542
end_to_end,29238
service,120
end_to_end,20116
service,11
end_to_end,48945
service,3472
end_to_end,32338
service,6278
end_to_end,34503
service,492
end_to_end,24897
service,289
end_to_end,35682
service,2436
end_to_end,32991
service,1481
end_to_end,25709
service,2791
end_to_end,42394
service,3590
end_to_end,26389
service,208
end_to_end,14597
service,892
end_to_end,24368
service,2146
end_to_end,16630
service,900
end_to_end,27276
service,828
end_to_end,11025
service,13
end_to_end,24652
service,621
end_to_end,22228
service,605
end_to_end,12461
service,1398
end_to_end,16993
service,197
end_to_end,26367
service,3509
end_to_end,23670
service,388
end_to_end,15733
service,2471
end_to_end,17840
service,2965
end_to_end,16734
service,1008
end_to_end,57505
service,3876
end_to_end,11945
service,1650
end_to_end,22310
service,248
end_to_end,19871
service,3620
end_to_end,37319
service,2230
end_to_end,21447
service,669
end_to_end,30410
service,1665
end_to_end,27416
service,3963
end_to_end,19800
service,2267
end_to_end,23253
service,2467
end_to_end,28210
service,979
end_to_end,22389
service,1712
end_to_end,27347
service,1317
end_to_end,19844
service,2012
end_to_end,28246
service,735
end_to_end,27292
service,3398
end_to_end,19736
service,1578
end_to_end,11955
service,534
end_to_end,22689
service,2006
end_to_end,30387
service,2604
end_to_end,15119
service,1267
end_to_end,21346
service,4289
end_to_end,16381
service,2373
end_to_end,24425
service,1626
end_to_end,21697
service,1520
end_to_end,26385
service,2460
end_to_end,21385
service,2179
end_to_end,31116
service,7807
end_to_end,23872
service,3566
end_to_end,21393
service,1566
end_to_end,20936
service,3776
end_to_end,42396
service,721
end_to_end,14386
service,4243
end_to_end,34881
service,139
end_to_end,12028
service,865
end_to_end,31254
service,4412
end_to_end,18830
service,194
end_to_end,25040
service,769
end_to_end,21486
service,647
end_to_end,21527
service,151
end_to_end,28716
service,5585
end_to_end,25624
service,4692
end_to_end,28788
service,3839
end_to_end,27326
service,6598
end_to_end,20806
service,6385
end_to_end,25615
service,1745
end_to_end,21396
service,1823
end_to_end,23084
service,761
end_to_end,22289
service,2700
end_to_end,18626
service,1784
end_to_end,21258
service,5379
end_to_end,19713
service,3370
end_to_end,34477
service,5495
end_to_end,31028
service,2304
end_to_end,21871
service,60
end_to_end,26313
service,1911
end_to_end,28867
service,874
end_to_end,11228
service,919
end_to_end,23186
service,2366
end_to_end,21660
service,2014
end_to_end,26631
service,63
end_to_end,16346
service,256
end_to_end,19571
service,334
end_to_end,30628
service,90
end_to_end,15432
service,280
end_to_end,23494
service,1383
end_to_end,17803
service,1929
end_to_end,30873
service,1321
end_to_end,20950
service,744
end_to_end,22955
service,6275
end_to_end,25201
service,2245
end_to_end,26293
service,3069
end_to_end,22807
service,833
end_to_end,24830
service,3698
end_to_end,21088
service,703
end_to_end,21895
service,1809
end_to_end,31698
service,2996
end_to_end,29613
service,5238
end_to_end,25978
service,2573
end_to_end,25143
service,54
end_to_end,29366
service,1011
end_to_end,22124
service,153
end_to_end,30861
service,155
end_to_end,23481
service,232
end_to_end,38477
service,5895
end_to_end,25318
service,2319
end_to_end,29671
service,1662
end_to_end,18060
service,1391
end_to_end,12501
service,582
end_to_end,29223
service,2042
end_to_end,23161
service,7159
end_to_end,14619
service,2139
end_to_end,28319
service,7623
end_to_end,17301
service,4928
end_to_end,22045
service,1845
end_to_end,13439
service,1813
end_to_end,16561
service,394
end_to_end,18580
service,3204
end_to_end,22012
service,66
end_to_end,28878
service,2931
end_to_end,28971
service,3244
end_to_end,23624
service,1922
end_to_end,25690
service,40
end_to_end,23282
service,2240
end_to_end,17334
service,3982
end_to_end,30055
service,814
end_to_end,21006
service,5840
end_to_end,18655
service,1763
end_to_end,23942
service,2308
end_to_end,25818
service,4743
end_to_end,27463
service,581
end_to_end,17645
service,1929
end_to_end,18088
service,2371
end_to_end,14137
service,1839
end_to_end,19832
service,613
end_to_end,32871
service,131
end_to_end,19700
service,125
end_to_end,23216
service,550
end_to_end,15298
service,886
end_to_end,21280
service,1996
end_to_end,15121
service,1976
end_to_end,27651
service,5434
end_to_end,33904
service,9456
end_to_end,14504
service,1354
end_to_end,8954
service,29
end_to_end,14918
service,1770
end_to_end,32706
service,1139
end_to_end,26962
service,5085
end_to_end,22774
service,373
end_to_end,26420
service,534
end_to_end,17602
service,2120
end_to_end,16205
service,4551
end_to_end,29607
service,1280
end_to_end,23285
service,7707
end_to_end,16148
service,4174
end_to_end,6800
service,1079
end_to_end,19946
service,869
end_to_end,20015
service,929
end_to_end,15753
service,834
end_to_end,19645
service,5938
end_to_end,38117
service,2687
end_to_end,19220
service,399
end_to_end,22665
service,1786
end_to_end,16533
service,282
end_to_end,28591
service,2234
end_to_end,16409
service,1064
end_to_end,22048
service,264
end_to_end,38894
service,1677
end_to_end,13148
service,823
end_to_end,25140
service,1752
end_to_end,19704
service,1524
end_to_end,14998
service,138
end_to_end,19078
service,2695
end_to_end,16666
service,53
end_to_end,31510
service,2321
end_to_end,20972
service,2972
end_to_end,29867
service,2708
end_to_end,29022
service,4177
end_to_end,23469
service,8162
end_to_end,18193
service,782
end_to_end,21666
service,2691
end_to_end,10590
service,489
end_to_end,24343
service,327
end_to_end,16369
service,1401
end_to_end,12290
service,299
end_to_end,35621
service,3151
end_to_end,29681
service,5217
end_to_end,32952
service,330
end_to_end,16975
service,542
end_to_end,18629
service,146
end_to_end,15866
service,978
end_to_end,18828
service,6432
end_to_end,18981
service,4846
end_to_end,20637
service,595
end_to_end,21837
service,1422
end_to_end,23389
service,2436
end_to_end,30677
service,730
end_to_end,19185
service,66
end_to_end,11808
service,458
end_to_end,24477
service,3141
end_to_end,14585
service,744
end_to_end,15215
service,4307
end_to_end,20763
service,4052
end_to_end,19355
service,927
end_to_end,22695
service,2363
end_to_end,30764
service,1205
end_to_end,39619
service,7234
end_to_end,24084
service,705
end_to_end,21511
service,2064
end_to_end,30117
service,1677
end_to_end,13894
service,1684
end_to_end,25605
service,5524
end_to_end,17806
service,1647
end_to_end,32245
service,4397
end_to_end,25719
service,775
end_to_end,27528
service,720
end_to_end,32133
service,1302
end_to_end,22287
service,364
end_to_end,36863
service,650
end_to_end,36916
service,636
end_to_end,39100
service,120
end_to_end,22231
service,4174
end_to_end,33040
service,6471
end_to_end,33479
service,1012
end_to_end,34045
service,79
end_to_end,21081
service,1466
end_to_end,34590
service,320
end_to_end,29795
service,1024
end_to_end,31952
service,611
end_to_end,37104
service,960
end_to_end,24950
service,746
end_to_end,24661
service,238
end_to_end,15215
service,1729
end_to_end,17994
service,2083
end_to_end,30284
service,2586
end_to_end,22612
service,5322
end_to_end,21375
service,3816
end_to_end,29181
service,977
end_to_end,15512
service,322
end_to_end,24956
service,1626
end_to_end,28865
service,790
end_to_end,23382
service,5063
end_to_end,28823
service,261
end_to_end,29803
service,4007
end_to_end,20974
service,1886
end_to_end,25109
service,51
end_to_end,11196
service,1363
end_to_end,30371
service,990
end_to_end,38294
service,3810
end_to_end,15336
service,983
end_to_end,22547
service,6662
end_to_end,22045
service,1761
end_to_end,17472
service,1487
end_to_end,20306
service,1666
end_to_end,16444
service,7514
end_to_end,15096
service,1710
end_to_end,17506
service,2059
end_to_end,21445
service,5583
end_to_end,23719
service,1211
end_to_end,23496
service,4867
end_to_end,31170
service,5187
end_to_end,34111
service,2002
end_to_end,22151
service,2158
end_to_end,38968
service,958
end_to_end,26300
service,1088
end_to_end,28733
service,1824
end_to_end,21298
service,893
end_to_end,24841
service,1111
end_to_end,14422
service,1765
end_to_end,21956
service,164
end_to_end,20624
service,1161
end_to_end,18817
service,307
end_to_end,33902
service,4768
end_to_end,22332
service,1940
end_to_end,26017
service,4075
end_to_end,11475
service,747
end_to_end,21688
service,484
end_to_end,26870
service,21
end_to_end,20865
service,1819
end_to_end,19255
service,26
end_to_end,20556
service,189
end_to_end,23909
service,319
end_to_end,27891
service,7073
end_to_end,34225
service,157
end_to_end,22115
service,1340
end_to_end,20092
service,1728
end_to_end,19023
service,2926
end_to_end,26124
service,139
end_to_end,17061
service,5084
end_to_end,22152
service,2874
end_to_end,27574
service,88
end_to_end,18450
service,474
end_to_end,15971
service,2016
end_to_end,26821
service,861
end_to_end,18621
service,40
end_to_end,20624
service,136
end_to_end,15083
service,765
end_to_end,25361
service,993
end_to_end,19649
service,2550
end_to_end,15932
service,1457
end_to_end,28644
service,5744
end_to_end,18348
service,513
end_to_end,22057
service,3675
end_to_end,18771
service,927
end_to_end,20785
service,775
end_to_end,28256
service,2905
end_to_end,19347
service,3297
end_to_end,27958
service,2141
end_to_end,21561
service,3940
end_to_end,16233
service,3911
end_to_end,26620
service,265
end_to_end,25512
service,186
end_to_end,23532
service,520
end_to_end,27434
service,90
end_to_end,18346
service,441
end_to_end,34455
service,3548
end_to_end,14769
service,1840
end_to_end,21172
service,227
end_to_end,15719
service,1643
end_to_end,27495
service,2085
end_to_end,32860
service,2615
end_to_end,25931
service,1077
end_to_end,13063
service,994
end_to_end,22613
service,3187
end_to_end,19147
service,59
end_to_end,19502
service,2315
end_to_end,35170
service,8545
end_to_end,17830
service,65
end_to_end,22803
service,522
end_to_end,22934
service,3284
end_to_end,21403
service,1526
end_to_end,19656
service,552
end_to_end,36254
service,4555
end_to_end,41527
service,11583
end_to_end,20937
service,1974
end_to_end,30999
service,552
end_to_end,30118
service,2946
end_to_end,37489
service,3193
end_to_end,35409
service,1116
end_to_end,28247
service,2162
end_to_end,30874
service,566
end_to_end,12444
service,1161
end_to_end,28915
service,505
end_to_end,15376
service,62
end_to_end,20847
service,445
end_to_end,11979
service,292
end_to_end,24176
service,1023
end_to_end,35937
service,4493
end_to_end,34703
service,4106
end_to_end,15413
service,1952
end_to_end,23078
service,456
end_to_end,18491
service,3999
end_to_end,31499
service,1192
end_to_end,35111
service,549
end_to_end,20711
service,2112
end_to_end,17084
service,435
end_to_end,33884
service,1521
end_to_end,23154
service,5946
end_to_end,14713
service,1869
end_to_end,25086
service,4677
end_to_end,21335
service,3138
end_to_end,11586
service,1199
end_to_end,15563
service,572
end_to_end,10909
service,3257
end_to_end,20325
service,460
end_to_end,28781
service,2809
end_to_end,23446
service,610
end_to_end,18388
service,418
end_to_end,23268
service,1522
end_to_end,25800
service,705
end_to_end,23964
service,2260
end_to_end,14713
service,1611
end_to_end,17407
service,734
end_to_end,24147
service,245
end_to_end,33124
service,299
end_to_end,17948
service,1028
end_to_end,10961
service,1514
end_to_end,29024
service,6143
end_to_end,24170
service,435
end_to_end,23370
service,101
end_to_end,30181
service,240
end_to_end,21290
service,676
end_to_end,32180
service,1349
end_to_end,35167
service,1038
end_to_end,29755
service,409
end_to_end,39776
service,8755
end_to_end,36811
service,1818
end_to_end,39173
service,164
end_to_end,35594
service,3105
end_to_end,16719
service,1679
end_to_end,31435
service,3159
end_to_end,28022
service,1646
end_to_end,22494
service,2188
end_to_end,13863
service,2666
end_to_end,16446
service,3951
end_to_end,18974
service,3192
end_to_end,13650
service,790
end_to_end,21761
service,3021
end_to_end,17950
service,2181
end_to_end,13961
service,191
end_to_end,19790
service,564
end_to_end,25513
service,2513
end_to_end,26196
service,1547
end_to_end,14023
service,897
end_to_end,28304
service,414
end_to_end,23272
service,136
end_to_end,27209
service,2426
end_to_end,21458
service,483
end_to_end,21648
service,4811
end_to_end,22643
service,2223
end_to_end,19202
service,20
end_to_end,30482
service,2145
end_to_end,21341
service,4921
end_to_end,29420
service,2716
end_to_end,30265
service,2362
end_to_end,15253
service,2128
end_to_end,19996
service,1617
end_to_end,16937
service,2448
end_to_end,33360
service,3519
end_to_end,17025
service,4081
end_to_end,37560
service,243
end_to_end,17097
service,248
end_to_end,15172
service,519
end_to_end,17958
service,2341
end_to_end,14878
service,2151
end_to_end,29842
service,3326
end_to_end,21017
service,3466
end_to_end,35489
service,29
end_to_end,25040
service,3067
end_to_end,27801
service,10902
end_to_end,14412
service,166
end_to_end,15927
service,988
end_to_end,31535
service,5581
end_to_end,28624
service,1307
end_to_end,29638
service,627
end_to_end,22661
service,1374
end_to_end,22801
service,3773
end_to_end,33718
service,1750
end_to_end,28264
service,10493
end_to_end,23549
service,4354
end_to_end,17825
service,1336
end_to_end,28959
service,2396
end_to_end,32789
service,7122
end_to_end,15272
service,781
end_to_end,20617
service,1064
end_to_end,19238
service,950
end_to_end,24282
service,184
end_to_end,18385
service,1506
end_to_end,22424
service,855
end_to_end,25839
service,194
end_to_end,28130
service,4953
end_to_end,43729
service,2055
end_to_end,34761
service,2647
end_to_end,23911
service,2454
end_to_end,27740
service,3616
end_to_end,32443
service,4944
end_to_end,29002
service,7786
end_to_end,10379
service,837
end_to_end,10073
service,516
end_to_end,20733
service,669
end_to_end,15286
service,2101
end_to_end,25852
service,3445
end_to_end,21409
service,535
end_to_end,16652
service,794
end_to_end,8008
service,1062
end_to_end,26852
service,602
end_to_end,16696
service,1318
end_to_end,16022
service,2637
end_to_end,23684
service,5600
end_to_end,15273
service,45
end_to_end,18864
service,2001
end_to_end,20945
service,4686
end_to_end,22761
service,1816
end_to_end,22037
service,2389
end_to_end,21045
service,1750
end_to_end,18305
service,894
end_to_end,27743
service,3645
end_to_end,14476
service,225
end_to_end,39110
service,5719
end_to_end,21170
service,2160
end_to_end,23513
service,1283
end_to_end,10786
service,2323
end_to_end,24783
service,3072
end_to_end,17380
service,772
end_to_end,35212
service,673
end_to_end,23077
service,152
end_to_end,28658
service,409
end_to_end,19644
service,119
end_to_end,22706
service,537
end_to_end,21707
service,342
end_to_end,12682
service,647
end_to_end,22097
service,1820
end_to_end,33372
service,2561
end_to_end,36520
service,64
end_to_end,25054
service,800
end_to_end,28145
service,3673
end_to_end,23815
service,1169
end_to_end,23851
service,2148
end_to_end,20372
service,835
end_to_end,21949
service,1126
end_to_end,17974
service,571
end_to_end,22769
service,461
end_to_end,18983
service,5124
end_to_end,28569
service,8922
end_to_end,22067
service,8331
end_to_end,23273
service,1204
end_to_end,27064
service,2661
end_to_end,23620
service,645
end_to_end,24383
service,525
end_to_end,33768
service,2343
end_to_end,23211
service,1738
end_to_end,16857
service,820
end_to_end,22051
service,898
end_to_end,23158
service,2035
end_to_end,16412
service,2237
end_to_end,10413
service,2628
end_to_end,30619
service,771
end_to_end,15105
service,152
end_to_end,22389
service,1707
end_to_end,20792
service,1255
end_to_end,13995
service,600
end_to_end,27763
service,770
end_to_end,13044
service,694
end_to_end,31802
service,1746
end_to_end,35536
service,4463
end_to_end,22551
service,66
end_to_end,28070
service,767
end_to_end,20119
service,503
end_to_end,35601
service,2787
end_to_end,34499
service,1190
end_to_end,24462
service,680
end_to_end,24914
service,307
end_to_end,24811
service,2652
end_to_end,18455
service,1818
end_to_end,17315
service,3817
end_to_end,21324
service,287
end_to_end,16326
service,3140
end_to_end,26717
service,3516
end_to_end,13797
service,353
end_to_end,34734
service,3940
end_to_end,26279
service,6621
end_to_end,19936
service,833
end_to_end,19438
service,2381
end_to_end,12293
service,735
end_to_end,10896
service,187
end_to_end,25425
service,2859
end_to_end,32496
service,1043
end_to_end,18780
service,773
end_to_end,21573
service,1669
end_to_end,39432
service,64
end_to_end,19840
service,79
end_to_end,22717
service,722
end_to_end,27175
service,1581
end_to_end,26580
service,462
end_to_end,30632
service,1403
end_to_end,25430
service,1546
end_to_end,37261
service,8
end_to_end,35888
service,540
end_to_end,17786
service,2083
end_to_end,29631
service,2542
end_to_end,21045
service,921
end_to_end,34591
service,2104
end_to_end,39245
service,5309
end_to_end,26772
service,5077
end_to_end,24412
service,1228
end_to_end,20500
service,4157
end_to_end,13991
service,878
end_to_end,30937
service,7099
end_to_end,15888
service,1249
end_to_end,38792
service,10000
end_to_end,31397
service,11785
end_to_end,26890
service,1609
end_to_end,22897
service,1307
end_to_end,33692
service,9475
end_to_end,24313
service,8605
end_to_end,29170
service,3135
end_to_end,24341
service,16
end_to_end,41047
service,233
end_to_end,19357
service,2258
end_to_end,18819
service,1295
end_to_end,23167
service,4461
end_to_end,30330
service,40
end_to_end,22750
service,2644
end_to_end,32280
service,1115
end_to_end,14106
service,78
end_to_end,18360
service,169
end_to_end,26757
service,4371
end_to_end,28638
service,6471
end_to_end,19191
service,785
end_to_end,26137
service,2220
end_to_end,23731
service,650
end_to_end,30310
service,1111
end_to_end,22024
service,6442
end_to_end,24657
service,126
end_to_end,22573
service,2496
end_to_end,28512
service,2575
end_to_end,25122
service,1162
end_to_end,23269
service,1203
end_to_end,38884
service,5419
end_to_end,29747
service,1837
end_to_end,19186
service,588
end_to_end,24892
service,1578
end_to_end,34199
service,970
end_to_end,25785
service,114
end_to_end,14313
service,832
end_to_end,28624
service,3532
end_to_end,20154
service,1707
end_to_end,24946
service,2688
end_to_end,33314
service,1225
end_to_end,22395
service,2106
end_to_end,26141
service,2766
end_to_end,26864
service,548
end_to_end,35268
service,2413
end_to_end,31300
service,3393
end_to_end,32166
service,2834
end_to_end,24711
service,376
end_to_end,26825
service,2115
end_to_end,35791
service,9857
end_to_end,40272
service,4388
end_to_end,38575
service,1722
end_to_end,35908
service,13
end_to_end,27383
service,2285
end_to_end,39633
service,5095
end_to_end,13042
service,375
end_to_end,14325
service,1330
end_to_end,37855
service,3831
end_to_end,10975
service,480
end_to_end,17743
service,671
end_to_end,24122
service,1632
end_to_end,29610
service,369
end_to_end,23757
service,3044
end_to_end,17118
service,1158
end_to_end,18870
service,668
end_to_end,17653
service,691
end_to_end,14450
service,1348
end_to_end,28322
service,1360
end_to_end,27970
service,8178
end_to_end,25079
service,87
end_to_end,25828
service,2615
end_to_end,23539
service,2854
end_to_end,30852
service,845
end_to_end,21442
service,6883
end_to_end,31206
service,532
end_to_end,39831
service,2234
end_to_end,23604
service,235
end_to_end,22383
service,4572
end_to_end,23587
service,143
end_to_end,38072
service,2336
end_to_end,14919
service,258
end_to_end,21947
service,673
end_to_end,17986
service,1348
end_to_end,17813
service,157
end_to_end,22800
service,429
end_to_end,13616
service,604
end_to_end,27315
service,528
end_to_end,14622
service,872
end_to_end,21068
service,1128
end_to_end,25286
service,3180
end_to_end,14383
service,504
end_to_end,12410
service,436
end_to_end,25812
service,156
end_to_end,20785
service,262
end_to_end,32918
service,4552
end_to_end,25127
service,1329
end_to_end,23379
service,4178
end_to_end,14261
service,2286
end_to_end,25938
service,1334
end_to_end,21699
service,55
end_to_end,28737
service,666
end_to_end,30174
service,507
end_to_end,30158
service,44
end_to_end,22571
service,1633
end_to_end,49568
service,6007
end_to_end,41895
service,8014
end_to_end,24530
service,3328
end_to_end,23776
service,301
end_to_end,35800
service,5138
end_to_end,51442
service,1332
end_to_end,36424
service,625
end_to_end,17971
service,575
end_to_end,17341
service,5
end_to_end,31709
service,842
end_to_end,24256
service,1603
end_to_end,38592
service,3068
end_to_end,29073
service,5595
end_to_end,21411
service,429
end_to_end,27853
service,810
end_to_end,22040
service,3984
end_to_end,11620
service,340
end_to_end,18758
service,2738
end_to_end,27935
service,902
end_to_end,20365
service,5191
end_to_end,29442
service,1514
end_to_end,32766
service,544
end_to_end,32874
service,1490
end_to_end,24726
service,1027
end_to_end,30045
service,819
end_to_end,24350
service,1363
end_to_end,23667
service,374
end_to_end,13996
service,1469
end_to_end,27764
service,955
end_to_end,25318
service,3086
end_to_end,20664
service,4919
end_to_end,16867
service,1905
end_to_end,18040
service,1910
end_to_end,29373
service,3407
end_to_end,15457
service,1500
end_to_end,25697
service,536
end_to_end,24698
service,668
end_to_end,28875
service,4161
end_to_end,29041
service,167
end_to_end,26396
service,1134
end_to_end,20722
service,2481
end_to_end,28285
service,308
end_to_end,20145
service,653
end_to_end,26358
service,1464
end_to_end,11223
service,3900
end_to_end,29027
service,382
end_to_end,31167
service,3649
end_to_end,11873
service,2564
end_to_end,19823
service,1478
end_to_end,19442
service,900
end_to_end,21641
service,2641
end_to_end,26699
service,910
end_to_end,23401
service,1050
end_to_end,13643
service,200
end_to_end,15689
service,2592
end_to_end,29982
service,1043
end_to_end,18675
service,5554
end_to_end,23088
service,4176
end_to_end,17785
service,216
end_to_end,18605
service,770
end_to_end,19273
service,668
end_to_end,26820
service,5754
end_to_end,9115
service,947
end_to_end,13323
service,3029
end_to_end,15018
service,1320
end_to_end,39214
service,4098
end_to_end,28164
service,8688
end_to_end,14161
service,3155
end_to_end,21486
service,3555
end_to_end,21669
service,1446
end_to_end,23026
service,2374
end_to_end,23186
service,9869
end_to_end,19340
service,1269
end_to_end,25906
service,1934
end_to_end,35208
service,967
end_to_end,28564
service,3273
end_to_end,35862
service,846
end_to_end,41018
service,3034
end_to_end,24123
service,210
end_to_end,17700
service,3048
end_to_end,50687
service,279
end_to_end,19455
service,3664
end_to_end,18125
service,3919
end_to_end,21061
service,1519
end_to_end,26018
service,777
end_to_end,18396
service,1058
end_to_end,38264
service,1384
end_to_end,29189
service,461
end_to_end,19745
service,954
end_to_end,30252
service,1070
end_to_end,25011
service,3831
end_to_end,31086
service,2507
end_to_end,26212
service,256
end_to_end,9898
service,1287
end_to_end,36784
service,4801
end_to_end,35957
service,1287
end_to_end,19954
service,3572
end_to_end,21287
service,445
end_to_end,18637
service,2619
end_to_end,20943
service,2205
end_to_end,15725
service,355
end_to_end,18119
service,2239
end_to_end,15233
service,2806
end_to_end,15384
service,1550
end_to_end,28941
service,2973
end_to_end,17104
service,8307
end_to_end,20162
service,3053
end_to_end,19883
service,3072
end_to_end,31390
service,3666
end_to_end,32360
service,2928
end_to_end,19513
service,2450
end_to_end,23230
service,814
end_to_end,20666
service,1400
end_to_end,44816
service,3248
end_to_end,21793
service,2819
end_to_end,25418
service,4071
end_to_end,24684
service,4028
end_to_end,20951
service,284
end_to_end,18453
service,1347
end_to_end,28330
service,1605
end_to_end,19028
service,939
end_to_end,20823
service,5714
end_to_end,13723
service,5376
end_to_end,27286
service,2438
end_to_end,20270
service,366
end_to_end,24951
service,3293
end_to_end,23942
service,966
end_to_end,15922
service,191
end_to_end,18396
service,7841
end_to_end,24093
service,1376
end_to_end,20068
service,91
end_to_end,25212
service,1233
end_to_end,25798
service,2587
end_to_end,27107
service,248
end_to_end,27857
service,2062
end_to_end,23415
service,334
end_to_end,33200
service,3224
end_to_end,39348
service,2467
end_to_end,18774
service,1843
end_to_end,34025
service,12388
end_to_end,19985
service,4602
end_to_end,25404
service,2679
end_to_end,28512
service,3107
end_to_end,23011
service,3981
end_to_end,25786
service,479
end_to_end,25891
service,2525
end_to_end,25177
service,4751
end_to_end,25053
service,370
end_to_end,19310
service,2366
end_to_end,24512
service,1707
end_to_end,22216
service,845
end_to_end,15220
service,242
end_to_end,23479
service,1307
end_to_end,35725
service,4108
end_to_end,21327
service,4310
end_to_end,28190
service,1317
end_to_end,11626
service,1936
end_to_end,30683
service,397
end_to_end,35344
service,5579
end_to_end,20679
service,460
end_to_end,27024
service,2309
end_to_end,18884
service,1274
end_to_end,23394
service,3486
end_to_end,5404
service,185
end_to_end,21027
service,5536
end_to_end,16210
service,1247
end_to_end,22717
service,17
end_to_end,18201
service,7840
end_to_end,6662
service,273
end_to_end,21876
service,458
end_to_end,17055
service,276
end_to_end,21677
service,895
end_to_end,19608
service,317
end_to_end,15223
service,993
end_to_end,27776
service,1370
end_to_end,11599
service,464
end_to_end,10604
service,626
end_to_end,24666
service,3035
end_to_end,23960
service,4610
end_to_end,16593
service,1669
end_to_end,26873
service,763
end_to_end,14992
service,895
end_to_end,9147
service,13
end_to_end,31389
service,3312
end_to_end,15034
service,2639
end_to_end,27782
service,2676
end_to_end,12997
service,49
end_to_end,16023
service,2685
end_to_end,16551
service,2004
end_to_end,29817
service,489
end_to_end,37422
service,3982
end_to_end,17231
service,1406
end_to_end,25544
service,386
end_to_end,30047
service,3087
end_to_end,23991
service,1953
end_to_end,26903
service,3511
end_to_end,22303
service,575
end_to_end,22429
service,2553
end_to_end,25370
service,4115
end_to_end,15927
service,1146
end_to_end,23563
service,2975
end_to_end,16422
service,162
end_to_end,26368
service,1019
end_to_end,17132
service,2856
end_to_end,31413
service,1397
end_to_end,30385
service,1458
end_to_end,17617
service,728
end_to_end,38403
service,3734
end_to_end,28199
service,1155
end_to_end,32500
service,4308
end_to_end,19471
service,998
end_to_end,17829
service,3275
end_to_end,15819
service,1112
end_to_end,25709
service,1233
end_to_end,17864
service,3388
end_to_end,23960
service,2277
end_to_end,16720
service,61
end_to_end,11545
service,544
end_to_end,20518
service,769
end_to_end,30860
service,900
end_to_end,31029
service,4769
end_to_end,22692
service,447
end_to_end,20663
service,215
end_to_end,13776
service,424
end_to_end,16352
service,1234
end_to_end,14308
service,1088
end_to_end,14655
service,1032
end_to_end,28325
service,1650
end_to_end,29197
service,6017
end_to_end,24932
service,787
end_to_end,17343
service,727
end_to_end,23561
service,816
end_to_end,26685
service,5085
end_to_end,17513
service,2559
end_to_end,22459
service,181
end_to_end,22604
service,639
end_to_end,30984
service,6197
end_to_end,20841
service,2941
end_to_end,27065
service,44
end_to_end,19213
service,6411
end_to_end,24671
service,4282
end_to_end,29511
service,2304
end_to_end,21403
service,3751
end_to_end,10505
service,334
end_to_end,17367
service,1078
end_to_end,20402
service,914
end_to_end,28317
service,437
end_to_end,42522
service,2992
end_to_end,28360
service,755
end_to_end,19170
service,1126
end_to_end,23913
service,719
end_to_end,21100
service,1891
end_to_end,16255
service,1302
end_to_end,31566
service,3549
end_to_end,14844
service,100
end_to_end,25728
service,1727
end_to_end,23588
service,7149
end_to_end,11044
service,1391
end_to_end,13207
service,748
end_to_end,18767
service,3423
end_to_end,17206
service,2999
end_to_end,21602
service,1329
end_to_end,19912
service,252
end_to_end,20176
service,188
end_to_end,22699
service,2521
end_to_end,28896
service,6951
end_to_end,14894
service,1463
end_to_end,21157
service,5182
end_to_end,32691
service,3579
end_to_end,32277
service,97
end_to_end,38072
service,882
end_to_end,31852
service,618
end_to_end,36227
service,3045
end_to_end,18044
service,2192
end_to_end,20944
service,805
end_to_end,35642
service,2360
end_to_end,21546
service,77
end_to_end,12157
service,343
end_to_end,13180
service,680
end_to_end,23983
service,2320
end_to_end,25512
service,3152
end_to_end,12275
service,2166
end_to_end,31203
service,1954
end_to_end,16932
service,1024
end_to_end,18832
service,1899
end_to_end,13811
service,1908
end_to_end,22156
service,180
end_to_end,19538
service,111
end_to_end,14926
service,1138
end_to_end,20719
service,279
end_to_end,12790
service,19
end_to_end,25706
service,314
end_to_end,39036
service,19
end_to_end,32352
service,5506
end_to_end,22229
service,1229
end_to_end,36046
service,30
end_to_end,26638
service,238
end_to_end,28130
service,6012
end_to_end,20248
service,1207
end_to_end,22414
service,4518
end_to_end,27364
service,465
end_to_end,17478
service,913
end_to_end,13829
service,4092
end_to_end,12376
service,1727
end_to_end,18013
service,3106
end_to_end,15489
service,1937
end_to_end,27274
service,5346
end_to_end,30040
service,50
end_to_end,11816
service,241
end_to_end,18145
service,5791
end_to_end,23241
service,1022
end_to_end,18390
service,1283
end_to_end,20490
service,831
end_to_end,23807
service,1314
end_to_end,20478
service,4082
end_to_end,12186
service,2336
end_to_end,8462
service,661
end_to_end,30506
service,746
end_to_end,18170
service,1786
end_to_end,19203
service,157
end_to_end,15470
service,4562
end_to_end,22807
service,11
end_to_end,15568
service,1321
end_to_end,22476
service,5145
end_to_end,27809
service,1642
end_to_end,25977
service,2459
end_to_end,22187
service,1984
end_to_end,15271
service,510
end_to_end,23228
service,2888
end_to_end,16035
service,347
end_to_end,12222
service,415
end_to_end,31270
service,707
end_to_end,28443
service,1101
end_to_end,26797
service,1913
end_to_end,18907
service,2524
end_to_end,42723
service,3895
end_to_end,32654
service,2226
end_to_end,29655
service,336
end_to_end,19447
service,1201
end_to_end,22224
service,8
end_to_end,20524
service,3198
end_to_end,20503
service,2211
end_to_end,19741
service,2177
end_to_end,22678
service,1068
end_to_end,20869
service,5537
end_to_end,17336
service,640
end_to_end,32808
service,1362
end_to_end,19991
service,903
end_to_end,17386
service,1747
end_to_end,28437
service,49
end_to_end,20286
service,262
end_to_end,24177
service,5554
end_to_end,20328
service,4998
end_to_end,23543
service,2942
end_to_end,33874
service,6268
end_to_end,25344
service,1899
end_to_end,10761
service,1477
end_to_end,24032
service,4728
end_to_end,7860
service,957
end_to_end,29163
service,2691
end_to_end,24420
service,2316
end_to_end,19359
service,11
end_to_end,26350
service,8673
end_to_end,11422
service,785
end_to_end,36015
service,9519
end_to_end,15869
service,201
end_to_end,30512
service,1982
end_to_end,15560
service,3455
end_to_end,30243
service,1055
end_to_end,32731
service,11337
end_to_end,37493
service,700
end_to_end,25303
service,746
end_to_end,12272
service,203
end_to_end,16554
service,2084
end_to_end,17222
service,3170
end_to_end,20469
service,4689
end_to_end,22426
service,986
end_to_end,13391
service,264
end_to_end,34102
service,7307
end_to_end,16027
service,3710
end_to_end,15860
service,1889
end_to_end,24747
service,2767
end_to_end,25655
service,630
end_to_end,38244
service,5448
end_to_end,23111
service,4307
end_to_end,28074
service,510
end_to_end,27223
service,2846
end_to_end,21584
service,1548
end_to_end,21191
service,1839
end_to_end,47685
service,902
end_to_end,16361
service,1283
end_to_end,27306
service,1771
end_to_end,17632
service,2077
end_to_end,28610
service,3100
end_to_end,14385
service,135
end_to_end,24798
service,2700
end_to_end,46162
service,923
end_to_end,20855
service,5190
end_to_end,20297
service,941
end_to_end,14524
service,2405
end_to_end,16272
service,308
end_to_end,26041
service,6245
end_to_end,25064
service,8326
end_to_end,50065
service,8855
end_to_end,8861
service,1563
end_to_end,31379
service,5333
end_to_end,13415
service,1506
end_to_end,29522
service,0
end_to_end,28269
service,3190
end_to_end,15927
service,684
end_to_end,21951
service,1462
end_to_end,25622
service,6520
end_to_end,33349
service,1220
end_to_end,39342
service,3667
end_to_end,31500
service,94
end_to_end,29493
service,273
end_to_end,17033
service,3940
end_to_end,36791
service,3189
end_to_end,28806
service,3071
end_to_end,30591
service,723
end_to_end,18619
service,932
end_to_end,29783
service,1937
end_to_end,21179
service,765
end_to_end,26597
service,4964
end_to_end,15228
service,561
end_to_end,28314
service,1108
end_to_end,17608
service,1195
end_to_end,30117
service,137
end_to_end,16303
service,113
end_to_end,17476
service,1312
end_to_end,11586
service,3084
end_to_end,31313
service,9179
end_to_end,22512
service,1051
end_to_end,20642
service,3787
end_to_end,26474
service,73
end_to_end,23790
service,326
end_to_end,15081
service,93
end_to_end,26830
service,420
end_to_end,31503
service,3815
end_to_end,36434
service,3019
end_to_end,23672
service,167
end_to_end,31665
service,8075
end_to_end,12004
service,995
end_to_end,25019
service,594
end_to_end,14665
service,1998
end_to_end,10159
service,638
end_to_end,26327
service,7917
end_to_end,21622
service,2892
end_to_end,18819
service,254
end_to_end,20710
service,419
end_to_end,18940
service,2264
end_to_end,24246
service,11
end_to_end,32495
service,909
end_to_end,25165
service,3648
end_to_end,19361
service,259
end_to_end,36569
service,1108
end_to_end,17527
service,5326
end_to_end,30183
service,546
end_to_end,16515
service,5047
end_to_end,19367
service,7901
end_to_end,42957
service,8240
end_to_end,26043
service,8125
end_to_end,20219
service,851
end_to_end,15135
service,1017
end_to_end,37948
service,791
end_to_end,22115
service,3957
end_to_end,19342
service,402
end_to_end,28189
service,6071
end_to_end,31609
service,7059
end_to_end,14838
service,2806
end_to_end,19555
service,4453
end_to_end,21527
service,1972
end_to_end,27294
service,699
end_to_end,20100
service,808
end_to_end,21320
service,1431
end_to_end,37874
service,2184
end_to_end,35348
service,6184
end_to_end,24426
service,3705
end_to_end,5998
service,472
end_to_end,29755
service,931
end_to_end,21308
service,2818
end_to_end,33182
service,1653
end_to_end,39987
service,144
end_to_end,11875
service,1021
end_to_end,24664
service,2825
end_to_end,17819
service,491
end_to_end,21824
service,588
end_to_end,19920
service,1050
end_to_end,22978
service,2837
end_to_end,30535
service,1798
end_to_end,27464
service,1182
end_to_end,19627
service,3925
end_to_end,10784
service,164
end_to_end,30734
service,2987
end_to_end,14662
service,153
end_to_end,34077
service,1029
end_to_end,27106
service,801
end_to_end,22806
service,956
end_to_end,18174
service,4103
end_to_end,25014
service,2808
end_to_end,19301
service,2039
end_to_end,21308
service,1660
end_to_end,26440
service,54
end_to_end,22368
service,109
end_to_end,24032
service,898
end_to_end,8982
service,87
end_to_end,25133
service,9069
end_to_end,42352
service,923
end_to_end,35387
service,52
end_to_end,23707
service,316
end_to_end,37641
service,24
end_to_end,23058
service,1862
end_to_end,30210
service,90
end_to_end,12335
service,1556
end_to_end,17942
service,1433
end_to_end,20452
service,2340
end_to_end,24289
service,1899
end_to_end,14204
service,294
end_to_end,26642
service,292
end_to_end,24364
service,784
end_to_end,29149
service,1351
end_to_end,16454
service,340
end_to_end,27312
service,2761
end_to_end,22068
service,344
end_to_end,23063
service,3270
end_to_end,42106
service,496
end_to_end,17789
service,719
end_to_end,17846
service,2481
end_to_end,19408
service,1544
end_to_end,14506
service,665
end_to_end,14895
service,532
end_to_end,17847
service,530
end_to_end,23382
service,70
end_to_end,29706
service,535
end_to_end,14273
service,3362
end_to_end,26627
service,4963
end_to_end,32222
service,413
end_to_end,12110
service,213
end_to_end,18254
service,718
end_to_end,25825
service,3814
end_to_end,24706
service,379
end_to_end,18012
service,264
end_to_end,21129
service,638
end_to_end,15393
service,799
end_to_end,16258
service,1677
end_to_end,17454
service,2223
end_to_end,16532
service,218
end_to_end,15035
service,1831
end_to_end,20841
service,1487
end_to_end,19585
service,1203
end_to_end,33863
service,888
end_to_end,33585
service,1272
end_to_end,26442
service,5098
end_to_end,18234
service,1517
end_to_end,19714
service,37
end_to_end,36490
service,4300
end_to_end,16125
service,187
end_to_end,24682
service,1155
end_to_end,16113
service,2420
end_to_end,18839
service,1004
end_to_end,18071
service,3221
end_to_end,25093
service,1853
end_to_end,17654
service,487
end_to_end,33264
service,6118
end_to_end,19985
service,124
end_to_end,23279
service,3461
end_to_end,37547
service,3419
end_to_end,28549
service,3293
end_to_end,18804
service,119
end_to_end,19021
service,775
end_to_end,16512
service,378
end_to_end,19735
service,5404
end_to_end,15108
service,301
end_to_end,12671
service,1178
end_to_end,28084
service,372
end_to_end,20466
service,4124
end_to_end,22467
service,1105
end_to_end,20389
service,689
end_to_end,22559
service,644
end_to_end,22038
service,2284
end_to_end,28212
service,1988
end_to_end,25307
service,155
end_to_end,34390
service,214
end_to_end,14666
service,620
end_to_end,14062
service,1405
end_to_end,34515
service,2597
end_to_end,16135
service,968
end_to_end,37238
service,11449
end_to_end,31892
service,1775
end_to_end,23949
service,2200
end_to_end,42983
service,2746
end_to_end,16912
service,892
end_to_end,13945
service,177
end_to_end,29748
service,804
end_to_end,12627
service,244
end_to_end,19631
service,979
end_to_end,18123
service,2682
end_to_end,19637
service,454
end_to_end,27317
service,2596
end_to_end,23101
service,1388
end_to_end,25819
service,2739
end_to_end,20212
service,685
end_to_end,29399
service,1814
end_to_end,15354
service,42
end_to_end,12636
service,43
end_to_end,28070
service,3380
end_to_end,8627
service,1573
end_to_end,21399
service,428
end_to_end,24975
service,227
end_to_end,14303
service,2134
end_to_end,30928
service,2690
end_to_end,11878
service,611
end_to_end,18562
service,2980
end_to_end,21071
service,1900
end_to_end,20210
service,694
end_to_end,21271
service,38
end_to_end,28738
service,6433
end_to_end,16174
service,558
end_to_end,13965
service,634
end_to_end,16182
service,821
end_to_end,19226
service,1232
end_to_end,12927
service,985
end_to_end,33030
service,8241
end_to_end,25587
service,798
end_to_end,28016
service,2599
end_to_end,18994
service,1480
end_to_end,29323
service,3472
end_to_end,21975
service,1623
end_to_end,34027
service,3754
end_to_end,28906
service,3152
end_to_end,18657
service,3138
end_to_end,20729
service,2804
end_to_end,18506
service,135
end_to_end,27627
service,3157
end_to_end,17703
service,963
end_to_end,23629
service,461
end_to_end,20582
service,1521
end_to_end,17749
service,1767
end_to_end,18259
service,89
end_to_end,14637
service,778
end_to_end,15228
service,4137
end_to_end,18977
service,1129
end_to_end,24202
service,348
end_to_end,25672
service,1246
end_to_end,21412
service,798
end_to_end,13674
service,1521
end_to_end,24351
service,514
end_to_end,35801
service,1100
end_to_end,25038
service,1510
end_to_end,27106
service,9081
end_to_end,21348
service,3415
end_to_end,33284
service,3816
end_to_end,23676
service,1419
end_to_end,25311
service,472
end_to_end,21798
service,9632
end_to_end,38215
service,119
end_to_end,29126
service,7014
end_to_end,15464
service,539
end_to_end,19755
service,1794
end_to_end,15854
service,412
end_to_end,35864
service,117
end_to_end,19507
service,140
end_to_end,20358
service,6796
end_to_end,29373
service,109
end_to_end,21063
service,58
end_to_end,17655
service,511
end_to_end,8715
service,755
end_to_end,13251
service,419
end_to_end,17271
service,103
end_to_end,14842
service,1592
end_to_end,23208
service,2182
end_to_end,7996
service,3157
end_to_end,19761
service,5819
end_to_end,17659
service,971
end_to_end,21057
service,3297
end_to_end,22949
service,1891
end_to_end,21309
service,1813
end_to_end,21444
service,11
end_to_end,18217
service,762
end_to_end,24332
service,1267
end_to_end,23264
service,1041
end_to_end,29800
service,2013
end_to_end,21839
service,3234
end_to_end,37704
service,8032
end_to_end,13053
service,746
end_to_end,27601
service,4071
end_to_end,17565
service,2885
end_to_end,20230
service,275
end_to_end,18149
service,854
end_to_end,25179
service,328
end_to_end,18862
service,748
end_to_end,23171
service,3246
end_to_end,23418
service,1389
end_to_end,27574
service,4402
end_to_end,26527
service,841
end_to_end,26584
service,823
end_to_end,20417
service,2229
end_to_end,21848
service,662
end_to_end,20534
service,4609
end_to_end,25007
service,3413
end_to_end,24351
service,2154
end_to_end,26125
service,2850
end_to_end,19676
service,722
end_to_end,34243
service,221
end_to_end,22265
service,527
end_to_end,24967
service,273
end_to_end,26063
service,211
end_to_end,16065
service,941
end_to_end,21357
service,4404
end_to_end,20856
service,432
end_to_end,18314
service,2068
end_to_end,14634
service,2051
end_to_end,31860
service,5500
end_to_end,23993
service,377
end_to_end,14267
service,1998
end_to_end,15104
service,1067
end_to_end,17773
service,1860
end_to_end,34377
service,2842
end_to_end,26890
service,1630
end_to_end,28844
service,1944
end_to_end,26533
service,8631
end_to_end,21651
service,2111
end_to_end,13812
service,2421
end_to_end,30839
service,825
end_to_end,22052
service,1598
end_to_end,24581
service,17
end_to_end,16957
service,1053
end_to_end,28986
service,1320
end_to_end,15767
service,2553
end_to_end,29865
service,2248
end_to_end,18379
service,2405
end_to_end,34428
service,2694
end_to_end,24102
service,1179
end_to_end,25191
service,4140
end_to_end,27306
service,1039
end_to_end,32016
service,2286
end_to_end,46158
service,961
end_to_end,11836
service,1811
end_to_end,15998
service,380
end_to_end,32407
service,5756
end_to_end,16934
service,2343
end_to_end,13308
service,2315
end_to_end,15426
service,2201
end_to_end,18378
service,2370
end_to_end,14275
service,14
end_to_end,12994
service,43
end_to_end,11578
service,794
end_to_end,18742
service,3546
end_to_end,16980
service,104
end_to_end,23916
service,4142
end_to_end,20105
service,477
end_to_end,28814
service,9260
end_to_end,25222
service,1483
end_to_end,27287
service,3811
end_to_end,15304
service,576
end_to_end,24319
service,1256
end_to_end,31583
service,2609
end_to_end,35758
service,6730
end_to_end,27103
service,280
end_to_end,30190
service,2609
end_to_end,20165
service,2937
end_to_end,20844
service,3431
end_to_end,17394
service,738
end_to_end,40579
service,308
end_to_end,19247
service,1964
end_to_end,21690
service,702
end_to_end,17966
service,4369
end_to_end,22349
service,2875
end_to_end,15486
service,298
end_to_end,24344
service,393
end_to_end,8813
service,151
end_to_end,17328
service,1232
end_to_end,17418
service,157
end_to_end,19963
service,567
end_to_end,12136
service,187
end_to_end,11730
service,922
end_to_end,8593
service,2494
end_to_end,16615
service,1452
end_to_end,16814
service,4743
end_to_end,18422
service,3644
end_to_end,13782
service,230
end_to_end,21269
service,2763
end_to_end,16961
service,3815
end_to_end,14599
service,1450
end_to_end,18953
service,348
end_to_end,16365
service,1088
end_to_end,28535
service,2963
end_to_end,29201
service,3798
end_to_end,14050
service,1387
end_to_end,33508
service,2072
end_to_end,38202
service,1146
end_to_end,30313
service,3113
end_to_end,30500
service,1262
end_to_end,30685
service,199
end_to_end,33116
service,4917
end_to_end,27348
service,294
end_to_end,20665
service,2287
end_to_end,19562
service,209
end_to_end,20027
service,3034
end_to_end,23499
service,1353
end_to_end,31823
service,1202
end_to_end,20812
service,2162
end_to_end,17243
service,1976
end_to_end,19114
service,897
end_to_end,37952
service,2176
end_to_end,24485
service,4289
end_to_end,28016
service,4038
end_to_end,19172
service,331
end_to_end,15275
service,762
end_to_end,31364
service,718
end_to_end,24881
service,704
end_to_end,18340
service,617
end_to_end,22772
service,851
end_to_end,26136
service,884
end_to_end,15054
service,1457
end_to_end,18124
service,1613
end_to_end,10453
service,403
end_to_end,14146
service,506
end_to_end,15225
service,3409
end_to_end,15408
service,2904
end_to_end,15606
service,30
end_to_end,20933
service,1237
end_to_end,15974
service,4038
end_to_end,24493
service,313
end_to_end,29647
service,752
end_to_end,33466
service,805
end_to_end,26897
service,394
end_to_end,21296
service,1286
end_to_end,35142
service,5546
end_to_end,30001
service,978
end_to_end,33317
service,3947
end_to_end,29737
service,1797
end_to_end,36007
service,3456
end_to_end,36626
service,204
end_to_end,52393
service,2123
end_to_end,30893
service,3668
end_to_end,53331
service,884
end_to_end,23045
service,2546
end_to_end,17883
service,2520
end_to_end,29315
service,1610
end_to_end,14525
service,1701
end_to_end,33352
service,1559
end_to_end,18071
service,687
end_to_end,15346
service,3603
end_to_end,19344
service,874
end_to_end,19781
service,2111
end_to_end,15935
service,2131
end_to_end,26328
service,988
end_to_end,8257
service,1183
end_to_end,18916
service,985
end_to_end,23204
service,161
end_to_end,18785
service,2482
end_to_end,23325
service,2533
end_to_end,23974
service,5162
end_to_end,20460
service,75
end_to_end,29561
service,1812
end_to_end,18149
service,1482
end_to_end,27965
service,758
end_to_end,17340
service,11
end_to_end,35546
service,195
end_to_end,25797
service,1416
end_to_end,16843
service,1467
end_to_end,14280
service,2983
end_to_end,15534
service,4810
end_to_end,25964
service,1408
end_to_end,24851
service,3616
end_to_end,25936
service,1081
end_to_end,24268
service,6607
end_to_end,23352
service,139
end_to_end,8591
service,400
end_to_end,14542
service,343
end_to_end,12004
service,586
end_to_end,21204
service,1819
end_to_end,15769
service,1334
end_to_end,26803
service,6000
end_to_end,16514
service,6629
end_to_end,24184
service,445
end_to_end,15758
service,1304
end_to_end,15327
service,486
end_to_end,19471
service,495
end_to_end,25985
service,2111
end_to_end,18872
service,136
end_to_end,18091
service,26
end_to_end,31523
service,2017
end_to_end,25947
service,2489
end_to_end,26013
service,687
end_to_end,21318
service,1682
end_to_end,26199
service,252
end_to_end,30272
service,3826
end_to_end,26567
service,361
end_to_end,37320
service,1021
end_to_end,34361
service,3820
end_to_end,34561
service,389
end_to_end,35408
service,10276
end_to_end,36184
service,2963
end_to_end,16602
service,4709
end_to_end,20086
service,3690
end_to_end,26879
service,4374
end_to_end,20970
service,879
end_to_end,16696
service,2923
end_to_end,15740
service,63
end_to_end,21057
service,173
end_to_end,13504
service,189
end_to_end,29853
service,2870
end_to_end,10944
service,1694
end_to_end,19589
service,420
end_to_end,8844
service,675
end_to_end,26976
service,3543
end_to_end,24455
service,1146
end_to_end,26446
service,935
end_to_end,21098
service,1395
end_to_end,22340
service,6
end_to_end,37683
service,2790
end_to_end,31413
service,959
end_to_end,11616
service,1416
end_to_end,22374
service,1044
end_to_end,16726
service,470
end_to_end,21928
service,302
end_to_end,23084
service,224
end_to_end,22845
service,3511
end_to_end,28068
service,386
end_to_end,21174
service,756
end_to_end,35867
service,7846
end_to_end,33301
service,548
end_to_end,14044
service,261
end_to_end,31173
service,2316
end_to_end,22308
service,2960
end_to_end,41583
service,4497
end_to_end,24458
service,352
end_to_end,30976
service,2811
end_to_end,22675
service,3331
end_to_end,42184
service,1093
end_to_end,38141
service,1250
end_to_end,14152
service,1595
end_to_end,11688
service,2208
end_to_end,32113
service,838
end_to_end,20277
service,4057
end_to_end,19702
service,2540
end_to_end,15546
service,2843
end_to_end,22846
service,1622
end_to_end,20441
service,432
end_to_end,41601
service,3801
end_to_end,12072
service,1592
end_to_end,18362
service,227
end_to_end,27244
service,249
end_to_end,34065
service,1842
end_to_end,30021
service,748
end_to_end,18754
service,519
end_to_end,31044
service,2285
end_to_end,22115
service,1842
end_to_end,18476
service,2246
end_to_end,13597
service,1181
end_to_end,19843
service,1859
end_to_end,18896
service,1615
end_to_end,20212
service,637
end_to_end,24500
service,5067
end_to_end,24146
service,0
end_to_end,20579
service,1058
end_to_end,19652
service,801
end_to_end,13264
service,2467
end_to_end,26779
service,1589
end_to_end,32904
service,72
end_to_end,19002
service,1343
end_to_end,23193
service,188
end_to_end,31373
service,328
end_to_end,37615
service,1947
end_to_end,26596
service,1127
end_to_end,25992
service,5109
end_to_end,12104
service,15
end_to_end,26792
service,1039
end_to_end,28546
service,1632
end_to_end,25835
service,407
end_to_end,24159
service,2289
end_to_end,14005
service,3029
end_to_end,18495
service,1962
end_to_end,25987
service,11147
end_to_end,24433
service,800
end_to_end,21536
service,1820
end_to_end,20924
service,4846
end_to_end,11033
service,1107
end_to_end,25177
service,268
end_to_end,14267
service,2028
end_to_end,17154
service,4791
end_to_end,28048
service,770
end_to_end,26271
service,4354
end_to_end,31514
service,5122
end_to_end,26202
service,807
end_to_end,28265
service,374
end_to_end,33212
service,7591
end_to_end,24686
service,533
end_to_end,23936
service,97
end_to_end,16730
service,868
end_to_end,13611
service,2759
end_to_end,19714
service,268
end_to_end,22681
service,2615
end_to_end,11333
service,557
end_to_end,20650
service,8297
end_to_end,16947
service,1599
end_to_end,28646
service,2580
end_to_end,22092
service,5175
end_to_end,16436
service,989
end_to_end,26670
service,6633
end_to_end,24474
service,2008
end_to_end,24759
service,1146
end_to_end,24192
service,4416
end_to_end,22390
service,1073
end_to_end,23073
service,207
end_to_end,24148
service,45
end_to_end,14974
service,940
end_to_end,14878
service,1481
end_to_end,32626
service,2169
end_to_end,23290
service,4124
end_to_end,33034
service,1993
end_to_end,30547
service,772
end_to_end,20201
service,922
end_to_end,38107
service,4074
end_to_end,38356
service,3561
end_to_end,37400
service,739
end_to_end,12054
service,1122
end_to_end,44221
service,352
end_to_end,29974
service,2747
end_to_end,32242
service,1284
end_to_end,31291
service,705
end_to_end,16001
service,1755
end_to_end,13617
service,2058
end_to_end,26882
service,739
end_to_end,13859
service,811
end_to_end,24987
service,901
end_to_end,23424
service,2998
end_to_end,23362
service,3
end_to_end,18336
service,1092
end_to_end,26637
service,181
end_to_end,19979
service,1237
end_to_end,21737
service,1186
end_to_end,21051
service,129
end_to_end,25417
service,80
end_to_end,20230
service,1937
end_to_end,21718
service,2983
end_to_end,20387
service,1775
end_to_end,28472
service,506
end_to_end,15554
service,67
end_to_end,19176
service,593
end_to_end,25054
service,832
end_to_end,34606
service,1072
end_to_end,16198
service,1487
end_to_end,17696
service,652
end_to_end,27560
service,6005
end_to_end,41610
service,3499
end_to_end,25080
service,4333
end_to_end,24761
service,278
end_to_end,26140
service,3586
end_to_end,32561
service,3180
end_to_end,21604
service,1227
end_to_end,26690
service,518
end_to_end,15572
service,1196
end_to_end,19258
service,2794
end_to_end,18086
service,1028
end_to_end,33453
service,723
end_to_end,11686
service,2397
end_to_end,16001
service,2810
end_to_end,22725
service,2561
end_to_end,17893
service,774
end_to_end,20577
service,3014
end_to_end,16813
service,1899
end_to_end,23775
service,1782
end_to_end,27877
service,1308
end_to_end,13872
service,232
end_to_end,35119
service,1007
end_to_end,34332
service,7887
end_to_end,13220
service,726
end_to_end,36013
service,2931
end_to_end,22373
service,6169
end_to_end,10180
service,396
end_to_end,11851
service,1015
end_to_end,25667
service,370
end_to_end,27473
service,1737
end_to_end,21264
service,3926
end_to_end,32053
service,671
end_to_end,20991
service,2668
end_to_end,23512
service,151
end_to_end,30778
service,97
end_to_end,22163
service,160
end_to_end,22495
service,1364
end_to_end,41498
service,2738
end_to_end,31798
service,888
end_to_end,30549
service,1383
end_to_end,19555
service,3220
end_to_end,29333
service,1157
end_to_end,19453
service,1194
end_to_end,26365
service,1331
end_to_end,28956
service,4039
end_to_end,13684
service,554
end_to_end,10567
service,1909
end_to_end,30303
service,194
end_to_end,30553
service,1103
end_to_end,23736
service,1700
end_to_end,24449
service,3827
end_to_end,19951
service,4987
end_to_end,30799
service,1119
end_to_end,24396
service,2559
end_to_end,36255
service,10457
end_to_end,34045
service,3017
end_to_end,30216
service,3360
end_to_end,42446
service,4129
end_to_end,23459
service,1209
end_to_end,36237
service,7323
end_to_end,30953
service,5251
end_to_end,29098
service,6458
end_to_end,24138
service,729
end_to_end,26363
service,2133
end_to_end,18304
service,547
end_to_end,34031
service,9178
end_to_end,23487
service,1512
end_to_end,21460
service,2602
end_to_end,23268
service,3202
end_to_end,20970
service,9226
end_to_end,17060
service,853
end_to_end,31532
service,2237
end_to_end,10598
service,128
end_to_end,16924
service,2197
end_to_end,23772
service,609
end_to_end,16450
service,4259
end_to_end,12460
service,591
end_to_end,19958
service,2438
end_to_end,23829
service,321
end_to_end,18079
service,730
end_to_end,17040
service,5418
end_to_end,24208
service,123
end_to_end,13322
service,664
end_to_end,28145
service,482
end_to_end,38186
service,1999
end_to_end,41572
service,5134
end_to_end,32356
service,5695
end_to_end,38052
service,1963
end_to_end,36051
service,55
end_to_end,26629
service,278
end_to_end,22536
service,3018
end_to_end,26479
service,1574
end_to_end,27410
service,3491
end_to_end,22989
service,2652
end_to_end,32838
service,1794
end_to_end,34249
service,351
end_to_end,15989
service,62
end_to_end,17802
service,1965
end_to_end,30344
service,366
end_to_end,40946
service,849
end_to_end,44388
service,4620
end_to_end,17731
service,563
end_to_end,20016
service,1131
end_to_end,17310
service,2921
end_to_end,26089
service,1939
end_to_end,32448
service,1450
end_to_end,17339
service,2979
end_to_end,8953
service,53
end_to_end,12032
service,1567
end_to_end,23086
service,2790
end_to_end,25519
service,273
end_to_end,34841
service,170
end_to_end,35422
service,245
end_to_end,9558
service,1080
end_to_end,18924
service,205
end_to_end,28448
service,6155
end_to_end,17968
service,2228
end_to_end,18063
service,2605
end_to_end,10782
service,3413
end_to_end,24810
service,2227
end_to_end,22341
service,4815
end_to_end,27292
service,1632
end_to_end,33516
service,782
end_to_end,20714
service,2123
end_to_end,23924
service,3605
end_to_end,29828
service,2145
end_to_end,26346
service,855
end_to_end,12104
service,1644
end_to_end,35651
service,1210
end_to_end,27260
service,718
end_to_end,17848
service,87
end_to_end,19949
service,662
end_to_end,34723
service,5122
end_to_end,31757
service,1833
end_to_end,17612
service,350
end_to_end,28344
service,1331
end_to_end,34658
service,840
end_to_end,16732
service,978
end_to_end,27496
service,6401
end_to_end,27778
service,737
end_to_end,23283
service,1904
end_to_end,22737
service,77
end_to_end,21452
service,890
end_to_end,18044
service,279
end_to_end,18476
service,102
end_to_end,18358
service,3046
end_to_end,35378
service,141
end_to_end,19286
service,1109
end_to_end,11324
service,95
end_to_end,10686
service,457
end_to_end,33308
service,9178
end_to_end,21482
service,2699
end_to_end,15634
service,139
end_to_end,20550
service,1139
end_to_end,18686
service,4408
end_to_end,18498
service,689
end_to_end,18276
service,254
end_to_end,30806
service,4189
end_to_end,22717
service,137
end_to_end,23758
service,187
end_to_end,30293
service,156
end_to_end,29954
service,445
end_to_end,14020
service,5907
end_to_end,27096
service,2953
end_to_end,24900
service,470
end_to_end,23441
service,2773
end_to_end,18215
service,4801
end_to_end,25387
service,4052
end_to_end,25880
service,1757
end_to_end,13009
service,722
end_to_end,25421
service,151
end_to_end,27866
service,1037
end_to_end,21620
service,21
end_to_end,22099
service,874
end_to_end,31485
service,1290
end_to_end,26048
service,199
end_to_end,27525
service,1147
end_to_end,18778
service,6652
end_to_end,30238
service,1339
end_to_end,18982
service,994
end_to_end,17665
service,178
end_to_end,21405
service,401
end_to_end,28992
service,1463
end_to_end,21762
service,4895
end_to_end,24756
service,1505
end_to_end,36255
service,63
end_to_end,26270
service,679
end_to_end,18958
service,4585
end_to_end,20663
service,294
end_to_end,15618
service,312
end_to_end,16514
service,272
end_to_end,32315
service,2444
end_to_end,30155
service,1174
end_to_end,31349
service,2849
end_to_end,13450
service,332
end_to_end,26177
service,3849
end_to_end,35169
service,755
end_to_end,18598
service,710
end_to_end,23709
service,3474
end_to_end,20926
service,584
end_to_end,19532
service,964
end_to_end,24624
service,5051
end_to_end,17615
service,1793
end_to_end,14171
service,1734
end_to_end,20254
service,6084
end_to_end,19244
service,2673
end_to_end,24435
service,12
end_to_end,22543
service,226
end_to_end,35103
service,6395
end_to_end,26541
service,2672
end_to_end,20811
service,4012
end_to_end,17057
service,2524
end_to_end,24149
service,1536
end_to_end,25669
service,6047
end_to_end,20422
service,505
end_to_end,18972
service,311
end_to_end,22231
service,1885
end_to_end,38347
service,3325
end_to_end,23633
service,335
end_to_end,20926
service,1008
end_to_end,24115
service,48
end_to_end,22440
service,626
end_to_end,21114
service,0
end_to_end,34004
service,6687
end_to_end,15264
service,1808
end_to_end,15274
service,226
end_to_end,33636
service,3175
end_to_end,20477
service,60
end_to_end,19347
service,4356
end_to_end,32168
service,5701
end_to_end,28610
service,1497
end_to_end,17909
service,1861
end_to_end,9117
service,468
end_to_end,39291
service,8880
end_to_end,23059
service,944
end_to_end,20068
service,162
end_to_end,34171
service,9368
end_to_end,21905
service,2165
end_to_end,27771
service,3369
end_to_end,25719
service,1002
end_to_end,15063
service,2580
end_to_end,30120
service,1883
end_to_end,22894
service,808
end_to_end,24966
service,3957
end_to_end,20088
service,901
end_to_end,25826
service,181
end_to_end,40278
service,991
end_to_end,21002
service,340
end_to_end,15365
service,26
end_to_end,33828
service,3290
end_to_end,41118
service,6758
end_to_end,38281
service,3280
end_to_end,31421
service,5479
end_to_end,24430
service,685
end_to_end,25955
service,1607
end_to_end,17828
service,44
end_to_end,16200
service,4697
end_to_end,31531
service,2037
end_to_end,13191
service,421
end_to_end,33669
service,696
end_to_end,21254
service,1247
end_to_end,17311
service,1686
end_to_end,17246
service,911
end_to_end,19649
service,526
end_to_end,36053
service,5630
end_to_end,28550
service,2619
end_to_end,32546
service,2445
end_to_end,32743
service,9352
end_to_end,30664
service,7404
end_to_end,45599
service,1529
end_to_end,31380
service,1553
end_to_end,18766
service,1588
end_to_end,18051
service,344
end_to_end,39808
service,2485
end_to_end,39369
service,1189
end_to_end,37011
service,9253
end_to_end,30668
service,824
end_to_end,47362
service,840
end_to_end,38676
service,4132
end_to_end,19289
service,2629
end_to_end,42729
service,3826
end_to_end,49413
service,4496
end_to_end,13760
service,476
end_to_end,17494
service,7182
end_to_end,16997
service,3342
end_to_end,12450
service,537
end_to_end,23114
service,1541
end_to_end,16813
service,1014
end_to_end,21407
service,660
end_to_end,16345
service,1384
end_to_end,33677
service,5720
end_to_end,15118
service,906
end_to_end,29030
service,3530
end_to_end,33048
service,898
end_to_end,28997
service,4188
end_to_end,20413
service,1535
end_to_end,23706
service,328
end_to_end,23004
service,3544
end_to_end,14688
service,519
end_to_end,35531
service,4384
end_to_end,20200
service,82
end_to_end,24863
service,477
end_to_end,28142
service,2499
end_to_end,27380
service,108
end_to_end,17210
service,53
end_to_end,35929
service,4244
end_to_end,15175
service,1655
end_to_end,34135
service,605
end_to_end,28422
service,874
end_to_end,26901
service,67
end_to_end,37776
service,243
end_to_end,50676
service,1220
end_to_end,24588
service,6502
end_to_end,44944
service,122
end_to_end,34753
service,1457
end_to_end,69644
service,8089
end_to_end,48236
service,57
end_to_end,55776
service,2525
end_to_end,24719
service,724
end_to_end,33973
service,3091
end_to_end,29251
service,450
end_to_end,34512
service,2595
end_to_end,35169
service,6063
end_to_end,42863
service,3874
end_to_end,41229
service,2975
end_to_end,14962
service,1099
end_to_end,22765
service,744
end_to_end,26382
service,2329
end_to_end,36572
service,4169
end_to_end,16145
service,2818
end_to_end,18700
service,3214
end_to_end,27533
service,2230
end_to_end,22324
service,786
end_to_end,19537
service,3339
end_to_end,18212
service,1317
end_to_end,21689
service,2923
end_to_end,23020
service,271
end_to_end,29714
service,2367
end_to_end,17091
service,6195
end_to_end,15765
service,4292
end_to_end,16365
service,2184
end_to_end,18518
service,1091
end_to_end,17419
service,869
end_to_end,15519
service,623
end_to_end,29841
service,387
end_to_end,27225
service,2664
end_to_end,24845
service,412
end_to_end,18411
service,1911
end_to_end,28864
service,445
end_to_end,21274
service,656
end_to_end,15853
service,1263
end_to_end,17015
service,3924
end_to_end,16516
service,3177
end_to_end,19213
service,5460
end_to_end,27364
service,934
end_to_end,29685
service,1305
end_to_end,17211
service,3753
end_to_end,21479
service,1166
end_to_end,26283
service,3040
end_to_end,22589
service,2475
end_to_end,18499
service,1760
end_to_end,29735
service,1675
end_to_end,31761
service,11989
end_to_end,22798
service,5324
end_to_end,26019
service,5487
end_to_end,18084
service,8318
end_to_end,36338
service,1963
end_to_end,35488
service,6421
end_to_end,19144
service,83
end_to_end,21064
service,3044
end_to_end,29788
service,2635
end_to_end,38680
service,6918
end_to_end,24395
service,4
end_to_end,23641
service,1203
end_to_end,15419
service,798
end_to_end,19447
service,164
end_to_end,12181
service,218
end_to_end,26115
service,833
end_to_end,19959
service,988
end_to_end,8877
service,795
end_to_end,16642
service,35
end_to_end,31826
service,5654
end_to_end,23663
service,1801
end_to_end,19119
service,2027
end_to_end,16627
service,4809
end_to_end,25440
service,573
end_to_end,33190
service,740
end_to_end,45069
service,883
end_to_end,27094
service,4033
end_to_end,30759
service,462
end_to_end,33258
service,4210
end_to_end,46090
service,5222
end_to_end,24629
service,2488
end_to_end,22933
service,576
end_to_end,20100
service,4074
end_to_end,38156
service,2559
end_to_end,23955
service,1324
end_to_end,16212
service,1711
end_to_end,28082
service,1347
end_to_end,20077
service,1
end_to_end,17627
service,682
end_to_end,20791
service,90
end_to_end,26965
service,4643
end_to_end,12222
service,550
end_to_end,25641
service,6752
end_to_end,17587
service,1853
end_to_end,28941
service,3300
end_to_end,29203
service,5210
end_to_end,29898
service,2097
end_to_end,13386
service,666
end_to_end,33398
service,4723
end_to_end,30129
service,2146
end_to_end,34259
service,2975
end_to_end,40130
service,694
end_to_end,20180
service,2003
end_to_end,16529
service,4702
end_to_end,27336
service,644
end_to_end,18677
service,1087
end_to_end,15767
service,457
end_to_end,23974
service,3873
end_to_end,17608
service,893
end_to_end,14166
service,1205
end_to_end,17341
service,842
end_to_end,17744
service,644
end_to_end,17866
service,3618
end_to_end,28812
service,74
end_to_end,17314
service,598
end_to_end,22765
service,709
end_to_end,37336
service,2785
end_to_end,18121
service,3209
end_to_end,8355
service,1191
end_to_end,19186
service,719
end_to_end,20929
service,1118
end_to_end,18559
service,782
end_to_end,18642
service,1972
end_to_end,28375
service,2868
end_to_end,26811
service,4740
end_to_end,12491
service,534
end_to_end,15232
service,3560
end_to_end,20808
service,108
end_to_end,21466
service,4401
end_to_end,12160
service,92
end_to_end,26534
service,1065
end_to_end,13391
service,462
end_to_end,13031
service,1018
end_to_end,37188
service,1899
end_to_end,23768
service,3675
end_to_end,34311
service,933
end_to_end,24912
service,1941
end_to_end,25463
service,278
end_to_end,15834
service,140
end_to_end,31873
service,159
end_to_end,30466
service,2366
end_to_end,27373
service,287
end_to_end,31988
service,880
end_to_end,15466
service,110
end_to_end,19663
service,1476
end_to_end,24548
service,635
end_to_end,16306
service,2335
end_to_end,21861
service,1366
end_to_end,19655
service,1672
end_to_end,36977
service,3003
end_to_end,34871
service,607
end_to_end,26911
service,1283
end_to_end,33300
service,2233
end_to_end,42824
service,285
end_to_end,21317
service,4116
end_to_end,34392
service,1759
end_to_end,30521
service,2027
end_to_end,39370
service,170
end_to_end,29309
service,903
end_to_end,23154
service,538
end_to_end,31642
service,4017
end_to_end,59317
service,57
end_to_end,17131
service,2738
end_to_end,26339
service,288
end_to_end,28433
service,4423
end_to_end,18778
service,233
end_to_end,18403
service,2848
end_to_end,45942
service,3470
end_to_end,19114
service,1294
end_to_end,21104
service,349
end_to_end,15144
service,552
end_to_end,23768
service,4643
end_to_end,14124
service,1532
end_to_end,28540
service,2397
end_to_end,27297
service,1388
end_to_end,24833
service,255
end_to_end,24222
service,2031
end_to_end,29834
service,5022
end_to_end,32666
service,5496
end_to_end,15622
service,1531
end_to_end,23525
service,5150
end_to_end,15296
service,755
end_to_end,39712
service,1898
end_to_end,29886
service,5330
end_to_end,29115
service,2529
end_to_end,19779
service,168
end_to_end,22981
service,1268
end_to_end,15611
service,961
end_to_end,32889
service,2395
end_to_end,15758
service,4080
end_to_end,16524
service,2604
end_to_end,19808
service,638
end_to_end,16355
service,3888
end_to_end,6697
service,478
end_to_end,24119
service,821
end_to_end,27887
service,1314
end_to_end,16899
service,518
end_to_end,17090
service,2281
end_to_end,21137
service,754
end_to_end,17843
service,129
end_to_end,22442
service,1571
end_to_end,23678
service,2974
end_to_end,20809
service,732
end_to_end,20953
service,1203
end_to_end,13960
service,19
end_to_end,26108
service,12
end_to_end,19806
service,2707
end_to_end,24504
service,565
end_to_end,16650
service,1077
end_to_end,17919
service,3175
end_to_end,30750
service,1487
end_to_end,19484
service,9834
end_to_end,13239
service,1492
end_to_end,15182
service,652
end_to_end,13687
service,3537
end_to_end,15038
service,912
end_to_end,20446
service,1506
end_to_end,16107
service,439
end_to_end,24438
service,1555
end_to_end,34429
service,1280
end_to_end,24506
service,195
end_to_end,21530
service,164
end_to_end,13196
service,1041
end_to_end,26906
service,4887
end_to_end,28035
service,1129
end_to_end,23889
service,4100
end_to_end,23399
service,1926
end_to_end,22138
service,392
end_to_end,22397
service,1544
end_to_end,26396
service,4903
end_to_end,29379
service,1806
end_to_end,21946
service,1663
end_to_end,15383
service,88
end_to_end,14408
service,4360
end_to_end,15757
service,2986
end_to_end,22015
service,66
end_to_end,14883
service,1202
end_to_end,12338
service,702
end_to_end,19626
service,2139
end_to_end,16101
service,1989
end_to_end,24933
service,902
end_to_end,25814
service,5404
end_to_end,15622
service,131
end_to_end,20843
service,2152
end_to_end,17871
service,71
end_to_end,19264
service,2218
end_to_end,26757
service,2714
end_to_end,25232
service,935
end_to_end,13605
service,110
end_to_end,21492
service,4966
end_to_end,25488
service,1935
end_to_end,18412
service,78
end_to_end,26310
service,2181
end_to_end,18559
service,911
end_to_end,32261
service,8125
end_to_end,38496
service,6229
end_to_end,41864
service,4250
end_to_end,21220
service,5627
end_to_end,41908
service,3579
end_to_end,29290
service,1993
end_to_end,27935
service,4145
end_to_end,30094
service,4246
end_to_end,21866
service,783
end_to_end,23389
service,3681
end_to_end,20408
service,6851
end_to_end,34385
service,12562
end_to_end,29509
service,2296
end_to_end,17337
service,1185
end_to_end,18458
service,2662
end_to_end,16891
service,163
end_to_end,13245
service,554
end_to_end,10697
service,2194
end_to_end,34376
service,3250
end_to_end,26264
service,119
end_to_end,10424
service,716
end_to_end,21907
service,3420
end_to_end,15396
service,716
end_to_end,32408
service,177
end_to_end,31978
service,7280
end_to_end,15349
service,487
end_to_end,33484
service,2093
end_to_end,11318
service,688
end_to_end,20424
service,162
end_to_end,25834
service,3314
end_to_end,15523
service,1996
end_to_end,16732
service,2977
end_to_end,16508
service,4046
end_to_end,7267
service,1694
end_to_end,22180
service,1064
end_to_end,21494
service,7959
end_to_end,18114
service,333
end_to_end,23640
service,4905
end_to_end,5445
service,560
end_to_end,24488
service,966
end_to_end,23051
service,1105
end_to_end,15258
service,1564
end_to_end,16569
service,1290
end_to_end,20117
service,2620
end_to_end,17355
service,1844
end_to_end,33623
service,1080
end_to_end,35866
service,2703
end_to_end,14660
service,1419
end_to_end,14565
service,968
end_to_end,27005
service,8224
end_to_end,25149
service,1889
end_to_end,25310
service,598
end_to_end,11519
service,929
end_to_end,30268
service,917
end_to_end,14026
service,1044
end_to_end,25189
service,3146
end_to_end,17980
service,1269
end_to_end,19858
service,4162
end_to_end,22323
service,1730
end_to_end,21134
service,4368
end_to_end,22418
service,3969
end_to_end,29397
service,1860
end_to_end,33725
service,4764
end_to_end,18912
service,2517
end_to_end,30167
service,11298
end_to_end,22901
service,1071
end_to_end,19179
service,337
end_to_end,16661
service,540
end_to_end,10225
service,3223
end_to_end,12832
service,1082
end_to_end,27596
service,475
end_to_end,21626
service,669
end_to_end,23769
service,633
end_to_end,35672
service,2320
end_to_end,22149
service,528
end_to_end,22395
service,987
end_to_end,18600
service,1013
end_to_end,21484
service,832
end_to_end,14511
service,2508
end_to_end,26975
service,916
end_to_end,46807
service,2963
end_to_end,24413
service,9915
end_to_end,52911
service,65
end_to_end,13562
service,1014
end_to_end,20747
service,826
end_to_end,39369
service,820
end_to_end,18502
service,1878
end_to_end,28997
service,1792
end_to_end,36513
service,5699
end_to_end,28565
service,4111
end_to_end,16659
service,1739
end_to_end,25869
service,2317
end_to_end,19454
service,1892
end_to_end,23805
service,1363
end_to_end,24938
service,3263
end_to_end,18295
service,529
end_to_end,39111
service,399
end_to_end,32309
service,2916
end_to_end,29742
service,1528
end_to_end,44468
service,3154
end_to_end,23785
service,1219
end_to_end,23070
service,2192
end_to_end,18741
service,334
end_to_end,31315
service,1806
end_to_end,22841
service,575
end_to_end,25138
service,2814
end_to_end,18434
service,1490
end_to_end,19496
service,1186
end_to_end,36623
service,1232
end_to_end,12171
service,486
end_to_end,20542
service,26
end_to_end,15643
service,3809
end_to_end,35086
service,6286
end_to_end,21353
service,6049
end_to_end,19575
service,3458
end_to_end,26285
service,209
end_to_end,14991
service,2870
end_to_end,20091
service,5469
end_to_end,25818
service,3542
end_to_end,18000
service,358
end_to_end,14164
service,1020
end_to_end,25524
service,177
end_to_end,21638
service,767
end_to_end,16923
service,4047
end_to_end,18781
service,1303
end_to_end,26764
service,100
end_to_end,32584
service,8505
end_to_end,21702
service,319
end_to_end,22267
service,1799
end_to_end,10651
service,601
end_to_end,26364
service,3545
end_to_end,34012
service,1827
end_to_end,19263
service,489
end_to_end,20364
service,2176
end_to_end,32745
service,2960
end_to_end,20115
service,2478
end_to_end,17274
service,2060
end_to_end,25891
service,12
end_to_end,15077
service,3914
end_to_end,15336
service,31
end_to_end,9766
service,616
end_to_end,21041
service,1642
end_to_end,19977
service,3893
end_to_end,14109
service,2828
end_to_end,12168
service,1762
end_to_end,27015
service,1688
end_to_end,23154
service,8
end_to_end,25675
service,1756
end_to_end,13584
service,22
end_to_end,39700
service,76
end_to_end,21108
service,2584
end_to_end,19090
service,6144
end_to_end,15697
service,2248
end_to_end,28563
service,218
end_to_end,24949
service,1625
end_to_end,29366
service,613
end_to_end,28687
service,13
end_to_end,25914
service,2763
end_to_end,24033
service,221
end_to_end,32074
service,3903
end_to_end,24842
service,5170
end_to_end,21436
service,1074
end_to_end,19837
service,2614
end_to_end,14524
service,1585
end_to_end,26140
service,200
end_to_end,29941
service,3482
end_to_end,36428
service,3963
end_to_end,26948
service,4974
end_to_end,20660
service,759
end_to_end,24815
service,847
end_to_end,35193
service,2687
end_to_end,45043
service,6752
end_to_end,29041
service,2523
end_to_end,27789
service,863
end_to_end,36287
service,925
end_to_end,14417
service,1969
end_to_end,25414
service,5358
end_to_end,31401
service,625
end_to_end,19018
service,176
end_to_end,36356
service,4566
end_to_end,36269
service,460
end_to_end,17128
service,760
end_to_end,15871
service,505
end_to_end,15439
service,82
end_to_end,21858
service,1172
end_to_end,21946
service,8486
end_to_end,20293
service,1856
end_to_end,37476
service,1289
end_to_end,24559
service,4235
end_to_end,17842
service,963
end_to_end,13287
service,983
end_to_end,22684
service,5175
end_to_end,26474
service,2834
end_to_end,24334
service,1149
end_to_end,11192
service,543
end_to_end,26817
service,4452
end_to_end,24892
service,4335
end_to_end,24187
service,177
end_to_end,34379
service,4280
end_to_end,30074
service,1249
end_to_end,14072
service,1295
end_to_end,28225
service,483
end_to_end,26584
service,2158
end_to_end,27422
service,2587
end_to_end,24366
service,437
end_to_end,44069
service,2247
end_to_end,17541
service,143
end_to_end,27052
service,1716
end_to_end,17974
service,341
end_to_end,18932
service,101
end_to_end,22631
service,5571
end_to_end,25971
service,376
end_to_end,22293
service,2982
end_to_end,29069
service,1323
end_to_end,28955
service,437
end_to_end,35198
service,2632
end_to_end,26329
service,2309
end_to_end,16326
service,730
end_to_end,30384
service,1373
end_to_end,29813
service,40
end_to_end,32747
service,3149
end_to_end,29213
service,1333
end_to_end,20057
service,2140
end_to_end,20492
service,2503
end_to_end,16403
service,26
end_to_end,44220
service,3759
end_to_end,22099
service,546
end_to_end,26743
service,3625
end_to_end,20450
service,2209
end_to_end,14362
service,3829
end_to_end,10846
service,409
end_to_end,15902
service,440
end_to_end,11985
service,1302
end_to_end,28120
service,4048
end_to_end,22044
service,389
end_to_end,38027
service,6845
end_to_end,21671
service,6347
end_to_end,22443
service,4290
end_to_end,20945
service,557
end_to_end,20235
service,595
end_to_end,16668
service,5299
end_to_end,16348
service,955
end_to_end,10653
service,2013
end_to_end,21050
service,500
end_to_end,20027
service,3862
end_to_end,29775
service,1926
end_to_end,20933
service,18
end_to_end,15236
service,627
end_to_end,15618
service,829
end_to_end,13389
service,910
end_to_end,17099
service,645
end_to_end,21381
service,69
end_to_end,18988
service,4831
end_to_end,17913
service,32
end_to_end,26320
service,166
end_to_end,18680
service,139
end_to_end,27454
service,6620
end_to_end,33272
service,545
end_to_end,27424
service,1269
end_to_end,24082
service,361
end_to_end,18110
service,234
end_to_end,14075
service,1891
end_to_end,43293
service,591
end_to_end,24925
service,109
end_to_end,26610
service,4281
end_to_end,25538
service,4102
end_to_end,30738
service,3474
end_to_end,39145
service,658
end_to_end,36372
service,6627
end_to_end,34392
service,2758
end_to_end,39695
service,7495
end_to_end,37643
service,7502
end_to_end,30442
service,4937
end_to_end,24250
service,867
end_to_end,21689
service,4184
end_to_end,22783
service,38
end_to_end,30026
service,6410
end_to_end,30621
service,593
end_to_end,21437
service,2605
end_to_end,29500
service,193
end_to_end,29312
service,3414
end_to_end,16828
service,1615
end_to_end,18412
service,1617
end_to_end,20755
service,4294
end_to_end,24741
service,140
end_to_end,13804
service,1278
end_to_end,27254
service,3214
end_to_end,19308
service,866
end_to_end,18731
service,696
end_to_end,27606
service,117
end_to_end,25055
service,999
end_to_end,25275
service,8051
end_to_end,20413
service,1226
end_to_end,16151
service,2915
end_to_end,27364
service,57
end_to_end,24487
service,688
end_to_end,28702
service,2417
end_to_end,18800
service,3900
end_to_end,19331
service,3219
end_to_end,14532
service,32
end_to_end,24500
service,3529
end_to_end,16784
service,7598
end_to_end,20050
service,203
end_to_end,25460
service,1493
end_to_end,23326
service,2074
end_to_end,11336
service,1325
end_to_end,18746
service,4872
end_to_end,27519
service,2590
end_to_end,23588
service,1029
end_to_end,15288
service,1433
end_to_end,22977
service,63
end_to_end,30113
service,5061
end_to_end,23892
service,952
end_to_end,13038
service,243
end_to_end,21279
service,2418
end_to_end,20450
service,1495
end_to_end,19481
service,107
end_to_end,19825
service,1189
end_to_end,15778
service,1501
end_to_end,14547
service,665
end_to_end,11385
service,720
end_to_end,20480
service,3019
end_to_end,21796
service,8953
end_to_end,26155
service,1241
end_to_end,23625
service,450
end_to_end,20980
service,3258
end_to_end,27996
service,243
end_to_end,34880
service,4103
end_to_end,14381
service,54
end_to_end,18406
service,1583
end_to_end,19025
service,3708
end_to_end,20882
service,5951
end_to_end,23903
service,1960
end_to_end,17887
service,78
end_to_end,25915
service,1324
end_to_end,20376
service,440
end_to_end,24516
service,1546
end_to_end,29644
service,1588
end_to_end,23233
service,587
end_to_end,30131
service,696
end_to_end,26710
service,2944
end_to_end,27762
service,1539
end_to_end,32342
service,173
end_to_end,19510
service,130
end_to_end,29357
service,1243
end_to_end,23844
service,606
end_to_end,31859
service,3957
end_to_end,28165
service,322
end_to_end,15929
service,2413
end_to_end,35196
service,2277
end_to_end,13991
service,973
end_to_end,34315
service,5175
end_to_end,14138
service,3
end_to_end,26765
service,87
end_to_end,26805
service,353
end_to_end,35887
service,5595
end_to_end,23570
service,862
end_to_end,17421
service,233
end_to_end,25167
service,1426
end_to_end,15195
service,1810
end_to_end,20728
service,1286
end_to_end,19438
service,220
end_to_end,27170
service,7734
end_to_end,12915
service,1669
end_to_end,23717
service,5423
end_to_end,13898
service,1085
end_to_end,22556
service,2805
end_to_end,27724
service,2191
end_to_end,18154
service,1003
end_to_end,23518
service,1618
end_to_end,18917
service,208
end_to_end,33380
service,154
end_to_end,29198
service,942
end_to_end,13775
service,1492
end_to_end,19468
service,515
end_to_end,38154
service,1680
end_to_end,18315
service,1664
end_to_end,17160
service,1959
end_to_end,32709
service,6734
end_to_end,15911
service,2716
end_to_end,26801
service,9947
end_to_end,20836
service,369
end_to_end,26069
service,2648
end_to_end,24654
service,5324
end_to_end,27711
service,1990
end_to_end,29554
service,5949
end_to_end,13380
service,1006
end_to_end,24207
service,792
end_to_end,18469
service,156
end_to_end,15832
service,2558
end_to_end,27999
service,1037
end_to_end,26960
service,1136
end_to_end,34210
service,2178
end_to_end,21619
service,747
end_to_end,27374
service,2706
end_to_end,27935
service,1731
end_to_end,25738
service,927
end_to_end,36227
service,535
end_to_end,13007
service,234
end_to_end,26197
service,2032
end_to_end,20987
service,7207
end_to_end,16956
service,713
end_to_end,15448
service,635
end_to_end,31631
service,2458
end_to_end,24821
service,4041
end_to_end,23934
service,851
end_to_end,23143
service,1500
end_to_end,19049
service,427
end_to_end,21844
service,2415
end_to_end,20993
service,3354
end_to_end,19212
service,316
end_to_end,19394
service,2497
end_to_end,10974
service,1807
end_to_end,17334
service,329
end_to_end,27802
service,272
end_to_end,24475
service,2421
end_to_end,19746
service,1576
end_to_end,26616
service,3597
end_to_end,17593
service,2369
end_to_end,25963
service,309
end_to_end,15235
service,3710
end_to_end,32237
service,1714
end_to_end,14179
service,1331
end_to_end,22645
service,7316
end_to_end,22284
service,692
end_to_end,10334
service,709
end_to_end,25899
service,3263
end_to_end,25867
service,715
end_to_end,28145
service,76
end_to_end,16446
service,1967
end_to_end,17593
service,1880
end_to_end,32065
service,2424
end_to_end,41291
service,3473
end_to_end,17562
service,507
end_to_end,14715
service,209
end_to_end,23753
service,75
end_to_end,13022
service,39
end_to_end,17916
service,336
end_to_end,17118
service,351
end_to_end,16229
service,1590
end_to_end,21777
service,1127
end_to_end,42803
service,1251
end_to_end,29322
service,509
end_to_end,32751
service,3324
end_to_end,23988
service,1676
end_to_end,26630
service,575
end_to_end,30712
service,3801
end_to_end,30637
service,1247
end_to_end,26848
service,1660
end_to_end,20298
service,221
end_to_end,17327
service,7
end_to_end,29959
service,1592
end_to_end,23078
service,1716
end_to_end,20696
service,1253
end_to_end,11359
service,846
end_to_end,19716
service,710
end_to_end,23783
service,4398
end_to_end,32806
service,746
end_to_end,20675
service,6520
end_to_end,24486
service,418
end_to_end,15643
service,445
end_to_end,31430
service,6438
end_to_end,20971
service,3049
end_to_end,20869
service,463
end_to_end,21921
service,200
end_to_end,21785
service,687
end_to_end,21196
service,4024
end_to_end,12297
service,2954
end_to_end,37334
service,309
end_to_end,12039
service,773
end_to_end,18657
service,671
end_to_end,29822
service,239
end_to_end,17739
service,2087
end_to_end,22041
service,1620
end_to_end,23233
service,4463
end_to_end,20479
service,1783
end_to_end,26981
service,980
end_to_end,32889
service,363
end_to_end,30918
service,834
end_to_end,23206
service,1481
end_to_end,25552
service,3802
end_to_end,28011
service,2925
end_to_end,35831
service,4103
end_to_end,18602
service,63
end_to_end,20727
service,8864
end_to_end,12931
service,448
end_to_end,32957
service,1107
end_to_end,20010
service,3341
end_to_end,9001
service,1721
end_to_end,13380
service,759
end_to_end,21282
service,838
end_to_end,11716
service,1244
end_to_end,26044
service,1270
end_to_end,20326
service,222
end_to_end,13457
service,827
end_to_end,22048
service,2403
end_to_end,17172
service,2550
end_to_end,22890
service,2091
end_to_end,21611
service,807
end_to_end,44491
service,1467
end_to_end,17173
service,523
end_to_end,15013
service,713
end_to_end,18181
service,3119
end_to_end,20284
service,788
end_to_end,19305
service,1119
end_to_end,26022
service,2337
end_to_end,18582
service,939
end_to_end,15964
service,3067
end_to_end,28673
service,4991
end_to_end,18772
service,2977
end_to_end,14425
service,263
end_to_end,13405
service,958
end_to_end,24433
service,3291
end_to_end,14774
service,415
end_to_end,10718
service,338
end_to_end,35495
service,223
end_to_end,26278
service,5961
end_to_end,27515
service,154
end_to_end,17631
service,3327
end_to_end,27999
service,31
end_to_end,37060
service,850
end_to_end,14871
service,5183
end_to_end,40354
service,2214
end_to_end,30456
service,4585
end_to_end,42943
service,741
end_to_end,28719
service,2200
end_to_end,19552
service,3003
end_to_end,20480
service,548
end_to_end,47641
service,369
end_to_end,15247
service,632
end_to_end,19185
service,1264
end_to_end,24020
service,1860
end_to_end,21421
service,1750
end_to_end,13615
service,472
end_to_end,26944
service,429
end_to_end,14542
service,909
end_to_end,25934
service,4427
end_to_end,13942
service,5
end_to_end,32331
service,1799
end_to_end,14570
service,5127
end_to_end,18965
service,990
end_to_end,21287
service,502
end_to_end,21190
service,241
end_to_end,21643
service,896
end_to_end,24047
service,26
end_to_end,27810
service,798
end_to_end,17429
service,2042
end_to_end,26022
service,2297
end_to_end,20784
service,1028
end_to_end,13810
service,992
end_to_end,19059
service,7485
end_to_end,40563
service,2980
end_to_end,14292
service,3358
end_to_end,28846
service,1733
end_to_end,36688
service,4943
end_to_end,34449
service,3132
end_to_end,17345
service,121
end_to_end,42579
service,1016
end_to_end,29616
service,3388
end_to_end,29949
service,383
end_to_end,21275
service,3628
end_to_end,25914
service,2340
end_to_end,18422
service,2927
end_to_end,22068
service,1731
end_to_end,11815
service,2293
end_to_end,9346
service,539
end_to_end,31760
service,4510
end_to_end,20205
service,1640
end_to_end,40716
service,1334
end_to_end,24381
service,186
end_to_end,14639
service,2907
end_to_end,22706
service,1575
end_to_end,23987
service,1279
end_to_end,18632
service,6735
end_to_end,23727
service,2032
end_to_end,30437
service,2566
end_to_end,33049
service,5403
end_to_end,34937
service,2944
end_to_end,25542
service,671
end_to_end,22372
service,2857
end_to_end,30239
service,4739
end_to_end,20908
service,1404
end_to_end,18214
service,445
end_to_end,17156
service,548
end_to_end,16393
service,53
end_to_end,20091
service,2762
end_to_end,13891
service,216
end_to_end,27620
service,8585
end_to_end,22802
service,2058
end_to_end,22202
service,49
end_to_end,33573
service,6665
end_to_end,26036
service,2638
end_to_end,23503
service,610
end_to_end,17607
service,4391
end_to_end,25192
service,2049
end_to_end,27319
service,308
end_to_end,21921
service,1595
end_to_end,15015
service,1270
end_to_end,26953
service,4
end_to_end,31790
service,3414
end_to_end,32249
service,279
end_to_end,35440
service,793
end_to_end,22155
service,1072
end_to_end,12949
service,838
end_to_end,15562
service,271
end_to_end,21999
service,8
end_to_end,36862
service,195
end_to_end,26438
service,2923
end_to_end,28109
service,3641
end_to_end,13424
service,795
end_to_end,33614
service,1362
end_to_end,21151
service,1710
end_to_end,30673
service,2103
end_to_end,18285
service,1881
end_to_end,12850
service,730
end_to_end,15139
service,242
end_to_end,20595
service,7801
end_to_end,18740
service,1261
end_to_end,15565
service,2638
end_to_end,19685
service,768
end_to_end,8266
service,296
end_to_end,17146
service,249
end_to_end,18963
service,2611
end_to_end,23028
service,1636
end_to_end,9796
service,22
end_to_end,24348
service,3291
end_to_end,28180
service,2923
end_to_end,25892
service,113
end_to_end,12354
service,1700
end_to_end,21520
service,3389
end_to_end,15660
service,2842
end_to_end,22195
service,2753
end_to_end,27478
service,579
end_to_end,20885
service,845
end_to_end,28080
service,3009
end_to_end,27107
service,83
end_to_end,18797
service,660
end_to_end,20317
service,2107
end_to_end,22106
service,705
end_to_end,38308
service,73
end_to_end,14205
service,393
end_to_end,29879
service,179
end_to_end,21314
service,824
end_to_end,18504
service,2422
end_to_end,24909
service,3135
end_to_end,19668
service,7100
end_to_end,29437
service,1554
end_to_end,37925
service,98
end_to_end,16457
service,736
end_to_end,28816
service,105
end_to_end,20312
service,47
end_to_end,33116
service,179
end_to_end,23699
service,161
end_to_end,41261
service,2345
end_to_end,39438
service,1897
end_to_end,26401
service,588
end_to_end,28134
service,5530
end_to_end,15378
service,1361
end_to_end,43994
service,2211
end_to_end,20129
service,889
end_to_end,47676
service,1245
end_to_end,14313
service,1111
end_to_end,8561
service,613
end_to_end,14276
service,587
end_to_end,27562
service,904
end_to_end,31617
service,2136
end_to_end,33328
service,2510
end_to_end,10865
service,4570
end_to_end,24439
service,2965
end_to_end,23441
service,60
end_to_end,18947
service,634
end_to_end,14449
service,1879
end_to_end,37884
service,2966
end_to_end,19068
service,1539
end_to_end,24862
service,51
end_to_end,17641
service,71
end_to_end,25655
service,4475
end_to_end,21220
service,2254
end_to_end,15358
service,1132
end_to_end,22755
service,55
end_to_end,42637
service,10237
end_to_end,32402
service,12239
end_to_end,27514
service,4440
end_to_end,20406
service,3237
end_to_end,24828
service,1171
end_to_end,27501
service,216
end_to_end,27397
service,3846
end_to_end,28743
service,2241
end_to_end,30986
service,469
end_to_end,16755
service,1476
end_to_end,15948
service,921
end_to_end,32910
service,209
end_to_end,10843
service,1052
end_to_end,19952
service,1832
end_to_end,22232
service,1108
end_to_end,14367
service,1498
end_to_end,13342
service,2414
end_to_end,36141
service,3665
end_to_end,20357
service,613
end_to_end,20244
service,7005
end_to_end,26520
service,8140
end_to_end,41828
service,5065
end_to_end,45033
service,717
end_to_end,19348
service,1817
end_to_end,17718
service,765
end_to_end,19890
service,4632
end_to_end,45440
service,6192
end_to_end,21014
service,172
end_to_end,30636
service,222
end_to_end,27004
service,2303
end_to_end,26159
service,1126
end_to_end,30972
service,14
end_to_end,22616
service,4622
end_to_end,44425
service,452
end_to_end,26246
service,512
end_to_end,19168
service,3398
end_to_end,19585
service,67
end_to_end,26266
service,4986
end_to_end,26337
service,3359
end_to_end,22089
service,264
end_to_end,22038
service,6928
end_to_end,20995
service,3538
end_to_end,15451
service,2514
end_to_end,33167
service,17702
end_to_end,35325
service,6795
end_to_end,35807
service,5755
end_to_end,19658
service,2610
end_to_end,38123
service,9130
end_to_end,18692
service,866
end_to_end,18681
service,1650
end_to_end,30973
service,6100
end_to_end,24639
service,485
end_to_end,38421
service,328
end_to_end,37453
service,5419
end_to_end,16563
service,499
end_to_end,21507
service,27
end_to_end,31542
service,4171
end_to_end,45784
service,915
end_to_end,26440
service,51
end_to_end,43378
service,2190
end_to_end,31776
service,684
end_to_end,13926
service,1041
end_to_end,14611
service,3161
end_to_end,30305
service,4664
end_to_end,39038
service,6066
end_to_end,29447
service,3270
end_to_end,12979
service,640
end_to_end,20437
service,7178
end_to_end,15625
service,1664
end_to_end,20632
service,196
end_to_end,16946
service,2337
end_to_end,21816
service,568
end_to_end,25611
service,397
end_to_end,16940
service,945
end_to_end,12390
service,113
end_to_end,12760
service,4404
end_to_end,26952
service,727
end_to_end,33320
service,1522
end_to_end,14401
service,2290
end_to_end,21653
service,1015
end_to_end,19262
service,2943
end_to_end,21983
service,3291
end_to_end,26992
service,1948
end_to_end,17727
service,2117
end_to_end,19540
service,3500
end_to_end,30505
service,3350
end_to_end,33831
service,2077
end_to_end,23155
service,556
end_to_end,24731
service,1206
end_to_end,18176
service,1561
end_to_end,27239
service,604
end_to_end,20712
service,2110
end_to_end,17163
service,901
end_to_end,41501
service,1706
end_to_end,40121
service,4528
end_to_end,27328
service,438
end_to_end,32799
service,970
end_to_end,17963
service,442
end_to_end,29648
service,248
end_to_end,22179
service,2913
end_to_end,23118
service,368
end_to_end,32563
service,2389
end_to_end,28761
service,936
end_to_end,22192
service,5605
end_to_end,26597
service,2680
end_to_end,34764
service,308
end_to_end,33847
service,1625
end_to_end,23774
service,160
end_to_end,18222
service,1521
end_to_end,16689
service,475
end_to_end,30956
service,1762
end_to_end,23972
service,1210
end_to_end,34247
service,6145
end_to_end,34392
service,4394
end_to_end,29039
service,1965
end_to_end,39715
service,2407
end_to_end,28277
service,321
end_to_end,20257
service,2014
end_to_end,20318
service,31
end_to_end,29757
service,1998
end_to_end,27416
service,5003
end_to_end,21878
service,706
end_to_end,40873
service,1158
end_to_end,29763
service,3900
end_to_end,28817
service,2459
end_to_end,35723
service,1968
end_to_end,26830
service,958
end_to_end,24668
service,3747
end_to_end,23892
service,595
end_to_end,29757
service,1027
end_to_end,24758
service,3262
end_to_end,13650
service,12
end_to_end,24134
service,70
end_to_end,30407
service,4902
end_to_end,12823
service,702
end_to_end,25540
service,977
end_to_end,16886
service,358
end_to_end,18227
service,154
end_to_end,25700
service,1408
end_to_end,23490
service,10430
end_to_end,25102
service,5238
end_to_end,22484
service,4802
end_to_end,22367
service,2082
end_to_end,25209
service,2724
end_to_end,20610
service,195
end_to_end,12245
service,1386
end_to_end,20100
service,7145
end_to_end,11873
service,41
end_to_end,23504
service,774
end_to_end,22550
service,473
end_to_end,15568
service,943
end_to_end,18213
service,2375
end_to_end,14922
service,479
end_to_end,15107
service,961
end_to_end,20289
service,2194
end_to_end,17240
service,5113
end_to_end,29537
service,8965
end_to_end,34871
service,154
end_to_end,36685
service,4141
end_to_end,29560
service,52
end_to_end,14470
service,86
end_to_end,17312
service,412
end_to_end,19394
service,1603
end_to_end,25686
service,145
end_to_end,26004
service,136
end_to_end,17924
service,1946
end_to_end,26996
service,15
end_to_end,20780
service,1413
end_to_end,26397
service,1059
end_to_end,26185
service,4023
end_to_end,23783
service,512
end_to_end,9517
service,30
end_to_end,18640
service,1463
end_to_end,16799
service,336
end_to_end,25085
service,3573
end_to_end,23845
service,649
end_to_end,19205
service,2852
end_to_end,25673
service,73
end_to_end,21873
service,1317
end_to_end,24943
service,7
end_to_end,24755
service,1390
end_to_end,26984
service,756
end_to_end,22452
service,1407
end_to_end,25067
service,4565
end_to_end,17601
service,863
end_to_end,27556
service,8669
end_to_end,28462
service,11685
end_to_end,19344
service,944
end_to_end,38509
service,7889
end_to_end,27511
service,9184
end_to_end,38770
service,11208
end_to_end,16438
service,3341
end_to_end,13001
service,2524
end_to_end,24889
service,1702
end_to_end,20406
service,1316
end_to_end,29982
service,863
end_to_end,8576
service,418
end_to_end,19700
service,4119
end_to_end,25093
service,1328
end_to_end,17476
service,2295
end_to_end,18927
service,307
end_to_end,33444
service,2963
end_to_end,19420
service,1788
end_to_end,18478
service,137
end_to_end,37509
service,284
end_to_end,21496
service,4764
end_to_end,22815
service,297
end_to_end,12951
service,252
end_to_end,25155
service,2164
end_to_end,30283
service,946
end_to_end,16478
service,152
end_to_end,14639
service,1182
end_to_end,29304
service,2068
end_to_end,27574
service,5581
end_to_end,22599
service,4731
end_to_end,30107
service,5841
end_to_end,39333
service,392
end_to_end,34181
service,4552
end_to_end,13600
service,870
end_to_end,32502
service,6979
end_to_end,23525
service,1808
end_to_end,39631
service,1864
end_to_end,39816
service,2021
end_to_end,32111
service,51
end_to_end,16846
service,446
end_to_end,34654
service,572
end_to_end,20366
service,2583
end_to_end,16998
service,1736
end_to_end,18986
service,926
end_to_end,16968
service,138
end_to_end,18963
service,1002
end_to_end,23513
service,6297
end_to_end,26069
service,1241
end_to_end,28836
service,704
end_to_end,22925
service,599
end_to_end,23986
service,3618
end_to_end,21912
service,42
end_to_end,25055
service,197
end_to_end,17387
service,866
end_to_end,27582
service,948
end_to_end,17677
service,1979
end_to_end,30145
service,3889
end_to_end,31824
service,2500
end_to_end,32328
service,2771
end_to_end,18704
service,1679
end_to_end,30880
service,1780
end_to_end,28036
service,6939
end_to_end,26226
service,249
end_to_end,23149
service,51
end_to_end,28881
service,4960
end_to_end,19799
service,1583
end_to_end,26400
service,4844
end_to_end,24240
service,468
end_to_end,15782
service,73
end_to_end,19916
service,2737
end_to_end,10466
service,428
end_to_end,26755
service,4777
end_to_end,26880
service,2103
end_to_end,32126
service,3311
end_to_end,17136
service,307
end_to_end,29519
service,2188
end_to_end,31627
service,4232
end_to_end,19880
service,3318
end_to_end,27095
service,3597
end_to_end,34163
service,4967
end_to_end,15810
service,260
end_to_end,28788
service,1019
end_to_end,17205
service,1415
end_to_end,33193
service,1567
end_to_end,14913
service,855
end_to_end,9501
service,2268
end_to_end,36398
service,8186
end_to_end,31655
service,5674
end_to_end,36838
service,7558
end_to_end,29277
service,1675
end_to_end,29048
service,2504
end_to_end,36657
service,1316
end_to_end,38784
service,2252
end_to_end,41556
service,2534
end_to_end,18355
service,2083
end_to_end,14883
service,270
end_to_end,15559
service,128
end_to_end,16090
service,2056
end_to_end,21282
service,2066
end_to_end,13187
service,1783
end_to_end,17510
service,1584
end_to_end,15698
service,1293
end_to_end,18059
service,1245
end_to_end,29277
service,1830
end_to_end,12357
service,2425
end_to_end,36671
service,401
end_to_end,13956
service,517
end_to_end,13685
service,4328
end_to_end,20483
service,3645
end_to_end,22199
service,158
end_to_end,12210
service,4548
end_to_end,12012
service,844
end_to_end,27363
service,1102
end_to_end,14005
service,2332
end_to_end,15091
service,24
end_to_end,15388
service,3143
end_to_end,33006
service,3554
end_to_end,17612
service,32
end_to_end,25004
service,2178
end_to_end,11885
service,778
end_to_end,36139
service,838
end_to_end,39523
service,261
end_to_end,17770
service,802
end_to_end,22890
service,1145
end_to_end,15019
service,1323
end_to_end,21438
service,708
end_to_end,28980
service,11357
end_to_end,17877
service,34
end_to_end,20967
service,2432
end_to_end,20482
service,8519
end_to_end,17068
service,643
end_to_end,17613
service,672
end_to_end,23083
service,117
end_to_end,11894
service,1212
end_to_end,27388
service,2469
end_to_end,19778
service,4737
end_to_end,17975
service,908
end_to_end,17315
service,1281
end_to_end,29405
service,897
end_to_end,33739
service,224
end_to_end,22504
service,2185
end_to_end,18786
service,1397
end_to_end,17745
service,15
end_to_end,21673
service,2021
end_to_end,33051
service,1512
end_to_end,11772
service,2337
end_to_end,21249
service,4748
end_to_end,21347
service,381
end_to_end,10298
service,440
end_to_end,21536
service,3712
end_to_end,20966
service,485
end_to_end,18273
service,3446
end_to_end,15585
service,2339
end_to_end,23920
service,6616
end_to_end,35438
service,2500
end_to_end,21393
service,1184
end_to_end,46517
service,2843
end_to_end,20836
service,375
end_to_end,29064
service,104
end_to_end,23314
service,2215
end_to_end,19703
service,70
end_to_end,13576
service,1790
end_to_end,23189
service,643
end_to_end,18776
service,1213
end_to_end,20958
service,3893
end_to_end,24017
service,1121
end_to_end,25285
service,2543
end_to_end,20770
service,2803
end_to_end,23807
service,4235
end_to_end,17888
service,989
end_to_end,34020
service,1580
end_to_end,22347
service,256
end_to_end,16176
service,1385
end_to_end,29672
service,1199
end_to_end,21428
service,386
end_to_end,16673
service,1353
end_to_end,23132
service,356
end_to_end,37281
service,42
end_to_end,24532
service,1243
end_to_end,16398
service,846
end_to_end,28314
service,678
end_to_end,18578
service,1501
end_to_end,29212
service,389
end_to_end,15413
service,910
end_to_end,29190
service,8287
end_to_end,19257
service,2853
end_to_end,16326
service,1620
end_to_end,8806
service,4299
end_to_end,18184
service,315
end_to_end,30266
service,103
end_to_end,24918
service,357
end_to_end,19974
service,2165
end_to_end,27219
service,2661
end_to_end,23906
service,1539
end_to_end,16211
service,363
end_to_end,19767
service,1185
end_to_end,21018
service,66
end_to_end,18236
service,843
end_to_end,22271
service,2064
end_to_end,25467
service,133
end_to_end,8743
service,1299
end_to_end,13641
service,1555
end_to_end,15997
service,2603
end_to_end,17677
service,2634
end_to_end,15958
service,551
end_to_end,17209
service,174
end_to_end,30746
service,2490
end_to_end,18371
service,79
end_to_end,38250
service,42
end_to_end,24060
service,847
end_to_end,26236
service,1543
end_to_end,28987
service,690
end_to_end,20648
service,2131
end_to_end,28331
service,4262
end_to_end,31120
service,8144
end_to_end,28122
service,1700
end_to_end,11808
service,786
end_to_end,48589
service,6287
end_to_end,35545
service,1857
end_to_end,16910
service,2803
end_to_end,24644
service,3240
end_to_end,19830
service,96
end_to_end,18346
service,1761
end_to_end,16270
service,96
end_to_end,21949
service,518
end_to_end,25256
service,952
end_to_end,12074
service,1917
end_to_end,31790
service,94
end_to_end,32269
service,193
end_to_end,27274
service,222
end_to_end,29026
service,1758
end_to_end,12993
service,2051
end_to_end,19471
service,1507
end_to_end,15152
service,1384
end_to_end,29518
service,135
end_to_end,30647
service,1309
end_to_end,23657
service,678
end_to_end,20831
service,2126
end_to_end,23653
service,1723
end_to_end,21512
service,887
end_to_end,20528
service,1441
end_to_end,24865
service,870
end_to_end,33575
service,899
end_to_end,21387
service,1366
end_to_end,33301
service,3231
end_to_end,32756
service,8919
end_to_end,31887
service,12281
end_to_end,27886
service,112
end_to_end,23925
service,117
end_to_end,32951
service,2118
end_to_end,35122
service,2175
end_to_end,22088
service,2753
end_to_end,22721
service,2498
end_to_end,24240
service,3575
end_to_end,13207
service,1714
end_to_end,23763
service,58
end_to_end,18074
service,680
end_to_end,26529
service,60
end_to_end,25002
service,547
end_to_end,42976
service,5088
end_to_end,22866
service,784
end_to_end,25217
service,984
end_to_end,20377
service,525
end_to_end,11107
service,104
end_to_end,17189
service,838
end_to_end,20387
service,3199
end_to_end,34839
service,323
end_to_end,20688
service,527
end_to_end,18389
service,509
end_to_end,26787
service,47
end_to_end,31711
service,4388
end_to_end,18212
service,1233
end_to_end,20623
service,2060
end_to_end,27078
service,2236
end_to_end,21574
service,1152
end_to_end,20177
service,544
end_to_end,16109
service,57
end_to_end,20537
service,925
end_to_end,23894
service,2108
end_to_end,14533
service,1819
end_to_end,18467
service,128
end_to_end,11353
service,2170
end_to_end,20790
service,2255
end_to_end,17528
service,2818
end_to_end,15015
service,1339
end_to_end,13067
service,58
end_to_end,24036
service,4700
end_to_end,31507
service,440
end_to_end,16353
service,532
end_to_end,25140
service,2101
end_to_end,17975
service,3057
end_to_end,27201
service,988
end_to_end,23361
service,2268
end_to_end,25940
service,1809
end_to_end,20949
service,39
end_to_end,19350
service,696
end_to_end,22220
service,764
end_to_end,26928
service,1492
end_to_end,24338
service,2293
end_to_end,20478
service,363
end_to_end,19732
service,2353
end_to_end,21335
service,239
end_to_end,15926
service,318
end_to_end,24022
service,3086
end_to_end,20405
service,515
end_to_end,23028
service,2833
end_to_end,25320
service,3319
end_to_end,15774
service,234
end_to_end,14211
service,4460
end_to_end,26222
service,1828
end_to_end,16607
service,845
end_to_end,25594
service,1863
end_to_end,22340
service,1742
end_to_end,30550
service,3894
end_to_end,35573
service,4799
end_to_end,18683
service,53
end_to_end,16853
service,679
end_to_end,21970
service,145
end_to_end,16775
service,631
end_to_end,31170
service,461
end_to_end,14355
service,570
end_to_end,44307
service,2885
end_to_end,27353
service,459
end_to_end,38125
service,1557
end_to_end,33384
service,358
end_to_end,19717
service,2499
end_to_end,20667
service,4707
end_to_end,28667
service,93
end_to_end,13710
service,1266
end_to_end,45971
service,584
end_to_end,27144
service,2703
end_to_end,24522
service,2253
end_to_end,19707
service,862
end_to_end,21108
service,1660
end_to_end,19383
service,5608
end_to_end,22125
service,679
end_to_end,18825
service,2501
end_to_end,19008
service,2004
end_to_end,36889
service,752
end_to_end,27460
service,256
end_to_end,14895
service,2111
end_to_end,38504
service,2672
end_to_end,14598
service,825
end_to_end,51876
service,3192
end_to_end,20492
service,171
end_to_end,26161
service,2042
end_to_end,13897
service,646
end_to_end,17042
service,3146
end_to_end,23438
service,2734
end_to_end,11626
service,1268
end_to_end,10753
service,996
end_to_end,20725
service,4767
end_to_end,23422
service,980
end_to_end,13590
service,819
end_to_end,18333
service,2422
end_to_end,15294
service,1308
end_to_end,18625
service,6614
end_to_end,19142
service,4615
end_to_end,25622
service,880
end_to_end,31493
service,3282
end_to_end,20046
service,604
end_to_end,20495
service,150
end_to_end,18003
service,153
end_to_end,18631
service,1929
end_to_end,24945
service,8500
end_to_end,14029
service,848
end_to_end,13389
service,500
end_to_end,31393
service,1320
end_to_end,19409
service,2435
end_to_end,23050
service,1802
end_to_end,27566
service,4639
end_to_end,15538
service,519
end_to_end,20116
service,2936
end_to_end,18641
service,824
end_to_end,27462
service,93
end_to_end,15597
service,1434
end_to_end,35707
service,3022
end_to_end,26485
service,906
end_to_end,20164
service,2075
end_to_end,22506
service,1196
end_to_end,27024
service,454
end_to_end,16087
service,1811
end_to_end,9610
service,2153
end_to_end,24904
service,3202
end_to_end,30651
service,105
end_to_end,19005
service,446
end_to_end,10048
service,441
end_to_end,13728
service,1618
end_to_end,10978
service,5136
end_to_end,11981
service,1317
end_to_end,24410
service,3477
end_to_end,17071
service,351
end_to_end,13925
service,1340
end_to_end,16038
service,1023
end_to_end,18880
service,55
end_to_end,29464
service,4912
end_to_end,24923
service,3003
end_to_end,21134
service,1928
end_to_end,32904
service,473
end_to_end,35021
service,331
end_to_end,32650
service,597
end_to_end,20922
service,2650
end_to_end,36557
service,499
end_to_end,32442
service,343
end_to_end,14180
service,62
end_to_end,12421
service,25
end_to_end,20373
service,2674
end_to_end,21103
service,750
end_to_end,17835
service,845
end_to_end,21670
service,2638
end_to_end,16373
service,1413
end_to_end,21794
service,1542
end_to_end,25013
service,163
end_to_end,35361
service,3420
end_to_end,19948
service,660
end_to_end,27056
service,380
end_to_end,23099
service,158
end_to_end,37550
service,958
end_to_end,35578
service,3147
end_to_end,36199
service,283
end_to_end,20923
service,426
end_to_end,17053
service,924
end_to_end,21062
service,3080
end_to_end,23632
service,510
end_to_end,28985
service,3
end_to_end,11220
service,417
end_to_end,22592
service,2090
end_to_end,30864
service,2045
end_to_end,24998
service,3141
end_to_end,17922
service,1630
end_to_end,15726
service,1093
end_to_end,9705
service,255
end_to_end,10768
service,440
end_to_end,27206
service,1466
end_to_end,10900
service,839
end_to_end,23328
service,3944
end_to_end,11203
service,174
end_to_end,19759
service,619
end_to_end,23651
service,3997
end_to_end,23568
service,2035
end_to_end,25738
service,2798
end_to_end,25210
service,4036
end_to_end,17106
service,488
end_to_end,21267
service,3008
end_to_end,38269
service,5449
end_to_end,20562
service,4412
end_to_end,11016
service,164
end_to_end,30653
service,4255
end_to_end,15996
service,2622
end_to_end,23407
service,1775
end_to_end,19350
service,327
end_to_end,23061
service,365
end_to_end,26151
service,249
end_to_end,21833
service,208
end_to_end,46438
service,4640
end_to_end,33419
service,3334
end_to_end,36921
service,303
end_to_end,28047
service,344
end_to_end,30300
service,3140
end_to_end,12604
service,1539
end_to_end,30289
service,2048
end_to_end,42682
service,5262
end_to_end,11524
service,258
end_to_end,21256
service,323
end_to_end,18061
service,1478
end_to_end,25738
service,4248
end_to_end,20986
service,2363
end_to_end,22097
service,7956
end_to_end,40881
service,24
end_to_end,29303
service,1673
end_to_end,15337
service,3601
end_to_end,18647
service,395
end_to_end,19869
service,282
end_to_end,24016
service,286
end_to_end,23311
service,930
end_to_end,28618
service,1363
end_to_end,28454
service,2061
end_to_end,17618
service,958
end_to_end,27119
service,1904
end_to_end,31889
service,3710
end_to_end,32752
service,360
end_to_end,26612
service,410
end_to_end,14851
service,790
end_to_end,55566
service,8398
end_to_end,24033
service,8668
end_to_end,8901
service,986
end_to_end,17422
service,1210
end_to_end,13528
service,195
end_to_end,22989
service,2332
end_to_end,25181
service,12
end_to_end,11841
service,182
end_to_end,30361
service,6296
end_to_end,19043
service,1868
end_to_end,36565
service,1069
end_to_end,22024
service,1964
end_to_end,18606
service,578
end_to_end,21528
service,1278
end_to_end,17803
service,4100
end_to_end,35060
service,6330
end_to_end,16448
service,1229
end_to_end,12572
service,2731
end_to_end,22231
service,1490
end_to_end,15629
service,1496
end_to_end,25171
service,1103
end_to_end,21445
service,1389
end_to_end,23020
service,515
end_to_end,23185
service,2832
end_to_end,31628
service,1261
end_to_end,31573
service,584
end_to_end,26755
service,4532
end_to_end,19423
service,1728
end_to_end,21464
service,819
end_to_end,22116
service,4056
end_to_end,22511
service,538
end_to_end,16101
service,166
end_to_end,21265
service,406
end_to_end,24547
service,216
end_to_end,22188
service,442
end_to_end,27611
service,908
end_to_end,22976
service,759
end_to_end,17782
service,1403
end_to_end,25053
service,715
end_to_end,28212
service,3414
end_to_end,24187
service,1236
end_to_end,29381
service,73
end_to_end,12338
service,2063
end_to_end,21734
service,5951
end_to_end,31997
service,1917
end_to_end,17362
service,137
end_to_end,18811
service,1116
end_to_end,28042
service,1843
end_to_end,23707
service,930
end_to_end,14783
service,3428
end_to_end,24479
service,143
end_to_end,20561
service,816
end_to_end,12918
service,60
end_to_end,18312
service,82
end_to_end,12921
service,1269
end_to_end,30379
service,4363
end_to_end,21983
service,1810
end_to_end,29155
service,6884
end_to_end,33005
service,247
end_to_end,25462
service,866
end_to_end,14136
service,764
end_to_end,24692
service,1133
end_to_end,28463
service,3531
end_to_end,15180
service,2199
end_to_end,33067
service,524
end_to_end,29027
service,1224
end_to_end,36091
service,3451
end_to_end,19779
service,525
end_to_end,15429
service,6558
end_to_end,27812
service,3203
end_to_end,14920
service,3605
end_to_end,25575
service,1882
end_to_end,18612
service,411
end_to_end,34845
service,3762
end_to_end,20477
service,5072
end_to_end,25566
service,1258
end_to_end,18559
service,954
end_to_end,17028
service,2693
end_to_end,13614
service,559
end_to_end,43659
service,9789
end_to_end,22178
service,695
end_to_end,17330
service,342
end_to_end,24255
service,2176
end_to_end,23007
service,3
end_to_end,27126
service,3157
end_to_end,24765
service,519
end_to_end,28920
service,48
end_to_end,20886
service,279
end_to_end,18733
service,3509
end_to_end,17088
service,1117
end_to_end,22178
service,1287
end_to_end,24107
service,374
end_to_end,11588
service,575
end_to_end,38128
service,1043
end_to_end,17921
service,2086
end_to_end,17441
service,1542
end_to_end,22903
service,2825
end_to_end,23294
service,6
end_to_end,30422
service,1641
end_to_end,17979
service,2491
end_to_end,29651
service,3465
end_to_end,28562
service,8877
end_to_end,17126
service,1900
end_to_end,21364
service,1396
end_to_end,11276
service,770
end_to_end,19630
service,475
end_to_end,23425
service,4593
end_to_end,17003
service,1817
end_to_end,15311
service,471
end_to_end,25298
service,5673
end_to_end,35215
service,6283
end_to_end,29708
service,1183
end_to_end,20320
service,1614
end_to_end,36319
service,1823
end_to_end,18380
service,1607
end_to_end,22269
service,2849
end_to_end,19219
service,296
end_to_end,24512
service,1058
end_to_end,28992
service,2418
end_to_end,26410
service,1900
end_to_end,18661
service,3485
end_to_end,26098
service,1202
end_to_end,23506
service,9573
end_to_end,30675
service,46
end_to_end,16636
service,2167
end_to_end,25925
service,677
end_to_end,23793
service,1848
end_to_end,19017
service,1194
end_to_end,21944
service,3657
end_to_end,21282
service,2693
end_to_end,26075
service,138
end_to_end,17379
service,869
end_to_end,32613
service,1079
end_to_end,16536
service,2967
end_to_end,30184
service,1341
end_to_end,35692
service,113
end_to_end,18536
service,290
end_to_end,29516
service,1423
end_to_end,24985
service,275
end_to_end,32260
service,3467
end_to_end,19074
service,394
end_to_end,19231
service,302
end_to_end,14391
service,218
end_to_end,13699
service,825
end_to_end,17957
service,2139
end_to_end,24280
service,5174
end_to_end,23587
service,3241
end_to_end,33832
service,370
end_to_end,28826
service,164
end_to_end,18630
service,2246
end_to_end,19500
service,870
end_to_end,33790
service,4162
end_to_end,23486
service,953
end_to_end,17393
service,2507
end_to_end,29050
service,242
end_to_end,38482
service,835
end_to_end,44544
service,5734
end_to_end,28285
service,5146
end_to_end,32097
service,2905
end_to_end,35565
service,208
end_to_end,13090
service,992
end_to_end,33050
service,542
end_to_end,38515
service,4208
end_to_end,36103
service,1463
end_to_end,33971
service,2631
end_to_end,26740
service,32
end_to_end,17902
service,60
end_to_end,14923
service,900
end_to_end,28128
service,2981
end_to_end,36426
service,1133
end_to_end,42453
service,5899
end_to_end,41476
service,1122
end_to_end,24752
service,2774
end_to_end,25268
service,269
end_to_end,16192
service,1986
end_to_end,19342
service,971
end_to_end,26507
service,926
end_to_end,13974
service,2653
end_to_end,38494
service,386
end_to_end,24276
service,498
end_to_end,26523
service,282
end_to_end,14773
service,1902
end_to_end,30376
service,1130
end_to_end,23471
service,1569
end_to_end,30328
service,3014
end_to_end,10418
service,1548
end_to_end,37854
service,1249
end_to_end,27032
service,784
end_to_end,34171
service,2311
end_to_end,23250
service,50
end_to_end,44111
service,4519
end_to_end,39125
service,3109
end_to_end,23167
service,878
end_to_end,14969
service,1666
end_to_end,31471
service,188
end_to_end,31499
service,2757
end_to_end,22937
service,839
end_to_end,22450
service,6267
end_to_end,21418
service,4027
end_to_end,19519
service,255
end_to_end,7380
service,68
end_to_end,12649
service,960
end_to_end,29569
service,2275
end_to_end,10226
service,99
end_to_end,26502
service,1159
end_to_end,25815
service,4051
end_to_end,29000
service,7608
end_to_end,19588
service,894
end_to_end,28308
service,3800
end_to_end,20439
service,307
end_to_end,20135
service,842
end_to_end,27444
service,3562
end_to_end,20076
service,795
end_to_end,19584
service,1267
end_to_end,23150
service,2419
end_to_end,28677
service,488
end_to_end,23151
service,1729
end_to_end,23841
service,1161
end_to_end,15847
service,610
end_to_end,23035
service,5319
end_to_end,26134
service,1769
end_to_end,27639
service,2488
end_to_end,24153
service,1710
end_to_end,25167
service,1389
end_to_end,20959
service,511
end_to_end,22258
service,970
end_to_end,19975
service,2192
end_to_end,31901
service,1490
end_to_end,30994
service,1866
end_to_end,14397
service,3651
end_to_end,35035
service,2269
end_to_end,42319
service,1048
end_to_end,36257
service,4345
end_to_end,28274
service,1195
end_to_end,40932
service,11168
end_to_end,48046
service,2934
end_to_end,17773
service,3197
end_to_end,17946
service,746
end_to_end,44518
service,3584
end_to_end,19265
service,2756
end_to_end,16707
service,3129
end_to_end,25197
service,873
end_to_end,28832
service,998
end_to_end,21800
service,2453
end_to_end,14752
service,261
end_to_end,33601
service,813
end_to_end,17333
service,798
end_to_end,36510
service,7386
end_to_end,21231
service,3057
end_to_end,14189
service,2740
end_to_end,20232
service,295
end_to_end,27311
service,2685
end_to_end,23298
service,4819
end_to_end,20490
service,489
end_to_end,17358
service,4305
end_to_end,20932
service,1709
end_to_end,27133
service,2581
end_to_end,30662
service,10753
end_to_end,24923
service,5708
end_to_end,18378
service,835
end_to_end,14084
service,1591
end_to_end,32450
service,1646
end_to_end,17924
service,601
end_to_end,31616
service,2560
end_to_end,18107
service,767
end_to_end,23345
service,5021
end_to_end,40150
service,3506
end_to_end,39599
service,4016
end_to_end,24510
service,172
end_to_end,40421
service,4836
end_to_end,19889
service,2749
end_to_end,37101
service,7135
end_to_end,26294
service,7119
end_to_end,13486
service,1339
end_to_end,38204
service,617
end_to_end,25948
service,2198
end_to_end,29733
service,3180
end_to_end,30840
service,1101
end_to_end,18131
service,1628
end_to_end,13513
service,64
end_to_end,20306
service,1611
end_to_end,17841
service,1830
end_to_end,20176
service,924
end_to_end,16367
service,540
end_to_end,23758
service,482
end_to_end,25986
service,541
end_to_end,18281
service,1530
end_to_end,27344
service,6290
end_to_end,31876
service,6067
end_to_end,19749
service,1933
end_to_end,19773
service,1737
end_to_end,16869
service,1064
end_to_end,19065
service,2430
end_to_end,15671
service,176
end_to_end,29262
service,198
end_to_end,24294
service,1947
end_to_end,16024
service,1986
end_to_end,28069
service,2867
end_to_end,32301
service,3342
end_to_end,27322
service,3195
end_to_end,15799
service,1181
end_to_end,42303
service,5999
end_to_end,47922
service,7500
end_to_end,20686
service,1792
end_to_end,29407
service,5453
end_to_end,15606
service,886
end_to_end,22116
service,2156
end_to_end,11609
service,602
end_to_end,30759
service,3481
end_to_end,25016
service,139
end_to_end,19329
service,1135
end_to_end,17696
service,2813
end_to_end,17206
service,1829
end_to_end,22654
service,1668
end_to_end,11648
service,1905
end_to_end,27636
service,5507
end_to_end,32866
service,3342
end_to_end,25415
service,1358
end_to_end,22954
service,1278
end_to_end,10555
service,175
end_to_end,13532
service,445
end_to_end,24671
service,2457
end_to_end,20056
service,648
end_to_end,13862
service,787
end_to_end,21050
service,33
end_to_end,25766
service,1265
end_to_end,26504
service,545
end_to_end,18317
service,155
end_to_end,14933
service,961
end_to_end,24207
service,3801
end_to_end,15339
service,1307
end_to_end,17707
service,308
end_to_end,43925
service,2219
end_to_end,29633
service,9436
end_to_end,22242
service,2786
end_to_end,21710
service,9150
end_to_end,45610
service,2482
end_to_end,28135
service,3310
end_to_end,23797
service,4197
end_to_end,17435
service,2616
end_to_end,24763
service,230
end_to_end,11416
service,1254
end_to_end,15253
service,452
end_to_end,35225
service,4449
end_to_end,20634
service,571
end_to_end,20224
service,1089
end_to_end,14054
service,1613
end_to_end,27053
service,1434
end_to_end,21073
service,162
end_to_end,28857
service,6149
end_to_end,35280
service,868
end_to_end,15298
service,1018
end_to_end,37106
service,2698
end_to_end,14464
service,1052
end_to_end,16727
service,977
end_to_end,22401
service,3698
end_to_end,28194
service,1158
end_to_end,25308
service,2340
end_to_end,25771
service,5012
end_to_end,19375
service,781
end_to_end,32605
service,10412
end_to_end,24171
service,11157
end_to_end,30551
service,2318
end_to_end,21346
service,1601
end_to_end,25842
service,1452
end_to_end,37268
service,344
end_to_end,16727
service,1739
end_to_end,20600
service,442
end_to_end,18653
service,33
end_to_end,24006
service,1633
end_to_end,31992
service,4313
end_to_end,23079
service,2232
end_to_end,25172
service,31
end_to_end,34632
service,2345
end_to_end,29934
service,2757
end_to_end,26715
service,2745
end_to_end,19203
service,548
end_to_end,25907
service,6321
end_to_end,50356
service,4963
end_to_end,21008
service,1915
end_to_end,23399
service,3348
end_to_end,24288
service,1582
end_to_end,16047
service,67
end_to_end,31115
service,3928
end_to_end,18138
service,750
end_to_end,30667
service,1722
end_to_end,19507
service,2334
end_to_end,29719
service,978
end_to_end,25227
service,1811
end_to_end,12022
service,1053
end_to_end,17236
service,1013
end_to_end,13761
service,1330
end_to_end,20865
service,480
end_to_end,20193
service,1091
end_to_end,23460
service,2283
end_to_end,20564
service,1274
end_to_end,27711
service,133
end_to_end,38685
service,6096
end_to_end,45885
service,75
end_to_end,21836
service,3112
end_to_end,40914
service,3836
end_to_end,17853
service,51
end_to_end,20336
service,1488
end_to_end,30049
service,2809
end_to_end,11384
service,2176
end_to_end,15280
service,2434
end_to_end,25508
service,861
end_to_end,27354
service,3368
end_to_end,29462
service,4130
end_to_end,23350
service,31
end_to_end,19611
service,3222
end_to_end,18361
service,1640
end_to_end,18913
service,297
end_to_end,11059
service,1215
end_to_end,16047
service,1370
end_to_end,13915
service,79
end_to_end,18370
service,7144
end_to_end,24158
service,665
end_to_end,16995
service,1606
end_to_end,26377
service,2973
end_to_end,33412
service,1572
end_to_end,7530
service,1962
end_to_end,35666
service,7216
end_to_end,24788
service,1241
end_to_end,31554
service,703
end_to_end,21846
service,1115
end_to_end,34252
service,6976
end_to_end,25372
service,341
end_to_end,11922
service,291
end_to_end,17206
service,578
end_to_end,20782
service,1440
end_to_end,16928
service,2800
end_to_end,19255
service,1050
end_to_end,17045
service,1680
end_to_end,17691
service,1230
end_to_end,22180
service,1195
end_to_end,29564
service,4202
end_to_end,27079
service,631
end_to_end,24737
service,1351
end_to_end,14790
service,1136
end_to_end,16390
service,293
end_to_end,11159
service,1545
end_to_end,12578
service,938
end_to_end,16805
service,285
end_to_end,19342
service,504
end_to_end,27872
service,1346
end_to_end,13219
service,77
end_to_end,21934
service,920
end_to_end,35764
service,5832
end_to_end,19980
service,1453
end_to_end,21505
service,352
end_to_end,11373
service,383
end_to_end,32880
service,5204
end_to_end,12665
service,190
end_to_end,17494
service,1421
end_to_end,15905
service,366
end_to_end,37220
service,10224
end_to_end,15440
service,514
end_to_end,25421
service,683
end_to_end,20095
service,614
end_to_end,26692
service,5244
end_to_end,12060
service,1499
end_to_end,25184
service,673
end_to_end,28457
service,705
end_to_end,45035
service,7016
end_to_end,24800
service,5010
end_to_end,21282
service,2530
end_to_end,19282
service,474
end_to_end,12951
service,2308
end_to_end,16289
service,223
end_to_end,24357
service,2429
end_to_end,29720
service,5378
end_to_end,18158
service,3080
end_to_end,28816
service,2269
end_to_end,27083
service,1302
end_to_end,17994
service,3923
end_to_end,23716
service,543
end_to_end,38518
service,4091
end_to_end,24318
service,197
end_to_end,23849
service,2961
end_to_end,23564
service,4498
end_to_end,7900
service,388
end_to_end,20486
service,707
end_to_end,21433
service,492
end_to_end,13302
service,978
end_to_end,24788
service,432
end_to_end,32422
service,257
end_to_end,11413
service,1794
end_to_end,16911
service,1858
end_to_end,19482
service,486
end_to_end,16401
service,353
end_to_end,26096
service,2329
end_to_end,31610
service,1775
end_to_end,19820
service,2536
end_to_end,16223
service,908
end_to_end,22554
service,682
end_to_end,16541
service,428
end_to_end,26164
service,630
end_to_end,26016
service,2249
end_to_end,13853
service,2254
end_to_end,32125
service,6094
end_to_end,20846
service,5885
end_to_end,17947
service,1280
end_to_end,20141
service,1416
end_to_end,26316
service,5476
end_to_end,18577
service,85
end_to_end,15102
service,50
end_to_end,18374
service,4887
end_to_end,20588
service,351
end_to_end,14094
service,749
end_to_end,15974
service,1403
end_to_end,21313
service,564
end_to_end,19787
service,1506
end_to_end,28436
service,1807
end_to_end,22526
service,3996
end_to_end,17569
service,2518
end_to_end,16658
service,1084
end_to_end,23456
service,565
end_to_end,21240
service,794
end_to_end,7643
service,811
end_to_end,13256
service,1132
end_to_end,19173
service,40
end_to_end,12786
service,415
end_to_end,19822
service,6504
end_to_end,25380
service,2790
end_to_end,39006
service,404
end_to_end,24519
service,3198
end_to_end,18099
service,1016
end_to_end,16629
service,485
end_to_end,15688
service,1955
end_to_end,22817
service,1067
end_to_end,32941
service,5285
end_to_end,19064
service,330
end_to_end,24733
service,2311
end_to_end,31271
service,4389
end_to_end,30806
service,3593
end_to_end,35823
service,4011
end_to_end,22394
service,97
end_to_end,40424
service,2688
end_to_end,24443
service,1735
end_to_end,33920
service,1874
end_to_end,20672
service,2406
end_to_end,35273
service,643
end_to_end,14224
service,2330
end_to_end,12401
service,2777
end_to_end,22999
service,287
end_to_end,20125
service,2508
end_to_end,27724
service,4987
end_to_end,20997
service,2013
end_to_end,24184
service,574
end_to_end,20358
service,1040
end_to_end,15958
service,806
end_to_end,13969
service,167
end_to_end,9613
service,819
end_to_end,22975
service,3025
end_to_end,38666
service,338
end_to_end,35303
service,2152
end_to_end,26478
service,4924
end_to_end,38870
service,1558
end_to_end,27400
service,11
end_to_end,14137
service,165
end_to_end,49825
service,911
end_to_end,38610
service,343
end_to_end,37723
service,11465
end_to_end,29691
service,2340
end_to_end,38608
service,879
end_to_end,19958
service,536
end_to_end,33835
service,5201
end_to_end,33556
service,1343
end_to_end,23379
service,6539
end_to_end,14523
service,40
end_to_end,15617
service,86
end_to_end,29473
service,467
end_to_end,32780
service,146
end_to_end,28287
service,769
end_to_end,15080
service,1737
end_to_end,14040
service,3053
end_to_end,30856
service,689
end_to_end,16289
service,458
end_to_end,16958
service,219
end_to_end,14438
service,62
end_to_end,11056
service,608
end_to_end,24553
service,1126
end_to_end,17268
service,516
end_to_end,24826
service,7312
end_to_end,25348
service,131
end_to_end,34163
service,2214
end_to_end,28640
service,564
end_to_end,26208
service,1140
end_to_end,18161
service,211
end_to_end,17748
service,2787
end_to_end,22012
service,298
end_to_end,22868
service,1525
end_to_end,16513
service,38
end_to_end,16719
service,352
end_to_end,8208
service,211
end_to_end,20062
service,3657
end_to_end,17587
service,4142
end_to_end,30284
service,804
end_to_end,22344
service,2303
end_to_end,27449
service,7004
end_to_end,19649
service,492
end_to_end,21130
service,1555
end_to_end,23672
service,1337
end_to_end,21628
service,1411
end_to_end,22631
service,1921
end_to_end,26705
service,1670
end_to_end,16385
service,1143
end_to_end,22779
service,1750
end_to_end,19082
service,209
end_to_end,26473
service,3873
end_to_end,30770
service,233
end_to_end,17182
service,1367
end_to_end,16164
service,204
end_to_end,19595
service,7680
end_to_end,14662
service,765
end_to_end,20374
service,1015
end_to_end,39749
service,1649
end_to_end,39767
service,1848
end_to_end,33152
service,179
end_to_end,17894
service,344
end_to_end,20878
service,1154
end_to_end,20112
service,1301
end_to_end,19326
service,226
end_to_end,49194
service,4033
end_to_end,38331
service,853
end_to_end,40280
service,3
end_to_end,25261
service,2073
end_to_end,53251
service,2996
end_to_end,28496
service,5408
end_to_end,35978
service,247
end_to_end,15608
service,3323
end_to_end,33463
service,97
end_to_end,8410
service,102
end_to_end,24007
service,941
end_to_end,20131
service,65
end_to_end,41813
service,1326
end_to_end,25233
service,1072
end_to_end,30855
service,6178
end_to_end,33937
service,6648
end_to_end,24057
service,239
end_to_end,19264
service,3114
end_to_end,8851
service,3308
end_to_end,21381
service,1944
end_to_end,15686
service,1544
end_to_end,15344
service,2196
end_to_end,17792
service,3879
end_to_end,20280
service,372
end_to_end,22128
service,17
end_to_end,19598
service,2383
end_to_end,22973
service,1005
end_to_end,36796
service,6854
end_to_end,26540
service,6958
end_to_end,34817
service,5252
end_to_end,25397
service,928
end_to_end,15720
service,3424
end_to_end,38285
service,5580
end_to_end,29119
service,6779
end_to_end,19488
service,1690
end_to_end,23852
service,3510
end_to_end,10156
service,1140
end_to_end,22474
service,6641
end_to_end,24460
service,1985
end_to_end,18779
service,19
end_to_end,17237
service,3998
end_to_end,32333
service,1871
end_to_end,29045
service,86
end_to_end,27207
service,425
end_to_end,24064
service,1850
end_to_end,22283
service,2943
end_to_end,8829
service,424
end_to_end,26093
service,3507
end_to_end,29445
service,641
end_to_end,37342
service,395
end_to_end,26741
service,633
end_to_end,14275
service,2335
end_to_end,28466
service,1325
end_to_end,28027
service,439
end_to_end,25413
service,5625
end_to_end,28171
service,1509
end_to_end,18223
service,200
end_to_end,25868
service,4204
end_to_end,17384
service,571
end_to_end,14934
service,240
end_to_end,24732
service,8973
end_to_end,12581
service,80
end_to_end,25590
service,2915
end_to_end,35996
service,7152
end_to_end,27994
service,2
end_to_end,24470
service,5901
end_to_end,33843
service,1949
end_to_end,27173
service,1476
end_to_end,36008
service,1020
end_to_end,34525
service,573
end_to_end,23452
service,771
end_to_end,19040
service,199
end_to_end,15873
service,2090
end_to_end,28586
service,1166
end_to_end,24478
service,910
end_to_end,23124
service,5009
end_to_end,31672
service,1081
end_to_end,20443
service,3468
end_to_end,31605
service,227
end_to_end,20730
service,2816
end_to_end,26924
service,2798
end_to_end,28668
service,1041
end_to_end,22731
service,463
end_to_end,18840
service,2555
end_to_end,23570
service,7097
end_to_end,19800
service,1250
end_to_end,21999
service,1452
end_to_end,18816
service,672
end_to_end,26919
service,1323
end_to_end,24179
service,1165
end_to_end,30077
service,3613
end_to_end,17989
service,2411
end_to_end,35256
service,186
end_to_end,26759
service,207
end_to_end,30480
service,11185
end_to_end,24802
service,1820
end_to_end,23331
service,12546
end_to_end,33611
service,1102
end_to_end,6885
service,185
end_to_end,20007
service,392
end_to_end,5534
service,173
end_to_end,19214
service,3987
end_to_end,26539
service,5058
end_to_end,22756
service,939
end_to_end,17089
service,507
end_to_end,18961
service,926
end_to_end,21443
service,1929
end_to_end,28161
service,989
end_to_end,34845
service,2384
end_to_end,14324
service,146
end_to_end,14579
service,4883
end_to_end,13727
service,659
end_to_end,11864
service,420
end_to_end,13253
service,2330
end_to_end,9104
service,1837
end_to_end,26662
service,1244
end_to_end,24710
service,1285
end_to_end,16414
service,286
end_to_end,16513
service,1620
end_to_end,22147
service,2073
end_to_end,27951
service,2348
end_to_end,20958
service,116
end_to_end,24115
service,3890
end_to_end,19543
service,399
end_to_end,23565
service,755
end_to_end,30375
service,2717
end_to_end,14122
service,96
end_to_end,11321
service,248
end_to_end,30826
service,484
end_to_end,18960
service,144
end_to_end,18397
service,323
end_to_end,29256
service,206
end_to_end,15534
service,625
end_to_end,11906
service,241
end_to_end,15229
service,6
end_to_end,24719
service,97
end_to_end,14413
service,1768
end_to_end,31427
service,1241
end_to_end,30993
service,314
end_to_end,42402
service,3490
end_to_end,24643
service,327
end_to_end,33257
service,1315
end_to_end,40205
service,857
end_to_end,17648
service,4312
end_to_end,34752
service,5545
end_to_end,21638
service,4438
end_to_end,22976
service,276
end_to_end,16424
service,1845
end_to_end,17964
service,1106
end_to_end,11472
service,1478
end_to_end,20103
service,112
end_to_end,14245
service,2769
end_to_end,18174
service,2234
end_to_end,20359
service,1735
end_to_end,24109
service,1114
end_to_end,25973
service,719
end_to_end,30903
service,53
end_to_end,41493
service,2634
end_to_end,15533
service,1641
end_to_end,25243
service,696
end_to_end,28829
service,2288
end_to_end,31222
service,921
end_to_end,32620
service,328
end_to_end,37513
service,1290
end_to_end,27958
service,405
end_to_end,35360
service,1096
end_to_end,12931
service,738
end_to_end,25498
service,6236
end_to_end,34902
service,38
end_to_end,33543
service,1852
end_to_end,20048
service,639
end_to_end,26204
service,470
end_to_end,49557
service,2742
end_to_end,29855
service,1371
end_to_end,26546
service,2864
end_to_end,17379
service,362
end_to_end,28667
service,4212
end_to_end,29349
service,4764
end_to_end,19443
service,3234
end_to_end,22280
service,61
end_to_end,25368
service,2341
end_to_end,30656
service,6090
end_to_end,18338
service,156
end_to_end,29278
service,2680
end_to_end,34549
service,77
end_to_end,23720
service,3596
end_to_end,18677
service,19
end_to_end,18561
service,1044
end_to_end,16169
service,1038
end_to_end,20796
service,1471
end_to_end,21775
service,172
end_to_end,20433
service,320
end_to_end,11744
service,1884
end_to_end,38049
service,2934
end_to_end,14422
service,1274
end_to_end,26253
service,4724
end_to_end,15155
service,679
end_to_end,19890
service,1033
end_to_end,22652
service,1516
end_to_end,20033
service,200
end_to_end,20869
service,2305
end_to_end,17810
service,191
end_to_end,29461
service,1011
end_to_end,21518
service,239
end_to_end,26507
service,4004
end_to_end,25160
service,844
end_to_end,12119
service,679
end_to_end,34905
service,4526
end_to_end,16050
service,1004
end_to_end,25666
service,884
end_to_end,28236
service,2638
end_to_end,23394
service,312
end_to_end,9380
service,957
end_to_end,23004
service,200
end_to_end,21915
service,3
end_to_end,33693
service,7979
end_to_end,23832
service,15
end_to_end,19364
service,3028
end_to_end,24288
service,491
end_to_end,27923
service,1525
end_to_end,22955
service,988
end_to_end,28270
service,2382
end_to_end,24222
service,126
end_to_end,19573
service,1509
end_to_end,39591
service,11031
end_to_end,29435
service,4261
end_to_end,28599
service,6285
end_to_end,30294
service,2916
end_to_end,16230
service,674
end_to_end,23987
service,3756
end_to_end,51004
service,3656
end_to_end,24458
service,825
end_to_end,40219
service,471
end_to_end,25747
service,930
end_to_end,38624
service,4494
end_to_end,29640
service,296
end_to_end,23810
service,3486
end_to_end,19426
service,1675
end_to_end,20603
service,86
end_to_end,18919
service,741
end_to_end,19916
service,1081
end_to_end,25453
service,5158
end_to_end,49475
service,2720
end_to_end,17918
service,375
end_to_end,25024
service,541
end_to_end,22543
service,1602
end_to_end,23662
service,4444
end_to_end,17069
service,524
end_to_end,22339
service,2282
end_to_end,32864
service,2740
end_to_end,34851
service,1264
end_to_end,13302
service,526
end_to_end,21919
end_to_end,7677
service,812
service,600
end_to_end,22484
service,2392
end_to_end,20894
service,543
end_to_end,13874
service,725
end_to_end,17506
service,733
end_to_end,13734
service,49
end_to_end,12943
service,1852
end_to_end,15174
service,313
end_to_end,14883
service,1682
end_to_end,12891
service,990
end_to_end,35154
service,4833
end_to_end,30329
service,2137
end_to_end,15832
service,2774
end_to_end,26996
service,3085
end_to_end,18610
service,1504
end_to_end,19203
service,2945
end_to_end,25824
service,2093
end_to_end,15904
service,1493
end_to_end,25489
service,1632
end_to_end,14466
service,239
end_to_end,16882
service,2742
end_to_end,12135
service,495
end_to_end,13839
service,3230
end_to_end,17398
service,751
end_to_end,16442
service,3371
end_to_end,14421
service,1875
end_to_end,19091
service,435
end_to_end,30932
service,2046
end_to_end,21917
service,1880
end_to_end,27981
service,1972
end_to_end,26615
service,493
end_to_end,39619
service,2916
end_to_end,25203
service,1794
end_to_end,20333
service,2592
end_to_end,30906
service,4
end_to_end,20560
service,40
end_to_end,16323
service,2206
end_to_end,12458
service,364
end_to_end,23543
service,220
end_to_end,11458
service,537
end_to_end,29950
service,384
end_to_end,23867
service,3088
end_to_end,17683
service,893
end_to_end,18797
service,217
end_to_end,16306
service,4527
end_to_end,11374
service,1183
end_to_end,26495
service,4125
end_to_end,19067
service,49
end_to_end,16424
service,2738
end_to_end,14966
service,1600
end_to_end,22642
service,1830
end_to_end,21714
service,1547
end_to_end,27009
service,385
end_to_end,27057
service,4080
end_to_end,23438
service,451
end_to_end,37078
service,1497
end_to_end,25146
service,650
end_to_end,18607
service,848
end_to_end,27748
service,750
end_to_end,19343
service,1515
end_to_end,19830
service,1379
end_to_end,22449
service,2670
end_to_end,27568
service,3006
end_to_end,15515
service,1176
end_to_end,16941
service,1552
end_to_end,26123
service,4971
end_to_end,31633
service,2127
end_to_end,15544
service,1459
end_to_end,16770
service,820
end_to_end,21441
service,1582
end_to_end,23763
service,258
end_to_end,23114
service,2633
end_to_end,25518
service,1628
end_to_end,22569
service,1645
end_to_end,31751
service,62
end_to_end,15948
service,4715
end_to_end,14766
service,97
end_to_end,21063
service,151
end_to_end,25446
service,1896
end_to_end,20456
service,1173
end_to_end,23865
service,1130
end_to_end,33533
service,1489
end_to_end,22599
service,4317
end_to_end,36737
service,2266
end_to_end,21998
service,2547
end_to_end,27211
service,339
end_to_end,12030
service,1341
end_to_end,35467
service,618
end_to_end,24535
service,2441
end_to_end,21487
service,1791
end_to_end,36829
service,10477
end_to_end,42858
service,967
end_to_end,20729
service,111
end_to_end,20353
service,2838
end_to_end,16107
service,1409
end_to_end,22039
service,842
end_to_end,15026
service,782
end_to_end,20121
service,697
end_to_end,25774
service,3722
end_to_end,11200
service,83
end_to_end,20326
service,594
end_to_end,23444
service,5983
end_to_end,30505
service,607
end_to_end,11458
service,234
end_to_end,26100
service,2252
end_to_end,11276
service,375
end_to_end,36576
service,12598
end_to_end,21872
service,674
end_to_end,14792
service,5132
end_to_end,20980
service,4127
end_to_end,22304
service,336
end_to_end,31629
service,4304
end_to_end,19669
service,1030
end_to_end,11161
service,1410
end_to_end,26762
service,575
end_to_end,29245
service,33
end_to_end,29712
service,3241
end_to_end,31558
service,1845
end_to_end,28155
service,5822
end_to_end,13296
service,3814
end_to_end,12042
service,2925
end_to_end,26165
service,2149
end_to_end,22763
service,563
end_to_end,22800
service,117
end_to_end,26731
service,584
end_to_end,15939
service,19
end_to_end,18335
service,857
end_to_end,16326
service,2
end_to_end,26315
service,581
end_to_end,44196
service,6779
end_to_end,25119
service,1160
end_to_end,25710
service,4811
end_to_end,34717
service,3495
end_to_end,13604
service,233
end_to_end,37917
service,10738
end_to_end,21863
service,1489
end_to_end,19270
service,544
end_to_end,14199
service,1341
end_to_end,15000
service,606
end_to_end,13905
service,30
end_to_end,20102
service,2121
end_to_end,13015
service,229
end_to_end,23648
service,1461
end_to_end,23005
service,1231
end_to_end,21171
service,3902
end_to_end,9577
service,619
end_to_end,34586
service,146
end_to_end,11540
service,750
end_to_end,15571
service,16
end_to_end,29335
service,9911
end_to_end,14323
service,94
end_to_end,29613
service,2095
end_to_end,23434
service,656
end_to_end,36308
service,2808
end_to_end,13624
service,116
end_to_end,30900
service,3565
end_to_end,35269
service,308
end_to_end,43332
service,3810
end_to_end,33332
service,5754
end_to_end,21039
service,1721
end_to_end,15573
service,3247
end_to_end,29493
service,1601
end_to_end,19334
service,4363
end_to_end,37814
service,5537
end_to_end,32507
service,712
end_to_end,35385
service,6449
end_to_end,42244
service,2757
end_to_end,19262
service,2294
end_to_end,22991
service,2664
end_to_end,43000
service,8316
end_to_end,18941
service,2272
end_to_end,21750
service,371
end_to_end,31691
service,187
end_to_end,29510
service,293
end_to_end,25891
service,3188
end_to_end,19519
service,3444
end_to_end,46186
service,2686
end_to_end,23074
service,1301
end_to_end,39997
service,13329
end_to_end,27660
service,165
end_to_end,13661
service,1132
end_to_end,18342
service,561
end_to_end,10107
service,113
end_to_end,24695
service,469
end_to_end,19774
service,4433
end_to_end,17554
service,1171
end_to_end,17110
service,2965
end_to_end,33408
service,1482
end_to_end,24810
service,2411
end_to_end,38383
service,1567
end_to_end,16644
service,687
end_to_end,24966
service,3936
end_to_end,17007
service,1665
end_to_end,12174
service,221
end_to_end,25221
service,9311
end_to_end,12865
service,394
end_to_end,31561
service,9653
end_to_end,36106
service,14200
end_to_end,25909
service,8863
end_to_end,22933
service,8945
end_to_end,26836
service,5508
end_to_end,24782
service,3028
end_to_end,21615
service,393
end_to_end,33156
service,3382
end_to_end,19750
service,715
end_to_end,15758
service,2001
end_to_end,14834
service,2016
end_to_end,19129
service,237
end_to_end,15052
service,206
end_to_end,23953
service,2348
end_to_end,14740
service,605
end_to_end,21750
service,239
end_to_end,26112
service,5510
end_to_end,12108
service,593
end_to_end,34890
service,957
end_to_end,19677
service,1741
end_to_end,26418
service,1159
end_to_end,16416
service,455
end_to_end,16237
service,382
end_to_end,19744
service,1176
end_to_end,32211
service,335
end_to_end,21196
service,651
end_to_end,27411
service,754
end_to_end,30738
service,1421
end_to_end,17661
service,1679
end_to_end,15964
service,1461
end_to_end,12036
service,1910
end_to_end,22452
service,1236
end_to_end,17486
service,563
end_to_end,20666
service,944
end_to_end,7468
service,1248
end_to_end,17715
service,1292
end_to_end,12265
service,923
end_to_end,23108
service,1765
end_to_end,28158
service,2989
end_to_end,13491
service,3601
end_to_end,17649
service,448
end_to_end,12867
service,4563
end_to_end,32609
service,521
end_to_end,13450
service,894
end_to_end,42929
service,1515
end_to_end,31402
service,2605
end_to_end,35834
service,2516
end_to_end,28768
service,7201
end_to_end,19736
service,66
end_to_end,26154
service,2313
end_to_end,32119
service,5466
end_to_end,26294
service,5950
end_to_end,18385
service,2694
end_to_end,31683
service,2329
end_to_end,16219
service,3827
end_to_end,26903
service,594
end_to_end,21242
service,3411
end_to_end,36537
service,4873
end_to_end,36607
service,69
end_to_end,17422
service,958
end_to_end,21440
service,2765
end_to_end,25579
service,521
end_to_end,22421
service,5339
end_to_end,37349
service,2624
end_to_end,21177
service,6936
end_to_end,33876
service,945
end_to_end,28787
service,1490
end_to_end,26237
service,1110
end_to_end,17517
service,166
end_to_end,23801
service,2030
end_to_end,27865
service,475
end_to_end,29861
service,1124
end_to_end,31316
service,59
end_to_end,35677
service,2975
end_to_end,27307
service,2361
end_to_end,20298
service,51
end_to_end,23448
service,1827
end_to_end,21254
service,1216
end_to_end,22951
service,385
end_to_end,20351
service,2097
end_to_end,19533
service,826
end_to_end,17706
service,237
end_to_end,13741
service,2332
end_to_end,20927
service,845
end_to_end,16148
service,1514
end_to_end,24313
service,91
end_to_end,20340
service,6166
end_to_end,10240
service,1483
end_to_end,21057
service,3002
end_to_end,19288
service,346
end_to_end,20613
service,31
end_to_end,24261
service,7050
end_to_end,31101
service,351
end_to_end,26010
service,6569
end_to_end,22671
service,778
end_to_end,26662
service,778
end_to_end,35901
service,1828
end_to_end,16185
service,1737
end_to_end,12889
service,526
end_to_end,14345
service,850
end_to_end,18269
service,1864
end_to_end,37267
service,2807
end_to_end,24192
service,5442
end_to_end,16146
service,3363
end_to_end,19515
service,1460
end_to_end,21427
service,944
end_to_end,22413
service,784
end_to_end,20444
service,1293
end_to_end,25772
service,1556
end_to_end,23494
service,1841
end_to_end,21768
service,919
end_to_end,13768
service,2126
end_to_end,14451
service,270
end_to_end,22409
service,2924
end_to_end,17141
service,1652
end_to_end,18683
service,815
end_to_end,21366
service,2054
end_to_end,21891
service,1159
end_to_end,24346
service,338
end_to_end,21383
service,2281
end_to_end,14585
service,419
end_to_end,16925
service,1696
end_to_end,20466
service,2817
end_to_end,16398
service,346
end_to_end,13998
service,1174
end_to_end,25156
service,1813
end_to_end,18559
service,1342
end_to_end,28076
service,937
end_to_end,24114
service,5551
end_to_end,20389
service,1332
end_to_end,28975
service,4144
end_to_end,32580
service,2369
end_to_end,19102
service,3480
end_to_end,19056
service,252
end_to_end,31093
service,632
end_to_end,21355
service,2839
end_to_end,21945
service,229
end_to_end,35287
service,13430
end_to_end,36646
service,3064
end_to_end,29894
service,413
end_to_end,33660
service,1374
end_to_end,25034
service,558
end_to_end,14085
service,44
end_to_end,25593
service,892
end_to_end,27327
service,1784
end_to_end,19354
service,2024
end_to_end,28942
service,1199
end_to_end,27260
service,1484
end_to_end,32310
service,1176
end_to_end,25341
service,1331
end_to_end,25493
service,5719
end_to_end,14565
service,673
end_to_end,29608
service,4116
end_to_end,32146
service,5592
end_to_end,21219
service,1114
end_to_end,25714
service,2623
end_to_end,29340
service,2564
end_to_end,22831
service,99
end_to_end,28361
service,659
end_to_end,44996
service,18
end_to_end,30627
service,1352
end_to_end,25847
service,2341
end_to_end,20539
service,313
end_to_end,19334
service,1614
end_to_end,8484
service,377
end_to_end,18796
service,19
end_to_end,41018
service,1853
end_to_end,20863
service,7123
end_to_end,19358
service,411
end_to_end,18539
service,784
end_to_end,15817
service,3036
end_to_end,13143
service,1285
end_to_end,27790
service,2189
end_to_end,24141
service,3796
end_to_end,22625
service,598
end_to_end,43849
service,877
end_to_end,25321
service,889
end_to_end,27210
service,668
end_to_end,36865
service,531
end_to_end,17939
service,2714
end_to_end,19941
service,1713
end_to_end,15531
service,2650
end_to_end,25931
service,248
end_to_end,23253
service,370
end_to_end,14939
service,697
end_to_end,13328
service,1001
end_to_end,25974
service,5434
end_to_end,25408
service,1659
end_to_end,21615
service,9268
end_to_end,30073
service,866
end_to_end,25994
service,3023
end_to_end,34478
service,4530
end_to_end,36080
service,3951
end_to_end,19463
service,2383
end_to_end,34273
service,96
end_to_end,23421
service,3355
end_to_end,20490
service,3308
end_to_end,33459
service,696
end_to_end,18047
service,5217
end_to_end,12561
service,226
end_to_end,21400
service,842
end_to_end,26136
service,4401
end_to_end,17189
service,335
end_to_end,16928
service,970
end_to_end,19408
service,250
end_to_end,10321
service,73
end_to_end,18782
service,1095
end_to_end,17237
service,1438
end_to_end,29184
service,4882
end_to_end,22819
service,780
end_to_end,37092
service,4205
end_to_end,16126
service,2453
end_to_end,43066
service,2490
end_to_end,17455
service,1348
end_to_end,20511
service,155
end_to_end,19408
service,770
end_to_end,26253
service,1655
end_to_end,21288
service,1292
end_to_end,22955
service,6264
end_to_end,31626
service,1910
end_to_end,19690
service,902
end_to_end,30008
service,2114
end_to_end,17781
service,1894
end_to_end,33145
service,6240
end_to_end,18178
service,427
end_to_end,15259
service,33
end_to_end,26932
service,3425
end_to_end,28407
service,946
end_to_end,23014
service,2394
end_to_end,45738
service,1565
end_to_end,17983
service,599
end_to_end,24543
service,3411
end_to_end,26847
service,370
end_to_end,29664
service,2394
end_to_end,14784
service,923
end_to_end,29019
service,566
end_to_end,23937
service,1879
end_to_end,27239
service,1092
end_to_end,16354
service,3187
end_to_end,31177
service,1878
end_to_end,12595
service,2876
end_to_end,26866
service,3510
end_to_end,18353
service,506
end_to_end,9443
service,112
end_to_end,17699
service,11530
end_to_end,28521
service,697
end_to_end,18569
service,944
end_to_end,12346
service,1952
end_to_end,25781
service,5019
end_to_end,25553
service,8910
end_to_end,25538
service,3997
end_to_end,36033
service,5653
end_to_end,26148
service,597
end_to_end,27281
service,3424
end_to_end,15146
service,1059
end_to_end,33168
service,1533
end_to_end,35256
service,487
end_to_end,11509
service,1043
end_to_end,29984
service,1231
end_to_end,10151
service,1368
end_to_end,23784
service,1078
end_to_end,26156
service,2406
end_to_end,14292
service,162
end_to_end,32774
service,2225
end_to_end,18541
service,293
end_to_end,18944
service,2327
end_to_end,20247
service,3373
end_to_end,14504
service,3185
end_to_end,16739
service,85
end_to_end,31434
service,525
end_to_end,15778
service,1424
end_to_end,16035
service,1901
end_to_end,21700
service,3676
end_to_end,27836
service,1341
end_to_end,17432
service,773
end_to_end,16193
service,2638
end_to_end,34697
service,2874
end_to_end,16226
service,3217
end_to_end,17478
service,185
end_to_end,30988
service,1045
end_to_end,32214
service,3600
end_to_end,11560
service,1114
end_to_end,16624
service,2370
end_to_end,23248
service,3684
end_to_end,22039
service,583
end_to_end,16301
service,718
end_to_end,19483
service,656
end_to_end,22801
service,37
end_to_end,24810
service,6321
end_to_end,11123
service,1127
end_to_end,26030
service,745
end_to_end,26031
service,5822
end_to_end,22633
service,78
end_to_end,20130
service,4448
end_to_end,29183
service,1830
end_to_end,27628
service,1262
end_to_end,24008
service,595
end_to_end,32911
service,322
end_to_end,18579
service,1504
end_to_end,15537
service,8
end_to_end,26863
service,2574
end_to_end,23239
service,4455
end_to_end,16950
service,1869
end_to_end,20883
service,3700
end_to_end,16232
service,1319
end_to_end,15867
service,1606
end_to_end,21796
service,9120
end_to_end,20267
service,2290
end_to_end,16932
service,1968
end_to_end,25566
service,3609
end_to_end,10983
service,45
end_to_end,30133
service,3135
end_to_end,16791
service,1244
end_to_end,12262
service,367
end_to_end,11782
service,4149
end_to_end,26280
service,796
end_to_end,15564
service,708
end_to_end,18176
service,2026
end_to_end,19032
service,1177
end_to_end,24516
service,168
end_to_end,21963
service,1215
end_to_end,28823
service,1642
end_to_end,26339
service,1445
end_to_end,26064
service,1259
end_to_end,14595
service,6135
end_to_end,21238
service,1495
end_to_end,25557
service,893
end_to_end,27662
service,7086
end_to_end,43379
service,5187
end_to_end,10012
service,918
end_to_end,18681
service,3603
end_to_end,16833
service,939
end_to_end,16806
service,1138
end_to_end,27608
service,6061
end_to_end,20956
service,2790
end_to_end,20386
service,3646
end_to_end,16242
service,1866
end_to_end,18925
service,2071
end_to_end,12831
service,2439
end_to_end,32141
service,814
end_to_end,21325
service,5615
end_to_end,26659
service,3272
end_to_end,20474
service,4320
end_to_end,22152
service,7365
end_to_end,20309
service,1272
end_to_end,11091
service,268
end_to_end,22193
service,1161
end_to_end,22469
service,276
end_to_end,22647
service,766
end_to_end,27009
service,2725
end_to_end,26583
service,34
end_to_end,27103
service,30
end_to_end,20114
service,1980
end_to_end,36225
service,2988
end_to_end,31557
service,4291
end_to_end,16876
service,1920
end_to_end,33891
service,1715
end_to_end,32191
service,1318
end_to_end,26533
service,817
end_to_end,29521
service,2182
end_to_end,38036
service,130
end_to_end,22711
service,6482
end_to_end,11509
service,202
end_to_end,18968
service,1432
end_to_end,20890
service,2201
end_to_end,32302
service,4292
end_to_end,22555
service,4926
end_to_end,37150
service,7134
end_to_end,40519
service,2307
end_to_end,20833
service,1807
end_to_end,36028
service,4050
end_to_end,30653
service,2211
end_to_end,19564
service,1092
end_to_end,34238
service,1441
end_to_end,9416
service,761
end_to_end,21659
service,4400
end_to_end,28623
service,44
end_to_end,21324
service,1788
end_to_end,20159
service,3871
end_to_end,22822
service,2646
end_to_end,28543
service,4653
end_to_end,26934
service,446
end_to_end,7448
service,248
end_to_end,16519
service,473
end_to_end,24862
service,6047
end_to_end,25418
service,1307
end_to_end,23808
service,1139
end_to_end,19772
service,1445
end_to_end,25406
service,1767
end_to_end,23595
service,190
end_to_end,38164
service,4198
end_to_end,32711
service,2349
end_to_end,25236
service,593
end_to_end,38668
service,2054
end_to_end,23332
service,4022
end_to_end,31720
service,9865
end_to_end,20383
service,497
end_to_end,30763
service,3632
end_to_end,33275
service,1452
end_to_end,41810
service,4099
end_to_end,27766
service,695
end_to_end,31238
service,2963
end_to_end,24462
service,4928
end_to_end,15520
service,4878
end_to_end,16618
service,1163
end_to_end,16448
service,343
end_to_end,37527
service,2821
end_to_end,22136
service,3432
end_to_end,24967
service,771
end_to_end,14932
service,242
end_to_end,16758
service,984
end_to_end,18479
service,1246
end_to_end,13331
service,1481
end_to_end,18456
service,2073
end_to_end,21555
service,515
end_to_end,25126
service,1108
end_to_end,30287
service,2429
end_to_end,16163
service,3032
end_to_end,33782
service,1436
end_to_end,13379
service,1046
end_to_end,27381
service,72
end_to_end,42117
service,2807
end_to_end,30576
service,3688
end_to_end,29186
service,182
end_to_end,21179
service,16
end_to_end,15263
service,719
end_to_end,21157
service,55
end_to_end,21679
service,6142
end_to_end,14910
service,347
end_to_end,27249
service,3560
end_to_end,20596
service,2083
end_to_end,7074
service,1451
end_to_end,24563
service,1223
end_to_end,21673
service,1832
end_to_end,16591
service,5258
end_to_end,29644
service,3885
end_to_end,31608
service,365
end_to_end,27989
service,3010
end_to_end,15297
service,2446
end_to_end,18362
service,276
end_to_end,20937
service,336
end_to_end,12196
service,1019
end_to_end,26216
service,3638
end_to_end,18689
service,3488
end_to_end,31243
service,2669
end_to_end,18771
service,782
end_to_end,24388
service,3633
end_to_end,20679
service,7164
end_to_end,38252
service,11382
end_to_end,30582
service,11887
end_to_end,14262
service,496
end_to_end,30033
service,3659
end_to_end,22605
service,5748
end_to_end,16732
service,247
end_to_end,41444
service,2596
end_to_end,26503
service,164
end_to_end,19621
service,1143
end_to_end,24290
service,6699
end_to_end,16609
service,294
end_to_end,13738
service,2
end_to_end,32539
service,620
end_to_end,23902
service,1266
end_to_end,15313
service,5037
end_to_end,16672
service,3346
end_to_end,21290
service,2535
end_to_end,14875
service,1102
end_to_end,19017
service,5279
end_to_end,28722
service,782
end_to_end,28513
service,669
end_to_end,24825
service,572
end_to_end,27692
service,2146
end_to_end,29003
service,1546
end_to_end,35163
service,1185
end_to_end,21489
service,1136
end_to_end,26882
service,4728
end_to_end,18533
service,2061
end_to_end,17490
service,600
end_to_end,22111
service,342
end_to_end,16121
service,574
end_to_end,20333
service,658
end_to_end,26735
service,1221
end_to_end,19733
service,219
end_to_end,46967
service,2649
end_to_end,33317
service,2620
end_to_end,26490
service,6029
end_to_end,23131
service,4108
end_to_end,24380
service,1249
end_to_end,15819
service,498
end_to_end,14529
service,329
end_to_end,21776
service,1719
end_to_end,20029
service,3858
end_to_end,24629
service,1439
end_to_end,31225
service,1375
end_to_end,14696
service,193
end_to_end,21883
service,814
end_to_end,20401
service,1906
end_to_end,26605
service,1086
end_to_end,18441
service,4540
end_to_end,14908
service,1025
end_to_end,16101
service,1934
end_to_end,17737
service,315
end_to_end,17560
service,772
end_to_end,21453
service,2983
end_to_end,19602
service,630
end_to_end,35752
service,15183
end_to_end,21200
service,1626
end_to_end,29665
service,593
end_to_end,31023
service,6954
end_to_end,19548
service,5531
end_to_end,27810
service,142
end_to_end,22918
service,287
end_to_end,17107
service,853
end_to_end,20386
service,441
end_to_end,24566
service,3034
end_to_end,17824
service,433
end_to_end,30231
service,2038
end_to_end,17997
service,2530
end_to_end,23436
service,2985
end_to_end,32154
service,4225
end_to_end,15142
service,283
end_to_end,13115
service,203
end_to_end,16415
service,1821
end_to_end,27185
service,478
end_to_end,32343
service,576
end_to_end,19632
service,1157
end_to_end,25836
service,2014
end_to_end,24883
service,6148
end_to_end,15466
service,181
end_to_end,36144
service,3265
end_to_end,39317
service,56
end_to_end,33062
service,312
end_to_end,27652
service,2446
end_to_end,36910
service,6910
end_to_end,32442
service,616
end_to_end,25306
service,1872
end_to_end,21718
service,960
end_to_end,21767
service,4126
end_to_end,17390
service,2656
end_to_end,31366
service,3872
end_to_end,13973
service,2195
end_to_end,21565
service,3666
end_to_end,20445
service,2172
end_to_end,15784
service,201
end_to_end,25913
service,894
end_to_end,21464
service,1468
end_to_end,21312
service,348
end_to_end,20326
service,5882
end_to_end,10094
service,202
end_to_end,23396
service,1356
end_to_end,30641
service,2529
end_to_end,33113
service,739
end_to_end,32166
service,2579
end_to_end,42836
service,1823
end_to_end,39537
service,2243
end_to_end,64574
service,735
end_to_end,24269
service,1990
end_to_end,22717
service,106
end_to_end,25317
service,2214
end_to_end,32580
service,454
end_to_end,16690
service,280
end_to_end,28078
service,1357
end_to_end,19599
service,1636
end_to_end,24893
service,1121
end_to_end,17459
service,1254
end_to_end,27038
service,642
end_to_end,29785
service,5468
end_to_end,29940
service,7893
end_to_end,26005
service,771
end_to_end,38694
service,2579
end_to_end,15241
service,742
end_to_end,20491
service,125
end_to_end,29768
service,198
end_to_end,28017
service,8255
end_to_end,27314
service,408
end_to_end,22477
service,663
end_to_end,27740
service,1838
end_to_end,14194
service,463
end_to_end,24290
service,974
end_to_end,22836
service,2742
end_to_end,32989
service,5697
end_to_end,19645
service,1563
end_to_end,23489
service,2935
end_to_end,28758
service,2404
end_to_end,27597
service,902
end_to_end,26050
service,1239
end_to_end,24097
service,2897
end_to_end,23009
service,2991
end_to_end,24409
service,844
end_to_end,18573
service,881
end_to_end,31069
service,8457
end_to_end,21508
service,3962
end_to_end,31587
service,562
end_to_end,34751
service,2023
end_to_end,35911
service,1478
end_to_end,23188
service,3735
end_to_end,28178
service,4338
end_to_end,22318
service,3898
end_to_end,21889
service,4995
end_to_end,29095
service,1875
end_to_end,21653
service,739
end_to_end,15541
service,263
end_to_end,17186
service,558
end_to_end,26366
service,3212
end_to_end,22520
service,897
end_to_end,19257
service,494
end_to_end,16808
service,2826
end_to_end,17554
service,303
end_to_end,22976
service,420
end_to_end,18037
service,195
end_to_end,19852
service,1599
end_to_end,14882
service,551
end_to_end,22739
service,1001
end_to_end,17705
service,3548
end_to_end,22944
service,2120
end_to_end,22219
service,481
end_to_end,31592
service,1458
end_to_end,31969
service,131
end_to_end,17892
service,2212
end_to_end,22980
service,22
end_to_end,13582
service,730
end_to_end,24909
service,947
end_to_end,22639
service,487
end_to_end,8784
service,512
end_to_end,26470
service,4714
end_to_end,11895
service,2660
end_to_end,13523
service,385
end_to_end,19445
service,553
end_to_end,19300
service,6193
end_to_end,25360
service,3372
end_to_end,11266
service,102
end_to_end,23858
service,615
end_to_end,26654
service,207
end_to_end,22164
service,2494
end_to_end,10557
service,1609
end_to_end,28244
service,3970
end_to_end,32727
service,1246
end_to_end,16785
service,72
end_to_end,28080
service,10343
end_to_end,23690
service,2921
end_to_end,31636
service,21
end_to_end,13641
service,898
end_to_end,19074
service,4763
end_to_end,21201
service,66
end_to_end,15431
service,502
end_to_end,23649
service,565
end_to_end,26622
service,1488
end_to_end,18790
service,1412
end_to_end,30931
service,4353
end_to_end,21188
service,490
end_to_end,34275
service,2166
end_to_end,17180
service,57
end_to_end,18144
service,1126
end_to_end,27709
service,3665
end_to_end,21460
service,477
end_to_end,12561
service,31
end_to_end,27145
service,2366
end_to_end,16830
service,714
end_to_end,25768
service,953
end_to_end,24104
service,2059
end_to_end,16291
service,1551
end_to_end,18865
service,882
end_to_end,33147
service,986
end_to_end,26789
service,82
end_to_end,27418
service,1332
end_to_end,29383
service,5999
end_to_end,19160
service,399
end_to_end,21785
service,1642
end_to_end,23444
service,2234
end_to_end,16684
service,1227
end_to_end,16187
service,1049
end_to_end,18746
service,95
end_to_end,23975
service,418
end_to_end,20058
service,1134
end_to_end,28621
service,445
end_to_end,16070
service,1078
end_to_end,31226
service,9106
end_to_end,20266
service,2271
end_to_end,20378
service,1183
end_to_end,29481
service,4092
end_to_end,28837
service,2416
end_to_end,10666
service,202
end_to_end,38276
service,15809
end_to_end,18408
service,1621
end_to_end,27605
service,504
end_to_end,16854
service,990
end_to_end,30271
service,1111
end_to_end,23577
service,5902
end_to_end,15810
service,465
end_to_end,22295
service,884
end_to_end,32710
service,607
end_to_end,34259
service,3132
end_to_end,28079
service,7605
end_to_end,18325
service,308
end_to_end,19853
service,180
end_to_end,20688
service,2613
end_to_end,12454
service,1538
end_to_end,23142
service,268
end_to_end,27991
service,199
end_to_end,21109
service,1297
end_to_end,18088
service,6299
end_to_end,25021
service,3262
end_to_end,26052
service,779
end_to_end,33003
service,1860
end_to_end,30188
service,3533
end_to_end,16308
service,625
end_to_end,13572
service,2132
end_to_end,11454
service,756
end_to_end,19441
service,2271
end_to_end,29899
service,1886
end_to_end,21714
service,3329
end_to_end,34017
service,993
end_to_end,14571
service,76
end_to_end,28380
service,1970
end_to_end,14765
service,2014
end_to_end,15141
service,2486
end_to_end,31501
service,1884
end_to_end,19046
service,3144
end_to_end,32474
service,1352
end_to_end,19927
service,2651
end_to_end,35799
service,1056
end_to_end,32929
service,3421
end_to_end,28635
service,461
end_to_end,23016
service,1318
end_to_end,18945
service,1030
end_to_end,19010
service,1782
end_to_end,28563
service,458
end_to_end,28381
service,61
end_to_end,14722
service,249
end_to_end,42330
service,349
end_to_end,32968
service,798
end_to_end,28288
service,307
end_to_end,18770
service,3369
end_to_end,30645
service,2689
end_to_end,30202
service,359
end_to_end,34427
service,3048
end_to_end,28646
service,3401
end_to_end,39810
service,4323
end_to_end,23672
service,3071
end_to_end,21299
service,1883
end_to_end,27781
service,1308
end_to_end,19886
service,2547
end_to_end,10226
service,2948
end_to_end,18242
service,586
end_to_end,18356
service,3581
end_to_end,19384
service,338
end_to_end,16880
service,4038
end_to_end,12865
service,2
end_to_end,13846
service,560
end_to_end,15315
service,886
end_to_end,21025
service,142
end_to_end,24865
service,65
end_to_end,25537
service,1271
end_to_end,24012
service,593
end_to_end,28354
service,3125
end_to_end,25720
service,1144
end_to_end,20109
service,1906
end_to_end,20579
service,1267
end_to_end,25788
service,5566
end_to_end,29077
service,891
end_to_end,39338
service,5251
end_to_end,36588
service,1365
end_to_end,19931
service,229
end_to_end,22993
service,394
end_to_end,19853
service,1965
end_to_end,25625
service,1520
end_to_end,39074
service,8487
end_to_end,30775
service,2047
end_to_end,17585
service,2922
end_to_end,50260
service,4006
end_to_end,18166
service,8393
end_to_end,43646
service,1003
end_to_end,25057
service,582
end_to_end,43379
service,6845
end_to_end,14617
service,654
end_to_end,12374
service,3164
end_to_end,27847
service,4766
end_to_end,15195
service,1564
end_to_end,28391
service,627
end_to_end,16767
service,3276
end_to_end,14974
service,1264
end_to_end,23952
service,55
end_to_end,10883
service,1723
end_to_end,17498
service,681
end_to_end,27307
service,8110
end_to_end,10559
service,744
end_to_end,26004
service,1450
end_to_end,9890
service,1488
end_to_end,15931
service,865
end_to_end,17185
service,1356
end_to_end,25033
service,2002
end_to_end,21841
service,1980
end_to_end,15436
service,1677
end_to_end,20819
service,3640
end_to_end,27436
service,756
end_to_end,25617
service,1107
end_to_end,16287
service,1761
end_to_end,28423
service,4161
end_to_end,33230
service,4132
end_to_end,30760
service,151
end_to_end,18791
service,1491
end_to_end,29659
service,1589
end_to_end,37884
service,4157
end_to_end,15482
service,124
end_to_end,27684
service,1146
end_to_end,51819
service,9256
end_to_end,28434
service,1805
end_to_end,36090
service,2632
end_to_end,32249
service,1845
end_to_end,34776
service,801
end_to_end,23772
service,2754
end_to_end,21990
service,1333
end_to_end,13061
service,1358
end_to_end,18405
service,2561
end_to_end,12096
service,1045
end_to_end,26629
service,1578
end_to_end,23830
service,992
end_to_end,18053
service,198
end_to_end,17503
service,101
end_to_end,20143
service,2790
end_to_end,17711
service,2074
end_to_end,30013
service,4259
end_to_end,21105
service,265
end_to_end,31224
service,2739
end_to_end,12745
service,785
end_to_end,19449
service,220
end_to_end,20260
service,4432
end_to_end,32882
service,1170
end_to_end,19181
service,194
end_to_end,16027
service,548
end_to_end,17593
service,1849
end_to_end,15887
service,4240
end_to_end,18402
service,1644
end_to_end,20046
service,2164
end_to_end,21428
service,2352
end_to_end,28043
service,856
end_to_end,24884
service,2656
end_to_end,19600
service,1791
end_to_end,33466
service,42
end_to_end,29384
service,1170
end_to_end,19037
service,2217
end_to_end,15252
service,2787
end_to_end,25141
service,1954
end_to_end,35195
service,7177
end_to_end,19989
service,469
end_to_end,38059
service,746
end_to_end,22015
service,1165
end_to_end,29142
service,3639
end_to_end,21892
service,3709
end_to_end,28686
service,3307
end_to_end,17533
service,965
end_to_end,35472
service,33
end_to_end,35639
service,50
end_to_end,14669
service,2768
end_to_end,24977
service,4838
end_to_end,21401
service,1964
end_to_end,22078
service,1988
end_to_end,15475
service,464
end_to_end,11882
service,2154
end_to_end,18604
service,176
end_to_end,10658
service,2584
end_to_end,14913
service,3258
end_to_end,14463
service,3782
end_to_end,8985
service,147
end_to_end,14448
service,2694
end_to_end,19290
service,876
end_to_end,29438
service,1286
end_to_end,31792
service,3984
end_to_end,13793
service,1295
end_to_end,25843
service,800
end_to_end,16360
service,1812
end_to_end,21081
service,733
end_to_end,18638
service,109
end_to_end,9308
service,887
end_to_end,15782
service,263
end_to_end,25307
service,444
end_to_end,30196
service,617
end_to_end,24196
service,299
end_to_end,8553
service,37
end_to_end,14128
service,222
end_to_end,20390
service,211
end_to_end,25774
service,691
end_to_end,10700
service,441
end_to_end,27803
service,1724
end_to_end,7951
service,29
end_to_end,20552
service,5071
end_to_end,22235
service,1526
end_to_end,19095
service,4229
end_to_end,25367
service,1968
end_to_end,22204
service,1494
end_to_end,22315
service,1544
end_to_end,25227
service,513
end_to_end,12282
service,422
end_to_end,11992
service,1168
end_to_end,25088
service,7739
end_to_end,21737
service,3167
end_to_end,26197
service,1071
end_to_end,25564
service,653
end_to_end,31736
service,4006
end_to_end,19092
service,4009
end_to_end,24046
service,1514
end_to_end,17214
service,82
end_to_end,23972
service,2201
end_to_end,20039
service,989
end_to_end,21891
service,2402
end_to_end,18509
service,1673
end_to_end,16619
service,1035
end_to_end,14311
service,748
end_to_end,16097
service,1743
end_to_end,25385
service,1040
end_to_end,11410
service,428
end_to_end,19286
service,520
end_to_end,14608
service,3652
end_to_end,20859
service,322
end_to_end,15920
service,1857
end_to_end,9271
service,1761
end_to_end,31803
service,776
end_to_end,26565
service,1554
end_to_end,20959
service,137
end_to_end,18611
service,761
end_to_end,15753
service,18
end_to_end,26038
service,2764
end_to_end,22690
service,2019
end_to_end,28976
service,236
end_to_end,16922
service,956
end_to_end,12734
service,4354
end_to_end,49296
service,3978
end_to_end,21260
service,2381
end_to_end,17094
service,1952
end_to_end,16298
service,842
end_to_end,8137
service,69
end_to_end,51443
service,6323
end_to_end,19628
service,1790
end_to_end,18450
service,4545
end_to_end,12807
service,902
end_to_end,23467
service,1272
end_to_end,25253
service,3102
end_to_end,28893
service,2898
end_to_end,21461
service,2960
end_to_end,21436
service,7
end_to_end,25211
service,3246
end_to_end,36527
service,193
end_to_end,14958
service,1238
end_to_end,12632
service,901
end_to_end,20673
service,2858
end_to_end,25300
service,571
end_to_end,15194
service,991
end_to_end,22882
service,2587
end_to_end,25244
service,1589
end_to_end,20141
service,1534
end_to_end,15854
service,116
end_to_end,20658
service,295
end_to_end,22443
service,1264
end_to_end,21838
service,279
end_to_end,22117
service,3417
end_to_end,26759
service,1597
end_to_end,23671
service,8315
end_to_end,25700
service,969
end_to_end,19449
service,659
end_to_end,23321
service,4720
end_to_end,18907
service,1633
end_to_end,24964
service,4207
end_to_end,27928
service,405
end_to_end,21660
service,4311
end_to_end,12707
service,2271
end_to_end,28729
service,970
end_to_end,28433
service,6402
end_to_end,30653
service,2463
end_to_end,26506
service,1941
end_to_end,18278
service,1805
end_to_end,33118
service,1258
end_to_end,19366
service,1980
end_to_end,23930
service,1066
end_to_end,31561
service,3337
end_to_end,16289
service,969
end_to_end,23125
service,4306
end_to_end,20634
service,1566
end_to_end,22032
service,3106
end_to_end,18368
service,365
end_to_end,24201
service,91
end_to_end,21677
service,2805
end_to_end,16222
service,595
end_to_end,30428
service,2324
end_to_end,17556
service,1937
end_to_end,25994
service,1599
end_to_end,30410
service,1374
end_to_end,17198
service,194
end_to_end,36159
service,2970
end_to_end,8625
service,6
end_to_end,21090
service,1914
end_to_end,27974
service,615
end_to_end,21880
service,1915
end_to_end,24079
service,873
end_to_end,22601
service,1693
end_to_end,26487
service,5003
end_to_end,38170
service,11025
end_to_end,34881
service,1888
end_to_end,18578
service,992
end_to_end,28992
service,292
end_to_end,19618
service,4041
end_to_end,31341
service,1901
end_to_end,23928
service,4420
end_to_end,23347
service,799
end_to_end,27055
service,2800
end_to_end,24285
service,753
end_to_end,24816
service,4147
end_to_end,23887
service,125
end_to_end,20171
service,642
end_to_end,21129
service,1542
end_to_end,40155
service,12551
end_to_end,26127
service,325
end_to_end,40416
service,291
end_to_end,32070
service,1855
end_to_end,17900
end_to_end,34197
service,65
service,1118
end_to_end,20678
service,25
end_to_end,22062
service,454
end_to_end,28044
service,2145
end_to_end,26116
service,3536
end_to_end,20342
service,485
end_to_end,24995
service,811
end_to_end,21649
service,879
end_to_end,25368
service,1160
end_to_end,20100
service,2820
end_to_end,25446
service,2139
end_to_end,22095
service,409
end_to_end,22779
service,4295
end_to_end,24463
service,267
end_to_end,18786
service,5358
end_to_end,41487
service,281
end_to_end,29163
service,1252
end_to_end,21580
service,1582
end_to_end,35046
service,2957
end_to_end,34646
service,660
end_to_end,25579
service,242
end_to_end,23926
service,1508
end_to_end,14752
service,1436
end_to_end,19143
service,1293
end_to_end,35367
service,6450
end_to_end,31299
service,49
end_to_end,22217
service,2240
end_to_end,24281
service,906
end_to_end,24491
service,1268
end_to_end,24244
service,3731
end_to_end,16071
service,1217
end_to_end,11881
service,926
end_to_end,34053
service,1361
end_to_end,13120
service,1233
end_to_end,25219
service,2609
end_to_end,18899
service,3857
end_to_end,29316
service,3467
end_to_end,21191
service,1042
end_to_end,12443
service,24
end_to_end,28599
service,1575
end_to_end,26829
service,2254
end_to_end,23466
service,280
end_to_end,19900
service,398
end_to_end,19456
service,1183
end_to_end,10534
service,330
end_to_end,7612
service,170
end_to_end,22930
service,5895
end_to_end,14942
service,587
end_to_end,28272
service,902
end_to_end,20631
service,1369
end_to_end,42160
service,2502
end_to_end,20196
service,1508
end_to_end,20442
service,246
end_to_end,17896
service,628
end_to_end,24845
service,1737
end_to_end,23353
service,1874
end_to_end,15977
service,688
end_to_end,20308
service,590
end_to_end,19954
service,645
end_to_end,15218
service,1236
end_to_end,39149
service,1516
end_to_end,31913
service,33
end_to_end,32364
service,2153
end_to_end,18804
service,2662
end_to_end,15696
service,927
end_to_end,33922
service,1769
end_to_end,34234
service,2810
end_to_end,22173
service,2057
end_to_end,22521
service,493
end_to_end,18552
service,2073
end_to_end,23430
service,1701
end_to_end,31075
service,4706
end_to_end,29105
service,2202
end_to_end,11455
service,49
end_to_end,20347
service,44
end_to_end,26453
service,11725
end_to_end,42857
service,5284
end_to_end,16995
service,239
end_to_end,21690
service,1787
end_to_end,22294
service,6260
end_to_end,17768
service,1533
end_to_end,14675
service,113
end_to_end,18807
service,843
end_to_end,25064
service,3375
end_to_end,22093
service,85
end_to_end,30175
service,7245
end_to_end,18812
service,1517
end_to_end,25950
service,2262
end_to_end,25539
service,4940
end_to_end,35121
service,404
end_to_end,29959
service,2641
end_to_end,15754
service,3606
end_to_end,17287
service,762
end_to_end,28217
service,1122
end_to_end,27175
service,1176
end_to_end,27430
service,2274
end_to_end,18972
service,1289
end_to_end,25278
service,201
end_to_end,20506
service,892
end_to_end,32445
service,3573
end_to_end,28450
service,1795
end_to_end,30815
service,522
end_to_end,17368
service,177
end_to_end,24337
service,4212
end_to_end,23133
service,3244
end_to_end,15773
service,1634
end_to_end,29749
service,363
end_to_end,26262
service,2224
end_to_end,18078
service,4186
end_to_end,29077
service,1354
end_to_end,24792
service,1153
end_to_end,26082
service,1009
end_to_end,23449
service,500
end_to_end,11091
service,2287
end_to_end,25840
service,2450
end_to_end,38690
service,2728
end_to_end,16415
service,267
end_to_end,32518
service,592
end_to_end,17176
service,1495
end_to_end,48114
service,402
end_to_end,23198
service,2109
end_to_end,31313
service,4413
end_to_end,29123
service,8643
end_to_end,26537
service,646
end_to_end,26386
service,2496
end_to_end,32740
service,2823
end_to_end,23818
service,256
end_to_end,37306
service,1443
end_to_end,12740
service,578
end_to_end,28839
service,33
end_to_end,31790
service,1388
end_to_end,36285
service,6343
end_to_end,22004
service,431
end_to_end,53126
service,235
end_to_end,17834
service,2282
end_to_end,44484
service,6632
end_to_end,20405
service,3385
end_to_end,10410
service,1292
end_to_end,48393
service,238
end_to_end,20286
service,7356
end_to_end,47464
service,2990
end_to_end,24778
service,5169
end_to_end,17350
service,734
end_to_end,23143
service,1357
end_to_end,32872
service,550
end_to_end,22225
service,1399
end_to_end,34340
service,6583
end_to_end,28271
service,6306
end_to_end,33597
service,3606
end_to_end,21213
service,247
end_to_end,20626
service,2407
end_to_end,34274
service,4505
end_to_end,22151
service,3269
end_to_end,26515
service,2361
end_to_end,20065
service,131
end_to_end,26661
service,3404
end_to_end,36523
service,3758
end_to_end,24653
service,446
end_to_end,21416
service,2427
end_to_end,26727
service,389
end_to_end,42569
service,8472
end_to_end,21286
service,8
end_to_end,24299
service,736
end_to_end,23987
service,3796
end_to_end,19486
service,51
end_to_end,11764
service,57
end_to_end,13513
service,469
end_to_end,28552
service,1350
end_to_end,26801
service,901
end_to_end,16069
service,1100
end_to_end,16473
service,460
end_to_end,13113
service,855
end_to_end,22868
service,2192
end_to_end,35743
service,10904
end_to_end,27561
service,3164
end_to_end,23481
service,468
end_to_end,22592
service,1507
end_to_end,30512
service,1744
end_to_end,27932
service,478
end_to_end,28012
service,2776
end_to_end,23459
service,201
end_to_end,29673
service,4043
end_to_end,25190
service,637
end_to_end,29970
service,1331
end_to_end,15558
service,2097
end_to_end,17201
service,452
end_to_end,20953
service,3980
end_to_end,20892
service,1375
end_to_end,25452
service,3518
end_to_end,23445
service,2104
end_to_end,28443
service,5688
end_to_end,17151
service,511
end_to_end,22911
service,165
end_to_end,21598
service,2004
end_to_end,26255
service,3106
end_to_end,16080
service,550
end_to_end,31823
service,5409
end_to_end,22940
service,6306
end_to_end,18747
service,856
end_to_end,25330
service,8881
end_to_end,30068
service,616
end_to_end,15132
service,2700
end_to_end,31138
service,5806
end_to_end,30458
service,7241
end_to_end,33188
service,8914
end_to_end,28614
service,3712
end_to_end,39279
service,1971
end_to_end,47814
service,7741
end_to_end,23391
service,3396
end_to_end,35967
service,1990
end_to_end,25059
service,886
end_to_end,39397
service,975
end_to_end,9142
service,325
end_to_end,19444
service,735
end_to_end,27774
service,6043
end_to_end,42249
service,1235
end_to_end,39706
service,3375
end_to_end,17121
service,3639
end_to_end,27318
service,1906
end_to_end,48088
service,2181
end_to_end,17174
service,183
end_to_end,50401
service,797
end_to_end,33970
service,5041
end_to_end,24073
service,1183
end_to_end,24846
service,1126
end_to_end,22975
service,3072
end_to_end,14486
service,3006
end_to_end,31353
service,3318
end_to_end,14833
service,2461
end_to_end,21718
service,1809
end_to_end,12774
service,962
end_to_end,16476
service,2042
end_to_end,19527
service,548
end_to_end,24680
service,2466
end_to_end,18668
service,3601
end_to_end,13463
service,4643
end_to_end,16702
service,1080
end_to_end,16977
service,4008
end_to_end,26521
service,3809
end_to_end,27269
service,556
end_to_end,28170
service,139
end_to_end,24258
service,164
end_to_end,32545
service,1024
end_to_end,28215
service,126
end_to_end,22445
service,3251
end_to_end,26462
service,3322
end_to_end,23651
service,304
end_to_end,11662
service,853
end_to_end,32557
service,2575
end_to_end,12017
service,2147
end_to_end,25621
service,2519
end_to_end,27334
service,1046
end_to_end,6892
service,529
end_to_end,26149
service,135
end_to_end,33081
service,1880
end_to_end,21918
service,952
end_to_end,30998
service,229
end_to_end,13918
service,2351
end_to_end,23901
service,1471
end_to_end,40868
service,7811
end_to_end,24940
service,628
end_to_end,29516
service,4586
end_to_end,24123
service,3053
end_to_end,16199
service,2033
end_to_end,19285
service,5055
end_to_end,12267
service,509
end_to_end,32767
service,1893
end_to_end,13183
service,2313
end_to_end,13654
service,57
end_to_end,9387
service,3679
end_to_end,16514
service,3333
end_to_end,20305
service,1916
end_to_end,22742
service,345
end_to_end,29142
service,2754
end_to_end,14210
service,301
end_to_end,24855
service,1244
end_to_end,23674
service,365
end_to_end,39970
service,4538
end_to_end,22206
service,2065
end_to_end,7972
service,373
end_to_end,19916
service,312
end_to_end,23063
service,3272
end_to_end,23369
service,1070
end_to_end,21413
service,3776
end_to_end,29865
service,304
end_to_end,30251
service,2718
end_to_end,25828
service,1128
end_to_end,16799
service,1729
end_to_end,9696
service,494
end_to_end,20679
service,3518
end_to_end,10036
service,88
end_to_end,21347
service,1723
end_to_end,9435
service,59
end_to_end,37450
service,2922
end_to_end,22666
service,431
end_to_end,17803
service,544
end_to_end,24459
service,2185
end_to_end,26680
service,4479
end_to_end,22524
service,2398
end_to_end,35037
service,2559
end_to_end,31961
service,622
end_to_end,24965
service,1676
end_to_end,17509
service,635
end_to_end,20597
service,4867
end_to_end,25392
service,818
end_to_end,20703
service,1863
end_to_end,45657
service,4837
end_to_end,20941
service,2296
end_to_end,20499
service,2156
end_to_end,14603
service,161
end_to_end,36446
service,15
end_to_end,14357
service,1554
end_to_end,26695
service,459
end_to_end,18340
service,979
end_to_end,21247
service,53
end_to_end,26258
service,4563
end_to_end,12125
service,102
end_to_end,25310
service,4303
end_to_end,19469
service,218
end_to_end,16043
service,1233
end_to_end,34646
service,3667
end_to_end,14750
service,1286
end_to_end,17860
service,2243
end_to_end,18182
service,544
end_to_end,31346
service,9238
end_to_end,17202
service,2095
end_to_end,9998
service,973
end_to_end,24010
service,450
end_to_end,7938
service,117
end_to_end,19484
service,1941
end_to_end,16489
service,2159
end_to_end,22467
service,2060
end_to_end,26585
service,3318
end_to_end,13147
service,267
end_to_end,19978
service,826
end_to_end,34222
service,1340
end_to_end,26252
service,9103
end_to_end,39946
service,1398
end_to_end,20570
service,1618
end_to_end,35595
service,5279
end_to_end,19633
service,780
end_to_end,28207
service,9072
end_to_end,17269
service,2385
end_to_end,22150
service,2827
end_to_end,16796
service,328
end_to_end,21907
service,114
end_to_end,26641
service,1397
end_to_end,24278
service,421
end_to_end,32134
service,2256
end_to_end,26874
service,1650
end_to_end,20123
service,4
end_to_end,23769
service,156
end_to_end,24225
service,2547
end_to_end,30249
service,5473
end_to_end,27676
service,531
end_to_end,19176
service,339
end_to_end,22940
service,3999
end_to_end,23311
service,5189
end_to_end,29242
service,2875
end_to_end,19296
service,434
end_to_end,23813
service,1091
end_to_end,20011
service,624
end_to_end,10099
service,1066
end_to_end,36161
service,608
end_to_end,33892
service,5079
end_to_end,35801
service,2521
end_to_end,25015
service,874
end_to_end,55189
service,6923
end_to_end,32647
service,935
end_to_end,25047
service,1454
end_to_end,19536
service,847
end_to_end,25317
service,9104
end_to_end,19881
service,732
end_to_end,24021
service,4882
end_to_end,35907
service,3301
end_to_end,17317
service,3062
end_to_end,35561
service,15361
end_to_end,22565
service,113
end_to_end,22663
service,1225
end_to_end,20705
service,1962
end_to_end,16596
service,1288
end_to_end,42121
service,2355
end_to_end,13982
service,260
end_to_end,33981
service,9096
end_to_end,28838
service,3976
end_to_end,13033
service,1887
end_to_end,25834
service,6034
end_to_end,19609
service,714
end_to_end,12343
service,889
end_to_end,36077
service,66
end_to_end,20879
service,1592
end_to_end,12450
service,550
end_to_end,23254
service,4510
end_to_end,17820
service,4
end_to_end,21010
service,183
end_to_end,31902
service,3228
end_to_end,25030
service,302
end_to_end,21335
service,3151
end_to_end,23608
service,213
end_to_end,9916
service,130
end_to_end,21860
service,782
end_to_end,23578
service,656
end_to_end,26770
service,4525
end_to_end,16987
service,1849
end_to_end,30778
service,190
end_to_end,10772
service,205
end_to_end,23719
service,2117
end_to_end,21854
service,401
end_to_end,17796
service,1822
end_to_end,16942
service,763
end_to_end,22640
service,2829
end_to_end,23675
service,3146
end_to_end,12817
service,2021
end_to_end,19563
service,1966
end_to_end,27188
service,1265
end_to_end,21204
service,957
end_to_end,14758
service,1178
end_to_end,15257
service,1292
end_to_end,15431
service,992
end_to_end,20862
service,2324
end_to_end,15936
service,6947
end_to_end,41523
service,2364
end_to_end,31211
service,1076
end_to_end,26784
service,583
end_to_end,31261
service,5189
end_to_end,24891
service,1283
end_to_end,29041
service,1088
end_to_end,40758
service,818
end_to_end,41002
service,337
end_to_end,23053
service,5635
end_to_end,12385
service,248
end_to_end,15970
service,760
end_to_end,17261
service,72
end_to_end,21612
service,1461
end_to_end,22314
service,5255
end_to_end,33175
service,2515
end_to_end,29460
service,516
end_to_end,22695
service,3539
end_to_end,16177
service,126
end_to_end,8219
service,1121
end_to_end,14387
service,2212
end_to_end,27121
service,6790
end_to_end,27621
service,5250
end_to_end,21671
service,609
end_to_end,23042
service,3038
end_to_end,22683
service,367
end_to_end,37259
service,1233
end_to_end,21762
service,3367
end_to_end,29835
service,1086
end_to_end,20927
service,507
end_to_end,26538
service,2820
end_to_end,40006
service,2758
end_to_end,22870
service,1580
end_to_end,33144
service,2943
end_to_end,27118
service,3046
end_to_end,18484
service,761
end_to_end,24607
service,3130
end_to_end,27468
service,964
end_to_end,25540
service,4986
end_to_end,20724
service,2301
end_to_end,33601
service,1220
end_to_end,19648
service,2243
end_to_end,33026
service,82
end_to_end,15818
service,80
end_to_end,27306
service,4421
end_to_end,19865
service,463
end_to_end,26935
service,3245
end_to_end,20122
service,542
end_to_end,14766
service,1908
end_to_end,25087
service,116
end_to_end,16678
service,1305
end_to_end,20379
service,583
end_to_end,26359
service,6527
end_to_end,23175
service,1774
end_to_end,24937
service,1137
end_to_end,23760
service,3524
end_to_end,30676
service,4813
end_to_end,20415
service,943
end_to_end,26042
service,82
end_to_end,17484
service,102
end_to_end,25848
service,1170
end_to_end,37726
service,4272
end_to_end,23734
service,184
end_to_end,19242
service,3759
end_to_end,19336
service,722
end_to_end,27488
service,2308
end_to_end,22653
service,2398
end_to_end,29120
service,3276
end_to_end,16040
service,1208
end_to_end,19367
service,4885
end_to_end,18535
service,673
end_to_end,37188
service,2628
end_to_end,31272
service,212
end_to_end,34568
service,1289
end_to_end,20777
service,1823
end_to_end,12765
service,2572
end_to_end,25522
service,1338
end_to_end,26046
service,2127
end_to_end,18032
service,311
end_to_end,36347
service,2176
end_to_end,37843
service,707
end_to_end,19184
service,4416
end_to_end,18233
service,218
end_to_end,21365
service,3166
end_to_end,13341
service,2088
end_to_end,29505
service,2142
end_to_end,40931
service,2676
end_to_end,15753
service,220
end_to_end,26066
service,1135
end_to_end,15168
service,175
end_to_end,22488
service,411
end_to_end,33648
service,229
end_to_end,25474
service,534
end_to_end,17311
service,158
end_to_end,21124
service,2649
end_to_end,17241
service,2571
end_to_end,29424
service,2834
end_to_end,11391
service,431
end_to_end,27810
service,3126
end_to_end,36878
service,888
end_to_end,27330
service,1022
end_to_end,27157
service,3388
end_to_end,25571
service,470
end_to_end,14859
service,4380
end_to_end,22082
service,2614
end_to_end,27125
service,314
end_to_end,14730
service,1481
end_to_end,17178
service,630
end_to_end,27615
service,1701
end_to_end,29210
service,413
end_to_end,16432
service,1850
end_to_end,17987
service,3695
end_to_end,22494
service,1819
end_to_end,19634
service,3517
end_to_end,17053
service,1451
end_to_end,19623
service,1509
end_to_end,13835
service,168
end_to_end,25248
service,118
end_to_end,17064
service,387
end_to_end,13006
service,214
end_to_end,15796
service,2304
end_to_end,33624
service,586
end_to_end,13362
service,682
end_to_end,35448
service,1395
end_to_end,19257
service,44
end_to_end,13533
service,553
end_to_end,17822
service,507
end_to_end,22572
service,2990
end_to_end,15550
service,1051
end_to_end,22285
service,1836
end_to_end,17912
service,1351
end_to_end,24940
service,2317
end_to_end,25646
service,1762
end_to_end,21579
service,1220
end_to_end,25113
service,856
end_to_end,39003
service,4590
end_to_end,23625
service,1855
end_to_end,15669
service,1959
end_to_end,30405
service,863
end_to_end,24420
service,1045
end_to_end,15953
service,589
end_to_end,26276
service,1018
end_to_end,22727
service,2614
end_to_end,30696
service,2308
end_to_end,16463
service,4708
end_to_end,33764
service,2006
end_to_end,39930
service,981
end_to_end,29404
service,1568
end_to_end,28031
service,3250
end_to_end,45406
service,7964
end_to_end,27790
service,6460
end_to_end,35176
service,8157
end_to_end,22041
service,499
end_to_end,26964
service,3610
end_to_end,38631
service,3305
end_to_end,22722
service,1634
end_to_end,19509
service,216
end_to_end,21661
service,4938
end_to_end,29008
service,284
end_to_end,30954
service,1929
end_to_end,21479
service,5024
end_to_end,20472
service,2108
end_to_end,16579
service,3005
end_to_end,22794
service,2154
end_to_end,29982
service,3067
end_to_end,16104
service,509
end_to_end,32558
service,4868
end_to_end,34914
service,5059
end_to_end,19053
service,540
end_to_end,20523
service,2790
end_to_end,26653
service,3642
end_to_end,16305
service,2450
end_to_end,9323
service,3238
end_to_end,12550
service,179
end_to_end,19103
service,3992
end_to_end,17404
service,2379
end_to_end,19240
service,2120
end_to_end,19601
service,577
end_to_end,25413
service,3156
end_to_end,22189
service,6850
end_to_end,14225
service,154
end_to_end,35986
service,560
end_to_end,35023
service,5288
end_to_end,28176
service,5308
end_to_end,19286
service,1877
end_to_end,32213
service,1754
end_to_end,22366
service,1314
end_to_end,24209
service,910
end_to_end,19294
service,1065
end_to_end,29577
service,84
end_to_end,28113
service,3274
end_to_end,19241
service,3812
end_to_end,28356
service,3298
end_to_end,39319
service,7078
end_to_end,25795
service,901
end_to_end,26982
service,2342
end_to_end,18919
service,2461
end_to_end,30158
service,596
end_to_end,25494
service,521
end_to_end,18766
service,140
end_to_end,26391
service,3887
end_to_end,34316
service,3762
end_to_end,15908
service,861
end_to_end,24720
service,551
end_to_end,23640
service,739
end_to_end,14637
service,343
end_to_end,24054
service,1928
end_to_end,30007
service,151
end_to_end,23502
service,298
end_to_end,23685
service,921
end_to_end,26087
service,8110
end_to_end,20750
service,761
end_to_end,40797
service,3316
end_to_end,20192
service,271
end_to_end,26444
service,439
end_to_end,24950
service,891
end_to_end,29240
service,4408
end_to_end,31451
service,1024
end_to_end,16356
service,451
end_to_end,41000
service,647
end_to_end,27894
service,768
end_to_end,30030
service,183
end_to_end,23248
service,1547
end_to_end,15930
service,243
end_to_end,14822
service,337
end_to_end,22484
service,1396
end_to_end,20251
service,2936
end_to_end,20342
service,1400
end_to_end,19300
service,400
end_to_end,21696
service,414
end_to_end,21654
service,4771
end_to_end,24118
service,472
end_to_end,31011
service,553
end_to_end,16418
service,736
end_to_end,17323
service,2371
end_to_end,20378
service,1045
end_to_end,25916
service,740
end_to_end,36265
service,7253
end_to_end,26131
service,12
end_to_end,29605
service,690
end_to_end,26343
service,2101
end_to_end,21911
service,2122
end_to_end,14498
service,4203
end_to_end,13561
service,118
end_to_end,18026
service,1282
end_to_end,24656
service,1086
end_to_end,23558
service,3119
end_to_end,14162
service,18
end_to_end,24046
service,1904
end_to_end,26900
service,3206
end_to_end,45178
service,4511
end_to_end,11804
service,1140
end_to_end,18551
service,170
end_to_end,27634
service,2342
end_to_end,30091
service,410
end_to_end,18689
service,2283
end_to_end,28970
service,45
end_to_end,19731
service,479
end_to_end,30906
service,3376
end_to_end,20494
service,1764
end_to_end,13547
service,646
end_to_end,22020
service,1220
end_to_end,20389
service,518
end_to_end,27664
service,3306
end_to_end,26064
service,1590
end_to_end,12508
service,560
end_to_end,11478
service,595
end_to_end,24978
service,3544
end_to_end,19620
service,1753
end_to_end,12524
service,968
end_to_end,9629
service,186
end_to_end,23670
service,2909
end_to_end,20377
service,548
end_to_end,22324
service,4987
end_to_end,29329
service,2823
end_to_end,29817
service,67
end_to_end,24673
service,1166
end_to_end,29895
service,61
end_to_end,19834
service,4953
end_to_end,24034
service,519
end_to_end,28985
service,801
end_to_end,27193
service,10334
end_to_end,26518
service,11718
end_to_end,28131
service,418
end_to_end,30511
service,358
end_to_end,27317
service,1752
end_to_end,24269
service,63
end_to_end,24273
service,857
end_to_end,19269
service,1144
end_to_end,23590
service,794
end_to_end,15546
service,843
end_to_end,19784
service,966
end_to_end,21196
service,9676
end_to_end,12479
service,3550
end_to_end,46278
service,3197
end_to_end,24104
service,424
end_to_end,19523
service,1664
end_to_end,17877
service,142
end_to_end,19758
service,3990
end_to_end,21185
service,2403
end_to_end,19750
service,611
end_to_end,10099
service,120
end_to_end,21254
service,12
end_to_end,20608
service,756
end_to_end,19216
service,4078
end_to_end,26595
service,1951
end_to_end,22935
service,100
end_to_end,22572
service,2600
end_to_end,21307
service,792
end_to_end,21492
service,2235
end_to_end,39785
service,6812
end_to_end,23979
service,1701
end_to_end,18934
service,13
end_to_end,32746
service,647
end_to_end,12988
service,1478
end_to_end,15107
service,3972
end_to_end,22074
service,1646
end_to_end,24975
service,1660
end_to_end,18492
service,3384
end_to_end,24235
service,977
end_to_end,22244
service,2520
end_to_end,27601
service,4933
end_to_end,22346
service,2305
end_to_end,27986
service,13344
end_to_end,30904
service,2912
end_to_end,21817
service,1974
end_to_end,26364
service,1750
end_to_end,24033
service,442
end_to_end,10915
service,537
end_to_end,20342
service,1124
end_to_end,20970
service,1568
end_to_end,24392
service,213
end_to_end,23172
service,2373
end_to_end,35766
service,46
end_to_end,27156
service,1013
end_to_end,22756
service,6042
end_to_end,24961
service,2205
end_to_end,21469
service,2565
end_to_end,15327
service,24
end_to_end,32415
service,1240
end_to_end,19216
service,363
end_to_end,13408
service,615
end_to_end,18563
service,146
end_to_end,24176
service,2241
end_to_end,25144
service,963
end_to_end,21870
service,1162
end_to_end,10991
service,3048
end_to_end,23933
service,5094
end_to_end,15243
service,1532
end_to_end,36656
service,5480
end_to_end,32071
service,1331
end_to_end,22064
service,340
end_to_end,15305
service,1206
end_to_end,21328
service,1304
end_to_end,21375
service,4405
end_to_end,17417
service,990
end_to_end,18458
service,1044
end_to_end,22913
service,2170
end_to_end,23833
service,2715
end_to_end,29733
service,2780
end_to_end,33909
service,55
end_to_end,20701
service,2095
end_to_end,23908
service,4663
end_to_end,14936
service,294
end_to_end,31458
service,8849
end_to_end,45029
service,508
end_to_end,20908
service,34
end_to_end,19174
service,562
end_to_end,12828
service,2260
end_to_end,18463
service,1686
end_to_end,21154
service,5599
end_to_end,23682
service,1467
end_to_end,14091
service,505
end_to_end,23674
service,233
end_to_end,37740
service,1804
end_to_end,21965
service,1894
end_to_end,19523
service,615
end_to_end,23720
service,1642
end_to_end,24106
service,5812
end_to_end,41657
service,10902
end_to_end,15471
service,111
end_to_end,31705
service,81
end_to_end,12808
service,1483
end_to_end,38423
service,4597
end_to_end,20022
service,3794
end_to_end,34814
service,1894
end_to_end,25705
service,2121
end_to_end,19520
service,247
end_to_end,28208
service,1148
end_to_end,35004
service,2532
end_to_end,21778
service,1065
end_to_end,41710
service,883
end_to_end,25340
service,676
end_to_end,22727
service,783
end_to_end,16325
service,1590
end_to_end,21107
service,2158
end_to_end,34168
service,262
end_to_end,27959
service,4995
end_to_end,36406
service,212
end_to_end,19788
service,1946
end_to_end,14426
service,811
end_to_end,22726
service,2889
end_to_end,16051
service,559
end_to_end,23991
service,3322
end_to_end,19904
service,29
end_to_end,31532
service,8108
end_to_end,19215
service,705
end_to_end,34872
service,3342
end_to_end,20783
service,287
end_to_end,18143
service,2553
end_to_end,23623
service,218
end_to_end,16630
service,297
end_to_end,20955
service,3283
end_to_end,23515
service,500
end_to_end,13437
service,2205
end_to_end,14533
service,6
end_to_end,25147
service,2271
end_to_end,21788
service,2352
end_to_end,26069
service,3136
end_to_end,29229
service,348
end_to_end,35861
service,915
end_to_end,11971
service,790
end_to_end,14129
service,1983
end_to_end,23472
service,7512
end_to_end,15973
service,409
end_to_end,13310
service,501
end_to_end,30005
service,620
end_to_end,18407
service,686
end_to_end,29338
service,2372
end_to_end,18321
service,964
end_to_end,11747
service,4675
end_to_end,18928
service,500
end_to_end,20412
service,5228
end_to_end,28717
service,1891
end_to_end,13662
service,1577
end_to_end,31910
service,3040
end_to_end,22189
service,470
end_to_end,26456
service,719
end_to_end,28348
service,291
end_to_end,23406
service,1400
end_to_end,8106
service,94
end_to_end,32019
service,2433
end_to_end,23756
service,1670
end_to_end,15693
service,406
end_to_end,26391
service,1318
end_to_end,19463
service,1361
end_to_end,17580
service,819
end_to_end,16893
service,2043
end_to_end,22714
service,1520
end_to_end,34263
service,2115
end_to_end,24481
service,1446
end_to_end,30823
service,195
end_to_end,28949
service,440
end_to_end,23045
service,3848
end_to_end,31596
service,215
end_to_end,17002
service,1984
end_to_end,33922
service,5186
end_to_end,18779
service,782
end_to_end,25468
service,2663
end_to_end,19287
service,91
end_to_end,31956
service,1989
end_to_end,18844
service,563
end_to_end,18486
service,228
end_to_end,23481
service,3819
end_to_end,29227
service,1913
end_to_end,11163
service,916
end_to_end,29376
service,4834
end_to_end,34500
service,8178
end_to_end,25002
service,79
end_to_end,28006
service,12134
end_to_end,18823
service,41
end_to_end,22016
service,130
end_to_end,21769
service,3393
end_to_end,18405
service,594
end_to_end,21648
service,133
end_to_end,22726
service,2720
end_to_end,17644
service,1325
end_to_end,22449
service,2742
end_to_end,20005
service,4312
end_to_end,22505
service,2988
end_to_end,14280
service,74
end_to_end,26911
service,2634
end_to_end,26515
service,2865
end_to_end,19133
service,1736
end_to_end,19570
service,496
end_to_end,26998
service,4337
end_to_end,20624
service,1742
end_to_end,12632
service,218
end_to_end,28278
service,6168
end_to_end,12973
service,97
end_to_end,14313
service,646
end_to_end,13766
service,2178
end_to_end,23772
service,689
end_to_end,25742
service,3589
end_to_end,21687
service,1060
end_to_end,20814
end_to_end,18699
service,186
service,1513
end_to_end,32169
service,9331
end_to_end,27306
service,312
end_to_end,29778
service,4069
end_to_end,31127
service,4061
end_to_end,26455
service,3446
end_to_end,15843
service,1103
end_to_end,36161
service,5645
end_to_end,25684
service,2643
end_to_end,28818
service,3203
end_to_end,21019
service,2305
end_to_end,10478
service,1679
end_to_end,18723
service,1071
end_to_end,24221
service,503
end_to_end,26845
service,4979
end_to_end,11186
service,185
end_to_end,22622
service,610
end_to_end,42390
service,3307
end_to_end,30732
service,3097
end_to_end,29051
service,5129
end_to_end,16843
service,354
end_to_end,37579
service,4914
end_to_end,44534
service,2456
end_to_end,19147
service,1176
end_to_end,24320
service,1963
end_to_end,12737
service,253
end_to_end,20528
service,291
end_to_end,13307
service,2250
end_to_end,25769
service,1516
end_to_end,23363
service,5524
end_to_end,19773
service,1939
end_to_end,26925
service,1087
end_to_end,23156
service,124
end_to_end,16609
service,2960
end_to_end,30687
service,1679
end_to_end,32645
service,1892
end_to_end,31347
service,4078
end_to_end,30650
service,2010
end_to_end,20668
service,3022
end_to_end,29058
service,7051
end_to_end,20245
service,417
end_to_end,35723
service,4877
end_to_end,22832
service,343
end_to_end,31207
service,1600
end_to_end,21916
service,1490
end_to_end,23992
service,695
end_to_end,19529
service,767
end_to_end,21038
service,139
end_to_end,16605
service,1138
end_to_end,23583
service,5684
end_to_end,13332
service,3018
end_to_end,25968
service,2459
end_to_end,25403
service,2567
end_to_end,20642
service,1057
end_to_end,22107
service,405
end_to_end,17969
service,360
end_to_end,23981
service,1024
end_to_end,15381
service,1070
end_to_end,25109
service,6023
end_to_end,25533
service,4038
end_to_end,18096
service,1404
end_to_end,20413
service,1257
end_to_end,13903
service,606
end_to_end,35704
service,300
end_to_end,27812
service,170
end_to_end,22866
service,3125
end_to_end,41969
service,232
end_to_end,20216
service,1910
end_to_end,15806
service,2190
end_to_end,28830
service,5994
end_to_end,31350
service,3714
end_to_end,34879
service,33
end_to_end,18596
service,480
end_to_end,38824
service,3759
end_to_end,27147
service,1643
end_to_end,19090
service,5099
end_to_end,27374
service,163
end_to_end,15860
service,1306
end_to_end,24358
service,2691
end_to_end,19366
service,1977
end_to_end,22529
service,462
end_to_end,22030
service,1729
end_to_end,23808
service,5776
end_to_end,16941
service,7396
end_to_end,16596
service,3422
end_to_end,25825
service,751
end_to_end,20376
service,6047
end_to_end,17140
service,2836
end_to_end,15462
service,1663
end_to_end,20220
service,4087
end_to_end,15651
service,3222
end_to_end,22247
service,448
end_to_end,12980
service,1946
end_to_end,13836
service,2578
end_to_end,11976
service,438
end_to_end,15710
service,1941
end_to_end,27295
service,2236
end_to_end,20390
service,2858
end_to_end,23578
service,513
end_to_end,26252
service,1072
end_to_end,14134
service,1717
end_to_end,18735
service,197
end_to_end,18010
service,1243
end_to_end,35827
service,375
end_to_end,17183
service,3283
end_to_end,18029
service,4962
end_to_end,22009
service,2223
end_to_end,25241
service,636
end_to_end,14538
service,416
end_to_end,16664
service,551
end_to_end,23102
service,2141
end_to_end,28631
service,1155
end_to_end,33326
service,2246
end_to_end,17356
service,1540
end_to_end,21003
service,1754
end_to_end,27276
service,1489
end_to_end,17856
service,4277
end_to_end,23329
service,4381
end_to_end,29094
service,2971
end_to_end,17455
service,2180
end_to_end,18258
service,1682
end_to_end,8155
service,429
end_to_end,24059
service,680
end_to_end,27925
service,3975
end_to_end,28561
service,2694
end_to_end,26316
service,235
end_to_end,16474
service,47
end_to_end,17245
service,3980
end_to_end,24428
service,826
end_to_end,27497
service,813
end_to_end,21198
service,195
end_to_end,19302
service,1454
end_to_end,32726
service,3885
end_to_end,25747
service,1380
end_to_end,33386
service,9617
end_to_end,21492
service,4664
end_to_end,23821
service,592
end_to_end,26169
service,1108
end_to_end,18246
service,921
end_to_end,19985
service,588
end_to_end,17136
service,961
end_to_end,29598
service,125
end_to_end,30549
service,271
end_to_end,17160
service,851
end_to_end,36681
service,2007
end_to_end,11482
service,1457
end_to_end,15221
service,680
end_to_end,33178
service,2783
end_to_end,16300
service,1590
end_to_end,15031
service,6141
end_to_end,29368
service,1157
end_to_end,37149
service,996
end_to_end,24914
service,217
end_to_end,44257
service,6788
end_to_end,16820
service,6147
end_to_end,19230
service,3466
end_to_end,15607
service,1812
end_to_end,17323
service,1718
end_to_end,13321
service,1612
end_to_end,21144
service,796
end_to_end,18570
service,2936
end_to_end,18412
service,3494
end_to_end,12446
service,1049
end_to_end,24029
service,2070
end_to_end,18907
service,2155
end_to_end,24974
service,1403
end_to_end,29995
service,956
end_to_end,12774
service,2020
end_to_end,24158
service,2296
end_to_end,26974
service,5424
end_to_end,20757
service,2443
end_to_end,15117
service,206
end_to_end,16356
service,43
end_to_end,16526
service,1627
end_to_end,10445
service,324
end_to_end,23980
service,5877
end_to_end,21632
service,2198
end_to_end,12653
service,1060
end_to_end,23514
service,2171
end_to_end,15884
service,1989
end_to_end,25020
service,939
end_to_end,10027
service,135
end_to_end,12273
service,264
end_to_end,17947
service,428
end_to_end,15338
service,188
end_to_end,18295
service,910
end_to_end,10650
service,151
end_to_end,23210
service,1600
end_to_end,16997
service,1642
end_to_end,19354
service,1711
end_to_end,17058
service,984
end_to_end,20131
service,462
end_to_end,23080
service,839
end_to_end,17919
service,1259
end_to_end,27968
service,6222
end_to_end,25657
service,217
end_to_end,22327
service,3532
end_to_end,27818
service,6175
end_to_end,13858
service,216
end_to_end,16738
service,2045
end_to_end,33458
service,1394
end_to_end,37523
service,29
end_to_end,37813
service,1690
end_to_end,25070
service,5085
end_to_end,26206
service,164
end_to_end,27444
service,952
end_to_end,34865
service,2617
end_to_end,28666
service,4653
end_to_end,38617
service,3748
end_to_end,21541
service,1933
end_to_end,16757
service,2453
end_to_end,20565
service,2989
end_to_end,12626
service,4844
end_to_end,23250
service,195
end_to_end,12849
service,1488
end_to_end,10225
service,1502
end_to_end,25748
service,1186
end_to_end,22410
service,368
end_to_end,19213
service,157
end_to_end,22725
service,2830
end_to_end,17965
service,3229
end_to_end,21037
service,610
end_to_end,26170
service,646
end_to_end,16603
service,2175
end_to_end,18512
service,2934
end_to_end,15940
service,2465
end_to_end,17931
service,893
end_to_end,19547
service,3528
end_to_end,31153
service,361
end_to_end,23031
service,3370
end_to_end,30236
service,2197
end_to_end,29155
service,128
end_to_end,26772
service,5301
end_to_end,30695
service,9810
end_to_end,40911
service,12730
end_to_end,26908
service,4127
end_to_end,21166
service,316
end_to_end,32115
service,5376
end_to_end,22543
service,2354
end_to_end,25301
service,6872
end_to_end,19281
service,1034
end_to_end,13090
service,1091
end_to_end,20293
service,2751
end_to_end,34144
service,1981
end_to_end,34570
service,49
end_to_end,15179
service,1675
end_to_end,24536
service,3630
end_to_end,30011
service,1962
end_to_end,31242
service,1229
end_to_end,9905
service,512
end_to_end,14595
service,3637
end_to_end,11215
service,968
end_to_end,31034
service,1198
end_to_end,25529
service,1925
end_to_end,17102
service,3734
end_to_end,26934
service,1647
end_to_end,26359
service,2134
end_to_end,26571
service,3404
end_to_end,28813
service,8331
end_to_end,17649
service,19
end_to_end,12703
service,2411
end_to_end,27941
service,1888
end_to_end,23914
service,6122
end_to_end,24120
service,200
end_to_end,20931
service,2492
end_to_end,18385
service,1840
end_to_end,20980
service,1511
end_to_end,35861
service,738
end_to_end,50210
service,9292
end_to_end,36272
service,5614
end_to_end,17825
service,520
end_to_end,21300
service,48
end_to_end,21783
service,829
end_to_end,18674
service,6065
end_to_end,16424
service,4774
end_to_end,21604
service,439
end_to_end,11334
service,965
end_to_end,21685
service,1895
end_to_end,12505
service,1157
end_to_end,21416
service,787
end_to_end,27884
service,3461
end_to_end,13984
service,1221
end_to_end,9535
service,897
end_to_end,19521
service,722
end_to_end,22444
service,2910
end_to_end,12714
service,487
end_to_end,18724
service,745
end_to_end,22429
service,1286
end_to_end,40696
service,1364
end_to_end,30466
service,156
end_to_end,13703
service,2800
end_to_end,22793
service,487
end_to_end,39761
service,3592
end_to_end,37879
service,3388
end_to_end,25337
service,1238
end_to_end,15312
service,532
end_to_end,15832
service,3431
end_to_end,24048
service,836
end_to_end,15721
service,599
end_to_end,20066
service,161
end_to_end,27822
service,2856
end_to_end,38846
service,1752
end_to_end,21826
service,7
end_to_end,21765
service,5319
end_to_end,31029
service,2097
end_to_end,12726
service,1513
end_to_end,15080
service,1680
end_to_end,24115
service,54
end_to_end,24265
service,2221
end_to_end,20953
service,1520
end_to_end,17065
service,150
end_to_end,14708
service,1589
end_to_end,29047
service,8363
end_to_end,31338
service,4347
end_to_end,21342
service,5644
end_to_end,24534
service,1484
end_to_end,20776
service,2788
end_to_end,34297
service,929
end_to_end,13800
service,3579
end_to_end,14432
service,4053
end_to_end,24357
service,690
end_to_end,23798
service,1110
end_to_end,24714
service,2238
end_to_end,29869
service,3194
end_to_end,28037
service,4991
end_to_end,30690
service,882
end_to_end,9900
service,630
end_to_end,16245
service,231
end_to_end,16258
service,975
end_to_end,17385
service,964
end_to_end,28562
service,4851
end_to_end,21738
service,394
end_to_end,24799
service,3455
end_to_end,32248
service,1761
end_to_end,31434
service,1833
end_to_end,43373
service,4021
end_to_end,38975
service,2124
end_to_end,20547
service,3178
end_to_end,32693
service,1578
end_to_end,23689
service,1815
end_to_end,25144
service,3370
end_to_end,22469
service,9456
end_to_end,27153
service,85
end_to_end,21221
service,259
end_to_end,20484
service,319
end_to_end,29352
service,3422
end_to_end,29039
service,1240
end_to_end,29108
service,2863
end_to_end,32994
service,6516
end_to_end,24270
service,1454
end_to_end,33314
service,2379
end_to_end,29442
service,1319
end_to_end,15574
service,1355
end_to_end,24331
service,456
end_to_end,13101
service,219
end_to_end,20824
service,159
end_to_end,14514
service,2605
end_to_end,16711
service,729
end_to_end,25887
service,1569
end_to_end,18064
service,687
end_to_end,20420
service,2073
end_to_end,27300
service,2546
end_to_end,27556
service,4031
end_to_end,13189
service,809
end_to_end,20059
service,3057
end_to_end,27160
service,4037
end_to_end,17894
service,624
end_to_end,23410
service,592
end_to_end,23495
service,1213
end_to_end,29007
service,232
end_to_end,19319
service,748
end_to_end,21399
service,492
end_to_end,20403
service,508
end_to_end,30586
service,542
end_to_end,35733
service,3335
end_to_end,16654
service,158
end_to_end,24507
service,2076
end_to_end,27286
service,1293
end_to_end,28879
service,136
end_to_end,22891
service,2322
end_to_end,12818
service,1346
end_to_end,42549
service,4603
end_to_end,20434
service,2783
end_to_end,12134
service,877
end_to_end,26571
service,3135
end_to_end,13539
service,1043
end_to_end,23503
service,915
end_to_end,16076
service,1040
end_to_end,20268
service,2227
end_to_end,26009
service,1565
end_to_end,32658
service,7839
end_to_end,28240
service,6588
end_to_end,29577
service,275
end_to_end,23148
service,1925
end_to_end,26406
service,3309
end_to_end,24061
service,2041
end_to_end,28626
service,387
end_to_end,17095
service,1843
end_to_end,19594
service,1103
end_to_end,16077
service,1562
end_to_end,32352
service,811
end_to_end,21172
service,2838
end_to_end,31890
service,2384
end_to_end,26840
service,2671
end_to_end,28903
service,3873
end_to_end,10880
service,396
end_to_end,20720
service,1367
end_to_end,31191
service,3407
end_to_end,19040
service,1304
end_to_end,22664
service,287
end_to_end,27507
service,3452
end_to_end,22501
service,218
end_to_end,28838
service,476
end_to_end,18209
service,3097
end_to_end,26873
service,184
end_to_end,22920
service,3707
end_to_end,22040
service,112
end_to_end,21059
service,2662
end_to_end,14057
service,20
end_to_end,20815
service,2148
end_to_end,10168
service,1337
end_to_end,12663
service,3230
end_to_end,10039
service,520
end_to_end,27011
service,27
end_to_end,22522
service,2921
end_to_end,15647
service,244
end_to_end,23882
service,5626
end_to_end,18047
service,142
end_to_end,16724
service,2735
end_to_end,23352
service,516
end_to_end,27386
service,156
end_to_end,10905
service,443
end_to_end,17979
service,958
end_to_end,22205
service,2268
end_to_end,23426
service,542
end_to_end,28305
service,4880
end_to_end,21765
service,3747
end_to_end,20288
service,1218
end_to_end,31140
service,5136
end_to_end,30033
service,1919
end_to_end,24066
service,1739
end_to_end,33383
service,3620
end_to_end,16894
service,1352
end_to_end,17464
service,3236
end_to_end,21064
service,558
end_to_end,39238
service,1335
end_to_end,18557
service,2670
end_to_end,15772
service,247
end_to_end,25795
service,5849
end_to_end,23985
service,4145
end_to_end,28433
service,983
end_to_end,17232
service,1305
end_to_end,11399
service,19
end_to_end,14853
service,862
end_to_end,25260
service,1430
end_to_end,21806
service,463
end_to_end,20991
service,1139
end_to_end,13446
service,667
end_to_end,30961
service,2481
end_to_end,28332
service,2087
end_to_end,26190
service,455
end_to_end,29644
service,5915
end_to_end,32345
service,4542
end_to_end,29550
service,4202
end_to_end,18631
service,1161
end_to_end,24187
service,4252
end_to_end,16384
service,4144
end_to_end,19156
service,1711
end_to_end,17896
service,1722
end_to_end,21132
service,1251
end_to_end,19072
service,1129
end_to_end,20659
service,1017
end_to_end,24128
service,812
end_to_end,18205
service,676
end_to_end,24505
service,5368
end_to_end,19163
service,1340
end_to_end,36314
service,5495
end_to_end,30665
service,467
end_to_end,23205
service,211
end_to_end,20921
service,644
end_to_end,14119
service,67
end_to_end,42150
service,1266
end_to_end,25585
service,1210
end_to_end,28756
service,2635
end_to_end,33749
service,932
end_to_end,20369
service,3900
end_to_end,27226
service,2387
end_to_end,29123
service,838
end_to_end,22255
service,3081
end_to_end,28455
service,1077
end_to_end,22741
service,1335
end_to_end,27999
service,627
end_to_end,17053
service,2484
end_to_end,18507
service,2159
end_to_end,34197
service,7709
end_to_end,11840
service,2057
end_to_end,27881
service,2117
end_to_end,34739
service,2738
end_to_end,10784
service,509
end_to_end,20373
service,3744
end_to_end,16279
service,1902
end_to_end,16737
service,1937
end_to_end,18582
service,5362
end_to_end,13158
service,263
end_to_end,41994
service,7057
end_to_end,22288
service,1760
end_to_end,14030
service,862
end_to_end,14931
service,211
end_to_end,13094
service,355
end_to_end,30270
service,772
end_to_end,22461
service,350
end_to_end,28687
service,5571
end_to_end,28821
service,1729
end_to_end,34795
service,6103
end_to_end,37797
service,4060
end_to_end,26742
service,1241
end_to_end,28605
service,4668
end_to_end,19304
service,537
end_to_end,12866
service,202
end_to_end,35141
service,1527
end_to_end,26726
service,3761
end_to_end,17010
service,1588
end_to_end,26275
service,573
end_to_end,25252
service,651
end_to_end,26171
service,1252
end_to_end,29292
service,2694
end_to_end,21268
service,426
end_to_end,20287
service,336
end_to_end,18483
service,597
end_to_end,14105
service,842
end_to_end,25547
service,445
end_to_end,20847
service,7797
end_to_end,17478
service,5
end_to_end,28563
service,1111
end_to_end,31581
service,1339
end_to_end,27962
service,1628
end_to_end,25894
service,5694
end_to_end,28381
service,2488
end_to_end,25542
service,1151
end_to_end,15597
service,330
end_to_end,24025
service,3133
end_to_end,29508
service,7493
end_to_end,33402
service,4786
end_to_end,21323
service,2749
end_to_end,15147
service,415
end_to_end,25867
service,2813
end_to_end,32297
service,3857
end_to_end,12218
service,1275
end_to_end,22456
service,2334
end_to_end,23463
service,1492
end_to_end,18859
service,5274
end_to_end,20919
service,1324
end_to_end,22936
service,2085
end_to_end,19241
service,1051
end_to_end,20363
service,2547
end_to_end,25880
service,8784
end_to_end,26357
service,477
end_to_end,25384
service,1105
end_to_end,15307
service,1114
end_to_end,31483
service,534
end_to_end,13509
service,192
end_to_end,8304
service,2047
end_to_end,15342
service,707
end_to_end,15096
service,2562
end_to_end,18552
service,766
end_to_end,22184
service,4375
end_to_end,23061
service,2935
end_to_end,21010
service,3760
end_to_end,12981
service,1922
end_to_end,25116
service,6161
end_to_end,11502
service,1079
end_to_end,18408
service,800
end_to_end,28087
service,1205
end_to_end,16945
service,890
end_to_end,41509
service,37
end_to_end,6990
service,131
end_to_end,29076
service,4596
end_to_end,21552
service,533
end_to_end,33846
service,2930
end_to_end,10985
service,242
end_to_end,16754
service,578
end_to_end,16899
service,1366
end_to_end,28071
service,2982
end_to_end,14433
service,2068
end_to_end,15085
service,5810
end_to_end,16586
service,442
end_to_end,18955
service,1156
end_to_end,28378
service,1441
end_to_end,15446
service,55
end_to_end,11100
service,132
end_to_end,37809
service,2888
end_to_end,23654
service,1136
end_to_end,21435
service,1095
end_to_end,23674
service,245
end_to_end,21638
service,1244
end_to_end,20213
service,1892
end_to_end,35873
service,7072
end_to_end,25051
service,2202
end_to_end,26075
service,4182
end_to_end,22012
service,3041
end_to_end,30030
service,876
end_to_end,14921
service,332
end_to_end,11950
service,238
end_to_end,41182
service,5929
end_to_end,22514
service,1570
end_to_end,41246
service,456
end_to_end,28766
service,2094
end_to_end,27837
service,7063
end_to_end,24308
service,2529
end_to_end,22695
service,2299
end_to_end,20647
service,1070
end_to_end,27501
service,3746
end_to_end,16341
service,185
end_to_end,19591
service,285
end_to_end,20838
service,4638
end_to_end,22718
service,576
end_to_end,28686
service,2798
end_to_end,26342
service,772
end_to_end,37058
service,1245
end_to_end,26432
service,50
end_to_end,30806
service,3369
end_to_end,41987
service,676
end_to_end,31257
service,899
end_to_end,35172
service,6286
end_to_end,26067
service,2042
end_to_end,35428
service,1316
end_to_end,30630
service,2013
end_to_end,16233
service,547
end_to_end,19036
service,3859
end_to_end,20195
service,7582
end_to_end,12562
service,89
end_to_end,18475
service,1968
end_to_end,29179
service,2438
end_to_end,22757
service,2162
end_to_end,29068
service,1606
end_to_end,23153
service,1206
end_to_end,17049
service,1707
end_to_end,28873
service,183
end_to_end,21508
service,3936
end_to_end,15337
service,305
end_to_end,15954
service,2377
end_to_end,26292
service,1377
end_to_end,15515
service,590
end_to_end,15822
service,1745
end_to_end,22002
service,668
end_to_end,8071
service,1267
end_to_end,26426
service,86
end_to_end,27708
service,869
end_to_end,12897
service,987
end_to_end,20820
service,4512
end_to_end,21198
service,2670
end_to_end,12939
service,315
end_to_end,21097
service,984
end_to_end,11487
service,674
end_to_end,22834
service,411
end_to_end,12933
service,3960
end_to_end,34810
service,1423
end_to_end,13643
service,2353
end_to_end,19780
service,72
end_to_end,15429
service,128
end_to_end,22042
service,3376
end_to_end,39407
service,7809
end_to_end,24148
service,2187
end_to_end,22505
service,271
end_to_end,24172
service,4830
end_to_end,35311
service,4615
end_to_end,25767
service,277
end_to_end,23002
service,1834
end_to_end,32878
service,1592
end_to_end,18935
service,1998
end_to_end,34272
service,6151
end_to_end,21880
service,352
end_to_end,26619
service,3727
end_to_end,23311
service,806
end_to_end,19674
service,3004
end_to_end,22149
service,1361
end_to_end,13011
service,1921
end_to_end,19865
service,1772
end_to_end,27583
service,1416
end_to_end,35764
service,4332
end_to_end,25877
service,338
end_to_end,20995
service,9533
end_to_end,36696
service,219
end_to_end,27646
service,1318
end_to_end,28048
service,5808
end_to_end,35987
service,1819
end_to_end,26939
service,1295
end_to_end,24931
service,975
end_to_end,19399
service,917
end_to_end,33579
service,2432
end_to_end,25382
service,3105
end_to_end,29601
service,104
end_to_end,38762
service,6637
end_to_end,22326
service,812
end_to_end,31924
service,932
end_to_end,35998
service,2765
end_to_end,16638
service,106
end_to_end,27502
service,2437
end_to_end,40387
service,3649
end_to_end,37949
service,1570
end_to_end,27098
service,2462
end_to_end,32317
service,3960
end_to_end,13322
service,322
end_to_end,37809
service,3123
end_to_end,30557
service,2563
end_to_end,32059
service,2683
end_to_end,28193
service,947
end_to_end,27473
service,4762
end_to_end,23949
service,648
end_to_end,30181
service,3115
end_to_end,24115
service,253
end_to_end,27659
service,1006
end_to_end,30187
service,1366
end_to_end,46121
service,1643
end_to_end,32758
service,4386
end_to_end,21667
service,513
end_to_end,19128
service,3953
end_to_end,51261
service,1054
end_to_end,25578
service,1282
end_to_end,25956
service,1198
end_to_end,35205
service,646
end_to_end,34310
service,805
end_to_end,35985
service,775
end_to_end,30758
service,196
end_to_end,47954
service,797
end_to_end,28244
service,4446
end_to_end,22634
service,87
end_to_end,35563
service,4256
end_to_end,24203
service,206
end_to_end,18700
service,1495
end_to_end,11941
service,1870
end_to_end,13382
service,355
end_to_end,14244
service,339
end_to_end,22701
service,3989
end_to_end,23450
service,7618
end_to_end,25852
service,1503
end_to_end,21013
service,1283
end_to_end,21000
service,3750
end_to_end,27233
service,780
end_to_end,29877
service,678
end_to_end,19933
service,267
end_to_end,16165
service,827
end_to_end,21958
service,5006
end_to_end,16484
service,282
end_to_end,23194
service,102
end_to_end,39665
service,5506
end_to_end,38184
service,9083
end_to_end,39951
service,1766
end_to_end,28936
service,847
end_to_end,38844
service,2717
end_to_end,21349
service,1002
end_to_end,20737
service,1466
end_to_end,18920
service,1565
end_to_end,28310
service,22
end_to_end,28881
service,141
end_to_end,12192
service,221
end_to_end,31009
service,2714
end_to_end,16324
service,4420
end_to_end,18908
service,440
end_to_end,19622
service,2728
end_to_end,15854
service,559
end_to_end,28328
service,526
end_to_end,21847
service,1120
end_to_end,21461
service,2015
end_to_end,27510
service,3678
end_to_end,24168
service,135
end_to_end,22115
service,892
end_to_end,16033
service,174
end_to_end,15192
service,193
end_to_end,20770
service,107
end_to_end,30935
service,281
end_to_end,23991
service,2738
end_to_end,28797
service,296
end_to_end,46483
service,8841
end_to_end,20638
service,2016
end_to_end,21484
service,97
end_to_end,27016
service,2154
end_to_end,24900
service,4061
end_to_end,18953
service,839
end_to_end,30922
service,1132
end_to_end,21592
service,1764
end_to_end,21590
service,1064
end_to_end,11574
service,6
end_to_end,15149
service,2200
end_to_end,21398
service,90
end_to_end,23509
service,3721
end_to_end,16954
service,12
end_to_end,23737
service,1383
end_to_end,32820
service,1872
end_to_end,23792
service,2484
end_to_end,15151
service,1028
end_to_end,36691
service,282
end_to_end,20056
service,436
end_to_end,16048
service,259
end_to_end,37248
service,7607
end_to_end,17042
service,826
end_to_end,23599
service,6817
end_to_end,20597
service,2115
end_to_end,43468
service,2512
end_to_end,38910
service,1561
end_to_end,26078
service,2519
end_to_end,16868
service,59
end_to_end,24883
service,2050
end_to_end,18778
service,1284
end_to_end,29352
service,530
end_to_end,33740
service,3351
end_to_end,31436
service,819
end_to_end,13601
service,1588
end_to_end,35438
service,12117
end_to_end,18208
service,2601
end_to_end,12297
service,1054
end_to_end,44453
service,11770
end_to_end,23870
service,1827
end_to_end,53974
service,16474
end_to_end,48456
service,3658
end_to_end,32568
service,6067
end_to_end,30103
service,8660
end_to_end,39859
service,9238
end_to_end,21953
service,2389
end_to_end,26007
service,6111
end_to_end,22262
service,311
end_to_end,42415
service,441
end_to_end,11861
service,1203
end_to_end,12963
service,17
end_to_end,19560
service,4331
end_to_end,25620
service,2332
end_to_end,21723
service,1268
end_to_end,14495
service,3217
end_to_end,16303
service,2053
end_to_end,16320
service,147
end_to_end,26657
service,6928
end_to_end,32780
service,2
end_to_end,27052
service,803
end_to_end,8941
service,89
end_to_end,26824
service,795
end_to_end,40464
service,4027
end_to_end,12007
service,531
end_to_end,45935
service,2409
end_to_end,12536
service,17
end_to_end,18126
service,4516
end_to_end,30900
service,536
end_to_end,14161
service,3208
end_to_end,15724
service,3670
end_to_end,27005
service,4678
end_to_end,23075
service,1808
end_to_end,36616
service,9103
end_to_end,23803
service,7661
end_to_end,21320
service,103
end_to_end,16549
service,1265
end_to_end,23143
service,230
end_to_end,25811
service,2732
end_to_end,26220
service,2830
end_to_end,23320
service,1681
end_to_end,18300
service,1633
end_to_end,14701
service,223
end_to_end,17340
service,249
end_to_end,21883
service,1818
end_to_end,10722
service,1112
end_to_end,12578
service,507
end_to_end,23973
service,6489
end_to_end,22606
service,3573
end_to_end,27771
service,1989
end_to_end,27118
service,5258
end_to_end,23089
service,3539
end_to_end,20919
service,407
end_to_end,19973
service,98
end_to_end,15357
service,3398
end_to_end,28805
service,3871
end_to_end,12390
service,2762
end_to_end,23285
service,4866
end_to_end,19752
service,5759
end_to_end,12016
service,845
end_to_end,17498
service,35
end_to_end,23952
service,311
end_to_end,11662
service,675
end_to_end,17733
service,955
end_to_end,36800
service,216
end_to_end,26758
service,3446
end_to_end,18103
service,709
end_to_end,18679
service,2209
end_to_end,40120
service,3686
end_to_end,23877
service,1023
end_to_end,28401
service,1723
end_to_end,12105
service,541
end_to_end,20170
service,1834
end_to_end,21517
service,2053
end_to_end,25114
service,1032
end_to_end,27666
service,4085
end_to_end,31022
service,295
end_to_end,20693
service,422
end_to_end,17275
service,1777
end_to_end,13576
service,3522
end_to_end,20367
service,1162
end_to_end,22562
service,3109
end_to_end,19001
service,5892
end_to_end,21832
service,1769
end_to_end,19261
service,815
end_to_end,21441
service,4463
end_to_end,12778
service,1470
end_to_end,14227
service,228
end_to_end,22900
service,3091
end_to_end,26102
service,6375
end_to_end,30741
service,2719
end_to_end,27130
service,3156
end_to_end,14867
service,4188
end_to_end,14789
service,833
end_to_end,25908
service,4249
end_to_end,29116
service,575
end_to_end,30438
service,10333
end_to_end,22114
service,1081
end_to_end,16274
service,409
end_to_end,13219
service,192
end_to_end,11310
service,3604
end_to_end,39050
service,13422
end_to_end,22318
service,558
end_to_end,14318
service,1621
end_to_end,18899
service,1499
end_to_end,20594
service,4328
end_to_end,25254
service,633
end_to_end,36824
service,1570
end_to_end,19598
service,7824
end_to_end,17856
service,314
end_to_end,29807
service,7126
end_to_end,20597
service,81
end_to_end,23881
service,1125
end_to_end,24294
service,1227
end_to_end,16627
service,62
end_to_end,16347
service,221
end_to_end,30192
service,2356
end_to_end,24235
service,790
end_to_end,22895
service,1511
end_to_end,11318
service,597
end_to_end,16585
service,1223
end_to_end,19720
service,3023
end_to_end,24626
service,5536
end_to_end,15064
service,2403
end_to_end,15058
service,2052
end_to_end,14907
service,906
end_to_end,16853
service,2462
end_to_end,23231
service,2594
end_to_end,14074
service,23
end_to_end,9329
service,485
end_to_end,30015
service,4307
end_to_end,32589
service,513
end_to_end,26635
service,358
end_to_end,41456
service,4816
end_to_end,18309
service,789
end_to_end,12510
service,1039
end_to_end,23200
service,4903
end_to_end,11264
service,934
end_to_end,18160
service,1696
end_to_end,24412
service,672
end_to_end,23971
service,1329
end_to_end,22924
service,696
end_to_end,18340
service,1
end_to_end,11838
service,711
end_to_end,18868
service,697
end_to_end,22250
service,320
end_to_end,23588
service,9075
end_to_end,35239
service,471
end_to_end,19340
service,595
end_to_end,27203
service,4837
end_to_end,27172
service,469
end_to_end,21179
service,220
end_to_end,24020
service,985
end_to_end,24253
service,3028
end_to_end,15783
service,325
end_to_end,27986
service,3729
end_to_end,23475
service,512
end_to_end,21379
service,525
end_to_end,27313
service,1500
end_to_end,19318
service,2071
end_to_end,30792
service,1748
end_to_end,29351
service,1056
end_to_end,40171
service,56
end_to_end,16638
service,2279
end_to_end,19395
service,1824
end_to_end,16736
service,1389
end_to_end,20040
service,618
end_to_end,28393
service,485
end_to_end,43932
service,2017
end_to_end,14979
service,2224
end_to_end,26212
service,377
end_to_end,12008
service,20
end_to_end,38191
service,1148
end_to_end,39527
service,10711
end_to_end,17634
service,2011
end_to_end,44916
service,3324
end_to_end,13622
service,71
end_to_end,24667
service,1933
end_to_end,20608
service,7115
end_to_end,32257
service,335
end_to_end,33916
service,4360
end_to_end,26747
service,2481
end_to_end,15925
service,297
end_to_end,19070
service,82
end_to_end,19967
service,3139
end_to_end,20742
service,3525
end_to_end,25890
service,5387
end_to_end,16336
service,3
end_to_end,13986
service,264
end_to_end,26630
service,4957
end_to_end,31826
service,2221
end_to_end,23750
service,2042
end_to_end,14728
service,265
end_to_end,14316
service,964
end_to_end,39875
service,10004
end_to_end,27577
service,937
end_to_end,39386
service,5627
end_to_end,13245
service,2742
end_to_end,30070
service,6492
end_to_end,22091
service,832
end_to_end,31131
service,147
end_to_end,34059
service,25
end_to_end,21636
service,625
end_to_end,40720
service,2733
end_to_end,31059
service,1625
end_to_end,24882
service,2987
end_to_end,21842
service,19
end_to_end,17809
service,461
end_to_end,16053
service,848
end_to_end,23182
service,876
end_to_end,18712
service,1005
end_to_end,30417
service,30
end_to_end,18254
service,734
end_to_end,18399
service,899
end_to_end,23411
service,587
end_to_end,18676
service,2876
end_to_end,11869
service,251
end_to_end,21884
service,6075
end_to_end,13910
service,1202
end_to_end,20753
service,376
end_to_end,20554
service,2847
end_to_end,18388
service,934
end_to_end,40907
service,247
end_to_end,27928
service,602
end_to_end,17697
service,1626
end_to_end,25128
service,1393
end_to_end,28682
service,3981
end_to_end,29603
service,2830
end_to_end,27225
service,180
end_to_end,11902
service,908
end_to_end,26312
service,835
end_to_end,23267
service,552
end_to_end,25236
service,4712
end_to_end,15165
service,413
end_to_end,16823
service,13
end_to_end,31865
service,1066
end_to_end,34729
service,3092
end_to_end,24152
service,3730
end_to_end,24494
service,4289
end_to_end,30438
service,2751
end_to_end,26033
service,6596
end_to_end,19819
service,2906
end_to_end,14143
service,258
end_to_end,31024
service,6710
end_to_end,29048
service,425
end_to_end,30977
service,242
end_to_end,13096
service,1277
end_to_end,21562
service,957
end_to_end,15447
service,1712
end_to_end,13155
service,545
end_to_end,18326
service,248
end_to_end,24228
service,2306
end_to_end,25465
service,249
end_to_end,15650
service,12
end_to_end,16453
service,719
end_to_end,20772
service,638
end_to_end,26196
service,584
end_to_end,13512
service,1221
end_to_end,14527
service,1183
end_to_end,29740
service,9787
end_to_end,29904
service,2551
end_to_end,20513
service,3880
end_to_end,26657
service,1342
end_to_end,21497
service,1445
end_to_end,24599
service,159
end_to_end,21009
service,361
end_to_end,20694
service,524
end_to_end,24448
service,443
end_to_end,28518
service,624
end_to_end,19411
service,1667
end_to_end,19458
service,47
end_to_end,26398
service,937
end_to_end,34880
service,1974
end_to_end,36170
service,668
end_to_end,19193
service,687
end_to_end,15976
service,2103
end_to_end,29483
service,4362
end_to_end,24467
service,41
end_to_end,17735
service,1754
end_to_end,23426
service,1497
end_to_end,23766
service,1354
end_to_end,11218
service,686
end_to_end,31465
service,5354
end_to_end,21449
service,9697
end_to_end,27573
service,298
end_to_end,10098
service,250
end_to_end,24201
service,541
end_to_end,21980
service,487
end_to_end,12733
service,3848
end_to_end,28383
service,244
end_to_end,24961
service,4408
end_to_end,20359
service,2356
end_to_end,29539
service,3332
end_to_end,39582
service,12461
end_to_end,21279
service,1160
end_to_end,28945
service,4786
end_to_end,14098
service,991
end_to_end,23420
service,692
end_to_end,28148
service,1635
end_to_end,13783
service,1358
end_to_end,14700
service,718
end_to_end,29098
service,618
end_to_end,25068
service,2267
end_to_end,28875
service,273
end_to_end,29160
service,7871
end_to_end,22947
service,1903
end_to_end,15517
service,227
end_to_end,20693
service,1034
end_to_end,22348
service,474
end_to_end,31398
service,6935
end_to_end,22913
service,1631
end_to_end,16058
service,902
end_to_end,12184
service,1168
end_to_end,17843
service,1064
end_to_end,9982
service,485
end_to_end,25220
service,3120
end_to_end,20878
service,1003
end_to_end,14745
service,99
end_to_end,18656
service,1083
end_to_end,19737
service,691
end_to_end,17938
service,321
end_to_end,22252
service,1574
end_to_end,28064
service,2080
end_to_end,22701
service,759
end_to_end,31642
service,2357
end_to_end,17918
service,2071
end_to_end,22869
service,1675
end_to_end,18682
service,1111
end_to_end,21603
service,768
end_to_end,27759
service,4523
end_to_end,18607
service,745
end_to_end,17777
service,684
end_to_end,18396
service,846
end_to_end,17290
service,69
end_to_end,32770
service,946
end_to_end,25552
service,2678
end_to_end,27772
service,1745
end_to_end,44349
service,1282
end_to_end,24219
service,7406
end_to_end,10990
service,2575
end_to_end,43835
service,5662
end_to_end,31863
service,12045
end_to_end,41384
service,7781
end_to_end,25514
service,1496
end_to_end,29294
service,3618
end_to_end,18488
service,2442
end_to_end,14397
service,1271
end_to_end,25781
service,6232
end_to_end,19695
service,4622
end_to_end,19853
service,2217
end_to_end,27294
service,1238
end_to_end,27528
service,897
end_to_end,31084
service,614
end_to_end,34694
service,185
end_to_end,6497
service,706
end_to_end,15041
service,1191
end_to_end,15013
service,1599
end_to_end,9090
service,959
end_to_end,16150
service,664
end_to_end,17496
service,2292
end_to_end,18411
service,2388
end_to_end,12340
service,1315
end_to_end,20781
service,3233
end_to_end,17003
service,1709
end_to_end,25381
service,3980
end_to_end,17018
service,1999
end_to_end,19720
service,2398
end_to_end,32360
service,3918
end_to_end,37533
service,2053
end_to_end,11428
service,24
end_to_end,15148
service,1142
end_to_end,15166
service,748
end_to_end,9470
service,20
end_to_end,20077
service,180
end_to_end,27962
service,2448
end_to_end,24362
service,452
end_to_end,28894
service,7527
end_to_end,24222
service,1326
end_to_end,30964
service,3698
end_to_end,18310
service,633
end_to_end,36502
service,14234
end_to_end,31942
service,1125
end_to_end,27692
service,414
end_to_end,26342
service,1102
end_to_end,16795
service,224
end_to_end,30989
service,301
end_to_end,27654
service,366
end_to_end,25316
service,138
end_to_end,24028
service,3487
end_to_end,19593
service,835
end_to_end,23142
service,2949
end_to_end,22488
service,462
end_to_end,16987
service,2499
end_to_end,29628
service,2
end_to_end,7870
service,0
end_to_end,24077
service,6244
end_to_end,17496
service,2033
end_to_end,23937
service,2059
end_to_end,31121
service,7447
end_to_end,19767
service,1683
end_to_end,22821
service,4303
end_to_end,13922
service,957
end_to_end,14489
service,1098
end_to_end,27084
service,2523
end_to_end,12994
service,1512
end_to_end,29409
service,1605
end_to_end,28818
service,6914
end_to_end,7035
service,107
end_to_end,19053
service,1351
end_to_end,24855
service,3802
end_to_end,17234
service,5528
end_to_end,35554
service,5635
end_to_end,18757
service,464
end_to_end,26573
service,2140
end_to_end,24637
service,5264
end_to_end,17925
service,1577
end_to_end,25697
service,2097
end_to_end,21047
service,1372
end_to_end,23614
service,552
end_to_end,25159
service,477
end_to_end,27845
service,4851
end_to_end,26488
service,2511
end_to_end,15220
service,1562
end_to_end,27241
service,2552
end_to_end,22725
service,850
end_to_end,21980
service,1407
end_to_end,17446
service,523
end_to_end,18873
service,631
end_to_end,23994
service,4886
end_to_end,31580
service,9578
end_to_end,23182
service,1771
end_to_end,18957
service,948
end_to_end,25302
service,1932
end_to_end,13984
service,494
end_to_end,32613
service,211
end_to_end,29463
service,2560
end_to_end,19429
service,964
end_to_end,24958
service,4468
end_to_end,26264
service,1604
end_to_end,15202
service,1916
end_to_end,25948
service,2659
end_to_end,29600
service,1591
end_to_end,32782
service,12774
end_to_end,18408
service,1864
end_to_end,17989
service,1743
end_to_end,19464
service,160
end_to_end,14520
service,1009
end_to_end,40504
service,1984
end_to_end,36531
service,89
end_to_end,19462
service,4801
end_to_end,27765
service,4963
end_to_end,18442
service,1033
end_to_end,22260
service,4668
end_to_end,19583
service,161
end_to_end,12485
service,81
end_to_end,31674
service,4148
end_to_end,19698
service,414
end_to_end,17295
service,854
end_to_end,13804
service,3973
end_to_end,15947
service,5930
end_to_end,21172
service,148
end_to_end,27257
service,8332
end_to_end,19355
service,941
end_to_end,28885
service,8901
end_to_end,21608
service,88
end_to_end,20323
service,961
end_to_end,24533
service,3413
end_to_end,25765
service,2452
end_to_end,24248
service,2271
end_to_end,28351
service,4670
end_to_end,23420
service,1150
end_to_end,38165
service,5910
end_to_end,39966
service,742
end_to_end,35389
service,2339
end_to_end,27537
service,4611
end_to_end,19414
service,2582
end_to_end,41013
service,4903
end_to_end,23629
service,1855
end_to_end,27088
service,582
end_to_end,29631
service,458
end_to_end,17867
service,402
end_to_end,15464
service,2187
end_to_end,18068
service,1498
end_to_end,22403
service,180
end_to_end,31008
service,894
end_to_end,17862
service,64
end_to_end,29362
service,567
end_to_end,22073
service,1522
end_to_end,19425
service,328
end_to_end,14768
service,1106
end_to_end,24147
service,386
end_to_end,14460
service,459
end_to_end,15825
service,607
end_to_end,30737
service,54
end_to_end,22197
service,629
end_to_end,40401
service,5637
end_to_end,21254
service,1672
end_to_end,23370
service,3043
end_to_end,24640
service,606
end_to_end,30635
service,237
end_to_end,18478
service,270
end_to_end,33330
service,3026
end_to_end,24301
service,1221
end_to_end,27299
service,2197
end_to_end,16699
service,1515
end_to_end,18622
service,943
end_to_end,18367
service,1031
end_to_end,20888
service,1487
end_to_end,31106
service,847
end_to_end,30988
service,3322
end_to_end,25449
service,2447
end_to_end,20569
service,2945
end_to_end,15619
service,752
end_to_end,29178
service,553
end_to_end,33646
service,7501
end_to_end,21097
service,746
end_to_end,23563
service,1502
end_to_end,44228
service,1659
end_to_end,11383
service,258
end_to_end,31790
service,7166
end_to_end,28848
service,176
end_to_end,19187
service,175
end_to_end,18201
service,874
end_to_end,28251
service,686
end_to_end,30678
service,619
end_to_end,17424
service,385
end_to_end,25040
service,4943
end_to_end,30893
service,1427
end_to_end,39892
service,3022
end_to_end,17442
service,3128
end_to_end,36517
service,1622
end_to_end,33742
service,965
end_to_end,27763
service,1836
end_to_end,30275
service,776
end_to_end,19859
service,1211
end_to_end,35471
service,1298
end_to_end,14363
service,2160
end_to_end,17997
service,2148
end_to_end,13345
service,2973
end_to_end,18190
service,2433
end_to_end,18406
service,521
end_to_end,20565
service,641
end_to_end,15314
service,2423
end_to_end,13181
service,2983
end_to_end,32409
service,5992
end_to_end,18357
service,238
end_to_end,29348
service,269
end_to_end,22087
service,1806
end_to_end,29187
service,10652
end_to_end,21770
service,861
end_to_end,22208
service,288
end_to_end,25378
service,1377
end_to_end,26198
service,2347
end_to_end,31169
service,5211
end_to_end,23298
service,722
end_to_end,15721
service,2073
end_to_end,9895
service,365
end_to_end,15467
service,79
end_to_end,24103
service,4319
end_to_end,15588
service,3724
end_to_end,25807
service,2325
end_to_end,14423
service,173
end_to_end,37031
service,10352
end_to_end,24603
service,1636
end_to_end,20746
service,370
end_to_end,26245
service,4430
end_to_end,37178
service,581
end_to_end,30143
service,734
end_to_end,33753
service,1555
end_to_end,26587
service,1308
end_to_end,48746
service,2285
end_to_end,33410
service,1012
end_to_end,23662
service,2371
end_to_end,19657
service,659
end_to_end,13399
service,197
end_to_end,19541
service,2605
end_to_end,29073
service,2639
end_to_end,19053
service,4982
end_to_end,30417
service,2063
end_to_end,25854
service,1494
end_to_end,28706
service,1200
end_to_end,27675
service,2221
end_to_end,24692
service,3369
end_to_end,24726
service,3169
end_to_end,17420
service,753
end_to_end,21251
service,3672
end_to_end,23899
service,1989
end_to_end,9460
service,207
end_to_end,23651
service,7684
end_to_end,21168
service,633
end_to_end,20214
service,686
end_to_end,15386
service,2105
end_to_end,17864
service,1732
end_to_end,22204
service,840
end_to_end,22802
service,319
end_to_end,9840
service,268
end_to_end,23263
service,7801
end_to_end,20303
service,1679
end_to_end,28896
service,3195
end_to_end,31682
service,1408
end_to_end,16703
service,668
end_to_end,19732
service,4961
end_to_end,24084
service,4205
end_to_end,21796
service,138
end_to_end,30361
service,3540
end_to_end,20765
service,585
end_to_end,23034
service,2804
end_to_end,24906
service,2982
end_to_end,29557
service,6505
end_to_end,22924
service,2727
end_to_end,25105
service,392
end_to_end,28443
service,1873
end_to_end,22775
service,1914
end_to_end,22895
service,2427
end_to_end,18022
service,350
end_to_end,27753
service,139
end_to_end,14735
service,225
end_to_end,22054
service,1743
end_to_end,20751
service,1005
end_to_end,22011
service,1076
end_to_end,26881
service,2529
end_to_end,14976
service,154
end_to_end,14649
service,5351
end_to_end,18746
service,1210
end_to_end,29418
service,700
end_to_end,21502
service,357
end_to_end,15591
service,58
end_to_end,17783
service,609
end_to_end,23247
service,1711
end_to_end,20998
service,613
end_to_end,24910
service,5705
end_to_end,14067
service,352
end_to_end,27688
service,7614
end_to_end,20715
service,131
end_to_end,23151
service,739
end_to_end,27180
service,967
end_to_end,27907
service,13
end_to_end,29542
service,4727
end_to_end,22114
service,2587
end_to_end,26458
service,3031
end_to_end,19514
service,459
end_to_end,24979
service,2002
end_to_end,34209
service,51
end_to_end,46953
service,5067
end_to_end,26495
service,1176
end_to_end,30032
service,129
end_to_end,31616
service,6428
end_to_end,34925
service,2065
end_to_end,16271
service,3835
end_to_end,34289
service,955
end_to_end,15964
service,1752
end_to_end,41552
service,720
end_to_end,18409
service,3165
end_to_end,19367
service,1540
end_to_end,34650
service,4556
end_to_end,32415
service,878
end_to_end,23383
service,966
end_to_end,33608
service,1015
end_to_end,26298
service,3324
end_to_end,35076
service,658
end_to_end,20025
service,3129
end_to_end,17767
service,187
end_to_end,21590
service,973
end_to_end,23186
service,543
end_to_end,25305
service,602
end_to_end,27537
service,3334
end_to_end,36985
service,451
end_to_end,25178
service,598
end_to_end,15808
service,796
end_to_end,17582
service,899
end_to_end,31595
service,1655
end_to_end,19965
service,1322
end_to_end,26873
service,4521
end_to_end,17368
service,5656
end_to_end,17777
service,1171
end_to_end,15123
service,95
end_to_end,31464
service,2858
end_to_end,19871
service,1015
end_to_end,28052
service,3704
end_to_end,26682
service,3948
end_to_end,27240
service,1405
end_to_end,31770
service,2337
end_to_end,21656
service,940
end_to_end,21918
service,2007
end_to_end,22667
service,1815
end_to_end,28938
service,3360
end_to_end,14413
service,2665
end_to_end,35049
service,3822
end_to_end,11334
service,3036
end_to_end,23443
service,8421
end_to_end,20964
service,636
end_to_end,18293
service,605
end_to_end,20922
service,1953
end_to_end,12256
service,415
end_to_end,25679
service,3589
end_to_end,14331
service,492
end_to_end,23134
service,11519
end_to_end,20716
service,1122
end_to_end,19216
service,796
end_to_end,17510
service,451
end_to_end,14664
service,3294
end_to_end,25773
service,12964
end_to_end,24155
service,438
end_to_end,21881
service,3006
end_to_end,23366
service,1396
end_to_end,24889
service,5494
end_to_end,24455
service,2108
end_to_end,37152
service,2023
end_to_end,10171
service,19
end_to_end,21246
service,706
end_to_end,25836
service,4286
end_to_end,21408
service,1522
end_to_end,14365
service,1538
end_to_end,13022
service,2026
end_to_end,22969
service,1588
end_to_end,21592
service,679
end_to_end,18153
service,327
end_to_end,18675
service,375
end_to_end,19857
service,3329
end_to_end,22160
service,5855
end_to_end,13172
service,893
end_to_end,19814
service,655
end_to_end,13097
service,474
end_to_end,14596
service,702
end_to_end,13500
service,2849
end_to_end,21736
service,144
end_to_end,18541
service,698
end_to_end,25429
service,569
end_to_end,21718
service,891
end_to_end,20605
service,724
end_to_end,16677
service,2078
end_to_end,22814
service,1994
end_to_end,20359
service,966
end_to_end,15696
service,1507
end_to_end,15434
service,1800
end_to_end,36813
service,9826
end_to_end,18721
service,618
end_to_end,35081
service,1327
end_to_end,14455
service,2645
end_to_end,26165
service,2954
end_to_end,24724
service,89
end_to_end,17630
service,3784
end_to_end,21866
service,75
end_to_end,14775
service,351
end_to_end,28165
service,4149
end_to_end,13425
service,980
end_to_end,18474
service,240
end_to_end,18955
service,592
end_to_end,17081
service,562
end_to_end,9618
service,1499
end_to_end,19649
service,2114
end_to_end,19027
service,1286
end_to_end,22777
service,1093
end_to_end,22317
service,1801
end_to_end,18161
service,4890
end_to_end,16063
service,233
end_to_end,17276
service,337
end_to_end,21749
service,5119
end_to_end,10576
service,15
end_to_end,16465
service,178
end_to_end,16892
service,269
end_to_end,28844
service,6978
end_to_end,21065
service,5401
end_to_end,9819
service,93
end_to_end,15943
service,1717
end_to_end,30375
service,1250
end_to_end,26319
service,6070
end_to_end,26334
service,1648
end_to_end,24627
service,891
end_to_end,19272
service,466
end_to_end,19185
service,2032
end_to_end,11990
service,2383
end_to_end,27891
service,1411
end_to_end,18254
service,1554
end_to_end,29045
service,382
end_to_end,19992
service,123
end_to_end,22856
service,1692
end_to_end,32585
service,11
end_to_end,14148
service,706
end_to_end,29474
service,1718
end_to_end,35307
service,5975
end_to_end,29246
service,1056
end_to_end,15132
service,4077
end_to_end,20675
service,3931
end_to_end,15463
service,858
end_to_end,19321
service,521
end_to_end,17145
service,1881
end_to_end,29193
service,6102
end_to_end,33718
service,7018
end_to_end,26400
service,1066
end_to_end,10446
service,2091
end_to_end,27698
service,4579
end_to_end,15592
service,335
end_to_end,9765
service,764
end_to_end,20525
service,895
end_to_end,30045
service,286
end_to_end,16618
service,2325
end_to_end,15379
service,276
end_to_end,34096
service,4419
end_to_end,27713
service,12150
end_to_end,23084
service,177
end_to_end,32608
service,3570
end_to_end,26071
service,1136
end_to_end,29979
service,2573
end_to_end,16860
service,1173
end_to_end,30345
service,3336
end_to_end,24684
service,3195
end_to_end,23867
service,1116
end_to_end,26827
service,1137
end_to_end,31013
service,1914
end_to_end,23920
service,664
end_to_end,29087
service,669
end_to_end,34010
service,1271
end_to_end,21511
service,1153
end_to_end,18775
service,1380
end_to_end,20125
service,290
end_to_end,42510
service,2205
end_to_end,16623
service,443
end_to_end,16014
service,1352
end_to_end,11842
service,1554
end_to_end,17560
service,3209
end_to_end,17275
service,588
end_to_end,14204
service,1258
end_to_end,29747
service,1712
end_to_end,16954
service,4013
end_to_end,28350
service,3170
end_to_end,22317
service,1182
end_to_end,9854
service,2691
end_to_end,16307
service,5255
end_to_end,14221
service,778
end_to_end,23205
service,3751
end_to_end,29707
service,4878
end_to_end,29871
service,337
end_to_end,18451
service,2524
end_to_end,13354
service,19
end_to_end,15539
service,1466
end_to_end,22721
service,2303
end_to_end,30535
service,3756
end_to_end,22719
service,797
end_to_end,16321
service,4212
end_to_end,25639
service,2201
end_to_end,18127
service,1788
end_to_end,22772
service,3050
end_to_end,18995
service,2754
end_to_end,31533
service,5008
end_to_end,37146
service,3548
end_to_end,27717
service,5802
end_to_end,23479
service,1473
end_to_end,27594
service,865
end_to_end,21224
service,3881
end_to_end,13473
service,828
end_to_end,30991
service,569
end_to_end,42120
service,1436
end_to_end,25197
service,201
end_to_end,18220
service,812
end_to_end,21381
service,6163
end_to_end,27445
service,1655
end_to_end,36484
service,1079
end_to_end,27970
service,1789
end_to_end,22527
service,656
end_to_end,53372
service,2369
end_to_end,29962
service,3149
end_to_end,45760
service,615
end_to_end,41360
service,2274
end_to_end,28371
service,8346
end_to_end,23356
service,672
end_to_end,14631
service,335
end_to_end,24095
service,5531
end_to_end,35104
service,2884
end_to_end,15616
service,198
end_to_end,27168
service,2508
end_to_end,36154
service,2723
end_to_end,16814
service,1493
end_to_end,23662
service,4369
end_to_end,26861
service,1817
end_to_end,14886
service,1399
end_to_end,13442
service,296
end_to_end,31077
service,1307
end_to_end,15310
service,2062
end_to_end,17988
service,3936
end_to_end,16979
service,1595
end_to_end,16130
service,1967
end_to_end,26026
service,3661
end_to_end,24595
service,5817
end_to_end,20288
service,367
end_to_end,14770
service,805
end_to_end,15441
service,3116
end_to_end,27142
service,1516
end_to_end,17264
service,1612
end_to_end,29293
service,8684
end_to_end,15575
service,4935
end_to_end,13140
service,240
end_to_end,9025
service,556
end_to_end,19433
service,212
end_to_end,28765
service,641
end_to_end,45248
service,180
end_to_end,33569
service,3140
end_to_end,20586
service,4005
end_to_end,25175
service,136
end_to_end,27700
service,283
end_to_end,18053
service,4637
end_to_end,17601
service,1815
end_to_end,27275
service,3551
end_to_end,18105
service,1395
end_to_end,21140
service,974
end_to_end,21892
service,905
end_to_end,24352
service,4651
end_to_end,19988
service,1432
end_to_end,24640
service,1804
end_to_end,27626
service,3365
end_to_end,22348
service,894
end_to_end,25041
service,5870
end_to_end,16974
service,1604
end_to_end,28951
service,2728
end_to_end,15814
service,312
end_to_end,38693
service,2241
end_to_end,27544
service,4445
end_to_end,36039
service,3592
end_to_end,19749
service,801
end_to_end,18585
service,3351
end_to_end,35495
service,1122
end_to_end,16326
service,115
end_to_end,35772
service,2294
end_to_end,33500
service,9027
end_to_end,23311
service,4781
end_to_end,32067
service,4287
end_to_end,19431
service,1609
end_to_end,22483
service,2005
end_to_end,22548
service,672
end_to_end,23867
service,1803
end_to_end,15799
service,47
end_to_end,30701
service,3989
end_to_end,11789
service,471
end_to_end,25785
service,4161
end_to_end,25838
service,6232
end_to_end,11907
service,1031
end_to_end,23508
service,2840
end_to_end,27946
service,2790
end_to_end,31797
service,317
end_to_end,20897
service,293
end_to_end,29543
service,5481
end_to_end,39388
service,2784
end_to_end,31031
service,1488
end_to_end,35188
service,2524
end_to_end,12366
service,1592
end_to_end,25696
service,2977
end_to_end,17081
service,1985
end_to_end,25515
service,3174
end_to_end,26140
service,699
end_to_end,12630
service,1061
end_to_end,32106
service,978
end_to_end,10911
service,875
end_to_end,16975
service,4623
end_to_end,11110
service,305
end_to_end,12828
service,1435
end_to_end,14717
service,3205
end_to_end,15126
service,1015
end_to_end,20890
service,1324
end_to_end,13665
service,1898
end_to_end,20271
service,658
end_to_end,18836
service,1939
end_to_end,28787
service,649
end_to_end,24280
service,3021
end_to_end,17335
service,112
end_to_end,32800
service,447
end_to_end,24416
service,1378
end_to_end,14403
service,1164
end_to_end,28392
service,227
end_to_end,23217
service,305
end_to_end,23499
service,2175
end_to_end,18036
service,565
end_to_end,10063
service,1587
end_to_end,29250
service,210
end_to_end,18694
service,10
end_to_end,19466
service,258
end_to_end,17097
service,602
end_to_end,20432
service,2276
end_to_end,23581
service,887
end_to_end,20982
service,580
end_to_end,28338
service,2733
end_to_end,24582
service,1229
end_to_end,26852
service,721
end_to_end,17580
service,1567
end_to_end,13630
service,296
end_to_end,22129
service,1479
end_to_end,13694
service,5307
end_to_end,15819
service,369
end_to_end,23559
service,426
end_to_end,18291
service,1112
end_to_end,34511
service,516
end_to_end,23562
service,748
end_to_end,24910
service,1287
end_to_end,38766
service,13047
end_to_end,13949
service,1040
end_to_end,19504
service,1761
end_to_end,18680
service,159
end_to_end,32099
service,4626
end_to_end,19569
service,901
end_to_end,17333
service,836
end_to_end,17131
service,3199
end_to_end,26267
service,2201
end_to_end,37852
service,2113
end_to_end,10169
service,88
end_to_end,14576
service,3538
end_to_end,20061
service,564
end_to_end,21051
service,434
end_to_end,10670
service,41
end_to_end,11966
service,2376
end_to_end,13635
service,519
end_to_end,13806
service,170
end_to_end,21023
service,247
end_to_end,23537
service,691
end_to_end,26936
service,3013
end_to_end,21510
service,921
end_to_end,30800
service,3398
end_to_end,13286
service,419
end_to_end,19075
service,129
end_to_end,23945
service,1870
end_to_end,16817
service,963
end_to_end,28843
service,5530
end_to_end,15361
service,1485
end_to_end,16924
service,6259
end_to_end,31328
service,2469
end_to_end,28455
service,305
end_to_end,24815
service,1020
end_to_end,25018
service,3446
end_to_end,20241
service,3071
end_to_end,16778
service,620
end_to_end,16265
service,1055
end_to_end,24652
service,2674
end_to_end,18265
service,625
end_to_end,28054
service,7485
end_to_end,24735
service,1709
end_to_end,26093
service,1639
end_to_end,20976
service,2355
end_to_end,15149
service,550
end_to_end,28278
service,7705
end_to_end,15567
service,1976
end_to_end,36914
service,415
end_to_end,35083
service,380
end_to_end,13729
service,314
end_to_end,17929
service,1157
end_to_end,16915
service,1359
end_to_end,28689
service,672
end_to_end,26363
service,2297
end_to_end,24441
service,1440
end_to_end,34607
service,1224
end_to_end,29017
service,1702
end_to_end,29548
service,3587
end_to_end,10585
service,880
end_to_end,21165
service,5990
end_to_end,17012
service,1883
end_to_end,24980
service,5395
end_to_end,17060
service,2764
end_to_end,31118
service,6135
end_to_end,22047
service,162
end_to_end,26611
service,640
end_to_end,31507
service,1359
end_to_end,21632
service,587
end_to_end,17829
service,868
end_to_end,38942
service,2102
end_to_end,8652
service,722
end_to_end,18111
service,423
end_to_end,18744
service,1112
end_to_end,21688
service,116
end_to_end,31345
service,453
end_to_end,17143
service,376
end_to_end,22089
service,4016
end_to_end,23591
service,1398
end_to_end,16229
service,1258
end_to_end,33349
service,3285
end_to_end,28714
service,654
end_to_end,30202
service,1000
end_to_end,24061
service,209
end_to_end,10661
service,1802
end_to_end,27294
service,2280
end_to_end,12311
service,21
end_to_end,36255
service,3861
end_to_end,22289
service,589
end_to_end,12469
service,865
end_to_end,21762
service,1173
end_to_end,21242
service,2645
end_to_end,41806
service,2240
end_to_end,35323
service,632
end_to_end,34734
service,6313
end_to_end,27958
service,9255
end_to_end,45654
service,686
end_to_end,18879
service,2502
end_to_end,16565
service,270
end_to_end,14806
service,2357
end_to_end,21341
service,3262
end_to_end,16896
service,1554
end_to_end,14346
service,1569
end_to_end,23188
service,3331
end_to_end,17329
service,1114
end_to_end,18880
service,3389
end_to_end,26347
service,1043
end_to_end,18288
service,24
end_to_end,27107
service,5220
end_to_end,23335
service,347
end_to_end,17251
service,3300
end_to_end,20238
service,2983
end_to_end,22000
service,702
end_to_end,15800
service,5323
end_to_end,25390
service,410
end_to_end,21394
service,953
end_to_end,17876
service,552
end_to_end,19025
service,59
end_to_end,28700
service,11
end_to_end,13973
service,701
end_to_end,26801
service,650
end_to_end,34689
service,731
end_to_end,30785
service,351
end_to_end,20481
service,404
end_to_end,23955
service,2482
end_to_end,15650
service,885
end_to_end,16106
service,1712
end_to_end,20162
service,796
end_to_end,23084
service,4525
end_to_end,23179
service,1151
end_to_end,23558
service,1304
end_to_end,17990
service,1546
end_to_end,30586
service,949
end_to_end,33671
service,2608
end_to_end,18887
service,4145
end_to_end,23814
service,356
end_to_end,17918
service,1016
end_to_end,21920
service,2380
end_to_end,15253
service,290
end_to_end,18893
service,2394
end_to_end,16395
service,520
end_to_end,15402
service,1694
end_to_end,27953
service,6271
end_to_end,32040
service,2783
end_to_end,23903
service,7848
end_to_end,33997
service,6786
end_to_end,30742
service,572
end_to_end,37031
service,2762
end_to_end,31077
service,529
end_to_end,47797
service,2489
end_to_end,27771
service,192
end_to_end,25351
service,1207
end_to_end,35959
service,5289
end_to_end,26026
service,300
end_to_end,29875
service,3238
end_to_end,17246
service,2161
end_to_end,34658
service,3848
end_to_end,31732
service,2184
end_to_end,26873
service,3386
end_to_end,15794
service,718
end_to_end,16182
service,1788
end_to_end,21458
service,5063
end_to_end,14881
service,2938
end_to_end,24900
service,1956
end_to_end,16080
service,804
end_to_end,18584
service,1825
end_to_end,11988
service,442
end_to_end,32383
service,2574
end_to_end,13049
service,0
end_to_end,34745
service,3781
end_to_end,33380
service,3827
end_to_end,23722
service,3155
end_to_end,27485
service,7348
end_to_end,10384
service,729
end_to_end,32653
service,4737
end_to_end,20944
service,3197
end_to_end,17171
service,344
end_to_end,26944
service,3166
end_to_end,24488
service,2189
end_to_end,27269
service,2622
end_to_end,17137
service,1305
end_to_end,15746
service,1361
end_to_end,17822
service,675
end_to_end,16774
service,3881
end_to_end,19977
service,1757
end_to_end,19859
service,376
end_to_end,21526
service,3386
end_to_end,21728
service,5691
end_to_end,24221
service,3628
end_to_end,19156
service,1065
end_to_end,24930
service,4827
end_to_end,25091
service,21
end_to_end,18731
service,1822
end_to_end,16798
service,1460
end_to_end,25636
service,426
end_to_end,18210
service,2716
end_to_end,29325
service,1331
end_to_end,23851
service,1602
end_to_end,18565
service,4249
end_to_end,13942
service,511
end_to_end,27910
service,2152
end_to_end,24633
service,1936
end_to_end,19622
service,318
end_to_end,28579
service,1747
end_to_end,27372
service,698
end_to_end,17003
service,2154
end_to_end,31694
service,521
end_to_end,11424
service,274
end_to_end,22469
service,520
end_to_end,24603
service,7144
end_to_end,37148
service,4424
end_to_end,29830
service,1960
end_to_end,35104
service,3012
end_to_end,57001
service,4613
end_to_end,26986
service,2312
end_to_end,25174
service,2303
end_to_end,20457
service,341
end_to_end,33941
service,8423
end_to_end,28753
service,988
end_to_end,26111
service,53
end_to_end,24421
service,7893
end_to_end,20797
service,1553
end_to_end,45575
service,5797
end_to_end,30677
service,3841
end_to_end,29259
service,1088
end_to_end,30127
service,2114
end_to_end,28510
service,9263
end_to_end,30180
service,2138
end_to_end,20268
service,2326
end_to_end,16813
service,310
end_to_end,23155
service,306
end_to_end,19975
service,1755
end_to_end,35140
service,1323
end_to_end,19836
service,1454
end_to_end,20538
service,1601
end_to_end,14205
service,303
end_to_end,15637
service,4996
end_to_end,22052
service,881
end_to_end,33371
service,193
end_to_end,22175
service,1214
end_to_end,36214
service,600
end_to_end,9261
service,446
end_to_end,19751
service,135
end_to_end,23044
service,2034
end_to_end,13877
service,394
end_to_end,13428
service,1142
end_to_end,27206
service,5656
end_to_end,14508
service,3908
end_to_end,18068
service,10
end_to_end,20619
service,1141
end_to_end,21623
service,2361
end_to_end,26971
service,3028
end_to_end,26063
service,4365
end_to_end,23823
service,873
end_to_end,22393
service,1207
end_to_end,37935
service,2442
end_to_end,23388
service,3498
end_to_end,13605
service,335
end_to_end,47411
service,2922
end_to_end,30397
service,432
end_to_end,20866
service,4507
end_to_end,40743
service,5837
end_to_end,31533
service,20
end_to_end,21386
service,993
end_to_end,20728
service,238
end_to_end,36841
service,1408
end_to_end,28615
service,1835
end_to_end,24022
service,1491
end_to_end,18800
service,1837
end_to_end,17114
service,4130
end_to_end,20290
service,1230
end_to_end,20024
service,2816
end_to_end,13374
service,319
end_to_end,19244
service,2277
end_to_end,28577
service,1333
end_to_end,19520
service,2225
end_to_end,17128
service,599
end_to_end,17676
service,3698
end_to_end,12086
service,791
end_to_end,11329
service,317
end_to_end,16770
service,617
end_to_end,25952
service,814
end_to_end,17933
service,1230
end_to_end,24162
service,9661
end_to_end,32565
service,4283
end_to_end,22638
service,2766
end_to_end,25047
service,21
end_to_end,16674
service,1321
end_to_end,16083
service,23
end_to_end,17107
service,1129
end_to_end,14171
service,1783
end_to_end,21263
service,183
end_to_end,23342
service,1648
end_to_end,23464
service,1397
end_to_end,28415
service,448
end_to_end,12703
service,175
end_to_end,19788
service,517
end_to_end,22000
service,1145
end_to_end,10223
service,1922
end_to_end,25942
service,2409
end_to_end,29603
service,434
end_to_end,20637
service,2430
end_to_end,23610
service,469
end_to_end,34811
service,1549
end_to_end,26343
service,714
end_to_end,22556
service,2612
end_to_end,18984
service,486
end_to_end,17157
service,562
end_to_end,25702
service,1618
end_to_end,14814
service,1485
end_to_end,17420
service,873
end_to_end,21567
service,629
end_to_end,17214
service,788
end_to_end,9353
service,198
end_to_end,38143
service,3736
end_to_end,16831
service,2041
end_to_end,12787
service,460
end_to_end,16282
service,2263
end_to_end,12277
service,149
end_to_end,25754
service,566
end_to_end,18470
service,1183
end_to_end,18265
service,2282
end_to_end,41718
service,1136
end_to_end,21882
service,1311
end_to_end,14860
service,5431
end_to_end,13528
service,269
end_to_end,20736
service,1026
end_to_end,16149
service,1464
end_to_end,12171
service,79
end_to_end,46029
service,6176
end_to_end,22875
service,569
end_to_end,39697
service,12434
end_to_end,34699
service,120
end_to_end,20512
service,267
end_to_end,28248
service,2903
end_to_end,32750
service,897
end_to_end,17504
service,147
end_to_end,15013
service,773
end_to_end,37520
service,2557
end_to_end,31967
service,506
end_to_end,38579
service,1736
end_to_end,25287
service,2408
end_to_end,15131
service,1245
end_to_end,23246
service,2893
end_to_end,15289
service,1558
end_to_end,13849
service,29
end_to_end,11593
service,490
end_to_end,14369
service,520
end_to_end,23306
service,2800
end_to_end,21971
service,3424
end_to_end,23261
service,4402
end_to_end,11243
service,920
end_to_end,24232
service,186
end_to_end,8576
service,1220
end_to_end,29243
service,5217
end_to_end,22952
service,821
end_to_end,14685
service,558
end_to_end,13363
service,1911
end_to_end,24962
service,1506
end_to_end,33287
service,3224
end_to_end,31802
service,2630
end_to_end,13198
service,2464
end_to_end,29572
service,3527
end_to_end,22225
service,721
end_to_end,20191
service,528
end_to_end,13401
service,2049
end_to_end,18666
service,1758
end_to_end,19600
service,112
end_to_end,17711
service,2069
end_to_end,16683
service,764
end_to_end,23711
service,801
end_to_end,26668
service,672
end_to_end,15275
service,39
end_to_end,29137
service,4215
end_to_end,29236
service,3457
end_to_end,18830
service,3227
end_to_end,33856
service,2557
end_to_end,22287
service,4511
end_to_end,34982
service,4772
end_to_end,14998
service,799
end_to_end,22177
service,2533
end_to_end,26758
service,4210
end_to_end,24431
service,2653
end_to_end,24436
service,1341
end_to_end,24965
service,33
end_to_end,19357
service,3489
end_to_end,14412
service,893
end_to_end,26485
service,654
end_to_end,26491
service,806
end_to_end,13714
service,1325
end_to_end,34991
service,154
end_to_end,18884
service,7228
end_to_end,18759
service,1020
end_to_end,20218
service,3074
end_to_end,21467
service,2523
end_to_end,28821
service,6234
end_to_end,23535
service,1756
end_to_end,18032
service,1103
end_to_end,35320
service,6666
end_to_end,33562
service,298
end_to_end,38864
service,6276
end_to_end,25872
service,1358
end_to_end,26828
service,886
end_to_end,46592
service,59
end_to_end,24356
service,1354
end_to_end,43994
service,2451
end_to_end,40863
service,246
end_to_end,17831
service,248
end_to_end,46160
service,691
end_to_end,40697
service,3663
end_to_end,17250
service,1050
end_to_end,31895
service,5124
end_to_end,28301
service,645
end_to_end,20191
service,2905
end_to_end,16399
service,1141
end_to_end,13040
service,108
end_to_end,27933
service,2301
end_to_end,40006
service,3791
end_to_end,16022
service,67
end_to_end,20619
service,1505
end_to_end,25389
service,971
end_to_end,13615
service,609
end_to_end,16265
service,960
end_to_end,21493
service,2532
end_to_end,19939
service,398
end_to_end,25130
service,3866
end_to_end,14711
service,1377
end_to_end,16777
service,2134
end_to_end,12396
service,1310
end_to_end,44944
service,1073
end_to_end,20029
service,3571
end_to_end,6562
service,682
end_to_end,30679
service,1415
end_to_end,25070
service,3980
end_to_end,9937
service,724
end_to_end,41066
service,4977
end_to_end,13484
service,621
end_to_end,23437
service,379
end_to_end,18444
service,2600
end_to_end,25305
service,476
end_to_end,23598
service,1362
end_to_end,20225
service,3011
end_to_end,24826
service,1217
end_to_end,15307
service,1116
end_to_end,15700
service,427
end_to_end,21813
service,2132
end_to_end,21907
service,2041
end_to_end,20207
service,411
end_to_end,15643
service,1379
end_to_end,23163
service,1681
end_to_end,29367
service,1621
end_to_end,22449
service,9278
end_to_end,29606
service,30
end_to_end,23266
service,4372
end_to_end,21749
service,86
end_to_end,22804
service,2226
end_to_end,16731
service,919
end_to_end,24543
service,2349
end_to_end,25743
service,479
end_to_end,23641
service,2401
end_to_end,26897
service,1021
end_to_end,19364
service,1044
end_to_end,19475
service,700
end_to_end,37055
service,382
end_to_end,21008
service,860
end_to_end,29913
service,1601
end_to_end,12296
service,2677
end_to_end,20393
service,1579
end_to_end,18476
service,6211
end_to_end,21266
service,6635
end_to_end,16507
service,357
end_to_end,21595
service,831
end_to_end,14319
service,514
end_to_end,35264
service,1143
end_to_end,34792
service,484
end_to_end,14545
service,715
end_to_end,27234
service,3263
end_to_end,21523
service,3390
end_to_end,24996
service,1716
end_to_end,17735
service,537
end_to_end,25187
service,4602
end_to_end,28663
service,5683
end_to_end,19840
service,1093
end_to_end,25040
service,694
end_to_end,13645
service,393
end_to_end,14146
service,321
end_to_end,21061
service,203
end_to_end,28744
service,2752
end_to_end,27267
service,578
end_to_end,23869
service,3763
end_to_end,13979
service,937
end_to_end,22644
service,796
end_to_end,19375
service,382
end_to_end,19703
service,1292
end_to_end,17924
service,5430
end_to_end,26456
service,1563
end_to_end,20904
service,5385
end_to_end,17880
service,712
end_to_end,18963
service,630
end_to_end,26502
service,1173
end_to_end,28358
service,1893
end_to_end,16062
service,4909
end_to_end,17542
service,1480
end_to_end,26838
service,38
end_to_end,16278
service,1474
end_to_end,18394
service,2289
end_to_end,17985
service,1007
end_to_end,30723
service,6380
end_to_end,19564
service,3894
end_to_end,23307
service,1681
end_to_end,18697
service,1230
end_to_end,18565
service,2347
end_to_end,37997
service,4896
end_to_end,16986
service,195
end_to_end,14830
service,4
end_to_end,15112
service,1591
end_to_end,20099
service,2374
end_to_end,33978
service,2300
end_to_end,22236
service,5515
end_to_end,23992
service,194
end_to_end,24285
service,807
end_to_end,24827
service,1482
end_to_end,22467
service,697
end_to_end,24901
service,9853
end_to_end,36076
service,2683
end_to_end,38774
service,3637
end_to_end,35841
service,7879
end_to_end,25693
service,4123
end_to_end,26166
service,603
end_to_end,29169
service,678
end_to_end,23731
service,1087
end_to_end,27068
service,2957
end_to_end,24562
service,2504
end_to_end,14558
service,1116
end_to_end,14456
service,2154
end_to_end,22532
service,2853
end_to_end,21390
service,1210
end_to_end,19705
service,267
end_to_end,19572
service,2189
end_to_end,28382
service,1713
end_to_end,28119
service,892
end_to_end,35707
service,63
end_to_end,29957
service,1081
end_to_end,27627
service,1713
end_to_end,43076
service,4756
end_to_end,24877
service,166
end_to_end,18246
service,5369
end_to_end,23269
service,5328
end_to_end,30712
service,4152
end_to_end,23865
service,229
end_to_end,16990
service,186
end_to_end,31202
service,598
end_to_end,28221
service,211
end_to_end,38979
service,3416
end_to_end,25513
service,1185
end_to_end,31545
service,899
end_to_end,21199
service,1915
end_to_end,43071
service,923
end_to_end,18717
service,1325
end_to_end,37050
service,5034
end_to_end,27174
service,464
end_to_end,26685
service,3568
end_to_end,30956
service,2686
end_to_end,14241
service,1687
end_to_end,24579
service,606
end_to_end,18562
service,24
end_to_end,10839
service,859
end_to_end,20379
service,1007
end_to_end,27237
service,1052
end_to_end,16506
service,2283
end_to_end,25753
service,523
end_to_end,19627
service,1855
end_to_end,20180
service,1041
end_to_end,10735
service,56
end_to_end,21126
service,1068
end_to_end,21712
service,6844
end_to_end,18993
service,428
end_to_end,21933
service,2550
end_to_end,18894
service,2259
end_to_end,17506
service,3143
end_to_end,13968
service,2250
end_to_end,17781
service,542
end_to_end,25496
service,5447
end_to_end,11643
service,2059
end_to_end,30852
service,442
end_to_end,8332
service,577
end_to_end,20995
service,1770
end_to_end,25151
service,7309
end_to_end,21879
service,70
end_to_end,24978
service,658
end_to_end,23577
service,998
end_to_end,21957
service,176
end_to_end,24304
service,1766
end_to_end,28046
service,4512
end_to_end,20195
service,261
end_to_end,26651
service,3719
end_to_end,19517
service,2621
end_to_end,24796
service,2204
end_to_end,22872
service,3339
end_to_end,17598
service,614
end_to_end,17927
service,1850
end_to_end,23731
service,2740
end_to_end,14783
service,469
end_to_end,16464
service,9800
end_to_end,27605
service,7078
end_to_end,37915
service,8265
end_to_end,19882
service,1397
end_to_end,19144
service,3425
end_to_end,33697
service,1646
end_to_end,16710
service,1434
end_to_end,18459
service,986
end_to_end,12630
service,1123
end_to_end,22659
service,6093
end_to_end,19725
service,1183
end_to_end,13505
service,1011
end_to_end,20223
service,262
end_to_end,26337
service,73
end_to_end,17920
service,1362
end_to_end,26587
service,2005
end_to_end,27839
service,4749
end_to_end,21283
service,1200
end_to_end,17037
service,59
end_to_end,28462
service,1012
end_to_end,17227
service,1564
end_to_end,23064
service,931
end_to_end,20183
service,355
end_to_end,18498
service,1624
end_to_end,32277
service,1817
end_to_end,16290
service,1067
end_to_end,22304
service,1127
end_to_end,25052
service,248
end_to_end,17068
service,1879
end_to_end,15052
service,1955
end_to_end,19517
service,5503
end_to_end,21006
service,1984
end_to_end,17206
service,1098
end_to_end,20880
service,2737
end_to_end,16643
service,2212
end_to_end,28983
service,170
end_to_end,23839
service,6999
end_to_end,19269
service,553
end_to_end,23000
service,701
end_to_end,25571
service,327
end_to_end,22296
service,726
end_to_end,23573
service,1698
end_to_end,21966
service,533
end_to_end,25533
service,5361
end_to_end,42422
service,2175
end_to_end,18700
service,146
end_to_end,20698
service,1573
end_to_end,23804
service,3612
end_to_end,32849
service,5984
end_to_end,17376
service,1903
end_to_end,25196
service,2388
end_to_end,21925
service,444
end_to_end,14591
service,934
end_to_end,25696
service,2172
end_to_end,27543
service,1454
end_to_end,22989
service,2554
end_to_end,25369
service,834
end_to_end,30642
service,6157
end_to_end,19026
service,723
end_to_end,29482
service,1296
end_to_end,33994
service,745
end_to_end,15425
service,6808
end_to_end,18432
service,36
end_to_end,35397
service,192
end_to_end,36533
service,3222
end_to_end,35894
service,416
end_to_end,17122
service,3232
end_to_end,41755
service,2356
end_to_end,29548
service,7335
end_to_end,27538
service,2170
end_to_end,25828
service,182
end_to_end,43481
service,3946
end_to_end,26387
service,3187
end_to_end,23973
service,59
end_to_end,24458
service,313
end_to_end,30910
service,300
end_to_end,19291
service,975
end_to_end,32066
service,1124
end_to_end,26573
service,1237
end_to_end,34873
service,8455
end_to_end,27852
service,1032
end_to_end,36846
service,446
end_to_end,34500
service,319
end_to_end,23544
service,748
end_to_end,36069
service,4827
end_to_end,21293
service,2111
end_to_end,36569
service,3226
end_to_end,26200
service,846
end_to_end,26728
service,14
end_to_end,17082
service,869
end_to_end,27394
service,1220
end_to_end,21731
service,740
end_to_end,33192
service,797
end_to_end,26429
service,1647
end_to_end,12469
service,56
end_to_end,30942
service,209
end_to_end,16702
service,3292
end_to_end,32289
service,820
end_to_end,16965
service,1524
end_to_end,29983
service,1717
end_to_end,28856
service,1370
end_to_end,34505
service,631
end_to_end,16288
service,6730
end_to_end,36969
service,4353
end_to_end,24663
service,1873
end_to_end,26818
service,1968
end_to_end,17795
service,441
end_to_end,12205
service,586
end_to_end,11435
service,143
end_to_end,21915
service,1881
end_to_end,27339
service,1632
end_to_end,26646
service,3848
end_to_end,23923
service,1389
end_to_end,11679
service,991
end_to_end,40497
service,11568
end_to_end,23846
service,4363
end_to_end,15550
service,680
end_to_end,14554
service,456
end_to_end,14505
service,1578
end_to_end,23671
service,391
end_to_end,14639
service,4153
end_to_end,16330
service,630
end_to_end,29619
service,6779
end_to_end,28997
service,4713
end_to_end,24874
service,70
end_to_end,23804
service,429
end_to_end,33192
service,1664
end_to_end,20012
service,5024
end_to_end,13122
service,3541
end_to_end,20858
service,4428
end_to_end,18435
service,196
end_to_end,20543
service,1975
end_to_end,21045
service,3553
end_to_end,28262
service,573
end_to_end,18376
service,1357
end_to_end,34342
service,3017
end_to_end,25136
service,143
end_to_end,15338
service,3328
end_to_end,20429
service,106
end_to_end,34863
service,789
end_to_end,17828
service,3617
end_to_end,24093
service,886
end_to_end,29717
service,4550
end_to_end,35041
service,2263
end_to_end,20281
service,477
end_to_end,21050
service,224
end_to_end,31880
service,5723
end_to_end,23471
service,1336
end_to_end,22594
service,1915
end_to_end,23221
service,3946
end_to_end,25565
service,7320
end_to_end,25947
service,890
end_to_end,39479
service,400
end_to_end,28038
service,2156
end_to_end,18542
service,397
end_to_end,23922
service,3291
end_to_end,38365
service,380
end_to_end,9637
service,303
end_to_end,27601
service,404
end_to_end,26680
service,1363
end_to_end,20332
service,1222
end_to_end,20944
service,757
end_to_end,23462
service,340
end_to_end,18690
service,5227
end_to_end,13347
service,1483
end_to_end,32093
service,367
end_to_end,26702
service,1283
end_to_end,23480
service,988
end_to_end,13719
service,2005
end_to_end,24407
service,1187
end_to_end,39328
service,5201
end_to_end,23064
service,0
end_to_end,24438
service,861
end_to_end,21287
service,490
end_to_end,17075
service,5319
end_to_end,21637
service,1500
end_to_end,32857
service,339
end_to_end,34338
service,91
end_to_end,27672
service,1630
end_to_end,20708
service,1248
end_to_end,28297
service,1652
end_to_end,19396
service,1666
end_to_end,17566
service,3522
end_to_end,12184
service,912
end_to_end,33235
service,2599
end_to_end,19819
service,4721
end_to_end,17561
service,3916
end_to_end,25487
service,6744
end_to_end,29758
service,2150
end_to_end,28992
service,554
end_to_end,27364
service,3423
end_to_end,17494
service,1498
end_to_end,25812
service,3608
end_to_end,16833
service,502
end_to_end,20964
service,790
end_to_end,33765
service,2457
end_to_end,29623
service,545
end_to_end,25793
service,2349
end_to_end,20442
service,1707
end_to_end,29442
service,879
end_to_end,18706
service,319
end_to_end,20928
service,1050
end_to_end,23018
service,2839
end_to_end,14705
service,1121
end_to_end,20716
service,475
end_to_end,11950
service,3608
end_to_end,12029
service,820
end_to_end,20825
service,884
end_to_end,14043
service,5182
end_to_end,14012
service,572
end_to_end,17382
service,1064
end_to_end,12885
service,2196
end_to_end,32601
service,826
end_to_end,13619
service,72
end_to_end,30883
service,3343
end_to_end,20998
service,1761
end_to_end,15664
service,4791
end_to_end,30703
service,266
end_to_end,17207
service,2176
end_to_end,15578
service,430
end_to_end,23707
service,1119
end_to_end,27166
service,2002
end_to_end,19863
service,846
end_to_end,30647
service,2671
end_to_end,19505
service,430
end_to_end,30370
service,6376
end_to_end,19118
service,396
end_to_end,23463
service,3009
end_to_end,17353
service,4149
end_to_end,24135
service,102
end_to_end,16218
service,980
end_to_end,19325
service,2089
end_to_end,15683
service,1882
end_to_end,26738
service,511
end_to_end,22290
service,321
end_to_end,21584
service,883
end_to_end,28190
service,1202
end_to_end,30930
service,3021
end_to_end,27972
service,1846
end_to_end,18536
service,2737
end_to_end,15543
service,785
end_to_end,41962
service,8939
end_to_end,13817
service,198
end_to_end,17058
service,1842
end_to_end,17940
service,5190
end_to_end,29695
service,1033
end_to_end,12487
service,1488
end_to_end,10637
service,7
end_to_end,24246
service,655
end_to_end,42591
service,2728
end_to_end,20898
service,767
end_to_end,31384
service,6478
end_to_end,22665
service,3743
end_to_end,18241
service,176
end_to_end,47008
service,6049
end_to_end,26683
service,2582
end_to_end,14565
service,1117
end_to_end,29645
service,2816
end_to_end,22246
service,375
end_to_end,31407
service,2993
end_to_end,38536
service,1010
end_to_end,15210
service,1817
end_to_end,35835
service,6073
end_to_end,19809
service,918
end_to_end,26094
service,4763
end_to_end,30632
service,7239
end_to_end,24092
service,1371
end_to_end,29748
service,3651
end_to_end,15901
service,502
end_to_end,24192
service,1646
end_to_end,25201
service,2658
end_to_end,19373
service,977
end_to_end,43154
service,4662
end_to_end,23287
service,546
end_to_end,23090
service,324
end_to_end,21505
service,6888
end_to_end,19492
service,43
end_to_end,17433
service,262
end_to_end,18698
service,654
end_to_end,18750
service,2678
end_to_end,33624
service,380
end_to_end,33281
service,2889
end_to_end,17124
service,26
end_to_end,27987
service,2075
end_to_end,28875
service,3789
end_to_end,27186
service,5053
end_to_end,24561
service,1872
end_to_end,25262
service,4823
end_to_end,18204
service,4440
end_to_end,22892
service,566
end_to_end,17411
service,640
end_to_end,26625
service,1693
end_to_end,21903
service,1059
end_to_end,19219
service,382
end_to_end,16951
service,64
end_to_end,16042
service,666
end_to_end,14901
service,1532
end_to_end,20830
service,574
end_to_end,20683
service,1071
end_to_end,37999
service,8355
end_to_end,14810
service,776
end_to_end,27594
service,2736
end_to_end,18907
service,190
end_to_end,17131
service,1261
end_to_end,10275
service,1424
end_to_end,17944
service,813
end_to_end,34678
service,1375
end_to_end,17108
service,3624
end_to_end,17761
service,17
end_to_end,26698
service,250
end_to_end,21182
service,523
end_to_end,29571
service,2384
end_to_end,21834
service,10226
end_to_end,32841
service,716
end_to_end,26964
service,684
end_to_end,21389
service,3460
end_to_end,23585
service,2196
end_to_end,20875
service,1105
end_to_end,31298
service,10476
end_to_end,17349
service,290
end_to_end,31150
service,4574
end_to_end,14354
service,1343
end_to_end,13321
service,2733
end_to_end,33265
service,6319
end_to_end,34919
service,2711
end_to_end,13451
service,22
end_to_end,31099
service,3029
end_to_end,26523
service,151
end_to_end,26701
service,2864
end_to_end,33210
service,1847
end_to_end,16548
service,1892
end_to_end,40069
service,427
end_to_end,33339
service,5772
end_to_end,39721
service,2865
end_to_end,15348
service,102
end_to_end,26319
service,949
end_to_end,17953
service,481
end_to_end,30213
service,593
end_to_end,36236
service,1456
end_to_end,31577
service,518
end_to_end,20223
service,2339
end_to_end,19100
service,492
end_to_end,39966
service,732
end_to_end,17227
service,1623
end_to_end,17291
service,447
end_to_end,25850
service,2058
end_to_end,26680
service,2456
end_to_end,20031
service,2771
end_to_end,18331
service,6136
end_to_end,17782
service,2794
end_to_end,19503
service,323
end_to_end,21005
service,560
end_to_end,15719
service,3531
end_to_end,23649
service,299
end_to_end,23915
service,2052
end_to_end,32814
service,1292
end_to_end,16799
service,1846
end_to_end,30400
service,4687
end_to_end,28374
service,191
end_to_end,21493
service,428
end_to_end,15400
service,2038
end_to_end,21162
service,1768
end_to_end,23429
service,2015
end_to_end,11007
service,3750
end_to_end,31028
service,8464
end_to_end,16585
service,3555
end_to_end,20829
service,169
end_to_end,27553
service,353
end_to_end,31177
service,38
end_to_end,16313
service,790
end_to_end,25718
service,584
end_to_end,10391
service,855
end_to_end,31149
service,3086
end_to_end,43011
service,9725
end_to_end,15149
service,71
end_to_end,27448
service,1102
end_to_end,28227
service,1095
end_to_end,20816
service,23
end_to_end,13827
service,523
end_to_end,28812
service,980
end_to_end,18750
service,2174
end_to_end,34567
service,3101
end_to_end,19213
service,1521
end_to_end,24536
service,2587
end_to_end,26729
service,6918
end_to_end,26025
service,1134
end_to_end,14378
service,1000
end_to_end,22908
service,735
end_to_end,16967
service,3897
end_to_end,16782
service,1380
end_to_end,23185
service,280
end_to_end,16966
service,209
end_to_end,21059
service,499
end_to_end,18011
service,106
end_to_end,39208
service,507
end_to_end,21330
service,1148
end_to_end,15545
service,3702
end_to_end,24021
service,925
end_to_end,17674
service,2646
end_to_end,21911
service,2400
end_to_end,24570
service,4716
end_to_end,10246
service,660
end_to_end,27609
service,901
end_to_end,25893
service,800
end_to_end,27730
service,4607
end_to_end,16880
service,1573
end_to_end,13113
service,790
end_to_end,20576
service,5150
end_to_end,10665
service,527
end_to_end,25239
service,398
end_to_end,13287
service,566
end_to_end,22896
service,2394
end_to_end,36923
service,7172
end_to_end,31073
service,266
end_to_end,33504
service,1371
end_to_end,31972
service,3955
end_to_end,30986
service,1071
end_to_end,17706
service,2255
end_to_end,25559
service,3930
end_to_end,34204
service,354
end_to_end,31538
service,392
end_to_end,25320
service,2738
end_to_end,33805
service,1646
end_to_end,11783
service,686
end_to_end,21921
service,1581
end_to_end,14826
service,1103
end_to_end,24839
service,8991
end_to_end,21680
service,202
end_to_end,33874
service,5661
end_to_end,25527
service,3744
end_to_end,35209
service,5244
end_to_end,18916
service,1566
end_to_end,17934
service,3536
end_to_end,19296
service,303
end_to_end,25401
service,1345
end_to_end,16469
service,3293
end_to_end,20763
service,419
end_to_end,16538
service,1635
end_to_end,21529
service,335
end_to_end,11253
service,3269
end_to_end,12566
service,1781
end_to_end,18729
service,2044
end_to_end,27655
service,1444
end_to_end,22610
service,1988
end_to_end,33429
service,2302
end_to_end,13007
service,73
end_to_end,22818
service,189
end_to_end,26019
service,2248
end_to_end,16407
service,271
end_to_end,22362
service,1245
end_to_end,22291
service,4357
end_to_end,20024
service,635
end_to_end,25015
service,1566
end_to_end,19307
service,463
end_to_end,13820
service,1974
end_to_end,24172
service,3444
end_to_end,34478
service,1791
end_to_end,26608
service,2478
end_to_end,35992
service,155
end_to_end,26699
service,4149
end_to_end,34230
service,2982
end_to_end,15889
service,1573
end_to_end,16015
service,763
end_to_end,38592
service,5713
end_to_end,26996
service,18
end_to_end,34971
service,1380
end_to_end,23847
service,1299
end_to_end,13100
service,4549
end_to_end,39535
service,1019
end_to_end,15406
service,1702
end_to_end,16855
service,588
end_to_end,30997
service,1373
end_to_end,17476
service,183
end_to_end,36639
service,6698
end_to_end,17687
service,442
end_to_end,21109
service,314
end_to_end,14869
service,2064
end_to_end,16053
service,2085
end_to_end,18024
service,906
end_to_end,24333
service,497
end_to_end,15310
service,1542
end_to_end,13616
service,2538
end_to_end,11910
service,1233
end_to_end,15651
service,370
end_to_end,30931
service,1840
end_to_end,22349
service,537
end_to_end,22684
service,543
end_to_end,37440
service,1041
end_to_end,22040
service,1009
end_to_end,17326
service,755
end_to_end,23514
service,1783
end_to_end,32756
service,5573
end_to_end,15369
service,23
end_to_end,15379
service,65
end_to_end,17461
service,55
end_to_end,22181
service,4729
end_to_end,28428
service,648
end_to_end,31684
service,1556
end_to_end,24815
service,2167
end_to_end,19776
service,472
end_to_end,9276
service,331
end_to_end,9559
service,1073
end_to_end,23048
service,92
end_to_end,19022
service,198
end_to_end,30857
service,2277
end_to_end,22282
service,677
end_to_end,24246
service,1944
end_to_end,22295
service,1477
end_to_end,25414
service,4460
end_to_end,13468
service,187
end_to_end,28648
service,2603
end_to_end,25789
service,2773
end_to_end,14762
service,95
end_to_end,16642
service,970
end_to_end,27657
service,3481
end_to_end,20338
service,388
end_to_end,13482
service,492
end_to_end,17347
service,5160
end_to_end,12946
service,250
end_to_end,26688
service,3097
end_to_end,25603
service,203
end_to_end,28826
service,513
end_to_end,28694
service,482
end_to_end,27068
service,4767
end_to_end,35840
service,3551
end_to_end,16396
service,92
end_to_end,20121
service,4461
end_to_end,27552
service,1449
end_to_end,34290
service,1420
end_to_end,38589
service,1180
end_to_end,28184
service,4209
end_to_end,22643
service,1408
end_to_end,17428
service,6
end_to_end,22600
service,1768
end_to_end,17656
service,375
end_to_end,11576
service,1150
end_to_end,16834
service,4234
end_to_end,20122
service,1181
end_to_end,38655
service,5291
end_to_end,38888
service,523
end_to_end,21304
service,2711
end_to_end,25527
service,580
end_to_end,18915
service,1511
end_to_end,45710
service,2223
end_to_end,31057
service,2204
end_to_end,33649
service,10985
end_to_end,25146
service,2403
end_to_end,24464
service,342
end_to_end,33203
service,3474
end_to_end,17933
service,321
end_to_end,25408
service,3573
end_to_end,31286
service,62
end_to_end,21070
service,559
end_to_end,34888
service,4870
end_to_end,17837
service,517
end_to_end,19825
service,27
end_to_end,20793
service,2203
end_to_end,37246
service,2128
end_to_end,11357
service,924
end_to_end,27532
service,5990
end_to_end,31913
service,5719
end_to_end,13433
service,580
end_to_end,43005
service,6543
end_to_end,12720
service,489
end_to_end,18472
service,3172
end_to_end,22603
service,903
end_to_end,23677
service,5584
end_to_end,21194
service,1023
end_to_end,15975
service,2724
end_to_end,24255
service,300
end_to_end,13807
service,1915
end_to_end,22945
service,567
end_to_end,39371
service,212
end_to_end,20906
service,1886
end_to_end,19598
service,2239
end_to_end,27832
service,2414
end_to_end,19742
service,1016
end_to_end,17174
service,705
end_to_end,24283
service,2759
end_to_end,25115
service,2986
end_to_end,14265
service,479
end_to_end,22794
service,7035
end_to_end,12351
service,2120
end_to_end,15079
service,1788
end_to_end,21353
service,2882
end_to_end,33128
service,1178
end_to_end,11482
service,480
end_to_end,20480
service,981
end_to_end,40873
service,90
end_to_end,20437
service,3547
end_to_end,29798
service,181
end_to_end,13896
service,2993
end_to_end,36108
service,1061
end_to_end,21980
service,753
end_to_end,15427
service,4553
end_to_end,29846
service,1636
end_to_end,18464
service,10
end_to_end,22109
service,2844
end_to_end,25099
service,234
end_to_end,39836
service,2007
end_to_end,27663
service,2210
end_to_end,21946
service,194
end_to_end,15809
service,1556
end_to_end,17122
service,2370
end_to_end,18883
service,700
end_to_end,14433
service,1759
end_to_end,15584
service,359
end_to_end,27728
service,4358
end_to_end,13554
service,260
end_to_end,16647
service,125
end_to_end,28781
service,1961
end_to_end,10952
service,33
end_to_end,32446
service,104
end_to_end,23371
service,1568
end_to_end,31636
service,3603
end_to_end,23847
service,1495
end_to_end,20002
service,2692
end_to_end,36903
service,1607
end_to_end,43443
service,6685
end_to_end,15280
service,196
end_to_end,43486
service,3101
end_to_end,33411
service,563
end_to_end,19692
service,2120
end_to_end,25852
service,3318
end_to_end,12448
service,392
end_to_end,14923
service,351
end_to_end,21343
service,61
end_to_end,8554
service,441
end_to_end,22646
service,2505
end_to_end,27550
service,2708
end_to_end,18048
service,934
end_to_end,17718
service,4393
end_to_end,35752
service,4498
end_to_end,26574
service,1756
end_to_end,24336
service,4109
end_to_end,24997
service,1718
end_to_end,20035
service,1494
end_to_end,36195
service,1250
end_to_end,19675
service,1055
end_to_end,40225
service,2229
end_to_end,22407
service,3993
end_to_end,21827
service,4901
end_to_end,32011
service,6907
end_to_end,14922
service,935
end_to_end,27829
service,7269
end_to_end,16107
service,3677
end_to_end,7151
service,2244
end_to_end,25838
service,803
end_to_end,14676
service,2595
end_to_end,31901
service,1560
end_to_end,26396
service,7291
end_to_end,34152
service,3237
end_to_end,21470
service,617
end_to_end,14429
service,2029
end_to_end,20591
service,2887
end_to_end,21612
service,3107
end_to_end,24575
service,1829
end_to_end,12582
service,252
end_to_end,16020
service,796
end_to_end,25686
service,2963
end_to_end,26134
service,1106
end_to_end,26620
service,8574
end_to_end,33881
service,84
end_to_end,26251
service,286
end_to_end,35122
service,6076
end_to_end,35624
service,503
end_to_end,23534
service,534
end_to_end,23151
service,1209
end_to_end,46265
service,310
end_to_end,20093
service,379
end_to_end,16620
service,1018
end_to_end,17745
service,169
end_to_end,38127
service,2471
end_to_end,23139
service,259
end_to_end,24483
service,2416
end_to_end,27720
service,1176
end_to_end,16343
service,2824
end_to_end,32398
service,8
end_to_end,41987
service,1933
end_to_end,25178
service,185
end_to_end,16409
service,997
end_to_end,21157
service,1086
end_to_end,30258
service,1973
end_to_end,13674
service,1750
end_to_end,23063
service,4797
end_to_end,29534
service,432
end_to_end,22359
service,505
end_to_end,21995
service,1982
end_to_end,23584
service,1179
end_to_end,18303
service,825
end_to_end,26398
service,984
end_to_end,23007
service,1963
end_to_end,33353
service,259
end_to_end,32755
service,335
end_to_end,29154
service,1976
end_to_end,17795
service,4333
end_to_end,28059
service,5893
end_to_end,28236
service,172
end_to_end,13963
service,871
end_to_end,19186
service,555
end_to_end,24306
service,64
end_to_end,20618
service,213
end_to_end,27826
service,8870
end_to_end,20174
service,1580
end_to_end,18300
service,1822
end_to_end,19794
service,2259
end_to_end,17393
service,873
end_to_end,23828
service,697
end_to_end,33422
service,1188
end_to_end,37112
service,1781
end_to_end,25693
service,1224
end_to_end,32589
service,6698
end_to_end,22148
service,752
end_to_end,38973
service,736
end_to_end,24264
service,1416
end_to_end,40841
service,5458
end_to_end,25119
service,2747
end_to_end,44815
service,3280
end_to_end,33655
service,74
end_to_end,31588
service,461
end_to_end,24099
service,3751
end_to_end,49164
service,405
end_to_end,24262
service,1861
end_to_end,15090
service,1945
end_to_end,32014
service,248
end_to_end,11169
service,179
end_to_end,16559
service,2390
end_to_end,14942
service,167
end_to_end,28043
service,2617
end_to_end,12508
service,310
end_to_end,17193
service,2775
end_to_end,24134
service,1178
end_to_end,15471
service,2797
end_to_end,26805
service,2243
end_to_end,24471
service,2354
end_to_end,28397
service,1883
end_to_end,21496
service,1918
end_to_end,20262
service,1995
end_to_end,31893
service,723
end_to_end,25262
service,3584
end_to_end,29568
service,951
end_to_end,13580
service,1145
end_to_end,24894
service,643
end_to_end,18691
service,2891
end_to_end,34328
service,293
end_to_end,37038
service,2005
end_to_end,17186
service,1950
end_to_end,17760
service,4448
end_to_end,40317
service,611
end_to_end,46447
service,5042
end_to_end,34281
service,1183
end_to_end,23278
service,3376
end_to_end,42080
service,586
end_to_end,31631
service,1050
end_to_end,25779
service,6077
end_to_end,26328
service,536
end_to_end,20351
service,2218
end_to_end,37277
service,94
end_to_end,30943
service,2852
end_to_end,15431
service,1123
end_to_end,24273
service,2937
end_to_end,17845
service,3334
end_to_end,10958
service,184
end_to_end,18853
service,4706
end_to_end,14306
service,3924
end_to_end,23564
service,3135
end_to_end,20138
service,312
end_to_end,19988
service,714
end_to_end,18368
service,798
end_to_end,17051
service,64
end_to_end,25737
service,6184
end_to_end,25412
service,1787
end_to_end,20578
service,744
end_to_end,22453
service,5890
end_to_end,12937
service,367
end_to_end,35577
service,5002
end_to_end,22998
service,3957
end_to_end,18250
service,3434
end_to_end,28268
service,974
end_to_end,37518
service,3856
end_to_end,30757
service,3432
end_to_end,31955
service,1197
end_to_end,23304
service,931
end_to_end,23829
service,524
end_to_end,28010
service,1803
end_to_end,19922
service,2028
end_to_end,40035
service,1696
end_to_end,13808
service,1222
end_to_end,15864
service,992
end_to_end,37106
service,1310
end_to_end,40335
service,659
end_to_end,19968
service,2121
end_to_end,19976
service,238
end_to_end,20197
service,2813
end_to_end,26926
service,1799
end_to_end,28199
service,575
end_to_end,16304
service,2102
end_to_end,30488
service,1835
end_to_end,23738
service,1222
end_to_end,12286
service,204
end_to_end,20537
service,825
end_to_end,14683
service,763
end_to_end,33352
service,1055
end_to_end,45932
service,183
end_to_end,42295
service,6018
end_to_end,11680
service,286
end_to_end,19332
service,7220
end_to_end,20152
service,869
end_to_end,45669
service,1732
end_to_end,19989
service,1322
end_to_end,18068
service,1769
end_to_end,24043
service,6729
end_to_end,14685
service,828
end_to_end,28426
service,2262
end_to_end,35289
service,2363
end_to_end,19482
service,2489
end_to_end,22011
service,551
end_to_end,23181
service,1165
end_to_end,23075
service,483
end_to_end,25078
service,1625
end_to_end,28355
service,3632
end_to_end,28969
service,1004
end_to_end,22193
service,408
end_to_end,26250
service,5323
end_to_end,19747
service,12
end_to_end,25818
service,4641
end_to_end,21049
service,277
end_to_end,11823
service,132
end_to_end,17212
service,5536
end_to_end,20576
service,302
end_to_end,16657
service,503
end_to_end,20926
service,442
end_to_end,17546
service,34
end_to_end,23525
service,1532
end_to_end,18277
service,59
end_to_end,21253
service,733
end_to_end,13429
service,1778
end_to_end,28009
service,5240
end_to_end,29078
service,8
end_to_end,14003
service,169
end_to_end,31040
service,118
end_to_end,23256
service,735
end_to_end,14427
service,274
end_to_end,34509
service,6612
end_to_end,16477
service,652
end_to_end,32145
service,5248
end_to_end,25274
service,1187
end_to_end,30486
service,6669
end_to_end,20675
service,171
end_to_end,32838
service,10641
end_to_end,23020
service,357
end_to_end,23777
service,825
end_to_end,31444
service,752
end_to_end,23459
service,1439
end_to_end,26750
service,594
end_to_end,32247
service,3888
end_to_end,24318
service,6151
end_to_end,22162
service,2768
end_to_end,30252
service,966
end_to_end,21143
service,6558
end_to_end,16105
service,572
end_to_end,18321
service,437
end_to_end,25291
service,545
end_to_end,27066
service,3793
end_to_end,27661
service,1630
end_to_end,26329
service,3134
end_to_end,14914
service,338
end_to_end,24482
service,93
end_to_end,37410
service,4924
end_to_end,26001
service,2862
end_to_end,33292
service,4175
end_to_end,29153
service,1035
end_to_end,25260
service,455
end_to_end,32240
service,916
end_to_end,22497
service,1046
end_to_end,25216
service,3256
end_to_end,21954
service,151
end_to_end,34994
service,3119
end_to_end,31621
service,1117
end_to_end,32864
service,1254
end_to_end,46173
service,667
end_to_end,44894
service,200
end_to_end,26762
service,270
end_to_end,44992
service,6248
end_to_end,21055
service,1417
end_to_end,22103
service,1330
end_to_end,20810
service,762
end_to_end,41751
service,11997
end_to_end,18556
service,3897
end_to_end,29055
service,2477
end_to_end,46755
service,1730
end_to_end,16000
service,391
end_to_end,8499
service,110
end_to_end,23455
service,778
end_to_end,26862
service,1309
end_to_end,22353
service,484
end_to_end,32675
service,1961
end_to_end,16131
service,1281
end_to_end,37176
service,885
end_to_end,30461
service,1084
end_to_end,31057
service,6486
end_to_end,20230
service,1270
end_to_end,21838
service,8
end_to_end,18080
service,811
end_to_end,13413
service,482
end_to_end,15704
service,2920
end_to_end,17522
service,756
end_to_end,21551
service,1339
end_to_end,18518
service,2190
end_to_end,23625
service,1922
end_to_end,21256
service,356
end_to_end,19225
service,309
end_to_end,17085
service,1227
end_to_end,33433
service,1550
end_to_end,28318
service,1550
end_to_end,20596
service,3650
end_to_end,25407
service,563
end_to_end,32534
service,1504
end_to_end,23478
service,344
end_to_end,17521
service,1039
end_to_end,13188
service,476
end_to_end,17424
service,1739
end_to_end,20027
service,3324
end_to_end,23128
service,39
end_to_end,16938
service,30
end_to_end,23139
service,2516
end_to_end,22692
service,1467
end_to_end,20657
service,461
end_to_end,22530
service,850
end_to_end,35700
service,1194
end_to_end,20567
service,916
end_to_end,38937
service,9172
end_to_end,43726
service,5845
end_to_end,26546
service,2052
end_to_end,32854
service,6150
end_to_end,22374
service,1886
end_to_end,15012
service,755
end_to_end,45906
service,9082
end_to_end,22249
service,5878
end_to_end,13366
service,2092
end_to_end,24891
service,4536
end_to_end,14271
service,179
end_to_end,19409
service,1169
end_to_end,20232
service,836
end_to_end,26951
service,976
end_to_end,17988
service,1858
end_to_end,21945
service,1585
end_to_end,12390
service,1018
end_to_end,22349
service,11238
end_to_end,20763
service,771
end_to_end,30698
service,92
end_to_end,30556
service,6494
end_to_end,22646
service,2774
end_to_end,27344
service,509
end_to_end,28922
service,2098
end_to_end,22532
service,2195
end_to_end,25845
service,1305
end_to_end,15006
service,2321
end_to_end,18739
service,1613
end_to_end,18372
service,1518
end_to_end,18224
service,3660
end_to_end,19034
service,494
end_to_end,16050
service,2824
end_to_end,22374
service,2297
end_to_end,21801
service,1540
end_to_end,25311
service,1145
end_to_end,29286
service,5103
end_to_end,32889
service,2471
end_to_end,24816
service,3701
end_to_end,24599
service,3795
end_to_end,31999
service,2279
end_to_end,21910
service,87
end_to_end,39571
service,5017
end_to_end,34914
service,400
end_to_end,11894
service,1103
end_to_end,17954
service,4740
end_to_end,38886
service,413
end_to_end,24876
service,143
end_to_end,25556
service,1588
end_to_end,30305
service,1058
end_to_end,18011
service,570
end_to_end,19368
service,4570
end_to_end,18893
service,1097
end_to_end,24325
service,3220
end_to_end,15430
service,164
end_to_end,32109
service,2973
end_to_end,20190
service,501
end_to_end,21367
service,311
end_to_end,13984
service,2685
end_to_end,22843
service,405
end_to_end,23368
service,3784
end_to_end,27554
service,623
end_to_end,23799
service,293
end_to_end,14828
service,2625
end_to_end,19397
service,871
end_to_end,29674
service,303
end_to_end,23386
service,476
end_to_end,20793
service,1638
end_to_end,32874
service,329
end_to_end,26261
service,1741
end_to_end,29596
service,4788
end_to_end,30553
service,2002
end_to_end,23059
service,739
end_to_end,26827
service,1389
end_to_end,28004
service,428
end_to_end,19101
service,19
end_to_end,15968
service,186
end_to_end,26316
service,6472
end_to_end,26183
service,2526
end_to_end,23560
service,3001
end_to_end,17815
service,7007
end_to_end,36212
service,3518
end_to_end,10983
service,1910
end_to_end,23935
service,281
end_to_end,22367
service,61
end_to_end,24079
service,3028
end_to_end,25590
service,1415
end_to_end,29975
service,130
end_to_end,40526
service,545
end_to_end,26349
service,1071
end_to_end,21336
service,1302
end_to_end,15957
service,1477
end_to_end,21045
service,44
end_to_end,18573
service,711
end_to_end,17330
service,747
end_to_end,19150
service,2877
end_to_end,22954
service,924
end_to_end,20138
service,863
end_to_end,20845
service,283
end_to_end,16628
service,1578
end_to_end,16745
service,833
end_to_end,12553
service,688
end_to_end,14705
service,1534
end_to_end,19785
service,442
end_to_end,25807
service,1993
end_to_end,18641
service,653
end_to_end,17094
service,1670
end_to_end,24201
service,8108
end_to_end,17571
service,1296
end_to_end,13682
service,1140
end_to_end,21602
service,411
end_to_end,15196
service,1786
end_to_end,14245
service,1107
end_to_end,27104
service,1160
end_to_end,21994
service,4478
end_to_end,19226
service,1292
end_to_end,31898
service,6997
end_to_end,41741
service,1719
end_to_end,21818
service,3673
end_to_end,21651
service,1295
end_to_end,13969
service,1393
end_to_end,17254
service,3902
end_to_end,15412
service,493
end_to_end,11838
service,621
end_to_end,22070
service,1195
end_to_end,24932
service,257
end_to_end,33805
service,2560
end_to_end,22589
service,871
end_to_end,26166
service,2352
end_to_end,28333
service,465
end_to_end,19423
service,1058
end_to_end,32867
service,2523
end_to_end,19659
service,255
end_to_end,22295
service,2100
end_to_end,32494
service,5564
end_to_end,28789
service,1275
end_to_end,23497
service,1419
end_to_end,29718
service,1249
end_to_end,33828
service,4172
end_to_end,17276
service,1653
end_to_end,20679
service,0
end_to_end,31584
service,3347
end_to_end,16131
service,1680
end_to_end,13412
service,1779
end_to_end,29398
service,1752
end_to_end,13290
service,990
end_to_end,26862
service,395
end_to_end,14175
service,1394
end_to_end,25061
service,3739
end_to_end,14379
service,451
end_to_end,18147
service,2062
end_to_end,24078
service,2666
end_to_end,30725
service,1399
end_to_end,19562
service,1778
end_to_end,16167
service,505
end_to_end,15077
service,1805
end_to_end,16783
service,284
end_to_end,13084
service,870
end_to_end,12767
service,1032
end_to_end,15395
service,503
end_to_end,19709
service,758
end_to_end,37181
service,2474
end_to_end,20766
service,1997
end_to_end,27926
service,1497
end_to_end,35059
service,4270
end_to_end,22380
service,2672
end_to_end,24106
service,5119
end_to_end,20626
service,238
end_to_end,20174
service,1602
end_to_end,29560
service,262
end_to_end,22505
service,1851
end_to_end,17225
service,1062
end_to_end,17432
service,638
end_to_end,25801
service,5740
end_to_end,13436
service,963
end_to_end,34433
service,132
end_to_end,30509
service,181
end_to_end,26846
service,2752
end_to_end,27615
service,481
end_to_end,25306
service,2821
end_to_end,8368
service,655
end_to_end,25646
service,306
end_to_end,28662
service,3350
end_to_end,31893
service,3985
end_to_end,37320
service,3714
end_to_end,30269
service,548
end_to_end,26094
service,6024
end_to_end,14617
service,675
end_to_end,15992
service,509
end_to_end,18353
service,647
end_to_end,26516
service,432
end_to_end,26890
service,3384
end_to_end,14333
service,2359
end_to_end,17504
service,2000
end_to_end,27340
service,269
end_to_end,24502
service,5406
end_to_end,17880
service,886
end_to_end,23327
service,5000
end_to_end,24656
service,2273
end_to_end,23771
service,796
end_to_end,33847
service,1136
end_to_end,33208
service,3906
end_to_end,32983
service,1887
end_to_end,12431
service,2561
end_to_end,19211
service,1653
end_to_end,20901
service,1023
end_to_end,20867
end_to_end,38271
service,2293
service,910
end_to_end,27478
service,1432
end_to_end,24262
service,1243
end_to_end,33564
service,1641
end_to_end,22982
service,566
end_to_end,18439
service,82
end_to_end,32101
service,11627
end_to_end,27179
service,4397
end_to_end,17250
service,3189
end_to_end,12499
service,1898
end_to_end,18931
service,174
end_to_end,20569
service,473
end_to_end,9662
service,2118
end_to_end,26730
service,187
end_to_end,29930
service,1085
end_to_end,26033
service,2218
end_to_end,16382
service,864
end_to_end,22229
service,1970
end_to_end,29081
service,842
end_to_end,18330
service,2828
end_to_end,22776
service,1384
end_to_end,12889
service,62
end_to_end,18193
service,2238
end_to_end,22819
service,9343
end_to_end,24563
service,6800
end_to_end,21307
service,4570
end_to_end,19308
service,1459
end_to_end,15516
service,4463
end_to_end,29306
service,1607
end_to_end,22717
service,5229
end_to_end,23591
service,3141
end_to_end,15048
service,49
end_to_end,11337
service,395
end_to_end,17912
service,568
end_to_end,27744
service,176
end_to_end,17136
service,713
end_to_end,23917
service,2045
end_to_end,14537
service,571
end_to_end,21942
service,121
end_to_end,38258
service,3707
end_to_end,33573
service,430
end_to_end,27853
service,701
end_to_end,21150
service,4718
end_to_end,31522
service,3409
end_to_end,14009
service,1853
end_to_end,25670
service,2401
end_to_end,18109
service,1430
end_to_end,17776
service,1521
end_to_end,20612
service,462
end_to_end,22644
service,2031
end_to_end,20097
service,4672
end_to_end,20612
service,1858
end_to_end,21561
service,671
end_to_end,14744
service,2240
end_to_end,31525
service,7087
end_to_end,25682
service,2688
end_to_end,25969
service,1267
end_to_end,20912
service,202
end_to_end,27351
service,886
end_to_end,12673
service,712
end_to_end,26131
service,54
end_to_end,21952
service,6527
end_to_end,35143
service,2015
end_to_end,34179
service,735
end_to_end,21837
service,3328
end_to_end,16027
service,253
end_to_end,40281
service,3266
end_to_end,24166
service,3182
end_to_end,24722
service,2867
end_to_end,18433
service,1210
end_to_end,17044
service,2437
end_to_end,9593
service,260
end_to_end,25476
service,2660
end_to_end,11052
service,327
end_to_end,30809
service,4074
end_to_end,17882
service,1026
end_to_end,20985
service,1501
end_to_end,12326
service,778
end_to_end,17006
service,65
end_to_end,21934
service,106
end_to_end,22893
service,3295
end_to_end,42315
service,4056
end_to_end,16341
service,1142
end_to_end,21057
service,1098
end_to_end,21418
service,1415
end_to_end,28032
service,3460
end_to_end,35605
service,1536
end_to_end,29252
service,1902
end_to_end,30643
service,1570
end_to_end,19539
service,284
end_to_end,12557
service,968
end_to_end,24788
service,4419
end_to_end,22952
service,277
end_to_end,18136
service,2176
end_to_end,22650
service,916
end_to_end,27107
service,1194
end_to_end,19227
service,419
end_to_end,14534
service,120
end_to_end,31650
service,2780
end_to_end,23193
service,1151
end_to_end,28096
service,1174
end_to_end,23913
service,2035
end_to_end,24134
service,1108
end_to_end,27515
service,165
end_to_end,14644
service,405
end_to_end,27517
service,2179
end_to_end,17700
service,2631
end_to_end,33427
service,8413
end_to_end,25311
service,1117
end_to_end,25744
service,877
end_to_end,15337
service,1730
end_to_end,35278
service,5146
end_to_end,28487
service,1468
end_to_end,44553
service,3252
end_to_end,53931
service,135
end_to_end,23822
service,1955
end_to_end,15769
service,2820
end_to_end,37851
service,723
end_to_end,22649
service,3921
end_to_end,14884
service,296
end_to_end,15724
service,114
end_to_end,17947
service,256
end_to_end,19111
service,1268
end_to_end,26251
service,1677
end_to_end,22222
service,915
end_to_end,12841
service,4
end_to_end,21344
service,865
end_to_end,22950
service,3354
end_to_end,18707
service,101
end_to_end,23047
service,653
end_to_end,27614
service,137
end_to_end,22537
service,4788
end_to_end,17644
service,224
end_to_end,16723
service,3347
end_to_end,16253
service,1298
end_to_end,23997
service,1167
end_to_end,22706
service,1884
end_to_end,29331
service,797
end_to_end,19906
service,328
end_to_end,23259
service,2906
end_to_end,25397
service,2
end_to_end,23777
service,1668
end_to_end,18313
service,1149
end_to_end,32975
service,413
end_to_end,14310
service,776
end_to_end,25349
service,401
end_to_end,29607
service,980
end_to_end,16920
service,1092
end_to_end,19396
service,1358
end_to_end,17767
service,3774
end_to_end,20366
service,951
end_to_end,11433
service,849
end_to_end,24536
service,3920
end_to_end,28104
service,18482
end_to_end,32095
service,2930
end_to_end,18788
service,3969
end_to_end,38555
service,1353
end_to_end,16358
service,1595
end_to_end,17177
service,717
end_to_end,20592
service,2044
end_to_end,17250
service,763
end_to_end,25921
service,2484
end_to_end,28332
service,211
end_to_end,12534
service,562
end_to_end,29605
service,2116
end_to_end,23922
service,1381
end_to_end,54874
service,2531
end_to_end,15553
service,78
end_to_end,27216
service,1735
end_to_end,15097
service,2463
end_to_end,39405
service,7763
end_to_end,23347
service,471
end_to_end,28901
service,1061
end_to_end,40790
service,3441
end_to_end,18790
service,475
end_to_end,14417
service,1488
end_to_end,24283
service,377
end_to_end,29656
service,436
end_to_end,28483
service,3910
end_to_end,19119
service,1638
end_to_end,8707
service,165
end_to_end,17264
service,2088
end_to_end,28538
service,3655
end_to_end,26073
service,56
end_to_end,18549
service,508
end_to_end,43562
service,6791
end_to_end,50162
service,12954
end_to_end,16444
service,1084
end_to_end,23486
service,1828
end_to_end,26381
service,2489
end_to_end,19496
service,1707
end_to_end,13480
service,810
end_to_end,14047
service,3910
end_to_end,24699
service,1473
end_to_end,25857
service,1289
end_to_end,27028
service,2931
end_to_end,13113
service,318
end_to_end,20041
service,674
end_to_end,19285
service,86
end_to_end,33380
service,5276
end_to_end,16713
service,1586
end_to_end,25485
service,806
end_to_end,16741
service,1755
end_to_end,13714
service,820
end_to_end,25819
service,2818
end_to_end,24897
service,1522
end_to_end,12116
service,1527
end_to_end,17831
service,1507
end_to_end,27569
service,4221
end_to_end,26696
service,1240
end_to_end,21991
service,1568
end_to_end,17241
service,524
end_to_end,31252
service,2956
end_to_end,13973
service,742
end_to_end,18860
service,493
end_to_end,23498
service,929
end_to_end,31124
service,863
end_to_end,35430
service,11228
end_to_end,33807
service,1494
end_to_end,38267
service,2836
end_to_end,13507
service,38
end_to_end,14347
service,7554
end_to_end,39715
service,16735
end_to_end,30611
service,952
end_to_end,46705
service,4870
end_to_end,32853
service,1029
end_to_end,26212
service,6424
end_to_end,18502
service,1779
end_to_end,27577
service,1081
end_to_end,21177
service,477
end_to_end,14359
service,2669
end_to_end,23457
service,1979
end_to_end,15767
service,1039
end_to_end,15209
service,734
end_to_end,15473
service,2360
end_to_end,26844
service,270
end_to_end,12912
service,1332
end_to_end,36747
service,1921
end_to_end,18134
service,59
end_to_end,30400
service,2541
end_to_end,14595
service,289
end_to_end,22429
service,1269
end_to_end,37223
service,211
end_to_end,28120
service,4283
end_to_end,29824
service,1701
end_to_end,22119
service,2392
end_to_end,40777
service,548
end_to_end,23499
service,2434
end_to_end,20802
service,4380
end_to_end,12526
service,2597
end_to_end,47216
service,1879
end_to_end,27159
service,702
end_to_end,16477
service,1222
end_to_end,17428
service,30
end_to_end,13710
service,160
end_to_end,33563
service,250
end_to_end,33326
service,3628
end_to_end,14308
service,2325
end_to_end,37427
service,4605
end_to_end,16017
service,3813
end_to_end,24435
service,2427
end_to_end,16751
service,1894
end_to_end,16821
service,695
end_to_end,24881
service,82
end_to_end,26390
service,3548
end_to_end,28862
service,1408
end_to_end,15287
service,754
end_to_end,22775
service,5479
end_to_end,14406
service,828
end_to_end,31071
service,2923
end_to_end,25074
service,689
end_to_end,27158
service,2203
end_to_end,20920
service,3944
end_to_end,26628
service,150
end_to_end,38519
service,3357
end_to_end,24662
service,3694
end_to_end,21867
service,220
end_to_end,20311
service,690
end_to_end,23900
service,2450
end_to_end,22499
service,1727
end_to_end,25986
service,723
end_to_end,19104
service,472
end_to_end,25805
service,401
end_to_end,28996
service,12880
end_to_end,39172
service,10685
end_to_end,20392
service,33
end_to_end,19801
service,1865
end_to_end,19377
service,2125
end_to_end,34464
service,551
end_to_end,12874
service,1206
end_to_end,16229
service,1283
end_to_end,21705
service,972
end_to_end,22758
service,629
end_to_end,18503
service,3121
end_to_end,26132
service,1105
end_to_end,36212
service,3912
end_to_end,26856
service,818
end_to_end,30870
service,2205
end_to_end,17068
service,667
end_to_end,32497
service,4042
end_to_end,38077
service,2655
end_to_end,39067
service,4547
end_to_end,22059
service,1456
end_to_end,37430
service,419
end_to_end,25334
service,1564
end_to_end,24481
service,89
end_to_end,27422
service,2087
end_to_end,36307
service,2742
end_to_end,18849
service,2484
end_to_end,11308
service,44
end_to_end,23887
service,535
end_to_end,45828
service,2308
end_to_end,34493
service,1688
end_to_end,20208
service,1530
end_to_end,15059
service,815
end_to_end,25614
service,2468
end_to_end,15538
service,94
end_to_end,21410
service,476
end_to_end,57518
service,8788
end_to_end,30372
service,274
end_to_end,16326
service,447
end_to_end,26454
service,635
end_to_end,10484
service,1463
end_to_end,27635
service,6454
end_to_end,38164
service,1237
end_to_end,30016
service,3029
end_to_end,17402
service,2684
end_to_end,18511
service,72
end_to_end,12260
service,2419
end_to_end,33546
service,4417
end_to_end,32111
service,3161
end_to_end,44506
service,1634
end_to_end,25277
service,467
end_to_end,23779
service,1904
end_to_end,23836
service,1910
end_to_end,22063
service,5336
end_to_end,33888
service,9727
end_to_end,19245
service,108
end_to_end,35131
service,8359
end_to_end,13612
service,239
end_to_end,22767
service,943
end_to_end,24888
service,1061
end_to_end,20867
service,1818
end_to_end,12241
service,423
end_to_end,23488
service,166
end_to_end,13805
service,2099
end_to_end,21868
service,1259
end_to_end,19706
service,637
end_to_end,19211
service,1919
end_to_end,29885
service,2820
end_to_end,9253
service,178
end_to_end,21296
service,42
end_to_end,26386
service,172
end_to_end,23945
service,206
end_to_end,24687
service,2820
end_to_end,22727
service,1192
end_to_end,30326
service,5233
end_to_end,33705
service,444
end_to_end,21136
service,2829
end_to_end,16222
service,301
end_to_end,23090
service,240
end_to_end,15685
service,1296
end_to_end,25481
service,1193
end_to_end,27563
service,1308
end_to_end,18610
service,283
end_to_end,18828
service,1388
end_to_end,16113
service,670
end_to_end,23728
service,926
end_to_end,10156
service,499
end_to_end,18148
service,1740
end_to_end,23948
service,252
end_to_end,24292
service,1153
end_to_end,17931
service,77
end_to_end,21095
service,1279
end_to_end,15638
service,2359
end_to_end,19573
service,2597
end_to_end,19038
service,199
end_to_end,28057
service,8184
end_to_end,27459
service,5490
end_to_end,28937
service,417
end_to_end,29453
service,5076
end_to_end,20875
service,1473
end_to_end,19673
service,4484
end_to_end,20427
service,233
end_to_end,33002
service,8893
end_to_end,30315
service,2565
end_to_end,29592
service,187
end_to_end,13130
service,3750
end_to_end,41022
service,4249
end_to_end,15527
service,2242
end_to_end,34999
service,1412
end_to_end,34236
service,948
end_to_end,26471
service,2999
end_to_end,14920
service,629
end_to_end,34842
service,4082
end_to_end,29477
service,2484
end_to_end,27242
service,654
end_to_end,21266
service,4706
end_to_end,56414
service,1166
end_to_end,20120
service,6128
end_to_end,20515
service,1312
end_to_end,32790
service,5616
end_to_end,18951
service,6006
end_to_end,16164
service,667
end_to_end,23722
service,650
end_to_end,18225
service,1099
end_to_end,23103
service,4586
end_to_end,17669
service,2741
end_to_end,24911
service,3232
end_to_end,27540
service,4751
end_to_end,25230
service,103
end_to_end,14885
service,907
end_to_end,24355
service,1166
end_to_end,30429
service,2054
end_to_end,18890
service,659
end_to_end,21177
service,3937
end_to_end,26926
service,688
end_to_end,9864
service,3380
end_to_end,18324
service,1113
end_to_end,12585
service,540
end_to_end,17349
service,4179
end_to_end,20605
service,1612
end_to_end,20197
service,196
end_to_end,21208
service,3887
end_to_end,15067
service,774
end_to_end,27414
service,885
end_to_end,25698
service,1919
end_to_end,16553
service,279
end_to_end,17798
service,3690
end_to_end,34680
service,667
end_to_end,20064
service,1141
end_to_end,32871
service,1343
end_to_end,13008
service,173
end_to_end,21781
service,5093
end_to_end,13372
service,766
end_to_end,28953
service,1108
end_to_end,19289
service,329
end_to_end,19394
service,183
end_to_end,31500
service,1534
end_to_end,22377
service,3963
end_to_end,36540
service,3018
end_to_end,21725
service,3264
end_to_end,41494
service,7996
end_to_end,28323
service,1006
end_to_end,9102
service,1402
end_to_end,28239
service,1558
end_to_end,25868
service,3352
end_to_end,24603
service,582
end_to_end,25546
service,2713
end_to_end,23409
service,261
end_to_end,25009
service,819
end_to_end,31591
service,1408
end_to_end,19318
service,5229
end_to_end,19945
service,468
end_to_end,33620
service,1348
end_to_end,26743
service,337
end_to_end,24270
service,3366
end_to_end,12947
service,702
end_to_end,18565
service,1801
end_to_end,34197
service,11373
end_to_end,23612
service,1592
end_to_end,12981
service,3273
end_to_end,27479
service,3663
end_to_end,24741
service,2321
end_to_end,35018
service,7858
end_to_end,20701
service,517
end_to_end,22474
service,2592
end_to_end,28656
service,7589
end_to_end,35338
service,4621
end_to_end,26722
service,373
end_to_end,23289
service,3763
end_to_end,15430
service,1578
end_to_end,30905
service,2146
end_to_end,22791
service,1060
end_to_end,20862
service,188
end_to_end,24314
service,250
end_to_end,27460
service,1382
end_to_end,26155
service,701
end_to_end,21639
service,671
end_to_end,20072
service,289
end_to_end,28189
service,1797
end_to_end,24815
service,4036
end_to_end,32144
service,985
end_to_end,16472
service,249
end_to_end,45890
service,4741
end_to_end,34650
service,4761
end_to_end,16399
service,2698
end_to_end,15602
service,2096
end_to_end,25032
service,786
end_to_end,33405
service,1261
end_to_end,15335
service,1686
end_to_end,17226
service,828
end_to_end,34934
service,2434
end_to_end,15981
service,2597
end_to_end,32937
service,278
end_to_end,20936
service,2890
end_to_end,23223
service,225
end_to_end,22348
service,287
end_to_end,22185
service,753
end_to_end,20751
service,1291
end_to_end,31790
service,3329
end_to_end,20615
service,1098
end_to_end,31301
service,1547
end_to_end,16772
service,7252
end_to_end,33178
service,6341
end_to_end,26156
service,405
end_to_end,10184
service,561
end_to_end,26534
service,1242
end_to_end,12336
service,1249
end_to_end,17625
service,1430
end_to_end,38483
service,1154
end_to_end,24389
service,413
end_to_end,16539
service,1618
end_to_end,16432
service,1874
end_to_end,24854
service,3053
end_to_end,21796
service,2555
end_to_end,15372
service,2633
end_to_end,8789
service,2518
end_to_end,13867
service,511
end_to_end,27424
service,2220
end_to_end,23173
service,1959
end_to_end,20968
service,700
end_to_end,27934
service,1104
end_to_end,17483
service,1787
end_to_end,23389
service,3652
end_to_end,7229
service,622
end_to_end,15117
service,1183
end_to_end,25873
service,4853
end_to_end,24512
service,754
end_to_end,24370
service,7897
end_to_end,28172
service,300
end_to_end,31803
service,2048
end_to_end,21125
service,1952
end_to_end,16220
service,3514
end_to_end,20776
service,1504
end_to_end,16863
service,1023
end_to_end,22314
service,1539
end_to_end,26290
service,8231
end_to_end,23459
service,3171
end_to_end,25271
service,1103
end_to_end,15556
service,1117
end_to_end,23976
service,3821
end_to_end,23390
service,2550
end_to_end,16344
service,605
end_to_end,30504
service,1982
end_to_end,26586
service,6311
end_to_end,16310
service,1119
end_to_end,19740
service,1485
end_to_end,27998
service,2602
end_to_end,28688
service,1639
end_to_end,21599
service,372
end_to_end,53620
service,68
end_to_end,19693
service,2512
end_to_end,16297
service,768
end_to_end,17248
service,285
end_to_end,16178
service,3938
end_to_end,36448
service,4035
end_to_end,10214
service,357
end_to_end,16619
service,2566
end_to_end,17398
service,2989
end_to_end,22004
service,5130
end_to_end,20132
service,5296
end_to_end,17434
service,3078
end_to_end,23418
service,4490
end_to_end,24564
service,1535
end_to_end,31218
service,637
end_to_end,28954
service,2506
end_to_end,13841
service,781
end_to_end,18767
service,519
end_to_end,20004
service,2418
end_to_end,15065
service,1571
end_to_end,22188
service,3845
end_to_end,11969
service,2990
end_to_end,18943
service,4989
end_to_end,14647
service,1514
end_to_end,25120
service,1053
end_to_end,24827
service,942
end_to_end,16276
service,384
end_to_end,14573
service,684
end_to_end,25000
service,3107
end_to_end,6322
service,761
end_to_end,15742
service,2932
end_to_end,13736
service,542
end_to_end,18004
service,9675
end_to_end,16259
service,1081
end_to_end,23948
service,1509
end_to_end,27357
service,1849
end_to_end,27201
service,9473
end_to_end,32396
service,133
end_to_end,25830
service,284
end_to_end,32028
service,9885
end_to_end,24562
service,1711
end_to_end,29732
service,4108
end_to_end,26467
service,850
end_to_end,19773
service,2891
end_to_end,18262
service,390
end_to_end,27281
service,383
end_to_end,28291
service,2390
end_to_end,25237
service,454
end_to_end,17920
service,61
end_to_end,25356
service,1405
end_to_end,24873
service,1288
end_to_end,30405
service,2848
end_to_end,20474
service,125
end_to_end,15181
service,3707
end_to_end,28734
service,1688
end_to_end,27041
service,1787
end_to_end,28268
service,4872
end_to_end,29974
service,647
end_to_end,14243
service,349
end_to_end,29887
service,2439
end_to_end,22647
service,5554
end_to_end,36889
service,7559
end_to_end,23575
service,7695
end_to_end,15735
service,1742
end_to_end,26698
service,5786
end_to_end,30768
service,7
end_to_end,16994
service,1864
end_to_end,29649
service,7899
end_to_end,24641
service,50
end_to_end,22957
service,425
end_to_end,28562
service,1585
end_to_end,26038
service,1478
end_to_end,18739
service,5187
end_to_end,14263
service,920
end_to_end,27267
service,2099
end_to_end,16781
service,1292
end_to_end,20374
service,57
end_to_end,21636
service,1831
end_to_end,17743
service,2415
end_to_end,17759
service,401
end_to_end,18017
service,651
end_to_end,10904
service,1234
end_to_end,27903
service,54
end_to_end,18245
service,356
end_to_end,34274
service,6824
end_to_end,15717
service,1682
end_to_end,39309
service,1063
end_to_end,16602
service,353
end_to_end,30149
service,1789
end_to_end,15728
service,1086
end_to_end,29142
service,1180
end_to_end,38486
service,267
end_to_end,43758
service,1920
end_to_end,47931
service,1719
end_to_end,37133
service,7098
end_to_end,17813
service,150
end_to_end,38549
service,2151
end_to_end,31513
service,6356
end_to_end,27185
service,1166
end_to_end,32400
service,763
end_to_end,22513
service,576
end_to_end,45590
service,280
end_to_end,34606
service,2864
end_to_end,30159
service,900
end_to_end,13989
service,979
end_to_end,32102
service,1609
end_to_end,31014
service,43
end_to_end,18761
service,2939
end_to_end,26822
service,962
end_to_end,18971
service,2896
end_to_end,12358
service,5185
end_to_end,20853
service,1343
end_to_end,20576
service,1266
end_to_end,20810
service,1059
end_to_end,19771
service,18
end_to_end,20446
service,1937
end_to_end,16628
service,296
end_to_end,31510
service,4375
end_to_end,29412
service,1474
end_to_end,25671
service,3884
end_to_end,18159
service,3567
end_to_end,23869
service,3649
end_to_end,23170
service,1636
end_to_end,16881
service,983
end_to_end,23923
service,2619
end_to_end,20326
service,221
end_to_end,17649
service,1041
end_to_end,19444
service,4594
end_to_end,28469
service,4733
end_to_end,32344
service,2166
end_to_end,27880
service,2211
end_to_end,19164
service,2749
end_to_end,25232
service,1004
end_to_end,27355
service,1071
end_to_end,20985
service,3134
end_to_end,18817
service,2182
end_to_end,26592
service,4546
end_to_end,31554
service,1989
end_to_end,17214
service,1408
end_to_end,14314
service,12
end_to_end,17513
service,323
end_to_end,16726
service,1089
end_to_end,33944
service,5031
end_to_end,15794
service,1031
end_to_end,16235
service,600
end_to_end,22767
service,7495
end_to_end,16949
service,415
end_to_end,16265
service,2178
end_to_end,22919
service,4275
end_to_end,27605
service,625
end_to_end,20431
service,2630
end_to_end,25149
service,1511
end_to_end,39710
service,11670
end_to_end,26505
service,5542
end_to_end,26168
service,845
end_to_end,37132
service,3592
end_to_end,18163
service,772
end_to_end,24427
service,692
end_to_end,33639
service,2230
end_to_end,24205
service,987
end_to_end,33456
service,548
end_to_end,16632
service,2661
end_to_end,23105
service,25
end_to_end,11108
service,1891
end_to_end,28193
service,353
end_to_end,23533
service,2464
end_to_end,14247
service,21
end_to_end,12103
service,669
end_to_end,16466
service,792
end_to_end,19728
service,447
end_to_end,28321
service,1735
end_to_end,15579
service,43
end_to_end,22722
service,2000
end_to_end,19288
service,6141
end_to_end,32923
service,888
end_to_end,21414
service,669
end_to_end,19906
service,1403
end_to_end,17071
service,1977
end_to_end,26502
service,532
end_to_end,19297
service,1096
end_to_end,25720
service,2559
end_to_end,40266
service,7954
end_to_end,20142
service,1684
end_to_end,26388
service,1491
end_to_end,19904
service,467
end_to_end,14837
service,424
end_to_end,11901
service,275
end_to_end,24719
service,8358
end_to_end,17982
service,618
end_to_end,18925
service,801
end_to_end,13540
service,2069
end_to_end,23336
service,899
end_to_end,26478
service,1773
end_to_end,20355
service,809
end_to_end,19405
service,1547
end_to_end,18938
service,3220
end_to_end,24934
service,2816
end_to_end,22207
service,3640
end_to_end,25293
service,966
end_to_end,16364
service,489
end_to_end,21050
service,1418
end_to_end,32390
service,3995
end_to_end,18510
service,496
end_to_end,17859
service,235
end_to_end,19260
service,1409
end_to_end,16429
service,785
end_to_end,16026
service,2692
end_to_end,33691
service,4140
end_to_end,15446
service,1368
end_to_end,22573
service,72
end_to_end,35602
service,1563
end_to_end,9220
service,1737
end_to_end,30876
service,6227
end_to_end,30818
service,3183
end_to_end,34028
service,149
end_to_end,17951
service,2037
end_to_end,19379
service,2241
end_to_end,23922
service,23
end_to_end,13813
service,471
end_to_end,10822
service,1081
end_to_end,36558
service,1157
end_to_end,54686
service,3090
end_to_end,38515
service,4556
end_to_end,24678
service,1680
end_to_end,30237
service,919
end_to_end,19474
service,7325
end_to_end,17505
service,1089
end_to_end,20763
service,3261
end_to_end,16405
service,2177
end_to_end,28449
service,978
end_to_end,16651
service,1418
end_to_end,15647
service,1112
end_to_end,20413
service,3976
end_to_end,25371
service,2247
end_to_end,23822
service,2067
end_to_end,20337
service,1212
end_to_end,20126
service,4
end_to_end,25393
service,4551
end_to_end,14899
service,570
end_to_end,33425
service,5549
end_to_end,20100
service,853
end_to_end,27203
service,5008
end_to_end,14417
service,2999
end_to_end,15081
service,2680
end_to_end,29863
service,6885
end_to_end,18926
service,192
end_to_end,10539
service,1281
end_to_end,22774
service,5761
end_to_end,22844
service,749
end_to_end,20180
service,2539
end_to_end,20361
service,995
end_to_end,13165
service,445
end_to_end,31962
service,3716
end_to_end,26358
service,573
end_to_end,23318
service,1284
end_to_end,23867
service,704
end_to_end,23760
service,1228
end_to_end,35532
service,1610
end_to_end,31354
service,1094
end_to_end,34887
service,959
end_to_end,23691
service,236
end_to_end,17523
service,213
end_to_end,23766
service,1410
end_to_end,24604
service,3019
end_to_end,36867
service,4868
end_to_end,33029
service,340
end_to_end,34865
service,180
end_to_end,33899
service,3000
end_to_end,17134
service,533
end_to_end,41290
service,690
end_to_end,16243
service,505
end_to_end,43277
service,518
end_to_end,30143
service,3061
end_to_end,16220
service,1502
end_to_end,18237
service,456
end_to_end,12655
service,1083
end_to_end,15532
service,114
end_to_end,23253
service,418
end_to_end,24944
service,678
end_to_end,17591
service,1846
end_to_end,23078
service,1425
end_to_end,25530
service,2338
end_to_end,31507
service,3617
end_to_end,12527
service,3568
end_to_end,35602
service,481
end_to_end,13991
service,435
end_to_end,16334
service,1037
end_to_end,21819
service,2828
end_to_end,17394
service,2841
end_to_end,19658
service,930
end_to_end,34015
service,7504
end_to_end,19011
service,1359
end_to_end,24446
service,838
end_to_end,20408
service,3455
end_to_end,22923
service,611
end_to_end,25090
service,535
end_to_end,11681
service,365
end_to_end,19980
service,5006
end_to_end,24191
service,8432
end_to_end,19853
service,4157
end_to_end,15608
service,873
end_to_end,21078
service,440
end_to_end,25267
service,828
end_to_end,17507
service,1556
end_to_end,21991
service,2467
end_to_end,25884
service,2535
end_to_end,22441
service,3375
end_to_end,26350
service,1543
end_to_end,20058
service,1624
end_to_end,29062
service,2989
end_to_end,15981
service,3683
end_to_end,22488
service,3050
end_to_end,28365
service,2202
end_to_end,16974
service,90
end_to_end,25516
service,4515
end_to_end,16891
service,5045
end_to_end,40046
service,753
end_to_end,22759
service,745
end_to_end,17103
service,869
end_to_end,42826
service,476
end_to_end,18064
service,2701
end_to_end,27029
service,210
end_to_end,30017
service,1499
end_to_end,23958
service,29
end_to_end,28219
service,23
end_to_end,36697
service,1962
end_to_end,26244
service,787
end_to_end,24256
service,31
end_to_end,16278
service,1456
end_to_end,27852
service,3365
end_to_end,35806
service,4224
end_to_end,37521
service,422
end_to_end,26160
service,1179
end_to_end,35882
service,1311
end_to_end,21917
service,405
end_to_end,32177
service,1043
end_to_end,21336
service,5038
end_to_end,25093
service,312
end_to_end,10315
service,1018
end_to_end,16122
service,996
end_to_end,23899
service,1933
end_to_end,23307
service,73
end_to_end,20868
service,4715
end_to_end,25864
service,1436
end_to_end,22717
service,159
end_to_end,20755
service,690
end_to_end,31058
service,90
end_to_end,26032
service,1528
end_to_end,36065
service,1492
end_to_end,20756
service,2714
end_to_end,10734
service,383
end_to_end,19551
service,1540
end_to_end,23020
service,174
end_to_end,19089
service,2754
end_to_end,35918
service,340
end_to_end,32692
service,193
end_to_end,14046
service,60
end_to_end,28972
service,882
end_to_end,20257
service,594
end_to_end,26387
service,2777
end_to_end,31594
service,1028
end_to_end,36177
service,2979
end_to_end,18070
service,4544
end_to_end,43975
service,1765
end_to_end,35657
service,228
end_to_end,13243
service,1085
end_to_end,25540
service,1346
end_to_end,24779
service,1296
end_to_end,16175
service,2570
end_to_end,24732
service,3048
end_to_end,20525
service,4071
end_to_end,25280
service,122
end_to_end,12364
service,1083
end_to_end,26761
service,2571
end_to_end,35390
service,2899
end_to_end,10777
service,89
end_to_end,8372
service,797
end_to_end,27545
service,1282
end_to_end,16485
service,3359
end_to_end,25767
service,8760
end_to_end,25576
service,866
end_to_end,34393
service,2560
end_to_end,20796
service,483
end_to_end,18274
service,1590
end_to_end,23325
service,329
end_to_end,45206
service,41
end_to_end,22457
service,3222
end_to_end,22341
service,5694
end_to_end,38882
service,5188
end_to_end,23572
service,3287
end_to_end,25626
service,6401
end_to_end,14668
service,1027
end_to_end,21045
service,3590
end_to_end,17435
service,1059
end_to_end,17198
service,737
end_to_end,25701
service,2912
end_to_end,27606
service,330
end_to_end,20799
service,1780
end_to_end,38097
service,4055
end_to_end,23075
service,5155
end_to_end,30343
service,372
end_to_end,28938
service,1743
end_to_end,28300
service,2162
end_to_end,19372
service,338
end_to_end,19714
service,2840
end_to_end,25227
service,1391
end_to_end,24831
service,667
end_to_end,15851
service,562
end_to_end,25374
service,4394
end_to_end,25364
service,1084
end_to_end,18141
service,1687
end_to_end,12326
service,650
end_to_end,18123
service,742
end_to_end,22163
service,1417
end_to_end,17686
service,702
end_to_end,23262
service,460
end_to_end,21449
service,1170
end_to_end,19915
service,1604
end_to_end,22212
service,1747
end_to_end,25722
service,2531
end_to_end,22717
service,53
end_to_end,21386
service,2269
end_to_end,25677
service,2582
end_to_end,17344
service,5143
end_to_end,26396
service,4194
end_to_end,15352
service,451
end_to_end,26424
service,3470
end_to_end,17935
service,924
end_to_end,18211
service,433
end_to_end,14223
service,2450
end_to_end,26698
service,1173
end_to_end,14482
service,379
end_to_end,20440
service,1382
end_to_end,20027
service,659
end_to_end,29827
service,230
end_to_end,20175
service,710
end_to_end,23393
service,4393
end_to_end,15618
service,854
end_to_end,17251
service,4182
end_to_end,19911
service,4582
end_to_end,19177
service,1321
end_to_end,33912
service,10474
end_to_end,20854
service,1239
end_to_end,25454
service,679
end_to_end,28218
service,2146
end_to_end,8657
service,1432
end_to_end,20945
service,981
end_to_end,21394
service,2313
end_to_end,18484
service,761
end_to_end,10915
service,1631
end_to_end,21582
service,1188
end_to_end,18398
service,1767
end_to_end,28637
service,2246
end_to_end,15572
service,2116
end_to_end,23200
service,204
end_to_end,14185
service,2078
end_to_end,24321
service,3015
end_to_end,19978
service,4469
end_to_end,12494
service,26
end_to_end,26709
service,693
end_to_end,16440
service,2353
end_to_end,29922
service,1086
end_to_end,18272
service,1088
end_to_end,22255
service,9
end_to_end,30882
service,3568
end_to_end,18806
service,2045
end_to_end,21068
service,1199
end_to_end,30703
service,2836
end_to_end,19250
service,541
end_to_end,33441
service,985
end_to_end,14153
service,161
end_to_end,10392
service,1347
end_to_end,40560
service,3606
end_to_end,15355
service,909
end_to_end,15614
service,130
end_to_end,17128
service,457
end_to_end,22094
service,658
end_to_end,12263
service,1042
end_to_end,16662
service,1086
end_to_end,30097
service,424
end_to_end,21339
service,697
end_to_end,23680
service,5334
end_to_end,28944
service,1097
end_to_end,20065
service,715
end_to_end,22090
service,814
end_to_end,18216
service,5489
end_to_end,24466
service,1885
end_to_end,27158
service,4332
end_to_end,25714
service,1939
end_to_end,16518
service,1264
end_to_end,29779
service,1637
end_to_end,21168
service,2570
end_to_end,20739
service,463
end_to_end,24701
service,2132
end_to_end,16721
service,372
end_to_end,21880
service,514
end_to_end,13730
service,189
end_to_end,27245
service,5601
end_to_end,23187
service,8830
end_to_end,21864
service,4100
end_to_end,37007
service,780
end_to_end,24760
service,2429
end_to_end,24992
service,119
end_to_end,23681
service,4069
end_to_end,39730
service,1482
end_to_end,17511
service,1135
end_to_end,23720
service,1313
end_to_end,29050
service,153
end_to_end,24076
service,5804
end_to_end,36365
service,1918
end_to_end,28192
service,3057
end_to_end,22608
service,841
end_to_end,24467
service,4566
end_to_end,24154
service,746
end_to_end,37781
service,2472
end_to_end,27723
service,875
end_to_end,18231
service,72
end_to_end,27781
service,2963
end_to_end,21316
service,60
end_to_end,21510
service,9
end_to_end,40601
service,786
end_to_end,15676
service,1465
end_to_end,31049
service,3213
end_to_end,19177
service,36
end_to_end,48974
service,7364
end_to_end,23569
service,2081
end_to_end,37466
service,5918
end_to_end,28453
service,4774
end_to_end,41918
service,2944
end_to_end,28388
service,889
end_to_end,27014
service,6461
end_to_end,23157
service,1945
end_to_end,22958
service,2037
end_to_end,25193
service,2236
end_to_end,34440
service,983
end_to_end,38014
service,2881
end_to_end,29188
service,3902
end_to_end,36471
service,1927
end_to_end,14896
service,1009
end_to_end,12682
service,324
end_to_end,29492
service,9512
end_to_end,28119
service,6982
end_to_end,16381
service,3185
end_to_end,23021
service,3320
end_to_end,22640
service,3828
end_to_end,23228
service,6842
end_to_end,18676
service,756
end_to_end,15243
service,179
end_to_end,16477
service,406
end_to_end,24809
service,366
end_to_end,29269
service,3806
end_to_end,26025
service,1989
end_to_end,15846
service,122
end_to_end,25968
service,583
end_to_end,19880
service,2148
end_to_end,29264
service,3563
end_to_end,19832
service,914
end_to_end,27226
service,4003
end_to_end,30471
service,1183
end_to_end,20117
service,2899
end_to_end,20268
service,405
end_to_end,32707
service,2867
end_to_end,37756
service,6106
end_to_end,39154
service,3113
end_to_end,24512
service,367
end_to_end,32946
service,5027
end_to_end,27609
service,781
end_to_end,33188
service,2299
end_to_end,36562
service,3379
end_to_end,33732
service,289
end_to_end,23818
service,674
end_to_end,19737
service,1963
end_to_end,50624
service,984
end_to_end,25034
service,11
end_to_end,28269
service,2182
end_to_end,15312
service,1219
end_to_end,17601
service,357
end_to_end,29332
service,3562
end_to_end,25434
service,1726
end_to_end,40717
service,1016
end_to_end,51038
service,1683
end_to_end,34466
service,11606
end_to_end,23584
service,1404
end_to_end,33290
service,1135
end_to_end,36927
service,3860
end_to_end,44296
service,73
end_to_end,20080
service,557
end_to_end,13684
service,3044
end_to_end,42773
service,9473
end_to_end,53030
service,902
end_to_end,7224
service,844
end_to_end,17877
service,1544
end_to_end,24944
service,135
end_to_end,24011
service,29
end_to_end,21152
service,1543
end_to_end,11485
service,2493
end_to_end,12524
service,1974
end_to_end,24943
service,2504
end_to_end,22111
service,872
end_to_end,16943
service,403
end_to_end,20668
service,201
end_to_end,28209
service,3321
end_to_end,29511
service,790
end_to_end,26127
service,887
end_to_end,13777
service,2552
end_to_end,34182
service,896
end_to_end,14211
service,2686
end_to_end,34675
service,654
end_to_end,37551
service,1110
end_to_end,30140
service,4435
end_to_end,26194
service,448
end_to_end,18952
service,925
end_to_end,20023
service,4131
end_to_end,17433
service,211
end_to_end,25238
service,372
end_to_end,18657
service,1369
end_to_end,38154
service,2620
end_to_end,17649
service,192
end_to_end,28287
service,1498
end_to_end,26418
service,786
end_to_end,18978
service,392
end_to_end,28696
service,6919
end_to_end,32083
service,346
end_to_end,23786
service,1402
end_to_end,28946
service,5802
end_to_end,29901
service,956
end_to_end,18590
service,697
end_to_end,13637
service,694
end_to_end,12557
service,25
end_to_end,29233
service,3873
end_to_end,24577
service,2840
end_to_end,18809
service,222
end_to_end,20049
service,318
end_to_end,30266
service,5782
end_to_end,11424
service,39
end_to_end,9415
service,701
end_to_end,15156
service,328
end_to_end,26283
service,2375
end_to_end,34800
service,7421
end_to_end,16743
service,1124
end_to_end,30049
service,2029
end_to_end,15972
service,71
end_to_end,12773
service,436
end_to_end,30607
service,4751
end_to_end,31075
service,462
end_to_end,17949
service,244
end_to_end,21665
service,882
end_to_end,25627
service,1640
end_to_end,32891
service,5193
end_to_end,21959
service,1669
end_to_end,38857
service,4905
end_to_end,15270
service,1605
end_to_end,19045
service,4534
end_to_end,24906
service,227
end_to_end,30291
service,4630
end_to_end,18747
service,1124
end_to_end,19364
service,78
end_to_end,13135
service,148
end_to_end,20991
service,5194
end_to_end,20443
service,1504
end_to_end,26885
service,1375
end_to_end,22741
service,232
end_to_end,30698
service,853
end_to_end,15383
service,2711
end_to_end,28193
service,4573
end_to_end,26304
service,9807
end_to_end,46920
service,430
end_to_end,14840
service,764
end_to_end,18490
service,3365
end_to_end,22484
service,6299
end_to_end,30493
service,4933
end_to_end,12414
service,1216
end_to_end,37202
service,282
end_to_end,33550
service,1518
end_to_end,16525
service,1126
end_to_end,35102
service,4411
end_to_end,24994
service,12
end_to_end,25272
service,13369
end_to_end,26646
service,311
end_to_end,49110
service,417
end_to_end,20127
service,1782
end_to_end,30051
service,5833
end_to_end,30174
service,1831
end_to_end,24262
service,387
end_to_end,34115
service,3002
end_to_end,20825
service,218
end_to_end,30003
service,5071
end_to_end,36334
service,497
end_to_end,39208
service,3366
end_to_end,24707
service,807
end_to_end,36455
service,574
end_to_end,18003
service,4480
end_to_end,32554
service,999
end_to_end,24891
service,3859
end_to_end,16287
service,1219
end_to_end,28504
service,1054
end_to_end,26588
service,823
end_to_end,29172
service,1950
end_to_end,29237
service,3406
end_to_end,30599
service,794
end_to_end,20727
service,2081
end_to_end,13776
service,398
end_to_end,17569
service,4878
end_to_end,20643
service,191
end_to_end,21582
service,879
end_to_end,17186
service,2952
end_to_end,22595
service,290
end_to_end,37457
service,339
end_to_end,20887
service,3165
end_to_end,23398
service,449
end_to_end,32012
service,11474
end_to_end,17197
service,1476
end_to_end,19552
service,6945
end_to_end,36774
service,7396
end_to_end,17480
service,528
end_to_end,25395
service,5930
end_to_end,25450
service,1117
end_to_end,23537
service,121
end_to_end,26314
service,318
end_to_end,36778
service,3016
end_to_end,38291
service,1925
end_to_end,27403
service,1346
end_to_end,21382
service,2386
end_to_end,45654
service,3121
end_to_end,13542
service,77
end_to_end,28038
service,9226
end_to_end,18449
service,3626
end_to_end,46040
service,3760
end_to_end,15823
service,404
end_to_end,23346
service,1784
end_to_end,37579
service,10275
end_to_end,15761
service,3133
end_to_end,13764
service,2542
end_to_end,22491
service,5543
end_to_end,22944
service,761
end_to_end,15427
service,2112
end_to_end,19725
service,3499
end_to_end,27861
service,867
end_to_end,20790
service,1922
end_to_end,25593
service,2457
end_to_end,17491
service,913
end_to_end,22862
service,12380
end_to_end,29870
service,2831
end_to_end,38976
service,2875
end_to_end,29226
service,3244
end_to_end,36818
service,13827
end_to_end,17521
service,106
end_to_end,27012
service,6373
end_to_end,20951
service,6187
end_to_end,21575
service,5521
end_to_end,23311
service,7041
end_to_end,19902
service,1776
end_to_end,23446
service,2177
end_to_end,17610
service,1295
end_to_end,41771
service,4017
end_to_end,31724
service,114
end_to_end,13242
service,165
end_to_end,27829
service,2898
end_to_end,19471
service,2408
end_to_end,15216
service,863
end_to_end,23276
service,2312
end_to_end,40008
service,1376
end_to_end,17464
service,586
end_to_end,15968
service,2123
end_to_end,38722
service,19906
end_to_end,38608
service,942
end_to_end,38609
service,2001
end_to_end,27077
service,3140
end_to_end,28800
service,2166
end_to_end,36759
service,7435
end_to_end,19962
service,2676
end_to_end,19275
service,2533
end_to_end,15910
service,2286
end_to_end,18309
service,4037
end_to_end,26225
service,1675
end_to_end,27418
service,1831
end_to_end,22377
service,2354
end_to_end,27450
service,1199
end_to_end,28286
service,4950
end_to_end,14465
service,2105
end_to_end,32008
service,3455
end_to_end,33137
service,4178
end_to_end,33494
service,53
end_to_end,11708
service,478
end_to_end,24334
service,5201
end_to_end,10208
service,344
end_to_end,24617
service,1248
end_to_end,49686
service,1677
end_to_end,30797
service,4064
end_to_end,17640
service,922
end_to_end,42343
service,167
end_to_end,19270
service,2484
end_to_end,21364
service,1592
end_to_end,24873
service,1044
end_to_end,19480
service,1531
end_to_end,10931
service,1286
end_to_end,27401
service,2489
end_to_end,30681
service,1200
end_to_end,33441
service,2092
end_to_end,15381
service,3966
end_to_end,42085
service,5734
end_to_end,28460
service,1954
end_to_end,24882
service,3436
end_to_end,11096
service,1488
end_to_end,12508
service,476
end_to_end,23974
service,496
end_to_end,22167
service,1091
end_to_end,23727
service,914
end_to_end,13530
service,1464
end_to_end,13326
service,586
end_to_end,31305
service,1828
end_to_end,15179
service,125
end_to_end,19157
service,855
end_to_end,15501
service,1077
end_to_end,24613
service,2624
end_to_end,23152
service,596
end_to_end,18462
service,3754
end_to_end,20677
service,46
end_to_end,19718
service,137
end_to_end,30437
service,1308
end_to_end,28898
service,8793
end_to_end,24282
service,1501
end_to_end,15301
service,141
end_to_end,30986
service,5241
end_to_end,17868
service,1545
end_to_end,15594
service,441
end_to_end,17168
service,392
end_to_end,30358
service,3011
end_to_end,13949
service,1113
end_to_end,20489
service,2571
end_to_end,23593
service,2334
end_to_end,14994
service,303
end_to_end,14972
service,1218
end_to_end,34254
service,1363
end_to_end,15097
service,1061
end_to_end,22447
service,1972
end_to_end,20805
service,596
end_to_end,26946
service,6046
end_to_end,27258
service,2427
end_to_end,26439
service,210
end_to_end,29088
service,75
end_to_end,16782
service,1057
end_to_end,21886
service,3043
end_to_end,29935
service,1181
end_to_end,22215
service,833
end_to_end,23357
service,1523
end_to_end,12152
service,1498
end_to_end,33775
service,1927
end_to_end,20475
service,1662
end_to_end,23393
service,4636
end_to_end,25686
service,1166
end_to_end,21223
service,1947
end_to_end,20952
service,251
end_to_end,27413
service,2253
end_to_end,18016
service,1305
end_to_end,22744
service,666
end_to_end,25308
service,3704
end_to_end,15867
service,142
end_to_end,34400
service,2339
end_to_end,27291
service,3906
end_to_end,9285
service,1161
end_to_end,21377
service,1842
end_to_end,35917
service,2303
end_to_end,23937
service,164
end_to_end,15101
service,562
end_to_end,28262
service,3457
end_to_end,22484
service,1280
end_to_end,22604
service,416
end_to_end,17378
service,430
end_to_end,17504
service,4145
end_to_end,9942
service,504
end_to_end,24314
service,1927
end_to_end,26278
service,274
end_to_end,13300
service,1527
end_to_end,18517
service,123
end_to_end,27297
service,1492
end_to_end,21768
service,1579
end_to_end,29041
service,1682
end_to_end,23389
service,2661
end_to_end,35400
service,6501
end_to_end,23026
service,745
end_to_end,13751
service,585
end_to_end,15147
service,1549
end_to_end,16974
service,943
end_to_end,22798
service,1700
end_to_end,35763
service,4787
end_to_end,13917
service,472
end_to_end,19353
service,105
end_to_end,25258
service,112
end_to_end,14194
service,2458
end_to_end,20077
service,3063
end_to_end,16593
service,3487
end_to_end,16940
service,2337
end_to_end,27488
service,5157
end_to_end,17561
service,1131
end_to_end,22356
service,2629
end_to_end,38281
service,4858
end_to_end,22213
service,167
end_to_end,31730
service,2376
end_to_end,20894
service,2706
end_to_end,19234
service,998
end_to_end,12528
service,1194
end_to_end,19812
service,30
end_to_end,25193
service,1764
end_to_end,26168
service,1078
end_to_end,32102
service,900
end_to_end,28558
service,1571
end_to_end,19674
service,2842
end_to_end,29675
service,7004
end_to_end,18626
service,227
end_to_end,23130
service,81
end_to_end,12520
service,961
end_to_end,20981
service,2487
end_to_end,37645
service,1026
end_to_end,20877
service,590
end_to_end,40836
service,1451
end_to_end,26848
service,1308
end_to_end,24186
service,13
end_to_end,26320
service,1889
end_to_end,20634
service,6956
end_to_end,12915
service,490
end_to_end,39758
service,546
end_to_end,14354
service,994
end_to_end,19766
service,387
end_to_end,23537
service,1861
end_to_end,17724
service,132
end_to_end,13711
service,535
end_to_end,17133
service,3137
end_to_end,18909
service,4769
end_to_end,14440
service,1069
end_to_end,18913
service,276
end_to_end,11280
service,185
end_to_end,29383
service,1014
end_to_end,13609
service,306
end_to_end,28806
service,11
end_to_end,23073
service,22
end_to_end,14373
service,3347
end_to_end,9521
service,1106
end_to_end,23757
service,1675
end_to_end,22633
service,3149
end_to_end,22043
service,551
end_to_end,16680
service,985
end_to_end,27422
service,912
end_to_end,17807
service,999
end_to_end,15199
service,151
end_to_end,16008
service,2691
end_to_end,18675
service,3368
end_to_end,15813
service,535
end_to_end,23846
service,584
end_to_end,30769
service,2942
end_to_end,12577
service,3398
end_to_end,21818
service,3017
end_to_end,17133
service,1557
end_to_end,18420
service,31
end_to_end,22735
service,2425
end_to_end,22514
service,623
end_to_end,19115
service,373
end_to_end,35664
service,5155
end_to_end,23870
service,515
end_to_end,22093
service,1689
end_to_end,30556
service,1227
end_to_end,18660
service,2681
end_to_end,26515
service,686
end_to_end,33126
service,3481
end_to_end,32372
service,62
end_to_end,42349
service,883
end_to_end,23316
service,1070
end_to_end,21630
service,506
end_to_end,33118
service,3739
end_to_end,12562
service,32
end_to_end,17829
service,3051
end_to_end,21013
service,123
end_to_end,19915
service,2837
end_to_end,16212
service,173
end_to_end,30393
service,862
end_to_end,14857
service,1153
end_to_end,28440
service,346
end_to_end,34431
service,6112
end_to_end,25033
service,1129
end_to_end,26296
service,1338
end_to_end,19460
service,820
end_to_end,24693
service,651
end_to_end,38161
service,2831
end_to_end,23895
service,1024
end_to_end,33237
service,10
end_to_end,24294
service,4035
end_to_end,30897
service,7038
end_to_end,20471
service,5723
end_to_end,30603
service,951
end_to_end,37939
service,2924
end_to_end,28801
service,1657
end_to_end,26232
service,396
end_to_end,32529
service,31
end_to_end,31705
service,4823
end_to_end,37505
service,5799
end_to_end,15349
service,706
end_to_end,30320
service,2719
end_to_end,16701
service,973
end_to_end,17715
service,871
end_to_end,37791
service,2735
end_to_end,38401
service,4724
end_to_end,23659
service,550
end_to_end,29368
service,2025
end_to_end,9224
service,274
end_to_end,24149
service,875
end_to_end,51792
service,3893
end_to_end,31129
service,1807
end_to_end,20684
service,5553
end_to_end,21359
service,5326
end_to_end,40814
service,2721
end_to_end,17009
service,547
end_to_end,27394
service,7243
end_to_end,29656
service,1788
end_to_end,16860
service,465
end_to_end,19363
service,632
end_to_end,21256
service,719
end_to_end,17041
service,1775
end_to_end,16397
service,3160
end_to_end,17118
service,104
end_to_end,26144
service,1256
end_to_end,17065
service,1277
end_to_end,17604
service,512
end_to_end,16365
service,681
end_to_end,28734
service,2938
end_to_end,20936
service,2437
end_to_end,31701
service,2562
end_to_end,13288
service,2587
end_to_end,15146
service,1683
end_to_end,16121
service,1743
end_to_end,26346
service,4044
end_to_end,16764
service,712
end_to_end,27101
service,3230
end_to_end,26544
service,4574
end_to_end,11570
service,755
end_to_end,16050
service,181
end_to_end,13181
service,118
end_to_end,41248
service,5639
end_to_end,17514
service,787
end_to_end,26966
service,5618
end_to_end,13748
service,1430
end_to_end,15507
service,333
end_to_end,15715
service,3794
end_to_end,15847
service,2716
end_to_end,21241
service,382
end_to_end,23552
service,2349
end_to_end,20551
service,1115
end_to_end,27931
service,1154
end_to_end,30575
service,1336
end_to_end,16091
service,1662
end_to_end,26588
service,387
end_to_end,24054
service,2288
end_to_end,34618
service,1456
end_to_end,25831
service,617
end_to_end,11718
service,643
end_to_end,26052
service,1743
end_to_end,33199
service,1057
end_to_end,14872
service,1799
end_to_end,12575
service,1215
end_to_end,19839
service,925
end_to_end,19921
service,374
end_to_end,10313
service,23
end_to_end,17178
service,264
end_to_end,24267
service,5078
end_to_end,16637
service,3140
end_to_end,28302
service,3448
end_to_end,29019
service,5565
end_to_end,12961
service,964
end_to_end,30374
service,6829
end_to_end,20043
service,269
end_to_end,22043
service,1867
end_to_end,21673
service,200
end_to_end,21760
service,1386
end_to_end,19629
service,1935
end_to_end,18774
service,746
end_to_end,20008
service,2278
end_to_end,17717
service,414
end_to_end,16683
service,731
end_to_end,33564
service,7930
end_to_end,21983
service,537
end_to_end,19319
service,1053
end_to_end,19391
service,1497
end_to_end,25058
service,3035
end_to_end,20560
service,450
end_to_end,13298
service,1444
end_to_end,22641
service,2840
end_to_end,20349
service,501
end_to_end,18743
service,5015
end_to_end,13782
service,198
end_to_end,24732
service,1123
end_to_end,38694
service,7195
end_to_end,23062
service,1496
end_to_end,24825
service,702
end_to_end,44459
service,3706
end_to_end,29826
service,3178
end_to_end,18127
service,2894
end_to_end,42788
service,6208
end_to_end,37674
service,1729
end_to_end,20934
service,1211
end_to_end,19997
service,5753
end_to_end,15660
service,416
end_to_end,15118
service,1148
end_to_end,23504
service,2093
end_to_end,21276
service,2125
end_to_end,25463
service,5520
end_to_end,29078
service,45
end_to_end,30438
service,2133
end_to_end,18472
service,458
end_to_end,32710
service,4109
end_to_end,9490
service,1199
end_to_end,28892
service,1677
end_to_end,35575
service,733
end_to_end,21067
service,661
end_to_end,12385
service,1790
end_to_end,30634
service,3808
end_to_end,21241
service,2789
end_to_end,23756
service,281
end_to_end,25314
service,475
end_to_end,29021
service,963
end_to_end,29835
service,1828
end_to_end,28334
service,1260
end_to_end,29887
service,662
end_to_end,21462
service,3862
end_to_end,10574
service,773
end_to_end,10336
service,2042
end_to_end,17187
service,1620
end_to_end,24653
service,1403
end_to_end,21412
service,642
end_to_end,21747
service,2681
end_to_end,24448
service,503
end_to_end,26661
service,4708
end_to_end,34785
service,5661
end_to_end,19126
service,2563
end_to_end,17600
service,1708
end_to_end,22228
service,5587
end_to_end,21669
service,1501
end_to_end,24803
service,1016
end_to_end,33019
service,270
end_to_end,38535
service,2299
end_to_end,28201
service,4638
end_to_end,28727
service,9763
end_to_end,23041
service,4901
end_to_end,36905
service,6113
end_to_end,41407
service,2441
end_to_end,20388
service,225
end_to_end,8701
service,532
end_to_end,12276
service,398
end_to_end,12602
service,602
end_to_end,10107
service,633
end_to_end,16363
service,2695
end_to_end,19611
service,851
end_to_end,14638
service,218
end_to_end,19708
service,541
end_to_end,21612
service,2121
end_to_end,34170
service,6316
end_to_end,18006
service,275
end_to_end,21140
service,3138
end_to_end,7307
service,398
end_to_end,28501
service,2438
end_to_end,25417
service,587
end_to_end,26585
service,1980
end_to_end,22954
service,425
end_to_end,30584
service,2512
end_to_end,15274
service,475
end_to_end,28324
service,1894
end_to_end,17114
service,232
end_to_end,32326
service,2185
end_to_end,17823
service,269
end_to_end,12645
service,1911
end_to_end,20156
service,1965
end_to_end,7520
service,826
end_to_end,24217
service,239
end_to_end,21482
service,1074
end_to_end,16746
service,1344
end_to_end,11431
service,723
end_to_end,11662
service,577
end_to_end,30365
service,3933
end_to_end,22839
service,1632
end_to_end,19110
service,888
end_to_end,28455
service,2160
end_to_end,30954
service,386
end_to_end,20065
service,1875
end_to_end,34963
service,3735
end_to_end,25887
service,3401
end_to_end,11158
service,2061
end_to_end,21917
service,3049
end_to_end,19889
service,5107
end_to_end,18939
service,2521
end_to_end,13948
service,182
end_to_end,23474
service,2507
end_to_end,17797
service,1058
end_to_end,16756
service,328
end_to_end,16269
service,150
end_to_end,36736
service,63
end_to_end,20781
service,531
end_to_end,33233
service,158
end_to_end,20324
service,1259
end_to_end,20710
service,1190
end_to_end,25558
service,1661
end_to_end,22640
service,337
end_to_end,26876
service,302
end_to_end,12773
service,1015
end_to_end,20818
service,6724
end_to_end,23382
service,3515
end_to_end,24208
service,1964
end_to_end,17743
service,1909
end_to_end,17382
service,676
end_to_end,9309
service,396
end_to_end,24049
service,3476
end_to_end,32439
service,10788
end_to_end,18280
service,2191
end_to_end,22144
service,319
end_to_end,23984
service,1129
end_to_end,17234
service,4035
end_to_end,36049
service,1720
end_to_end,23509
service,401
end_to_end,22270
service,5336
end_to_end,19917
service,130
end_to_end,29546
service,2397
end_to_end,23788
service,2328
end_to_end,25939
service,1091
end_to_end,28102
service,2724
end_to_end,18863
service,437
end_to_end,32394
service,483
end_to_end,17101
service,5770
end_to_end,25335
service,1435
end_to_end,33827
service,2056
end_to_end,24831
service,179
end_to_end,34916
service,4461
end_to_end,20646
service,2169
end_to_end,12176
service,728
end_to_end,34576
service,5401
end_to_end,19856
service,501
end_to_end,31731
service,470
end_to_end,34628
service,3150
end_to_end,21880
service,1544
end_to_end,18332
service,511
end_to_end,6987
service,304
end_to_end,19510
service,316
end_to_end,16826
service,1556
end_to_end,21349
service,95
end_to_end,22118
service,38
end_to_end,24046
service,1637
end_to_end,34993
service,2726
end_to_end,39446
service,520
end_to_end,38662
service,945
end_to_end,17945
service,2453
end_to_end,27841
service,159
end_to_end,35933
service,1029
end_to_end,17896
service,567
end_to_end,23302
service,2279
end_to_end,25432
service,1585
end_to_end,20199
service,563
end_to_end,18253
service,431
end_to_end,20414
service,2899
end_to_end,23339
service,766
end_to_end,20592
service,2841
end_to_end,33573
service,1741
end_to_end,32650
service,2295
end_to_end,17301
service,947
end_to_end,21790
service,1424
end_to_end,13344
service,3333
end_to_end,15187
service,668
end_to_end,12499
service,555
end_to_end,14059
service,2714
end_to_end,12241
service,1588
end_to_end,13450
service,424
end_to_end,22554
service,1482
end_to_end,14421
service,1453
end_to_end,15973
service,895
end_to_end,28745
service,8198
end_to_end,22791
service,227
end_to_end,20367
service,143
end_to_end,18157
service,1391
end_to_end,11802
service,1118
end_to_end,28221
service,4228
end_to_end,18924
service,1145
end_to_end,9089
service,503
end_to_end,33154
service,2359
end_to_end,35280
service,6
end_to_end,17764
service,733
end_to_end,36674
service,3198
end_to_end,18271
service,753
end_to_end,22627
service,1648
end_to_end,20391
service,830
end_to_end,23612
service,1921
end_to_end,36904
service,1642
end_to_end,17946
service,1280
end_to_end,30644
service,1477
end_to_end,22256
service,3446
end_to_end,24121
service,2716
end_to_end,28664
service,2285
end_to_end,14426
service,3001
end_to_end,32876
service,3152
end_to_end,17740
service,6910
end_to_end,11474
service,742
end_to_end,29469
service,4926
end_to_end,20694
service,1343
end_to_end,17334
service,1426
end_to_end,25991
service,182
end_to_end,27597
service,1456
end_to_end,15465
service,176
end_to_end,21987
service,419
end_to_end,16974
service,5207
end_to_end,29912
service,3661
end_to_end,16464
service,1869
end_to_end,20747
service,1684
end_to_end,11945
service,3270
end_to_end,18019
service,962
end_to_end,17182
service,2174
end_to_end,23865
service,1918
end_to_end,21529
service,1223
end_to_end,28191
service,587
end_to_end,21545
service,1237
end_to_end,32599
service,73
end_to_end,29490
service,3621
end_to_end,30111
service,4792
end_to_end,14812
service,726
end_to_end,32795
service,579
end_to_end,29412
service,724
end_to_end,21761
service,5016
end_to_end,28454
service,1573
end_to_end,26447
service,3595
end_to_end,22294
service,2336
end_to_end,31693
service,2181
end_to_end,24160
service,3490
end_to_end,30830
service,542
end_to_end,38756
service,51
end_to_end,34725
service,13864
end_to_end,35334
service,1666
end_to_end,12760
service,2096
end_to_end,30269
service,2661
end_to_end,54549
service,6874
end_to_end,29457
service,324
end_to_end,16150
service,1258
end_to_end,35608
service,44
end_to_end,20719
service,638
end_to_end,23039
service,3224
end_to_end,26087
service,313
end_to_end,25502
service,3899
end_to_end,30040
service,1617
end_to_end,15482
service,418
end_to_end,34577
service,689
end_to_end,26377
service,856
end_to_end,20487
service,920
end_to_end,22100
service,101
end_to_end,17270
service,1531
end_to_end,16849
service,2344
end_to_end,14039
service,382
end_to_end,8389
service,1871
end_to_end,16236
service,26
end_to_end,16050
service,601
end_to_end,19138
service,1125
end_to_end,24038
service,2245
end_to_end,20383
service,930
end_to_end,22546
service,73
end_to_end,14641
service,73
end_to_end,13327
service,456
end_to_end,16762
service,1515
end_to_end,14504
service,753
end_to_end,14818
service,315
end_to_end,23279
service,4151
end_to_end,18477
service,427
end_to_end,21360
service,1820
end_to_end,13588
service,848
end_to_end,14492
service,1993
end_to_end,23477
service,1266
end_to_end,21187
service,24
end_to_end,19002
service,1352
end_to_end,17742
service,4940
end_to_end,13749
service,598
end_to_end,32610
service,1627
end_to_end,34526
service,7661
end_to_end,18220
service,704
end_to_end,25263
service,981
end_to_end,15200
service,1456
end_to_end,22513
service,77
end_to_end,20917
service,2882
end_to_end,16274
service,1433
end_to_end,30718
service,1282
end_to_end,31979
service,1222
end_to_end,20026
service,1594
end_to_end,37833
service,218
end_to_end,13889
service,1112
end_to_end,27237
service,107
end_to_end,32844
service,2828
end_to_end,24073
service,2122
end_to_end,21526
service,2540
end_to_end,27657
service,2977
end_to_end,17458
service,1039
end_to_end,21726
service,3623
end_to_end,23967
service,2500
end_to_end,19539
service,783
end_to_end,23877
service,5147
end_to_end,26081
service,4910
end_to_end,15314
service,245
end_to_end,13469
service,50
end_to_end,23908
service,3825
end_to_end,34106
service,1748
end_to_end,23206
service,69
end_to_end,25973
service,1641
end_to_end,25089
service,2532
end_to_end,25729
service,3664
end_to_end,22005
service,334
end_to_end,22022
service,2935
end_to_end,37212
service,1778
end_to_end,18418
service,232
end_to_end,15243
service,30
end_to_end,22928
service,1218
end_to_end,15577
service,1248
end_to_end,35973
service,3754
end_to_end,14309
service,3805
end_to_end,24431
service,918
end_to_end,19870
service,7052
end_to_end,29372
service,1360
end_to_end,23597
service,1304
end_to_end,14282
service,3963
end_to_end,24574
service,2310
end_to_end,23922
service,379
end_to_end,29745
service,2597
end_to_end,25644
service,1014
end_to_end,26686
service,3309
end_to_end,32062
service,2296
end_to_end,34911
service,1393
end_to_end,30146
service,6259
end_to_end,14669
service,944
end_to_end,25794
service,632
end_to_end,24894
service,2829
end_to_end,20224
service,1739
end_to_end,22450
service,171
end_to_end,11968
service,2148
end_to_end,27312
service,2558
end_to_end,20012
service,818
end_to_end,15536
service,922
end_to_end,27918
service,3120
end_to_end,22794
service,3990
end_to_end,20004
service,711
end_to_end,18652
service,1593
end_to_end,17083
service,3454
end_to_end,20451
service,1753
end_to_end,14512
service,237
end_to_end,22531
service,2279
end_to_end,21571
service,604
end_to_end,17462
service,1340
end_to_end,13131
service,55
end_to_end,31216
service,759
end_to_end,10483
service,137
end_to_end,17943
service,881
end_to_end,21303
service,992
end_to_end,18555
service,1456
end_to_end,16541
service,1609
end_to_end,24420
service,2330
end_to_end,16492
service,31
end_to_end,20534
service,535
end_to_end,28708
service,1665
end_to_end,21604
service,129
end_to_end,22449
service,2792
end_to_end,12695
service,476
end_to_end,34908
service,5722
end_to_end,37846
service,1523
end_to_end,11867
service,1261
end_to_end,22725
service,3198
end_to_end,28388
service,2547
end_to_end,24501
service,4236
end_to_end,21993
service,3665
end_to_end,26204
service,656
end_to_end,13823
service,2745
end_to_end,25605
service,4303
end_to_end,25182
service,2718
end_to_end,30489
service,256
end_to_end,27288
service,620
end_to_end,19289
service,4873
end_to_end,27507
service,3727
end_to_end,16485
service,2712
end_to_end,26781
service,4289
end_to_end,28201
service,6537
end_to_end,29884
service,715
end_to_end,21299
service,376
end_to_end,25223
service,197
end_to_end,27881
service,656
end_to_end,38765
service,299
end_to_end,26139
service,1877
end_to_end,20092
service,1372
end_to_end,26925
service,1201
end_to_end,23209
service,702
end_to_end,18609
service,487
end_to_end,18275
service,1216
end_to_end,24234
service,2256
end_to_end,25489
service,5173
end_to_end,30533
service,4238
end_to_end,16558
service,31
end_to_end,20131
service,1008
end_to_end,15989
service,17
end_to_end,18808
service,169
end_to_end,22041
service,81
end_to_end,23392
service,1912
end_to_end,17700
service,1370
end_to_end,19592
service,1701
end_to_end,17037
service,221
end_to_end,27925
service,2001
end_to_end,27149
service,1280
end_to_end,17216
service,674
end_to_end,14845
service,212
end_to_end,29617
service,3617
end_to_end,25051
service,1384
end_to_end,15149
service,1277
end_to_end,38759
service,2910
end_to_end,42622
service,3172
end_to_end,16140
service,704
end_to_end,18291
service,1653
end_to_end,25602
service,26
end_to_end,18894
service,3077
end_to_end,11792
service,1767
end_to_end,34982
service,1339
end_to_end,30845
service,779
end_to_end,26679
service,2435
end_to_end,27384
service,5640
end_to_end,20390
service,391
end_to_end,20865
service,953
end_to_end,29005
service,3106
end_to_end,13751
service,919
end_to_end,18429
service,2423
end_to_end,27723
service,2231
end_to_end,26698
service,1340
end_to_end,13291
service,330
end_to_end,33550
service,3538
end_to_end,33283
service,453
end_to_end,31645
service,1256
end_to_end,27972
service,267
end_to_end,28477
service,2409
end_to_end,23517
service,2298
end_to_end,23511
service,123
end_to_end,27110
service,944
end_to_end,20588
service,1754
end_to_end,16994
service,743
end_to_end,23646
service,4478
end_to_end,33919
service,93
end_to_end,15144
service,1107
end_to_end,15664
service,645
end_to_end,20479
service,4566
end_to_end,14721
service,1974
end_to_end,33727
service,5310
end_to_end,33997
service,1782
end_to_end,12735
service,151
end_to_end,24150
service,2567
end_to_end,22572
service,2354
end_to_end,20642
service,1373
end_to_end,24067
service,133
end_to_end,20232
service,6187
end_to_end,24653
service,2360
end_to_end,22520
service,2334
end_to_end,11175
service,1226
end_to_end,25044
service,1345
end_to_end,32198
service,1770
end_to_end,20061
service,1513
end_to_end,21580
service,2095
end_to_end,27105
service,3512
end_to_end,22999
service,5044
end_to_end,16782
service,714
end_to_end,19992
service,492
end_to_end,23893
service,5301
end_to_end,20083
service,801
end_to_end,19364
service,4039
end_to_end,21420
service,3115
end_to_end,17143
service,880
end_to_end,22026
service,481
end_to_end,18301
service,3117
end_to_end,19222
service,365
end_to_end,20647
service,2766
end_to_end,20021
service,838
end_to_end,14971
service,4558
end_to_end,34691
service,627
end_to_end,14337
service,220
end_to_end,28917
service,281
end_to_end,16240
service,4471
end_to_end,21276
service,8723
end_to_end,22855
service,434
end_to_end,27321
service,11077
end_to_end,23615
service,412
end_to_end,10749
service,4499
end_to_end,18894
service,1801
end_to_end,36427
service,4577
end_to_end,22759
service,687
end_to_end,30722
service,1418
end_to_end,26598
service,653
end_to_end,26574
service,2549
end_to_end,30870
service,3235
end_to_end,27720
service,1022
end_to_end,11401
service,123
end_to_end,21506
service,1796
end_to_end,37578
service,846
end_to_end,24320
service,1016
end_to_end,31273
service,3529
end_to_end,18231
service,4800
end_to_end,19897
service,388
end_to_end,19142
service,686
end_to_end,20122
service,1129
end_to_end,23182
service,3108
end_to_end,22961
service,1837
end_to_end,26167
service,214
end_to_end,21006
service,3242
end_to_end,24185
service,1122
end_to_end,16941
service,1005
end_to_end,17628
service,273
end_to_end,24462
service,3406
end_to_end,17040
service,165
end_to_end,12272
service,616
end_to_end,11792
service,893
end_to_end,14650
service,289
end_to_end,28445
service,821
end_to_end,35374
service,1356
end_to_end,29010
service,19
end_to_end,33567
service,2761
end_to_end,24400
service,289
end_to_end,40472
service,1677
end_to_end,44479
service,1060
end_to_end,21172
service,1285
end_to_end,27040
service,1734
end_to_end,25474
service,510
end_to_end,21500
service,84
end_to_end,22082
service,482
end_to_end,26934
service,2616
end_to_end,23573
service,3906
end_to_end,26890
service,2014
end_to_end,25618
service,2961
end_to_end,18575
service,15
end_to_end,22190
service,782
end_to_end,16277
service,5649
end_to_end,16827
service,1828
end_to_end,10011
service,219
end_to_end,27306
service,4906
end_to_end,27049
service,5706
end_to_end,28201
service,326
end_to_end,41011
service,8490
end_to_end,23917
service,2239
end_to_end,17306
service,2830
end_to_end,24042
service,4444
end_to_end,30562
service,3165
end_to_end,16611
service,1951
end_to_end,48616
service,3576
end_to_end,19751
service,550
end_to_end,21253
service,1031
end_to_end,13822
service,194
end_to_end,21035
service,1859
end_to_end,12991
service,77
end_to_end,40171
service,4355
end_to_end,37045
service,3931
end_to_end,20843
service,40
end_to_end,17080
service,3651
end_to_end,10441
service,357
end_to_end,8749
service,159
end_to_end,25178
service,3718
end_to_end,25505
service,1078
end_to_end,32860
service,1113
end_to_end,8358
service,2975
end_to_end,29215
service,6191
end_to_end,25812
service,1712
end_to_end,33416
service,1427
end_to_end,15824
service,881
end_to_end,27493
service,1740
end_to_end,20654
service,554
end_to_end,16888
service,1419
end_to_end,13650
service,2825
end_to_end,14057
service,1921
end_to_end,19092
service,391
end_to_end,32427
service,8348
end_to_end,26513
service,144
end_to_end,22514
service,1033
end_to_end,21004
service,9014
end_to_end,33741
service,556
end_to_end,24460
service,5956
end_to_end,25243
service,5119
end_to_end,22365
service,3676
end_to_end,12800
service,1550
end_to_end,16111
service,2598
end_to_end,23954
service,2372
end_to_end,21939
service,1876
end_to_end,18564
service,4258
end_to_end,21335
service,2210
end_to_end,19459
service,960
end_to_end,34415
service,53
end_to_end,23314
service,59
end_to_end,40399
service,1375
end_to_end,21762
service,1387
end_to_end,15777
service,1004
end_to_end,15968
service,3106
end_to_end,22967
service,4275
end_to_end,30222
service,1896
end_to_end,27184
service,1821
end_to_end,12426
service,764
end_to_end,23829
service,2680
end_to_end,27353
service,5509
end_to_end,20682
service,1560
end_to_end,24521
service,1363
end_to_end,30187
service,2078
end_to_end,21987
service,160
end_to_end,17681
service,980
end_to_end,20854
service,774
end_to_end,25994
service,4306
end_to_end,24249
service,2374
end_to_end,19456
service,3698
end_to_end,26741
service,3799
end_to_end,34063
service,86
end_to_end,13265
service,2870
end_to_end,22593
service,758
end_to_end,24706
service,448
end_to_end,16867
service,2628
end_to_end,23435
service,3447
end_to_end,29908
service,1315
end_to_end,26405
service,2555
end_to_end,19050
service,249
end_to_end,13375
service,312
end_to_end,34237
service,4163
end_to_end,27755
service,1846
end_to_end,15040
service,2149
end_to_end,29277
service,2269
end_to_end,17030
service,1052
end_to_end,32017
service,3998
end_to_end,29890
service,3562
end_to_end,25965
service,134
end_to_end,25144
service,621
end_to_end,27678
service,8155
end_to_end,19332
service,1820
end_to_end,25626
service,3728
end_to_end,24575
service,2410
end_to_end,27815
service,1274
end_to_end,40427
service,4436
end_to_end,20121
service,388
end_to_end,14582
service,511
end_to_end,16135
service,481
end_to_end,17833
service,468
end_to_end,27573
service,374
end_to_end,40889
service,143
